subject,strategy,condition,l_length,pres_rate,ncr,tr_1,tr_2,tr_3,tr_4,tr_5,tr_6,tr_7,tr_8,tr_9,tr_10,tr_11,tr_12,tr_13,tr_14,tr_15,tr_16,tr_17,tr_18,tr_19,tr_20,tr_21,tr_22,tr_23,tr_24,tr_25,tr_26,tr_27
A10HW8JXM17XLD,rec,10-2,10.0,2000.0,2,5821.9000000003725,,,,,,,,,,,,,,,,,,,,,,,,,,
A10HW8JXM17XLD,rec,10-2,10.0,2000.0,4,6156.099999999628,4299.39999999851,6738.60000000149,,,,,,,,,,,,,,,,,,,,,,,,
A10HW8JXM17XLD,rec,10-2,10.0,2000.0,5,4203.0250000059605,3337.6125000026077,5831.83333333147,9541.17500000447,,,,,,,,,,,,,,,,,,,,,,,
A10HW8JXM17XLD,rec,10-2,10.0,2000.0,6,4397.716428570955,4501.439047619079,5751.197857144329,7564.362619044796,13966.972857146657,,,,,,,,,,,,,,,,,,,,,,
A10HW8JXM17XLD,rec,10-2,10.0,2000.0,7,4510.3687499989755,4540.034999997681,4491.254999997094,5096.876249999693,6427.917500006081,9178.761250000261,,,,,,,,,,,,,,,,,,,,,
A10HW8JXM17XLD,rec,10-2,10.0,2000.0,8,5357.8499999940395,5804.4000000059605,3479.7000000178814,4594.449999988079,3538.8499999940395,6913.25,5754.799999982119,,,,,,,,,,,,,,,,,,,,
A12K1ADYMRSWMJ,prim,10-2,10.0,2000.0,2,,,,,,,,,,,,,,,,,,,,,,,,,,,
A12K1ADYMRSWMJ,prim,10-2,10.0,2000.0,3,4023.2000002861023,2924.800000190735,,,,,,,,,,,,,,,,,,,,,,,,,
A12K1ADYMRSWMJ,prim,10-2,10.0,2000.0,4,8172.500000000001,15877.450000047684,23948.399999856952,,,,,,,,,,,,,,,,,,,,,,,,
A12K1ADYMRSWMJ,prim,10-2,10.0,2000.0,5,4616.52777768506,4020.783333440622,4020.0222222043412,4455.166666607062,,,,,,,,,,,,,,,,,,,,,,,
A12K1ADYMRSWMJ,prim,10-2,10.0,2000.0,6,4138.885000037526,4378.614999989855,3506.6100000361603,4767.171666682015,6897.733333478372,,,,,,,,,,,,,,,,,,,,,,
A12K1ADYMRSWMJ,prim,10-2,10.0,2000.0,7,3560.283333390951,3984.11250004475,3990.987499941606,7685.466666701353,5545.916666664493,5832.47916671525,,,,,,,,,,,,,,,,,,,,,
A12K1ADYMRSWMJ,prim,10-2,10.0,2000.0,8,4357.950000009034,3587.7624999643303,5329.556250017718,4292.020833303532,5437.645833457043,4200.956249928335,11184.97083335882,,,,,,,,,,,,,,,,,,,,
A12K1ADYMRSWMJ,prim,10-2,10.0,2000.0,9,3177.4500000001863,4482.800000000124,3634.03333333383,3667.649999999441,3541.2499999990687,4274.899999999751,4884.03333333383,3226.433333332961,,,,,,,,,,,,,,,,,,,
A14E4ISXVJVY6F,prim,10-2,10.0,2000.0,6,3747.70000076294,3708.5999994277954,2750.3500003814697,2540.7000007629395,4262.249999523163,,,,,,,,,,,,,,,,,,,,,,
A14E4ISXVJVY6F,prim,10-2,10.0,2000.0,7,4011.100000143051,3291.500000105964,3612.824999809265,4523.266666730245,3489.774999856949,4006.1111112170747,,,,,,,,,,,,,,,,,,,,,
A14E4ISXVJVY6F,prim,10-2,10.0,2000.0,8,3607.6166665554047,3185.0566666444142,3496.3116667747495,3789.6983332792915,3702.094444619285,3577.5354167222977,3510.138889100817,,,,,,,,,,,,,,,,,,,,
A14E4ISXVJVY6F,prim,10-2,10.0,2000.0,9,3328.7916666666665,3549.5479168494544,4519.654166897139,3490.3520833452544,3875.7999999920526,3437.5354166428247,4689.850000143051,3776.2541666030884,,,,,,,,,,,,,,,,,,,
A14E4ISXVJVY6F,prim,10-2,10.0,2000.0,10,4134.64791671435,4783.245833237966,3215.4937499960265,3603.5791667302447,3558.7187499403954,3666.072916845481,3827.218750278155,3692.789583404859,4266.083333233993,,,,,,,,,,,,,,,,,,
A169XTOCOMO1MV,ns,10-2,10.0,2000.0,2,2294.600000023842,,,,,,,,,,,,,,,,,,,,,,,,,,
A169XTOCOMO1MV,ns,10-2,10.0,2000.0,3,3191.633333325386,4332.066666672627,,,,,,,,,,,,,,,,,,,,,,,,,
A169XTOCOMO1MV,ns,10-2,10.0,2000.0,4,4303.191666672627,4013.6,3194.13333333532,,,,,,,,,,,,,,,,,,,,,,,,
A169XTOCOMO1MV,ns,10-2,10.0,2000.0,5,3363.022222232488,3178.4604166653007,2913.3020833320916,3849.3354166696467,,,,,,,,,,,,,,,,,,,,,,,
A169XTOCOMO1MV,ns,10-2,10.0,2000.0,6,2913.956250000745,3270.6250000024834,2700.2937500029802,3328.174999985844,3489.7708333308497,,,,,,,,,,,,,,,,,,,,,,
A169XTOCOMO1MV,ns,10-2,10.0,2000.0,7,3025.0499999970198,3326.0499999970198,3677.6500000208616,3766.199999988079,2834.5499999970198,2914.8499999791384,,,,,,,,,,,,,,,,,,,,,
A169XTOCOMO1MV,ns,10-2,10.0,2000.0,8,2193.0,2030.7000000178807,1759.2999999821186,3151.800000011921,2760.100000023842,3280.5,3286.800000011921,,,,,,,,,,,,,,,,,,,,
A18NXRDHQ0ZSOY,ns,10-2,10.0,2000.0,2,,,,,,,,,,,,,,,,,,,,,,,,,,,
A18NXRDHQ0ZSOY,ns,10-2,10.0,2000.0,3,,1940.5999999046328,,,,,,,,,,,,,,,,,,,,,,,,,
A18NXRDHQ0ZSOY,ns,10-2,10.0,2000.0,4,2212.350000023842,3034.3166666825614,6594.274999976158,,,,,,,,,,,,,,,,,,,,,,,,
A18NXRDHQ0ZSOY,ns,10-2,10.0,2000.0,5,4816.287500023842,4168.716666618983,3323.1999999582767,3854.04444442855,,,,,,,,,,,,,,,,,,,,,,,
A18NXRDHQ0ZSOY,ns,10-2,10.0,2000.0,6,3693.4966666777927,4604.983333329359,2549.252083301544,3930.0222222142747,4489.712499976158,,,,,,,,,,,,,,,,,,,,,,
A18NXRDHQ0ZSOY,ns,10-2,10.0,2000.0,7,3055.2888889312744,3728.483333349228,5222.366666714352,12279.311111132303,3337.0000001192093,2578.444444550408,,,,,,,,,,,,,,,,,,,,,
A18NXRDHQ0ZSOY,ns,10-2,10.0,2000.0,8,1959.600000023842,3553.2999999523163,7996.75,6284.899999976158,4493.149999976158,2740.9499999284744,1354.6000001430511,,,,,,,,,,,,,,,,,,,,
A18NXRDHQ0ZSOY,ns,10-2,10.0,2000.0,9,2099.6499999761586,3322.0666666825614,3652.966666618983,2469.0,2909.1333332856498,3636.9000000953674,4312.666666666667,3668.9333333174386,,,,,,,,,,,,,,,,,,,
A1969Q0R4Y0E3J,rec,10-2,10.0,2000.0,3,2043.0,,,,,,,,,,,,,,,,,,,,,,,,,,
A1969Q0R4Y0E3J,rec,10-2,10.0,2000.0,4,1426.3333333333333,1274.0,3397.0,,,,,,,,,,,,,,,,,,,,,,,,
A1969Q0R4Y0E3J,rec,10-2,10.0,2000.0,5,2309.6,3620.1,4232.145833333333,2612.7333333333336,,,,,,,,,,,,,,,,,,,,,,,
A1969Q0R4Y0E3J,rec,10-2,10.0,2000.0,6,2182.3333333333335,3097.8291666666664,2788.5833333333335,2822.429166666667,2797.895833333333,,,,,,,,,,,,,,,,,,,,,,
A1969Q0R4Y0E3J,rec,10-2,10.0,2000.0,7,2261.65,3275.1777777777775,1792.75,3228.566666666667,3376.5833333333335,3149.5166666666664,,,,,,,,,,,,,,,,,,,,,
A1AKL5YH9NLD2V,ns,10-2,10.0,2000.0,4,1120.0,1114.5,1265.199999999255,,,,,,,,,,,,,,,,,,,,,,,,
A1AKL5YH9NLD2V,ns,10-2,10.0,2000.0,5,,1273.9000000003723,,11079.799999999814,,,,,,,,,,,,,,,,,,,,,,,
A1AKL5YH9NLD2V,ns,10-2,10.0,2000.0,6,876.5750000001863,2568.7999999998137,1309.25,4493.5250000003725,1259.750000000931,,,,,,,,,,,,,,,,,,,,,,
A1AKL5YH9NLD2V,ns,10-2,10.0,2000.0,7,3666.1749999998137,1206.0374999996275,1287.0333333333642,5134.849999999744,8809.91249999986,7195.9625000003725,,,,,,,,,,,,,,,,,,,,,
A1AKL5YH9NLD2V,ns,10-2,10.0,2000.0,8,1329.0972222223256,1974.0750000001863,2311.4333333335303,2651.599999999886,2059.2972222224603,9397.463888888558,7034.538888888898,,,,,,,,,,,,,,,,,,,,
A1AKL5YH9NLD2V,ns,10-2,10.0,2000.0,9,1349.0050000000979,1641.4333333330774,2245.0041666665347,1674.9250000000543,3023.341666666597,2569.3750000001164,1956.6708333332247,8669.520833333489,,,,,,,,,,,,,,,,,,,
A1AKL5YH9NLD2V,ns,10-2,10.0,2000.0,10,1095.1812499999069,1186.483333333861,1340.3645833332557,1431.3854166667443,1726.2270833334576,2183.072916666783,1366.1979166667443,6678.812499999961,6659.293749999914,,,,,,,,,,,,,,,,,,
A1ARWNTZHGFG8Y,prim,10-2,10.0,2000.0,2,5236.700000762939,,,,,,,,,,,,,,,,,,,,,,,,,,
A1ARWNTZHGFG8Y,prim,10-2,10.0,2000.0,3,8091.200000127156,8521.125,,,,,,,,,,,,,,,,,,,,,,,,,
A1ARWNTZHGFG8Y,prim,10-2,10.0,2000.0,4,7049.4375,5462.131249785423,8498.556249856949,,,,,,,,,,,,,,,,,,,,,,,,
A1ARWNTZHGFG8Y,prim,10-2,10.0,2000.0,5,6311.700416608652,5124.626666827997,5993.756250063579,9295.870833277702,,,,,,,,,,,,,,,,,,,,,,,
A1ARWNTZHGFG8Y,prim,10-2,10.0,2000.0,6,5733.488888899486,6668.486111137602,5871.408333381017,5259.588889042537,9146.183333449893,,,,,,,,,,,,,,,,,,,,,,
A1ARWNTZHGFG8Y,prim,10-2,10.0,2000.0,7,6171.800000190735,5176.800000190735,25817.10000038147,5697.5,5529.10000038147,2217.1500000953674,,,,,,,,,,,,,,,,,,,,,
A1F0R1MSPTXHHV,ns,10-2,10.0,2000.0,2,5568.133333382508,,,,,,,,,,,,,,,,,,,,,,,,,,
A1F0R1MSPTXHHV,ns,10-2,10.0,2000.0,3,5385.083333368103,5243.425000000745,,,,,,,,,,,,,,,,,,,,,,,,,
A1F0R1MSPTXHHV,ns,10-2,10.0,2000.0,4,4865.591666626434,5941.527777741353,3972.2916666815677,,,,,,,,,,,,,,,,,,,,,,,,
A1F0R1MSPTXHHV,ns,10-2,10.0,2000.0,5,3208.774999886751,3863.600000053644,3786.800000011921,4457.500000029802,,,,,,,,,,,,,,,,,,,,,,,
A1F0R1MSPTXHHV,ns,10-2,10.0,2000.0,6,3177.7999999523163,4217.099999904633,3701.5,3938.2999999523163,3238.350000143051,,,,,,,,,,,,,,,,,,,,,,
A1GRPIBHW72HDU,rec,10-2,10.0,2000.0,5,1104.5,1758.75,1828.75,13368.25,,,,,,,,,,,,,,,,,,,,,,,
A1GRPIBHW72HDU,rec,10-2,10.0,2000.0,6,1285.7666666666667,1581.9833333333333,4575.833333333333,4399.083333333333,9969.766666666666,,,,,,,,,,,,,,,,,,,,,,
A1GRPIBHW72HDU,rec,10-2,10.0,2000.0,7,1620.0416666666665,1700.1416666666667,2124.45,5318.441666666667,8847.858333333334,11587.375,,,,,,,,,,,,,,,,,,,,,
A1GRPIBHW72HDU,rec,10-2,10.0,2000.0,8,1545.8666666666668,1521.0666666666666,2257.604166666667,3295.5125,3487.1041666666665,8678.625,20060.145833333332,,,,,,,,,,,,,,,,,,,,
A1GRPIBHW72HDU,rec,10-2,10.0,2000.0,9,1074.888888888889,1353.888888888889,1995.4444444444446,2512.0,2381.0,5949.833333333334,7732.333333333333,21523.166666666668,,,,,,,,,,,,,,,,,,,
A1I9RLJQ0BYN21,prim,10-2,10.0,2000.0,3,3251.1999999284744,,,,,,,,,,,,,,,,,,,,,,,,,,
A1I9RLJQ0BYN21,prim,10-2,10.0,2000.0,4,2973.141666690509,2830.774999976158,3149.125,,,,,,,,,,,,,,,,,,,,,,,,
A1I9RLJQ0BYN21,prim,10-2,10.0,2000.0,5,2953.8800000349684,3139.2374999523163,3366.2300000190735,2204.9766666014993,,,,,,,,,,,,,,,,,,,,,,,
A1I9RLJQ0BYN21,prim,10-2,10.0,2000.0,6,2465.816666682561,2716.7833334207535,2728.783333321412,2680.5833333730698,2674.850000023842,,,,,,,,,,,,,,,,,,,,,,
A1I9RLJQ0BYN21,prim,10-2,10.0,2000.0,7,3580.200000047684,2823.599999904633,2330.800000190735,3161.0,2842.7999999523163,2714.0,,,,,,,,,,,,,,,,,,,,,
A1NG504QI5LI62,prim,10-2,10.0,2000.0,3,,4726.0,,,,,,,,,,,,,,,,,,,,,,,,,
A1NG504QI5LI62,prim,10-2,10.0,2000.0,4,,,3594.0,,,,,,,,,,,,,,,,,,,,,,,,
A1NG504QI5LI62,prim,10-2,10.0,2000.0,5,3511.1666666666665,4169.333333333333,5559.5,2328.0,,,,,,,,,,,,,,,,,,,,,,,
A1NG504QI5LI62,prim,10-2,10.0,2000.0,6,5177.0,4620.5,4021.0,2824.444444444445,3282.0,,,,,,,,,,,,,,,,,,,,,,
A1NG504QI5LI62,prim,10-2,10.0,2000.0,7,3646.8125,4273.75,4489.5,4209.575,3484.4583333333335,3544.6875,,,,,,,,,,,,,,,,,,,,,
A1NG504QI5LI62,prim,10-2,10.0,2000.0,8,8039.083333333333,3644.8125,3569.15,4264.166666666667,3754.6541666666667,5065.049999999999,4324.616666666667,,,,,,,,,,,,,,,,,,,,
A1NG504QI5LI62,prim,10-2,10.0,2000.0,9,8205.0,2736.5,9205.0,2805.5,4971.0,8945.0,4740.5,2145.0,,,,,,,,,,,,,,,,,,,
A1NQ2A0UDW719R,prim,10-2,10.0,2000.0,2,8444.75,,,,,,,,,,,,,,,,,,,,,,,,,,
A1NQ2A0UDW719R,prim,10-2,10.0,2000.0,3,3820.0,3831.416666666667,,,,,,,,,,,,,,,,,,,,,,,,,
A1NQ2A0UDW719R,prim,10-2,10.0,2000.0,4,5728.666666666667,4364.0,4090.2083333333335,,,,,,,,,,,,,,,,,,,,,,,,
A1NQ2A0UDW719R,prim,10-2,10.0,2000.0,5,3632.0,3103.75,10028.5,2765.125,,,,,,,,,,,,,,,,,,,,,,,
A1NQ2A0UDW719R,prim,10-2,10.0,2000.0,6,3005.5,3012.0,5754.0,5690.0,5011.0,,,,,,,,,,,,,,,,,,,,,,
A1NQ2A0UDW719R,prim,10-2,10.0,2000.0,7,,,2957.0,5670.0,3074.0,2549.0,,,,,,,,,,,,,,,,,,,,,
A1P00XZZG7EEEM,prim,10-2,10.0,2000.0,2,8625.500000059605,,,,,,,,,,,,,,,,,,,,,,,,,,
A1P00XZZG7EEEM,prim,10-2,10.0,2000.0,3,14552.650000005959,9632.775000035765,,,,,,,,,,,,,,,,,,,,,,,,,
A1P00XZZG7EEEM,prim,10-2,10.0,2000.0,4,7541.899999991059,3120.5,9501.850000053644,,,,,,,,,,,,,,,,,,,,,,,,
A1P00XZZG7EEEM,prim,10-2,10.0,2000.0,5,2390.349999984105,3670.0249999811253,3128.874999980132,14785.899999986092,,,,,,,,,,,,,,,,,,,,,,,
A1P00XZZG7EEEM,prim,10-2,10.0,2000.0,6,4939.925000026822,1820.2000000178814,2805.8250000029802,3840.9249999821186,3586.8750000298023,,,,,,,,,,,,,,,,,,,,,,
A1RFDB2WUV7QRO,ns,10-2,10.0,2000.0,3,2324.0,,,,,,,,,,,,,,,,,,,,,,,,,,
A1RFDB2WUV7QRO,ns,10-2,10.0,2000.0,4,3216.5833333351957,3581.5125000015832,3206.4333333354443,,,,,,,,,,,,,,,,,,,,,,,,
A1RFDB2WUV7QRO,ns,10-2,10.0,2000.0,5,2857.9700000018347,2942.5699999999256,4109.566666668406,12945.69000000041,,,,,,,,,,,,,,,,,,,,,,,
A1RFDB2WUV7QRO,ns,10-2,10.0,2000.0,6,2075.7250000010245,2419.2000000015832,3154.6749999970198,3548.266666664121,8509.425000000123,,,,,,,,,,,,,,,,,,,,,,
A1RFDB2WUV7QRO,ns,10-2,10.0,2000.0,7,1353.5,2938.300000000745,4284.800000000745,3474.7999999988824,2791.4000000003725,1989.699999999255,,,,,,,,,,,,,,,,,,,,,
A1V2H0UF94ATWY,ns,10-2,10.0,2000.0,4,2156.3250000001863,3016.6374999999534,22375.94444444444,,,,,,,,,,,,,,,,,,,,,,,,
A1V2H0UF94ATWY,ns,10-2,10.0,2000.0,5,2655.37916666669,3408.8499999999185,3585.1208333333097,6691.42499999994,,,,,,,,,,,,,,,,,,,,,,,
A1V2H0UF94ATWY,ns,10-2,10.0,2000.0,6,2456.141666666682,2642.8166666665543,4879.808333333272,6786.688333333334,11663.091666666733,,,,,,,,,,,,,,,,,,,,,,
A1V2H0UF94ATWY,ns,10-2,10.0,2000.0,7,2061.858333333376,2880.0250000000815,3669.658333333442,3230.0041666666903,7750.016666666634,7468.691666666709,,,,,,,,,,,,,,,,,,,,,
A1V2H0UF94ATWY,ns,10-2,10.0,2000.0,8,2835.599999999814,1868.1999999999534,2722.6200000000185,4963.090000000037,6047.84000000013,11041.729999999889,8269.837500000023,,,,,,,,,,,,,,,,,,,,
A1V2H0UF94ATWY,ns,10-2,10.0,2000.0,10,2171.5,2004.100000000093,1843.30000000028,2804.0,1692.4000000003723,2051.600000000093,9819.700000000186,7924.200000000186,19620.69999999972,,,,,,,,,,,,,,,,,,
A1W7T8V97ZPUH0,ns,10-2,10.0,2000.0,3,10752.0,3804.0,,,,,,,,,,,,,,,,,,,,,,,,,
A1W7T8V97ZPUH0,ns,10-2,10.0,2000.0,4,2454.5,7709.0,6040.5,,,,,,,,,,,,,,,,,,,,,,,,
A1W7T8V97ZPUH0,ns,10-2,10.0,2000.0,5,4051.6666666666665,3567.3333333333335,3361.833333333333,6074.38888888889,,,,,,,,,,,,,,,,,,,,,,,
A1W7T8V97ZPUH0,ns,10-2,10.0,2000.0,6,4798.375,4323.583333333334,4387.333333333333,3805.444444444445,5638.625,,,,,,,,,,,,,,,,,,,,,,
A1W7T8V97ZPUH0,ns,10-2,10.0,2000.0,7,3039.25,6074.666666666667,5523.5,3888.875,3611.625,3511.75,,,,,,,,,,,,,,,,,,,,,
A1W7T8V97ZPUH0,ns,10-2,10.0,2000.0,8,3834.0,3614.0,2487.3333333333335,2327.0,2241.3333333333335,2796.0,2955.0,,,,,,,,,,,,,,,,,,,,
A1W7T8V97ZPUH0,ns,10-2,10.0,2000.0,9,7240.0,2327.0,2025.0,2890.0,3220.0,3232.0,,4136.0,,,,,,,,,,,,,,,,,,,
A1W7T8V97ZPUH0,ns,10-2,10.0,2000.0,10,3995.0,4977.0,3336.0,3042.0,6424.0,4715.0,5200.0,1901.0,2851.0,,,,,,,,,,,,,,,,,,
A1WJIRT360P5VB,rec,10-2,10.0,2000.0,4,2753.0666666664183,2713.0250000003725,4302.883333329111,,,,,,,,,,,,,,,,,,,,,,,,
A1WJIRT360P5VB,rec,10-2,10.0,2000.0,5,2716.8666666572294,3165.2999999877065,3428.833333340784,3159.125,,,,,,,,,,,,,,,,,,,,,,,
A1WJIRT360P5VB,rec,10-2,10.0,2000.0,6,2522.700000006085,2738.1375000017383,3231.583333328987,4596.443750000249,4222.572916674117,,,,,,,,,,,,,,,,,,,,,,
A1WJIRT360P5VB,rec,10-2,10.0,2000.0,7,2627.6124999982617,2358.0791666653627,2361.170833324082,5407.974999998386,10614.641666661948,8409.229166674117,,,,,,,,,,,,,,,,,,,,,
A1WJIRT360P5VB,rec,10-2,10.0,2000.0,8,3365.4762499959206,2757.7300000006335,2642.1275000009687,7263.930000001099,3088.5000000088476,6947.437500002701,4333.103749988507,,,,,,,,,,,,,,,,,,,,
A1WJIRT360P5VB,rec,10-2,10.0,2000.0,9,2136.5,2248.900000035763,1971.0999999642368,1806.5,2403.099999964237,,6041.800000011921,1718.9000000357628,,,,,,,,,,,,,,,,,,,
A1WJIRT360P5VB,rec,10-2,10.0,2000.0,10,2312.3500000163913,2444.39999999851,1981.2500000074506,5756.400000013411,3427.0999999940395,4360.54999999702,2645.300000011921,30552.09999998659,11128.050000011921,,,,,,,,,,,,,,,,,,
A1WPGNK8Y65BV3,ns,10-2,10.0,2000.0,2,,,,,,,,,,,,,,,,,,,,,,,,,,,
A1WPGNK8Y65BV3,ns,10-2,10.0,2000.0,3,,5094.60000000149,,,,,,,,,,,,,,,,,,,,,,,,,
A1WPGNK8Y65BV3,ns,10-2,10.0,2000.0,4,2964.7499999031425,3957.325000036508,3603.649999976158,,,,,,,,,,,,,,,,,,,,,,,,
A1WPGNK8Y65BV3,ns,10-2,10.0,2000.0,5,2328.7833333474896,2200.183333334823,3125.66249996641,6903.266666659051,,,,,,,,,,,,,,,,,,,,,,,
A1WPGNK8Y65BV3,ns,10-2,10.0,2000.0,6,2085.7405952444387,2469.8384523855343,2962.7314285571556,3484.440119040997,3594.423690469164,,,,,,,,,,,,,,,,,,,,,,
A1WPGNK8Y65BV3,ns,10-2,10.0,2000.0,7,2212.2250000064573,2041.9583333233993,2054.791666675773,2472.191666677594,2414.258333298067,8059.116666687031,,,,,,,,,,,,,,,,,,,,,
A1XMGLCK09Z0DW,ns,10-2,10.0,2000.0,3,1490.0,,,,,,,,,,,,,,,,,,,,,,,,,,
A1XMGLCK09Z0DW,ns,10-2,10.0,2000.0,4,,1396.0,1915.0,,,,,,,,,,,,,,,,,,,,,,,,
A1XMGLCK09Z0DW,ns,10-2,10.0,2000.0,5,4110.0,1481.0,5293.0,1761.5,,,,,,,,,,,,,,,,,,,,,,,
A1XMGLCK09Z0DW,ns,10-2,10.0,2000.0,6,4084.75,2469.125,2105.1875,3133.25,2039.0,,,,,,,,,,,,,,,,,,,,,,
A1XMGLCK09Z0DW,ns,10-2,10.0,2000.0,7,3208.0625,2374.375,2408.0833333333335,2026.8541666666665,1428.7777777777776,3925.5,,,,,,,,,,,,,,,,,,,,,
A1XMGLCK09Z0DW,ns,10-2,10.0,2000.0,8,2231.804166666667,1962.4833333333333,1706.55,2358.7083333333335,2094.2555555555555,2599.25,2786.9166666666665,,,,,,,,,,,,,,,,,,,,
A1XMGLCK09Z0DW,ns,10-2,10.0,2000.0,9,2566.1666666666665,3818.125,2444.25,2347.4166666666665,2289.75,1546.875,1869.4583333333333,1731.5,,,,,,,,,,,,,,,,,,,
A1YA2FCN3KEK36,prim,10-2,10.0,2000.0,3,3954.699999809265,2333.899999976158,,,,,,,,,,,,,,,,,,,,,,,,,
A1YA2FCN3KEK36,prim,10-2,10.0,2000.0,4,10137.683333317438,3329.983333344261,3157.7874999940395,,,,,,,,,,,,,,,,,,,,,,,,
A1YA2FCN3KEK36,prim,10-2,10.0,2000.0,5,3636.933333327373,3212.6375000178814,3315.0625,5074.316666722298,,,,,,,,,,,,,,,,,,,,,,,
A1YA2FCN3KEK36,prim,10-2,10.0,2000.0,6,4546.066666667661,4244.775000020862,3586.1437499560416,3964.1583333363137,3830.0374999791384,,,,,,,,,,,,,,,,,,,,,,
A1YA2FCN3KEK36,prim,10-2,10.0,2000.0,7,6103.960000022253,3656.786666647593,3813.299999988079,4216.39000001351,4076.0937500447035,3622.0333333452545,,,,,,,,,,,,,,,,,,,,,
A1YA2FCN3KEK36,prim,10-2,10.0,2000.0,8,4295.787499991557,6382.837499968708,4281.804166679582,3139.499999985099,3984.3166666974626,3590.570833305518,4084.599999986589,,,,,,,,,,,,,,,,,,,,
A1YA2FCN3KEK36,prim,10-2,10.0,2000.0,9,7781.0,2842.4249999523163,4546.750000059605,4006.800000011921,3449.6500000059605,5485.050000011921,2700.550000011921,3271.1500000059605,,,,,,,,,,,,,,,,,,,
A20GD3EBBTBYY2,rec,10-2,10.0,2000.0,3,4908.0,,,,,,,,,,,,,,,,,,,,,,,,,,
A20GD3EBBTBYY2,rec,10-2,10.0,2000.0,4,4096.0,,3995.0,,,,,,,,,,,,,,,,,,,,,,,,
A20GD3EBBTBYY2,rec,10-2,10.0,2000.0,5,5007.111111111111,5983.25,5230.75,4683.208333333333,,,,,,,,,,,,,,,,,,,,,,,
A20GD3EBBTBYY2,rec,10-2,10.0,2000.0,6,5066.9,4595.654166666667,6335.194444444444,4730.816666666667,4664.822222222222,,,,,,,,,,,,,,,,,,,,,,
A20GD3EBBTBYY2,rec,10-2,10.0,2000.0,7,4426.333333333333,6236.770833333333,4934.75,5159.0,6293.375,6009.88888888889,,,,,,,,,,,,,,,,,,,,,
A20GD3EBBTBYY2,rec,10-2,10.0,2000.0,8,3607.3333333333335,5029.5,4497.333333333333,4995.666666666667,4506.0,5652.0,8101.333333333333,,,,,,,,,,,,,,,,,,,,
A24BRTWG07T53Z,prim,10-2,10.0,2000.0,2,4537.0,,,,,,,,,,,,,,,,,,,,,,,,,,
A24BRTWG07T53Z,prim,10-2,10.0,2000.0,3,3623.25,2979.0,,,,,,,,,,,,,,,,,,,,,,,,,
A24BRTWG07T53Z,prim,10-2,10.0,2000.0,4,3056.3125,4692.916666666667,3988.0,,,,,,,,,,,,,,,,,,,,,,,,
A24BRTWG07T53Z,prim,10-2,10.0,2000.0,5,4155.854166666666,3544.9583333333335,2821.0625,3525.9375,,,,,,,,,,,,,,,,,,,,,,,
A24BRTWG07T53Z,prim,10-2,10.0,2000.0,6,2912.7083333333335,4160.958333333333,4004.875,4106.958333333333,3401.125,,,,,,,,,,,,,,,,,,,,,,
A24BRTWG07T53Z,prim,10-2,10.0,2000.0,7,3052.5,2152.5,2778.8333333333335,2756.6666666666665,2478.6666666666665,2977.5,,,,,,,,,,,,,,,,,,,,,
A27QXQ22F9ODSP,prim,10-2,10.0,2000.0,2,4774.5,,,,,,,,,,,,,,,,,,,,,,,,,,
A27QXQ22F9ODSP,prim,10-2,10.0,2000.0,4,4638.0,3141.5,4544.0,,,,,,,,,,,,,,,,,,,,,,,,
A27QXQ22F9ODSP,prim,10-2,10.0,2000.0,5,4215.0,8045.472222222223,6281.166666666667,6283.777777777778,,,,,,,,,,,,,,,,,,,,,,,
A27QXQ22F9ODSP,prim,10-2,10.0,2000.0,6,4827.666666666667,5729.875,8008.5,5516.25,8020.375,,,,,,,,,,,,,,,,,,,,,,
A27QXQ22F9ODSP,prim,10-2,10.0,2000.0,7,7548.6875,4344.0,4036.1875,4676.5625,5105.708333333333,5015.266666666666,,,,,,,,,,,,,,,,,,,,,
A27QXQ22F9ODSP,prim,10-2,10.0,2000.0,8,7886.916666666667,5100.166666666666,5378.666666666667,6061.458333333334,4694.333333333333,5484.777777777777,4904.375,,,,,,,,,,,,,,,,,,,,
A27QXQ22F9ODSP,prim,10-2,10.0,2000.0,9,4542.5,4245.5,4643.5,3660.0,6942.0,4352.5,4890.5,6105.0,,,,,,,,,,,,,,,,,,,
A27T2Z568L69U1,prim,10-2,10.0,2000.0,2,,,,,,,,,,,,,,,,,,,,,,,,,,,
A27T2Z568L69U1,prim,10-2,10.0,2000.0,3,5278.0,,,,,,,,,,,,,,,,,,,,,,,,,,
A27T2Z568L69U1,prim,10-2,10.0,2000.0,4,4734.0,4231.0,6634.0,,,,,,,,,,,,,,,,,,,,,,,,
A27T2Z568L69U1,prim,10-2,10.0,2000.0,5,4894.0,5052.416666666666,4822.333333333334,5122.5,,,,,,,,,,,,,,,,,,,,,,,
A27T2Z568L69U1,prim,10-2,10.0,2000.0,6,5217.5,4833.958333333333,5748.858333333334,5640.5,4259.583333333333,,,,,,,,,,,,,,,,,,,,,,
A27T2Z568L69U1,prim,10-2,10.0,2000.0,7,4494.083333333333,5228.722222222223,5454.305555555556,5036.61111111111,6332.833333333333,5725.38888888889,,,,,,,,,,,,,,,,,,,,,
A27T2Z568L69U1,prim,10-2,10.0,2000.0,8,4026.0208333333335,4497.5,5040.0,5461.583333333333,5351.375,6368.666666666667,5117.979166666667,,,,,,,,,,,,,,,,,,,,
A27T2Z568L69U1,prim,10-2,10.0,2000.0,9,4408.0,10748.0,5332.5,4660.0,4675.0,8186.0,4921.5,4127.0,,,,,,,,,,,,,,,,,,,
A282UM3NAIM0YO,ns,10-2,10.0,2000.0,3,2409.0,3807.0,,,,,,,,,,,,,,,,,,,,,,,,,
A282UM3NAIM0YO,ns,10-2,10.0,2000.0,4,5856.0,2650.0,4249.222222222223,,,,,,,,,,,,,,,,,,,,,,,,
A282UM3NAIM0YO,ns,10-2,10.0,2000.0,5,3045.0,5158.0,5658.5,3553.5,,,,,,,,,,,,,,,,,,,,,,,
A282UM3NAIM0YO,ns,10-2,10.0,2000.0,6,3202.5416666666665,2987.0833333333335,4495.541666666667,4421.45,4109.7,,,,,,,,,,,,,,,,,,,,,,
A282UM3NAIM0YO,ns,10-2,10.0,2000.0,7,2993.375,6349.5625,5048.916666666666,2940.4166666666665,4640.625,4353.166666666667,,,,,,,,,,,,,,,,,,,,,
A282UM3NAIM0YO,ns,10-2,10.0,2000.0,8,6272.0,3954.1111111111113,4210.666666666667,3038.6666666666665,4448.0,5288.222222222223,5352.222222222222,,,,,,,,,,,,,,,,,,,,
A282UM3NAIM0YO,ns,10-2,10.0,2000.0,9,2657.75,4600.5,2919.75,4525.75,3564.0,4236.5,3355.0,4004.25,,,,,,,,,,,,,,,,,,,
A2BREH6STESM0G,rec,10-2,10.0,2000.0,2,4386.783333314427,,,,,,,,,,,,,,,,,,,,,,,,,,
A2BREH6STESM0G,rec,10-2,10.0,2000.0,3,2923.777777801643,3282.183750021225,,,,,,,,,,,,,,,,,,,,,,,,,
A2BREH6STESM0G,rec,10-2,10.0,2000.0,4,3863.7861111147536,3216.020833331626,4190.6416666739,,,,,,,,,,,,,,,,,,,,,,,,
A2BREH6STESM0G,rec,10-2,10.0,2000.0,5,3374.1611111190996,2802.9333333293393,3291.3687500186497,4082.0333333333256,,,,,,,,,,,,,,,,,,,,,,,
A2BREH6STESM0G,rec,10-2,10.0,2000.0,6,3557.8500000163913,3611.874999951571,2774.100000023842,2389.0249999910593,2984.7499999776483,,,,,,,,,,,,,,,,,,,,,,
A2BREH6STESM0G,rec,10-2,10.0,2000.0,7,4545.275000020862,3297.4999999701977,2681.950000010431,3304.825000010431,3250.5500000081956,3870.725000027567,,,,,,,,,,,,,,,,,,,,,
A2FLBMZ38IZ2SQ,prim,10-2,10.0,2000.0,2,4786.200000762939,,,,,,,,,,,,,,,,,,,,,,,,,,
A2FLBMZ38IZ2SQ,prim,10-2,10.0,2000.0,4,3586.5,3697.2999997138977,4025.9000005722046,,,,,,,,,,,,,,,,,,,,,,,,
A2FLBMZ38IZ2SQ,prim,10-2,10.0,2000.0,5,4540.866666475932,5037.833333492279,6695.200000127156,,,,,,,,,,,,,,,,,,,,,,,,
A2FLBMZ38IZ2SQ,prim,10-2,10.0,2000.0,6,4505.409999752044,4432.249999880791,4588.274999976158,6087.209999847412,4846.300000071526,,,,,,,,,,,,,,,,,,,,,,
A2FLBMZ38IZ2SQ,prim,10-2,10.0,2000.0,7,4088.9958333174386,5567.066666603088,5046.775000214577,5083.450000047684,4639.924999833107,5265.8444445927935,,,,,,,,,,,,,,,,,,,,,
A2FLBMZ38IZ2SQ,prim,10-2,10.0,2000.0,8,5042.717499923706,5744.196666399638,4957.187499761581,5245.995833257834,5523.884999942779,6423.101666474342,4668.174999928475,,,,,,,,,,,,,,,,,,,,
A2FLBMZ38IZ2SQ,prim,10-2,10.0,2000.0,9,5153.825000286102,5168.037499904633,3339.7125000953674,6007.312499880791,4600.450000286102,5215.700000166893,5111.24166639646,4830.2666664123535,,,,,,,,,,,,,,,,,,,
A2FLBMZ38IZ2SQ,prim,10-2,10.0,2000.0,10,5206.800000243717,4672.661111301845,5113.705555597941,5913.644444465637,5892.083333386316,6793.044444561005,7812.011110888587,5876.016666518317,6444.833333439296,,,,,,,,,,,,,,,,,,
A2FM1N5AOMVTGL,prim,10-2,10.0,2000.0,2,,,,,,,,,,,,,,,,,,,,,,,,,,,
A2FM1N5AOMVTGL,prim,10-2,10.0,2000.0,3,,,,,,,,,,,,,,,,,,,,,,,,,,,
A2FM1N5AOMVTGL,prim,10-2,10.0,2000.0,4,4788.000000119209,4452.60000038147,3441.6000002622604,,,,,,,,,,,,,,,,,,,,,,,,
A2FM1N5AOMVTGL,prim,10-2,10.0,2000.0,5,5494.105555242962,5067.342500066758,4330.793749988079,6480.254166762034,,,,,,,,,,,,,,,,,,,,,,,
A2FM1N5AOMVTGL,prim,10-2,10.0,2000.0,6,3882.791666726271,5590.875,5822.283333182335,4194.933333555858,5416.679166674614,,,,,,,,,,,,,,,,,,,,,,
A2FM1N5AOMVTGL,prim,10-2,10.0,2000.0,7,3413.900000035763,2263.058333158493,6673.349999964237,3046.0374999046326,3320.974999944369,4270.183333237966,,,,,,,,,,,,,,,,,,,,,
A2FM1N5AOMVTGL,prim,10-2,10.0,2000.0,8,2516.6333334445953,2318.4999999403954,2560.874999920527,3003.0583333174386,2333.3666667143502,1987.1374998688698,2811.45000008742,,,,,,,,,,,,,,,,,,,,
A2FM1N5AOMVTGL,prim,10-2,10.0,2000.0,9,,2189.699999809265,1848.5,1825.7000002861023,,1909.900000095368,2212.099999904633,2051.1000003814697,,,,,,,,,,,,,,,,,,,
A2FYFCD16Z3PCC,rec,10-2,10.0,2000.0,3,1404.699999999255,3508.60000000149,,,,,,,,,,,,,,,,,,,,,,,,,
A2FYFCD16Z3PCC,rec,10-2,10.0,2000.0,5,,1364.5,3147.699999999255,,,,,,,,,,,,,,,,,,,,,,,,
A2FYFCD16Z3PCC,rec,10-2,10.0,2000.0,7,1820.1000000089407,1856.10000000149,1696.9499999955297,1236.5,5340.80000000447,1396.1500000059605,,,,,,,,,,,,,,,,,,,,,
A2FYFCD16Z3PCC,rec,10-2,10.0,2000.0,8,2751.8916666670702,1957.1458333334886,2099.5375000033528,2066.14999999851,3606.608333331533,2949.133333333458,3982.2166666688086,,,,,,,,,,,,,,,,,,,,
A2FYFCD16Z3PCC,rec,10-2,10.0,2000.0,9,1691.9808333287947,2272.6158333329327,2116.451666666412,2690.7558333335755,2110.575000001987,2582.1645833352422,2278.891666664059,1977.32874999661,,,,,,,,,,,,,,,,,,,
A2FYFCD16Z3PCC,rec,10-2,10.0,2000.0,10,1565.5833333325572,1691.760416664261,1779.2041666683897,1707.6208333342024,2068.2708333320916,2159.0845833336316,2371.229166665735,4532.070833332448,3342.058333330943,,,,,,,,,,,,,,,,,,
A2H8PEGI28NKZD,ns,10-2,10.0,2000.0,3,1930.7999999998133,3474.2000000001863,,,,,,,,,,,,,,,,,,,,,,,,,
A2H8PEGI28NKZD,ns,10-2,10.0,2000.0,4,2104.4124999996807,2997.98333333325,6173.533333333447,,,,,,,,,,,,,,,,,,,,,,,,
A2H8PEGI28NKZD,ns,10-2,10.0,2000.0,5,1965.0416666666667,3836.344444444558,3063.394444445006,14975.299999999601,,,,,,,,,,,,,,,,,,,,,,,
A2H8PEGI28NKZD,ns,10-2,10.0,2000.0,6,3417.7375000001193,3201.768750000078,2745.8437499999322,3424.1687499998784,9791.837499999867,,,,,,,,,,,,,,,,,,,,,,
A2H8PEGI28NKZD,ns,10-2,10.0,2000.0,7,2790.3625000001803,2502.2062500000175,3373.9525000001045,3530.4624999998896,3467.2125000000233,4104.532499999792,,,,,,,,,,,,,,,,,,,,,
A2H8PEGI28NKZD,ns,10-2,10.0,2000.0,8,2269.1999999998757,3390.300000000124,1986.1666666665114,2798.2666666666046,3146.8999999997513,2583.191666666651,4721.649999999907,,,,,,,,,,,,,,,,,,,,
A2H8PEGI28NKZD,ns,10-2,10.0,2000.0,10,2915.4000000003725,3171.899999999441,1722.9000000003723,3058.600000000559,2116.0,5682.200000000186,3931.5,2386.399999999441,3988.899999999441,,,,,,,,,,,,,,,,,,
A2I6ZALE49CVSC,prim,10-2,10.0,2000.0,4,4549.043749999255,5980.287500001257,9122.33749999913,,,,,,,,,,,,,,,,,,,,,,,,
A2I6ZALE49CVSC,prim,10-2,10.0,2000.0,5,3580.5108333325325,3782.5975000021044,2885.7758333330976,4897.100833332632,,,,,,,,,,,,,,,,,,,,,,,
A2I6ZALE49CVSC,prim,10-2,10.0,2000.0,6,3565.250833333602,2983.8191666675343,3099.2041666669616,4183.414404762252,5494.646874999007,,,,,,,,,,,,,,,,,,,,,,
A2I6ZALE49CVSC,prim,10-2,10.0,2000.0,7,2811.4000000003725,4591.399999999441,2569.4500000011176,3197.5999999996275,4239.450000000186,3560.2499999990687,,,,,,,,,,,,,,,,,,,,,
A2I6ZALE49CVSC,prim,10-2,10.0,2000.0,8,3388.4000000003725,4230.599999999628,3279.800000000745,1933.300000000745,2416.800000000745,2571.199999999255,1621.9000000003723,,,,,,,,,,,,,,,,,,,,
A2KPEUCEE2M05G,prim,10-2,10.0,2000.0,4,2123.949999988079,8120.499999970199,3678.199999988079,,,,,,,,,,,,,,,,,,,,,,,,
A2KPEUCEE2M05G,prim,10-2,10.0,2000.0,5,2568.25,2020.9599999666214,2395.089999997616,7789.940000000596,,,,,,,,,,,,,,,,,,,,,,,
A2KPEUCEE2M05G,prim,10-2,10.0,2000.0,6,2783.1399999951323,3205.638333326578,2735.951666674018,3314.2499999960264,4395.311666667958,,,,,,,,,,,,,,,,,,,,,,
A2KPEUCEE2M05G,prim,10-2,10.0,2000.0,7,2983.5999999940395,2132.949999988079,4128.450000017881,2885.250000014901,2765.949999988079,7335.949999988079,,,,,,,,,,,,,,,,,,,,,
A2KPEUCEE2M05G,prim,10-2,10.0,2000.0,8,2554.4000000059605,2176.0,3456.3999999910593,7096.399999991059,2036.8999999910593,3490.6499999910593,4159.949999988079,,,,,,,,,,,,,,,,,,,,
A2LJ1FRUYGW469,ns,10-2,10.0,2000.0,4,5320.39999961853,4352.75,,,,,,,,,,,,,,,,,,,,,,,,,
A2LJ1FRUYGW469,ns,10-2,10.0,2000.0,5,6807.699999809265,5498.85000038147,,3725.550000190735,,,,,,,,,,,,,,,,,,,,,,,
A2LJ1FRUYGW469,ns,10-2,10.0,2000.0,6,3642.9916665473334,5261.50833347626,4962.912500023842,4739.193749928381,10028.874999947018,,,,,,,,,,,,,,,,,,,,,,
A2LJ1FRUYGW469,ns,10-2,10.0,2000.0,7,10132.933333237967,6171.158333313651,4673.237499936329,4442.612499960077,5347.533333539963,5490.533333432861,,,,,,,,,,,,,,,,,,,,,
A2LJ1FRUYGW469,ns,10-2,10.0,2000.0,8,5248.670833178408,4211.497500002477,5541.393749964307,5515.6187498332,5822.580000102544,4595.36124997125,6516.512500178884,,,,,,,,,,,,,,,,,,,,
A2LJ1FRUYGW469,ns,10-2,10.0,2000.0,9,5686.433333301606,6180.166666857587,4069.2000000638263,3928.2333333333954,6267.450000254126,6181.983333397036,7482.583333301358,5932.550000190735,,,,,,,,,,,,,,,,,,,
A2M183CETUMR96,rec,10-2,10.0,2000.0,3,1669.7000000011176,4392.39999999851,,,,,,,,,,,,,,,,,,,,,,,,,
A2M183CETUMR96,rec,10-2,10.0,2000.0,4,1885.7000000011176,,10296.099999999627,,,,,,,,,,,,,,,,,,,,,,,,
A2M183CETUMR96,rec,10-2,10.0,2000.0,5,2412.7333333333954,2388.0500000002794,3801.700000000497,12668.100000000248,,,,,,,,,,,,,,,,,,,,,,,
A2M183CETUMR96,rec,10-2,10.0,2000.0,6,1639.9111111108214,3673.866666666077,2283.1027777780673,11721.255555556776,2138.5166666653627,,,,,,,,,,,,,,,,,,,,,,
A2M183CETUMR96,rec,10-2,10.0,2000.0,7,2230.011111110242,4410.966666666377,2079.9000000001656,7161.422222222099,4057.5,7065.788888888847,,,,,,,,,,,,,,,,,,,,,
A2M183CETUMR96,rec,10-2,10.0,2000.0,8,2569.040624999752,2576.4072916664495,1857.2422619043473,5038.610416667458,2562.4956249997017,13503.761249999889,10151.767708332822,,,,,,,,,,,,,,,,,,,,
A2M183CETUMR96,rec,10-2,10.0,2000.0,9,1659.2333333337058,2502.3000000001243,1191.0666666664185,4654.600000000249,3829.899999999752,9648.599999999627,10931.933333333582,15665.200000000497,,,,,,,,,,,,,,,,,,,
A2M183CETUMR96,rec,10-2,10.0,2000.0,10,1671.916666666977,2186.1000000008694,2398.083333334265,4447.483333334017,1482.4666666674118,7231.8166666670395,2625.366666667474,27951.766666665982,5244.116666665611,,,,,,,,,,,,,,,,,,
A2MUOD1JHWJ735,ns,10-2,10.0,2000.0,4,1291.9000000953674,,2487.699999809265,,,,,,,,,,,,,,,,,,,,,,,,
A2MUOD1JHWJ735,ns,10-2,10.0,2000.0,6,1887.5999999642372,2600.8666666150093,2510.133333245913,14292.433333257834,6723.933333218098,,,,,,,,,,,,,,,,,,,,,,
A2MUOD1JHWJ735,ns,10-2,10.0,2000.0,7,1935.5666666862865,3945.2374999461076,2954.1625000250833,3712.587499946356,2118.862499974668,3599.0583333310983,,,,,,,,,,,,,,,,,,,,,
A2MUOD1JHWJ735,ns,10-2,10.0,2000.0,8,1997.2958332927278,2067.849999985844,3065.445833325386,5292.308333352208,4126.658333286643,5183.665000025183,3967.1266666657393,,,,,,,,,,,,,,,,,,,,
A2MUOD1JHWJ735,ns,10-2,10.0,2000.0,9,1720.059999981895,1985.878750009835,2137.216249956563,3794.602083316694,2773.91874996908,2735.566666616996,4583.967500050739,7646.850833345454,,,,,,,,,,,,,,,,,,,
A2MUOD1JHWJ735,ns,10-2,10.0,2000.0,10,1391.7999999986757,1741.4777778055934,1781.3111111852857,2013.8444444735844,3190.7555555237664,1439.222222222222,3125.8222221467236,5703.422222269906,7829.000000009934,,,,,,,,,,,,,,,,,,
A2NXMRPHG86N2T,ns,10-2,10.0,2000.0,4,2490.9000000059605,3376.4499999973923,3075.8499999940404,,,,,,,,,,,,,,,,,,,,,,,,
A2NXMRPHG86N2T,ns,10-2,10.0,2000.0,5,3282.7000000017383,3451.316666668281,2891.383333332216,8228.599999997765,,,,,,,,,,,,,,,,,,,,,,,
A2NXMRPHG86N2T,ns,10-2,10.0,2000.0,6,3535.450000002204,3591.0874999984326,4110.279166663376,8499.759999999218,4620.824999999721,,,,,,,,,,,,,,,,,,,,,,
A2NXMRPHG86N2T,ns,10-2,10.0,2000.0,7,3282.6250000003956,3321.177500000107,3400.6879166683957,3428.386250001821,3377.291249999404,6364.924999999038,,,,,,,,,,,,,,,,,,,,,
A2NXMRPHG86N2T,ns,10-2,10.0,2000.0,8,3015.942222222768,3168.5311111133137,3210.0466666683137,3128.535555556003,4196.266666663811,5139.699999999834,7378.660000001226,,,,,,,,,,,,,,,,,,,,
A2NXMRPHG86N2T,ns,10-2,10.0,2000.0,9,3091.20000000298,3398.79999999702,1820.0999999940395,2871.4000000059605,2583.89999999106,5533.100000008941,3091.89999999106,3660.79999999702,,,,,,,,,,,,,,,,,,,
A2PQDK3MLDFXYM,rec,10-2,10.0,2000.0,4,1546.6500000208616,1526.550000011921,1330.2500000149012,,,,,,,,,,,,,,,,,,,,,,,,
A2PQDK3MLDFXYM,rec,10-2,10.0,2000.0,5,2417.5999999940395,1450.0999999940395,,1907.0,,,,,,,,,,,,,,,,,,,,,,,
A2PQDK3MLDFXYM,rec,10-2,10.0,2000.0,6,1280.6083333405356,2003.2500000270084,3331.7374999821186,3721.512500010431,6614.750000025146,,,,,,,,,,,,,,,,,,,,,,
A2PQDK3MLDFXYM,rec,10-2,10.0,2000.0,7,1582.4058332925663,1587.874999982491,1758.3674999663608,5835.949166663426,2608.737500022631,6746.409166655318,,,,,,,,,,,,,,,,,,,,,
A2PQDK3MLDFXYM,rec,10-2,10.0,2000.0,8,1489.5875000318822,1990.1687499808613,1953.1854166716803,2337.6250000052773,2917.835416678184,5956.462500013411,1421.1145833404735,,,,,,,,,,,,,,,,,,,,
A2PQDK3MLDFXYM,rec,10-2,10.0,2000.0,9,1780.841666678898,1881.1083333383622,1899.0458333240822,3959.000000014901,5590.258333373815,4499.0291666658595,7169.7708333265045,1894.137500007637,,,,,,,,,,,,,,,,,,,
A2PQDK3MLDFXYM,rec,10-2,10.0,2000.0,10,1677.01499998644,1130.0500000065192,1297.1199999945238,1952.2450000163167,1895.1050000108778,5514.8000000089405,2793.5699999948965,7663.008333339976,3709.8799999954176,,,,,,,,,,,,,,,,,,
A2QRJKXTK4JDD8,ns,10-2,10.0,2000.0,2,13633.0,,,,,,,,,,,,,,,,,,,,,,,,,,
A2QRJKXTK4JDD8,ns,10-2,10.0,2000.0,3,3020.0,3019.0,,,,,,,,,,,,,,,,,,,,,,,,,
A2QRJKXTK4JDD8,ns,10-2,10.0,2000.0,4,3926.0,5669.333333333333,3579.3333333333335,,,,,,,,,,,,,,,,,,,,,,,,
A2QRJKXTK4JDD8,ns,10-2,10.0,2000.0,5,7917.083333333333,6303.833333333334,4716.5,4644.0,,,,,,,,,,,,,,,,,,,,,,,
A2QRJKXTK4JDD8,ns,10-2,10.0,2000.0,6,4772.222222222223,5615.875,3831.0,4701.5,4453.6875,,,,,,,,,,,,,,,,,,,,,,
A2QRJKXTK4JDD8,ns,10-2,10.0,2000.0,7,4700.222222222223,5266.633333333333,4695.979166666667,4747.85,4465.555555555556,3951.333333333333,,,,,,,,,,,,,,,,,,,,,
A2QRJKXTK4JDD8,ns,10-2,10.0,2000.0,8,4774.25,7200.75,7519.0,4521.5,4587.0,5295.0,10909.5,,,,,,,,,,,,,,,,,,,,
A2QRJKXTK4JDD8,ns,10-2,10.0,2000.0,9,14696.0,2791.0,3867.0,3991.0,,4334.0,3373.0,2757.0,,,,,,,,,,,,,,,,,,,
A2QRJKXTK4JDD8,ns,10-2,10.0,2000.0,10,3218.0,3366.0,4087.0,4917.0,4985.0,5296.0,3740.0,3868.0,4668.0,,,,,,,,,,,,,,,,,,
A2R970Q1Q2A6DJ,prim,10-2,10.0,2000.0,2,6387.925000011921,,,,,,,,,,,,,,,,,,,,,,,,,,
A2R970Q1Q2A6DJ,prim,10-2,10.0,2000.0,3,7246.950000007947,5019.008333345254,,,,,,,,,,,,,,,,,,,,,,,,,
A2R970Q1Q2A6DJ,prim,10-2,10.0,2000.0,4,6507.437499967714,5270.769583345453,6219.5783334006865,,,,,,,,,,,,,,,,,,,,,,,,
A2R970Q1Q2A6DJ,prim,10-2,10.0,2000.0,5,5313.261111150186,4886.333333343267,5263.944444474247,4495.583333348234,,,,,,,,,,,,,,,,,,,,,,,
A2R970Q1Q2A6DJ,prim,10-2,10.0,2000.0,6,8130.583333368103,5675.675000026822,7375.933333317439,5521.86666674912,4822.216666658719,,,,,,,,,,,,,,,,,,,,,,
A2R970Q1Q2A6DJ,prim,10-2,10.0,2000.0,7,4335.299999952316,4826.099999964237,6465.700000047684,4019.9999999403954,4110.800000011921,3802.949999988079,,,,,,,,,,,,,,,,,,,,,
A2VIKZ73Y5ABHM,ns,10-2,10.0,2000.0,4,,,1849.0,,,,,,,,,,,,,,,,,,,,,,,,
A2VIKZ73Y5ABHM,ns,10-2,10.0,2000.0,6,2469.3333333333335,3411.75,1538.5,4255.0,1670.1666666666667,,,,,,,,,,,,,,,,,,,,,,
A2VIKZ73Y5ABHM,ns,10-2,10.0,2000.0,7,2270.2833333333333,2327.3333333333335,1885.3333333333333,2544.9375,1900.75,4791.8,,,,,,,,,,,,,,,,,,,,,
A2VIKZ73Y5ABHM,ns,10-2,10.0,2000.0,8,2292.25,1590.3333333333333,2218.875,2553.3541666666665,2184.875,2246.979166666667,1759.0277777777776,,,,,,,,,,,,,,,,,,,,
A2VIKZ73Y5ABHM,ns,10-2,10.0,2000.0,9,4259.833333333334,2424.35,3096.25,1542.0666666666666,2084.866666666667,2330.1875,1921.4375,2467.633333333333,,,,,,,,,,,,,,,,,,,
A2VIKZ73Y5ABHM,ns,10-2,10.0,2000.0,10,2686.0,1624.888888888889,1935.6666666666667,2190.6666666666665,1717.9444444444446,2086.777777777778,2351.6666666666665,2069.5,2495.916666666667,,,,,,,,,,,,,,,,,,
A2WYZLG8J526TQ,prim,10-2,10.0,2000.0,4,3748.0,3928.0,,,,,,,,,,,,,,,,,,,,,,,,,
A2WYZLG8J526TQ,prim,10-2,10.0,2000.0,5,3049.0,3272.0,6398.5,3011.0,,,,,,,,,,,,,,,,,,,,,,,
A2WYZLG8J526TQ,prim,10-2,10.0,2000.0,6,8897.0,7498.625,4182.166666666666,3557.5,4171.333333333333,,,,,,,,,,,,,,,,,,,,,,
A2WYZLG8J526TQ,prim,10-2,10.0,2000.0,7,2922.416666666667,3595.833333333333,3039.666666666667,4332.714285714286,7984.916666666667,4279.333333333334,,,,,,,,,,,,,,,,,,,,,
A2WYZLG8J526TQ,prim,10-2,10.0,2000.0,8,3727.0,3801.25,3047.25,4121.75,4320.75,3066.25,7452.333333333333,,,,,,,,,,,,,,,,,,,,
A2WYZLG8J526TQ,prim,10-2,10.0,2000.0,9,6573.5,2595.0,3684.5,7817.0,3571.5,11847.0,3790.5,2683.5,,,,,,,,,,,,,,,,,,,
A33X52IN60MSOE,rec,10-2,10.0,2000.0,4,5731.764999999106,12368.375,14861.08749999851,,,,,,,,,,,,,,,,,,,,,,,,
A33X52IN60MSOE,rec,10-2,10.0,2000.0,5,6813.166666666667,9109.83750000596,9631.67499999702,11156.52499999851,,,,,,,,,,,,,,,,,,,,,,,
A33X52IN60MSOE,rec,10-2,10.0,2000.0,6,3737.058333339791,6131.108333331844,5688.391666665673,9078.058333341032,16388.712499992922,,,,,,,,,,,,,,,,,,,,,,
A33X52IN60MSOE,rec,10-2,10.0,2000.0,7,1736.7999999970198,1648.2000000029802,2469.1000000089407,6439.5,10719.20000000298,2053.1000000089407,,,,,,,,,,,,,,,,,,,,,
A33X52IN60MSOE,rec,10-2,10.0,2000.0,8,3088.39999999851,5072.199999988079,3694.1500000059605,2361.8999999910593,8611.35000000894,11926.65000001341,11536.14999999851,,,,,,,,,,,,,,,,,,,,
A348NEQKS6VNIB,rec,10-2,10.0,2000.0,3,,,,,,,,,,,,,,,,,,,,,,,,,,,
A348NEQKS6VNIB,rec,10-2,10.0,2000.0,4,6057.958333343267,9539.966666673621,6621.47500000149,,,,,,,,,,,,,,,,,,,,,,,,
A348NEQKS6VNIB,rec,10-2,10.0,2000.0,5,3326.112500011921,3958.9749999828637,3776.362499985844,6412.683333327373,,,,,,,,,,,,,,,,,,,,,,,
A348NEQKS6VNIB,rec,10-2,10.0,2000.0,6,4494.92222218381,3638.5222222175867,5869.466666671965,5257.522222197718,17898.305555582047,,,,,,,,,,,,,,,,,,,,,,
A348NEQKS6VNIB,rec,10-2,10.0,2000.0,7,4913.8645833274795,5052.055952390833,5365.2925595318275,4289.839880943476,5812.8312500034945,8010.965416659166,,,,,,,,,,,,,,,,,,,,,
A348NEQKS6VNIB,rec,10-2,10.0,2000.0,8,3875.6750000081956,3541.445833345254,4310.408333316445,5593.666666644315,5047.9749999940395,5742.116666679581,10763.283333326379,,,,,,,,,,,,,,,,,,,,
A348NEQKS6VNIB,rec,10-2,10.0,2000.0,9,4546.599999964237,4440.799999952316,5682.199999988079,15897.100000023842,6145.600000023842,5531.5,17738.0,7578.900000035763,,,,,,,,,,,,,,,,,,,
A349BBTU7L597J,ns,10-2,10.0,2000.0,2,3909.729166621963,,,,,,,,,,,,,,,,,,,,,,,,,,
A349BBTU7L597J,ns,10-2,10.0,2000.0,3,7995.358333312596,5809.124999953434,,,,,,,,,,,,,,,,,,,,,,,,,
A349BBTU7L597J,ns,10-2,10.0,2000.0,4,15496.749999980133,5167.522222227521,5442.727777805593,,,,,,,,,,,,,,,,,,,,,,,,
A349BBTU7L597J,ns,10-2,10.0,2000.0,5,9116.45000000298,5306.04999999702,7145.200000286102,5355.050000190735,,,,,,,,,,,,,,,,,,,,,,,
A349BBTU7L597J,ns,10-2,10.0,2000.0,6,11679.0,9315.199999809263,9218.299999713898,,7192.800000190735,,,,,,,,,,,,,,,,,,,,,,
A3C8JI69WPTKWH,rec,10-2,10.0,2000.0,7,1245.9499999731781,3305.899999961257,3194.4500000029802,2450.4500000327826,4014.149999946356,12363.0,,,,,,,,,,,,,,,,,,,,,
A3C8JI69WPTKWH,rec,10-2,10.0,2000.0,8,1710.5791666184864,2032.962499966224,2473.995833369593,2017.8916666731238,2654.2541666428247,2670.912499969204,6788.412500033775,,,,,,,,,,,,,,,,,,,,
A3C8JI69WPTKWH,rec,10-2,10.0,2000.0,9,1548.5458333057663,2042.956250011921,2005.2333333517115,2243.697916664183,2280.270833318929,2647.052083340784,3132.691666642825,7214.769583354394,,,,,,,,,,,,,,,,,,,
A3C8JI69WPTKWH,rec,10-2,10.0,2000.0,10,1412.695833336562,1796.933333300054,1857.370833326131,1934.0312500285606,2430.165000026176,2279.6541667059064,1946.272916679581,3540.899999976158,6178.71041664357,,,,,,,,,,,,,,,,,,
A3CE7DTHIB76UK,ns,10-2,10.0,2000.0,2,3618.700000047684,,,,,,,,,,,,,,,,,,,,,,,,,,
A3CE7DTHIB76UK,ns,10-2,10.0,2000.0,3,6921.850000023842,12515.15000001341,,,,,,,,,,,,,,,,,,,,,,,,,
A3CE7DTHIB76UK,ns,10-2,10.0,2000.0,4,5499.666666660044,7469.383333338632,6722.825000010431,,,,,,,,,,,,,,,,,,,,,,,,
A3CE7DTHIB76UK,ns,10-2,10.0,2000.0,5,6410.325000009188,5803.079166664432,4680.633333341529,6422.595833320171,,,,,,,,,,,,,,,,,,,,,,,
A3CE7DTHIB76UK,ns,10-2,10.0,2000.0,6,5566.9916666559875,5650.583333361273,5096.612499963492,4589.70000000298,6071.177777776287,,,,,,,,,,,,,,,,,,,,,,
A3CE7DTHIB76UK,ns,10-2,10.0,2000.0,7,4477.266666681816,5996.766666668985,6635.562500003725,6942.80000000447,5261.799999977152,5752.333333333334,,,,,,,,,,,,,,,,,,,,,
A3CE7DTHIB76UK,ns,10-2,10.0,2000.0,8,3601.0000000298023,3553.800000011921,4289.150000035763,4834.624999970198,4014.4500000178814,4290.824999988079,7658.449999988079,,,,,,,,,,,,,,,,,,,,
A3G55RJTW3BSGM,ns,10-2,10.0,2000.0,3,1066.7999999523165,922.5,,,,,,,,,,,,,,,,,,,,,,,,,
A3G55RJTW3BSGM,ns,10-2,10.0,2000.0,4,1094.5770834833384,1576.8458333710828,2187.162500023842,,,,,,,,,,,,,,,,,,,,,,,,
A3G55RJTW3BSGM,ns,10-2,10.0,2000.0,5,1341.4621428796222,1186.037857141665,1727.2860714285148,2751.1196427949835,,,,,,,,,,,,,,,,,,,,,,,
A3G55RJTW3BSGM,ns,10-2,10.0,2000.0,6,1391.3083334306875,1204.9575000405312,1311.5494445350434,1925.202222254541,2244.637500027816,,,,,,,,,,,,,,,,,,,,,,
A3G55RJTW3BSGM,ns,10-2,10.0,2000.0,7,1156.4750000238419,822.2500001192093,1592.1000000238419,1025.8250000476837,1808.1499999761581,3919.100000143051,,,,,,,,,,,,,,,,,,,,,
A3GC5Q5CLI4NWZ,prim,10-2,10.0,2000.0,4,3889.5,3706.0,68316.0,,,,,,,,,,,,,,,,,,,,,,,,
A3GC5Q5CLI4NWZ,prim,10-2,10.0,2000.0,6,,13155.0,,,3657.0,,,,,,,,,,,,,,,,,,,,,,
A3GC5Q5CLI4NWZ,prim,10-2,10.0,2000.0,7,5285.166666666666,4630.322222222222,4584.291666666666,4197.458333333333,7925.375,9106.55,,,,,,,,,,,,,,,,,,,,,
A3GC5Q5CLI4NWZ,prim,10-2,10.0,2000.0,8,3962.7666666666664,3861.7916666666665,5056.777777777778,6893.683333333333,8197.483333333334,4500.4375,3493.8,,,,,,,,,,,,,,,,,,,,
A3GC5Q5CLI4NWZ,prim,10-2,10.0,2000.0,9,5765.583333333333,3124.375,4701.5,5033.625,6487.208333333333,4565.958333333334,4205.38888888889,4936.875,,,,,,,,,,,,,,,,,,,
A3GC5Q5CLI4NWZ,prim,10-2,10.0,2000.0,10,3989.666666666667,4371.0,3481.625,4059.375,3284.291666666667,4225.5,4247.291666666666,5545.375,5890.458333333334,,,,,,,,,,,,,,,,,,
A3J55BJGV95JKH,ns,10-2,10.0,2000.0,3,4499.0,16191.300000190737,,,,,,,,,,,,,,,,,,,,,,,,,
A3J55BJGV95JKH,ns,10-2,10.0,2000.0,4,4098.033333321412,4657.583333353202,8147.183333277702,,,,,,,,,,,,,,,,,,,,,,,,
A3J55BJGV95JKH,ns,10-2,10.0,2000.0,5,3357.089166650176,3757.5833333452542,4720.492083302141,4511.834166673819,,,,,,,,,,,,,,,,,,,,,,,
A3J55BJGV95JKH,ns,10-2,10.0,2000.0,6,3762.498958326876,4145.729166638106,4121.680208332837,4189.607291662444,5166.9385416520145,,,,,,,,,,,,,,,,,,,,,,
A3J55BJGV95JKH,ns,10-2,10.0,2000.0,7,2017.5,5090.5,3432.6999999284744,3786.3000000715256,4547.100000023842,5905.0,,,,,,,,,,,,,,,,,,,,,
A3MJQ51KN9CMQ4,prim,10-2,10.0,2000.0,2,6670.5,,,,,,,,,,,,,,,,,,,,,,,,,,
A3MJQ51KN9CMQ4,prim,10-2,10.0,2000.0,3,3550.0,4081.0,,,,,,,,,,,,,,,,,,,,,,,,,
A3MJQ51KN9CMQ4,prim,10-2,10.0,2000.0,4,6186.0,11098.0,6794.75,,,,,,,,,,,,,,,,,,,,,,,,
A3MJQ51KN9CMQ4,prim,10-2,10.0,2000.0,5,4151.0,3497.25,7431.666666666667,9476.875,,,,,,,,,,,,,,,,,,,,,,,
A3MJQ51KN9CMQ4,prim,10-2,10.0,2000.0,6,3631.5833333333335,6705.916666666666,3224.7083333333335,5092.75,5960.666666666667,,,,,,,,,,,,,,,,,,,,,,
A3MJQ51KN9CMQ4,prim,10-2,10.0,2000.0,7,3039.2777777777774,3335.3888888888887,3760.5,4990.333333333333,11739.22222222222,4813.555555555556,,,,,,,,,,,,,,,,,,,,,
A3MJQ51KN9CMQ4,prim,10-2,10.0,2000.0,8,4245.583333333333,3045.3333333333335,7169.61111111111,4098.533333333334,4338.333333333333,6059.933333333333,13922.77777777778,,,,,,,,,,,,,,,,,,,,
A3MJQ51KN9CMQ4,prim,10-2,10.0,2000.0,9,13407.0,4086.0,4770.0,5963.0,11508.0,2909.0,14520.0,9627.0,,,,,,,,,,,,,,,,,,,
A3MOL1L9V4BUGH,ns,10-2,10.0,2000.0,2,,,,,,,,,,,,,,,,,,,,,,,,,,,
A3MOL1L9V4BUGH,ns,10-2,10.0,2000.0,3,4022.775000035763,25744.699999809265,,,,,,,,,,,,,,,,,,,,,,,,,
A3MOL1L9V4BUGH,ns,10-2,10.0,2000.0,4,4262.833333353201,9721.625,4917.724999964237,,,,,,,,,,,,,,,,,,,,,,,,
A3MOL1L9V4BUGH,ns,10-2,10.0,2000.0,5,2735.4249999970198,5842.039999992153,3323.393333276113,4520.050000020614,,,,,,,,,,,,,,,,,,,,,,,
A3MOL1L9V4BUGH,ns,10-2,10.0,2000.0,6,4087.783333348731,3210.80000005828,2956.2416666361196,3585.8333333465794,5497.75,,,,,,,,,,,,,,,,,,,,,,
A3MOL1L9V4BUGH,ns,10-2,10.0,2000.0,7,5297.949999976903,4155.100000029695,3685.7388889061076,4127.970833340039,5208.574999997127,5375.497619052728,,,,,,,,,,,,,,,,,,,,,
A3MOL1L9V4BUGH,ns,10-2,10.0,2000.0,8,3844.200000047684,3668.700000047684,3414.999999951571,3176.5999999269843,4960.499999951571,3885.499999973923,4630.0500000454485,,,,,,,,,,,,,,,,,,,,
A3MOL1L9V4BUGH,ns,10-2,10.0,2000.0,9,3502.6749999045087,6625.170000001043,4252.733333332464,4133.624999977027,5305.616666668405,4041.8899999521673,3421.6583333338303,6267.800000024339,,,,,,,,,,,,,,,,,,,
A3MOL1L9V4BUGH,ns,10-2,10.0,2000.0,10,2853.5499999970198,3961.25,5452.75,3784.400000002235,5313.150000002235,3839.25,4993.199999999255,3559.0,5366.30000000447,,,,,,,,,,,,,,,,,,
A3NAONPCTVT6P1,ns,10-2,10.0,2000.0,2,4870.699999988079,,,,,,,,,,,,,,,,,,,,,,,,,,
A3NAONPCTVT6P1,ns,10-2,10.0,2000.0,3,5436.799999982119,3242.5,,,,,,,,,,,,,,,,,,,,,,,,,
A3NAONPCTVT6P1,ns,10-2,10.0,2000.0,4,3003.0499999970198,3045.5,4802.59999999404,,,,,,,,,,,,,,,,,,,,,,,,
A3NAONPCTVT6P1,ns,10-2,10.0,2000.0,5,4449.637500017881,4488.283333311479,4619.11250000447,6816.900000015895,,,,,,,,,,,,,,,,,,,,,,,
A3NAONPCTVT6P1,ns,10-2,10.0,2000.0,6,5061.345833323896,4922.683333354692,3819.2374999970198,4574.843749990066,9138.058333329856,,,,,,,,,,,,,,,,,,,,,,
A3NAONPCTVT6P1,ns,10-2,10.0,2000.0,7,3845.6520833236477,5131.7062499877065,4392.879166685045,4857.375000007451,3231.445833337804,3971.5979166924953,,,,,,,,,,,,,,,,,,,,,
A3NAONPCTVT6P1,ns,10-2,10.0,2000.0,8,3317.5333333379695,4874.9791666393485,3460.160416673869,3304.633333347738,3368.95416667064,5095.87500002111,7221.858333326876,,,,,,,,,,,,,,,,,,,,
A3NAONPCTVT6P1,ns,10-2,10.0,2000.0,9,2641.7500000447035,4465.20000000298,4317.450000047684,5033.749999985099,3343.4000000208616,3835.1999999582763,4824.400000020862,16352.149999976158,,,,,,,,,,,,,,,,,,,
A3PJY7THMUIR4M,ns,10-2,10.0,2000.0,2,8643.5,,,,,,,,,,,,,,,,,,,,,,,,,,
A3PJY7THMUIR4M,ns,10-2,10.0,2000.0,3,5411.5,14831.0,,,,,,,,,,,,,,,,,,,,,,,,,
A3PJY7THMUIR4M,ns,10-2,10.0,2000.0,4,4326.833333333333,5346.416666666667,10281.166666666666,,,,,,,,,,,,,,,,,,,,,,,,
A3PJY7THMUIR4M,ns,10-2,10.0,2000.0,5,5162.333333333333,3681.1666666666665,5588.5,5416.416666666667,,,,,,,,,,,,,,,,,,,,,,,
A3PJY7THMUIR4M,ns,10-2,10.0,2000.0,6,3117.3333333333335,2085.3333333333335,1966.3333333333333,2815.0,2180.5,,,,,,,,,,,,,,,,,,,,,,
A3PJY7THMUIR4M,ns,10-2,10.0,2000.0,7,6235.066666666667,4061.5333333333333,2411.7999999999997,2286.6,5137.166666666667,3687.6666666666665,,,,,,,,,,,,,,,,,,,,,
A3PJY7THMUIR4M,ns,10-2,10.0,2000.0,8,1633.5,1120.0,1561.5,1775.0,1347.5,920.5,782.0,,,,,,,,,,,,,,,,,,,,
A3VV3MW68CALXS,prim,10-2,10.0,2000.0,2,4245.0,,,,,,,,,,,,,,,,,,,,,,,,,,
A3VV3MW68CALXS,prim,10-2,10.0,2000.0,3,6288.11111111111,6664.0,,,,,,,,,,,,,,,,,,,,,,,,,
A3VV3MW68CALXS,prim,10-2,10.0,2000.0,4,3496.0,4040.3333333333335,4040.6666666666665,,,,,,,,,,,,,,,,,,,,,,,,
A3VV3MW68CALXS,prim,10-2,10.0,2000.0,5,6808.6,6350.25,5505.208333333333,4607.666666666667,,,,,,,,,,,,,,,,,,,,,,,
A3VV3MW68CALXS,prim,10-2,10.0,2000.0,6,5948.222222222223,3858.5,5628.5,5336.0,5065.833333333333,,,,,,,,,,,,,,,,,,,,,,
A3VV3MW68CALXS,prim,10-2,10.0,2000.0,7,,8274.0,6747.0,3371.0,4640.0,5018.0,,,,,,,,,,,,,,,,,,,,,
A3VV3MW68CALXS,prim,10-2,10.0,2000.0,8,3989.0,3088.0,6079.0,3913.0,,4700.0,,,,,,,,,,,,,,,,,,,,,
A489K1IFOM4JW,prim,10-2,10.0,2000.0,4,4753.0,3666.0,3634.0,,,,,,,,,,,,,,,,,,,,,,,,
A489K1IFOM4JW,prim,10-2,10.0,2000.0,5,3648.375,3949.4375,3217.5,4006.866666666667,,,,,,,,,,,,,,,,,,,,,,,
A489K1IFOM4JW,prim,10-2,10.0,2000.0,6,4391.333333333333,3875.9666666666667,4131.7555555555555,5066.133333333334,3168.6111111111113,,,,,,,,,,,,,,,,,,,,,,
A489K1IFOM4JW,prim,10-2,10.0,2000.0,7,3937.194444444445,3397.555555555555,4349.916666666667,5593.805555555555,3984.0,2991.75,,,,,,,,,,,,,,,,,,,,,
A489K1IFOM4JW,prim,10-2,10.0,2000.0,8,3086.1041666666665,5020.25,3686.555555555555,3604.1458333333335,6711.541666666667,5309.291666666667,3212.4583333333335,,,,,,,,,,,,,,,,,,,,
A489K1IFOM4JW,prim,10-2,10.0,2000.0,9,3812.5,2796.5,6303.0,3676.0,4289.0,3446.5,4402.0,2574.5,,,,,,,,,,,,,,,,,,,
A49HPQ9P5AHU4,ns,10-2,10.0,2000.0,4,2315.3499999940395,1562.9000000357628,4036.050000011921,,,,,,,,,,,,,,,,,,,,,,,,
A49HPQ9P5AHU4,ns,10-2,10.0,2000.0,5,4219.75,2692.900000035763,1792.300000011921,2227.650000035763,,,,,,,,,,,,,,,,,,,,,,,
A49HPQ9P5AHU4,ns,10-2,10.0,2000.0,6,4116.949999988079,1630.1666666865349,2448.416666646798,1578.9333332975707,5867.783333301544,,,,,,,,,,,,,,,,,,,,,,
A49HPQ9P5AHU4,ns,10-2,10.0,2000.0,7,1978.5499999920528,2028.3916666408381,2104.2416666448116,2030.183333337307,2741.841666658719,2266.5250000208616,,,,,,,,,,,,,,,,,,,,,
A49HPQ9P5AHU4,ns,10-2,10.0,2000.0,8,1853.0400000214577,2259.099999991059,2562.354999983311,2626.2650000065564,1638.7249999761582,1899.515000024438,2648.4299999982118,,,,,,,,,,,,,,,,,,,,
A49HPQ9P5AHU4,ns,10-2,10.0,2000.0,9,2072.4749999940395,1581.7750000357628,2980.199999988079,1830.1500000059605,2876.5999999940395,1262.2999999821186,1496.3750000298023,2700.5000000298023,,,,,,,,,,,,,,,,,,,
A49HPQ9P5AHU4,ns,10-2,10.0,2000.0,10,1907.2999999523165,1723.5,3220.5,1524.0999999046326,1620.1999999284744,2204.600000023842,1939.1999999284744,1541.100000023842,1285.0,,,,,,,,,,,,,,,,,,
A55MEA9LQASZH,rec,10-2,10.0,2000.0,2,,,,,,,,,,,,,,,,,,,,,,,,,,,
A55MEA9LQASZH,rec,10-2,10.0,2000.0,3,3577.800000190735,,,,,,,,,,,,,,,,,,,,,,,,,,
A55MEA9LQASZH,rec,10-2,10.0,2000.0,4,4717.861111069719,4427.400000095367,6771.627777691516,,,,,,,,,,,,,,,,,,,,,,,,
A55MEA9LQASZH,rec,10-2,10.0,2000.0,5,10746.56666666435,4976.316666647792,5483.41666679581,6911.650000115235,,,,,,,,,,,,,,,,,,,,,,,
A55MEA9LQASZH,rec,10-2,10.0,2000.0,6,3266.249999953434,3360.9833332722387,4259.399999953806,5195.949999933441,5901.762500023469,,,,,,,,,,,,,,,,,,,,,,
A55MEA9LQASZH,rec,10-2,10.0,2000.0,7,4149.697222299046,5090.758333327249,4936.7416666994495,4438.987500106916,4665.333333348855,4440.483333364129,,,,,,,,,,,,,,,,,,,,,
A55MEA9LQASZH,rec,10-2,10.0,2000.0,8,3272.4250001460314,3863.9499998539686,7288.125,3332.3500000461936,2804.149999976158,7119.375000096858,3655.6250000931327,,,,,,,,,,,,,,,,,,,,
A55MEA9LQASZH,rec,10-2,10.0,2000.0,9,4292.483333349228,5037.016666650772,4742.683333317439,4384.955555597941,3338.216666618983,5180.011111047533,4361.577777809567,5019.900000042385,,,,,,,,,,,,,,,,,,,
A5P12YJP805RG,ns,10-2,10.0,2000.0,3,1474.9499999682107,2086.2999999523163,,,,,,,,,,,,,,,,,,,,,,,,,
A5P12YJP805RG,ns,10-2,10.0,2000.0,4,2120.470833271742,1929.0416666567326,6362.962499931455,,,,,,,,,,,,,,,,,,,,,,,,
A5P12YJP805RG,ns,10-2,10.0,2000.0,5,1645.8316666662693,1730.7133333325387,2729.3883333782355,3863.5508333231014,,,,,,,,,,,,,,,,,,,,,,,
A5P12YJP805RG,ns,10-2,10.0,2000.0,6,1666.5516666273277,1734.3608333458503,1709.0233333309493,2517.3258333394924,4066.037499955545,,,,,,,,,,,,,,,,,,,,,,
A5P12YJP805RG,ns,10-2,10.0,2000.0,7,1572.1333332657814,1552.066666662693,2028.2999999920528,1759.8999998966854,4257.349999984105,11435.766666611036,,,,,,,,,,,,,,,,,,,,,
A5P12YJP805RG,ns,10-2,10.0,2000.0,8,1040.1500000953674,1360.4500000476837,1409.25,1252.3999998569489,23257.099999666214,3536.550000190735,6423.450000047684,,,,,,,,,,,,,,,,,,,,
A5TWD5QD99GZY,rec,10-2,10.0,2000.0,5,1515.699999988079,1195.9000000059605,1851.9000000059605,15042.19999998808,,,,,,,,,,,,,,,,,,,,,,,
A5TWD5QD99GZY,rec,10-2,10.0,2000.0,6,2482.9500000029802,2111.199999988079,1827.2999999970198,1803.75,2027.0000000149012,,,,,,,,,,,,,,,,,,,,,,
A5TWD5QD99GZY,rec,10-2,10.0,2000.0,7,1973.3133333245914,2042.559999994437,1768.9083333214123,2246.5000000059604,3488.425000011921,2278.3266666650775,,,,,,,,,,,,,,,,,,,,,
A5TWD5QD99GZY,rec,10-2,10.0,2000.0,8,2155.9020833298564,1925.2954166658221,2121.958333337059,3184.56666666766,4714.720833330726,2682.5979166657976,12296.529166664928,,,,,,,,,,,,,,,,,,,,
A5TWD5QD99GZY,rec,10-2,10.0,2000.0,9,2063.3750000037253,2295.6875000018626,2636.4937500059605,2784.262500004843,4633.706249991432,2189.1687499973923,11082.649999994785,4917.125000007451,,,,,,,,,,,,,,,,,,,
A5TWD5QD99GZY,rec,10-2,10.0,2000.0,10,1954.8250000079472,2276.1833333298564,1970.5,2069.575000000497,2471.0583333435156,6345.533333325137,5004.833333329608,10858.241666663438,2075.841666671137,,,,,,,,,,,,,,,,,,
A63UHNWYOV5LE,ns,10-2,10.0,2000.0,2,6554.541666666667,,,,,,,,,,,,,,,,,,,,,,,,,,
A63UHNWYOV5LE,ns,10-2,10.0,2000.0,3,5390.2,6427.099999999999,,,,,,,,,,,,,,,,,,,,,,,,,
A63UHNWYOV5LE,ns,10-2,10.0,2000.0,4,7529.333333333333,5735.666666666666,8799.5,,,,,,,,,,,,,,,,,,,,,,,,
A63UHNWYOV5LE,ns,10-2,10.0,2000.0,5,6338.0,6566.0,8762.5,8168.5,,,,,,,,,,,,,,,,,,,,,,,
A63UHNWYOV5LE,ns,10-2,10.0,2000.0,6,7008.0,12360.0,9758.0,10131.0,19105.0,,,,,,,,,,,,,,,,,,,,,,
A63UHNWYOV5LE,ns,10-2,10.0,2000.0,7,8231.0,4653.0,8899.0,,10608.0,6815.0,,,,,,,,,,,,,,,,,,,,,
AEP8U373W5Q54,prim,10-2,10.0,2000.0,3,3563.0,2608.800000190735,,,,,,,,,,,,,,,,,,,,,,,,,
AEP8U373W5Q54,prim,10-2,10.0,2000.0,5,2944.800000190735,3522.5999999046326,3940.5,,,,,,,,,,,,,,,,,,,,,,,,
AEP8U373W5Q54,prim,10-2,10.0,2000.0,6,2637.00416692098,3234.25,2562.8249999284744,3093.4749999046326,4013.9000000953674,,,,,,,,,,,,,,,,,,,,,,
AEP8U373W5Q54,prim,10-2,10.0,2000.0,7,3207.2888889577657,3163.3966665824255,2843.1749999523163,2809.3983334938684,2835.644444359674,3744.1700000047686,,,,,,,,,,,,,,,,,,,,,
AEP8U373W5Q54,prim,10-2,10.0,2000.0,8,3768.616666754087,3639.999999920527,3320.5833333333335,3501.8333333333335,3171.7083332935968,3633.9499999682107,4324.522222227521,,,,,,,,,,,,,,,,,,,,
AEP8U373W5Q54,prim,10-2,10.0,2000.0,9,3246.822222328186,3321.2999999523163,3629.5999999364217,3524.2999999920526,3871.5850000540413,3175.0183334668477,3277.581111155616,3258.2000000211933,,,,,,,,,,,,,,,,,,,
AEP8U373W5Q54,prim,10-2,10.0,2000.0,10,2758.116667032242,2703.2000000476837,2648.3333330949145,3061.599999984105,2651.03333346049,2996.7833330631256,3019.9333333969116,3094.833333492279,4719.849999984106,,,,,,,,,,,,,,,,,,
AK2PMO5I7OCEK,prim,10-2,10.0,2000.0,2,,,,,,,,,,,,,,,,,,,,,,,,,,,
AK2PMO5I7OCEK,prim,10-2,10.0,2000.0,3,,,,,,,,,,,,,,,,,,,,,,,,,,,
AK2PMO5I7OCEK,prim,10-2,10.0,2000.0,4,8185.0,8258.0,4783.0,,,,,,,,,,,,,,,,,,,,,,,,
AK2PMO5I7OCEK,prim,10-2,10.0,2000.0,5,4054.333333333333,6331.833333333333,4672.416666666667,4369.375,,,,,,,,,,,,,,,,,,,,,,,
AK2PMO5I7OCEK,prim,10-2,10.0,2000.0,6,4269.0625,5887.375,3841.2666666666664,5013.275,4580.25,,,,,,,,,,,,,,,,,,,,,,
AK2PMO5I7OCEK,prim,10-2,10.0,2000.0,7,6397.916666666666,5055.675,4450.416666666667,4975.120833333333,4923.041666666667,5584.5,,,,,,,,,,,,,,,,,,,,,
AK2PMO5I7OCEK,prim,10-2,10.0,2000.0,8,5780.75,3892.25,4853.5,3909.541666666667,3871.75,4326.416666666667,3532.1666666666665,,,,,,,,,,,,,,,,,,,,
AK2PMO5I7OCEK,prim,10-2,10.0,2000.0,9,3193.0,3601.25,3844.5,4646.25,4841.75,4342.25,4058.5,3688.0,,,,,,,,,,,,,,,,,,,
AKNU5D6QK7M72,prim,10-2,10.0,2000.0,2,,,,,,,,,,,,,,,,,,,,,,,,,,,
AKNU5D6QK7M72,prim,10-2,10.0,2000.0,3,3954.0,2483.0,,,,,,,,,,,,,,,,,,,,,,,,,
AKNU5D6QK7M72,prim,10-2,10.0,2000.0,4,,3505.399999856949,3369.8000000715256,,,,,,,,,,,,,,,,,,,,,,,,
AKNU5D6QK7M72,prim,10-2,10.0,2000.0,5,3567.1000000660615,3478.2124999823673,4005.6625000475906,4139.462500028002,,,,,,,,,,,,,,,,,,,,,,,
AKNU5D6QK7M72,prim,10-2,10.0,2000.0,6,3769.500000006954,4166.248750013159,3475.1462499442823,4874.321666652585,3868.279166641521,,,,,,,,,,,,,,,,,,,,,,
AKNU5D6QK7M72,prim,10-2,10.0,2000.0,7,3463.1999999876657,5040.580555545787,4010.1666666455567,4768.84444441812,3080.455555563585,3317.6777777700786,,,,,,,,,,,,,,,,,,,,,
AKNU5D6QK7M72,prim,10-2,10.0,2000.0,8,3591.5500000001243,3090.000000047187,3500.016666714102,3213.6166666187346,5967.199999999876,3919.166666595886,4134.533333373566,,,,,,,,,,,,,,,,,,,,
AKNU5D6QK7M72,prim,10-2,10.0,2000.0,9,3510.4000000953674,2877.5,5217.300000190735,3773.400000095368,5939.799999952316,3311.100000143051,2847.5,2312.5,,,,,,,,,,,,,,,,,,,
AKNU5D6QK7M72,prim,10-2,10.0,2000.0,10,2381.0,3819.5,3479.899999856949,4580.0,2612.200000047684,3772.400000095368,2885.099999904633,3130.800000190735,3340.2999999523163,,,,,,,,,,,,,,,,,,
AO5FQ7GY8DTR8,prim,10-2,10.0,2000.0,2,7741.400000095367,,,,,,,,,,,,,,,,,,,,,,,,,,
AO5FQ7GY8DTR8,prim,10-2,10.0,2000.0,3,3211.099999904633,,,,,,,,,,,,,,,,,,,,,,,,,,
AO5FQ7GY8DTR8,prim,10-2,10.0,2000.0,4,5133.049999833107,,5186.200000047684,,,,,,,,,,,,,,,,,,,,,,,,
AO5FQ7GY8DTR8,prim,10-2,10.0,2000.0,5,6367.558333357176,4856.599999964237,7064.16666662693,3127.4499999284744,,,,,,,,,,,,,,,,,,,,,,,
AO5FQ7GY8DTR8,prim,10-2,10.0,2000.0,6,5019.833333333333,,11249.649999976158,2914.5,9817.700000047684,,,,,,,,,,,,,,,,,,,,,,
AO5FQ7GY8DTR8,prim,10-2,10.0,2000.0,7,7944.149999976158,2930.300000190735,,5845.600000143051,6611.600000023842,7185.800000190735,,,,,,,,,,,,,,,,,,,,,
ARIWYNIH12MLF,rec,10-2,10.0,2000.0,2,2297.60000000149,,,,,,,,,,,,,,,,,,,,,,,,,,
ARIWYNIH12MLF,rec,10-2,10.0,2000.0,3,4287.674999999348,6488.174999999814,,,,,,,,,,,,,,,,,,,,,,,,,
ARIWYNIH12MLF,rec,10-2,10.0,2000.0,4,4555.000000000466,17805.09000000041,10930.96666666679,,,,,,,,,,,,,,,,,,,,,,,,
ARIWYNIH12MLF,rec,10-2,10.0,2000.0,5,4804.108333333603,6846.191666665992,5291.943750000132,7340.94166666603,,,,,,,,,,,,,,,,,,,,,,,
ARIWYNIH12MLF,rec,10-2,10.0,2000.0,6,4623.872222222698,8341.83888888804,4623.544444443865,7199.75,13825.355555555472,,,,,,,,,,,,,,,,,,,,,,
ARIWYNIH12MLF,rec,10-2,10.0,2000.0,7,6940.492500000423,5744.859999999777,6273.524999999907,4971.200000000931,5177.150000000714,7579.358750000014,,,,,,,,,,,,,,,,,,,,,
ARIWYNIH12MLF,rec,10-2,10.0,2000.0,8,6173.800000000745,4263.0,4677.4000000003725,3632.25,3681.75,5884.5999999996275,9482.900000000373,,,,,,,,,,,,,,,,,,,,
ARIWYNIH12MLF,rec,10-2,10.0,2000.0,9,3704.400000000373,4180.5,4435.199999999255,3180.7999999988824,6163.699999999255,2961.4000000003725,5340.800000000745,11081.599999999627,,,,,,,,,,,,,,,,,,,
AS4FVWL91C6HR,prim,10-2,10.0,2000.0,2,,,,,,,,,,,,,,,,,,,,,,,,,,,
AS4FVWL91C6HR,prim,10-2,10.0,2000.0,4,3315.800000011921,3634.600000000093,,,,,,,,,,,,,,,,,,,,,,,,,
AS4FVWL91C6HR,prim,10-2,10.0,2000.0,5,3278.6000000089407,7105.333333343267,3680.549999993993,7485.216666654838,,,,,,,,,,,,,,,,,,,,,,,
AS4FVWL91C6HR,prim,10-2,10.0,2000.0,6,4678.166666684595,7237.838888896837,5289.0277777870915,4325.133333324066,5486.933333321423,,,,,,,,,,,,,,,,,,,,,,
AS4FVWL91C6HR,prim,10-2,10.0,2000.0,7,5312.312500002056,4954.720833336042,4545.649999985821,5719.252083323819,7352.060416669683,4874.316666662635,,,,,,,,,,,,,,,,,,,,,
AS4FVWL91C6HR,prim,10-2,10.0,2000.0,8,4518.857777781619,7466.467083329599,4736.7691666817955,4739.292916674148,4792.958750016766,6533.957500003249,4660.360000015516,,,,,,,,,,,,,,,,,,,,
AS4FVWL91C6HR,prim,10-2,10.0,2000.0,9,7937.850000038743,14729.10000000894,4372.149999991059,3378.4749999940395,3683.874999985099,5379.124999985099,4998.974999979138,9038.52499999106,,,,,,,,,,,,,,,,,,,
AS4FVWL91C6HR,prim,10-2,10.0,2000.0,10,4333.9000000059605,5864.300000011921,3972.59999999404,3010.5999999940395,4826.399999976158,4258.0,9402.30000001192,24361.90000000596,16660.19999998808,,,,,,,,,,,,,,,,,,
AWJKR5GA7BS7V,ns,10-2,10.0,2000.0,3,2446.0,4632.0,,,,,,,,,,,,,,,,,,,,,,,,,
AWJKR5GA7BS7V,ns,10-2,10.0,2000.0,4,2396.25,4430.5,3809.0,,,,,,,,,,,,,,,,,,,,,,,,
AWJKR5GA7BS7V,ns,10-2,10.0,2000.0,5,4112.104166666666,6553.333333333333,4200.8,4684.888888888889,,,,,,,,,,,,,,,,,,,,,,,
AWJKR5GA7BS7V,ns,10-2,10.0,2000.0,6,4791.166666666667,3875.0,4323.5,4342.0,4847.0,,,,,,,,,,,,,,,,,,,,,,
AWJKR5GA7BS7V,ns,10-2,10.0,2000.0,7,4222.0,5821.13888888889,4545.833333333333,5246.833333333333,5277.5,5713.61111111111,,,,,,,,,,,,,,,,,,,,,
AWJKR5GA7BS7V,ns,10-2,10.0,2000.0,8,3430.444444444445,4544.166666666667,3809.75,5270.733333333334,7211.7,3926.066666666667,5518.333333333333,,,,,,,,,,,,,,,,,,,,
AZ69TBTDH7AZS,rec,10-2,10.0,2000.0,3,4617.0,,,,,,,,,,,,,,,,,,,,,,,,,,
AZ69TBTDH7AZS,rec,10-2,10.0,2000.0,4,1917.1178571393802,2087.9187499978357,4570.454166665141,,,,,,,,,,,,,,,,,,,,,,,,
AZ69TBTDH7AZS,rec,10-2,10.0,2000.0,5,2239.5033333619435,1787.213333330552,4615.419166653355,3137.5766666750114,,,,,,,,,,,,,,,,,,,,,,,
AZ69TBTDH7AZS,rec,10-2,10.0,2000.0,6,1299.1583333363135,1637.5083333378036,2099.7583333204193,3919.249999990066,3427.4458333328366,,,,,,,,,,,,,,,,,,,,,,
AZ69TBTDH7AZS,rec,10-2,10.0,2000.0,7,2131.800000011921,1830.050000011921,1639.6500000059605,1663.75,5251.5,11446.34999999404,,,,,,,,,,,,,,,,,,,,,
AZ69TBTDH7AZS,rec,10-2,10.0,2000.0,8,978.25,2895.3499999940395,1129.5499999523165,2890.4500000178814,2174.2499999701977,2445.0499999821186,2284.0499999821186,,,,,,,,,,,,,,,,,,,,
AZ8NNCT4AODDN,prim,10-2,10.0,2000.0,3,12286.850000143051,3866.1499999165535,,,,,,,,,,,,,,,,,,,,,,,,,
AZ8NNCT4AODDN,prim,10-2,10.0,2000.0,4,5767.450000047684,16002.700000047684,,,,,,,,,,,,,,,,,,,,,,,,,
AZ8NNCT4AODDN,prim,10-2,10.0,2000.0,5,2707.5,3552.7000000476837,4146.5,3193.1999999284744,,,,,,,,,,,,,,,,,,,,,,,
AZ8NNCT4AODDN,prim,10-2,10.0,2000.0,6,4621.599999904633,2211.850000023842,2629.099999904633,1987.7999999523165,2391.850000023842,,,,,,,,,,,,,,,,,,,,,,
AZ8NNCT4AODDN,prim,10-2,10.0,2000.0,7,2769.1749999523163,1587.3375000059605,1751.4749999642372,2575.4750000834465,2581.349999964237,2213.4249998927116,,,,,,,,,,,,,,,,,,,,,
AZ8NNCT4AODDN,prim,10-2,10.0,2000.0,8,2394.899999976158,2374.0749999284744,1796.0249999165535,3183.9499999284744,2114.7999999523163,2369.5750001072884,2242.850000023842,,,,,,,,,,,,,,,,,,,,
AZ8NNCT4AODDN,prim,10-2,10.0,2000.0,9,1494.5999999046326,2767.9000000953674,979.8999998569489,,3219.0,3051.599999904633,1397.4000000953674,5205.799999952316,,,,,,,,,,,,,,,,,,,
A10JXOU89D5RXR,ns,20-1,20.0,1000.0,3,6653.299999952316,8364.200000047684,,,,,,,,,,,,,,,,,,,,,,,,,
A10JXOU89D5RXR,ns,20-1,20.0,1000.0,4,3030.4000000953674,2470.0499999523163,4676.649999976158,,,,,,,,,,,,,,,,,,,,,,,,
A10JXOU89D5RXR,ns,20-1,20.0,1000.0,5,3363.1277778082426,4234.533333222072,7932.683333396912,12197.775000075499,,,,,,,,,,,,,,,,,,,,,,,
A10JXOU89D5RXR,ns,20-1,20.0,1000.0,6,4245.091666678588,4326.949999948343,6329.2500000794735,4590.099999904633,10701.799999952316,,,,,,,,,,,,,,,,,,,,,,
A10JXOU89D5RXR,ns,20-1,20.0,1000.0,7,3618.140000019471,3626.298333366712,5459.801666661104,5395.241666684547,7929.004166662693,16248.250000054637,,,,,,,,,,,,,,,,,,,,,
A10JXOU89D5RXR,ns,20-1,20.0,1000.0,8,4520.269999975629,3309.8844444327883,4095.4144444386166,3827.438888880942,12366.324999988079,9407.00833340486,8117.675000031789,,,,,,,,,,,,,,,,,,,,
A10JXOU89D5RXR,ns,20-1,20.0,1000.0,9,2411.3000000715256,2892.699999809265,3256.2999999523163,3145.6499999761586,3188.600000023842,19946.09999990464,6768.649999976158,20415.449999928474,,,,,,,,,,,,,,,,,,,
A10JXOU89D5RXR,ns,20-1,20.0,1000.0,10,3106.8166666825614,2791.3833332061768,3448.6749999523163,4531.75,13544.933333317438,5719.449999928474,7460.2333334287005,4478.866666595141,5690.950000047684,,,,,,,,,,,,,,,,,,
A10JXOU89D5RXR,ns,20-1,20.0,1000.0,11,3357.5,2885.099999904633,2424.0,4457.199999809265,9013.300000190737,13128.399999856949,4807.900000095367,11851.0,9064.700000047684,3326.099999904633,,,,,,,,,,,,,,,,,
A10JXOU89D5RXR,ns,20-1,20.0,1000.0,13,4163.899999856949,3256.699999809265,3919.299999952316,3334.0,2976.099999904633,4312.700000047684,5471.299999952316,,,2880.199999809265,7175.900000095367,12143.799999952316,,,,,,,,,,,,,,,
A111FTKAAJ5UMC,prim,20-1,20.0,1000.0,7,6344.73333337158,5472.566666692495,5949.30000000447,8472.39999999851,3483.5,5669.849999979138,,,,,,,,,,,,,,,,,,,,,
A111FTKAAJ5UMC,prim,20-1,20.0,1000.0,8,5616.849999964237,3810.150000035763,6925.100000023842,6631.5999999940395,6451.0,6151.849999964237,5994.5,,,,,,,,,,,,,,,,,,,,
A111FTKAAJ5UMC,prim,20-1,20.0,1000.0,9,7050.625000014901,4098.150000045696,4139.425000026822,6949.51666667064,3327.2499999701977,6098.8750000099335,4278.166666676601,6714.541666671635,,,,,,,,,,,,,,,,,,,
A111FTKAAJ5UMC,prim,20-1,20.0,1000.0,10,4739.759999992699,5804.7729166618865,5211.1958333297325,5486.564166671783,4067.137500004688,4950.986666672925,5346.149166668207,6091.472916679457,6451.829166665797,,,,,,,,,,,,,,,,,,
A111FTKAAJ5UMC,prim,20-1,20.0,1000.0,11,3821.141666652945,7232.441666648412,4748.081249989569,5288.852083310174,5856.756249996523,4562.116666688895,4950.777777771983,5174.035416661452,6178.662500014529,5253.508333304277,,,,,,,,,,,,,,,,,
A111FTKAAJ5UMC,prim,20-1,20.0,1000.0,12,4383.666666656733,3803.350000001076,7012.733333346329,7642.16666668281,4751.399999983609,9493.811111111607,5141.2444444427065,5055.249999993378,4569.611111116078,5578.449999997185,4428.04444443807,,,,,,,,,,,,,,,,
A111FTKAAJ5UMC,prim,20-1,20.0,1000.0,13,4387.100000008941,4786.575000025332,3174.5499999821186,9762.69999998808,5853.474999997765,3380.4249999970198,4389.075000025332,6292.024999994785,4245.100000012666,7575.97500000149,3787.75,9930.700000006706,,,,,,,,,,,,,,,
A111FTKAAJ5UMC,prim,20-1,20.0,1000.0,14,5403.150000010927,4615.5000000273185,7606.083333325882,3626.3333333383002,5009.966666676104,3603.833333323399,3500.8833333179355,4270.450000007947,4358.216666678588,3341.650000023345,6019.633333305518,4206.2750000059605,4522.033333321412,,,,,,,,,,,,,,
A111FTKAAJ5UMC,prim,20-1,20.0,1000.0,15,2977.300000011921,6174.299999982119,2310.550000011921,7131.200000017882,5638.0,2520.0,9352.699999988079,3885.3499999940395,4856.3499999940395,9000.049999982119,3367.6500000059605,2712.449999988079,2743.0500000417233,5128.399999976158,,,,,,,,,,,,,
A11EZAV2HRYKD5,prim,20-1,20.0,1000.0,4,,,,,,,,,,,,,,,,,,,,,,,,,,,
A11EZAV2HRYKD5,prim,20-1,20.0,1000.0,6,1463.3999996185305,4430.5,,3025.6000003814697,,,,,,,,,,,,,,,,,,,,,,,
A11EZAV2HRYKD5,prim,20-1,20.0,1000.0,8,3207.6000003814697,4696.199999809265,2965.2999997138977,3721.750000476837,2200.7000007629395,5975.400000095367,,,,,,,,,,,,,,,,,,,,,
A11EZAV2HRYKD5,prim,20-1,20.0,1000.0,9,2603.8500003814697,,2309.1000003814697,9229.10000038147,4460.64999961853,,2410.0,2523.5999994277954,,,,,,,,,,,,,,,,,,,
A11EZAV2HRYKD5,prim,20-1,20.0,1000.0,11,3874.483333428701,2263.4499998092656,3029.149999856949,3179.2499998410544,2662.9749999046326,3159.483333269755,3622.9249997138977,2539.8333333333335,2618.56666692098,3146.449999809265,,,,,,,,,,,,,,,,,
A11EZAV2HRYKD5,prim,20-1,20.0,1000.0,12,2293.4100003242493,3803.2799998601276,2509.4249997933707,3751.8875000476837,3749.6499996185303,3265.4000002145767,2883.833333492279,3774.6600001653037,2986.225000063578,3112.324999888738,3344.208333412806,,,,,,,,,,,,,,,,
A11EZAV2HRYKD5,prim,20-1,20.0,1000.0,13,4391.504166483879,3192.433333158493,2923.412500023842,3703.949999809265,2908.650000254313,2895.024999976158,3763.8277774916755,4558.383333245913,3366.2388889524677,2936.024999976158,2809.355555534363,2971.537499666214,,,,,,,,,,,,,,,
A11EZAV2HRYKD5,prim,20-1,20.0,1000.0,14,3106.3083332379656,3529.7999998198616,2327.188888761732,3001.933333714803,3511.7444445292153,3618.855555428399,3231.416666984558,6760.966666698456,6475.533333248562,4801.788888931274,3018.5833333333335,3531.266666518317,2471.6111113230386,,,,,,,,,,,,,,
A11EZAV2HRYKD5,prim,20-1,20.0,1000.0,15,3159.441666762034,3894.6722223493784,3670.070833365123,2507.9500000476837,4314.974999904633,2755.3333333333335,4059.9625000158944,3144.88750008742,2960.2000001271567,3292.7208334604898,4025.3374998172126,3917.529166380564,4673.491666316986,3265.0458332300186,,,,,,,,,,,,,
A11EZAV2HRYKD5,prim,20-1,20.0,1000.0,16,2916.4249999523163,3474.5499999523163,5467.474999904633,4603.200000047684,3046.050000190735,4376.72500038147,2088.675000190735,3688.0999999046326,2458.149999856949,3159.3249995708466,3377.25,5914.575000286102,3207.8250000476837,3078.9999997615814,2460.1249997615814,,,,,,,,,,,,
A11EZAV2HRYKD5,prim,20-1,20.0,1000.0,18,3170.3499999046326,3274.75,3224.6000003814697,2786.3499999046326,3627.5,2810.1000003814697,3589.6499996185303,2176.6000003814697,2674.050000190735,7832.5,3553.0999999046326,3076.5499997138977,3698.699999809265,3545.550000190735,5596.800000190735,3550.0999999046326,2312.500000476837,,,,,,,,,,
A11EZAV2HRYKD5,prim,20-1,20.0,1000.0,19,3751.0999999046326,2838.749999523163,3334.25,6965.299999713898,2557.2999997138977,1842.8000001907349,3666.8999996185303,8851.800000190735,8077.099999904633,3511.3999996185303,2014.3499999046326,2698.5,3264.0499997138977,2698.750000476837,4106.450000286102,2104.6500000953674,3889.25,3540.2000002861023,,,,,,,,,
A157L6Z8QU3SDE,rec,20-1,20.0,1000.0,3,1420.0,45192.0,,,,,,,,,,,,,,,,,,,,,,,,,
A157L6Z8QU3SDE,rec,20-1,20.0,1000.0,4,2559.1666666666665,2165.5,11909.5,,,,,,,,,,,,,,,,,,,,,,,,
A157L6Z8QU3SDE,rec,20-1,20.0,1000.0,5,1754.9555555555555,2147.211111111111,4292.833333333333,12446.1,,,,,,,,,,,,,,,,,,,,,,,
A157L6Z8QU3SDE,rec,20-1,20.0,1000.0,6,1984.8333333333333,3059.0833333333335,2917.888888888889,5127.416666666667,4693.875,,,,,,,,,,,,,,,,,,,,,,
A157L6Z8QU3SDE,rec,20-1,20.0,1000.0,7,1970.1666666666667,2490.041666666667,2502.583333333333,3243.2083333333335,4367.25,4528.916666666667,,,,,,,,,,,,,,,,,,,,,
A157L6Z8QU3SDE,rec,20-1,20.0,1000.0,8,1365.3333333333333,2313.6666666666665,3673.3333333333335,3047.055555555556,2417.8333333333335,10345.72222222222,16766.666666666668,,,,,,,,,,,,,,,,,,,,
A157L6Z8QU3SDE,rec,20-1,20.0,1000.0,9,1571.25,1702.75,2954.0,4711.25,2824.0,1922.0,2801.75,14715.0,,,,,,,,,,,,,,,,,,,
A157L6Z8QU3SDE,rec,20-1,20.0,1000.0,10,1833.0,1289.0,4059.0,1383.0,1908.0,7818.0,1412.0,1583.0,2508.0,,,,,,,,,,,,,,,,,,
A157L6Z8QU3SDE,rec,20-1,20.0,1000.0,12,1908.0,1397.0,2125.0,3958.0,16697.0,4355.0,4270.0,1557.0,1429.0,,5516.0,,,,,,,,,,,,,,,,
A157L6Z8QU3SDE,rec,20-1,20.0,1000.0,14,2173.0,2414.0,1582.0,1487.0,4698.0,1197.0,3628.0,1592.0,1972.0,3846.0,9372.0,1508.0,3648.0,,,,,,,,,,,,,,
A16GIPTDMJAFTK,ns,20-1,20.0,1000.0,5,3883.0,3672.0,4473.0,2588.0,,,,,,,,,,,,,,,,,,,,,,,
A16GIPTDMJAFTK,ns,20-1,20.0,1000.0,6,2836.0,,3826.0,1950.0,2500.0,,,,,,,,,,,,,,,,,,,,,,
A16GIPTDMJAFTK,ns,20-1,20.0,1000.0,7,3293.0,3613.6666666666665,3497.3333333333335,3577.1666666666665,4561.5,2766.0,,,,,,,,,,,,,,,,,,,,,
A16GIPTDMJAFTK,ns,20-1,20.0,1000.0,8,3222.875,3793.8125,3404.0208333333335,3302.125,3777.625,3577.729166666667,2788.0833333333335,,,,,,,,,,,,,,,,,,,,
A16GIPTDMJAFTK,ns,20-1,20.0,1000.0,9,3109.75,3408.1458333333335,3164.9583333333335,3887.0,3697.166666666667,4197.333333333333,3025.5625,4042.875,,,,,,,,,,,,,,,,,,,
A16GIPTDMJAFTK,ns,20-1,20.0,1000.0,10,3077.25,2800.2916666666665,3372.3125,3040.9583333333335,3413.0833333333335,3471.2083333333335,2682.9375,3577.0,3680.520833333333,,,,,,,,,,,,,,,,,,
A16GIPTDMJAFTK,ns,20-1,20.0,1000.0,11,3119.1666666666665,3870.5,3613.8333333333335,3116.3333333333335,3297.6666666666665,2772.3333333333335,3466.8333333333335,3529.3333333333335,2899.3333333333335,2818.3333333333335,,,,,,,,,,,,,,,,,
A16GIPTDMJAFTK,ns,20-1,20.0,1000.0,12,8362.0,6696.0,2593.0,2263.0,3013.0,4353.0,5713.0,1910.0,3014.0,2163.0,3461.0,,,,,,,,,,,,,,,,
A17R7WX5B0CKK6,rec,20-1,20.0,1000.0,4,3333.70000000298,2784.0,,,,,,,,,,,,,,,,,,,,,,,,,
A17R7WX5B0CKK6,rec,20-1,20.0,1000.0,8,3810.449999999255,2892.7500002384186,4158.0499999299645,3994.000000048429,7340.549999810755,5659.425000071526,9206.96666668107,,,,,,,,,,,,,,,,,,,,
A17R7WX5B0CKK6,rec,20-1,20.0,1000.0,9,3242.074999999255,3528.6666666989527,5077.433333342274,3647.89999999851,5198.299999965976,3489.824999999255,4876.124999996275,4386.683333272736,,,,,,,,,,,,,,,,,,,
A17R7WX5B0CKK6,rec,20-1,20.0,1000.0,10,7242.3250000067055,4911.849999990314,4737.2750000003725,4871.2750000059605,3026.783333328863,3461.4499999942877,4652.433333334823,3960.9666666736207,4020.7333333293595,,,,,,,,,,,,,,,,,,
A17R7WX5B0CKK6,rec,20-1,20.0,1000.0,11,3903.6041667200625,4382.797916594893,3426.958333399147,4889.675000029305,3677.28541665338,3704.624999994412,4156.18333323631,4630.235416653876,5497.862499982119,4428.908333306511,,,,,,,,,,,,,,,,,
A17R7WX5B0CKK6,rec,20-1,20.0,1000.0,12,2502.3444444510674,3744.4520833728216,3504.3899999812247,3713.265555568536,3807.6124999821186,3546.3400000009688,4127.447916707024,3351.106249988079,3885.9155555672114,5358.148749992624,6385.716666618983,,,,,,,,,,,,,,,,
A17R7WX5B0CKK6,rec,20-1,20.0,1000.0,13,3167.9499999955297,4545.333333338301,4193.066666662693,5439.0,2955.349999986589,10467.649999976158,3720.099999991556,3328.0666666651764,2492.6500000171363,4031.666666659216,3176.866666679581,5411.766666663189,,,,,,,,,,,,,,,
A17R7WX5B0CKK6,rec,20-1,20.0,1000.0,14,3852.84999999404,2724.7499999925494,4059.0999999940395,4036.949999988079,2912.3000000081956,5723.39999999851,6038.64999999851,2969.9499999918044,3509.2500000074506,3277.050000011921,5174.80000000447,3845.2999999970198,4376.39999999851,,,,,,,,,,,,,,
A17R7WX5B0CKK6,rec,20-1,20.0,1000.0,15,3198.4500000029802,2708.9500000029802,3555.9000000059605,3015.000000014901,4080.2999999970198,3295.2000000029802,3406.899999976158,5641.9000000059605,3573.800000011921,5872.0,3770.150000035763,2387.8499999940395,4157.749999985099,5644.0,,,,,,,,,,,,,
A17WB66BXX4R0J,prim,20-1,20.0,1000.0,4,4232.0,4238.5,4563.5,,,,,,,,,,,,,,,,,,,,,,,,
A17WB66BXX4R0J,prim,20-1,20.0,1000.0,5,4628.5,4894.0,4056.0,3186.5,,,,,,,,,,,,,,,,,,,,,,,
A17WB66BXX4R0J,prim,20-1,20.0,1000.0,6,4316.0,3861.0,6479.5,5863.0,4206.0,,,,,,,,,,,,,,,,,,,,,,
A17WB66BXX4R0J,prim,20-1,20.0,1000.0,7,4286.5,6885.5,4998.5,4827.5,,15733.0,,,,,,,,,,,,,,,,,,,,,
A17WB66BXX4R0J,prim,20-1,20.0,1000.0,8,4875.916666666667,3811.166666666667,7239.875,3538.75,5597.583333333333,4534.222222222223,3757.125,,,,,,,,,,,,,,,,,,,,
A17WB66BXX4R0J,prim,20-1,20.0,1000.0,9,3718.041666666667,4077.75,6146.333333333334,4041.6,4915.05,3826.4583333333335,4021.9791666666665,3358.9166666666665,,,,,,,,,,,,,,,,,,,
A17WB66BXX4R0J,prim,20-1,20.0,1000.0,10,4274.833333333333,5513.0,4874.166666666666,4715.583333333334,5646.333333333333,6503.833333333333,3859.7777777777774,4574.875,4641.666666666666,,,,,,,,,,,,,,,,,,
A17WB66BXX4R0J,prim,20-1,20.0,1000.0,11,4261.333333333333,3369.0,3574.3333333333335,3730.5,8391.666666666666,4540.0,4158.0,4215.333333333333,4075.3333333333335,6088.666666666667,,,,,,,,,,,,,,,,,
A17WB66BXX4R0J,prim,20-1,20.0,1000.0,12,4959.944444444444,5697.166666666667,3145.722222222222,4125.666666666667,4520.88888888889,4425.11111111111,3559.8333333333335,5013.166666666667,4363.777777777777,3642.833333333333,3785.444444444445,,,,,,,,,,,,,,,,
A19QRXLWV5GKXN,rec,20-1,20.0,1000.0,4,3121.5,3580.4999998807907,3872.799999952316,,,,,,,,,,,,,,,,,,,,,,,,
A19QRXLWV5GKXN,rec,20-1,20.0,1000.0,5,3116.100000012666,6404.100000010182,9906.812500011642,5673.2000000122935,,,,,,,,,,,,,,,,,,,,,,,
A19QRXLWV5GKXN,rec,20-1,20.0,1000.0,6,4437.237499989569,5991.42222222127,5188.794444452144,5719.599999976344,9336.974999904633,,,,,,,,,,,,,,,,,,,,,,
A19QRXLWV5GKXN,rec,20-1,20.0,1000.0,7,3643.075000000497,4350.462499954117,6798.8666666879635,4173.911111125929,7858.8583333855495,6897.745833319612,,,,,,,,,,,,,,,,,,,,,
A19QRXLWV5GKXN,rec,20-1,20.0,1000.0,8,4531.127777826455,5292.3888888922,3029.1555555537343,3725.9944444505704,3817.5833333275386,3372.055555555555,3549.2999999523163,,,,,,,,,,,,,,,,,,,,
A19QRXLWV5GKXN,rec,20-1,20.0,1000.0,9,2750.7000000476837,7352.6000000229105,5547.175000024028,3223.5249999044463,2560.2999999523163,4658.625000047497,5261.274999951944,3208.599999997765,,,,,,,,,,,,,,,,,,,
A19QRXLWV5GKXN,rec,20-1,20.0,1000.0,10,3730.1624999661,4119.645833328056,3418.1750000010557,3915.2083333426467,5428.370833310609,7121.216666678588,4200.883333354257,4153.512499986216,4402.91666668281,,,,,,,,,,,,,,,,,,
A19QRXLWV5GKXN,rec,20-1,20.0,1000.0,11,3531.0000000347695,4422.86666669324,3914.85000000149,5528.749999998137,3493.299999963492,3681.3333333482346,3836.2000000315406,4337.766666675608,5425.133333332837,7033.450000012293,,,,,,,,,,,,,,,,,
A1CKIYN01NV9GJ,ns,20-1,20.0,1000.0,2,3131.5,,,,,,,,,,,,,,,,,,,,,,,,,,
A1CKIYN01NV9GJ,ns,20-1,20.0,1000.0,4,1579.0000000596046,3744.050000011921,9483.149999976158,,,,,,,,,,,,,,,,,,,,,,,,
A1CKIYN01NV9GJ,ns,20-1,20.0,1000.0,5,3083.975000011921,2426.510000002384,2283.1400000035765,2492.339999997616,,,,,,,,,,,,,,,,,,,,,,,
A1CKIYN01NV9GJ,ns,20-1,20.0,1000.0,6,3045.041666666667,2836.1083332896233,3743.4999999205274,3821.583333313465,4967.475000023842,,,,,,,,,,,,,,,,,,,,,,
A1CKIYN01NV9GJ,ns,20-1,20.0,1000.0,7,1993.61666666468,2862.1166666845484,2324.9749999841056,3655.8499999841056,7719.566666622956,21666.316666692495,,,,,,,,,,,,,,,,,,,,,
A1CKIYN01NV9GJ,ns,20-1,20.0,1000.0,8,1964.6999999284744,4019.900000095368,2172.099999904633,4436.699999928474,4540.5,4372.100000023842,1396.399999976158,,,,,,,,,,,,,,,,,,,,
A1CKIYN01NV9GJ,ns,20-1,20.0,1000.0,9,3591.25,2791.4500001072884,1547.100000023842,2367.350000023842,5695.599999964237,3343.2999999523163,7267.650000035763,3428.0,,,,,,,,,,,,,,,,,,,
A1HLDOM6JTYYI2,prim,20-1,20.0,1000.0,3,1817.0,3393.0,,,,,,,,,,,,,,,,,,,,,,,,,
A1HLDOM6JTYYI2,prim,20-1,20.0,1000.0,4,2887.5,2088.0,3556.6666666666665,,,,,,,,,,,,,,,,,,,,,,,,
A1HLDOM6JTYYI2,prim,20-1,20.0,1000.0,5,2292.5,1928.0,2408.5,1340.0,,,,,,,,,,,,,,,,,,,,,,,
A1HLDOM6JTYYI2,prim,20-1,20.0,1000.0,6,2264.6666666666665,2304.1555555555556,3689.9166666666665,2254.6666666666665,10155.444444444443,,,,,,,,,,,,,,,,,,,,,,
A1HLDOM6JTYYI2,prim,20-1,20.0,1000.0,7,1902.5,1900.9583333333335,1716.4166666666667,2279.0833333333335,2488.625,6036.833333333333,,,,,,,,,,,,,,,,,,,,,
A1HLDOM6JTYYI2,prim,20-1,20.0,1000.0,8,1836.4583333333335,2022.6666666666665,2348.916666666667,2146.5,2185.416666666667,5130.583333333333,3826.375,,,,,,,,,,,,,,,,,,,,
A1HLDOM6JTYYI2,prim,20-1,20.0,1000.0,9,1461.6666666666667,2044.8333333333333,1573.222222222222,2509.222222222222,2670.777777777778,3066.555555555555,3695.444444444445,6489.38888888889,,,,,,,,,,,,,,,,,,,
A1HLDOM6JTYYI2,prim,20-1,20.0,1000.0,10,1959.5,1949.75,2016.75,1812.5,3238.25,3217.25,7321.5,2915.0,7697.5,,,,,,,,,,,,,,,,,,
A1HR8IRDC07FO9,prim,20-1,20.0,1000.0,2,3333.0,,,,,,,,,,,,,,,,,,,,,,,,,,
A1HR8IRDC07FO9,prim,20-1,20.0,1000.0,3,2675.0,4035.0,,,,,,,,,,,,,,,,,,,,,,,,,
A1HR8IRDC07FO9,prim,20-1,20.0,1000.0,5,5747.75,2960.0,4907.0,3784.5,,,,,,,,,,,,,,,,,,,,,,,
A1HR8IRDC07FO9,prim,20-1,20.0,1000.0,6,10820.0,3522.875,3725.6666666666665,11882.666666666666,5133.875,,,,,,,,,,,,,,,,,,,,,,
A1HR8IRDC07FO9,prim,20-1,20.0,1000.0,7,3974.8125,3746.9375,5848.444444444444,3929.5,4352.5,4085.5,,,,,,,,,,,,,,,,,,,,,
A1HR8IRDC07FO9,prim,20-1,20.0,1000.0,8,2635.5,3807.625,3286.0,5461.75,4284.833333333333,4063.8333333333335,3610.5,,,,,,,,,,,,,,,,,,,,
A1HR8IRDC07FO9,prim,20-1,20.0,1000.0,9,3749.055555555555,5268.166666666667,4261.055555555556,4435.0,3664.0,4180.833333333333,4769.0,4670.222222222223,,,,,,,,,,,,,,,,,,,
A1HR8IRDC07FO9,prim,20-1,20.0,1000.0,10,2919.1666666666665,3474.75,4593.0,3394.6666666666665,5430.25,3701.5,4923.0,7799.0,6096.0,,,,,,,,,,,,,,,,,,
A1HR8IRDC07FO9,prim,20-1,20.0,1000.0,11,3964.5,3969.5,2767.833333333333,3548.0,2636.166666666667,4055.833333333333,2973.166666666667,3064.5,2783.5,24960.0,,,,,,,,,,,,,,,,,
A1HR8IRDC07FO9,prim,20-1,20.0,1000.0,12,2972.0,3088.0,2796.0,4315.0,2037.0,,2108.0,8819.0,1516.0,3622.0,9897.0,,,,,,,,,,,,,,,,
A1J6CZ176U6GDT,rec,20-1,20.0,1000.0,4,,,,,,,,,,,,,,,,,,,,,,,,,,,
A1J6CZ176U6GDT,rec,20-1,20.0,1000.0,7,,4165.95000000298,8183.45000000298,4278.0,3897.3500000089407,6081.59999999404,,,,,,,,,,,,,,,,,,,,,
A1J6CZ176U6GDT,rec,20-1,20.0,1000.0,8,2847.92500009574,4474.866666698207,3920.4499999517575,5649.444444285498,5109.0,4206.799999999814,5436.244444571435,,,,,,,,,,,,,,,,,,,,
A1J6CZ176U6GDT,rec,20-1,20.0,1000.0,9,3656.3222222543427,3856.783333356182,5198.522222188199,4804.600000096485,3791.1500000003725,2837.0749999284744,3654.649999951323,3797.255555553569,,,,,,,,,,,,,,,,,,,
A1J6CZ176U6GDT,rec,20-1,20.0,1000.0,10,3176.2333333096467,3622.033333381638,3770.125000024525,3771.4875001059845,4473.044444475323,4245.95000006957,5431.537499940023,4496.755555538254,4164.0583334052935,,,,,,,,,,,,,,,,,,
A1J6CZ176U6GDT,rec,20-1,20.0,1000.0,11,5406.914583269662,4474.206249985223,4616.361111047781,4495.6999999545515,4638.15208333948,3971.7437500573383,4103.772916637672,3705.912499993574,3484.608333320357,4245.583333321537,,,,,,,,,,,,,,,,,
A1J6CZ176U6GDT,rec,20-1,20.0,1000.0,12,3145.1972222013605,5513.749999997672,4014.7333333434326,3833.5791667123945,3594.2999999988824,3852.902083338549,3802.3666666823747,4537.2277777776535,3972.0124999672794,4014.552083406287,4856.645833351339,,,,,,,,,,,,,,,,
A1J6CZ176U6GDT,rec,20-1,20.0,1000.0,13,2949.4500000476837,3903.0,4067.0999999046326,3910.850000143051,6230.650000095367,4533.599999904633,4188.950000286102,5202.5,3099.0,3578.5999999046326,3654.2999999523163,5383.650000095367,,,,,,,,,,,,,,,
A1J6CZ176U6GDT,rec,20-1,20.0,1000.0,14,3462.699999999255,3905.0,4563.599999997765,9604.800000000743,4203.39999999851,3674.5,4324.0,3374.300000000745,5004.39999999851,4684.599999997765,3885.10000000149,4694.699999999255,,,,,,,,,,,,,,,
A1J6CZ176U6GDT,rec,20-1,20.0,1000.0,15,2222.699999809265,4134.299999713898,2023.2000002861023,5533.800000190735,2282.5,7684.199999809265,4993.5,5773.300000190735,5872.799999713898,4673.299999713898,5501.60000038147,6113.300000190735,,7187.599999904633,,,,,,,,,,,,,
A1J9VZ372FV2QZ,rec,20-1,20.0,1000.0,2,,,,,,,,,,,,,,,,,,,,,,,,,,,
A1J9VZ372FV2QZ,rec,20-1,20.0,1000.0,3,22454.09999990464,,,,,,,,,,,,,,,,,,,,,,,,,,
A1J9VZ372FV2QZ,rec,20-1,20.0,1000.0,4,9980.900000095367,7916.399999936423,24444.250000000004,,,,,,,,,,,,,,,,,,,,,,,,
A1J9VZ372FV2QZ,rec,20-1,20.0,1000.0,7,4208.875,6260.849999666214,7658.125,,5353.425000071526,20567.10000014305,,,,,,,,,,,,,,,,,,,,,
A1J9VZ372FV2QZ,rec,20-1,20.0,1000.0,8,4188.60000038147,3623.0999999046326,3791.0,3836.9000000953674,5314.800000190735,3822.0000000000005,3534.349999904633,,,,,,,,,,,,,,,,,,,,
A1J9VZ372FV2QZ,rec,20-1,20.0,1000.0,9,3302.029166698456,4602.391666690509,5439.268749952316,4275.137500027816,4399.583333273728,3927.3666667408415,7251.206250011921,4349.477777812216,,,,,,,,,,,,,,,,,,,
A1J9VZ372FV2QZ,rec,20-1,20.0,1000.0,10,4397.2333334287005,3290.500000079473,3307.0333333412805,3476.1833334763846,4099.200000007947,3179.7222222752043,3943.6111111905843,4774.794444402059,5954.433333317439,,,,,,,,,,,,,,,,,,
A1J9VZ372FV2QZ,rec,20-1,20.0,1000.0,11,5091.599999984105,2767.225000023842,3302.5666666030884,3130.966666618983,4196.849999904633,3096.3166666030884,3775.1333334445953,4505.1666665871935,4285.683333317439,3987.8833332856498,,,,,,,,,,,,,,,,,
A1J9VZ372FV2QZ,rec,20-1,20.0,1000.0,12,3209.0666667885253,3761.8666667143502,3757.777777777778,3868.322222179837,5908.250000119209,3946.366666608387,3930.2388888729947,4085.144444386164,4511.627777841356,4080.68333334393,4620.338888830608,,,,,,,,,,,,,,,,
A1J9VZ372FV2QZ,rec,20-1,20.0,1000.0,13,3955.1250000596046,5565.900000095367,2693.1000000834465,3608.4000000953674,3369.9499999284744,3964.3499999046326,3624.774999976158,3668.600000143051,3554.6499999165535,2808.400000154972,3393.7999999523163,3564.225000143051,,,,,,,,,,,,,,,
A1J9VZ372FV2QZ,rec,20-1,20.0,1000.0,14,4283.150000035763,5386.824999988079,7947.274999856949,3318.5000000596046,3422.350000143051,4077.199999809265,2960.57499986887,3728.2499999403954,7046.400000214577,4407.475000023842,3325.0750000476837,4002.1999999284744,3075.7500001192093,,,,,,,,,,,,,,
A1J9VZ372FV2QZ,rec,20-1,20.0,1000.0,15,3292.300000190735,2065.0,2945.800000190735,7243.400000095367,2657.800000190735,3994.199999809265,3145.699999809265,3886.5,3980.099999904633,2915.2000002861023,8191.599999904633,6987.699999809265,4610.400000095367,2823.2999997138977,,,,,,,,,,,,,
A1JI19KPIVNL3Y,ns,20-1,20.0,1000.0,4,4049.250000014901,6833.950000017881,10529.699999928474,,,,,,,,,,,,,,,,,,,,,,,,
A1JI19KPIVNL3Y,ns,20-1,20.0,1000.0,5,4749.383333345255,4257.958333343267,6157.533333341281,8812.999999980131,,,,,,,,,,,,,,,,,,,,,,,
A1JI19KPIVNL3Y,ns,20-1,20.0,1000.0,6,4359.744444433186,5402.900000002649,4501.344444443782,4126.555555552244,15687.92222220699,,,,,,,,,,,,,,,,,,,,,,
A1JI19KPIVNL3Y,ns,20-1,20.0,1000.0,7,4537.97666666309,4076.371666647494,5787.984999998411,6954.668333343168,5400.5183333411815,18518.243333331746,,,,,,,,,,,,,,,,,,,,,
A1JI19KPIVNL3Y,ns,20-1,20.0,1000.0,8,3710.2861111147536,4274.569444437821,3604.502777793341,5031.341666658719,5768.922222205335,6134.958333318432,10439.67500000861,,,,,,,,,,,,,,,,,,,,
A1JI19KPIVNL3Y,ns,20-1,20.0,1000.0,9,4380.5999999940395,3583.425000011921,3801.316666682561,4765.749999985099,4570.112499989569,4494.4375,3281.912499986589,15056.67499999702,,,,,,,,,,,,,,,,,,,
A1JI19KPIVNL3Y,ns,20-1,20.0,1000.0,10,2401.900000035763,5946.900000035763,4886.100000023842,4816.099999964237,4275.899999976158,2311.099999964237,4178.300000011921,2465.400000035763,10279.69999998808,,,,,,,,,,,,,,,,,,
A1KH9VI2D0V43B,prim,20-1,20.0,1000.0,4,,13808.0,2498.0,,,,,,,,,,,,,,,,,,,,,,,,
A1KH9VI2D0V43B,prim,20-1,20.0,1000.0,5,6078.0,5975.0,,4635.5,,,,,,,,,,,,,,,,,,,,,,,
A1KH9VI2D0V43B,prim,20-1,20.0,1000.0,6,,4060.0,2289.5,2548.0,2665.0,,,,,,,,,,,,,,,,,,,,,,
A1KH9VI2D0V43B,prim,20-1,20.0,1000.0,7,,4514.0,5183.0,3593.0,3058.0,,,,,,,,,,,,,,,,,,,,,,
A1KH9VI2D0V43B,prim,20-1,20.0,1000.0,8,5399.0,3807.1666666666665,5817.833333333333,4073.0,6704.5,4244.0,4491.166666666667,,,,,,,,,,,,,,,,,,,,
A1KH9VI2D0V43B,prim,20-1,20.0,1000.0,9,3463.1111111111113,2782.333333333333,3506.3333333333335,3196.111111111111,3311.666666666667,4368.333333333333,4210.5,3995.3333333333335,,,,,,,,,,,,,,,,,,,
A1KH9VI2D0V43B,prim,20-1,20.0,1000.0,10,3870.025,3900.125,2977.9875,3632.625,3788.6041666666665,3947.0,3652.875,3398.75,3825.5416666666665,,,,,,,,,,,,,,,,,,
A1KH9VI2D0V43B,prim,20-1,20.0,1000.0,11,3296.375,4105.125,4667.0,4501.291666666667,3738.875,6125.833333333334,5403.041666666667,4181.25,4714.625,3451.375,,,,,,,,,,,,,,,,,
A1KH9VI2D0V43B,prim,20-1,20.0,1000.0,12,4073.5,5810.833333333333,4301.166666666667,3338.5,4285.0,3986.6666666666665,4636.833333333333,3654.0,4277.166666666667,4724.166666666667,4467.833333333333,,,,,,,,,,,,,,,,
A1KH9VI2D0V43B,prim,20-1,20.0,1000.0,13,,5394.5,3004.5,3804.0,4120.0,3470.5,3375.5,4633.0,3772.0,7183.5,3782.5,6595.0,,,,,,,,,,,,,,,
A1KH9VI2D0V43B,prim,20-1,20.0,1000.0,14,4069.0,5498.0,3515.0,2712.0,3464.0,3027.0,2644.0,2604.0,4198.0,,5904.0,,2865.0,,,,,,,,,,,,,,
A1LJ4WAEDGELVL,rec,20-1,20.0,1000.0,5,1674.34999995213,1447.0999999996275,1573.849999928847,1982.200000047684,,,,,,,,,,,,,,,,,,,,,,,
A1LJ4WAEDGELVL,rec,20-1,20.0,1000.0,6,1615.3749999403954,1501.6749999998137,3658.974999927915,2307.2000000122935,2294.0,,,,,,,,,,,,,,,,,,,,,,
A1LJ4WAEDGELVL,rec,20-1,20.0,1000.0,7,1580.912499982398,1821.8375000297092,2413.212500029709,2438.8000000002794,4198.191666650586,19635.46250001155,,,,,,,,,,,,,,,,,,,,,
A1LJ4WAEDGELVL,rec,20-1,20.0,1000.0,8,1589.7999999684594,1413.6833333652467,1573.8166666825614,1639.1333333809548,5667.316666634753,3167.8749999680244,11519.566666642824,,,,,,,,,,,,,,,,,,,,
A1LJ4WAEDGELVL,rec,20-1,20.0,1000.0,9,1677.6499999761581,2049.6249999762513,2195.262499988312,2425.0750000001863,1724.1875000121072,3557.1374999764375,3393.487500011921,15289.46250000014,,,,,,,,,,,,,,,,,,,
A1LJ4WAEDGELVL,rec,20-1,20.0,1000.0,10,1183.2000000011176,2024.4000000003723,2404.800000000745,3749.400000000373,1306.9000000003723,1503.5999999996277,2063.7999999988824,1977.599999999628,,,,,,,,,,,,,,,,,,,
A1OOCYEFLAJD98,ns,20-1,20.0,1000.0,5,2697.0499999970198,1070.699999988079,1823.949999988079,19191.89999999106,,,,,,,,,,,,,,,,,,,,,,,
A1OOCYEFLAJD98,ns,20-1,20.0,1000.0,6,1650.94444445769,1630.733333349228,2650.7222222222226,3397.88333333532,18420.0,,,,,,,,,,,,,,,,,,,,,,
A1OOCYEFLAJD98,ns,20-1,20.0,1000.0,7,2402.85000001308,1961.6944444527228,1188.5333333429362,5838.722222228845,5341.594444448749,7011.308333322406,,,,,,,,,,,,,,,,,,,,,
A1OOCYEFLAJD98,ns,20-1,20.0,1000.0,8,2203.410416662693,2029.4583333358169,2330.97500000149,3034.1354166567326,4310.37083333979,4077.6087500073018,4930.833333335817,,,,,,,,,,,,,,,,,,,,
A1OOCYEFLAJD98,ns,20-1,20.0,1000.0,9,2810.714583342274,1823.9125000002482,2892.0125000029802,2501.525000003477,4068.8895833355687,5239.354166664183,7163.152083331099,9156.997916674862,,,,,,,,,,,,,,,,,,,
A1OOCYEFLAJD98,ns,20-1,20.0,1000.0,10,2017.0000000149012,2109.5999999940395,3937.5250000208616,2917.9333333422737,4391.683333342274,2589.499999995033,3667.0666666676602,2109.883333330353,16657.699999993045,,,,,,,,,,,,,,,,,,
A1OOCYEFLAJD98,ns,20-1,20.0,1000.0,11,7313.799999982119,2459.199999988079,1686.199999988079,1388.0999999940395,3923.09999999404,775.2000000178814,2208.2999999821186,5299.699999988079,1900.199999988079,3463.0999999940395,,,,,,,,,,,,,,,,,
A1OOCYEFLAJD98,ns,20-1,20.0,1000.0,12,2612.949999988079,1493.5000000298023,1367.9000000059605,2654.699999988079,1413.4500000178814,2357.399999976158,4545.3499999940395,6829.3499999940395,5167.149999976158,1788.6500000059605,5539.300000011921,,,,,,,,,,,,,,,,
A1OOCYEFLAJD98,ns,20-1,20.0,1000.0,13,1857.8499999940395,1730.0999999940395,2154.8499999940395,1697.5999999940395,6395.349999964237,3974.8499999940395,1807.25,5049.899999976158,2127.449999988079,2949.7000000178814,3512.0,2382.0000000298023,,,,,,,,,,,,,,,
A1OW27AZS122X2,ns,20-1,20.0,1000.0,2,3213.5,,,,,,,,,,,,,,,,,,,,,,,,,,
A1OW27AZS122X2,ns,20-1,20.0,1000.0,5,7580.39999999851,2495.14999999851,3775.64999999851,7664.89999999851,,,,,,,,,,,,,,,,,,,,,,,
A1OW27AZS122X2,ns,20-1,20.0,1000.0,6,3325.912500011424,4606.699999991184,5980.78333333383,4410.270833327745,4462.756249986589,,,,,,,,,,,,,,,,,,,,,,
A1OW27AZS122X2,ns,20-1,20.0,1000.0,7,3191.191666668902,5278.58749999851,2713.783333344592,3296.9083333381764,3856.8555555509192,7150.987500007574,,,,,,,,,,,,,,,,,,,,,
A1OW27AZS122X2,ns,20-1,20.0,1000.0,8,4283.216666670516,8199.91458331421,5447.0666666670395,4560.889583339294,4021.7604166719443,4093.091666669895,6316.689583338177,,,,,,,,,,,,,,,,,,,,
A1OW27AZS122X2,ns,20-1,20.0,1000.0,9,3958.6888888908757,2399.711111098528,16631.34444441729,5121.905555556218,6156.116666684548,5182.03333332638,5341.49444443153,3094.7777777844003,,,,,,,,,,,,,,,,,,,
A1OW27AZS122X2,ns,20-1,20.0,1000.0,10,3391.3250000178814,2414.083333323399,8311.666666666666,1766.3333333233993,4347.316666682561,3571.516666635871,2296.0166666805744,6628.45000000298,3833.850000023842,,,,,,,,,,,,,,,,,,
A1OW27AZS122X2,ns,20-1,20.0,1000.0,11,,1886.699999988079,3010.0,1878.5999999642368,2921.199999988079,3441.900000035763,3856.5,11929.400000035765,1880.0,3859.0,,,,,,,,,,,,,,,,,
A1R5JNC2LO6X1S,prim,20-1,20.0,1000.0,10,1995.0,,2656.5,2548.5,,2196.0,2657.0,3137.0,,,,,,,,,,,,,,,,,,,
A1R5JNC2LO6X1S,prim,20-1,20.0,1000.0,11,2640.0,4143.666666666667,2925.6666666666665,3189.8333333333335,2568.25,2656.1666666666665,3819.3333333333335,3526.0,4350.0,1788.5,,,,,,,,,,,,,,,,,
A1R5JNC2LO6X1S,prim,20-1,20.0,1000.0,12,3493.1666666666665,2805.3333333333335,2433.777777777778,3249.888888888889,3271.055555555555,2587.5,3356.333333333333,2604.5,2707.5,5429.833333333334,3071.222222222222,,,,,,,,,,,,,,,,
A1R5JNC2LO6X1S,prim,20-1,20.0,1000.0,13,2798.75,2976.5,2528.0,5195.333333333333,2737.3333333333335,5295.25,3991.5,3563.0,5441.5,4777.833333333333,3314.5,3442.5,,,,,,,,,,,,,,,
A1R5JNC2LO6X1S,prim,20-1,20.0,1000.0,14,3131.0,3748.375,2884.375,3388.6666666666665,3680.541666666667,6375.291666666666,2603.3333333333335,3047.277777777778,3039.6666666666665,2841.8333333333335,3106.0,5336.0,3064.875,,,,,,,,,,,,,,
A1R5JNC2LO6X1S,prim,20-1,20.0,1000.0,15,4262.708333333333,2882.4375,3424.875,3222.875,2839.4166666666665,3835.5416666666665,3999.0,3955.375,3035.625,2698.8333333333335,2866.75,4582.166666666667,2966.7083333333335,2571.125,,,,,,,,,,,,,
A1R5JNC2LO6X1S,prim,20-1,20.0,1000.0,16,3949.125,2574.25,4133.333333333334,2796.375,3876.0833333333335,2887.25,3512.083333333333,2800.5,2976.5833333333335,4107.388888888889,4049.5833333333335,3829.625,3002.75,3734.208333333333,3315.75,,,,,,,,,,,,
A1R5JNC2LO6X1S,prim,20-1,20.0,1000.0,18,3254.0,,2521.0,2581.0,5839.0,3547.0,1705.0,3153.0,3483.0,2328.0,4048.0,3102.0,3417.0,2627.0,4142.0,1733.0,4495.0,,,,,,,,,,
A1SUTNVLSFPXFK,ns,20-1,20.0,1000.0,2,,,,,,,,,,,,,,,,,,,,,,,,,,,
A1SUTNVLSFPXFK,ns,20-1,20.0,1000.0,5,11989.799999952316,,4888.350000143051,15985.699999809263,,,,,,,,,,,,,,,,,,,,,,,
A1SUTNVLSFPXFK,ns,20-1,20.0,1000.0,6,4888.950000047684,3642.8999996185303,14854.599999904633,,4850.399999936421,,,,,,,,,,,,,,,,,,,,,,
A1SUTNVLSFPXFK,ns,20-1,20.0,1000.0,7,5099.250000119209,4590.899999856949,6313.549999952316,4023.600000023842,8844.099999904633,4786.5,,,,,,,,,,,,,,,,,,,,,
A1SUTNVLSFPXFK,ns,20-1,20.0,1000.0,8,3218.099999984105,4545.877777761883,5199.511111146874,4924.3083333273735,5982.03333346049,6147.072222193082,6283.366666608387,,,,,,,,,,,,,,,,,,,,
A1SUTNVLSFPXFK,ns,20-1,20.0,1000.0,9,7195.766666730245,4119.6000000834465,4567.19999986887,5324.099999984105,5006.033333381017,4353.966666698456,5250.587500035763,6388.199999988079,,,,,,,,,,,,,,,,,,,
A1SUTNVLSFPXFK,ns,20-1,20.0,1000.0,10,3778.6375000178814,7299.0,3018.350000023842,3524.000000079473,9118.416666666666,4422.749999920527,3881.8833332061768,6950.299999952316,3863.2999998728433,,,,,,,,,,,,,,,,,,
A1SUTNVLSFPXFK,ns,20-1,20.0,1000.0,11,4142.324999928474,2741.599999904633,7816.14999997616,4410.0,2479.399999976158,6314.899999976157,2085.899999976158,3791.099999904633,2863.6500000953674,4242.399999976158,,,,,,,,,,,,,,,,,
A1SUTNVLSFPXFK,ns,20-1,20.0,1000.0,12,4758.099999904633,2637.5,2261.5,2061.599999904633,2389.0,1742.2999999523165,,,5878.5,2483.800000190735,,,,,,,,,,,,,,,,,
A1SUTNVLSFPXFK,ns,20-1,20.0,1000.0,13,2361.350000023842,2452.649999856949,3694.475000023842,3135.875,3404.4500000476837,4715.516666730245,4112.424999952316,3021.8374999165535,3388.000000089407,3136.7000001072884,3512.2166667381925,3779.5499999523163,,,,,,,,,,,,,,,
A1SUTNVLSFPXFK,ns,20-1,20.0,1000.0,14,2153.5,3419.649999976158,2039.7999999523163,2196.2999999523163,,2460.1500000953674,2853.200000047684,1677.4499999284744,2487.300000190735,4966.100000143051,2253.0,1912.8500001430511,2427.899999976158,,,,,,,,,,,,,,
A1SUTNVLSFPXFK,ns,20-1,20.0,1000.0,15,,3073.099999904633,,2214.200000047684,,2870.9000000953674,2036.5,4703.700000047684,,1892.700000047684,3830.899999856949,2191.599999904633,2247.700000047684,4190.800000190735,,,,,,,,,,,,,
A1SUTNVLSFPXFK,ns,20-1,20.0,1000.0,16,3190.099999904633,2029.8999998569489,2079.7999999523163,1572.2000000476835,2338.899999856949,2412.4000000953674,,1285.7999999523165,,1480.6999998092651,3117.600000143051,2128.800000190735,2244.9000000953674,5693.299999952316,1142.4000000953674,,,,,,,,,,,,
A1V91Z2CQKMR55,rec,20-1,20.0,1000.0,3,1558.4833333343267,1317.8499999642372,,,,,,,,,,,,,,,,,,,,,,,,,
A1V91Z2CQKMR55,rec,20-1,20.0,1000.0,4,1612.9750000238419,1982.1416666656733,3279.1749999821186,,,,,,,,,,,,,,,,,,,,,,,,
A1V91Z2CQKMR55,rec,20-1,20.0,1000.0,5,1387.6812500022352,1531.4483333309493,3309.8450000042094,1842.4025000087918,,,,,,,,,,,,,,,,,,,,,,,
A1V91Z2CQKMR55,rec,20-1,20.0,1000.0,6,1542.1770833407838,1796.7979166693985,2116.445833330353,2240.975000007078,2429.2058333334203,,,,,,,,,,,,,,,,,,,,,,
A1V91Z2CQKMR55,rec,20-1,20.0,1000.0,7,1200.3500000089407,1214.4500000029802,1536.6000000014901,2499.6000000089407,1523.3999999985099,1604.1000000089407,,,,,,,,,,,,,,,,,,,,,
A1V91Z2CQKMR55,rec,20-1,20.0,1000.0,8,1358.533333338797,1678.649999993543,1783.9499999980133,2280.633333347738,2692.2999999970198,2088.96666666617,1190.8166666751106,,,,,,,,,,,,,,,,,,,,
A1V91Z2CQKMR55,rec,20-1,20.0,1000.0,9,2425.0,2058.399999976158,1150.100000023842,1979.2999999821184,2719.100000023842,3602.300000011921,1400.4000000059605,1372.9000000059605,,,,,,,,,,,,,,,,,,,
A1YFL5HXPZ7MVV,ns,20-1,20.0,1000.0,3,4835.10000038147,3902.89999961853,,,,,,,,,,,,,,,,,,,,,,,,,
A1YFL5HXPZ7MVV,ns,20-1,20.0,1000.0,4,4672.100000023842,6815.5,7369.600000023842,,,,,,,,,,,,,,,,,,,,,,,,
A1YFL5HXPZ7MVV,ns,20-1,20.0,1000.0,5,4831.099999904633,3157.200000166893,5184.299999872844,3661.0999999046326,,,,,,,,,,,,,,,,,,,,,,,
A1YFL5HXPZ7MVV,ns,20-1,20.0,1000.0,6,5248.64444451862,4086.600000023842,5179.605555640326,4118.966666685211,4422.499999920527,,,,,,,,,,,,,,,,,,,,,,
A1YFL5HXPZ7MVV,ns,20-1,20.0,1000.0,7,4559.462500084192,4337.499999967714,3852.2416667565703,4852.554166663438,4717.8291666085515,6042.808333313714,,,,,,,,,,,,,,,,,,,,,
A1YFL5HXPZ7MVV,ns,20-1,20.0,1000.0,8,4404.219999996821,4082.926666686932,6563.283333301544,4782.6266666471965,4083.176666659117,3687.586666663488,3691.2233333488307,,,,,,,,,,,,,,,,,,,,
A1YFL5HXPZ7MVV,ns,20-1,20.0,1000.0,9,4171.326666673024,4420.32916666319,5008.496666651964,5203.895833425224,4393.310833388567,5777.720833349352,4574.119999985397,3716.945833357051,,,,,,,,,,,,,,,,,,,
A1YFL5HXPZ7MVV,ns,20-1,20.0,1000.0,10,4432.199999988079,4494.4000000059605,3953.5,7068.300000011921,3620.400000005961,9542.0,6882.0,4847.0,5656.199999988079,,,,,,,,,,,,,,,,,,
A1YFL5HXPZ7MVV,ns,20-1,20.0,1000.0,11,4618.8000000019865,3515.0,5409.833333343267,5289.999999990066,4524.5999999940395,3907.0,4714.20000000298,5382.73333332936,3919.199999998013,3793.133333325386,,,,,,,,,,,,,,,,,
A22UMPYYQBXT0F,rec,20-1,20.0,1000.0,3,1713.2222221692407,4803.633333365123,,,,,,,,,,,,,,,,,,,,,,,,,
A22UMPYYQBXT0F,rec,20-1,20.0,1000.0,4,1580.1722222434153,1985.2166666653422,7111.844444425569,,,,,,,,,,,,,,,,,,,,,,,,
A22UMPYYQBXT0F,rec,20-1,20.0,1000.0,5,1810.8124999720603,1751.4000000599772,2975.5125000327826,9879.44999997504,,,,,,,,,,,,,,,,,,,,,,,
A22UMPYYQBXT0F,rec,20-1,20.0,1000.0,6,1794.812499966783,1957.758333293721,3012.181250013411,2784.3937500305474,4026.0416666732895,,,,,,,,,,,,,,,,,,,,,,
A22UMPYYQBXT0F,rec,20-1,20.0,1000.0,7,1934.8222221997048,1919.5166666656733,1654.5027777776122,3052.855555563337,2480.702777792182,6545.988888882101,,,,,,,,,,,,,,,,,,,,,
A22UMPYYQBXT0F,rec,20-1,20.0,1000.0,8,1625.3500000014901,3242.5666666626935,1698.6999999980133,2603.9666666686535,3820.6000000039735,1428.5333333313465,3162.466666663687,,,,,,,,,,,,,,,,,,,,
A22UMPYYQBXT0F,rec,20-1,20.0,1000.0,9,1391.4000000953674,1580.1000001430511,1596.5999999046326,1305.2999999523165,992.1000001430511,1755.0999999046326,1167.3999998569489,1123.6000001430511,,,,,,,,,,,,,,,,,,,
A22UMPYYQBXT0F,rec,20-1,20.0,1000.0,10,1610.7999999523165,1903.899999976158,1831.899999976158,1297.100000023842,1933.900000095368,1186.899999976158,2028.200000047684,1259.0999999046326,1640.3000000715256,,,,,,,,,,,,,,,,,,
A26M997VYVK0E6,prim,20-1,20.0,1000.0,4,1332.0,1251.0,1182.0,,,,,,,,,,,,,,,,,,,,,,,,
A26M997VYVK0E6,prim,20-1,20.0,1000.0,10,1620.25,2240.75,2060.0,3216.5,1588.5,1206.0,2159.0,3171.0,1438.5,,,,,,,,,,,,,,,,,,
A26M997VYVK0E6,prim,20-1,20.0,1000.0,11,3756.0,1783.0,1110.0,2269.0,1198.0,1259.0,3151.0,1866.0,2223.0,2427.0,,,,,,,,,,,,,,,,,
A26M997VYVK0E6,prim,20-1,20.0,1000.0,12,1970.6666666666667,1656.611111111111,1933.0555555555557,1651.388888888889,2624.6111111111113,2139.9444444444443,1718.5555555555557,2109.8333333333335,2073.5,1550.1666666666667,2053.944444444445,,,,,,,,,,,,,,,,
A26M997VYVK0E6,prim,20-1,20.0,1000.0,13,1927.625,1448.75,1927.25,2136.625,1995.5,1480.0,1774.0,1670.625,1732.625,2325.0,2588.0,1601.875,,,,,,,,,,,,,,,
A26M997VYVK0E6,prim,20-1,20.0,1000.0,14,1961.5833333333333,1775.4166666666667,2173.8333333333335,1499.0,1953.75,2116.9166666666665,2528.25,1971.25,1504.4166666666667,2417.6666666666665,1846.4166666666667,1727.0555555555557,1983.4166666666667,,,,,,,,,,,,,,
A26M997VYVK0E6,prim,20-1,20.0,1000.0,15,1672.75,1770.5416666666667,1593.375,1410.125,1478.75,1205.875,1497.0833333333335,1671.2916666666667,1422.8333333333335,1824.5833333333333,1539.4583333333333,2056.833333333333,1807.9583333333333,1566.9583333333333,,,,,,,,,,,,,
A26M997VYVK0E6,prim,20-1,20.0,1000.0,16,1629.1666666666665,988.5,2198.3333333333335,1498.6666666666667,1115.6666666666667,1539.75,1249.3333333333333,1467.4166666666667,1400.9166666666667,1390.111111111111,1468.25,1351.0,1535.75,1984.5,1664.4166666666667,,,,,,,,,,,,
A26M997VYVK0E6,prim,20-1,20.0,1000.0,17,1163.0,2402.75,1058.75,1008.75,1826.75,1090.5,1683.0,1100.25,1600.0,1461.0,1114.5,1466.5,2295.25,1331.5,2879.5,1067.25,,,,,,,,,,,
A26M997VYVK0E6,prim,20-1,20.0,1000.0,18,1351.5,1021.0,1099.0,1136.5,1517.5,1100.0,1931.0,815.0,1100.5,1445.0,1141.5,2282.0,835.5,1160.0,1403.0,1070.0,1342.5,,,,,,,,,,
A26M997VYVK0E6,prim,20-1,20.0,1000.0,20,2447.0,688.0,1118.0,1477.0,954.0,1866.0,2016.0,1355.0,849.0,1932.0,1195.0,1556.0,1359.0,1175.0,3051.0,,4923.0,2265.0,2871.0,,,,,,,,
A277V4SHQB8JRS,rec,20-1,20.0,1000.0,6,1954.0,3216.0,1562.0,1505.0,16562.0,,,,,,,,,,,,,,,,,,,,,,
A277V4SHQB8JRS,rec,20-1,20.0,1000.0,7,1211.8333333333333,1564.5,1209.6666666666667,5020.666666666667,2299.1666666666665,9463.333333333334,,,,,,,,,,,,,,,,,,,,,
A277V4SHQB8JRS,rec,20-1,20.0,1000.0,8,1283.75,1381.5,1375.5,1237.5,2511.75,5961.0,1420.5,,,,,,,,,,,,,,,,,,,,
A277V4SHQB8JRS,rec,20-1,20.0,1000.0,9,2444.75,1162.3333333333333,1170.75,3419.875,3214.125,2168.25,2193.25,5241.166666666667,,,,,,,,,,,,,,,,,,,
A277V4SHQB8JRS,rec,20-1,20.0,1000.0,10,1377.1666666666667,1454.3333333333333,1843.25,2037.5,2145.0555555555557,3260.3333333333335,2222.1111111111113,2984.0833333333335,9159.833333333334,,,,,,,,,,,,,,,,,,
A277V4SHQB8JRS,rec,20-1,20.0,1000.0,11,1433.0,1426.0,1042.0,,706.0,,4082.0,3153.0,3938.0,,,,,,,,,,,,,,,,,,
A277V4SHQB8JRS,rec,20-1,20.0,1000.0,12,1014.9375,1137.0625,1241.125,1588.1666666666667,3892.1041666666665,4133.777777777777,4000.541666666667,2726.1041666666665,2827.833333333333,6914.958333333333,3459.4166666666665,,,,,,,,,,,,,,,,
A277V4SHQB8JRS,rec,20-1,20.0,1000.0,13,1349.5,602.0,993.5,1874.0,3142.0,3342.0,2766.0,4593.0,1426.0,2689.0,2925.5,4406.0,,,,,,,,,,,,,,,
A277V4SHQB8JRS,rec,20-1,20.0,1000.0,14,1215.6,1342.4,1564.25,2944.2,2272.75,1160.6666666666667,6748.8,2617.6,2199.25,8557.0,10162.75,3794.2,2592.2,,,,,,,,,,,,,,
A277V4SHQB8JRS,rec,20-1,20.0,1000.0,15,1155.5,1761.0,967.0,2322.25,1092.25,1281.0,1543.0,4403.5,2646.0,1379.25,1253.5,3409.75,2875.0,1928.5,,,,,,,,,,,,,
A277V4SHQB8JRS,rec,20-1,20.0,1000.0,16,1021.25,1501.25,846.0,1241.5,1569.75,1481.5,1073.0,1693.5,1351.0,1296.25,993.25,2479.75,1496.5,1322.75,9184.25,,,,,,,,,,,,
A277V4SHQB8JRS,rec,20-1,20.0,1000.0,17,1475.0,754.0,1562.0,3315.0,1236.0,,1755.0,2089.0,931.0,1946.0,3660.0,2690.0,1546.0,1419.0,43402.0,772.0,,,,,,,,,,,
A2E5PV1BHNG67N,ns,20-1,20.0,1000.0,2,24105.099999427795,,,,,,,,,,,,,,,,,,,,,,,,,,
A2E5PV1BHNG67N,ns,20-1,20.0,1000.0,3,6969.200000286102,15905.25,,,,,,,,,,,,,,,,,,,,,,,,,
A2E5PV1BHNG67N,ns,20-1,20.0,1000.0,4,4370.099999904633,7851.60000038147,3637.75,,,,,,,,,,,,,,,,,,,,,,,,
A2E5PV1BHNG67N,ns,20-1,20.0,1000.0,5,4493.800000071526,4849.349999904633,3977.691666841507,4874.066666603088,,,,,,,,,,,,,,,,,,,,,,,
A2E5PV1BHNG67N,ns,20-1,20.0,1000.0,6,4367.725000023842,5205.416666587194,5490.633333444595,4554.624999960263,4452.700000047684,,,,,,,,,,,,,,,,,,,,,,
A2E5PV1BHNG67N,ns,20-1,20.0,1000.0,7,4240.450000047684,4672.5666669209795,4639.899999777475,4440.700000047684,5536.799999554952,7271.050000111261,,,,,,,,,,,,,,,,,,,,,
A2E5PV1BHNG67N,ns,20-1,20.0,1000.0,8,,7971.0,5452.0,5943.400000095367,4855.799999713898,4430.199999809265,,,,,,,,,,,,,,,,,,,,,
A2E5PV1BHNG67N,ns,20-1,20.0,1000.0,9,3359.9000000953674,,4281.0,3718.099999904633,3583.099999904633,2909.0,3560.099999904633,,,,,,,,,,,,,,,,,,,,
A2FQVRBXJZQAWT,prim,20-1,20.0,1000.0,6,,3734.0,2990.0,6232.5,,,,,,,,,,,,,,,,,,,,,,,
A2FQVRBXJZQAWT,prim,20-1,20.0,1000.0,7,3626.5,3663.5,,3330.0,3447.0,6074.0,,,,,,,,,,,,,,,,,,,,,
A2FQVRBXJZQAWT,prim,20-1,20.0,1000.0,8,3907.0,4366.0,3942.0,,6124.5,2560.0,2732.0,,,,,,,,,,,,,,,,,,,,
A2FQVRBXJZQAWT,prim,20-1,20.0,1000.0,9,1534.0,2714.0,3691.25,4170.75,2952.0,2998.0,3712.0,3246.666666666667,,,,,,,,,,,,,,,,,,,
A2FQVRBXJZQAWT,prim,20-1,20.0,1000.0,10,4564.5,3080.75,4360.0,2518.5,2237.0,3025.0,3309.0,4402.5,2036.0,,,,,,,,,,,,,,,,,,
A2FQVRBXJZQAWT,prim,20-1,20.0,1000.0,11,2777.0,3643.0,,3683.0,,,4287.0,3219.0,3500.0,,,,,,,,,,,,,,,,,,
A2FQVRBXJZQAWT,prim,20-1,20.0,1000.0,12,,,2514.0,3439.0,1963.0,,3138.0,3477.0,,3742.0,2507.0,,,,,,,,,,,,,,,,
A2FQVRBXJZQAWT,prim,20-1,20.0,1000.0,13,3061.6666666666665,4405.666666666667,6117.0,4086.0,2903.5,3517.3333333333335,5439.333333333333,,4484.5,3813.3333333333335,2925.3333333333335,3977.5,,,,,,,,,,,,,,,
A2FQVRBXJZQAWT,prim,20-1,20.0,1000.0,14,2857.0,4399.0,2900.0,3963.0,2250.0,3509.0,3510.0,2227.0,3996.5,3424.0,4044.5,3329.0,4500.0,,,,,,,,,,,,,,
A2FQVRBXJZQAWT,prim,20-1,20.0,1000.0,15,2212.0,2224.0,3783.5,2188.0,4513.0,2738.0,2207.5,5450.0,3174.5,2135.5,6080.5,2962.0,3394.5,2466.5,,,,,,,,,,,,,
A2GM1ZIBRBHBK7,ns,20-1,20.0,1000.0,2,,,,,,,,,,,,,,,,,,,,,,,,,,,
A2GM1ZIBRBHBK7,ns,20-1,20.0,1000.0,3,3071.300000190735,,,,,,,,,,,,,,,,,,,,,,,,,,
A2GM1ZIBRBHBK7,ns,20-1,20.0,1000.0,5,4733.824999988079,3284.362500011921,2827.09999997086,2628.1500000357632,,,,,,,,,,,,,,,,,,,,,,,
A2GM1ZIBRBHBK7,ns,20-1,20.0,1000.0,6,2516.9888889657127,3471.0708333353205,3087.050000001987,3151.0625000298023,3363.962500035763,,,,,,,,,,,,,,,,,,,,,,
A2GM1ZIBRBHBK7,ns,20-1,20.0,1000.0,7,3296.155833315849,3069.8812500089407,3609.4354165842137,3179.237500011921,4138.162499954304,3702.3145833263798,,,,,,,,,,,,,,,,,,,,,
A2GM1ZIBRBHBK7,ns,20-1,20.0,1000.0,8,2918.3416667183237,4022.25,3226.466666698456,3480.0249999562902,3191.283333301544,3092.666666666667,3097.491666674614,,,,,,,,,,,,,,,,,,,,
A2GM1ZIBRBHBK7,ns,20-1,20.0,1000.0,9,6820.700000047684,7739.399999856949,3863.899999856949,5719.200000047684,3828.200000047684,3311.700000047684,2903.9000000953674,2825.699999809265,,,,,,,,,,,,,,,,,,,
A2ONILC0LZKG6Y,rec,20-1,20.0,1000.0,8,2048.0,2915.5,3002.0,8416.25,3349.0,7272.5,10037.25,,,,,,,,,,,,,,,,,,,,
A2ONILC0LZKG6Y,rec,20-1,20.0,1000.0,9,2279.666666666667,2370.0,3515.1111111111113,2402.0,2303.444444444445,11119.5,6291.222222222223,6130.111111111112,,,,,,,,,,,,,,,,,,,
A2ONILC0LZKG6Y,rec,20-1,20.0,1000.0,10,2231.6666666666665,2122.0,2166.3333333333335,2585.3333333333335,2727.6666666666665,4697.0,4228.333333333333,12950.666666666666,12277.0,,,,,,,,,,,,,,,,,,
A2ONILC0LZKG6Y,rec,20-1,20.0,1000.0,11,2982.425,2831.05,4060.55,2443.75,2808.05,3406.475,5270.525,7358.0,9177.4,10314.666666666666,,,,,,,,,,,,,,,,,
A2ONILC0LZKG6Y,rec,20-1,20.0,1000.0,12,1857.8333333333333,2955.8333333333335,2647.1666666666665,2177.277777777778,1994.611111111111,1746.1666666666667,3172.8888888888887,2178.0,6646.833333333333,6225.055555555555,13660.5,,,,,,,,,,,,,,,,
A2ONILC0LZKG6Y,rec,20-1,20.0,1000.0,13,2724.9583333333335,2201.7916666666665,3069.9166666666665,2802.1666666666665,2342.3333333333335,3696.1666666666665,2112.75,4111.833333333334,6858.291666666666,3745.5,9296.958333333334,7869.583333333333,,,,,,,,,,,,,,,
A2ONILC0LZKG6Y,rec,20-1,20.0,1000.0,14,1470.0,2344.25,2214.75,2862.75,2483.25,2354.25,2723.25,2234.75,2157.75,2747.25,5548.25,7440.75,4304.5,,,,,,,,,,,,,,
A2ONILC0LZKG6Y,rec,20-1,20.0,1000.0,15,2256.375,3051.25,1764.875,3434.875,2537.875,3633.875,2245.625,2517.75,2539.375,2661.125,2983.625,4645.25,10077.375,16599.25,,,,,,,,,,,,,
A2ONILC0LZKG6Y,rec,20-1,20.0,1000.0,16,2226.0,1935.0,3252.0,2101.0,2483.0,1862.0,3176.0,2148.0,2098.0,1828.0,2129.0,3004.0,4004.0,11729.0,7958.0,,,,,,,,,,,,
A2QX1SJXQN1NV1,prim,20-1,20.0,1000.0,3,,7472.0,,,,,,,,,,,,,,,,,,,,,,,,,
A2QX1SJXQN1NV1,prim,20-1,20.0,1000.0,4,,4722.666666666667,,,,,,,,,,,,,,,,,,,,,,,,,
A2QX1SJXQN1NV1,prim,20-1,20.0,1000.0,5,3638.5,4520.5,8677.25,14145.5,,,,,,,,,,,,,,,,,,,,,,,
A2QX1SJXQN1NV1,prim,20-1,20.0,1000.0,6,2721.0,7069.5,4424.5,12818.5,8959.666666666666,,,,,,,,,,,,,,,,,,,,,,
A2QX1SJXQN1NV1,prim,20-1,20.0,1000.0,7,12794.833333333334,3864.6666666666665,7200.125,6575.833333333334,4088.875,12646.333333333332,,,,,,,,,,,,,,,,,,,,,
A2QX1SJXQN1NV1,prim,20-1,20.0,1000.0,8,11890.5,8601.5,4471.0,5483.25,4623.75,4130.0,12036.0,,,,,,,,,,,,,,,,,,,,
A2QY653X9531JP,ns,20-1,20.0,1000.0,3,4142.599999666214,,,,,,,,,,,,,,,,,,,,,,,,,,
A2QY653X9531JP,ns,20-1,20.0,1000.0,4,5817.875,4446.266666889191,5208.199999968211,,,,,,,,,,,,,,,,,,,,,,,,
A2QY653X9531JP,ns,20-1,20.0,1000.0,5,5471.650000333786,5563.300000190735,5178.799999713898,5654.5,,,,,,,,,,,,,,,,,,,,,,,
A2QY653X9531JP,ns,20-1,20.0,1000.0,6,4195.983333349228,3587.6999999284744,4691.5166665712995,5793.599999845028,9106.533333222073,,,,,,,,,,,,,,,,,,,,,,
A2QY653X9531JP,ns,20-1,20.0,1000.0,7,5334.016964435577,5456.367856980789,5471.513690460296,4428.249999841054,6492.220833381018,10218.02250007391,,,,,,,,,,,,,,,,,,,,,
A2QY653X9531JP,ns,20-1,20.0,1000.0,8,4554.466666460037,4993.450000047684,4198.933333317439,5326.583333333333,5656.249999920527,6242.924999713898,6740.875000238419,,,,,,,,,,,,,,,,,,,,
A2QY653X9531JP,ns,20-1,20.0,1000.0,9,4121.366666793823,4764.499999841054,5285.266667048137,5062.766666889191,5106.333333333333,4407.800000190735,7077.300000031789,6583.549999952316,,,,,,,,,,,,,,,,,,,
A2QY653X9531JP,ns,20-1,20.0,1000.0,10,3587.2000000476837,4992.150000095367,5083.900000333786,7295.949999809265,5474.650000095367,3223.9500000476837,7241.0,3664.600000143051,12323.299999952316,,,,,,,,,,,,,,,,,,
A2QY653X9531JP,ns,20-1,20.0,1000.0,11,4100.400000095367,3391.7000002861023,3996.199999809265,4865.400000095367,3216.5,4778.900000095367,2428.599999904633,4547.300000190735,3860.5,,,,,,,,,,,,,,,,,,
A2QY653X9531JP,ns,20-1,20.0,1000.0,12,3201.2000007629395,4576.900000572205,4485.60000038147,3599.7999992370605,3475.5,3849.89999961853,6096.200000762939,10597.699999809263,7179.5,5071.699999809265,5428.299999237061,,,,,,,,,,,,,,,,
A2RBF3IIJP15IH,rec,20-1,20.0,1000.0,4,1991.700000047684,1853.6000001430511,4730.400000095367,,,,,,,,,,,,,,,,,,,,,,,,
A2RBF3IIJP15IH,rec,20-1,20.0,1000.0,5,2008.2666667302449,5759.016666789849,1630.500000105964,1982.5250000059605,,,,,,,,,,,,,,,,,,,,,,,
A2RBF3IIJP15IH,rec,20-1,20.0,1000.0,6,1458.572222219573,2592.2108333508177,3234.6441666136184,2047.6083333359827,1719.9655555407207,,,,,,,,,,,,,,,,,,,,,,
A2RBF3IIJP15IH,rec,20-1,20.0,1000.0,7,1409.2387499548495,1578.7862499763569,2548.8562500398607,2896.071875039488,1477.864107153671,3056.8316666538517,,,,,,,,,,,,,,,,,,,,,
A2RBF3IIJP15IH,rec,20-1,20.0,1000.0,8,1574.6375000029802,2322.662500053644,1353.2125001326203,3056.025000013411,2283.575000092387,1446.6250000298023,1897.7750000059605,,,,,,,,,,,,,,,,,,,,
A2RBF3IIJP15IH,rec,20-1,20.0,1000.0,9,1579.399999976158,2512.100000023842,1312.100000023842,,1330.199999988079,1370.0999999642372,2646.2999999523163,,,,,,,,,,,,,,,,,,,,
A2RWLFIP23FZA7,prim,20-1,20.0,1000.0,2,,,,,,,,,,,,,,,,,,,,,,,,,,,
A2RWLFIP23FZA7,prim,20-1,20.0,1000.0,4,1951.625,10530.424999999814,7914.125,,,,,,,,,,,,,,,,,,,,,,,,
A2RWLFIP23FZA7,prim,20-1,20.0,1000.0,5,2160.89999999851,2161.300000000745,,30058.099999997765,,,,,,,,,,,,,,,,,,,,,,,
A2RWLFIP23FZA7,prim,20-1,20.0,1000.0,6,2321.76666666676,2061.9666666672565,8284.133333332318,5653.56666666735,6777.216666667722,,,,,,,,,,,,,,,,,,,,,,
A2RWLFIP23FZA7,prim,20-1,20.0,1000.0,7,2740.216666666713,2274.537499999511,2508.274999999441,3387.9666666671014,2565.0944444453858,4106.8708333338145,,,,,,,,,,,,,,,,,,,,,
A2RWLFIP23FZA7,prim,20-1,20.0,1000.0,8,2520.783333334451,3106.3749999995343,3031.4624999993634,2542.12916666669,2527.508333333768,3704.3444444448164,9824.258333333613,,,,,,,,,,,,,,,,,,,,
A2RWLFIP23FZA7,prim,20-1,20.0,1000.0,9,3057.9833333329298,2544.638888888682,3057.477777779051,2268.4250000001243,3051.825000000031,2069.6833333323398,2188.083333332868,3288.3388888889717,,,,,,,,,,,,,,,,,,,
A2RWLFIP23FZA7,prim,20-1,20.0,1000.0,10,1748.2166666661699,2666.483333333085,2700.7333333318434,2265.8333333320916,2583.1833333342024,2203.333333333954,3052.7000000011176,3015.233333333085,3984.1000000008694,,,,,,,,,,,,,,,,,,
A2RWLFIP23FZA7,prim,20-1,20.0,1000.0,11,2389.700000000419,2122.100000000559,1982.5250000003725,1919.1499999999069,3320.874999999767,2344.399999999907,2548.4250000000466,2000.449999999022,2708.099999998696,2708.949999999255,,,,,,,,,,,,,,,,,
A2RWLFIP23FZA7,prim,20-1,20.0,1000.0,13,2766.9000000003725,2426.4000000003725,945.5,2502.5,2418.2000000011176,2410.199999999255,1321.0,2056.2000000011176,2160.7000000011176,2992.0,2656.7000000011176,2208.9000000003725,,,,,,,,,,,,,,,
A2SBZCFAVT83GN,rec,20-1,20.0,1000.0,4,2810.0,,3375.5,,,,,,,,,,,,,,,,,,,,,,,,
A2SBZCFAVT83GN,rec,20-1,20.0,1000.0,5,2671.0,3950.0,2332.0,3248.0,,,,,,,,,,,,,,,,,,,,,,,
A2SBZCFAVT83GN,rec,20-1,20.0,1000.0,6,3137.625,4048.083333333333,3824.3333333333335,4053.8,5148.333333333334,,,,,,,,,,,,,,,,,,,,,,
A2SBZCFAVT83GN,rec,20-1,20.0,1000.0,7,2753.3333333333335,4986.166666666667,4444.333333333333,4227.88888888889,4966.555555555556,5388.166666666667,,,,,,,,,,,,,,,,,,,,,
A2SBZCFAVT83GN,rec,20-1,20.0,1000.0,8,7116.0,2851.5,3334.3333333333335,3570.8333333333335,3459.0,4667.5,3129.6666666666665,,,,,,,,,,,,,,,,,,,,
A2SBZCFAVT83GN,rec,20-1,20.0,1000.0,9,3848.4166666666665,4584.5,8558.5,4517.0,4021.5833333333335,4680.5,4838.916666666666,3680.0,,,,,,,,,,,,,,,,,,,
A2SBZCFAVT83GN,rec,20-1,20.0,1000.0,10,3288.25,3416.0,3338.25,3478.0,4100.25,2891.0,3366.25,4346.25,5032.75,,,,,,,,,,,,,,,,,,
A2SBZCFAVT83GN,rec,20-1,20.0,1000.0,11,4546.666666666667,2503.6666666666665,3893.3333333333335,2690.3333333333335,3972.0,3152.3333333333335,4994.666666666667,3958.0,3501.5,2913.3333333333335,,,,,,,,,,,,,,,,,
A2SBZCFAVT83GN,rec,20-1,20.0,1000.0,12,3356.5,4149.25,4796.0,4357.75,5763.5,3031.0,3358.5,5411.0,2920.5,5250.25,4369.0,,,,,,,,,,,,,,,,
A2SQGKP2REXOTN,prim,20-1,20.0,1000.0,3,4030.0,3443.5,,,,,,,,,,,,,,,,,,,,,,,,,
A2SQGKP2REXOTN,prim,20-1,20.0,1000.0,4,4270.5,3997.0,3256.0,,,,,,,,,,,,,,,,,,,,,,,,
A2SQGKP2REXOTN,prim,20-1,20.0,1000.0,5,4160.188888888889,4278.833333333333,4117.638888888889,5750.583333333333,,,,,,,,,,,,,,,,,,,,,,,
A2SQGKP2REXOTN,prim,20-1,20.0,1000.0,6,4589.357142857142,4948.349206349206,4760.452380952381,5263.916666666667,4627.180555555556,,,,,,,,,,,,,,,,,,,,,,
A2SQGKP2REXOTN,prim,20-1,20.0,1000.0,7,4106.166666666667,4542.0,5126.833333333333,4221.166666666667,6094.0,5804.5,,,,,,,,,,,,,,,,,,,,,
A2SQGKP2REXOTN,prim,20-1,20.0,1000.0,9,2950.0,4595.0,5855.0,5194.0,,,4826.0,4284.0,,,,,,,,,,,,,,,,,,,
A2SQTRNQWDLU4F,ns,20-1,20.0,1000.0,3,4375.0,,,,,,,,,,,,,,,,,,,,,,,,,,
A2SQTRNQWDLU4F,ns,20-1,20.0,1000.0,4,7034.0,9043.5,7111.0,,,,,,,,,,,,,,,,,,,,,,,,
A2SQTRNQWDLU4F,ns,20-1,20.0,1000.0,5,5304.0,,7807.75,11444.5,,,,,,,,,,,,,,,,,,,,,,,
A2SQTRNQWDLU4F,ns,20-1,20.0,1000.0,6,6075.875,9054.5,6118.5,5916.625,8176.5,,,,,,,,,,,,,,,,,,,,,,
A2SQTRNQWDLU4F,ns,20-1,20.0,1000.0,7,6398.75,6801.25,8047.75,7075.5,8497.5,6860.0,,,,,,,,,,,,,,,,,,,,,
A2SQTRNQWDLU4F,ns,20-1,20.0,1000.0,8,6491.75,6506.25,13933.5,9107.0,7230.5,7271.0,6171.75,,,,,,,,,,,,,,,,,,,,
A2SQTRNQWDLU4F,ns,20-1,20.0,1000.0,9,5917.0,4475.0,4233.0,13189.0,7252.0,6687.0,4435.0,6906.0,,,,,,,,,,,,,,,,,,,
A2SWQM5X54P1O5,ns,20-1,20.0,1000.0,6,1391.5499999821186,871.8000000119209,7287.5,4358.299999952316,4234.899999976158,,,,,,,,,,,,,,,,,,,,,,
A2SWQM5X54P1O5,ns,20-1,20.0,1000.0,7,1303.800000021855,2455.9166667064032,1972.5000000198684,3262.9000000158944,3080.5,3292.1166666845484,,,,,,,,,,,,,,,,,,,,,
A2SWQM5X54P1O5,ns,20-1,20.0,1000.0,8,1732.362500006599,1914.2833333561819,2329.130357168615,4413.758333332837,3093.9958333497248,4643.076785708113,5537.870833337307,,,,,,,,,,,,,,,,,,,,
A2SWQM5X54P1O5,ns,20-1,20.0,1000.0,9,2188.274166681369,1557.7916666592162,2172.107083320121,3652.535416669647,3326.295833337307,3496.6533333505195,3365.8950000097357,4269.726249994835,,,,,,,,,,,,,,,,,,,
A2SWQM5X54P1O5,ns,20-1,20.0,1000.0,10,2902.963333338499,2079.7066666503747,2932.6100000083447,3430.5833333333335,3420.5333333214126,4656.008333320419,3230.4666666766007,4573.833333331347,3942.5416666467986,,,,,,,,,,,,,,,,,,
A2SWQM5X54P1O5,ns,20-1,20.0,1000.0,11,2537.1749999821186,2085.4500000178814,2424.899999976158,5324.024999991059,2736.949999988079,3314.949999973178,3676.875000014901,2530.800000011921,7899.75,5304.600000008941,,,,,,,,,,,,,,,,,
A2TG5ESEOPXAHI,prim,20-1,20.0,1000.0,4,5650.199999928474,3618.299999952316,,,,,,,,,,,,,,,,,,,,,,,,,
A2TG5ESEOPXAHI,prim,20-1,20.0,1000.0,6,3450.600000023842,22786.150000035763,4096.900000035763,3907.799999952316,1823.3000000715256,,,,,,,,,,,,,,,,,,,,,,
A2TG5ESEOPXAHI,prim,20-1,20.0,1000.0,7,3438.0333333412805,9068.666666686535,4385.377777775128,4011.9500000079474,4377.974999979138,3047.725000023842,,,,,,,,,,,,,,,,,,,,,
A2TG5ESEOPXAHI,prim,20-1,20.0,1000.0,8,3830.3833333452544,3428.608333299557,4290.006249996523,4196.01666667064,3436.056249976158,3236.886111117072,4844.6805555688015,,,,,,,,,,,,,,,,,,,,
A2TG5ESEOPXAHI,prim,20-1,20.0,1000.0,9,3901.4166666666665,3833.0,3316.6625000089407,5877.237500011921,3619.1777778002947,3936.86666666468,3311.9222222434146,6246.33333337307,,,,,,,,,,,,,,,,,,,
A2TG5ESEOPXAHI,prim,20-1,20.0,1000.0,10,2850.149999976158,2555.300000011921,3368.0333333412805,3898.849999964237,4205.549999952316,3249.411111076673,2888.0444444550412,2761.8499999841056,3595.349999964237,,,,,,,,,,,,,,,,,,
A2TG5ESEOPXAHI,prim,20-1,20.0,1000.0,11,4730.250000019868,4856.0625,6978.200000047684,4347.73749999702,3339.425000011921,3624.4500000278153,3067.125000014901,3666.4833333293595,4919.012499973178,4136.983333388965,,,,,,,,,,,,,,,,,
A2TG5ESEOPXAHI,prim,20-1,20.0,1000.0,12,4039.100000023842,3599.7500000596046,4033.850000023842,,3132.050000011921,,2953.199999988079,,2327.5,3054.5,3324.199999988079,,,,,,,,,,,,,,,,
A2TG5ESEOPXAHI,prim,20-1,20.0,1000.0,14,7269.875000029802,4665.9000000059605,3832.574999988079,3196.625,2799.5250000059605,3992.125,2678.2750000059605,5908.324999988079,2578.0250000059605,4696.474999964237,3269.7750000059605,3691.7000000476837,3082.4749999940395,,,,,,,,,,,,,,
A2V6E7SGEU0EFD,ns,20-1,20.0,1000.0,2,1560.7999999970198,,,,,,,,,,,,,,,,,,,,,,,,,,
A2V6E7SGEU0EFD,ns,20-1,20.0,1000.0,4,1130.3055555522442,1240.9555555565491,1803.6999999967713,,,,,,,,,,,,,,,,,,,,,,,,
A2V6E7SGEU0EFD,ns,20-1,20.0,1000.0,5,939.5888888811072,955.8777777660225,1298.1333333328366,4569.822222221229,,,,,,,,,,,,,,,,,,,,,,,
A2V6E7SGEU0EFD,ns,20-1,20.0,1000.0,6,1513.583333330229,1418.0708333229027,1341.4124999968335,2716.720833330415,4719.712500000994,,,,,,,,,,,,,,,,,,,,,,
A2V6E7SGEU0EFD,ns,20-1,20.0,1000.0,7,1298.8191666718571,1640.5262500041476,1711.744999999553,2278.466666668281,1538.5799999978394,3271.507916665077,,,,,,,,,,,,,,,,,,,,,
A2V6E7SGEU0EFD,ns,20-1,20.0,1000.0,8,1202.0729166672875,1055.1750000026077,2041.14791666468,1399.983333332464,2464.689583335072,3039.699999999255,7728.520833328366,,,,,,,,,,,,,,,,,,,,
A2V6E7SGEU0EFD,ns,20-1,20.0,1000.0,9,1507.3999999947846,1319.4999999962747,1187.1499999985099,1707.550000000745,3696.14999999851,3098.85000000149,3308.5000000074506,5663.20000000298,,,,,,,,,,,,,,,,,,,
A2VXT33Y2TQPOQ,prim,20-1,20.0,1000.0,4,10992.0,,8088.0,,,,,,,,,,,,,,,,,,,,,,,,
A2VXT33Y2TQPOQ,prim,20-1,20.0,1000.0,6,3792.0,3328.0,,,,,,,,,,,,,,,,,,,,,,,,,
A2VXT33Y2TQPOQ,prim,20-1,20.0,1000.0,7,2874.0,5313.0,4769.0,4137.0,2700.0,3907.5,,,,,,,,,,,,,,,,,,,,,
A2VXT33Y2TQPOQ,prim,20-1,20.0,1000.0,8,1779.0,5685.5,,2840.0,2975.5,4522.0,2232.0,,,,,,,,,,,,,,,,,,,,
A2VXT33Y2TQPOQ,prim,20-1,20.0,1000.0,9,3000.0,3771.416666666667,4169.444444444444,3552.0,3445.5,3603.5416666666665,4623.416666666666,6187.833333333333,,,,,,,,,,,,,,,,,,,
A2VXT33Y2TQPOQ,prim,20-1,20.0,1000.0,10,3688.5,4433.0,4280.083333333333,3810.555555555555,2495.0833333333335,3385.625,3101.5,4090.416666666667,4883.833333333333,,,,,,,,,,,,,,,,,,
A2VXT33Y2TQPOQ,prim,20-1,20.0,1000.0,11,3592.1111111111113,4743.833333333333,3469.3333333333335,3839.277777777778,4082.6111111111113,3590.666666666667,4996.11111111111,3314.0,3815.0,3254.444444444445,,,,,,,,,,,,,,,,,
A2VXT33Y2TQPOQ,prim,20-1,20.0,1000.0,12,5025.75,3208.777777777778,3168.6666666666665,4161.88888888889,3188.333333333333,3442.1666666666665,5448.944444444444,2872.6666666666665,3154.944444444445,3278.6111111111113,4170.555555555556,,,,,,,,,,,,,,,,
A2VXT33Y2TQPOQ,prim,20-1,20.0,1000.0,13,5960.5,2892.5,3717.5,3029.5,3011.0,3312.5,5001.0,5288.0,3180.0,6917.5,2706.0,4696.0,,,,,,,,,,,,,,,
A2VXT33Y2TQPOQ,prim,20-1,20.0,1000.0,14,3547.1666666666665,4209.833333333333,3638.1666666666665,3517.5,2855.3333333333335,3187.6666666666665,3444.0,4213.333333333333,2594.6666666666665,5267.333333333333,3229.0,3468.6666666666665,4469.166666666667,,,,,,,,,,,,,,
A2XDWB9NVYI3LQ,rec,20-1,20.0,1000.0,4,3719.0,3240.6666666666665,1891.0,,,,,,,,,,,,,,,,,,,,,,,,
A2XDWB9NVYI3LQ,rec,20-1,20.0,1000.0,5,4281.0,3001.0,3236.5,3488.5,,,,,,,,,,,,,,,,,,,,,,,
A2XDWB9NVYI3LQ,rec,20-1,20.0,1000.0,6,3717.6666666666665,4397.444444444444,3150.0416666666665,4719.666666666667,4312.583333333333,,,,,,,,,,,,,,,,,,,,,,
A2XDWB9NVYI3LQ,rec,20-1,20.0,1000.0,7,4923.6875,3805.625,4127.875,3304.2,5205.0,5570.55,,,,,,,,,,,,,,,,,,,,,
A2XDWB9NVYI3LQ,rec,20-1,20.0,1000.0,8,2798.8333333333335,3569.708333333333,3216.4166666666665,3708.4166666666665,4931.791666666667,3815.625,4085.2083333333335,,,,,,,,,,,,,,,,,,,,
A2XDWB9NVYI3LQ,rec,20-1,20.0,1000.0,9,4740.388888888889,4931.944444444444,2909.8888888888887,3680.6111111111113,3340.555555555555,3602.1111111111113,3571.5,3798.277777777778,,,,,,,,,,,,,,,,,,,
A2XDWB9NVYI3LQ,rec,20-1,20.0,1000.0,10,4859.0,5476.25,3934.0,3274.0,4027.5,4414.666666666667,2804.6666666666665,4075.8333333333335,3686.1666666666665,,,,,,,,,,,,,,,,,,
A2XDWB9NVYI3LQ,rec,20-1,20.0,1000.0,11,5004.75,5739.75,4526.5,3350.0,3448.25,6049.0,2765.75,5337.5,2992.25,6610.75,,,,,,,,,,,,,,,,,
A2XDWB9NVYI3LQ,rec,20-1,20.0,1000.0,12,3877.0,3512.0,3394.5,3288.0,3138.5,5406.5,4091.0,3438.5,2952.5,4434.5,4239.5,,,,,,,,,,,,,,,,
A3026HLELYNW7U,rec,20-1,20.0,1000.0,6,,,4241.5,,2465.0,,,,,,,,,,,,,,,,,,,,,,
A3026HLELYNW7U,rec,20-1,20.0,1000.0,7,3796.75,2824.666666666667,2667.5,3633.5,2295.0,2432.6666666666665,,,,,,,,,,,,,,,,,,,,,
A3026HLELYNW7U,rec,20-1,20.0,1000.0,8,2613.0,2738.0,5198.0,4613.0,3492.5,3493.0,3050.5,,,,,,,,,,,,,,,,,,,,
A3026HLELYNW7U,rec,20-1,20.0,1000.0,9,1987.0,2702.777777777778,2328.6666666666665,2996.3333333333335,3425.3333333333335,2605.75,3298.2222222222226,4395.75,,,,,,,,,,,,,,,,,,,
A3026HLELYNW7U,rec,20-1,20.0,1000.0,10,3270.3333333333335,3484.944444444444,2901.6666666666665,7729.722222222223,4052.3333333333335,3449.944444444445,2963.6666666666665,4484.555555555556,5221.833333333333,,,,,,,,,,,,,,,,,,
A3026HLELYNW7U,rec,20-1,20.0,1000.0,11,3967.611111111111,2384.2916666666665,3363.2222222222226,3298.0,3316.1666666666665,3795.416666666667,3180.25,5260.75,3344.583333333333,4714.0,,,,,,,,,,,,,,,,,
A3026HLELYNW7U,rec,20-1,20.0,1000.0,12,3781.25,3375.925,5139.375,3659.366666666667,2872.1,3138.425,4520.333333333333,2867.777777777778,4043.125,3557.0833333333335,4076.25,,,,,,,,,,,,,,,,
A3026HLELYNW7U,rec,20-1,20.0,1000.0,13,2695.625,3556.0,3463.5,3809.5,6797.125,2307.0,2450.25,2409.0,3584.1666666666665,3342.3333333333335,3314.0,3514.125,,,,,,,,,,,,,,,
A3026HLELYNW7U,rec,20-1,20.0,1000.0,14,2365.0,3840.0,2245.0,2406.0,,1828.0,,2219.0,2848.0,2138.0,1549.0,2721.0,11675.0,,,,,,,,,,,,,,
A3026HLELYNW7U,rec,20-1,20.0,1000.0,15,3168.0,1873.0,4830.0,3864.0,3055.0,2705.0,,5878.0,3089.0,3916.0,3441.0,2377.0,2294.0,3794.0,,,,,,,,,,,,,
A3026HLELYNW7U,rec,20-1,20.0,1000.0,16,2912.0,3151.0,1296.0,1574.0,2026.0,2331.0,2281.0,5080.0,,2847.0,1942.0,3334.0,2135.0,2712.0,3499.0,,,,,,,,,,,,
A351P2O6QGTCS,rec,20-1,20.0,1000.0,3,,8399.600000023842,,,,,,,,,,,,,,,,,,,,,,,,,
A351P2O6QGTCS,rec,20-1,20.0,1000.0,4,1663.874999990066,2860.975000023842,4704.199999988079,,,,,,,,,,,,,,,,,,,,,,,,
A351P2O6QGTCS,rec,20-1,20.0,1000.0,5,2056.183333347241,2634.583333313465,9764.500000009934,12598.350000023842,,,,,,,,,,,,,,,,,,,,,,,
A351P2O6QGTCS,rec,20-1,20.0,1000.0,6,2627.819999986887,2148.276666667064,3553.2366666853427,3939.1208333348236,6685.9100000083445,,,,,,,,,,,,,,,,,,,,,,
A351P2O6QGTCS,rec,20-1,20.0,1000.0,7,1147.899999976158,1938.0,8461.300000011921,2387.600000023842,,16642.69999998808,,,,,,,,,,,,,,,,,,,,,
A351P2O6QGTCS,rec,20-1,20.0,1000.0,8,1861.2000000476837,4653.700000047684,4954.575000017881,12411.875,4624.6500000059605,10304.874999970198,7848.550000011921,,,,,,,,,,,,,,,,,,,,
A351P2O6QGTCS,rec,20-1,20.0,1000.0,9,4389.933333357175,3525.2000000079474,10354.100000023842,1781.7499999403954,8942.299999952316,1404.100000023842,9130.300000071526,7523.699999988079,,,,,,,,,,,,,,,,,,,
A351P2O6QGTCS,rec,20-1,20.0,1000.0,10,1842.612500011921,2433.9599999964234,7263.9800000190735,2022.1875000149012,4203.519999992847,3523.916666676601,4937.512499988079,5024.175000011921,10624.889999991658,,,,,,,,,,,,,,,,,,
A351P2O6QGTCS,rec,20-1,20.0,1000.0,11,1633.6999999284744,,,1444.0,4926.199999928474,2928.099999904633,7368.399999976158,,2720.7999999523163,8278.899999976158,,,,,,,,,,,,,,,,,
A351P2O6QGTCS,rec,20-1,20.0,1000.0,13,2006.6000000238416,8233.600000023842,1379.600000023842,7881.399999976158,2122.0,2317.0,7094.900000095367,,11238.5,1792.0999999046326,,12874.600000023842,,,,,,,,,,,,,,,
A39R5EBK7W916X,ns,20-1,20.0,1000.0,2,7701.799999952316,,,,,,,,,,,,,,,,,,,,,,,,,,
A39R5EBK7W916X,ns,20-1,20.0,1000.0,3,5235.0,20968.79999995232,,,,,,,,,,,,,,,,,,,,,,,,,
A39R5EBK7W916X,ns,20-1,20.0,1000.0,4,5570.400000095367,,5976.100000023842,,,,,,,,,,,,,,,,,,,,,,,,
A39R5EBK7W916X,ns,20-1,20.0,1000.0,5,7793.200000047684,,4125.050000071526,7769.5,,,,,,,,,,,,,,,,,,,,,,,
A39R5EBK7W916X,ns,20-1,20.0,1000.0,6,6894.925000071526,5255.574999988079,8588.833333333334,7809.749999940395,5940.150000095367,,,,,,,,,,,,,,,,,,,,,,
A39R5EBK7W916X,ns,20-1,20.0,1000.0,7,5043.550000011921,8640.600000023842,4245.350000023842,7078.250000029802,5671.849999964237,4727.649999976158,,,,,,,,,,,,,,,,,,,,,
A39R5EBK7W916X,ns,20-1,20.0,1000.0,8,5399.279999999206,6166.62666670084,6169.599999964237,7420.359999984503,5860.34166665872,6953.216666686535,7517.029999995232,,,,,,,,,,,,,,,,,,,,
A3D9PJ37U7LCHE,ns,20-1,20.0,1000.0,2,,,,,,,,,,,,,,,,,,,,,,,,,,,
A3D9PJ37U7LCHE,ns,20-1,20.0,1000.0,3,9179.375000059605,10534.916666666668,,,,,,,,,,,,,,,,,,,,,,,,,
A3D9PJ37U7LCHE,ns,20-1,20.0,1000.0,4,5843.474999964237,6365.41666662693,8632.799999952316,,,,,,,,,,,,,,,,,,,,,,,,
A3D9PJ37U7LCHE,ns,20-1,20.0,1000.0,5,5133.14999995629,6283.016666710377,4595.327777716849,6090.8666667540865,,,,,,,,,,,,,,,,,,,,,,,
A3D9PJ37U7LCHE,ns,20-1,20.0,1000.0,6,3153.200000047684,2537.4000000953674,2537.399999856949,4870.850000023842,6974.700000047684,,,,,,,,,,,,,,,,,,,,,,
A3D9PJ37U7LCHE,ns,20-1,20.0,1000.0,7,3932.0249999165535,4653.649999976158,,3818.5,4921.450000047684,3737.525000035763,,,,,,,,,,,,,,,,,,,,,
A3D9PJ37U7LCHE,ns,20-1,20.0,1000.0,8,3256.991666674614,5285.183333337307,4067.6166667143502,4297.058333337307,4121.016666690508,3387.233333309491,3131.6999999284744,,,,,,,,,,,,,,,,,,,,
A3D9PJ37U7LCHE,ns,20-1,20.0,1000.0,9,2977.3166667620344,3505.199999968211,4330.487500071526,4267.599999984106,3816.7500000298023,3367.912500113249,3229.9833334287005,2888.699999988079,,,,,,,,,,,,,,,,,,,
A3D9PJ37U7LCHE,ns,20-1,20.0,1000.0,10,3317.39166667064,4002.041666706403,3370.1333333849907,3582.133333365123,3172.691666682561,3784.9083333214126,3202.1750000715256,4348.64999995629,3712.2999999523163,,,,,,,,,,,,,,,,,,
A3D9PJ37U7LCHE,ns,20-1,20.0,1000.0,11,2754.600000023842,3106.350000023842,4050.100000023842,3255.950000047684,4517.200000047684,4286.850000023842,7134.299999952316,3682.0,4528.899999976158,3942.4500000476837,,,,,,,,,,,,,,,,,
A3EVXSWHYA1PTT,rec,20-1,20.0,1000.0,3,2256.199999999255,,,,,,,,,,,,,,,,,,,,,,,,,,
A3EVXSWHYA1PTT,rec,20-1,20.0,1000.0,11,3077.199999999255,2266.5,8982.199999999255,1947.800000000745,3115.0,13651.200000001118,18177.599999999627,15683.400000000373,2797.800000000745,,,,,,,,,,,,,,,,,,
A3EVXSWHYA1PTT,rec,20-1,20.0,1000.0,12,3099.9000000059605,2028.300000011921,2715.0,1515.699999988079,3568.199999988079,1511.5,2614.5999999940395,2674.0999999940395,,6418.300000011921,21074.70000001788,,,,,,,,,,,,,,,,
A3EVXSWHYA1PTT,rec,20-1,20.0,1000.0,13,3266.0,,,1310.7000000029802,3282.4000000059605,2003.8999999910595,1267.9000000059605,1643.8999999910593,1390.1000000089407,4090.900000005961,2459.79999999702,2332.0,,,,,,,,,,,,,,,
A3EVXSWHYA1PTT,rec,20-1,20.0,1000.0,14,2289.0999999940395,1651.6499999910593,4517.5,2105.9499999955297,2267.49999999255,3218.0499999970198,1278.0999999940395,4279.6500000059605,2475.75,1660.5,1873.20000000298,4146.05000000447,4103.64999999851,,,,,,,,,,,,,,
A3EVXSWHYA1PTT,rec,20-1,20.0,1000.0,15,1994.0999999935739,2152.8249999969266,6866.199999996927,2341.6499999989755,4187.024999997113,6096.174999998882,1816.4499999997206,2273.7750000017695,2614.10000000149,2187.7249999982305,3470.774999999907,5517.399999993853,4349.099999997299,7100.324999999721,,,,,,,,,,,,,
A3EVXSWHYA1PTT,rec,20-1,20.0,1000.0,16,2674.0399999987335,3056.906666667511,5316.573333333557,4384.706666668505,5419.886666664605,1396.5399999983608,2152.890000001341,2743.299999998386,11074.639999999852,3101.4933333332337,3119.569999998622,4226.125,3293.924999999503,5399.608333334327,6730.700000000931,,,,,,,,,,,,
A3EVXSWHYA1PTT,rec,20-1,20.0,1000.0,17,1851.520833328832,3874.149999997889,4342.720833331037,3120.470833333675,2819.6083333299807,2025.2499999965075,3881.1166666684053,2213.6333333384246,2057.6874999941015,2257.687500002794,4003.2624999997206,3724.0666666744896,4133.737499998184,4530.112500001676,2252.7444444453963,4805.720833333209,,,,,,,,,,,
A3EVXSWHYA1PTT,rec,20-1,20.0,1000.0,18,1846.020833334575,4109.383333333147,3911.583333335196,2935.224999998696,2327.5083333370276,2052.5833333331784,2469.991666666542,1810.4166666668218,2884.2666666640434,2303.454166669709,3010.1875000017076,4438.887500002049,4926.749999998603,4750.462499999208,6578.9000000003725,4860.458333334264,4776.9333333360655,,,,,,,,,,
A3EVXSWHYA1PTT,rec,20-1,20.0,1000.0,19,2179.1600000008525,2266.916666667494,4803.1977777743505,2721.725000000455,3045.00777777512,2332.2500000004966,2278.6033333347077,2409.623333332522,1984.8400000013414,1983.4333333364793,2779.5611111137187,3908.2833333361064,2347.786111106268,3854.5133333317935,2539.7125000037254,3136.8599999976655,5751.293333331497,4961.928333334625,,,,,,,,,
A3EVXSWHYA1PTT,rec,20-1,20.0,1000.0,20,1984.5000000037253,1423.3250000104308,1687.7500000037253,4107.249999992549,2865.875,2135.125000011176,2114.6499999947846,2944.1750000044703,1542.4249999970198,1394.4499999955297,2241.5,2503.8249999918044,4854.20000000298,3587.0000000037253,3262.0,6504.05000001192,6711.000000000001,2134.6250000074506,3832.3500000052154,,,,,,,,
A3GIUDSA1IGTFV,ns,20-1,20.0,1000.0,3,,,,,,,,,,,,,,,,,,,,,,,,,,,
A3GIUDSA1IGTFV,ns,20-1,20.0,1000.0,4,4086.0,8067.099999904633,9191.700000047684,,,,,,,,,,,,,,,,,,,,,,,,
A3GIUDSA1IGTFV,ns,20-1,20.0,1000.0,5,12880.199999928478,4996.200000047684,6821.400000095367,6183.899999976158,,,,,,,,,,,,,,,,,,,,,,,
A3GIUDSA1IGTFV,ns,20-1,20.0,1000.0,6,5504.500000039736,6860.833333333334,9428.775000035763,8764.75,18016.799999952316,,,,,,,,,,,,,,,,,,,,,,
A3GIUDSA1IGTFV,ns,20-1,20.0,1000.0,7,11055.387500017881,7240.81666670243,4982.041666706403,9886.033333361149,6852.170000020663,9142.52500000596,,,,,,,,,,,,,,,,,,,,,
A3GIUDSA1IGTFV,ns,20-1,20.0,1000.0,8,5494.5,7525.250000059605,9386.0,4845.774999976158,5263.775000095367,5545.899999976158,7556.950000047684,,,,,,,,,,,,,,,,,,,,
A3GIUDSA1IGTFV,ns,20-1,20.0,1000.0,9,3928.574999988079,3685.149999976158,4738.299999952316,4375.974999964237,3973.100000143051,8070.950000047685,13555.0,12173.649999976158,,,,,,,,,,,,,,,,,,,
A3GIUDSA1IGTFV,ns,20-1,20.0,1000.0,10,5384.599999904633,5614.449999928474,4115.200000047684,4975.900000095367,4366.949999928474,2870.0500000715256,6621.450000047684,8546.400000095367,1939.0,,,,,,,,,,,,,,,,,,
A3GIUDSA1IGTFV,ns,20-1,20.0,1000.0,11,3651.2000000476837,5063.249999940395,4434.349999964237,4324.049999952316,4631.499999940395,4570.725000023842,4837.474999964237,3439.2250000834465,4378.975000023842,5437.049999952316,,,,,,,,,,,,,,,,,
A3GIUDSA1IGTFV,ns,20-1,20.0,1000.0,12,2545.099999904633,1764.9000000953674,,,,1433.5999999046326,,,1329.6999998092651,3013.099999904633,2423.899999856949,,,,,,,,,,,,,,,,
A3GIUDSA1IGTFV,ns,20-1,20.0,1000.0,13,2534.100000143051,1971.700000047684,3926.799999952316,1476.5,3538.7500001192093,,1674.6000000238419,1820.75,2059.7000000476837,1927.8500000238423,1692.3000000715256,,,,,,,,,,,,,,,,
A3GIUDSA1IGTFV,ns,20-1,20.0,1000.0,14,2227.0,1748.0,2205.7999999523163,2266.4499999284744,1673.5,,1843.3000001907349,2053.700000047684,1882.249999880791,1668.5,1774.25,1422.9000000953674,3220.1999999284744,,,,,,,,,,,,,,
A3GIUDSA1IGTFV,ns,20-1,20.0,1000.0,15,2101.0,2192.300000190735,3891.5,2548.0,,3094.800000190735,2105.9000000953674,1803.7999999523165,,,1846.8999998569489,,2229.4000000953674,1479.1000001430511,,,,,,,,,,,,,
A3HXK0UGS1YDMC,prim,20-1,20.0,1000.0,3,4574.199999809265,,,,,,,,,,,,,,,,,,,,,,,,,,
A3HXK0UGS1YDMC,prim,20-1,20.0,1000.0,4,5449.700000077486,6005.966666698456,3914.783333381017,,,,,,,,,,,,,,,,,,,,,,,,
A3HXK0UGS1YDMC,prim,20-1,20.0,1000.0,5,4600.825000107288,4954.683333357175,5328.149999976158,5114.016666690509,,,,,,,,,,,,,,,,,,,,,,,
A3HXK0UGS1YDMC,prim,20-1,20.0,1000.0,6,4366.850000023842,4508.277777777778,3978.783333301544,2956.75,10605.883333345255,,,,,,,,,,,,,,,,,,,,,,
A3HXK0UGS1YDMC,prim,20-1,20.0,1000.0,7,6264.850000023842,3930.8249999582767,4923.041666646799,4628.291666646798,3980.794444415304,3887.8333333333335,,,,,,,,,,,,,,,,,,,,,
A3HXK0UGS1YDMC,prim,20-1,20.0,1000.0,8,3898.4124999582773,4771.999999960263,4274.847500061989,4959.500000079473,3984.404999953508,4485.812500014901,3860.3624999970198,,,,,,,,,,,,,,,,,,,,
A3HXK0UGS1YDMC,prim,20-1,20.0,1000.0,9,3937.225000063578,4478.056249976158,4833.726666673025,5786.8450000166895,4603.679999959469,4206.619999992848,4444.57500000298,5874.766666682561,,,,,,,,,,,,,,,,,,,
A3HXK0UGS1YDMC,prim,20-1,20.0,1000.0,10,8138.774999976158,3917.1250000596046,4293.908333321412,4378.0416667461395,4370.183333297571,4552.766666611036,7003.19999996821,4790.024999996026,5111.483333289623,,,,,,,,,,,,,,,,,,
A3HXK0UGS1YDMC,prim,20-1,20.0,1000.0,11,9624.74999988079,3783.149999976158,5372.75,2507.649999856949,3329.2999999523163,3412.1999999284744,4897.149999976158,4425.949999928474,6318.399999976158,2647.6999999284744,,,,,,,,,,,,,,,,,
A3ITZNJQUTIZ4C,rec,20-1,20.0,1000.0,6,4496.20000000298,4740.4000000003725,18137.899999996647,4229.29999999702,9474.549999995157,,,,,,,,,,,,,,,,,,,,,,
A3ITZNJQUTIZ4C,rec,20-1,20.0,1000.0,7,6550.316666664867,6987.483333334016,7426.22500000118,5847.783333334761,7105.133333334079,12286.983333334327,,,,,,,,,,,,,,,,,,,,,
A3ITZNJQUTIZ4C,rec,20-1,20.0,1000.0,8,4384.474999998696,8405.250000000931,5577.625,4796.5250000003725,8098.575000000186,8814.475000000559,12860.925000000745,,,,,,,,,,,,,,,,,,,,
A3ITZNJQUTIZ4C,rec,20-1,20.0,1000.0,9,4026.979999999702,3490.689999997616,6675.7999999985095,4375.279999998957,4731.519999996945,5831.930000004172,11366.280000003428,8794.009999997168,,,,,,,,,,,,,,,,,,,
A3ITZNJQUTIZ4C,rec,20-1,20.0,1000.0,10,4552.09999999404,4489.899999991059,7030.09999999404,6126.0,11349.20000000298,2614.89999999106,6874.899999991059,4086.1000000089407,3673.400000005961,,,,,,,,,,,,,,,,,,
A3ITZNJQUTIZ4C,rec,20-1,20.0,1000.0,11,2999.6000000089407,4984.20000000298,2048.39999999106,6115.9000000059605,5967.09999999404,3498.79999999702,3936.79999999702,13889.79999999702,5373.5,4286.600000008941,,,,,,,,,,,,,,,,,
A3MHP4LZ3V88NF,prim,20-1,20.0,1000.0,5,,,3330.0,,,,,,,,,,,,,,,,,,,,,,,,
A3MHP4LZ3V88NF,prim,20-1,20.0,1000.0,7,3360.5,2553.0,2954.6666666666665,4405.0,3630.3333333333335,3571.0,,,,,,,,,,,,,,,,,,,,,
A3MHP4LZ3V88NF,prim,20-1,20.0,1000.0,8,3119.0,2044.6666666666667,3784.3333333333335,3229.0,3444.5,3398.3333333333335,2651.0,,,,,,,,,,,,,,,,,,,,
A3MHP4LZ3V88NF,prim,20-1,20.0,1000.0,9,4299.333333333333,2803.0,2450.6666666666665,5031.333333333334,3055.1666666666665,5672.5,3188.6666666666665,2625.3333333333335,,,,,,,,,,,,,,,,,,,
A3MHP4LZ3V88NF,prim,20-1,20.0,1000.0,10,2845.5,3241.75,3472.875,2533.3333333333335,6885.5,4655.75,3121.875,2962.375,3985.8333333333335,,,,,,,,,,,,,,,,,,
A3MHP4LZ3V88NF,prim,20-1,20.0,1000.0,11,4270.25,4910.833333333333,3676.9166666666665,4576.6875,3617.0,3247.2083333333335,3348.166666666667,3188.6458333333335,4178.916666666667,4390.444444444444,,,,,,,,,,,,,,,,,
A3MHP4LZ3V88NF,prim,20-1,20.0,1000.0,12,3937.5,3432.4166666666665,3753.8888888888887,3313.0,3813.375,2770.1666666666665,3641.8125,6974.8125,4020.5,2924.9375,3366.625,,,,,,,,,,,,,,,,
A3MHP4LZ3V88NF,prim,20-1,20.0,1000.0,13,3435.0833333333335,4426.333333333334,3529.25,3323.5833333333335,4768.75,2628.3333333333335,2691.0,2911.75,3601.4166666666665,3264.3333333333335,2917.0,4334.5,,,,,,,,,,,,,,,
A3MHP4LZ3V88NF,prim,20-1,20.0,1000.0,14,3783.5,2699.0,4009.0,2340.5,3286.5,1883.0,1785.5,2146.5,2441.5,2482.5,,3022.5,2971.5,,,,,,,,,,,,,,
A3MHP4LZ3V88NF,prim,20-1,20.0,1000.0,15,4245.666666666667,2296.6666666666665,4944.0,3900.3333333333335,5031.666666666667,4953.0,2529.6666666666665,4773.333333333333,2650.6666666666665,3343.5,3576.6666666666665,3156.0,3372.6666666666665,2705.5,,,,,,,,,,,,,
A3NRIEMOJVVX4A,rec,20-1,20.0,1000.0,2,3993.400000000373,,,,,,,,,,,,,,,,,,,,,,,,,,
A3NRIEMOJVVX4A,rec,20-1,20.0,1000.0,3,3005.75,4001.0,,,,,,,,,,,,,,,,,,,,,,,,,
A3NRIEMOJVVX4A,rec,20-1,20.0,1000.0,4,2594.174999999503,2631.8333333331266,4193.8444444497845,,,,,,,,,,,,,,,,,,,,,,,,
A3NRIEMOJVVX4A,rec,20-1,20.0,1000.0,5,2003.8404166604782,1978.3216666568383,1882.5287500090199,2662.691666669833,,,,,,,,,,,,,,,,,,,,,,,
A3NRIEMOJVVX4A,rec,20-1,20.0,1000.0,6,2078.099999996213,1730.1937500219015,1641.6624999994722,1967.4854166465036,3023.6000000010245,,,,,,,,,,,,,,,,,,,,,,
A3NRIEMOJVVX4A,rec,20-1,20.0,1000.0,7,2217.6000000089407,2782.499999991618,2178.749999994412,3015.3999999910593,2901.8249999973923,2263.7500000065193,,,,,,,,,,,,,,,,,,,,,
A3PEV3KN6F7JRG,ns,20-1,20.0,1000.0,2,3641.799999952316,,,,,,,,,,,,,,,,,,,,,,,,,,
A3PEV3KN6F7JRG,ns,20-1,20.0,1000.0,3,9053.225000011735,9425.5,,,,,,,,,,,,,,,,,,,,,,,,,
A3PEV3KN6F7JRG,ns,20-1,20.0,1000.0,4,12459.416666666668,11187.933333341341,12831.566666667039,,,,,,,,,,,,,,,,,,,,,,,,
A3PEV3KN6F7JRG,ns,20-1,20.0,1000.0,5,7083.95000002347,9164.900000000373,8101.750000024214,8270.70000004815,,,,,,,,,,,,,,,,,,,,,,,
A3PEV3KN6F7JRG,ns,20-1,20.0,1000.0,6,11532.766666666916,13351.600000000248,10584.599999999627,8957.749999999069,11428.299999999814,,,,,,,,,,,,,,,,,,,,,,
A3PEV3KN6F7JRG,ns,20-1,20.0,1000.0,7,6902.699999809265,15046.650000023656,7310.950000071898,8123.100000023842,8858.199999999255,11607.199999952689,,,,,,,,,,,,,,,,,,,,,
A3QKOYP52HYRH2,rec,20-1,20.0,1000.0,7,5705.0,,5713.0,2022.0,3200.0,,,,,,,,,,,,,,,,,,,,,,
A3QKOYP52HYRH2,rec,20-1,20.0,1000.0,8,3127.0,2522.0,2738.5,4937.222222222223,3002.3333333333335,4161.5,3945.0,,,,,,,,,,,,,,,,,,,,
A3QKOYP52HYRH2,rec,20-1,20.0,1000.0,9,3155.5,4807.0,3588.75,2641.0,2194.5,2725.75,6284.333333333333,6211.666666666667,,,,,,,,,,,,,,,,,,,
A3QKOYP52HYRH2,rec,20-1,20.0,1000.0,10,5777.25,3348.583333333333,4003.333333333333,3429.3888888888887,3200.5,3461.555555555556,3280.1666666666665,3032.0,3512.055555555555,,,,,,,,,,,,,,,,,,
A3QKOYP52HYRH2,rec,20-1,20.0,1000.0,11,2908.625,3471.8125,3221.0,3820.333333333333,2762.0,5444.777777777777,4561.25,5262.38888888889,2683.5,7015.666666666667,,,,,,,,,,,,,,,,,
A3QKOYP52HYRH2,rec,20-1,20.0,1000.0,12,3363.0,2704.375,4276.5,2651.25,4867.25,6353.375,3973.125,3114.5,2735.625,3979.5,3353.25,,,,,,,,,,,,,,,,
A3QKOYP52HYRH2,rec,20-1,20.0,1000.0,13,3306.9375,4359.375,3904.25,3526.125,3896.4166666666665,3988.125,2848.1666666666665,3588.166666666667,2999.9583333333335,3318.5,4427.125,5736.166666666667,,,,,,,,,,,,,,,
A3QKOYP52HYRH2,rec,20-1,20.0,1000.0,14,4314.25,2387.5,4334.5,2618.75,2575.5,4659.75,3921.5,8882.25,2666.25,3573.5,3712.25,3816.0,6485.25,,,,,,,,,,,,,,
A3RFOODI4G4P4K,rec,20-1,20.0,1000.0,4,,10622.899999976158,4301.0,,,,,,,,,,,,,,,,,,,,,,,,
A3RFOODI4G4P4K,rec,20-1,20.0,1000.0,6,9901.800000000125,3952.300000230471,4237.800000011921,6876.566667056332,15329.0,,,,,,,,,,,,,,,,,,,,,,
A3RFOODI4G4P4K,rec,20-1,20.0,1000.0,7,2830.574999988079,3784.18749961257,5586.583332955837,7216.499999960263,4521.799999237061,5497.299999952316,,,,,,,,,,,,,,,,,,,,,
A3RFOODI4G4P4K,rec,20-1,20.0,1000.0,8,4184.531250011874,3454.333333603831,7275.541666535505,4748.212499818143,8291.256249812199,9192.204166851472,6876.933333706732,,,,,,,,,,,,,,,,,,,,
A3RFOODI4G4P4K,rec,20-1,20.0,1000.0,9,6331.025000095367,4794.441666539138,10288.983333524162,6200.450000191107,5201.091666793916,10062.937499809079,4435.200000047684,5069.766666603275,,,,,,,,,,,,,,,,,,,
A3RFOODI4G4P4K,rec,20-1,20.0,1000.0,10,5132.149999898858,3857.5083333713314,6031.1395835178755,4314.591666734312,7181.085416875314,5914.562222692618,5228.941666660675,3775.6166666902914,5418.104166829493,,,,,,,,,,,,,,,,,,
A3RFOODI4G4P4K,rec,20-1,20.0,1000.0,11,3256.500000445172,3737.749999745749,3764.6500001270324,5587.866666921104,6911.000000095461,7587.516666348713,3523.766666730245,5090.083333078772,4420.5999996187165,5679.58333257027,,,,,,,,,,,,,,,,,
A3RFOODI4G4P4K,rec,20-1,20.0,1000.0,12,3234.5250001847744,2999.7499997913837,3578.4666665395102,3772.450000345707,5780.637499928474,5915.187500149012,4917.208333194256,4282.549999922514,3699.675000190735,4521.8500001728535,8645.383333305517,,,,,,,,,,,,,,,,
A3RFOODI4G4P4K,rec,20-1,20.0,1000.0,14,2764.200000047684,10013.099999904633,3661.100000023842,6188.600000023842,4808.799999952316,4241.5,3279.5,3624.100000023842,4076.399999976158,5098.700000047684,2642.0,1680.0,21844.10000002384,,,,,,,,,,,,,,
A3RFOODI4G4P4K,rec,20-1,20.0,1000.0,15,3136.6000003814697,4650.300001144409,2634.0,5822.5,2097.7000007629395,4923.5,8768.5,3247.1000003814697,4055.599998474121,5917.10000038147,2745.8999996185303,4755.10000038147,,7361.699998855591,,,,,,,,,,,,,
A3RHJEMZ4EGY2U,rec,20-1,20.0,1000.0,7,3543.6999999955297,2198.5999999940395,3677.5,3093.5,2594.0,,,,,,,,,,,,,,,,,,,,,,
A3RHJEMZ4EGY2U,rec,20-1,20.0,1000.0,8,2426.883333325386,3053.1166666665426,2818.6666666558012,2465.7999999523163,5267.349999997765,6909.724999976344,11539.975000011735,,,,,,,,,,,,,,,,,,,,
A3RHJEMZ4EGY2U,rec,20-1,20.0,1000.0,9,2207.848571421674,2945.257619043637,2823.134166668022,4581.328690478199,4209.507916665636,3911.1158333341127,5497.380476188863,6373.074999998785,,,,,,,,,,,,,,,,,,,
A3RHJEMZ4EGY2U,rec,20-1,20.0,1000.0,10,2345.195833329887,2708.6166666708114,3134.4541666753744,3433.666666666822,4015.089583344292,3602.7500000033374,4950.102083340133,4661.489583330152,9448.85833333456,,,,,,,,,,,,,,,,,,
A3RHJEMZ4EGY2U,rec,20-1,20.0,1000.0,11,3139.735000000863,2989.7500000050914,2468.4750000055415,2211.634999976851,3512.2216666793297,2372.33958333948,3641.361666672258,3946.3783333391884,9618.43749998704,7693.286666678886,,,,,,,,,,,,,,,,,
A3RHJEMZ4EGY2U,rec,20-1,20.0,1000.0,12,2741.600000023842,2672.2999999523163,1991.0,2580.200000047684,3841.600000023842,1823.6000000238416,4239.899999976158,4176.899999976158,6451.099999904633,1340.2000000476835,6661.400000095367,,,,,,,,,,,,,,,,
A3RHJEMZ4EGY2U,rec,20-1,20.0,1000.0,13,1862.10000000149,2555.60000000149,2175.89999999851,3039.1999999955297,4909.59999999404,2893.3000000044703,4796.79999999702,2579.89999999851,4232.0,2208.5,5083.5,8773.5,,,,,,,,,,,,,,,
A3S76P3L3USWI1,prim,20-1,20.0,1000.0,2,1167.3999996185305,,,,,,,,,,,,,,,,,,,,,,,,,,
A3S76P3L3USWI1,prim,20-1,20.0,1000.0,3,2079.699999809265,2414.1000003814697,,,,,,,,,,,,,,,,,,,,,,,,,
A3S76P3L3USWI1,prim,20-1,20.0,1000.0,4,,1784.1500000953672,3910.0,,,,,,,,,,,,,,,,,,,,,,,,
A3S76P3L3USWI1,prim,20-1,20.0,1000.0,5,3582.495833436648,2424.274999856949,2067.416666587194,4057.7625000476837,,,,,,,,,,,,,,,,,,,,,,,
A3S76P3L3USWI1,prim,20-1,20.0,1000.0,6,5795.0166665712995,2691.2666670481362,3145.149999777476,2764.2000002861023,3448.983333428701,,,,,,,,,,,,,,,,,,,,,,
A3S76P3L3USWI1,prim,20-1,20.0,1000.0,7,4739.33333322737,4107.366667111714,2622.7888888253106,2072.200000445048,1846.7000002861023,3230.9833329518633,,,,,,,,,,,,,,,,,,,,,
A3S76P3L3USWI1,prim,20-1,20.0,1000.0,8,2263.4555557039052,2586.1944443384805,2620.9499996503196,2378.7999999788076,2599.8500003814697,2569.9000000953674,3814.949999809265,,,,,,,,,,,,,,,,,,,,
A3S76P3L3USWI1,prim,20-1,20.0,1000.0,9,2489.0,2430.9000005722046,4709.200000762939,2737.699999809265,8610.800000190735,3093.8999996185303,2975.5,,,,,,,,,,,,,,,,,,,,
A3S76P3L3USWI1,prim,20-1,20.0,1000.0,10,1926.900000095368,2849.3749997615814,3611.050000190735,2123.7000002861023,2176.1500000953674,3109.800000190735,1432.9250001907349,3412.6499996185303,2753.899999856949,,,,,,,,,,,,,,,,,,
A3S76P3L3USWI1,prim,20-1,20.0,1000.0,11,2875.166666984558,3260.93333307902,2953.6666666666665,2928.8333333333335,2623.5,2300.199999809265,1489.8000001907349,5101.733333269755,2776.06666692098,7367.9333330790205,,,,,,,,,,,,,,,,,
A3USPFFWN1G5PF,rec,20-1,20.0,1000.0,5,4816.0,5019.0,,9467.0,,,,,,,,,,,,,,,,,,,,,,,
A3USPFFWN1G5PF,rec,20-1,20.0,1000.0,6,3590.5,4345.833333333333,5011.666666666667,4352.5,3803.555555555556,,,,,,,,,,,,,,,,,,,,,,
A3USPFFWN1G5PF,rec,20-1,20.0,1000.0,7,4103.270833333334,4594.6875,3691.4791666666665,5721.1,4137.4375,6151.729166666667,,,,,,,,,,,,,,,,,,,,,
A3USPFFWN1G5PF,rec,20-1,20.0,1000.0,8,5300.3375,6125.0625,5482.3,4498.0875,3892.875,5728.0125,4760.875,,,,,,,,,,,,,,,,,,,,
A3USPFFWN1G5PF,rec,20-1,20.0,1000.0,9,2662.45,4653.65,3716.95,6708.3,4420.4,4179.4,6008.75,4203.4375,,,,,,,,,,,,,,,,,,,
A3USPFFWN1G5PF,rec,20-1,20.0,1000.0,10,3039.5,3859.0,7406.0,2355.0,5916.5,2819.0,4024.0,3465.5,7680.0,,,,,,,,,,,,,,,,,,
A50UY1556VDIA,ns,20-1,20.0,1000.0,2,5829.333333333333,,,,,,,,,,,,,,,,,,,,,,,,,,
A50UY1556VDIA,ns,20-1,20.0,1000.0,3,15113.0,9645.5,,,,,,,,,,,,,,,,,,,,,,,,,
A50UY1556VDIA,ns,20-1,20.0,1000.0,4,4617.25,8081.777777777777,11504.541666666668,,,,,,,,,,,,,,,,,,,,,,,,
A50UY1556VDIA,ns,20-1,20.0,1000.0,5,5032.770833333334,5710.888888888888,6402.645833333333,8202.333333333332,,,,,,,,,,,,,,,,,,,,,,,
A50UY1556VDIA,ns,20-1,20.0,1000.0,6,4491.833333333333,4754.599999999999,7573.533333333333,5075.0,5401.733333333334,,,,,,,,,,,,,,,,,,,,,,
A50UY1556VDIA,ns,20-1,20.0,1000.0,7,2963.0,,7775.0,,7296.0,3819.0,,,,,,,,,,,,,,,,,,,,,
A50UY1556VDIA,ns,20-1,20.0,1000.0,8,7219.0,6256.0,4284.0,3515.0,3542.0,9942.0,14690.0,,,,,,,,,,,,,,,,,,,,
A7R1OLLU1Z6RA,rec,20-1,20.0,1000.0,4,1894.1500000208619,1306.2499999552965,1442.199999988079,,,,,,,,,,,,,,,,,,,,,,,,
A7R1OLLU1Z6RA,rec,20-1,20.0,1000.0,5,1100.1000000238419,1596.0000001192093,2970.2999999523163,3505.7999999523163,,,,,,,,,,,,,,,,,,,,,,,
A7R1OLLU1Z6RA,rec,20-1,20.0,1000.0,6,1412.5062500039737,2018.9625000034769,2344.5062500201166,3894.037499986589,10461.231249969454,,,,,,,,,,,,,,,,,,,,,,
A7R1OLLU1Z6RA,rec,20-1,20.0,1000.0,7,1094.6750000044703,1608.7750000432134,1462.7499999329448,1889.750000022352,2414.7999999970198,3917.324999973178,,,,,,,,,,,,,,,,,,,,,
A7R1OLLU1Z6RA,rec,20-1,20.0,1000.0,8,1445.2833333164454,3004.5666666676602,1832.166666616996,1982.7749999985099,8387.299999937415,6922.024999924004,1971.9500000476837,,,,,,,,,,,,,,,,,,,,
A7R1OLLU1Z6RA,rec,20-1,20.0,1000.0,9,1839.416666706403,1579.699999888738,1861.983333349228,1643.0833334525425,2618.4166666269302,4763.533333381017,3250.650000035763,2265.9333333969116,,,,,,,,,,,,,,,,,,,
A7R1OLLU1Z6RA,rec,20-1,20.0,1000.0,10,1339.0888888339202,1410.7888889114063,2515.766666673952,1668.6222222447395,2331.6277777453265,1938.9611110786598,3444.3888888690203,5429.788888881604,2457.3333333796922,,,,,,,,,,,,,,,,,,
A7R1OLLU1Z6RA,rec,20-1,20.0,1000.0,11,1130.5916667381923,2338.2950000564256,2116.720000008742,2618.7377777788374,2286.5666666467982,3724.976666609446,4993.141666690509,1875.1027778453297,6272.258333301544,11552.76666663488,,,,,,,,,,,,,,,,,
A7R1OLLU1Z6RA,rec,20-1,20.0,1000.0,12,1318.7999999523165,1968.400000095368,4896.5,2512.700000047684,4944.300000190735,1296.4000000953674,3713.200000047684,1546.7999999523165,10983.200000047684,1039.7999999523165,1090.2000000476835,,,,,,,,,,,,,,,,
A7R1OLLU1Z6RA,rec,20-1,20.0,1000.0,13,1087.3999999761581,3600.7999999523163,1654.8000000715256,3111.8499999046326,2032.1999999284749,1976.5500000715256,1823.25,1828.1999999284749,4200.200000047684,1935.0,2375.649999976158,1448.2500001192093,,,,,,,,,,,,,,,
A7R1OLLU1Z6RA,rec,20-1,20.0,1000.0,14,1119.0,1550.4000000059605,1552.100000023842,1575.9000000059605,919.2000000178814,847.4000000059605,1216.0,1154.100000023842,2465.5999999940395,12223.40000000596,1582.699999988079,1000.0,10151.90000000596,,,,,,,,,,,,,,
AEJU0MCYOQC77,prim,20-1,20.0,1000.0,5,,2853.0,,3878.0,,,,,,,,,,,,,,,,,,,,,,,
AEJU0MCYOQC77,prim,20-1,20.0,1000.0,6,,3785.0,,5197.0,,,,,,,,,,,,,,,,,,,,,,,
AEJU0MCYOQC77,prim,20-1,20.0,1000.0,7,3843.208333333333,5015.666666666666,3675.208333333333,5059.966666666667,4621.7,3044.833333333333,,,,,,,,,,,,,,,,,,,,,
AEJU0MCYOQC77,prim,20-1,20.0,1000.0,8,5078.722222222222,5172.333333333333,4654.61111111111,4529.0,3994.722222222222,4688.194444444444,5177.833333333333,,,,,,,,,,,,,,,,,,,,
AEJU0MCYOQC77,prim,20-1,20.0,1000.0,9,4642.833333333334,3281.3333333333335,4689.666666666667,5882.5,4249.25,3076.555555555556,5096.0,3592.0,,,,,,,,,,,,,,,,,,,
AEJU0MCYOQC77,prim,20-1,20.0,1000.0,10,4948.166666666667,2922.1666666666665,3913.3333333333335,7868.666666666667,5300.666666666667,4708.0,5199.0,3028.0,3976.6666666666665,,,,,,,,,,,,,,,,,,
AEJU0MCYOQC77,prim,20-1,20.0,1000.0,11,,2888.0,4263.0,3880.0,4770.0,3273.0,3716.0,3555.0,2919.0,,,,,,,,,,,,,,,,,,
AEJU0MCYOQC77,prim,20-1,20.0,1000.0,12,6784.0,3705.0,7848.5,4420.0,2767.5,4568.0,4769.5,3223.5,4151.5,5502.0,3401.0,,,,,,,,,,,,,,,,
AEJU0MCYOQC77,prim,20-1,20.0,1000.0,13,7154.0,3627.0,5248.0,10026.0,5203.0,2202.0,3695.0,2292.0,2804.0,2629.0,4684.0,3465.0,,,,,,,,,,,,,,,
AHU3EE2Q05E18,prim,20-1,20.0,1000.0,4,8475.300000190735,6114.199999809265,3283.599999904633,,,,,,,,,,,,,,,,,,,,,,,,
AHU3EE2Q05E18,prim,20-1,20.0,1000.0,5,4551.499999920527,5008.066666603088,6356.350000023842,4253.475000023842,,,,,,,,,,,,,,,,,,,,,,,
AHU3EE2Q05E18,prim,20-1,20.0,1000.0,6,3984.9999998807907,5475.422222243415,5221.787499845028,4655.200000047684,5401.824999888738,,,,,,,,,,,,,,,,,,,,,,
AHU3EE2Q05E18,prim,20-1,20.0,1000.0,7,5386.22499982516,5683.86249991258,7173.155000030994,5365.883333436648,6311.287500077486,6684.587500065565,,,,,,,,,,,,,,,,,,,,,
AHU3EE2Q05E18,prim,20-1,20.0,1000.0,8,5313.649999976158,6528.891666531563,5279.608333388965,5858.545833472411,4817.20249992609,5161.485833398501,4735.329166650772,,,,,,,,,,,,,,,,,,,,
AHU3EE2Q05E18,prim,20-1,20.0,1000.0,9,4554.683333396912,4870.300000084771,5231.677777714199,5226.166666507721,5191.766666624281,5721.450000127157,4477.79999976688,4935.533333301544,,,,,,,,,,,,,,,,,,,
AHU3EE2Q05E18,prim,20-1,20.0,1000.0,10,6615.400000095367,5881.800000190735,12028.599999904633,4150.300000190735,6805.5,9446.5,8161.400000095367,3691.5,2637.5,,,,,,,,,,,,,,,,,,
AJD90361AJO80,ns,20-1,20.0,1000.0,3,11324.25,6799.5,,,,,,,,,,,,,,,,,,,,,,,,,
AJD90361AJO80,ns,20-1,20.0,1000.0,4,30956.0,6330.0,10453.5,,,,,,,,,,,,,,,,,,,,,,,,
AJD90361AJO80,ns,20-1,20.0,1000.0,5,8005.0,6531.0,8522.5,11918.0,,,,,,,,,,,,,,,,,,,,,,,
AJD90361AJO80,ns,20-1,20.0,1000.0,6,14116.77777777778,8063.666666666667,8816.333333333334,6576.333333333333,9248.666666666666,,,,,,,,,,,,,,,,,,,,,,
AJD90361AJO80,ns,20-1,20.0,1000.0,7,10127.166666666666,8136.75,8145.125,9168.916666666666,7648.625,7849.5,,,,,,,,,,,,,,,,,,,,,
AJD90361AJO80,ns,20-1,20.0,1000.0,8,9679.033333333333,9266.479166666666,5847.5,6209.416666666667,7363.75,7487.425,10638.1875,,,,,,,,,,,,,,,,,,,,
AJD90361AJO80,ns,20-1,20.0,1000.0,9,5751.666666666667,8924.0,6440.5,7051.0,5430.0,7439.333333333333,7154.166666666667,10163.5,,,,,,,,,,,,,,,,,,,
AJD90361AJO80,ns,20-1,20.0,1000.0,10,7333.75,6000.0,5600.75,6721.125,5417.125,6406.166666666666,7692.5,7471.75,9086.0,,,,,,,,,,,,,,,,,,
AK52RXEJKR81A,ns,20-1,20.0,1000.0,4,,4264.449999809265,4483.85000038147,,,,,,,,,,,,,,,,,,,,,,,,
AK52RXEJKR81A,ns,20-1,20.0,1000.0,5,4345.099999427795,,3185.4000005722046,3064.699999809265,,,,,,,,,,,,,,,,,,,,,,,
AK52RXEJKR81A,ns,20-1,20.0,1000.0,6,4040.0,4496.583333651225,3611.475000143051,3986.9749999046326,4188.150000254313,,,,,,,,,,,,,,,,,,,,,,
AK52RXEJKR81A,ns,20-1,20.0,1000.0,7,3578.8500003814697,4246.616666952769,4171.188888867696,4444.59999985165,3472.487499833107,3615.283333301544,,,,,,,,,,,,,,,,,,,,,
AK52RXEJKR81A,ns,20-1,20.0,1000.0,8,3742.3400001207992,3385.9866665734185,3509.735555627611,3097.8266665776573,3544.377777735392,6867.377777788373,3685.597777748108,,,,,,,,,,,,,,,,,,,,
AK52RXEJKR81A,ns,20-1,20.0,1000.0,9,4426.755555470784,3840.972221851349,3568.372222264608,3969.033333301544,4402.572222232819,4383.049999952316,3383.6166664759317,3818.750000211928,,,,,,,,,,,,,,,,,,,
AK52RXEJKR81A,ns,20-1,20.0,1000.0,10,4461.066666444142,2951.93333363533,3508.375,3580.083333412806,2798.8499999841056,4251.775000015895,3832.508333762487,3711.8333331743875,3177.1166664759317,,,,,,,,,,,,,,,,,,
AK52RXEJKR81A,ns,20-1,20.0,1000.0,11,2615.199999809265,3553.9000005722046,2770.3999996185303,2281.4000005722046,3050.0999994277954,2952.699999809265,3491.300000190735,4390.5,7216.0,2106.300000190735,,,,,,,,,,,,,,,,,
AMJAZPJBO936R,prim,20-1,20.0,1000.0,6,3447.2999999523163,17816.60000014305,4227.699999809265,5693.399999976158,9308.200000047684,,,,,,,,,,,,,,,,,,,,,,
AMJAZPJBO936R,prim,20-1,20.0,1000.0,8,10631.799999952316,8348.849999904633,13419.799999952316,10772.849999904633,7018.349999904633,14316.949999928474,6702.000000119209,,,,,,,,,,,,,,,,,,,,
AMJAZPJBO936R,prim,20-1,20.0,1000.0,9,9503.699999928474,6445.375,12026.949999928476,10518.150000095367,9504.949999809265,6079.625,9139.600000023842,4533.799999952316,,,,,,,,,,,,,,,,,,,
AMJAZPJBO936R,prim,20-1,20.0,1000.0,10,3642.100000143051,6735.550000071526,7891.25,5483.849999904633,6539.300000190735,6588.299999952316,6516.300000071526,8900.100000143051,8093.549999952315,,,,,,,,,,,,,,,,,,
AMJAZPJBO936R,prim,20-1,20.0,1000.0,11,6152.566666762034,10796.5,5784.900000095367,5229.166666666667,4399.849999904633,4989.199999809265,10663.050000190735,5331.266666730245,4808.650000095367,5670.066666603088,,,,,,,,,,,,,,,,,
AMJAZPJBO936R,prim,20-1,20.0,1000.0,12,4166.350000023842,5161.900000095367,3536.2000000476837,4496.700000166893,5272.200000047684,5241.600000143051,5362.0,5934.200000047684,5029.649999976158,6715.200000047684,6619.450000047684,,,,,,,,,,,,,,,,
AMJAZPJBO936R,prim,20-1,20.0,1000.0,13,5232.675000051658,7401.447916696469,6077.141666680574,4523.827083259821,6111.085416674614,5157.0916665792465,5187.122916658719,6137.645833452542,6106.912500143051,5769.641666730245,4992.5770834287005,6467.512499898672,,,,,,,,,,,,,,,
AMJAZPJBO936R,prim,20-1,20.0,1000.0,14,5917.18333329757,4895.429166654746,6240.052083313465,5530.089583456516,4811.416666766007,4985.352083305518,5161.760416616997,4423.093749890724,6808.000000158946,5647.079166640838,6526.033333539963,5653.270833174388,6130.3062500059605,,,,,,,,,,,,,,
AMJAZPJBO936R,prim,20-1,20.0,1000.0,15,4140.904166618983,5525.554166555405,5422.858333317439,7090.267500030995,4311.733333289623,5201.0791665712995,4649.766666690509,5700.254166662693,4990.116666714351,4105.262499928474,3573.6750000715256,5926.108333317439,5133.466666618983,6817.337500115236,,,,,,,,,,,,,
AMJAZPJBO936R,prim,20-1,20.0,1000.0,16,7474.633333206177,3941.1333333651223,4257.099999904633,4761.099999904633,4375.466666698456,2773.433333237966,3677.8333333333335,5985.233333269755,3729.8333333333335,7011.166666666667,4271.066666603088,5722.900000095367,3062.300000190735,3506.966666698456,7347.700000127156,,,,,,,,,,,,
AMJAZPJBO936R,prim,20-1,20.0,1000.0,17,8225.0,4070.0,5843.5,2934.4000000953674,4255.5,3203.800000190735,5463.799999713898,2785.0,5729.400000095367,7226.699999809265,4948.800000190735,3944.5,3277.2999997138977,2388.0,3020.199999809265,2582.5,,,,,,,,,,,
AMJAZPJBO936R,prim,20-1,20.0,1000.0,18,4260.800000190735,3181.2000002861023,4024.300000190735,3978.5,4068.099999904633,2635.699999809265,4375.699999809265,4989.0,3685.300000190735,3660.599999904633,7711.900000095367,6290.099999904633,4492.699999809265,3378.599999904633,3316.2000002861023,3727.699999809265,5310.800000190735,,,,,,,,,,
AOQZVAH5FSKGE,prim,20-1,20.0,1000.0,2,,,,,,,,,,,,,,,,,,,,,,,,,,,
AOQZVAH5FSKGE,prim,20-1,20.0,1000.0,3,,,,,,,,,,,,,,,,,,,,,,,,,,,
AOQZVAH5FSKGE,prim,20-1,20.0,1000.0,4,2957.0,3103.0,3561.0,,,,,,,,,,,,,,,,,,,,,,,,
AOQZVAH5FSKGE,prim,20-1,20.0,1000.0,5,3977.5,3615.0,3535.3333333333335,6506.5,,,,,,,,,,,,,,,,,,,,,,,
AOQZVAH5FSKGE,prim,20-1,20.0,1000.0,6,3764.5,4188.777777777778,4075.3333333333335,3700.944444444445,4120.555555555556,,,,,,,,,,,,,,,,,,,,,,
AOQZVAH5FSKGE,prim,20-1,20.0,1000.0,7,3045.7083333333335,3157.2083333333335,3968.75,3824.25,3948.375,4859.416666666667,,,,,,,,,,,,,,,,,,,,,
AOQZVAH5FSKGE,prim,20-1,20.0,1000.0,8,3450.833333333333,3341.5416666666665,3853.4375,4146.375,3742.0,3952.0625,4636.666666666666,,,,,,,,,,,,,,,,,,,,
AOQZVAH5FSKGE,prim,20-1,20.0,1000.0,9,2754.0,3485.0,2999.0,2757.0,4594.0,3344.0,5439.5,3192.0,,,,,,,,,,,,,,,,,,,
AOQZVAH5FSKGE,prim,20-1,20.0,1000.0,10,2437.5,2778.0,2687.0,3449.5,4240.0,3776.5,3202.0,3556.5,3252.5,,,,,,,,,,,,,,,,,,
AQCJI23U1VBYD,prim,20-1,20.0,1000.0,4,,,2364.700000047684,,,,,,,,,,,,,,,,,,,,,,,,
AQCJI23U1VBYD,prim,20-1,20.0,1000.0,5,,3080.700000047684,4161.299999952316,4198.799999952316,,,,,,,,,,,,,,,,,,,,,,,
AQCJI23U1VBYD,prim,20-1,20.0,1000.0,6,,3485.6500000953674,,2713.5,3214.700000047684,,,,,,,,,,,,,,,,,,,,,,
AQCJI23U1VBYD,prim,20-1,20.0,1000.0,7,4827.749999900659,3099.377777742015,4096.286666647594,6001.349999944369,6866.761111074023,4582.450000021193,,,,,,,,,,,,,,,,,,,,,
AQCJI23U1VBYD,prim,20-1,20.0,1000.0,8,3900.383333325386,7865.41666662693,2991.700000047684,4601.149999976158,4705.075000047684,5644.325000107288,8064.449999988078,,,,,,,,,,,,,,,,,,,,
AQCJI23U1VBYD,prim,20-1,20.0,1000.0,9,5281.450000166893,2628.2999999523163,3997.933333436648,3839.4000000953674,3977.3166666428247,4434.433333337307,3447.5999999841056,3909.750000178814,,,,,,,,,,,,,,,,,,,
AQCJI23U1VBYD,prim,20-1,20.0,1000.0,10,2324.774999976158,2517.7199998378755,2088.375,2323.662499964237,3125.925000091394,3054.7399999141694,2924.975000023842,3038.75,2459.32499986887,,,,,,,,,,,,,,,,,,
AQCJI23U1VBYD,prim,20-1,20.0,1000.0,11,1424.8999999761581,,,1894.1500000953674,2452.1999999284744,2182.9999998807907,1656.8999998569489,,,1311.5,,,,,,,,,,,,,,,,,
AQCJI23U1VBYD,prim,20-1,20.0,1000.0,12,2040.3999998569489,3812.2999999523163,3891.900000095368,2081.850000143051,2445.0,1977.7999999523163,2829.9000000953674,4382.699999809265,1215.5999999046326,6096.699999809265,3075.7000000476837,,,,,,,,,,,,,,,,
AQCJI23U1VBYD,prim,20-1,20.0,1000.0,13,4057.599999904633,4099.5,2812.300000190735,,2640.7999997138977,3687.599999904633,,,3086.2999997138977,3434.199999809265,3087.099999904633,7133.300000190735,,,,,,,,,,,,,,,
AQCJI23U1VBYD,prim,20-1,20.0,1000.0,14,1907.200000047684,1873.7999999523165,2046.2999999523165,,3568.600000143051,1037.1000001430511,2174.099999904633,1803.5,,,2352.399999856949,1524.0,1978.2999999523165,,,,,,,,,,,,,,
AQCJI23U1VBYD,prim,20-1,20.0,1000.0,15,1753.0499999523165,1409.5499999523163,2657.9499999284744,1992.3999998569489,3281.5,2832.0500000715256,2720.8000000715256,1729.7500000000002,1081.4000000953674,2335.0,2655.4000000953674,1011.6000001430511,1895.3000000715256,1717.7000000476835,,,,,,,,,,,,,
AQCJI23U1VBYD,prim,20-1,20.0,1000.0,17,1462.3999998569489,1810.8999998569489,1937.5,1953.6000001430511,,1602.5999999046326,1487.2000000476835,2307.200000047684,2912.4000000953674,2162.700000047684,2102.5,,3299.7999999523163,1490.7999999523165,1542.2000000476835,1872.7999999523165,,,,,,,,,,,
AQPFTUIJ0PW2N,prim,20-1,20.0,1000.0,2,5075.0,,,,,,,,,,,,,,,,,,,,,,,,,,
AQPFTUIJ0PW2N,prim,20-1,20.0,1000.0,3,7880.958333333333,9379.75,,,,,,,,,,,,,,,,,,,,,,,,,
AQPFTUIJ0PW2N,prim,20-1,20.0,1000.0,4,11601.555555555555,7304.0,8135.875,,,,,,,,,,,,,,,,,,,,,,,,
AQPFTUIJ0PW2N,prim,20-1,20.0,1000.0,5,4873.9,5410.75,5653.166666666666,4161.25,,,,,,,,,,,,,,,,,,,,,,,
AQPFTUIJ0PW2N,prim,20-1,20.0,1000.0,6,7627.0,7858.0,5243.666666666667,4101.333333333333,5840.5,,,,,,,,,,,,,,,,,,,,,,
AXFCUZ1WQC2WY,ns,20-1,20.0,1000.0,2,3573.5,,,,,,,,,,,,,,,,,,,,,,,,,,
AXFCUZ1WQC2WY,ns,20-1,20.0,1000.0,3,,,,,,,,,,,,,,,,,,,,,,,,,,,
AXFCUZ1WQC2WY,ns,20-1,20.0,1000.0,4,,6527.0,6461.0,,,,,,,,,,,,,,,,,,,,,,,,
AXFCUZ1WQC2WY,ns,20-1,20.0,1000.0,5,4298.5,2450.0,5432.25,5128.0,,,,,,,,,,,,,,,,,,,,,,,
AXFCUZ1WQC2WY,ns,20-1,20.0,1000.0,6,33391.166666666664,4003.75,5163.5,4907.0,3220.0,,,,,,,,,,,,,,,,,,,,,,
AXFCUZ1WQC2WY,ns,20-1,20.0,1000.0,7,6799.75,5021.277777777777,5713.166666666667,5849.666666666667,5805.166666666667,4104.0,,,,,,,,,,,,,,,,,,,,,
AXFCUZ1WQC2WY,ns,20-1,20.0,1000.0,8,4826.833333333333,4336.666666666667,5974.0,4488.5,5030.5,4658.166666666667,5334.666666666667,,,,,,,,,,,,,,,,,,,,
AXFCUZ1WQC2WY,ns,20-1,20.0,1000.0,9,5100.222222222222,5445.722222222223,5842.777777777777,5018.833333333333,4674.11111111111,3328.0,5272.88888888889,5253.666666666667,,,,,,,,,,,,,,,,,,,
AXFCUZ1WQC2WY,ns,20-1,20.0,1000.0,10,2969.0,3816.0,4731.0,3250.0,7263.0,2521.0,6014.0,2917.0,6587.0,,,,,,,,,,,,,,,,,,
AXFCUZ1WQC2WY,ns,20-1,20.0,1000.0,11,2718.5,3091.5,4700.5,4677.5,3312.0,3668.5,3560.0,3049.5,4665.0,3440.5,,,,,,,,,,,,,,,,,
AXFCUZ1WQC2WY,ns,20-1,20.0,1000.0,12,3231.0,3686.0,3802.0,5511.0,3533.0,3240.0,3439.0,6715.0,5296.0,3186.0,2422.0,,,,,,,,,,,,,,,,
AY7M9MOLNXIIK,ns,20-1,20.0,1000.0,2,5129.600000023842,,,,,,,,,,,,,,,,,,,,,,,,,,
AY7M9MOLNXIIK,ns,20-1,20.0,1000.0,3,,,,,,,,,,,,,,,,,,,,,,,,,,,
AY7M9MOLNXIIK,ns,20-1,20.0,1000.0,4,4969.699999988079,5713.0,7375.899999976158,,,,,,,,,,,,,,,,,,,,,,,,
AY7M9MOLNXIIK,ns,20-1,20.0,1000.0,5,6278.5,5971.687500014901,5871.700000007947,5511.166666666667,,,,,,,,,,,,,,,,,,,,,,,
AY7M9MOLNXIIK,ns,20-1,20.0,1000.0,6,3864.2666666666664,6683.7,4512.666666666666,5265.8,8753.875,,,,,,,,,,,,,,,,,,,,,,
AY7M9MOLNXIIK,ns,20-1,20.0,1000.0,7,3707.083333333333,4615.133333345254,4232.0,3983.655555579397,4990.3916666607065,6902.916666666666,,,,,,,,,,,,,,,,,,,,,
AY7M9MOLNXIIK,ns,20-1,20.0,1000.0,8,5164.5,4298.533333333334,4014.888888888889,4986.25,5161.222222222223,5739.75,4642.5,,,,,,,,,,,,,,,,,,,,
AY7M9MOLNXIIK,ns,20-1,20.0,1000.0,9,5364.0,3874.0,3754.75,2854.0,3966.0,4211.5,3661.5,4761.0,,,,,,,,,,,,,,,,,,,
AY7M9MOLNXIIK,ns,20-1,20.0,1000.0,10,3583.0,2547.0,3447.0,3674.0,6629.0,7687.5,3275.0,4347.5,3779.0,,,,,,,,,,,,,,,,,,
AZZA3J049G7R5,rec,20-1,20.0,1000.0,6,1807.7000000011176,,6931.5,988.4000000003724,,,,,,,,,,,,,,,,,,,,,,,
AZZA3J049G7R5,rec,20-1,20.0,1000.0,8,2816.0000000004657,1448.5499999998137,1121.0999999996277,2179.0999999996275,1212.2000000001865,2599.1999999997206,4904.499999999534,,,,,,,,,,,,,,,,,,,,
AZZA3J049G7R5,rec,20-1,20.0,1000.0,9,1649.6166666668528,1906.1250000002328,2663.7416666666977,4073.950000000419,3938.4000000003725,1509.4750000000931,4748.050000000279,9060.083333333489,,,,,,,,,,,,,,,,,,,
AZZA3J049G7R5,rec,20-1,20.0,1000.0,10,995.0999999996276,1054.9000000003723,1427.7999999988824,5363.599999999628,4426.699999999255,1090.199999999255,1085.699999999255,2531.7999999988824,,,,,,,,,,,,,,,,,,,
AZZA3J049G7R5,rec,20-1,20.0,1000.0,11,2318.616666666853,3257.7249999998603,4486.083333333643,2147.75,3403.26666666676,3135.9583333331784,3853.749999999767,5922.850000000093,8016.624999999534,5523.916666666822,,,,,,,,,,,,,,,,,
AZZA3J049G7R5,rec,20-1,20.0,1000.0,12,3130.0666666657976,1125.050000000745,2877.3666666665426,2924.1999999998757,10016.100000000559,5697.800000000124,1045.449999999255,1013.1999999992548,3322.100000000559,3960.233333333706,15051.350000000559,,,,,,,,,,,,,,,,
AZZA3J049G7R5,rec,20-1,20.0,1000.0,13,2262.350000000093,1340.8000000002794,4380.950000000186,1386.9999999995343,1520.7000000001863,6750.700000000186,3372.4500000001863,9990.19999999972,746.3999999994412,,3750.400000000373,3065.399999999907,,,,,,,,,,,,,,,
AZZA3J049G7R5,rec,20-1,20.0,1000.0,15,3579.149999999907,3910.1999999994878,2700.649999999674,1770.7249999998603,1224.8499999996275,4274.949999999255,4967.300000000279,3180.549999999581,2863.0,3788.0500000002794,2982.024999999674,8976.525000000373,5272.299999999348,2479.7500000004657,,,,,,,,,,,,,
AZZA3J049G7R5,rec,20-1,20.0,1000.0,17,1189.8999999994412,3758.599999999628,1460.0,3019.4000000003725,1157.3999999994412,2282.7999999998137,1222.0,4062.100000000559,3631.7999999998137,1785.8999999994412,,4369.099999999628,1760.5999999996277,2353.7000000001863,3937.200000000186,2246.2999999998137,,,,,,,,,,,
A102RSV009OCUW,prim,15-2,15.0,2000.0,5,3515.0,,,2803.0,,,,,,,,,,,,,,,,,,,,,,,
A102RSV009OCUW,prim,15-2,15.0,2000.0,6,4247.0,3420.5,2524.0,,,,,,,,,,,,,,,,,,,,,,,,
A102RSV009OCUW,prim,15-2,15.0,2000.0,7,3362.5,3192.5,2900.5,3437.5,2785.5,2845.75,,,,,,,,,,,,,,,,,,,,,
A102RSV009OCUW,prim,15-2,15.0,2000.0,8,5058.75,4710.625,3955.125,3899.3333333333335,5142.125,4220.5,5193.75,,,,,,,,,,,,,,,,,,,,
A102RSV009OCUW,prim,15-2,15.0,2000.0,9,4023.875,3674.625,3588.208333333333,4255.875,4441.0,3272.625,3933.791666666667,4505.5,,,,,,,,,,,,,,,,,,,
A102RSV009OCUW,prim,15-2,15.0,2000.0,10,3968.5,4521.75,4322.11111111111,3624.791666666667,3233.0,3687.291666666667,4197.0,3956.5,4141.38888888889,,,,,,,,,,,,,,,,,,
A102RSV009OCUW,prim,15-2,15.0,2000.0,11,4682.625,3270.125,2955.1666666666665,4081.875,4076.125,3373.5,5296.625,4168.0,2969.5,2885.25,,,,,,,,,,,,,,,,,
A102RSV009OCUW,prim,15-2,15.0,2000.0,12,3620.9583333333335,3706.9583333333335,3790.625,3215.4583333333335,3871.8333333333335,3714.6666666666665,3378.5416666666665,3468.0,4824.875,3717.625,3641.25,,,,,,,,,,,,,,,,
A102RSV009OCUW,prim,15-2,15.0,2000.0,13,5432.0,4610.5,3600.5,3345.0,3436.0,3566.5,3639.5,4382.5,4115.0,3763.0,3677.0,3246.0,,,,,,,,,,,,,,,
A11BHGAKU0RIH8,rec,15-2,15.0,2000.0,2,54425.79999998212,,,,,,,,,,,,,,,,,,,,,,,,,,
A11BHGAKU0RIH8,rec,15-2,15.0,2000.0,3,16772.70000000298,13503.900000002235,,,,,,,,,,,,,,,,,,,,,,,,,
A11BHGAKU0RIH8,rec,15-2,15.0,2000.0,4,10802.425000000745,7070.399999976158,10578.099999997765,,,,,,,,,,,,,,,,,,,,,,,,
A11BHGAKU0RIH8,rec,15-2,15.0,2000.0,5,12795.262500006706,13638.97500000801,12390.0,12728.700000004223,,,,,,,,,,,,,,,,,,,,,,,
A11BHGAKU0RIH8,rec,15-2,15.0,2000.0,6,10284.770000000299,11098.599999999255,12836.465000000597,13945.85499999933,10597.849999999005,,,,,,,,,,,,,,,,,,,,,,
A11BHGAKU0RIH8,rec,15-2,15.0,2000.0,7,6839.900000000994,9277.999999996275,10168.166666666666,9077.400000000993,16546.433333334822,10833.949999999255,,,,,,,,,,,,,,,,,,,,,
A11BHGAKU0RIH8,rec,15-2,15.0,2000.0,8,8457.09999999404,15737.90000000596,7940.100000023842,10629.59999999404,12611.09999999404,9229.40000000596,9377.09999999404,,,,,,,,,,,,,,,,,,,,
A13GBA16BNTN1A,rec,15-2,15.0,2000.0,4,3139.5,,4462.0,,,,,,,,,,,,,,,,,,,,,,,,
A13GBA16BNTN1A,rec,15-2,15.0,2000.0,5,2833.5,2922.75,3911.1111111111113,3293.0,,,,,,,,,,,,,,,,,,,,,,,
A13GBA16BNTN1A,rec,15-2,15.0,2000.0,6,4471.094444444444,5081.623809523809,2781.933333333333,3357.6825396825393,5300.916666666667,,,,,,,,,,,,,,,,,,,,,,
A13GBA16BNTN1A,rec,15-2,15.0,2000.0,7,4952.979166666666,4471.666666666667,3301.55,4310.616666666667,4238.916666666667,3642.6,,,,,,,,,,,,,,,,,,,,,
A13GBA16BNTN1A,rec,15-2,15.0,2000.0,8,3515.0,4318.11111111111,2887.6666666666665,2725.633333333333,3465.3222222222225,4031.5,3424.6666666666665,,,,,,,,,,,,,,,,,,,,
A13GBA16BNTN1A,rec,15-2,15.0,2000.0,9,2114.0,3553.0,2611.0,3033.5,2687.0,5699.0,3282.5,4456.5,,,,,,,,,,,,,,,,,,,
A13THDIE8LTQ11,ns,15-2,15.0,2000.0,3,2718.699999988079,2575.5999999940395,,,,,,,,,,,,,,,,,,,,,,,,,
A13THDIE8LTQ11,ns,15-2,15.0,2000.0,4,2527.7000000178814,3632.149999976158,2594.0999999940395,,,,,,,,,,,,,,,,,,,,,,,,
A13THDIE8LTQ11,ns,15-2,15.0,2000.0,5,3320.1666666616998,2974.9874999821186,2977.745833326131,3849.0500000069537,,,,,,,,,,,,,,,,,,,,,,,
A13THDIE8LTQ11,ns,15-2,15.0,2000.0,6,3752.0222222242087,3654.779166664928,3655.918749988079,3371.5479166644313,3040.7250000089407,,,,,,,,,,,,,,,,,,,,,,
A13THDIE8LTQ11,ns,15-2,15.0,2000.0,7,2623.980555557542,2757.1124999932945,2901.483333327497,3231.862500000745,3129.718750004346,2922.0166666532555,,,,,,,,,,,,,,,,,,,,,
A13THDIE8LTQ11,ns,15-2,15.0,2000.0,8,3288.8750000223517,3127.1500000109277,4601.537499979138,3814.6999999806285,3487.0999999903142,3462.9499999806285,2923.349999986589,,,,,,,,,,,,,,,,,,,,
A13THDIE8LTQ11,ns,15-2,15.0,2000.0,9,1844.4000000059605,11102.5,5513.4000000059605,2677.5999999940395,,2031.800000011921,4284.59999999404,4182.59999999404,,,,,,,,,,,,,,,,,,,
A150QX2OXHGK8P,rec,15-2,15.0,2000.0,2,,,,,,,,,,,,,,,,,,,,,,,,,,,
A150QX2OXHGK8P,rec,15-2,15.0,2000.0,3,5360.0,4934.0,,,,,,,,,,,,,,,,,,,,,,,,,
A150QX2OXHGK8P,rec,15-2,15.0,2000.0,4,6636.5,7256.083333333334,7806.375,,,,,,,,,,,,,,,,,,,,,,,,
A150QX2OXHGK8P,rec,15-2,15.0,2000.0,5,7410.541666666667,6825.25,8035.9375,10986.9375,,,,,,,,,,,,,,,,,,,,,,,
A150QX2OXHGK8P,rec,15-2,15.0,2000.0,6,6260.45,7346.375,7913.5,7591.675,6725.525,,,,,,,,,,,,,,,,,,,,,,
A150QX2OXHGK8P,rec,15-2,15.0,2000.0,7,8274.0,8398.333333333334,5334.666666666667,6629.333333333333,7378.833333333333,7238.666666666667,,,,,,,,,,,,,,,,,,,,,
A150QX2OXHGK8P,rec,15-2,15.0,2000.0,8,6720.0,7656.75,5923.5,6208.5,8173.0,6402.666666666667,7002.25,,,,,,,,,,,,,,,,,,,,
A150QX2OXHGK8P,rec,15-2,15.0,2000.0,9,5436.0,5225.0,4813.0,8878.0,6687.0,3750.0,4896.0,4857.0,,,,,,,,,,,,,,,,,,,
A151XA53WYXVD7,prim,15-2,15.0,2000.0,4,2627.0,2405.0,,,,,,,,,,,,,,,,,,,,,,,,,
A151XA53WYXVD7,prim,15-2,15.0,2000.0,5,3823.0,4884.0,4780.0,4389.0,,,,,,,,,,,,,,,,,,,,,,,
A151XA53WYXVD7,prim,15-2,15.0,2000.0,6,2982.75,3858.0,3473.0,2972.25,4158.5,,,,,,,,,,,,,,,,,,,,,,
A151XA53WYXVD7,prim,15-2,15.0,2000.0,7,4548.5,4494.0,5510.0,3055.5,3672.25,4244.5,,,,,,,,,,,,,,,,,,,,,
A151XA53WYXVD7,prim,15-2,15.0,2000.0,8,3253.5,2691.0,4644.666666666667,3890.0,4081.0,3977.5,5474.333333333333,,,,,,,,,,,,,,,,,,,,
A151XA53WYXVD7,prim,15-2,15.0,2000.0,9,3275.166666666667,3948.75,4046.0,4745.791666666666,4185.222222222222,3451.0,3038.0,6907.916666666667,,,,,,,,,,,,,,,,,,,
A151XA53WYXVD7,prim,15-2,15.0,2000.0,10,3013.4375,2822.75,3700.6666666666665,6881.25,4102.833333333333,3189.3333333333335,3857.1666666666665,4690.0,7516.0,,,,,,,,,,,,,,,,,,
A151XA53WYXVD7,prim,15-2,15.0,2000.0,11,12860.333333333334,5020.833333333334,4874.75,3288.25,3003.666666666667,4097.666666666667,3730.6666666666665,4279.5,4409.5,5686.5,,,,,,,,,,,,,,,,,
A151XA53WYXVD7,prim,15-2,15.0,2000.0,12,3565.416666666667,3838.555555555555,3994.111111111111,4059.555555555555,4791.777777777777,3778.6666666666665,4314.166666666667,2860.6666666666665,3970.1666666666665,3671.5,4285.333333333333,,,,,,,,,,,,,,,,
A151XA53WYXVD7,prim,15-2,15.0,2000.0,13,3161.0,6401.5,3827.5,3167.0,3176.0,5566.0,3527.5,4213.5,4160.5,7161.5,4638.0,4804.5,,,,,,,,,,,,,,,
A1618RA11ZOD8Y,rec,15-2,15.0,2000.0,6,,2147.5,2635.099999904633,3443.2999999523163,4922.900000095367,,,,,,,,,,,,,,,,,,,,,,
A1618RA11ZOD8Y,rec,15-2,15.0,2000.0,7,,3222.099999904633,2057.099999904633,,,3505.599999904633,,,,,,,,,,,,,,,,,,,,,
A1618RA11ZOD8Y,rec,15-2,15.0,2000.0,8,3986.2999999523163,2115.600000143051,3042.300000190735,4121.700000047684,2578.4000000953674,4114.0,4982.0,,,,,,,,,,,,,,,,,,,,
A1618RA11ZOD8Y,rec,15-2,15.0,2000.0,9,3186.9111111164093,4676.016666650772,4010.975000143051,2699.6333334445953,3063.3666666348777,3275.983333428701,4365.683333237966,5220.975000143051,,,,,,,,,,,,,,,,,,,
A1618RA11ZOD8Y,rec,15-2,15.0,2000.0,10,4963.044444534514,2233.1500000953674,3101.483333269755,4325.861111111111,3111.4777777194977,4109.183333158493,2907.6249999602633,2113.6750000715256,3394.6666667064032,,,,,,,,,,,,,,,,,,
A1618RA11ZOD8Y,rec,15-2,15.0,2000.0,11,2761.794444375568,4040.753333293067,3448.7766666200428,2787.7444443835157,3519.2749999960265,3254.075000067552,3288.616666621632,4095.0472221771875,3056.725000103315,5058.472222162617,,,,,,,,,,,,,,,,,
A1618RA11ZOD8Y,rec,15-2,15.0,2000.0,12,3277.45555557145,5137.277777804269,3944.2666665448082,3285.0416667064032,4124.1916665765975,4236.32500008742,4037.194444444445,2366.6777776877084,2727.5208332737284,4358.4583334128065,3704.51111123297,,,,,,,,,,,,,,,,
A1618RA11ZOD8Y,rec,15-2,15.0,2000.0,13,3176.608333309491,4153.822222126854,4330.411111089918,3752.711111174689,3723.2444445292153,3613.5666666295797,4339.938888894188,3515.1888888147146,2742.0999999576143,3543.044444508023,3896.8666667408415,4449.383333285649,,,,,,,,,,,,,,,
A1618RA11ZOD8Y,rec,15-2,15.0,2000.0,14,2973.0666666030884,7199.200000286102,2248.25,3140.5999999046326,4689.433333396912,2463.9333333969116,2812.733333428701,3258.2666668891907,3374.399999936422,2793.5999999046326,3175.3000000317893,2422.933333555857,3503.600000063578,,,,,,,,,,,,,,
A1618RA11ZOD8Y,rec,15-2,15.0,2000.0,15,2626.699999809265,1755.8000001907349,4371.299999952316,3362.399999856949,6058.799999952316,2538.099999904633,3923.200000047684,3699.099999904633,4378.300000190735,3931.200000047684,7418.599999904633,4163.399999856949,5151.5,6090.899999856949,,,,,,,,,,,,,
A19X8IA9EKC3XH,ns,15-2,15.0,2000.0,4,,5442.79999999702,,,,,,,,,,,,,,,,,,,,,,,,,
A19X8IA9EKC3XH,ns,15-2,15.0,2000.0,5,,,1451.5999999940395,7278.999999992549,,,,,,,,,,,,,,,,,,,,,,,
A19X8IA9EKC3XH,ns,15-2,15.0,2000.0,6,1921.9000000059605,3593.300000011921,2410.4000000059605,2162.9000000059605,3608.299999982119,,,,,,,,,,,,,,,,,,,,,,
A19X8IA9EKC3XH,ns,15-2,15.0,2000.0,7,2193.9874999839813,2924.33749999851,2909.96666666617,2725.566666680078,5233.237500000745,2629.7499999925494,,,,,,,,,,,,,,,,,,,,,
A19X8IA9EKC3XH,ns,15-2,15.0,2000.0,8,2050.8000000044703,2884.460416666232,2086.9499999927357,3325.8250000029802,2558.924999997951,2934.5437500067055,3519.9875000044703,,,,,,,,,,,,,,,,,,,,
A19X8IA9EKC3XH,ns,15-2,15.0,2000.0,9,2092.7166666636863,3007.0500000044703,1798.75,2854.216666671137,1731.1666666691501,3114.8333333333335,10214.649999996027,12586.266666665673,,,,,,,,,,,,,,,,,,,
A19X8IA9EKC3XH,ns,15-2,15.0,2000.0,10,2277.21249999851,2203.0749999918044,2502.3812499996275,2639.037499997765,3482.250000009313,3049.1416666681566,1983.4333333397906,2712.612500000745,8240.143749995157,,,,,,,,,,,,,,,,,,
A19X8IA9EKC3XH,ns,15-2,15.0,2000.0,11,2179.175000011921,3147.0,3255.4000000009933,2587.9666666587195,1689.8499999890726,4731.01666667064,7539.066666657726,2078.749999990066,2183.1500000009933,16970.949999998014,,,,,,,,,,,,,,,,,
A19X8IA9EKC3XH,ns,15-2,15.0,2000.0,12,2187.9222222235467,2712.4666666736207,3728.4388889024654,3007.5611111091243,2848.23333331777,2279.4222222334806,3354.333333323399,6503.999999990066,3882.794444436828,2453.2277777824133,3245.4055555628406,,,,,,,,,,,,,,,,
A19X8IA9EKC3XH,ns,15-2,15.0,2000.0,14,1231.300000011921,1723.399999976158,2378.7000000178814,1995.2000000178807,2979.2000000178814,1914.5,3553.9000000059605,3138.5999999940395,2601.699999988079,2842.7999999821186,1595.7999999821186,48418.5,6561.5,,,,,,,,,,,,,,
A1CFMY4CEYOM8Y,rec,15-2,15.0,2000.0,2,2549.391666666876,,,,,,,,,,,,,,,,,,,,,,,,,,
A1CFMY4CEYOM8Y,rec,15-2,15.0,2000.0,3,2268.0212500002585,2693.2624999993714,,,,,,,,,,,,,,,,,,,,,,,,,
A1CFMY4CEYOM8Y,rec,15-2,15.0,2000.0,4,2301.2458333328636,2718.8083333332615,11660.441666666651,,,,,,,,,,,,,,,,,,,,,,,,
A1CFMY4CEYOM8Y,rec,15-2,15.0,2000.0,5,2190.7666666666823,4192.558333333194,5031.072222221333,17107.17500000024,,,,,,,,,,,,,,,,,,,,,,,
A1CFMY4CEYOM8Y,rec,15-2,15.0,2000.0,6,3291.3499999996275,2163.60000000149,4196.25,1267.89999999851,6919.4000000003725,,,,,,,,,,,,,,,,,,,,,,
A1CFMY4CEYOM8Y,rec,15-2,15.0,2000.0,7,1403.6000000000931,2347.600000000093,2556.399999999907,7211.300000000279,8459.899999999907,30387.600000000093,,,,,,,,,,,,,,,,,,,,,
A1E0K2VGY2684V,ns,15-2,15.0,2000.0,2,2798.6666666666665,,,,,,,,,,,,,,,,,,,,,,,,,,
A1E0K2VGY2684V,ns,15-2,15.0,2000.0,3,4271.0,8198.666666666666,,,,,,,,,,,,,,,,,,,,,,,,,
A1E0K2VGY2684V,ns,15-2,15.0,2000.0,4,4060.8333333333335,5803.416666666667,10487.625,,,,,,,,,,,,,,,,,,,,,,,,
A1E0K2VGY2684V,ns,15-2,15.0,2000.0,5,4245.5,5438.5,6071.5,5889.75,,,,,,,,,,,,,,,,,,,,,,,
A1E0K2VGY2684V,ns,15-2,15.0,2000.0,6,5069.666666666667,5703.75,5621.0,4241.5,3945.75,,,,,,,,,,,,,,,,,,,,,,
A1E0K2VGY2684V,ns,15-2,15.0,2000.0,7,3108.0,3310.5,5751.5,5375.5,3152.0,5126.0,,,,,,,,,,,,,,,,,,,,,
A1E0K2VGY2684V,ns,15-2,15.0,2000.0,8,4315.5,3620.5,2783.0,4038.5,3751.25,3919.0,3870.25,,,,,,,,,,,,,,,,,,,,
A1E0K2VGY2684V,ns,15-2,15.0,2000.0,9,3720.0,2580.0,2232.0,3094.0,4279.0,,2918.0,3129.0,,,,,,,,,,,,,,,,,,,
A1E0K2VGY2684V,ns,15-2,15.0,2000.0,10,10341.5,2915.0,2758.0,2870.0,3873.6666666666665,3000.3333333333335,3088.5,3100.3333333333335,2549.5,,,,,,,,,,,,,,,,,,
A1E0K2VGY2684V,ns,15-2,15.0,2000.0,11,3529.0,2389.0,5527.0,2696.0,2329.0,1849.0,5305.0,3195.0,2296.0,,,,,,,,,,,,,,,,,,
A1E0K2VGY2684V,ns,15-2,15.0,2000.0,12,5028.0,7269.5,2008.0,3237.5,1609.0,2583.0,3127.0,3141.0,2670.5,2584.0,6350.5,,,,,,,,,,,,,,,,
A1NQOR4RQJJDMW,ns,15-2,15.0,2000.0,7,1542.6500000059607,1441.4749999642372,4013.875,2439.7249999940395,3348.550000011921,,,,,,,,,,,,,,,,,,,,,,
A1NQOR4RQJJDMW,ns,15-2,15.0,2000.0,8,2931.3749999925494,3496.5200000062587,2619.790000000596,1828.849999986589,1771.9100000008943,3557.090000012517,2870.0,,,,,,,,,,,,,,,,,,,,
A1NQOR4RQJJDMW,ns,15-2,15.0,2000.0,9,2482.916666674117,2455.691666649034,2139.1300000041724,2420.655555569463,2308.4111111213765,2458.566666656898,4086.06666669084,5864.249999989238,,,,,,,,,,,,,,,,,,,
A1NQOR4RQJJDMW,ns,15-2,15.0,2000.0,10,1882.2208333354756,1768.6016666567887,1936.2074999871197,2149.350833348697,2079.033333330912,3087.9916666757003,2048.9141666829432,2587.6649999855554,5533.63749999553,,,,,,,,,,,,,,,,,,
A1NQOR4RQJJDMW,ns,15-2,15.0,2000.0,11,1982.6425000127406,2253.4599999893458,1616.006249992177,1735.5583333248894,2237.980000010505,2017.5812499905005,1741.6175000092014,2591.7900000086984,5386.81874997681,5890.60750001464,,,,,,,,,,,,,,,,,
A1NQOR4RQJJDMW,ns,15-2,15.0,2000.0,12,1437.9285714285713,1721.6571428565574,2487.5428571426974,1849.885714285608,1492.971428571003,3707.357142857409,3122.471428571003,1957.0999999999378,2581.2833333328986,2915.083333333023,3207.7399999994786,,,,,,,,,,,,,,,,
A1NQOR4RQJJDMW,ns,15-2,15.0,2000.0,13,1259.0,2521.949999999255,1881.5499999988824,1078.0,1794.8499999996275,1282.75,2860.5,1461.1000000005588,2020.800000000745,2527.199999999255,2794.2000000001863,4220.9000000003725,,,,,,,,,,,,,,,
A1PZIN8H1VI6SY,prim,15-2,15.0,2000.0,3,,,,,,,,,,,,,,,,,,,,,,,,,,,
A1PZIN8H1VI6SY,prim,15-2,15.0,2000.0,4,3545.399999976158,3099.400000035763,2394.100000023842,,,,,,,,,,,,,,,,,,,,,,,,
A1PZIN8H1VI6SY,prim,15-2,15.0,2000.0,5,4199.000000178814,5062.199999988079,,3433.5,,,,,,,,,,,,,,,,,,,,,,,
A1PZIN8H1VI6SY,prim,15-2,15.0,2000.0,6,3277.1833333671093,2308.7000001966953,2835.1750000417233,3259.333333273729,4241.699999898672,,,,,,,,,,,,,,,,,,,,,,
A1PZIN8H1VI6SY,prim,15-2,15.0,2000.0,7,3393.0,2952.25,1928.899999976158,2717.25,2421.599999964237,5043.5,,,,,,,,,,,,,,,,,,,,,
A1PZIN8H1VI6SY,prim,15-2,15.0,2000.0,8,4187.847222235468,2965.627777728769,3687.322222246064,4681.1875,2857.3694444696107,3022.0277777910233,4961.622222234805,,,,,,,,,,,,,,,,,,,,
A1PZIN8H1VI6SY,prim,15-2,15.0,2000.0,9,3399.549999900162,3643.8874999582767,2708.3333332538605,2967.387499950826,2795.7500000298023,3124.4499999582767,2921.5000000596046,3201.5499999523163,,,,,,,,,,,,,,,,,,,
A1PZIN8H1VI6SY,prim,15-2,15.0,2000.0,10,2222.5499997138977,3578.199999809265,2434.1500000953674,2675.3499999046326,2131.6500000953674,2793.5,5444.300000190735,2544.0,4060.25,,,,,,,,,,,,,,,,,,
A1PZIN8H1VI6SY,prim,15-2,15.0,2000.0,11,3368.2000002861023,4269.700000047684,2145.1000003814697,3811.2999997138977,2696.4500000476837,3404.2000002861023,3707.8499999046326,2533.3499999046326,2753.5,2882.4000000953674,,,,,,,,,,,,,,,,,
A1PZIN8H1VI6SY,prim,15-2,15.0,2000.0,12,,2649.599999904633,,2488.599999904633,2321.2000002861023,3463.4000000953674,2820.099999904633,2810.4000000953674,3241.699999809265,,3607.099999904633,,,,,,,,,,,,,,,,
A1PZIN8H1VI6SY,prim,15-2,15.0,2000.0,13,2849.2000002861023,2506.699999809265,3547.9000000953674,2906.599999904633,,2362.5,,4036.7000002861023,3422.7999997138977,2257.5,2724.4000000953674,,,,,,,,,,,,,,,,
A1QRIZY9WJW3R1,prim,15-2,15.0,2000.0,4,2957.5,2627.3333333333335,3121.0,,,,,,,,,,,,,,,,,,,,,,,,
A1QRIZY9WJW3R1,prim,15-2,15.0,2000.0,5,4123.0,3385.6666666666665,1762.0,3870.0,,,,,,,,,,,,,,,,,,,,,,,
A1QRIZY9WJW3R1,prim,15-2,15.0,2000.0,6,6785.0,3376.0,3077.5,5479.0,3048.0,,,,,,,,,,,,,,,,,,,,,,
A1QRIZY9WJW3R1,prim,15-2,15.0,2000.0,7,3405.0,3075.0,3016.0,2960.777777777778,3531.6666666666665,3475.0,,,,,,,,,,,,,,,,,,,,,
A1QRIZY9WJW3R1,prim,15-2,15.0,2000.0,8,2803.1666666666665,2747.833333333333,2868.5,3407.0,3886.666666666667,4473.333333333333,3004.6666666666665,,,,,,,,,,,,,,,,,,,,
A1QRIZY9WJW3R1,prim,15-2,15.0,2000.0,9,2943.866666666667,3813.6555555555556,3261.805555555556,3393.5833333333335,3606.711111111111,3141.222222222222,4102.111111111111,3824.2666666666664,,,,,,,,,,,,,,,,,,,
A1QRIZY9WJW3R1,prim,15-2,15.0,2000.0,10,2858.6666666666665,2787.0,3254.0,2836.25,4532.166666666667,3937.5,3579.5,3394.6666666666665,2888.25,,,,,,,,,,,,,,,,,,
A1QRIZY9WJW3R1,prim,15-2,15.0,2000.0,11,3476.5,2939.75,4104.5,2409.0,3476.75,2739.0,4125.5,3960.5,4229.0,2791.5,,,,,,,,,,,,,,,,,
A1QRIZY9WJW3R1,prim,15-2,15.0,2000.0,12,2481.5,2258.0,2410.0,4031.0,2711.0,3628.0,2443.5,5225.0,2912.0,2018.5,3649.5,,,,,,,,,,,,,,,,
A1QRIZY9WJW3R1,prim,15-2,15.0,2000.0,13,1821.0,2869.0,,5637.0,5793.0,2746.0,2376.0,4297.0,,3164.0,4024.0,5202.0,,,,,,,,,,,,,,,
A1QXJZFA5NVGM3,prim,15-2,15.0,2000.0,8,3328.0,3302.25,3655.5,2303.5,3466.0,2853.0,5304.0,,,,,,,,,,,,,,,,,,,,
A1QXJZFA5NVGM3,prim,15-2,15.0,2000.0,9,4552.25,,2424.75,3487.5,3609.75,3034.25,3105.75,4786.0,,,,,,,,,,,,,,,,,,,
A1QXJZFA5NVGM3,prim,15-2,15.0,2000.0,10,3638.0,3408.375,3068.55,3825.6,3478.9,3580.125,4982.0,4352.083333333334,3717.3333333333335,,,,,,,,,,,,,,,,,,
A1QXJZFA5NVGM3,prim,15-2,15.0,2000.0,11,3641.75,3586.625,2483.166666666667,4190.875,3327.0,3172.75,4014.333333333333,4054.666666666667,5079.0,3501.875,,,,,,,,,,,,,,,,,
A1QXJZFA5NVGM3,prim,15-2,15.0,2000.0,12,5254.5,3465.5,3694.5,3831.5,4028.0,4074.75,3853.5,3679.25,3046.5,3197.0,3328.25,,,,,,,,,,,,,,,,
A1QXJZFA5NVGM3,prim,15-2,15.0,2000.0,13,3621.5,3492.5,3560.5,3685.0,3371.0,4125.0,3595.5,3170.5,4162.5,3370.5,3581.0,2767.5,,,,,,,,,,,,,,,
A1ROEDVMTO9Y3X,ns,15-2,15.0,2000.0,5,3169.1999999955297,2110.5,1792.5,1463.39999999851,,,,,,,,,,,,,,,,,,,,,,,
A1ROEDVMTO9Y3X,ns,15-2,15.0,2000.0,7,1671.3999999999069,1411.4000000003723,1756.9500000013504,1729.4499999976251,2517.0999999940395,1607.4000000015367,,,,,,,,,,,,,,,,,,,,,
A1ROEDVMTO9Y3X,ns,15-2,15.0,2000.0,8,1808.8999999996158,3225.524999999965,2488.5,3389.7749999995576,3031.0499999999884,2968.6500000000233,1576.4999999995343,,,,,,,,,,,,,,,,,,,,
A1ROEDVMTO9Y3X,ns,15-2,15.0,2000.0,9,2755.9200000025335,3509.300000004936,2041.0733333298315,2331.515000001155,1819.8333333319363,3036.8933333357177,2207.1933333312472,3163.626666664953,,,,,,,,,,,,,,,,,,,
A1ROEDVMTO9Y3X,ns,15-2,15.0,2000.0,10,1600.5000000027164,1639.0333333360031,2439.166666668607,1999.1500000067365,2576.76666666513,1691.6499999957935,2177.2666666636555,1484.3333333273574,1855.9166666718666,,,,,,,,,,,,,,,,,,
A1ROEDVMTO9Y3X,ns,15-2,15.0,2000.0,11,2183.74166666694,2326.666607140979,2424.252500001637,2360.4649999991875,1936.8738095226138,2143.678571428751,1946.9916666688805,2243.8651785718957,2667.8078571427345,2783.1800000001776,,,,,,,,,,,,,,,,,
A1ROEDVMTO9Y3X,ns,15-2,15.0,2000.0,12,2421.9111111085963,1984.263888888423,2627.48888888624,2177.4694444450756,2445.4111111095276,2092.986111111887,2408.280555555442,2465.9194444449518,2581.7722222265893,2051.3222222232985,10008.277777779536,,,,,,,,,,,,,,,,
A1ROEDVMTO9Y3X,ns,15-2,15.0,2000.0,13,2274.7000000001863,2236.5749999909895,2140.8999999969965,2125.725000011851,2493.0500000058673,1769.5250000088708,2549.22499999695,2212.6249999939464,1562.0250000089873,1825.0,2148.024999994086,1979.4000000059605,,,,,,,,,,,,,,,
A1SCF3L6LTFQHF,prim,15-2,15.0,2000.0,7,4580.799999952316,,2707.699999809265,2235.700000047684,,2798.5,,,,,,,,,,,,,,,,,,,,,
A1SCF3L6LTFQHF,prim,15-2,15.0,2000.0,8,2124.599999904633,1485.5,1038.100000023842,,2144.5500000715256,3102.5999999046326,4243.5,,,,,,,,,,,,,,,,,,,,
A1SCF3L6LTFQHF,prim,15-2,15.0,2000.0,9,3735.1999999582767,2301.2999998927116,2805.966666698456,1768.5333333412807,1984.7500000596046,3705.1999999284735,2091.899999946356,2735.700000067552,,,,,,,,,,,,,,,,,,,
A1SCF3L6LTFQHF,prim,15-2,15.0,2000.0,10,2803.4499999582767,2344.5500000417237,3296.074999988079,7469.200000047684,2085.7000000178814,1886.9999999403954,3400.0,3211.824999988079,3053.875,,,,,,,,,,,,,,,,,,
A1SCF3L6LTFQHF,prim,15-2,15.0,2000.0,11,2875.6237500051657,2774.875,3295.508750034372,2910.060000011325,2777.204999979337,2546.1250000074506,2750.343750023842,2472.781249985099,2821.48541670541,2416.2841666986546,,,,,,,,,,,,,,,,,
A1SCF3L6LTFQHF,prim,15-2,15.0,2000.0,12,2643.266666674614,1825.0500000317893,3088.8055555158194,2434.408333361149,3234.5583332975707,2599.283333361149,2469.812500019868,2828.6499999314547,2738.7055556244322,2550.929999911785,2419.358333388964,,,,,,,,,,,,,,,,
A1SCF3L6LTFQHF,prim,15-2,15.0,2000.0,13,4765.716666698456,2904.716666618983,2223.5666667222977,3186.9833332896233,2910.0166666905084,2600.1833332975707,2844.966666618983,4296.550000051658,2644.7833333412805,4027.466666618983,2303.925000011921,2071.900000055631,,,,,,,,,,,,,,,
A1SCF3L6LTFQHF,prim,15-2,15.0,2000.0,14,4185.249999920527,2863.0666666825614,3013.4500000476837,2690.4166666269302,3418.3333333333335,2936.5999999443693,3382.033333301544,3183.6833332777023,3088.6999999284744,3402.833333293597,1966.083333293597,2659.0166666507725,2679.0166666110354,,,,,,,,,,,,,,
A1T7EB1WEDCMXV,ns,15-2,15.0,2000.0,3,,4908.679999998771,,,,,,,,,,,,,,,,,,,,,,,,,
A1T7EB1WEDCMXV,ns,15-2,15.0,2000.0,6,2726.2800000007264,1692.2349999989383,,4914.899999999441,,,,,,,,,,,,,,,,,,,,,,,
A1T7EB1WEDCMXV,ns,15-2,15.0,2000.0,7,4145.914999999902,4958.819444444639,5738.671111110914,5536.05611111117,10071.89958333323,7892.572499999806,,,,,,,,,,,,,,,,,,,,,
A1T7EB1WEDCMXV,ns,15-2,15.0,2000.0,8,6068.215833333298,5251.219895833509,5458.805333333425,8656.527812500055,6119.71500000026,7771.060250000327,10461.324062499867,,,,,,,,,,,,,,,,,,,,
A1T7EB1WEDCMXV,ns,15-2,15.0,2000.0,9,3654.0085833332787,3766.1302291664488,6665.31718749983,6795.2381249999435,6817.733999999866,8439.912333333057,8929.439812499964,9811.440750000029,,,,,,,,,,,,,,,,,,,
A1T7EB1WEDCMXV,ns,15-2,15.0,2000.0,10,5070.1950000001625,4699.722499999829,5230.038437500494,6139.611249999997,6456.502812499661,7295.685624999882,5241.182499999879,5588.192916666332,17087.13520833294,,,,,,,,,,,,,,,,,,
A1T7EB1WEDCMXV,ns,15-2,15.0,2000.0,11,3458.089999999463,3656.211666666359,5068.598333332688,4315.301666666211,5715.441666667194,3071.081666666316,5301.4200000004685,6996.398333333277,6601.255000000742,6022.857500000275,,,,,,,,,,,,,,,,,
A1TR2AOKWGQ78A,ns,15-2,15.0,2000.0,2,2914.0,,,,,,,,,,,,,,,,,,,,,,,,,,
A1TR2AOKWGQ78A,ns,15-2,15.0,2000.0,3,3057.3333333333335,3664.0,,,,,,,,,,,,,,,,,,,,,,,,,
A1TR2AOKWGQ78A,ns,15-2,15.0,2000.0,4,4492.0,22773.75,5121.0,,,,,,,,,,,,,,,,,,,,,,,,
A1TR2AOKWGQ78A,ns,15-2,15.0,2000.0,5,3805.555555555555,4265.833333333333,3650.4166666666665,4451.2,,,,,,,,,,,,,,,,,,,,,,,
A1TR2AOKWGQ78A,ns,15-2,15.0,2000.0,6,2594.25,3262.375,3368.25,3604.7083333333335,3556.4,,,,,,,,,,,,,,,,,,,,,,
A1TR2AOKWGQ78A,ns,15-2,15.0,2000.0,7,4567.0,5774.0,4099.0,5630.0,5344.0,6763.0,,,,,,,,,,,,,,,,,,,,,
A1TR2AOKWGQ78A,ns,15-2,15.0,2000.0,8,3200.5,3181.0,4944.0,3454.0,4968.0,3683.5,3347.5,,,,,,,,,,,,,,,,,,,,
A1UOP419O6P55R,prim,15-2,15.0,2000.0,4,7549.5,8903.0,6245.0,,,,,,,,,,,,,,,,,,,,,,,,
A1UOP419O6P55R,prim,15-2,15.0,2000.0,6,3704.0,,,,8390.0,,,,,,,,,,,,,,,,,,,,,,
A1UOP419O6P55R,prim,15-2,15.0,2000.0,7,4650.0,4711.0,,5988.0,4975.0,8719.0,,,,,,,,,,,,,,,,,,,,,
A1UOP419O6P55R,prim,15-2,15.0,2000.0,8,6334.25,5539.833333333333,6263.333333333333,6553.0,5832.0,6029.5,7177.5,,,,,,,,,,,,,,,,,,,,
A1UOP419O6P55R,prim,15-2,15.0,2000.0,9,5969.0,4773.5,5001.5,6453.5,,4265.0,5406.0,4735.0,,,,,,,,,,,,,,,,,,,
A1UOP419O6P55R,prim,15-2,15.0,2000.0,10,5288.166666666667,5645.0,5542.5,6757.25,5899.75,5224.944444444444,4921.88888888889,4173.666666666667,6214.0,,,,,,,,,,,,,,,,,,
A1UOP419O6P55R,prim,15-2,15.0,2000.0,11,5482.277777777777,7728.083333333333,6123.0,5490.666666666667,6666.25,5557.416666666667,5362.777777777777,5526.75,4471.222222222223,3980.1666666666665,,,,,,,,,,,,,,,,,
A1UOP419O6P55R,prim,15-2,15.0,2000.0,12,6069.0,6383.0,5007.5,4489.75,5586.5,4939.25,5234.75,6279.0,4466.25,6527.5,4635.5,,,,,,,,,,,,,,,,
A1UOP419O6P55R,prim,15-2,15.0,2000.0,13,4537.0,4902.0,5507.0,5989.0,4669.0,4485.0,5777.5,5667.5,4160.0,7077.0,5095.0,5348.0,,,,,,,,,,,,,,,
A1UOP419O6P55R,prim,15-2,15.0,2000.0,14,7419.0,,5447.0,5762.0,8482.0,4465.0,4876.0,5530.0,6028.0,6789.0,7610.0,4087.0,4627.0,,,,,,,,,,,,,,
A1WM3INNDW2776,ns,15-2,15.0,2000.0,2,,,,,,,,,,,,,,,,,,,,,,,,,,,
A1WM3INNDW2776,ns,15-2,15.0,2000.0,3,5205.0,5457.0,,,,,,,,,,,,,,,,,,,,,,,,,
A1WM3INNDW2776,ns,15-2,15.0,2000.0,4,4893.11111111111,5194.277777777777,5828.0,,,,,,,,,,,,,,,,,,,,,,,,
A1WM3INNDW2776,ns,15-2,15.0,2000.0,5,4901.833333333333,11230.666666666666,7313.375,6772.75,,,,,,,,,,,,,,,,,,,,,,,
A1WM3INNDW2776,ns,15-2,15.0,2000.0,6,5223.791666666667,5232.733333333334,4969.666666666666,5737.083333333333,5374.291666666667,,,,,,,,,,,,,,,,,,,,,,
A1WM3INNDW2776,ns,15-2,15.0,2000.0,7,6807.412698412699,5188.825396825397,5899.436507936508,5703.365079365079,6481.531746031746,6793.1984126984125,,,,,,,,,,,,,,,,,,,,,
A1WM3INNDW2776,ns,15-2,15.0,2000.0,8,4462.0,7294.0,2593.0,5003.0,3758.0,5343.0,3621.0,,,,,,,,,,,,,,,,,,,,
A1Z82Y9E6YWY80,ns,15-2,15.0,2000.0,2,6841.649999856949,,,,,,,,,,,,,,,,,,,,,,,,,,
A1Z82Y9E6YWY80,ns,15-2,15.0,2000.0,3,5356.400000095367,8984.300000071526,,,,,,,,,,,,,,,,,,,,,,,,,
A1Z82Y9E6YWY80,ns,15-2,15.0,2000.0,4,12618.066666603088,5763.744444449742,6860.799999713898,,,,,,,,,,,,,,,,,,,,,,,,
A1Z82Y9E6YWY80,ns,15-2,15.0,2000.0,5,8613.650000095367,5960.600000063579,6705.549999952316,7677.683333237966,,,,,,,,,,,,,,,,,,,,,,,
A1Z82Y9E6YWY80,ns,15-2,15.0,2000.0,6,4429.199999928474,18132.700000047684,5106.0,4912.699999928474,4029.900000095368,,,,,,,,,,,,,,,,,,,,,,
A1Z82Y9E6YWY80,ns,15-2,15.0,2000.0,7,8083.505555523767,6365.233333388964,4274.400000095367,5616.050000011921,4406.91666662693,7688.575000047684,,,,,,,,,,,,,,,,,,,,,
A1Z82Y9E6YWY80,ns,15-2,15.0,2000.0,8,4423.299999952316,2906.333333412806,2696.516666809718,4462.474999964237,3376.2999999523163,3782.399999976158,4077.0999999046326,,,,,,,,,,,,,,,,,,,,
A1Z82Y9E6YWY80,ns,15-2,15.0,2000.0,9,4322.199999809265,5420.375,4434.155555645625,9331.150000035763,3609.4500001072884,6666.116666634877,5488.322222285801,5641.944444444444,,,,,,,,,,,,,,,,,,,
A1Z82Y9E6YWY80,ns,15-2,15.0,2000.0,10,5746.299999952316,4949.599999904633,7518.099999904633,3839.399999856949,4958.899999856949,,3295.7999999523163,7045.0,,,,,,,,,,,,,,,,,,,
A2113B699TVADG,prim,15-2,15.0,2000.0,6,4782.0,,3343.0,4489.0,,,,,,,,,,,,,,,,,,,,,,,
A2113B699TVADG,prim,15-2,15.0,2000.0,7,5607.0,5541.0,,3266.0,3897.5,3260.0,,,,,,,,,,,,,,,,,,,,,
A2113B699TVADG,prim,15-2,15.0,2000.0,8,3396.5,6706.0,6356.0,5447.5,4572.0,4482.0,14036.0,,,,,,,,,,,,,,,,,,,,
A2113B699TVADG,prim,15-2,15.0,2000.0,9,5520.5,8633.0,8554.5,3020.0,3207.0,8443.0,5782.5,5006.5,,,,,,,,,,,,,,,,,,,
A2113B699TVADG,prim,15-2,15.0,2000.0,10,4094.3333333333335,4756.333333333334,4731.333333333334,6421.666666666667,4893.5,4064.5,4202.25,4360.0,4034.666666666667,,,,,,,,,,,,,,,,,,
A2113B699TVADG,prim,15-2,15.0,2000.0,11,5324.75,4376.666666666666,5675.0,4584.0,4138.625,5316.25,5031.25,8882.875,4515.625,3971.25,,,,,,,,,,,,,,,,,
A2113B699TVADG,prim,15-2,15.0,2000.0,12,7894.0,4894.166666666666,3889.2,4927.375,9628.2,4435.2,5729.5,4194.125,7419.9,5311.6,5336.9,,,,,,,,,,,,,,,,
A2113B699TVADG,prim,15-2,15.0,2000.0,13,5168.0,3774.0,4514.0,5326.0,,5002.0,,3862.0,5646.0,4381.0,3490.0,7111.0,,,,,,,,,,,,,,,
A219SZBLCCCXN9,prim,15-2,15.0,2000.0,2,18728.03333334128,,,,,,,,,,,,,,,,,,,,,,,,,,
A219SZBLCCCXN9,prim,15-2,15.0,2000.0,3,20252.29999989271,,,,,,,,,,,,,,,,,,,,,,,,,,
A219SZBLCCCXN9,prim,15-2,15.0,2000.0,4,,9476.400000115236,9563.583333412806,,,,,,,,,,,,,,,,,,,,,,,,
A219SZBLCCCXN9,prim,15-2,15.0,2000.0,5,13524.299999872843,8855.799999952316,6392.411111023692,8572.433333237967,,,,,,,,,,,,,,,,,,,,,,,
A219SZBLCCCXN9,prim,15-2,15.0,2000.0,6,4060.649999856949,4351.266666889191,3716.9666668574014,3969.100000143051,3927.850000023842,,,,,,,,,,,,,,,,,,,,,,
A219SZBLCCCXN9,prim,15-2,15.0,2000.0,7,11298.825000017881,5367.422222495079,8165.388888822662,9413.666666587194,6158.183333277702,5797.844444526567,,,,,,,,,,,,,,,,,,,,,
A219SZBLCCCXN9,prim,15-2,15.0,2000.0,8,7968.900000095367,,2659.6000003814697,2993.0,3603.7999997138977,4201.299999713898,2650.199999809265,,,,,,,,,,,,,,,,,,,,
A219SZBLCCCXN9,prim,15-2,15.0,2000.0,9,2699.800000011921,,4901.799999982119,,4691.449999988079,5436.299999982119,2425.9500000029802,2697.4000000059605,,,,,,,,,,,,,,,,,,,
A219SZBLCCCXN9,prim,15-2,15.0,2000.0,10,4888.59999999404,6102.300000011921,,2543.399999976158,4896.199999988079,,2540.300000011921,,3943.299999982119,,,,,,,,,,,,,,,,,,
A219SZBLCCCXN9,prim,15-2,15.0,2000.0,11,3737.0499999821186,,2370.500000014901,2391.75,3201.2999999821186,5928.75,4615.95000000298,3603.7500000000005,7466.3499999940395,11426.35000000894,,,,,,,,,,,,,,,,,
A219SZBLCCCXN9,prim,15-2,15.0,2000.0,12,3202.0,2185.5,7658.599999994039,2562.399999976158,,3467.800000011921,3031.4000000059605,2835.7000000178814,2923.2999999821186,,6536.59999999404,,,,,,,,,,,,,,,,
A219SZBLCCCXN9,prim,15-2,15.0,2000.0,13,6284.10000000149,2834.300000011921,3032.0999999940395,3408.733333339294,2850.450000010431,5230.47500000149,4415.57499999553,4008.10000000149,8904.95000000298,3725.60000000149,3267.375,4201.9749999940395,,,,,,,,,,,,,,,
A219SZBLCCCXN9,prim,15-2,15.0,2000.0,14,2445.250000014901,3490.7500000000005,3269.0999999940395,4725.79999999702,4173.95000000298,3941.199999988079,3414.5,4008.0,3524.050000011921,2781.5499999970198,6528.650000020862,2457.5999999940395,3544.0,,,,,,,,,,,,,,
A22GYYJXTS5KBH,ns,15-2,15.0,2000.0,3,1906.499999996275,1667.2999999970198,,,,,,,,,,,,,,,,,,,,,,,,,
A22GYYJXTS5KBH,ns,15-2,15.0,2000.0,4,1966.699999999255,3399.0499999932945,3956.5,,,,,,,,,,,,,,,,,,,,,,,,
A22GYYJXTS5KBH,ns,15-2,15.0,2000.0,5,1622.699999999255,4113.091666666171,2979.883333331595,5794.875,,,,,,,,,,,,,,,,,,,,,,,
A22GYYJXTS5KBH,ns,15-2,15.0,2000.0,6,4489.0250000059605,5119.983333336811,1799.8166666751106,3186.3749999925494,2683.216666676104,,,,,,,,,,,,,,,,,,,,,,
A22GYYJXTS5KBH,ns,15-2,15.0,2000.0,7,2125.64365079112,3508.820238093003,2623.8595238070757,4132.5361111088405,7016.1333333286975,4595.69642857338,,,,,,,,,,,,,,,,,,,,,
A22GYYJXTS5KBH,ns,15-2,15.0,2000.0,8,6700.900000000994,2624.4000000047185,1443.2333333368103,4805.283333337556,3222.0333333363137,3539.6500000158944,4247.399999989818,,,,,,,,,,,,,,,,,,,,
A22GYYJXTS5KBH,ns,15-2,15.0,2000.0,9,3485.600000023842,5218.199999988079,1660.699999988079,1221.800000011921,5149.5,1282.4000000357628,,5739.5,,,,,,,,,,,,,,,,,,,
A22GYYJXTS5KBH,ns,15-2,15.0,2000.0,10,1321.9000000059605,4387.0,2893.89999999106,4798.70000000298,3931.6000000089407,,5587.29999999702,2408.89999999106,4485.70000000298,,,,,,,,,,,,,,,,,,
A22GYYJXTS5KBH,ns,15-2,15.0,2000.0,13,1967.800000011921,2380.200000047684,3438.699999988079,2345.5,1932.9000000357628,2815.300000011921,1480.699999988079,2572.0,2857.699999988079,,4201.699999988079,7279.300000011921,,,,,,,,,,,,,,,
A22Y78RVB8UFTD,ns,15-2,15.0,2000.0,4,2337.599999964237,5960.5,,,,,,,,,,,,,,,,,,,,,,,,,
A22Y78RVB8UFTD,ns,15-2,15.0,2000.0,5,3909.4749999493356,4166.200000032783,3845.6750000193715,17812.699999965727,,,,,,,,,,,,,,,,,,,,,,,
A22Y78RVB8UFTD,ns,15-2,15.0,2000.0,6,2358.1249999552965,3071.0,3314.074999988079,4098.17499999702,2850.675000011921,,,,,,,,,,,,,,,,,,,,,,
A22Y78RVB8UFTD,ns,15-2,15.0,2000.0,7,2620.5,2576.225000023842,2355.949999988079,1854.25,4136.7750000059605,4867.399999976158,,,,,,,,,,,,,,,,,,,,,
A22Y78RVB8UFTD,ns,15-2,15.0,2000.0,8,1561.0499999821186,3682.699999988079,2167.3000000417233,4988.6500000059605,14678.950000017881,7949.199999988079,3003.3000000417233,,,,,,,,,,,,,,,,,,,,
A22Y78RVB8UFTD,ns,15-2,15.0,2000.0,9,2385.424999972184,3088.1133333245916,1729.316666657726,2421.5000000099344,2285.4333333174386,3238.5966666698455,3299.3375000208616,11453.958333333334,,,,,,,,,,,,,,,,,,,
A22Y78RVB8UFTD,ns,15-2,15.0,2000.0,10,4149.0,2294.0,4990.299999952316,9685.899999976158,3345.5,2237.7999999523163,2584.5,7973.5,8429.199999928474,,,,,,,,,,,,,,,,,,
A233LLG8YAXWF,rec,15-2,15.0,2000.0,3,3394.8166666701436,5010.716666664928,,,,,,,,,,,,,,,,,,,,,,,,,
A233LLG8YAXWF,rec,15-2,15.0,2000.0,4,3298.1250000006985,5895.933333333996,6099.133333333458,,,,,,,,,,,,,,,,,,,,,,,,
A233LLG8YAXWF,rec,15-2,15.0,2000.0,5,3229.541666668529,3052.822916666822,3641.404166665782,11375.51666666707,,,,,,,,,,,,,,,,,,,,,,,
A233LLG8YAXWF,rec,15-2,15.0,2000.0,6,3596.372916669352,3147.5812499996587,5003.185416666247,4746.163888884812,6221.704166665673,,,,,,,,,,,,,,,,,,,,,,
A233LLG8YAXWF,rec,15-2,15.0,2000.0,7,2423.3305555566526,2823.472222222222,3951.9555555584116,4816.722222220566,3482.752777778854,17230.919444441795,,,,,,,,,,,,,,,,,,,,,
A233LLG8YAXWF,rec,15-2,15.0,2000.0,8,3397.800000000745,5264.39999999851,2966.449999999255,6283.500000001863,3268.599999997765,7542.049999998882,25081.300000000745,,,,,,,,,,,,,,,,,,,,
A233LLG8YAXWF,rec,15-2,15.0,2000.0,9,4555.59999999404,5148.29999999702,,3802.199999988079,3708.70000000298,1901.20000000298,,15868.0,,,,,,,,,,,,,,,,,,,
A24GX1OZE6AY04,ns,15-2,15.0,2000.0,7,1202.7000000001865,1011.7999999998136,1759.2999999998135,3830.200000000186,6276.4000000003725,,,,,,,,,,,,,,,,,,,,,,
A24GX1OZE6AY04,ns,15-2,15.0,2000.0,8,1416.1499999999069,1435.949999999255,1667.549999999348,2228.0,3372.199999999255,8747.799999999814,,,,,,,,,,,,,,,,,,,,,
A24GX1OZE6AY04,ns,15-2,15.0,2000.0,9,1207.6833333334264,1614.8666666665424,1316.2833333332092,2817.883333333613,5016.766666666759,1801.8166666664958,1731.4000000001397,1612.7333333337835,,,,,,,,,,,,,,,,,,,
A24GX1OZE6AY04,ns,15-2,15.0,2000.0,10,1466.8999999999069,2081.5666666671555,1776.5333333333256,1704.5833333334886,2391.2666666666823,2057.749999999806,3457.7000000001476,2791.616666666814,10941.63333333369,,,,,,,,,,,,,,,,,,
A24GX1OZE6AY04,ns,15-2,15.0,2000.0,11,1601.2416666666882,1502.5333333333742,1765.0041666665347,2041.1499999999942,2689.7874999999576,1756.8708333332906,1969.9055555556097,2418.5666666666316,7230.283333333267,6461.4111111111315,,,,,,,,,,,,,,,,,
A24GX1OZE6AY04,ns,15-2,15.0,2000.0,12,1574.7916666669578,1974.6000000000931,1564.5624999999031,1475.4874999999302,1749.504166666748,1988.5999999998603,2539.216666666655,3711.995833333388,3011.2416666667173,9429.966666666383,18847.20833333347,,,,,,,,,,,,,,,,
A24GX1OZE6AY04,ns,15-2,15.0,2000.0,13,1455.991666666717,3222.6604166663797,1896.777083333252,2435.3166666664183,2562.220833333461,2662.762500000157,2292.1979166664923,1651.402499999892,2474.072916666686,2165.9041666667035,7063.931250000023,9230.21666666652,,,,,,,,,,,,,,,
A24GX1OZE6AY04,ns,15-2,15.0,2000.0,14,2072.300000000163,1875.2999999998137,1333.0999999998603,2900.149999999674,1376.8000000002794,1132.3000000002794,1802.2999999999302,2865.649999999907,2700.70000000007,3044.749999999767,2649.3000000000466,40075.69999999984,6651.450000000186,,,,,,,,,,,,,,
A24GX1OZE6AY04,ns,15-2,15.0,2000.0,15,1973.5250000001397,1849.849999999511,2226.0000000003492,1314.2249999998603,2459.3749999995343,1511.624999999185,2872.8999999995576,3209.9499999999534,6241.07500000007,2676.8999999997905,2820.1999999999534,3052.9749999996275,7699.249999999884,19308.024999999674,,,,,,,,,,,,,
A26MT7KJ7NJLRN,ns,15-2,15.0,2000.0,2,5778.050000071526,,,,,,,,,,,,,,,,,,,,,,,,,,
A26MT7KJ7NJLRN,ns,15-2,15.0,2000.0,3,3804.6500000059605,32425.80000001192,,,,,,,,,,,,,,,,,,,,,,,,,
A26MT7KJ7NJLRN,ns,15-2,15.0,2000.0,4,3112.488888978958,2803.533333281676,4870.249999986754,,,,,,,,,,,,,,,,,,,,,,,,
A26MT7KJ7NJLRN,ns,15-2,15.0,2000.0,5,3933.1587499395014,3595.587500028312,8832.002777722146,18519.77499998361,,,,,,,,,,,,,,,,,,,,,,,
A26MT7KJ7NJLRN,ns,15-2,15.0,2000.0,6,4876.577777822812,4575.31666670243,2906.9333332644565,11280.077777796323,10216.599999997352,,,,,,,,,,,,,,,,,,,,,,
A26MT7KJ7NJLRN,ns,15-2,15.0,2000.0,7,2711.7833333876397,2933.4666666852104,4041.4416666825614,5604.799999965561,21429.074999994704,9543.433333396912,,,,,,,,,,,,,,,,,,,,,
A26MT7KJ7NJLRN,ns,15-2,15.0,2000.0,8,3141.7111111217073,2870.574999948343,3824.3749999801316,3997.541666726271,3222.808333436648,7471.408333321412,14461.097222248713,,,,,,,,,,,,,,,,,,,,
A26MT7KJ7NJLRN,ns,15-2,15.0,2000.0,9,2093.6750000715256,3946.724999964237,3128.8250001072884,4288.75,7507.400000035763,14206.225000023842,3994.7250000834465,8617.50000011921,,,,,,,,,,,,,,,,,,,
A26T0U2Y6LZOF3,rec,15-2,15.0,2000.0,2,6085.0,,,,,,,,,,,,,,,,,,,,,,,,,,
A26T0U2Y6LZOF3,rec,15-2,15.0,2000.0,3,6329.333333333333,3490.0,,,,,,,,,,,,,,,,,,,,,,,,,
A26T0U2Y6LZOF3,rec,15-2,15.0,2000.0,4,3717.0,2695.0,5608.0,,,,,,,,,,,,,,,,,,,,,,,,
A26T0U2Y6LZOF3,rec,15-2,15.0,2000.0,5,4838.0,9318.5,7679.5,5606.0,,,,,,,,,,,,,,,,,,,,,,,
A26T0U2Y6LZOF3,rec,15-2,15.0,2000.0,6,3698.75,4955.5,3213.5,6055.5,7913.0,,,,,,,,,,,,,,,,,,,,,,
A26T0U2Y6LZOF3,rec,15-2,15.0,2000.0,7,2875.0,,6648.0,3666.0,10221.0,4312.0,,,,,,,,,,,,,,,,,,,,,
A26T0U2Y6LZOF3,rec,15-2,15.0,2000.0,8,2883.0,3500.0,2479.0,3653.5,1790.0,2182.0,4302.5,,,,,,,,,,,,,,,,,,,,
A26T0U2Y6LZOF3,rec,15-2,15.0,2000.0,9,3346.0,2513.0,3453.5,2869.0,3532.0,2608.0,,2205.0,,,,,,,,,,,,,,,,,,,
A29J4LL0MQL3AC,prim,15-2,15.0,2000.0,5,2923.600000143051,5074.666666610788,4101.199999965727,2131.5,,,,,,,,,,,,,,,,,,,,,,,
A29J4LL0MQL3AC,prim,15-2,15.0,2000.0,6,5257.75,4062.966666698456,3571.850000023842,3604.9500000476837,3934.1999999284744,,,,,,,,,,,,,,,,,,,,,,
A29J4LL0MQL3AC,prim,15-2,15.0,2000.0,7,4179.1035714149475,4483.783333381018,3503.966666658719,3730.258333305518,4338.939285746643,4756.7714285595075,,,,,,,,,,,,,,,,,,,,,
A29J4LL0MQL3AC,prim,15-2,15.0,2000.0,8,4199.516666714102,4213.566666673869,3879.633333340287,4230.899999976158,4008.0833333184323,4006.150000008444,3333.0333333176873,,,,,,,,,,,,,,,,,,,,
A29J4LL0MQL3AC,prim,15-2,15.0,2000.0,9,3505.499999980132,3772.7400000095367,5463.939999973774,6024.283333334079,4492.800000023842,3850.105555574099,3754.149999972184,4219.905555543387,,,,,,,,,,,,,,,,,,,
A29J4LL0MQL3AC,prim,15-2,15.0,2000.0,10,3263.811111132718,4421.911111068394,4515.91111110068,4183.833333337473,3978.2916666567326,4326.683333349104,4082.3888888623983,4593.272222208894,4337.141666648288,,,,,,,,,,,,,,,,,,
A29J4LL0MQL3AC,prim,15-2,15.0,2000.0,11,4277.258333344633,2757.8500000061467,3134.500000022973,7178.216666661203,3497.2666666669147,5781.974999975413,7385.999999987893,3915.1749999877065,3996.1916666546217,11946.95000001695,,,,,,,,,,,,,,,,,
A29J4LL0MQL3AC,prim,15-2,15.0,2000.0,12,3685.300000011921,3134.7333333306015,4774.900000001615,4030.766666655118,3808.6666666734964,6294.1333333297325,5195.700000001118,3374.183333332961,8453.099999984106,3934.5000000130385,3516.549999992053,,,,,,,,,,,,,,,,
A29J4LL0MQL3AC,prim,15-2,15.0,2000.0,14,4967.949999999255,3743.25,3253.4999999981374,2708.9500000011176,3062.3499999996275,3721.4000000003725,4508.14999999851,4925.5999999996275,2465.050000000745,7109.949999999255,6483.200000001118,4160.199999999255,3022.85000000149,,,,,,,,,,,,,,
A2G4R0GS677RC2,rec,15-2,15.0,2000.0,2,5400.0,,,,,,,,,,,,,,,,,,,,,,,,,,
A2G4R0GS677RC2,rec,15-2,15.0,2000.0,3,,,,,,,,,,,,,,,,,,,,,,,,,,,
A2G4R0GS677RC2,rec,15-2,15.0,2000.0,4,3851.0,3126.0,2960.25,,,,,,,,,,,,,,,,,,,,,,,,
A2G4R0GS677RC2,rec,15-2,15.0,2000.0,5,3656.0,3152.083333333333,3410.2,5356.666666666666,,,,,,,,,,,,,,,,,,,,,,,
A2G4R0GS677RC2,rec,15-2,15.0,2000.0,6,,3461.0,,4876.0,,,,,,,,,,,,,,,,,,,,,,,
A2G4R0GS677RC2,rec,15-2,15.0,2000.0,7,3582.166666666667,4624.75,2369.166666666667,6369.166666666666,2994.833333333333,4337.5,,,,,,,,,,,,,,,,,,,,,
A2G4R0GS677RC2,rec,15-2,15.0,2000.0,8,4996.0,2600.5,1615.0,3547.0,,1925.0,3537.0,,,,,,,,,,,,,,,,,,,,
A2IV3SSVTU90BN,ns,15-2,15.0,2000.0,3,5147.0,,,,,,,,,,,,,,,,,,,,,,,,,,
A2IV3SSVTU90BN,ns,15-2,15.0,2000.0,5,7403.349999904633,3912.399999856949,5957.0,10762.350000023842,,,,,,,,,,,,,,,,,,,,,,,
A2IV3SSVTU90BN,ns,15-2,15.0,2000.0,6,4496.050000011921,6266.75,5360.0,3534.600000023842,6078.150000095367,,,,,,,,,,,,,,,,,,,,,,
A2IV3SSVTU90BN,ns,15-2,15.0,2000.0,7,5337.999999970198,4822.699999948342,3450.424999922514,5077.737500086427,4961.799999952316,6819.41666662693,,,,,,,,,,,,,,,,,,,,,
A2IV3SSVTU90BN,ns,15-2,15.0,2000.0,8,5004.816666689184,3622.38888884253,4321.155555566152,6879.505555550258,5481.705555531713,4073.0722222460645,6828.016666690509,,,,,,,,,,,,,,,,,,,,
A2IV3SSVTU90BN,ns,15-2,15.0,2000.0,9,3536.9491666694485,4564.350000017881,4638.102083298068,4781.07333330512,4306.560833354791,4629.874166621765,5526.155833351612,5854.239999890327,,,,,,,,,,,,,,,,,,,
A2IV3SSVTU90BN,ns,15-2,15.0,2000.0,10,2924.225000023842,3921.149999976158,3770.8000000317893,3242.508333325386,3551.475000023842,3418.049999992053,3179.0633334477743,3733.896666653951,7691.986666639646,,,,,,,,,,,,,,,,,,
A2IV3SSVTU90BN,ns,15-2,15.0,2000.0,11,3460.650000035763,4313.75,3489.1249998807907,3893.850000023842,3731.8499999046326,3329.82499986887,3633.0,5054.050000071526,3536.6249999403954,2985.4249999523163,,,,,,,,,,,,,,,,,
A2IV3SSVTU90BN,ns,15-2,15.0,2000.0,12,3947.900000095368,6061.699999809265,5596.200000286102,3678.7999997138977,4691.39999961853,3446.5,2926.9000000953674,4711.200000286102,1973.5,6017.0,10656.10000038147,,,,,,,,,,,,,,,,
A2KZN3UH5NGC9,rec,15-2,15.0,2000.0,7,,,,1495.1999998092651,,1713.5,,,,,,,,,,,,,,,,,,,,,
A2KZN3UH5NGC9,rec,15-2,15.0,2000.0,8,3941.050000190735,2525.7999999523163,2126.7499997615814,2857.6999999682107,2621.699999809265,3049.774999856949,3603.783333301544,,,,,,,,,,,,,,,,,,,,
A2KZN3UH5NGC9,rec,15-2,15.0,2000.0,9,2651.2250002225237,2987.8666666348777,2192.1000003814697,3485.4500000874204,3555.1333333651223,3201.4875000715256,4892.52777783076,3416.587499976158,,,,,,,,,,,,,,,,,,,
A2KZN3UH5NGC9,rec,15-2,15.0,2000.0,10,2951.681249976158,3081.2041664123535,3580.1749999523163,3482.754166404406,3030.099999964237,4308.166667143504,3795.2624999284744,5298.1875,4783.325000047684,,,,,,,,,,,,,,,,,,
A2KZN3UH5NGC9,rec,15-2,15.0,2000.0,11,3253.0583333969116,4819.583333333333,2596.094444592794,3722.5083332591585,3597.6033331765066,5366.438888947169,3188.1711111704512,4097.699999968211,3681.7555554442933,5584.186111052831,,,,,,,,,,,,,,,,,
A2KZN3UH5NGC9,rec,15-2,15.0,2000.0,12,2332.3375002145767,3410.774999976158,2386.412500023842,4771.420833349228,2942.2499998410544,7611.166666547457,4009.574999809265,2943.4250000715256,3834.550000309944,4313.562499880791,3564.1541665792465,,,,,,,,,,,,,,,,
A2KZN3UH5NGC9,rec,15-2,15.0,2000.0,13,2487.2249999046326,5135.125,4241.974999904633,2536.0,2384.625,2425.2000001271567,2455.5,2325.100000143051,2281.733333269755,3098.2000002861023,3782.0000002384186,2912.7999999523163,,,,,,,,,,,,,,,
A2KZN3UH5NGC9,rec,15-2,15.0,2000.0,14,5338.60000038147,2595.300000190735,1450.6000003814695,2258.7000007629395,2123.0999994277954,2516.0999994277954,2440.0,4123.700000762939,4747.10000038147,4722.0,4905.89999961853,2018.699999809265,2522.5,,,,,,,,,,,,,,
A2MBFIAGBPU5NG,prim,15-2,15.0,2000.0,2,,,,,,,,,,,,,,,,,,,,,,,,,,,
A2MBFIAGBPU5NG,prim,15-2,15.0,2000.0,3,5022.0,3189.0,,,,,,,,,,,,,,,,,,,,,,,,,
A2MBFIAGBPU5NG,prim,15-2,15.0,2000.0,4,4246.5,3230.666666666667,3580.0,,,,,,,,,,,,,,,,,,,,,,,,
A2MBFIAGBPU5NG,prim,15-2,15.0,2000.0,5,3514.7083333333335,3251.15,4141.375,4249.666666666667,,,,,,,,,,,,,,,,,,,,,,,
A2MBFIAGBPU5NG,prim,15-2,15.0,2000.0,6,4017.2083333333335,3367.027777777778,3441.4375,3754.9375,3997.267857142857,,,,,,,,,,,,,,,,,,,,,,
A2MBFIAGBPU5NG,prim,15-2,15.0,2000.0,7,3430.75,4657.1,3928.125,3136.75,3472.0,3284.2,,,,,,,,,,,,,,,,,,,,,
A2MBFIAGBPU5NG,prim,15-2,15.0,2000.0,8,4128.666666666666,4413.5,3094.0,3875.0,4414.5,3337.0,3770.833333333333,,,,,,,,,,,,,,,,,,,,
A2MBFIAGBPU5NG,prim,15-2,15.0,2000.0,9,3346.0,4399.0,2314.0,3284.0,3363.3333333333335,3550.3333333333335,3981.0,3791.0,,,,,,,,,,,,,,,,,,,
A2MBFIAGBPU5NG,prim,15-2,15.0,2000.0,10,3123.0,4153.0,3906.0,2355.0,4209.0,5022.0,3797.0,6174.0,,,,,,,,,,,,,,,,,,,
A2MBFIAGBPU5NG,prim,15-2,15.0,2000.0,12,4180.0,2837.0,,3661.0,4158.0,2643.0,3362.0,5394.0,4792.0,2929.0,3284.0,,,,,,,,,,,,,,,,
A2O86E23R5T4YO,prim,15-2,15.0,2000.0,4,,,,,,,,,,,,,,,,,,,,,,,,,,,
A2O86E23R5T4YO,prim,15-2,15.0,2000.0,5,2783.7000000476837,2784.9000000953674,4193.900000035763,4114.150000035763,,,,,,,,,,,,,,,,,,,,,,,
A2O86E23R5T4YO,prim,15-2,15.0,2000.0,6,3791.650000035763,11065.733333388966,4750.283333321412,4328.616666615009,3805.8000000715256,,,,,,,,,,,,,,,,,,,,,,
A2O86E23R5T4YO,prim,15-2,15.0,2000.0,7,2298.349999964237,6264.725000053644,5504.099999984105,4130.650000035763,4959.4499999980135,4532.449999928474,,,,,,,,,,,,,,,,,,,,,
A2O86E23R5T4YO,prim,15-2,15.0,2000.0,8,4541.324999958277,5781.466666638851,4372.499999970198,5100.649999976158,4391.083333293597,8145.424999952316,4891.500000039737,,,,,,,,,,,,,,,,,,,,
A2O86E23R5T4YO,prim,15-2,15.0,2000.0,9,4969.760416674118,4820.69999999553,4680.524999991059,4747.766666591167,4383.466666676104,5105.941666677594,5260.175000021855,4800.999999953641,,,,,,,,,,,,,,,,,,,
A2O86E23R5T4YO,prim,15-2,15.0,2000.0,10,6754.700000057618,3944.1250000447035,4161.716666698456,3335.9500000973544,4040.6124999821186,4214.599999989073,5368.255555563504,3742.1333333717453,5921.000000004967,,,,,,,,,,,,,,,,,,
A2O86E23R5T4YO,prim,15-2,15.0,2000.0,12,4757.500000039737,3048.2999999920526,5517.533333341281,9155.549999952316,4414.0,4945.733333349228,4570.099999904633,3653.0999999841056,3621.0000000596046,4759.233333349228,3399.8499999046326,,,,,,,,,,,,,,,,
A2PTABUVOUYAH5,ns,15-2,15.0,2000.0,3,2471.400000035763,4659.300000011921,,,,,,,,,,,,,,,,,,,,,,,,,
A2PTABUVOUYAH5,ns,15-2,15.0,2000.0,4,1258.7000000476835,5490.299999952316,2014.8000000715256,,,,,,,,,,,,,,,,,,,,,,,,
A2PTABUVOUYAH5,ns,15-2,15.0,2000.0,5,2218.0999999920527,3036.819999976953,4608.129999983311,16067.42499998212,,,,,,,,,,,,,,,,,,,,,,,
A2PTABUVOUYAH5,ns,15-2,15.0,2000.0,6,2201.537500002732,2254.74583331123,2522.012499990563,2036.5949999908607,2103.779166669895,,,,,,,,,,,,,,,,,,,,,,
A2PTABUVOUYAH5,ns,15-2,15.0,2000.0,7,1815.4333332975705,2086.233333359162,1704.6166666646798,2149.666666676601,2731.216666688522,1970.9166666467984,,,,,,,,,,,,,,,,,,,,,
A2PTABUVOUYAH5,ns,15-2,15.0,2000.0,8,1984.1133333255848,2151.0550000096364,1941.2749999945363,1673.2158333256841,2535.438333348433,2885.2083333373066,7269.865833345056,,,,,,,,,,,,,,,,,,,,
A2PTABUVOUYAH5,ns,15-2,15.0,2000.0,9,1688.9249999821184,2235.3500000089407,1302.800000011921,2154.75,1237.6000000089407,2948.7749999910593,2721.825000010431,2129.950000010431,,,,,,,,,,,,,,,,,,,
A2PTABUVOUYAH5,ns,15-2,15.0,2000.0,10,2735.3500000089407,1698.90000000596,2519.7999999970198,2558.3499999791384,3920.9500000029802,2470.6499999910593,3986.499999985099,1451.25,2899.8999999910593,,,,,,,,,,,,,,,,,,
A2R75YFKVALBXE,rec,15-2,15.0,2000.0,5,2140.400000035763,2404.300000011921,4364.900000035763,2954.2999999523163,,,,,,,,,,,,,,,,,,,,,,,
A2R75YFKVALBXE,rec,15-2,15.0,2000.0,6,8376.833333313467,2967.100000023842,5527.633333365123,7989.966666678588,2922.5,,,,,,,,,,,,,,,,,,,,,,
A2R75YFKVALBXE,rec,15-2,15.0,2000.0,7,2989.808333337307,4207.199999978145,6135.033333311478,5459.741666654746,10117.77499999106,9343.333333343267,,,,,,,,,,,,,,,,,,,,,
A2R75YFKVALBXE,rec,15-2,15.0,2000.0,8,3332.120833354692,4473.941666680077,5838.949999988079,5398.395833343267,6945.312499992549,5170.949999983111,13338.720833343765,,,,,,,,,,,,,,,,,,,,
A2R75YFKVALBXE,rec,15-2,15.0,2000.0,9,2691.060000002384,2431.1200000286103,5895.339999979735,6182.870000004768,5118.810000002384,5751.7,13050.92999999523,12787.359999990464,,,,,,,,,,,,,,,,,,,
A2RU1Q3C9VHBAO,prim,15-2,15.0,2000.0,3,,4110.0,,,,,,,,,,,,,,,,,,,,,,,,,
A2RU1Q3C9VHBAO,prim,15-2,15.0,2000.0,5,3128.5,3102.5,2884.5,14894.0,,,,,,,,,,,,,,,,,,,,,,,
A2RU1Q3C9VHBAO,prim,15-2,15.0,2000.0,6,3205.8333333333335,4641.5,2793.5,15737.666666666666,3896.3333333333335,,,,,,,,,,,,,,,,,,,,,,
A2RU1Q3C9VHBAO,prim,15-2,15.0,2000.0,7,5024.166666666666,2791.875,3088.3333333333335,2861.2083333333335,3215.875,4843.583333333333,,,,,,,,,,,,,,,,,,,,,
A2RU1Q3C9VHBAO,prim,15-2,15.0,2000.0,8,3180.5,3508.0833333333335,3530.8888888888887,3225.1666666666665,3728.479166666667,3465.875,4053.979166666667,,,,,,,,,,,,,,,,,,,,
A2RU1Q3C9VHBAO,prim,15-2,15.0,2000.0,9,16434.583333333332,2770.722222222222,3940.5,2173.0,3785.6666666666665,4603.333333333333,4157.666666666667,3343.1111111111113,,,,,,,,,,,,,,,,,,,
A2RU1Q3C9VHBAO,prim,15-2,15.0,2000.0,10,2686.5833333333335,3230.1111111111113,2620.25,3698.5,3377.375,3285.0416666666665,4111.625,3352.0833333333335,3110.458333333333,,,,,,,,,,,,,,,,,,
A2RU1Q3C9VHBAO,prim,15-2,15.0,2000.0,11,2928.0,2296.3333333333335,3071.0833333333335,2748.0,3640.25,3283.0,3413.3333333333335,2441.555555555555,2722.5,3979.416666666667,,,,,,,,,,,,,,,,,
A2RVG8Y97DE0GM,prim,15-2,15.0,2000.0,4,,,2676.4000000003725,,,,,,,,,,,,,,,,,,,,,,,,
A2RVG8Y97DE0GM,prim,15-2,15.0,2000.0,5,13522.30000000447,5046.4000000059605,3900.600000023842,4157.400000035763,,,,,,,,,,,,,,,,,,,,,,,
A2RVG8Y97DE0GM,prim,15-2,15.0,2000.0,6,2866.499999905005,4502.500000017695,2909.399999976158,,3323.599999904633,,,,,,,,,,,,,,,,,,,,,,
A2RVG8Y97DE0GM,prim,15-2,15.0,2000.0,7,3784.5,,6879.899999976158,,,6494.699999988079,,,,,,,,,,,,,,,,,,,,,
A2RVG8Y97DE0GM,prim,15-2,15.0,2000.0,8,3400.9500000001863,3517.200000095181,3342.5,4710.350000000093,3716.9000000236565,2654.9500000001863,,,,,,,,,,,,,,,,,,,,,
A2RVG8Y97DE0GM,prim,15-2,15.0,2000.0,9,3578.2000000278153,8338.350000023842,3644.422222221891,5044.866666691999,3527.933333312472,3717.424999989569,3254.1500000109277,4022.683333285153,,,,,,,,,,,,,,,,,,,
A2RVG8Y97DE0GM,prim,15-2,15.0,2000.0,10,2935.1250000298023,3656.983333359162,3870.1250000229725,3601.170833337742,3553.1416666656733,3370.0833333445094,3496.8291666860073,2758.9500000178814,6120.262499984354,,,,,,,,,,,,,,,,,,
A2RVG8Y97DE0GM,prim,15-2,15.0,2000.0,11,4141.008333344323,3889.7333333371207,3960.749999998293,5536.133333338425,3689.522222215724,4342.841666669585,6183.616666671717,3129.944444447756,3433.4777777759978,3189.4777777803442,,,,,,,,,,,,,,,,,
A2RVG8Y97DE0GM,prim,15-2,15.0,2000.0,12,3453.774999968009,3620.524999991758,3296.2833333391077,3258.849999968273,3988.974999967264,3002.4000000082888,2899.1999999902523,3953.6666666269302,4532.224999974016,7371.05000000447,3605.4749999635387,,,,,,,,,,,,,,,,
A2RVG8Y97DE0GM,prim,15-2,15.0,2000.0,13,3911.400000014575,3604.3124999979045,3300.9499999808613,3819.550000008894,4181.237499961397,3373.975000020815,3483.94999997993,2913.5250000003725,3158.787500021048,2921.6125000114553,2795.3499999872874,3053.266666665984,,,,,,,,,,,,,,,
A2RVG8Y97DE0GM,prim,15-2,15.0,2000.0,14,2847.6000000089407,6292.433333352208,3314.7333333144584,2855.700000025332,3876.533333301544,3420.6500000059605,2871.2999999970198,3305.8666666348777,3526.1666666666665,2851.7666666557393,3086.3333333283663,3262.1333332707486,2614.5333333412805,,,,,,,,,,,,,,
A2UJ9GDNVPX99C,prim,15-2,15.0,2000.0,3,,4676.5,,,,,,,,,,,,,,,,,,,,,,,,,
A2UJ9GDNVPX99C,prim,15-2,15.0,2000.0,4,2367.0,4781.0,5077.5,,,,,,,,,,,,,,,,,,,,,,,,
A2UJ9GDNVPX99C,prim,15-2,15.0,2000.0,5,3014.3333333333335,3206.5,3550.555555555555,4603.833333333333,,,,,,,,,,,,,,,,,,,,,,,
A2UJ9GDNVPX99C,prim,15-2,15.0,2000.0,6,3234.625,4074.0,2752.0833333333335,2837.6666666666665,3077.3333333333335,,,,,,,,,,,,,,,,,,,,,,
A2UJ9GDNVPX99C,prim,15-2,15.0,2000.0,7,2314.6666666666665,2996.5,3746.0,4203.666666666667,3150.3333333333335,13762.166666666666,,,,,,,,,,,,,,,,,,,,,
A2UJ9GDNVPX99C,prim,15-2,15.0,2000.0,8,3728.625,3168.208333333333,3494.6458333333335,4407.777777777778,3661.3125,2895.9375,3369.9166666666665,,,,,,,,,,,,,,,,,,,,
A2UJ9GDNVPX99C,prim,15-2,15.0,2000.0,9,3010.0,3183.5,3300.25,2463.1666666666665,2859.5,3709.6666666666665,4615.0,5480.0,,,,,,,,,,,,,,,,,,,
A2UJ9GDNVPX99C,prim,15-2,15.0,2000.0,10,4214.5,2212.0,4424.0,2740.0,4433.0,4143.0,2572.0,2127.0,3059.0,,,,,,,,,,,,,,,,,,
A2UJ9GDNVPX99C,prim,15-2,15.0,2000.0,11,3607.0,2442.0,3057.0,2936.3333333333335,2832.3333333333335,3773.3333333333335,4222.333333333333,3404.3333333333335,5162.666666666667,2828.6666666666665,,,,,,,,,,,,,,,,,
A2UYZFH5VT5R3H,rec,15-2,15.0,2000.0,4,3660.0499999821186,3642.5,7010.0,,,,,,,,,,,,,,,,,,,,,,,,
A2UYZFH5VT5R3H,rec,15-2,15.0,2000.0,5,3300.4249999672174,3281.916666676601,6172.9000000059605,3728.7000000178814,,,,,,,,,,,,,,,,,,,,,,,
A2UYZFH5VT5R3H,rec,15-2,15.0,2000.0,6,3339.9749999791384,3769.4250000243383,3816.735833352059,3234.441666672627,5755.925000011921,,,,,,,,,,,,,,,,,,,,,,
A2UYZFH5VT5R3H,rec,15-2,15.0,2000.0,7,2996.306250008444,3782.0574999928476,3386.078333317737,3082.345833338797,3817.687500014901,5936.430000005662,,,,,,,,,,,,,,,,,,,,,
A2UYZFH5VT5R3H,rec,15-2,15.0,2000.0,8,2780.4888888862392,3061.183333333996,3216.1083333293595,3281.0222222175857,4270.680555545622,6686.527777774467,3962.36666666468,,,,,,,,,,,,,,,,,,,,
A2UYZFH5VT5R3H,rec,15-2,15.0,2000.0,9,4142.377777761883,2342.961111101839,3139.3777778016197,4835.074999998013,3973.3166666825614,3686.7333333293595,3997.6888889140555,5820.416666666667,,,,,,,,,,,,,,,,,,,
A2UYZFH5VT5R3H,rec,15-2,15.0,2000.0,10,1982.6000000238416,1653.2999999523165,3188.899999976158,4152.600000023842,1733.1999999284744,3498.2999999523163,2935.700000047684,5885.5,,,,,,,,,,,,,,,,,,,
A2Y8LZS5C81O25,prim,15-2,15.0,2000.0,4,5453.166666666667,6949.5,5853.166666666667,,,,,,,,,,,,,,,,,,,,,,,,
A2Y8LZS5C81O25,prim,15-2,15.0,2000.0,5,4547.222222222222,4811.722222222222,5141.722222222223,12472.083333333334,,,,,,,,,,,,,,,,,,,,,,,
A2Y8LZS5C81O25,prim,15-2,15.0,2000.0,6,5984.705357142857,4802.520833333333,4933.116071428572,5479.870833333333,7778.357142857143,,,,,,,,,,,,,,,,,,,,,,
A2Y8LZS5C81O25,prim,15-2,15.0,2000.0,7,4331.458333333333,4931.041666666667,5088.708333333333,4071.5,4359.833333333333,4720.708333333333,,,,,,,,,,,,,,,,,,,,,
A2Y8LZS5C81O25,prim,15-2,15.0,2000.0,8,4853.875,4808.75,5998.0,5380.875,4436.75,7186.125,4789.25,,,,,,,,,,,,,,,,,,,,
A2Y8LZS5C81O25,prim,15-2,15.0,2000.0,9,5760.0,,6006.0,3753.0,3810.0,5558.0,5794.0,4441.0,,,,,,,,,,,,,,,,,,,
A2Y8LZS5C81O25,prim,15-2,15.0,2000.0,10,4344.0,5574.0,5078.5,5264.5,4804.5,4994.5,5322.5,5854.0,4746.5,,,,,,,,,,,,,,,,,,
A30NL5N71G2YAU,ns,15-2,15.0,2000.0,4,5084.200000286102,6324.450000047684,4761.900000095367,,,,,,,,,,,,,,,,,,,,,,,,
A30NL5N71G2YAU,ns,15-2,15.0,2000.0,5,3596.8666667938232,4188.049999952316,4310.25,4331.375000476837,,,,,,,,,,,,,,,,,,,,,,,
A30NL5N71G2YAU,ns,15-2,15.0,2000.0,6,4179.272222095066,5073.016666889191,25192.199999809265,4309.899999936421,3925.2000002861023,,,,,,,,,,,,,,,,,,,,,,
A30NL5N71G2YAU,ns,15-2,15.0,2000.0,7,4451.600000143051,4281.566666603088,4556.249999761581,8506.816666762033,6038.35000038147,5768.599999904633,,,,,,,,,,,,,,,,,,,,,
A30NL5N71G2YAU,ns,15-2,15.0,2000.0,8,4801.133333285649,4419.124999973509,5068.279999923706,3742.6333332856498,4002.6166667408415,4316.855555693309,4886.262499570847,,,,,,,,,,,,,,,,,,,,
A30NL5N71G2YAU,ns,15-2,15.0,2000.0,9,4611.355555428399,4001.399999976158,4294.416666547458,4488.816666603088,5591.266666836208,5836.268749952316,4624.500000079473,5219.6833330790205,,,,,,,,,,,,,,,,,,,
A30NL5N71G2YAU,ns,15-2,15.0,2000.0,10,3763.9666665395102,2577.1500000953674,4186.983333269754,5013.508333365122,4226.722222010295,4459.158333301544,3724.3444446457756,5719.275000095367,5263.11111105813,,,,,,,,,,,,,,,,,,
A30NL5N71G2YAU,ns,15-2,15.0,2000.0,11,4973.866666634877,4653.700000127156,4392.900000095367,4968.316666444142,5286.199999968211,4466.0,5999.4833335876465,6944.799999872844,3944.550000190735,6635.383333206177,,,,,,,,,,,,,,,,,
A310Y949ILSN3P,prim,15-2,15.0,2000.0,6,,,,,5011.0,,,,,,,,,,,,,,,,,,,,,,
A310Y949ILSN3P,prim,15-2,15.0,2000.0,8,1378.5,1912.75,2550.0,2866.5,1926.0,2774.5,1937.5,,,,,,,,,,,,,,,,,,,,
A310Y949ILSN3P,prim,15-2,15.0,2000.0,9,3784.125,2591.277777777778,3323.3333333333335,2444.8333333333335,3647.9583333333335,2797.1666666666665,3593.25,3851.8333333333335,,,,,,,,,,,,,,,,,,,
A310Y949ILSN3P,prim,15-2,15.0,2000.0,10,2359.277777777778,4020.055555555555,2918.75,2711.333333333333,2461.555555555555,3856.0,2493.722222222222,2455.1666666666665,3019.3333333333335,,,,,,,,,,,,,,,,,,
A310Y949ILSN3P,prim,15-2,15.0,2000.0,11,3152.5,3174.125,3486.0,1975.5,1871.125,1473.1666666666667,2832.6666666666665,2003.375,2662.916666666667,2830.555555555556,,,,,,,,,,,,,,,,,
A310Y949ILSN3P,prim,15-2,15.0,2000.0,12,2351.25,2671.4666666666667,3230.125,2773.375,2842.425,3378.0583333333334,3202.9375,2673.375,2702.05,2718.2916666666665,4134.025,,,,,,,,,,,,,,,,
A310Y949ILSN3P,prim,15-2,15.0,2000.0,13,3186.9166666666665,2607.875,2460.25,3957.6666666666665,2928.0,2981.75,2414.5,2515.944444444445,2496.0,3225.0833333333335,3322.8333333333335,2081.5833333333335,,,,,,,,,,,,,,,
A310Y949ILSN3P,prim,15-2,15.0,2000.0,14,1661.0,1139.0,1828.0,3355.0,2748.0,4373.0,2419.0,1422.0,2046.0,2391.0,2895.0,2111.0,4672.0,,,,,,,,,,,,,,
A31P78W9ZCQXCS,ns,15-2,15.0,2000.0,2,4030.0,,,,,,,,,,,,,,,,,,,,,,,,,,
A31P78W9ZCQXCS,ns,15-2,15.0,2000.0,3,4121.916666666667,6981.111111111112,,,,,,,,,,,,,,,,,,,,,,,,,
A31P78W9ZCQXCS,ns,15-2,15.0,2000.0,4,10056.666666666666,7282.333333333333,11773.416666666668,,,,,,,,,,,,,,,,,,,,,,,,
A31P78W9ZCQXCS,ns,15-2,15.0,2000.0,5,4679.444444444444,5525.0,5275.888888888889,4605.833333333333,,,,,,,,,,,,,,,,,,,,,,,
A31P78W9ZCQXCS,ns,15-2,15.0,2000.0,6,3029.0,7630.0,3539.583333333333,3741.666666666667,6423.333333333333,,,,,,,,,,,,,,,,,,,,,,
A31P78W9ZCQXCS,ns,15-2,15.0,2000.0,7,5024.0,2282.0,,3865.0,23572.0,4441.0,,,,,,,,,,,,,,,,,,,,,
A31P78W9ZCQXCS,ns,15-2,15.0,2000.0,8,4063.75,3215.0,2955.0,4276.75,4827.0,7358.5,2859.75,,,,,,,,,,,,,,,,,,,,
A31P78W9ZCQXCS,ns,15-2,15.0,2000.0,9,4926.5,4347.333333333333,3248.3333333333335,5958.0,3117.3333333333335,3437.3333333333335,4156.0,3410.0,,,,,,,,,,,,,,,,,,,
A31P78W9ZCQXCS,ns,15-2,15.0,2000.0,10,,4509.0,7219.0,14300.0,2825.0,4327.0,3657.0,4870.0,3211.0,,,,,,,,,,,,,,,,,,
A347RDI3HZOUCY,prim,15-2,15.0,2000.0,4,2674.0,3185.8333333333335,3925.0,,,,,,,,,,,,,,,,,,,,,,,,
A347RDI3HZOUCY,prim,15-2,15.0,2000.0,5,3686.0,2950.5,18765.0,,,,,,,,,,,,,,,,,,,,,,,,
A347RDI3HZOUCY,prim,15-2,15.0,2000.0,6,2477.0,,,3334.0,2130.0,,,,,,,,,,,,,,,,,,,,,,
A347RDI3HZOUCY,prim,15-2,15.0,2000.0,7,3604.6666666666665,3030.5,2438.0,2741.25,2501.25,3247.0,,,,,,,,,,,,,,,,,,,,,
A347RDI3HZOUCY,prim,15-2,15.0,2000.0,8,3792.6875,3379.375,2930.9,3638.75,2771.633333333333,2968.625,2343.6875,,,,,,,,,,,,,,,,,,,,
A347RDI3HZOUCY,prim,15-2,15.0,2000.0,9,4300.533333333334,3433.288888888889,2948.0,3141.1388888888887,4250.222222222222,2983.8888888888887,3269.4166666666665,3049.222222222222,,,,,,,,,,,,,,,,,,,
A347RDI3HZOUCY,prim,15-2,15.0,2000.0,10,3075.3333333333335,3373.75,2891.875,3060.125,3666.75,3637.625,2737.625,3019.0,2735.0,,,,,,,,,,,,,,,,,,
A347RDI3HZOUCY,prim,15-2,15.0,2000.0,11,2983.3333333333335,3413.555555555555,4213.333333333333,3274.055555555555,3128.3333333333335,2900.8333333333335,3406.944444444445,3153.944444444445,3013.777777777778,2981.0,,,,,,,,,,,,,,,,,
A347RDI3HZOUCY,prim,15-2,15.0,2000.0,12,2879.0,3377.0,3395.0,2399.5,3127.0,2896.5,2493.0,2799.5,3631.5,3797.5,2363.5,,,,,,,,,,,,,,,,
A347RDI3HZOUCY,prim,15-2,15.0,2000.0,13,,,2753.0,3713.0,2989.0,3010.0,3804.0,4044.0,3224.0,3155.0,3012.0,4874.0,,,,,,,,,,,,,,,
A34HQHGLIW1FYS,ns,15-2,15.0,2000.0,3,7019.475000008941,5502.600000023842,,,,,,,,,,,,,,,,,,,,,,,,,
A34HQHGLIW1FYS,ns,15-2,15.0,2000.0,5,6271.899999976158,,14467.79999998212,6972.850000053644,,,,,,,,,,,,,,,,,,,,,,,
A34HQHGLIW1FYS,ns,15-2,15.0,2000.0,6,8912.160000002385,,7504.6250000447035,6320.5250000059605,9531.249999970198,,,,,,,,,,,,,,,,,,,,,,
A34HQHGLIW1FYS,ns,15-2,15.0,2000.0,7,5672.575000017881,4558.449999988079,5376.949999988079,3250.3999999910593,4993.774999991059,10104.59999999404,,,,,,,,,,,,,,,,,,,,,
A34HQHGLIW1FYS,ns,15-2,15.0,2000.0,8,3826.800000011921,5667.675000041723,10426.800000001987,2561.550000011921,4498.96666665872,7058.833333308498,7392.7833333313465,,,,,,,,,,,,,,,,,,,,
A34HQHGLIW1FYS,ns,15-2,15.0,2000.0,9,5084.416666656733,3853.2777777910233,6101.066666652759,5404.194444427888,3739.391666650772,4081.500000009934,6378.899999971191,6323.999999993376,,,,,,,,,,,,,,,,,,,
A34HQHGLIW1FYS,ns,15-2,15.0,2000.0,10,2896.2666666805744,3139.6500000059605,5263.094444461995,8385.13333335022,4405.733333349228,4971.511111127005,3815.233333349228,4702.944444437821,4647.083333313465,,,,,,,,,,,,,,,,,,
A34HQHGLIW1FYS,ns,15-2,15.0,2000.0,11,5259.049999982119,5272.449999988079,11088.166666666666,4357.16666662693,3667.1333333055177,5981.833333353202,4310.600000023842,5003.599999964237,5693.633333305518,4254.866666634877,,,,,,,,,,,,,,,,,
A34HQHGLIW1FYS,ns,15-2,15.0,2000.0,12,7534.933333377044,4248.849999964237,3492.316666662693,4282.322222222884,3236.833333313465,3497.4000000059605,2938.7555555668146,3518.0166666656733,4249.6999999980135,4200.788888904784,6217.966666688521,,,,,,,,,,,,,,,,
A34HQHGLIW1FYS,ns,15-2,15.0,2000.0,13,3309.3999999165535,6078.199999988079,3785.6999999284744,5018.25,3997.7999999523163,3485.9500000476837,5289.75,3491.100000023842,4221.300000011921,4114.900000035763,9415.5,6767.099999904633,,,,,,,,,,,,,,,
A34IPEKX5WXJIN,prim,15-2,15.0,2000.0,3,,2541.0,,,,,,,,,,,,,,,,,,,,,,,,,
A34IPEKX5WXJIN,prim,15-2,15.0,2000.0,4,,,3820.0,,,,,,,,,,,,,,,,,,,,,,,,
A34IPEKX5WXJIN,prim,15-2,15.0,2000.0,5,6280.0,5944.5,5303.0,5667.0,,,,,,,,,,,,,,,,,,,,,,,
A34IPEKX5WXJIN,prim,15-2,15.0,2000.0,6,4629.25,3631.5,4829.666666666666,3378.75,3857.5,,,,,,,,,,,,,,,,,,,,,,
A34IPEKX5WXJIN,prim,15-2,15.0,2000.0,7,2766.375,3321.625,2260.1666666666665,3549.1666666666665,3453.2083333333335,3273.541666666667,,,,,,,,,,,,,,,,,,,,,
A34IPEKX5WXJIN,prim,15-2,15.0,2000.0,8,2939.25,2585.0,2188.75,2482.05,1947.375,2200.375,3055.375,,,,,,,,,,,,,,,,,,,,
A34IPEKX5WXJIN,prim,15-2,15.0,2000.0,9,2524.1499999999996,3984.133333333333,2916.366666666667,2355.75,3022.2666666666664,4443.429166666667,2761.7166666666667,3427.975,,,,,,,,,,,,,,,,,,,
A34IPEKX5WXJIN,prim,15-2,15.0,2000.0,10,2487.722222222222,2984.6111111111113,3333.555555555555,3440.6666666666665,2430.555555555555,3115.6111111111113,2809.6666666666665,3284.277777777778,3453.444444444445,,,,,,,,,,,,,,,,,,
A34IPEKX5WXJIN,prim,15-2,15.0,2000.0,11,4814.0,1477.0,3979.0,2044.0,4307.0,2330.0,1511.0,1857.0,3458.0,2919.0,,,,,,,,,,,,,,,,,
A34YNEN8UUI3CD,ns,15-2,15.0,2000.0,2,1490.4000000059605,,,,,,,,,,,,,,,,,,,,,,,,,,
A34YNEN8UUI3CD,ns,15-2,15.0,2000.0,3,1744.1249999906868,1405.4333333298564,,,,,,,,,,,,,,,,,,,,,,,,,
A34YNEN8UUI3CD,ns,15-2,15.0,2000.0,4,1884.9333333385487,2001.033333338797,4473.3050000019375,,,,,,,,,,,,,,,,,,,,,,,,
A34YNEN8UUI3CD,ns,15-2,15.0,2000.0,5,1828.2479166650835,1915.6270833296392,1874.6833333438262,3627.5666666732477,,,,,,,,,,,,,,,,,,,,,,,
A34YNEN8UUI3CD,ns,15-2,15.0,2000.0,6,1727.4124999971439,1580.5416666672877,1598.3999999923012,2520.5791666650525,6834.870833333582,,,,,,,,,,,,,,,,,,,,,,
A34YNEN8UUI3CD,ns,15-2,15.0,2000.0,7,1527.6249999962747,1551.8374999891967,1978.1499999947846,1795.762499999255,2129.1375000029802,2038.7874999959022,,,,,,,,,,,,,,,,,,,,,
A34YNEN8UUI3CD,ns,15-2,15.0,2000.0,8,1262.0,1322.550000011921,1238.2500000298023,1469.8500000238419,2687.0999999940395,1777.8999999761581,1415.9500000178814,,,,,,,,,,,,,,,,,,,,
A35VI4SE31HD17,prim,15-2,15.0,2000.0,2,4728.5,,,,,,,,,,,,,,,,,,,,,,,,,,
A35VI4SE31HD17,prim,15-2,15.0,2000.0,3,4307.916666666667,4286.59999999404,,,,,,,,,,,,,,,,,,,,,,,,,
A35VI4SE31HD17,prim,15-2,15.0,2000.0,4,7772.100000000559,6792.7833333285525,5492.537500008475,,,,,,,,,,,,,,,,,,,,,,,,
A35VI4SE31HD17,prim,15-2,15.0,2000.0,5,5653.474999991711,4378.849999999395,7244.287499987986,5907.225000023842,,,,,,,,,,,,,,,,,,,,,,,
A35VI4SE31HD17,prim,15-2,15.0,2000.0,6,4674.441666672006,4310.662500005681,6949.843749996275,4809.733333331843,5885.005555547981,,,,,,,,,,,,,,,,,,,,,,
A35VI4SE31HD17,prim,15-2,15.0,2000.0,7,6268.449999997858,5669.716666663609,10153.375000004191,7491.6999999980135,5751.800000005712,6804.862500006915,,,,,,,,,,,,,,,,,,,,,
A35VI4SE31HD17,prim,15-2,15.0,2000.0,8,3634.0,,5230.30000000447,8852.800000011921,5000.95000000298,,13744.94999999553,,,,,,,,,,,,,,,,,,,,
A35VI4SE31HD17,prim,15-2,15.0,2000.0,9,8276.79999999702,8673.64999999851,,2861.39999999851,7154.64999999851,6047.699999988079,9950.35000000149,4639.70000000298,,,,,,,,,,,,,,,,,,,
A35VI4SE31HD17,prim,15-2,15.0,2000.0,10,9758.0,5962.666666666667,3864.5333333363137,5714.266666675608,4633.400000000994,5753.000000004967,5195.399999996026,4442.000000009934,3669.0333333263793,,,,,,,,,,,,,,,,,,
A36S0DI86PL4J6,prim,15-2,15.0,2000.0,4,,5560.0,,,,,,,,,,,,,,,,,,,,,,,,,
A36S0DI86PL4J6,prim,15-2,15.0,2000.0,5,4146.5,4599.0,3719.0,4733.0,,,,,,,,,,,,,,,,,,,,,,,
A36S0DI86PL4J6,prim,15-2,15.0,2000.0,6,,7468.0,11180.0,6630.75,,,,,,,,,,,,,,,,,,,,,,,
A36S0DI86PL4J6,prim,15-2,15.0,2000.0,7,5502.75,5791.0,7679.75,8934.5,4039.0,7034.0,,,,,,,,,,,,,,,,,,,,,
A36S0DI86PL4J6,prim,15-2,15.0,2000.0,8,6440.75,6149.0,5887.5,4963.375,6799.4,6240.75,5545.25,,,,,,,,,,,,,,,,,,,,
A36S0DI86PL4J6,prim,15-2,15.0,2000.0,9,5989.166666666667,5821.458333333334,6989.666666666666,4547.041666666667,5987.0,5968.61111111111,6510.25,6350.1875,,,,,,,,,,,,,,,,,,,
A36S0DI86PL4J6,prim,15-2,15.0,2000.0,10,5086.083333333333,4516.083333333333,6104.208333333333,7910.875,5427.875,6006.291666666667,7274.083333333333,6289.416666666667,5294.854166666667,,,,,,,,,,,,,,,,,,
A36S0DI86PL4J6,prim,15-2,15.0,2000.0,11,5277.0,5349.0,4797.0,4190.666666666667,6062.666666666667,4657.666666666667,4902.0,6443.0,5129.833333333333,5095.666666666667,,,,,,,,,,,,,,,,,
A36S0DI86PL4J6,prim,15-2,15.0,2000.0,12,6459.0,,3497.0,5489.0,,7340.0,5686.0,5124.0,7332.0,5284.0,3274.0,,,,,,,,,,,,,,,,
A36S0DI86PL4J6,prim,15-2,15.0,2000.0,13,,5177.0,8517.0,8709.0,3811.0,7743.0,8524.0,6096.0,4334.0,4528.0,6892.0,6428.0,,,,,,,,,,,,,,,
A384KX8MUIJSTJ,ns,15-2,15.0,2000.0,4,5849.250000238419,,,,,,,,,,,,,,,,,,,,,,,,,,
A384KX8MUIJSTJ,ns,15-2,15.0,2000.0,5,4045.7999997138977,3455.5,,6550.900000095367,,,,,,,,,,,,,,,,,,,,,,,
A384KX8MUIJSTJ,ns,15-2,15.0,2000.0,6,4599.349999785423,2338.3999996185303,3813.5500000715256,4599.2666664123535,4898.150000015895,,,,,,,,,,,,,,,,,,,,,,
A384KX8MUIJSTJ,ns,15-2,15.0,2000.0,7,4263.000000238419,7409.849999904632,4603.75,5794.850000143051,6372.200000047684,,,,,,,,,,,,,,,,,,,,,,
A384KX8MUIJSTJ,ns,15-2,15.0,2000.0,8,5504.133333365123,4741.341666658719,3523.8499998251596,4323.416666666666,7039.283333222071,5944.625000119209,8456.0,,,,,,,,,,,,,,,,,,,,
A384KX8MUIJSTJ,ns,15-2,15.0,2000.0,9,4367.045833349228,4556.9750000834465,4510.025000035763,4314.104166785876,6357.833333273728,5000.291666666667,6331.687500059605,8205.474999984104,,,,,,,,,,,,,,,,,,,
A384KX8MUIJSTJ,ns,15-2,15.0,2000.0,10,4911.954166710377,4215.614583233993,4243.7749999165535,5416.172916650772,4891.468749821186,4021.7812498807907,4957.15625,6392.820833226045,6124.908333301544,,,,,,,,,,,,,,,,,,
A384KX8MUIJSTJ,ns,15-2,15.0,2000.0,11,4288.462500095367,3407.0388890372383,3453.7166665395102,5644.237499952316,3925.099999964237,4369.325000166893,4043.024999976158,4382.912499845028,4050.572222073873,5401.329166491826,,,,,,,,,,,,,,,,,
A384KX8MUIJSTJ,ns,15-2,15.0,2000.0,12,5427.300000190735,2662.7000002861023,2252.400000333786,2538.8499999046326,2917.6500000953674,3234.4000000953674,3928.800000190735,4863.999999761581,2644.5499999523163,4395.499999761581,6185.849999666214,,,,,,,,,,,,,,,,
A384KX8MUIJSTJ,ns,15-2,15.0,2000.0,13,8501.899999856949,3499.2000000476837,4250.849999666214,3167.149999856949,3298.5499999523163,3064.2999999523163,6452.049999952316,2831.699999809265,4670.700000047684,3091.6500000953674,6754.799999952316,5080.500000238419,,,,,,,,,,,,,,,
A38DHLB88V8DL8,rec,15-2,15.0,2000.0,7,2861.3749999701977,4913.425000011921,2806.1999999582767,3624.3750000298023,3229.0999999940395,3911.3750000298023,,,,,,,,,,,,,,,,,,,,,
A38DHLB88V8DL8,rec,15-2,15.0,2000.0,8,1559.199999988079,3099.399999976158,2020.4000000357628,3977.0,7314.600000023842,2721.5,2940.600000023842,,,,,,,,,,,,,,,,,,,,
A38DHLB88V8DL8,rec,15-2,15.0,2000.0,9,2496.1625000089407,2681.3499999940395,4468.375000014901,4354.225000008941,4704.699999943376,3550.750000014901,4236.32500000298,5390.4000000059605,,,,,,,,,,,,,,,,,,,
A38DHLB88V8DL8,rec,15-2,15.0,2000.0,10,3135.5916666587195,2525.306250013411,3538.96875,3593.6333333055177,3253.537500023842,3641.893749989569,2740.2124999687076,5917.61249999702,3839.862499989569,,,,,,,,,,,,,,,,,,
A38DHLB88V8DL8,rec,15-2,15.0,2000.0,11,2770.3900000452995,3323.987500012666,3371.987500000745,2307.7175000242887,2555.7462499946355,3946.577499988675,3813.231249934435,3233.7787499882284,3475.5212500043212,3135.1662500217562,,,,,,,,,,,,,,,,,
A38DHLB88V8DL8,rec,15-2,15.0,2000.0,12,1800.9250000342727,3028.412499986589,3028.6750000193715,2676.9437500461936,2661.5499999672174,2806.1875000049668,2787.2187500223517,2750.7416666547456,3460.5,3929.868750028312,3116.631249964237,,,,,,,,,,,,,,,,
A38DHLB88V8DL8,rec,15-2,15.0,2000.0,13,2119.7916666567326,2830.2833333412805,2253.0083333551884,2710.1083333293595,2482.5583333770433,2463.658333371083,2509.800000011921,2842.3166666693155,2731.966666648785,3129.0916666686535,3441.75,3127.050000011921,,,,,,,,,,,,,,,
A38DHLB88V8DL8,rec,15-2,15.0,2000.0,14,2222.9500000476837,1399.1999999284744,3310.7500001192093,2781.4499999284744,2523.5,2494.4000000953674,2238.7999999523163,3421.5499999523163,3579.399999976158,2690.2500001192093,2686.600000023842,3096.2000000476837,2235.600000023842,,,,,,,,,,,,,,
A3AWQ3AACIPXM2,ns,15-2,15.0,2000.0,2,4618.0,,,,,,,,,,,,,,,,,,,,,,,,,,
A3AWQ3AACIPXM2,ns,15-2,15.0,2000.0,3,3034.5,5262.0,,,,,,,,,,,,,,,,,,,,,,,,,
A3AWQ3AACIPXM2,ns,15-2,15.0,2000.0,4,,,,,,,,,,,,,,,,,,,,,,,,,,,
A3AWQ3AACIPXM2,ns,15-2,15.0,2000.0,5,9198.0,5079.75,3093.25,4925.0,,,,,,,,,,,,,,,,,,,,,,,
A3AWQ3AACIPXM2,ns,15-2,15.0,2000.0,7,,3507.0,7450.0,,,4347.0,,,,,,,,,,,,,,,,,,,,,
A3AWQ3AACIPXM2,ns,15-2,15.0,2000.0,8,,4198.0,4604.0,6445.0,,3290.0,3586.0,,,,,,,,,,,,,,,,,,,,
A3BA2WMGN6KHUU,ns,15-2,15.0,2000.0,2,,,,,,,,,,,,,,,,,,,,,,,,,,,
A3BA2WMGN6KHUU,ns,15-2,15.0,2000.0,3,,7149.80000000447,,,,,,,,,,,,,,,,,,,,,,,,,
A3BA2WMGN6KHUU,ns,15-2,15.0,2000.0,4,6033.399999856949,12328.100000143051,,,,,,,,,,,,,,,,,,,,,,,,,
A3BA2WMGN6KHUU,ns,15-2,15.0,2000.0,5,9350.53333334128,3383.5999999046326,5037.899999976158,5910.299999952316,,,,,,,,,,,,,,,,,,,,,,,
A3BA2WMGN6KHUU,ns,15-2,15.0,2000.0,6,6091.462499963585,4367.944444476317,6554.699999950826,4135.783333351214,5125.500000012417,,,,,,,,,,,,,,,,,,,,,,
A3BA2WMGN6KHUU,ns,15-2,15.0,2000.0,7,47450.09999990463,4790.025000033279,6918.066666634132,3653.5125000234693,4725.456250021234,3681.824999999255,,,,,,,,,,,,,,,,,,,,,
A3BA2WMGN6KHUU,ns,15-2,15.0,2000.0,8,4977.844444443782,4369.1500000031665,6030.700000000496,5649.100000018875,6194.033333318929,5530.638888840461,5540.3000000019865,,,,,,,,,,,,,,,,,,,,
A3BA2WMGN6KHUU,ns,15-2,15.0,2000.0,9,6987.7833332705,3411.75,6956.3333333519595,5597.705555568966,3621.4500000145704,4707.649999999751,8320.050000034273,4502.874999904074,,,,,,,,,,,,,,,,,,,
A3BA2WMGN6KHUU,ns,15-2,15.0,2000.0,10,3118.949999999255,7766.8499999996275,4929.550000024959,4373.500000046566,10397.299999998882,5506.100000048056,6456.699999809265,5052.750000046566,4103.600000023842,,,,,,,,,,,,,,,,,,
A3BN69Q9D7RQGR,ns,15-2,15.0,2000.0,2,,,,,,,,,,,,,,,,,,,,,,,,,,,
A3BN69Q9D7RQGR,ns,15-2,15.0,2000.0,3,2107.0,,,,,,,,,,,,,,,,,,,,,,,,,,
A3BN69Q9D7RQGR,ns,15-2,15.0,2000.0,4,4023.5,3259.3333333333335,4545.0,,,,,,,,,,,,,,,,,,,,,,,,
A3BN69Q9D7RQGR,ns,15-2,15.0,2000.0,5,6473.5,2577.375,5174.25,4038.5,,,,,,,,,,,,,,,,,,,,,,,
A3BN69Q9D7RQGR,ns,15-2,15.0,2000.0,6,3954.125,4360.95,3301.0,4979.041666666667,5710.833333333333,,,,,,,,,,,,,,,,,,,,,,
A3BN69Q9D7RQGR,ns,15-2,15.0,2000.0,7,3183.6666666666665,3714.5,3046.0,5302.5,8255.5,3912.0,,,,,,,,,,,,,,,,,,,,,
A3BN69Q9D7RQGR,ns,15-2,15.0,2000.0,8,3944.5,2685.5,3867.0,3831.5,6827.75,3612.0,5488.666666666667,,,,,,,,,,,,,,,,,,,,
A3BN69Q9D7RQGR,ns,15-2,15.0,2000.0,9,4155.5,5937.0,4061.5,4701.5,1656.0,3261.5,4413.25,7022.5,,,,,,,,,,,,,,,,,,,
A3BN69Q9D7RQGR,ns,15-2,15.0,2000.0,10,2977.0,5773.0,3637.75,3977.5,5155.0,6467.0,6108.0,3038.0,4219.0,,,,,,,,,,,,,,,,,,
A3C25IBTLB60RQ,prim,15-2,15.0,2000.0,3,,,,,,,,,,,,,,,,,,,,,,,,,,,
A3C25IBTLB60RQ,prim,15-2,15.0,2000.0,4,,2975.5999994277954,,,,,,,,,,,,,,,,,,,,,,,,,
A3C25IBTLB60RQ,prim,15-2,15.0,2000.0,5,2457.699999809265,,2122.6000003814697,6520.89999961853,,,,,,,,,,,,,,,,,,,,,,,
A3C25IBTLB60RQ,prim,15-2,15.0,2000.0,6,2501.1499996185303,2348.0499997138977,2264.3999996185303,6147.400000572205,2230.5,,,,,,,,,,,,,,,,,,,,,,
A3C25IBTLB60RQ,prim,15-2,15.0,2000.0,7,3979.5999994277954,,,,,1600.0999994277954,,,,,,,,,,,,,,,,,,,,,
A3C25IBTLB60RQ,prim,15-2,15.0,2000.0,9,2269.300000190735,3849.1666666666665,2711.333333015442,3508.6333335240683,4058.39999961853,2876.8499999046326,4130.066666285197,2454.0999999046326,,,,,,,,,,,,,,,,,,,
A3C25IBTLB60RQ,prim,15-2,15.0,2000.0,10,1836.199999809265,5032.39999961853,4834.300000190735,2762.6000003814697,3554.8999996185303,2914.800000190735,2059.0,1732.1999998092651,5026.800000190735,,,,,,,,,,,,,,,,,,
A3C25IBTLB60RQ,prim,15-2,15.0,2000.0,11,2218.524999856949,3027.6249997615814,4534.025000095367,3307.7000000476837,3220.4250004291534,3635.2999997138977,4489.5,2754.3750002384186,3108.125,6343.049999952317,,,,,,,,,,,,,,,,,
A3C25IBTLB60RQ,prim,15-2,15.0,2000.0,12,2216.449999809265,3044.6500000953674,2557.4666665395102,3449.249999682109,3033.7000002861023,3751.849999745687,3765.533333301544,3920.7499997615814,3741.274999856949,3670.466666698456,4927.524999856949,,,,,,,,,,,,,,,,
A3C25IBTLB60RQ,prim,15-2,15.0,2000.0,13,2931.9500002861023,1681.1999998092651,1241.0000004768372,4398.549999713898,6181.0,2154.6500000953674,2802.300000190735,1522.3000001907349,3283.250000476837,1577.2000002861023,3648.5,2950.5499997138977,,,,,,,,,,,,,,,
A3C25IBTLB60RQ,prim,15-2,15.0,2000.0,14,3134.3499999046326,4149.800000190735,3574.2000002861023,3122.250000476837,3566.550000190735,5995.699999809265,2793.9000000953674,2397.699999809265,3519.0,2503.050000190735,3146.1500005722046,7487.199999809265,4097.700000286102,,,,,,,,,,,,,,
A3FOKP72T5I4FR,ns,15-2,15.0,2000.0,3,2358.5,4053.5,,,,,,,,,,,,,,,,,,,,,,,,,
A3FOKP72T5I4FR,ns,15-2,15.0,2000.0,4,1817.5599999189376,1909.700000011921,3698.7099999666216,,,,,,,,,,,,,,,,,,,,,,,,
A3FOKP72T5I4FR,ns,15-2,15.0,2000.0,5,2063.9124999940395,1887.8550000429154,2300.7000000178814,2643.3700000166896,,,,,,,,,,,,,,,,,,,,,,,
A3FOKP72T5I4FR,ns,15-2,15.0,2000.0,6,1597.0000001192093,2027.3666667143505,1467.25,2080.3666665554047,4481.966666698456,,,,,,,,,,,,,,,,,,,,,,
A3FOKP72T5I4FR,ns,15-2,15.0,2000.0,7,2432.3666665554047,1898.2166666587193,1468.3999999364219,2352.099999984105,2158.0166666905084,1520.7666667302449,,,,,,,,,,,,,,,,,,,,,
A3FOKP72T5I4FR,ns,15-2,15.0,2000.0,8,2854.7999999523163,1656.3000001907349,1700.5,1306.4000000953674,2089.899999856949,1779.3000001907349,1261.2999999523165,,,,,,,,,,,,,,,,,,,,
A3HBB9JT9WVZS4,ns,15-2,15.0,2000.0,4,7730.600000143051,3183.600000143051,,,,,,,,,,,,,,,,,,,,,,,,,
A3HBB9JT9WVZS4,ns,15-2,15.0,2000.0,5,2408.800000190735,2668.4000000953674,3442.0,2241.099999904633,,,,,,,,,,,,,,,,,,,,,,,
A3HBB9JT9WVZS4,ns,15-2,15.0,2000.0,6,6502.400000095367,3036.524999976158,4072.7999998927116,2402.100000023842,4503.299999952316,,,,,,,,,,,,,,,,,,,,,,
A3HBB9JT9WVZS4,ns,15-2,15.0,2000.0,7,3346.6666667461395,5312.683333317439,2503.9000000158944,6479.849999904633,3082.5374999940395,3152.724999964237,,,,,,,,,,,,,,,,,,,,,
A3HBB9JT9WVZS4,ns,15-2,15.0,2000.0,8,3627.766666650772,2899.7000000476837,3338.925000011921,3893.475000023842,3253.5499999920526,3172.199999888738,2597.6749999523163,,,,,,,,,,,,,,,,,,,,
A3HBB9JT9WVZS4,ns,15-2,15.0,2000.0,9,3027.7333333094916,4106.816666613023,2902.8777777618834,2989.833333306842,5132.358333349228,2407.175000011921,7043.266666677263,5544.400000015895,,,,,,,,,,,,,,,,,,,
A3HBB9JT9WVZS4,ns,15-2,15.0,2000.0,10,4192.900000015895,4310.633333285649,3457.9111110634276,3916.25555560324,4606.155555566152,2405.7611110872695,2932.727777838707,4221.288888851802,3901.0000000397363,,,,,,,,,,,,,,,,,,
A3HBB9JT9WVZS4,ns,15-2,15.0,2000.0,11,3197.7166666587195,2004.0666666825612,4370.900000095367,2601.0666666030884,2636.0833332935968,2907.666666587194,2715.25,2838.149999976158,3393.3499999841056,3319.3000000715256,,,,,,,,,,,,,,,,,
A3HBB9JT9WVZS4,ns,15-2,15.0,2000.0,12,2417.0,2730.099999964237,2949.525000035763,1991.2750000357628,2273.6250000596046,2797.724999964237,3242.5499999523163,4033.0,3059.900000035763,3729.4500000476837,4242.549999952316,,,,,,,,,,,,,,,,
A3HBB9JT9WVZS4,ns,15-2,15.0,2000.0,13,2549.4000000953674,3135.599999904633,6368.0,2193.599999904633,,4557.299999952316,4221.099999904633,4157.700000047684,5613.5,2365.7999999523163,10501.700000047684,16957.199999809265,,,,,,,,,,,,,,,
A3HOPYBWSR1TWR,prim,15-2,15.0,2000.0,2,,,,,,,,,,,,,,,,,,,,,,,,,,,
A3HOPYBWSR1TWR,prim,15-2,15.0,2000.0,3,4377.0,54481.0,,,,,,,,,,,,,,,,,,,,,,,,,
A3HOPYBWSR1TWR,prim,15-2,15.0,2000.0,4,,,1719.0,,,,,,,,,,,,,,,,,,,,,,,,
A3HOPYBWSR1TWR,prim,15-2,15.0,2000.0,5,4296.777777777778,4338.375,3991.5,4433.666666666667,,,,,,,,,,,,,,,,,,,,,,,
A3HOPYBWSR1TWR,prim,15-2,15.0,2000.0,6,3861.5,3775.25,3796.3333333333335,3563.5,3791.3333333333335,,,,,,,,,,,,,,,,,,,,,,
A3HOPYBWSR1TWR,prim,15-2,15.0,2000.0,7,3782.5833333333335,3656.6666666666665,4000.2777777777774,3989.5333333333333,4016.25,4110.63888888889,,,,,,,,,,,,,,,,,,,,,
A3HOPYBWSR1TWR,prim,15-2,15.0,2000.0,8,5460.5,4053.375,3731.0,3409.875,4295.11111111111,3945.8333333333335,4343.666666666666,,,,,,,,,,,,,,,,,,,,
A3HOPYBWSR1TWR,prim,15-2,15.0,2000.0,9,15121.75,3674.1666666666665,4178.333333333333,3598.3333333333335,3990.1666666666665,5620.333333333333,3418.1666666666665,4622.333333333333,,,,,,,,,,,,,,,,,,,
A3HOPYBWSR1TWR,prim,15-2,15.0,2000.0,10,4346.5,3298.75,3119.5,4480.5,4752.0,3144.75,3507.0,4239.5,2629.75,,,,,,,,,,,,,,,,,,
A3IBDJ12CRTQQN,prim,15-2,15.0,2000.0,2,7061.0,,,,,,,,,,,,,,,,,,,,,,,,,,
A3IBDJ12CRTQQN,prim,15-2,15.0,2000.0,3,7913.0,3094.0,,,,,,,,,,,,,,,,,,,,,,,,,
A3IBDJ12CRTQQN,prim,15-2,15.0,2000.0,4,11316.0,4416.0,7711.666666666667,,,,,,,,,,,,,,,,,,,,,,,,
A3IBDJ12CRTQQN,prim,15-2,15.0,2000.0,5,4610.0,22055.0,,7810.5,,,,,,,,,,,,,,,,,,,,,,,
A3IBDJ12CRTQQN,prim,15-2,15.0,2000.0,6,4992.0,4053.5,7889.0,8582.75,6668.25,,,,,,,,,,,,,,,,,,,,,,
A3IBDJ12CRTQQN,prim,15-2,15.0,2000.0,7,5407.0,3922.25,5618.333333333333,5058.5,4521.0,3929.0,,,,,,,,,,,,,,,,,,,,,
A3IBDJ12CRTQQN,prim,15-2,15.0,2000.0,8,5358.666666666666,5519.833333333333,5469.166666666666,5685.916666666667,4931.1875,4695.083333333333,6468.444444444444,,,,,,,,,,,,,,,,,,,,
A3IBDJ12CRTQQN,prim,15-2,15.0,2000.0,9,4971.5,3922.1666666666665,3753.125,4230.75,4778.833333333333,3425.444444444444,4763.0,3565.625,,,,,,,,,,,,,,,,,,,
A3IBDJ12CRTQQN,prim,15-2,15.0,2000.0,10,4388.75,4377.75,5363.0,4810.166666666667,4782.5,4882.75,4912.25,5546.0,4032.625,,,,,,,,,,,,,,,,,,
A3IBDJ12CRTQQN,prim,15-2,15.0,2000.0,11,18712.5,3621.8333333333335,4180.5,4959.166666666667,3664.8333333333335,5659.666666666667,3522.3333333333335,5110.5,4658.0,4350.166666666667,,,,,,,,,,,,,,,,,
A3IBDJ12CRTQQN,prim,15-2,15.0,2000.0,12,5031.5,4230.0,4208.0,4753.5,3588.5,6680.5,5984.5,3505.0,4992.5,4373.0,3572.0,,,,,,,,,,,,,,,,
A3IBDJ12CRTQQN,prim,15-2,15.0,2000.0,13,3564.0,2981.0,2902.5,4865.0,4168.0,4257.5,4740.5,5337.5,6572.0,2894.0,3603.0,4365.5,,,,,,,,,,,,,,,
A3IHTJXHWPQ2JR,rec,15-2,15.0,2000.0,5,,3960.0,12315.0,29481.0,,,,,,,,,,,,,,,,,,,,,,,
A3IHTJXHWPQ2JR,rec,15-2,15.0,2000.0,6,,8690.0,4377.5,3762.0,13784.0,,,,,,,,,,,,,,,,,,,,,,
A3IHTJXHWPQ2JR,rec,15-2,15.0,2000.0,7,3104.0,41048.0,4209.0,4712.0,,5488.0,,,,,,,,,,,,,,,,,,,,,
A3IHTJXHWPQ2JR,rec,15-2,15.0,2000.0,8,3455.3333333333335,3608.0,2989.0,4148.5,3170.111111111111,5657.5,7417.333333333333,,,,,,,,,,,,,,,,,,,,
A3IHTJXHWPQ2JR,rec,15-2,15.0,2000.0,9,4697.75,4584.0,4324.916666666667,4294.416666666667,4136.277777777778,4187.416666666667,4908.11111111111,7515.583333333333,,,,,,,,,,,,,,,,,,,
A3IHTJXHWPQ2JR,rec,15-2,15.0,2000.0,10,6758.75,3830.3333333333335,3372.5416666666665,3169.5833333333335,2838.6666666666665,3521.8333333333335,4170.083333333333,4442.666666666667,7123.083333333334,,,,,,,,,,,,,,,,,,
A3IHTJXHWPQ2JR,rec,15-2,15.0,2000.0,11,7803.708333333333,4882.041666666666,3962.9583333333335,4408.958333333334,3862.5,3518.8333333333335,4291.583333333333,3257.722222222222,6815.208333333333,6015.166666666667,,,,,,,,,,,,,,,,,
A3IHTJXHWPQ2JR,rec,15-2,15.0,2000.0,12,4550.833333333333,4450.11111111111,4087.8333333333335,4627.083333333333,4476.25,2850.1666666666665,3791.4166666666665,4063.75,4600.5,4066.6666666666665,4018.4166666666665,,,,,,,,,,,,,,,,
A3IHTJXHWPQ2JR,rec,15-2,15.0,2000.0,13,3878.0,3776.0,2970.75,3833.5,2990.75,2737.5,3287.5,2656.25,3020.5,3104.0,3279.5,4273.5,,,,,,,,,,,,,,,
A3IHTJXHWPQ2JR,rec,15-2,15.0,2000.0,14,2702.0,2286.0,3479.0,4461.0,2305.0,3765.0,2591.0,3625.0,3717.0,,5381.0,4054.0,7111.0,,,,,,,,,,,,,,
A3MWLHSW9B9RHU,prim,15-2,15.0,2000.0,5,,2368.5,,,,,,,,,,,,,,,,,,,,,,,,,
A3MWLHSW9B9RHU,prim,15-2,15.0,2000.0,6,2683.1666666666665,3864.89999999851,2868.39999999851,3331.1333333303533,5041.29999999702,,,,,,,,,,,,,,,,,,,,,,
A3MWLHSW9B9RHU,prim,15-2,15.0,2000.0,7,2937.8749999757856,3911.4500000234693,3013.10000000149,,2626.5999999996275,5017.950000001118,,,,,,,,,,,,,,,,,,,,,
A3MWLHSW9B9RHU,prim,15-2,15.0,2000.0,8,,4508.59999999404,2509.250000074506,1866.9000000059605,2699.5,2698.20000000298,2835.3499999940395,,,,,,,,,,,,,,,,,,,,
A3MWLHSW9B9RHU,prim,15-2,15.0,2000.0,9,2898.9000000953674,3760.2333332896233,2655.050000049174,3625.0500000044703,3735.6333333477382,2977.5,4087.100000143051,3220.199999809265,,,,,,,,,,,,,,,,,,,
A3MWLHSW9B9RHU,prim,15-2,15.0,2000.0,10,2665.058333332961,3036.53333333383,3024.7277777782747,3564.2500000006207,3593.320833333768,3042.1333333291113,3851.3208333326816,4127.725000010803,3677.9000000213273,,,,,,,,,,,,,,,,,,
A3MWLHSW9B9RHU,prim,15-2,15.0,2000.0,11,3231.100000005681,3127.0499999805666,2582.095833338797,2900.6750000085062,2673.6083333306015,3578.2541666782154,3298.762500007171,3635.8291667037024,3525.131249999162,3518.691666689391,,,,,,,,,,,,,,,,,
A3MWLHSW9B9RHU,prim,15-2,15.0,2000.0,12,4354.799999965976,3490.0666666862867,2894.5499999523163,2139.0333333313465,6693.050000071526,3789.599999997765,3088.500000045635,5113.166666684051,5558.424999963492,3215.499999987893,3253.0666666825614,,,,,,,,,,,,,,,,
A3MWLHSW9B9RHU,prim,15-2,15.0,2000.0,13,3266.3000000370666,3098.705555547029,3100.330555549512,3149.1166666655076,3806.1833333491036,4372.316666666418,4679.233333356057,4172.666666649282,3471.7111111217077,2746.483333310733,3150.075000005878,3383.350000008113,,,,,,,,,,,,,,,
A3MWLHSW9B9RHU,prim,15-2,15.0,2000.0,14,2905.4000000059605,,2879.0999999940395,3082.6000000089407,2720.5,3300.6000000089407,4410.20000000298,7575.100000008941,7542.20000000298,4024.3999999910593,1994.9000000059605,1987.29999999702,2838.70000000298,,,,,,,,,,,,,,
A3ORKXM3WG8QJ9,prim,15-2,15.0,2000.0,6,,9107.0,2498.0,,,,,,,,,,,,,,,,,,,,,,,,
A3ORKXM3WG8QJ9,prim,15-2,15.0,2000.0,8,3993.5,13523.0,2955.0,2659.0,2790.5,14265.0,6749.5,,,,,,,,,,,,,,,,,,,,
A3ORKXM3WG8QJ9,prim,15-2,15.0,2000.0,9,4286.333333333333,2987.6666666666665,2678.3333333333335,2631.3333333333335,11889.0,10607.0,1867.0,5423.666666666667,,,,,,,,,,,,,,,,,,,
A3ORKXM3WG8QJ9,prim,15-2,15.0,2000.0,11,3930.8333333333335,7192.0,6032.666666666666,5797.833333333333,3333.1666666666665,3010.4166666666665,6247.541666666666,6851.125,4018.75,2511.416666666667,,,,,,,,,,,,,,,,,
A3ORKXM3WG8QJ9,prim,15-2,15.0,2000.0,12,2842.0,4257.5,9306.25,7165.5,2716.0,2768.75,2397.25,2198.0,3237.0,2684.0,7299.25,,,,,,,,,,,,,,,,
A3ORKXM3WG8QJ9,prim,15-2,15.0,2000.0,13,7133.375,8253.2,3936.875,2892.0,3294.3,2585.75,3261.5,2407.75,3345.4,4367.7,3191.0,4317.2,,,,,,,,,,,,,,,
A3P52W1SBJUT5N,ns,15-2,15.0,2000.0,2,8065.25,,,,,,,,,,,,,,,,,,,,,,,,,,
A3P52W1SBJUT5N,ns,15-2,15.0,2000.0,3,14020.05,9995.708333333334,,,,,,,,,,,,,,,,,,,,,,,,,
A3P52W1SBJUT5N,ns,15-2,15.0,2000.0,4,5996.2,7442.666666666667,10690.4,,,,,,,,,,,,,,,,,,,,,,,,
A3P52W1SBJUT5N,ns,15-2,15.0,2000.0,5,8011.0,5834.125,6711.777777777777,6890.61111111111,,,,,,,,,,,,,,,,,,,,,,,
A3P52W1SBJUT5N,ns,15-2,15.0,2000.0,6,5443.88888888889,5434.444444444444,7190.444444444444,7006.25,6856.833333333333,,,,,,,,,,,,,,,,,,,,,,
A3P52W1SBJUT5N,ns,15-2,15.0,2000.0,7,6767.0,6561.0,5658.0,11286.0,4285.0,7533.0,,,,,,,,,,,,,,,,,,,,,
A3P52W1SBJUT5N,ns,15-2,15.0,2000.0,9,5155.0,4610.0,5369.0,5146.0,7653.0,5053.0,6815.0,6296.0,,,,,,,,,,,,,,,,,,,
A3U27ZHUGOPIAN,prim,15-2,15.0,2000.0,3,,,,,,,,,,,,,,,,,,,,,,,,,,,
A3U27ZHUGOPIAN,prim,15-2,15.0,2000.0,4,11637.0,,,,,,,,,,,,,,,,,,,,,,,,,,
A3U27ZHUGOPIAN,prim,15-2,15.0,2000.0,5,4501.5,3698.0,3399.0,5248.0,,,,,,,,,,,,,,,,,,,,,,,
A3U27ZHUGOPIAN,prim,15-2,15.0,2000.0,6,4631.0,3460.0,4632.25,3853.833333333333,5840.5,,,,,,,,,,,,,,,,,,,,,,
A3U27ZHUGOPIAN,prim,15-2,15.0,2000.0,7,2578.25,4203.166666666667,4528.333333333333,4050.1666666666665,4035.25,3878.5,,,,,,,,,,,,,,,,,,,,,
A3U27ZHUGOPIAN,prim,15-2,15.0,2000.0,8,5118.5,5556.0,4797.166666666667,4190.333333333333,5061.25,3846.625,4141.25,,,,,,,,,,,,,,,,,,,,
A3U27ZHUGOPIAN,prim,15-2,15.0,2000.0,9,4312.4375,5509.1875,3329.8333333333335,4377.375,4980.333333333333,3295.8333333333335,3866.8333333333335,4228.875,,,,,,,,,,,,,,,,,,,
A3U27ZHUGOPIAN,prim,15-2,15.0,2000.0,10,,3852.0,,3697.0,3846.0,2951.0,3590.0,4112.5,3198.0,,,,,,,,,,,,,,,,,,
A3U27ZHUGOPIAN,prim,15-2,15.0,2000.0,11,1682.0,6619.0,2119.0,,6005.0,4897.0,,8508.0,6439.0,4168.0,,,,,,,,,,,,,,,,,
A3U27ZHUGOPIAN,prim,15-2,15.0,2000.0,12,3259.0,4250.5,4917.0,3422.0,4295.5,2985.0,4182.0,3959.0,3492.0,5105.0,2125.0,,,,,,,,,,,,,,,,
A3U27ZHUGOPIAN,prim,15-2,15.0,2000.0,13,3884.0,3096.0,3115.0,4613.0,,,2609.0,3253.0,5020.0,,3290.0,7087.0,,,,,,,,,,,,,,,
A3UA50A6GKNAMR,prim,15-2,15.0,2000.0,4,4017.0,3729.0,,,,,,,,,,,,,,,,,,,,,,,,,
A3UA50A6GKNAMR,prim,15-2,15.0,2000.0,5,3355.5,,3196.0,3223.0,,,,,,,,,,,,,,,,,,,,,,,
A3UA50A6GKNAMR,prim,15-2,15.0,2000.0,6,5313.25,2856.75,3402.0,3931.0,2929.25,,,,,,,,,,,,,,,,,,,,,,
A3UA50A6GKNAMR,prim,15-2,15.0,2000.0,7,5136.375,4113.75,3302.5,4286.666666666667,4113.0,14452.666666666666,,,,,,,,,,,,,,,,,,,,,
A3UA50A6GKNAMR,prim,15-2,15.0,2000.0,8,7358.875,3670.625,4422.166666666667,4695.916666666667,4702.5,4856.75,6275.555555555555,,,,,,,,,,,,,,,,,,,,
A3UA50A6GKNAMR,prim,15-2,15.0,2000.0,9,4563.722222222223,4877.444444444444,4625.88888888889,6610.722222222222,7993.0,5131.75,6218.777777777777,8102.722222222222,,,,,,,,,,,,,,,,,,,
A3UA50A6GKNAMR,prim,15-2,15.0,2000.0,10,3580.8333333333335,4020.625,5049.833333333333,4283.375,4584.25,4428.75,6873.0,5127.166666666667,10306.166666666666,,,,,,,,,,,,,,,,,,
A3UA50A6GKNAMR,prim,15-2,15.0,2000.0,11,3703.75,3224.0,3312.875,3018.375,3436.125,3314.1111111111113,4247.375,3601.375,3600.6666666666665,5206.458333333334,,,,,,,,,,,,,,,,,
A3UA50A6GKNAMR,prim,15-2,15.0,2000.0,12,4932.0,5059.0,4899.0,4608.0,5030.0,,,,4581.0,3476.0,3964.0,,,,,,,,,,,,,,,,
A3UE8ANAIM7F15,ns,15-2,15.0,2000.0,3,10414.574999988079,6383.700000047684,,,,,,,,,,,,,,,,,,,,,,,,,
A3UE8ANAIM7F15,ns,15-2,15.0,2000.0,4,,5289.599999904633,35463.700000047684,,,,,,,,,,,,,,,,,,,,,,,,
A3UE8ANAIM7F15,ns,15-2,15.0,2000.0,5,6441.433333317439,6481.587500095367,5881.550000071526,9454.366666674614,,,,,,,,,,,,,,,,,,,,,,,
A3UE8ANAIM7F15,ns,15-2,15.0,2000.0,6,5866.363749957085,6684.904166638851,6475.358333279689,7222.190833346049,11643.916666646797,,,,,,,,,,,,,,,,,,,,,,
A3UE8ANAIM7F15,ns,15-2,15.0,2000.0,7,6731.441666702429,5545.812499940395,4499.612500041723,5850.033333311478,9002.349999984106,9261.83333337307,,,,,,,,,,,,,,,,,,,,,
A3UE8ANAIM7F15,ns,15-2,15.0,2000.0,8,6863.97777779897,5902.233333309491,4686.250000079473,5551.4166667461395,4130.022222227521,4873.233333349228,8326.211111055482,,,,,,,,,,,,,,,,,,,,
A3UE8ANAIM7F15,ns,15-2,15.0,2000.0,9,6181.199999968211,4131.566666762034,8437.13333328565,6335.899999936421,6137.400000015895,5976.300000031789,7335.75,7649.400000095367,,,,,,,,,,,,,,,,,,,
A3UGB3B1S74HR9,prim,15-2,15.0,2000.0,4,1345.8500001430511,4720.0,,,,,,,,,,,,,,,,,,,,,,,,,
A3UGB3B1S74HR9,prim,15-2,15.0,2000.0,5,8623.5,4885.566666603088,2774.2499999602637,4852.011111047533,,,,,,,,,,,,,,,,,,,,,,,
A3UGB3B1S74HR9,prim,15-2,15.0,2000.0,6,2293.7999999523163,7346.283333341281,1858.699999988079,2912.150000035763,5645.500000059605,,,,,,,,,,,,,,,,,,,,,,
A3UGB3B1S74HR9,prim,15-2,15.0,2000.0,7,3263.9374999403954,4870.505555510521,4294.645833392939,4566.137499973178,3633.558333337307,3182.599999964237,,,,,,,,,,,,,,,,,,,,,
A3UGB3B1S74HR9,prim,15-2,15.0,2000.0,8,2696.316666682561,3090.733333279689,6997.110416665673,2738.5650000472865,4093.275000035763,4078.5458333293595,7096.616666720973,,,,,,,,,,,,,,,,,,,,
A3UGB3B1S74HR9,prim,15-2,15.0,2000.0,9,2562.966666638851,2997.937499985099,6287.645833263794,5134.499999970198,5300.000000014901,2864.9833333359825,7884.875000029802,3928.6499999860926,,,,,,,,,,,,,,,,,,,
A3UGB3B1S74HR9,prim,15-2,15.0,2000.0,10,1971.75,4322.449999928474,1310.8999999761581,5171.5,5585.0,2149.700000047684,9942.75,1694.0999999046326,7077.149999976158,,,,,,,,,,,,,,,,,,
A3UUW04QL49RSC,prim,15-2,15.0,2000.0,2,5216.0,,,,,,,,,,,,,,,,,,,,,,,,,,
A3UUW04QL49RSC,prim,15-2,15.0,2000.0,3,3732.0,,,,,,,,,,,,,,,,,,,,,,,,,,
A3UUW04QL49RSC,prim,15-2,15.0,2000.0,4,7158.88888888889,3684.5,4381.555555555556,,,,,,,,,,,,,,,,,,,,,,,,
A3UUW04QL49RSC,prim,15-2,15.0,2000.0,5,3749.555555555555,4687.75,7131.083333333333,5047.38888888889,,,,,,,,,,,,,,,,,,,,,,,
A3UUW04QL49RSC,prim,15-2,15.0,2000.0,6,5288.444444444444,4327.88888888889,5034.555555555556,4167.11111111111,4930.666666666667,,,,,,,,,,,,,,,,,,,,,,
A3UUW04QL49RSC,prim,15-2,15.0,2000.0,7,5973.0,3400.0,,,3608.0,4647.0,,,,,,,,,,,,,,,,,,,,,
A3UUW04QL49RSC,prim,15-2,15.0,2000.0,8,4571.222222222222,6690.5,4432.333333333333,5641.0,5258.833333333333,6248.0,6192.166666666667,,,,,,,,,,,,,,,,,,,,
A3UUW04QL49RSC,prim,15-2,15.0,2000.0,9,4573.5,3996.0,3312.5,4957.5,3646.0,4252.0,3635.0,4951.5,,,,,,,,,,,,,,,,,,,
A3UUW04QL49RSC,prim,15-2,15.0,2000.0,10,5286.0,2988.0,4412.5,5169.0,5481.5,4695.25,6367.5,5466.0,6094.0,,,,,,,,,,,,,,,,,,
A3UUW04QL49RSC,prim,15-2,15.0,2000.0,11,3774.0,4378.0,6757.5,3635.0,4101.5,5798.0,4591.5,3484.5,4018.5,,,,,,,,,,,,,,,,,,
A6HDSE80LQPR8,rec,15-2,15.0,2000.0,3,,4223.0,,,,,,,,,,,,,,,,,,,,,,,,,
A6HDSE80LQPR8,rec,15-2,15.0,2000.0,4,1294.0,6117.0,15719.0,,,,,,,,,,,,,,,,,,,,,,,,
A6HDSE80LQPR8,rec,15-2,15.0,2000.0,5,2377.25,1813.5,2469.0,4261.0,,,,,,,,,,,,,,,,,,,,,,,
A6HDSE80LQPR8,rec,15-2,15.0,2000.0,6,2733.1666666666665,1780.8333333333335,2422.25,6768.375,6405.5,,,,,,,,,,,,,,,,,,,,,,
A6HDSE80LQPR8,rec,15-2,15.0,2000.0,7,2468.5,1115.0,3650.0,2656.5,5050.0,890.0,,,,,,,,,,,,,,,,,,,,,
A6HDSE80LQPR8,rec,15-2,15.0,2000.0,8,1802.1666666666665,1993.8333333333335,2587.666666666667,3069.666666666667,3897.3333333333335,9454.333333333334,14957.0,,,,,,,,,,,,,,,,,,,,
A6HDSE80LQPR8,rec,15-2,15.0,2000.0,9,,2172.0,,1290.0,1691.0,13663.0,1349.0,,,,,,,,,,,,,,,,,,,,
A6HDSE80LQPR8,rec,15-2,15.0,2000.0,11,1220.0,1268.0,1686.0,,2171.0,4583.0,2035.0,12323.0,5415.0,,,,,,,,,,,,,,,,,,
AAOOH6P4HHSCS,prim,15-2,15.0,2000.0,4,,,,,,,,,,,,,,,,,,,,,,,,,,,
AAOOH6P4HHSCS,prim,15-2,15.0,2000.0,5,2918.5499999523163,5405.150000035763,3257.0,3582.699999988079,,,,,,,,,,,,,,,,,,,,,,,
AAOOH6P4HHSCS,prim,15-2,15.0,2000.0,6,3365.350000023842,4035.899999976158,,4678.75,,,,,,,,,,,,,,,,,,,,,,,
AAOOH6P4HHSCS,prim,15-2,15.0,2000.0,7,3695.066666662693,4245.35000000149,3367.0777777433395,3666.050000011921,3802.8750000248356,3587.6000000089407,,,,,,,,,,,,,,,,,,,,,
AAOOH6P4HHSCS,prim,15-2,15.0,2000.0,8,5721.633333325386,3447.6500000158944,4128.533333361149,3784.6749999821186,4076.516666650772,4353.150000035763,3783.400000065565,,,,,,,,,,,,,,,,,,,,
AAOOH6P4HHSCS,prim,15-2,15.0,2000.0,9,4717.545833334327,3870.9587500102816,4370.455416685343,3380.1787500083447,3564.7916666517654,3858.654999999702,4352.648749992996,4247.127500009537,,,,,,,,,,,,,,,,,,,
AAOOH6P4HHSCS,prim,15-2,15.0,2000.0,10,5053.849999984105,3599.7000000278153,4267.566666662693,3693.3999999960265,3671.216666638851,3439.5,3514.2999999523163,3444.9333332975707,3428.7666666706405,,,,,,,,,,,,,,,,,,
AAOOH6P4HHSCS,prim,15-2,15.0,2000.0,11,3717.983333349228,4922.150000015895,6078.616666734219,3906.3333333333335,4297.416666686535,3319.875,3863.524999976158,3567.5333333214126,4944.299999992053,3835.6166666348777,,,,,,,,,,,,,,,,,
AAOOH6P4HHSCS,prim,15-2,15.0,2000.0,12,2605.8499999940395,2361.4500000178814,3653.349999964237,3416.4500000178814,2610.0,3807.4000000059605,3687.2499999701977,2968.9499999284744,3976.25,3714.349999964237,4387.499999970198,,,,,,,,,,,,,,,,
ADGJXUEMPLTMS,prim,15-2,15.0,2000.0,2,,,,,,,,,,,,,,,,,,,,,,,,,,,
ADGJXUEMPLTMS,prim,15-2,15.0,2000.0,3,6259.600000023842,6205.450000047684,,,,,,,,,,,,,,,,,,,,,,,,,
ADGJXUEMPLTMS,prim,15-2,15.0,2000.0,4,5487.177777793672,6614.033333381017,10939.858333349228,,,,,,,,,,,,,,,,,,,,,,,,
ADGJXUEMPLTMS,prim,15-2,15.0,2000.0,5,4712.216666678587,4915.745833277702,6635.2333334287005,6179.604166686535,,,,,,,,,,,,,,,,,,,,,,,
ADGJXUEMPLTMS,prim,15-2,15.0,2000.0,6,5588.449166627725,6010.230833359559,4664.170833295584,5428.960416674614,6843.445833388964,,,,,,,,,,,,,,,,,,,,,,
ADGJXUEMPLTMS,prim,15-2,15.0,2000.0,7,3277.520000076294,3682.6,3606.2000000953676,2929.0199999809265,2990.0999999046326,2486.660000038147,,,,,,,,,,,,,,,,,,,,,
ADGJXUEMPLTMS,prim,15-2,15.0,2000.0,8,6612.300000190735,4827.699999809265,3698.900000095368,4994.200000286102,4881.299999713898,5192.699999809265,6114.099999904633,,,,,,,,,,,,,,,,,,,,
AEF1G6YE8RIB8,prim,15-2,15.0,2000.0,3,5274.899999976158,,,,,,,,,,,,,,,,,,,,,,,,,,
AEF1G6YE8RIB8,prim,15-2,15.0,2000.0,4,4641.399999976158,6652.20000000298,6173.59999999404,,,,,,,,,,,,,,,,,,,,,,,,
AEF1G6YE8RIB8,prim,15-2,15.0,2000.0,5,,4088.0,3634.399999976158,20305.19999998808,,,,,,,,,,,,,,,,,,,,,,,
AEF1G6YE8RIB8,prim,15-2,15.0,2000.0,6,8453.57500000298,4756.699999903639,6952.566666672627,7894.166666631897,4410.933333228032,,,,,,,,,,,,,,,,,,,,,,
AEF1G6YE8RIB8,prim,15-2,15.0,2000.0,7,4808.066666722298,4693.8458333313465,5809.802083335817,7428.912500012666,5800.787499960512,7230.516666695476,,,,,,,,,,,,,,,,,,,,,
AEF1G6YE8RIB8,prim,15-2,15.0,2000.0,8,6654.541666566084,5362.062499992549,5213.387499985906,5879.909166662892,4093.650000097851,5438.051250006631,5106.261111088926,,,,,,,,,,,,,,,,,,,,
AEF1G6YE8RIB8,prim,15-2,15.0,2000.0,9,4553.233333334327,4612.999999977648,5078.2500000447035,3757.200000067552,3605.7999999423823,5381.700000067552,4333.000000022352,5025.000000052154,,,,,,,,,,,,,,,,,,,
AEF1G6YE8RIB8,prim,15-2,15.0,2000.0,10,6823.300000011921,4572.783333381018,5603.959999978542,5509.120000016689,4859.919999992848,7349.633333305517,6922.883333365122,5058.560000026226,6044.662500008941,,,,,,,,,,,,,,,,,,
AEF1G6YE8RIB8,prim,15-2,15.0,2000.0,12,3857.75,4004.9500000476837,11854.200000286102,3084.2000000476837,4085.9999997615814,4344.799999952316,4755.150000095367,4685.349999904633,7103.549999952316,6448.400000095367,6494.099999904633,,,,,,,,,,,,,,,,
AERGHZBQFT309,ns,15-2,15.0,2000.0,4,1595.4000000953674,2247.4000000953674,1200.7999999523165,,,,,,,,,,,,,,,,,,,,,,,,
AERGHZBQFT309,ns,15-2,15.0,2000.0,5,1908.8777777916855,1100.5222222341433,1806.2333333624736,14246.183333307505,,,,,,,,,,,,,,,,,,,,,,,
AERGHZBQFT309,ns,15-2,15.0,2000.0,6,1782.54166664059,1688.9125000263255,1720.795833333085,5263.104166656733,21768.249999988824,,,,,,,,,,,,,,,,,,,,,,
AERGHZBQFT309,ns,15-2,15.0,2000.0,7,1599.9624999991308,1772.1916666813197,2320.4208333392935,4829.245833326753,3031.2125000009933,11578.20833331719,,,,,,,,,,,,,,,,,,,,,
AERGHZBQFT309,ns,15-2,15.0,2000.0,8,1879.3833333464959,1423.7291666331391,4013.050000001987,4846.92708335879,5021.543749993046,4751.47916669088,22092.810416675486,,,,,,,,,,,,,,,,,,,,
AERGHZBQFT309,ns,15-2,15.0,2000.0,9,1293.7812499608845,1295.9375000037253,1398.256249975413,2052.1958333073803,2554.943750007078,6503.433333313714,13201.922222226029,11886.137499980628,,,,,,,,,,,,,,,,,,,
AERGHZBQFT309,ns,15-2,15.0,2000.0,10,1571.3499999828637,2327.8749999962747,1683.64999999851,1540.4750000052154,6476.050000011921,5533.599999986589,5397.800000000745,8542.54999998957,27239.97499998659,,,,,,,,,,,,,,,,,,
AESZJEZTZEW01,ns,15-2,15.0,2000.0,2,3247.1499999761586,,,,,,,,,,,,,,,,,,,,,,,,,,
AESZJEZTZEW01,ns,15-2,15.0,2000.0,3,,4175.799999952316,,,,,,,,,,,,,,,,,,,,,,,,,
AESZJEZTZEW01,ns,15-2,15.0,2000.0,4,7106.5,,31711.900000095367,,,,,,,,,,,,,,,,,,,,,,,,
AESZJEZTZEW01,ns,15-2,15.0,2000.0,5,4423.0,,,,,,,,,,,,,,,,,,,,,,,,,,
AESZJEZTZEW01,ns,15-2,15.0,2000.0,6,1345.9000000953674,3653.400000095368,2309.599999904633,2775.2999999523163,4144.599999904633,,,,,,,,,,,,,,,,,,,,,,
AESZJEZTZEW01,ns,15-2,15.0,2000.0,7,4854.900000095367,3021.6500000953674,4589.699999928474,3511.25,3441.649999976158,3321.25,,,,,,,,,,,,,,,,,,,,,
AESZJEZTZEW01,ns,15-2,15.0,2000.0,8,7570.799999952316,12871.900000095367,5883.5,21487.699999809265,4132.699999809265,6186.799999952316,,,,,,,,,,,,,,,,,,,,,
AESZJEZTZEW01,ns,15-2,15.0,2000.0,9,,2718.2999999523163,1994.5,2851.5,2874.4000000953674,6072.899999856949,4976.400000095367,,,,,,,,,,,,,,,,,,,,
AESZJEZTZEW01,ns,15-2,15.0,2000.0,10,2736.9000000953674,5241.0,3515.599999904633,2299.599999904633,2522.800000190735,2903.4000000953674,,2973.2999999523163,2227.0,,,,,,,,,,,,,,,,,,
AESZJEZTZEW01,ns,15-2,15.0,2000.0,11,3531.033333301544,3209.233333349228,3217.7999998728433,3272.433333237966,3089.833333412806,3895.899999976158,3888.5999999841056,2913.399999976158,2989.333333492279,4235.1666665871935,,,,,,,,,,,,,,,,,
AEX1I7K7OVHHC,rec,15-2,15.0,2000.0,2,,,,,,,,,,,,,,,,,,,,,,,,,,,
AEX1I7K7OVHHC,rec,15-2,15.0,2000.0,3,5006.0,7034.0,,,,,,,,,,,,,,,,,,,,,,,,,
AEX1I7K7OVHHC,rec,15-2,15.0,2000.0,4,9849.0,3718.5,18521.625,,,,,,,,,,,,,,,,,,,,,,,,
AEX1I7K7OVHHC,rec,15-2,15.0,2000.0,5,4245.0,3932.5,5162.0,4593.5,,,,,,,,,,,,,,,,,,,,,,,
AEX1I7K7OVHHC,rec,15-2,15.0,2000.0,6,5729.166666666667,3893.8333333333335,3971.6666666666665,4809.0,3525.25,,,,,,,,,,,,,,,,,,,,,,
AEX1I7K7OVHHC,rec,15-2,15.0,2000.0,7,3299.5,3116.0,3389.0,4277.0,3528.0,4200.0,,,,,,,,,,,,,,,,,,,,,
AEX1I7K7OVHHC,rec,15-2,15.0,2000.0,8,3829.25,4825.5,4558.75,4104.75,4374.5,3690.666666666667,3834.3333333333335,,,,,,,,,,,,,,,,,,,,
AEX1I7K7OVHHC,rec,15-2,15.0,2000.0,9,3716.0,3336.0,3561.0,3407.75,3855.333333333333,3975.0,3360.0,4114.25,,,,,,,,,,,,,,,,,,,
AEX1I7K7OVHHC,rec,15-2,15.0,2000.0,10,,3035.0,,3680.0,,2670.0,4390.0,4543.0,3892.0,,,,,,,,,,,,,,,,,,
AEX1I7K7OVHHC,rec,15-2,15.0,2000.0,12,2185.0,2951.0,,4659.0,3262.0,4257.0,7820.0,3223.0,6056.0,3377.0,5731.0,,,,,,,,,,,,,,,,
AEXRVIK8SKB4V,prim,15-2,15.0,2000.0,2,3088.599999904633,,,,,,,,,,,,,,,,,,,,,,,,,,
AEXRVIK8SKB4V,prim,15-2,15.0,2000.0,3,,,,,,,,,,,,,,,,,,,,,,,,,,,
AEXRVIK8SKB4V,prim,15-2,15.0,2000.0,4,5818.39999999851,4508.0,4342.900000095367,,,,,,,,,,,,,,,,,,,,,,,,
AEXRVIK8SKB4V,prim,15-2,15.0,2000.0,5,3458.5,7371.450000047684,5110.949999928474,4568.533333301544,,,,,,,,,,,,,,,,,,,,,,,
AEXRVIK8SKB4V,prim,15-2,15.0,2000.0,6,4804.466666667412,4747.400000000994,6103.800000000745,4660.674999998882,4187.699999999255,,,,,,,,,,,,,,,,,,,,,,
AEXRVIK8SKB4V,prim,15-2,15.0,2000.0,7,4528.5500000479315,3837.5750000001863,4359.77500004787,4488.325000000186,5016.016666619107,4915.833333284905,,,,,,,,,,,,,,,,,,,,,
AEXRVIK8SKB4V,prim,15-2,15.0,2000.0,8,4703.100000023842,4817.149999951944,3948.366666617493,5882.500000072643,4912.450000032161,4112.774999976158,4759.099999666214,,,,,,,,,,,,,,,,,,,,
AF0W4ZBY7VXOU,rec,15-2,15.0,2000.0,4,2668.300000011921,,3378.0,,,,,,,,,,,,,,,,,,,,,,,,
AF0W4ZBY7VXOU,rec,15-2,15.0,2000.0,5,2345.0999999940395,,4996.59999999404,1997.0,,,,,,,,,,,,,,,,,,,,,,,
AF0W4ZBY7VXOU,rec,15-2,15.0,2000.0,6,1657.7750000059605,2507.650000010927,5171.083333338301,2433.550000011921,8439.90000000596,,,,,,,,,,,,,,,,,,,,,,
AF0W4ZBY7VXOU,rec,15-2,15.0,2000.0,7,2619.3166666428247,3570.4500000178814,7855.93333329757,4624.916666656733,2576.633333325386,7841.049999982119,,,,,,,,,,,,,,,,,,,,,
AF0W4ZBY7VXOU,rec,15-2,15.0,2000.0,8,2119.7333333293595,2445.6222222215597,3480.344444447094,3909.7833333412805,4175.68888888922,2420.583333333333,12155.066666672627,,,,,,,,,,,,,,,,,,,,
AF0W4ZBY7VXOU,rec,15-2,15.0,2000.0,9,2252.4875000094376,2367.222916677594,2260.76041666915,2603.2791666785874,2854.0374999915557,2504.964583337307,4494.838888891869,13197.941666660208,,,,,,,,,,,,,,,,,,,
AF0W4ZBY7VXOU,rec,15-2,15.0,2000.0,10,3036.766666656981,2604.26083331878,2077.937500014901,2607.6691666627926,2799.4833333306015,3143.6875000037253,4174.783333342771,5043.274999992302,9166.612499999505,,,,,,,,,,,,,,,,,,
AF0W4ZBY7VXOU,rec,15-2,15.0,2000.0,11,2196.7833333164454,2225.666666646798,2253.6333332856498,1685.0999999890723,4364.900000010927,2381.7000000079474,2329.7833333462477,5673.666666681568,2901.133333340287,5370.149999976158,,,,,,,,,,,,,,,,,
AF0W4ZBY7VXOU,rec,15-2,15.0,2000.0,12,2225.600000023842,1316.2000000476835,2922.8000000715256,3989.200000047684,1693.5,1963.899999976158,1467.899999976158,1681.399999976158,1433.2999999523165,2282.099999904633,,,,,,,,,,,,,,,,,
AF0W4ZBY7VXOU,rec,15-2,15.0,2000.0,13,3303.4000000059605,2189.5,3825.5,3575.5,2989.4000000059605,3874.0,2777.600000023842,6259.59999999404,1862.0999999940395,2180.5,3502.399999976158,,,,,,,,,,,,,,,,
AF0W4ZBY7VXOU,rec,15-2,15.0,2000.0,14,1434.800000011921,2992.199999988079,3949.800000011921,1933.699999988079,3726.0,1586.800000011921,2246.300000011921,2891.899999976158,1803.1000000238416,2284.699999988079,2343.900000035763,9451.0,5886.799999952316,,,,,,,,,,,,,,
AFZGUWYLC0NG0,ns,15-2,15.0,2000.0,2,4257.675000190735,,,,,,,,,,,,,,,,,,,,,,,,,,
AFZGUWYLC0NG0,ns,15-2,15.0,2000.0,3,4296.900000035763,4543.965000017484,,,,,,,,,,,,,,,,,,,,,,,,,
AFZGUWYLC0NG0,ns,15-2,15.0,2000.0,4,3317.960416674614,4392.633333355188,5722.554166634877,,,,,,,,,,,,,,,,,,,,,,,,
AFZGUWYLC0NG0,ns,15-2,15.0,2000.0,5,5450.499999880791,4422.325000047684,8471.899999856949,6394.225000023842,,,,,,,,,,,,,,,,,,,,,,,
AFZGUWYLC0NG0,ns,15-2,15.0,2000.0,6,3248.0,4009.6833331982293,3709.9999998807907,5264.199999928474,6685.633333285649,,,,,,,,,,,,,,,,,,,,,,
AFZGUWYLC0NG0,ns,15-2,15.0,2000.0,7,4209.599999904633,3450.099999904633,1698.0,4648.299999713898,3528.4000000953674,2892.699999809265,,,,,,,,,,,,,,,,,,,,,
AFZGUWYLC0NG0,ns,15-2,15.0,2000.0,8,2708.5499999523163,5592.650000095367,2758.2000000476837,2857.6000003814697,4172.0,3076.350000143051,2451.7500002384186,,,,,,,,,,,,,,,,,,,,
AGANKP4PUZ4NC,prim,15-2,15.0,2000.0,2,3528.183333158493,,,,,,,,,,,,,,,,,,,,,,,,,,
AGANKP4PUZ4NC,prim,15-2,15.0,2000.0,3,3964.8999999960265,5640.091666665342,,,,,,,,,,,,,,,,,,,,,,,,,
AGANKP4PUZ4NC,prim,15-2,15.0,2000.0,4,2973.0000000298023,5405.4625000059605,3314.824999988079,,,,,,,,,,,,,,,,,,,,,,,,
AGANKP4PUZ4NC,prim,15-2,15.0,2000.0,5,7859.5,2912.100000143051,2835.700000047684,3802.700000047684,,,,,,,,,,,,,,,,,,,,,,,
AGANKP4PUZ4NC,prim,15-2,15.0,2000.0,6,3073.0,11802.0,5657.700000047684,3368.2999999523163,,,,,,,,,,,,,,,,,,,,,,,
AGANKP4PUZ4NC,prim,15-2,15.0,2000.0,7,4841.433333317439,3892.5666666030884,3143.8666666348777,4125.674999952316,5045.024999976158,3434.449999988079,,,,,,,,,,,,,,,,,,,,,
AGANKP4PUZ4NC,prim,15-2,15.0,2000.0,8,3017.349999944369,3417.783333381017,3271.3499999841056,3490.3166666428247,4868.649999976158,4406.299999992053,5145.366666674614,,,,,,,,,,,,,,,,,,,,
AGANKP4PUZ4NC,prim,15-2,15.0,2000.0,10,5554.699999809265,1842.6000001430511,5771.599999904633,4489.899999856949,4426.099999904633,,3364.399999856949,2960.700000047684,2707.200000047684,,,,,,,,,,,,,,,,,,
AHY3YAYJLTW32,rec,15-2,15.0,2000.0,3,,34614.0,,,,,,,,,,,,,,,,,,,,,,,,,
AHY3YAYJLTW32,rec,15-2,15.0,2000.0,4,2997.8888888888887,2868.8888888888887,7371.777777777777,,,,,,,,,,,,,,,,,,,,,,,,
AHY3YAYJLTW32,rec,15-2,15.0,2000.0,5,2259.427083333333,2303.6875,4169.351190476191,11163.473214285714,,,,,,,,,,,,,,,,,,,,,,,
AHY3YAYJLTW32,rec,15-2,15.0,2000.0,6,2063.125,2119.3333333333335,2633.7083333333335,6421.0,16045.875,,,,,,,,,,,,,,,,,,,,,,
AHY3YAYJLTW32,rec,15-2,15.0,2000.0,7,2715.0,1567.5,2990.0,1160.5,5554.5,20719.5,,,,,,,,,,,,,,,,,,,,,
AHY3YAYJLTW32,rec,15-2,15.0,2000.0,8,2610.0,1717.0,1540.0,453.0,10747.0,9400.0,,,,,,,,,,,,,,,,,,,,,
AHY3YAYJLTW32,rec,15-2,15.0,2000.0,9,1999.0,1627.0,2358.0,2497.0,2345.0,4482.0,3843.0,7405.0,,,,,,,,,,,,,,,,,,,
AL9SYQEUTNJXT,prim,15-2,15.0,2000.0,4,5283.099999904633,,,,,,,,,,,,,,,,,,,,,,,,,,
AL9SYQEUTNJXT,prim,15-2,15.0,2000.0,5,5364.933333277702,,,4741.199999809265,,,,,,,,,,,,,,,,,,,,,,,
AL9SYQEUTNJXT,prim,15-2,15.0,2000.0,6,10497.80000001192,5716.800000011921,,3556.6333333849907,,,,,,,,,,,,,,,,,,,,,,,
AL9SYQEUTNJXT,prim,15-2,15.0,2000.0,7,4677.9124999940395,3409.475000023842,6728.941666672627,5065.9000000059605,9017.250000059605,10844.624999985099,,,,,,,,,,,,,,,,,,,,,
AL9SYQEUTNJXT,prim,15-2,15.0,2000.0,8,5382.399999962913,5045.511111107137,5396.375000009934,4722.891666690509,3921.6624999940395,4949.799999952316,4202.761111173365,,,,,,,,,,,,,,,,,,,,
AL9SYQEUTNJXT,prim,15-2,15.0,2000.0,9,2846.733333359162,7632.483333349228,5913.816666662693,4150.266666630904,5104.066666662693,4784.133333345254,5459.211111115084,7178.599999964237,,,,,,,,,,,,,,,,,,,
AL9SYQEUTNJXT,prim,15-2,15.0,2000.0,10,2960.1416667103767,5225.5999999940395,4713.941666627923,3738.3875000327826,5567.293750005464,4411.920833359162,4376.104166671634,4238.441666652759,4294.593749985099,,,,,,,,,,,,,,,,,,
AL9SYQEUTNJXT,prim,15-2,15.0,2000.0,11,4491.800000011921,4652.23333332936,4142.8499999940395,4772.650000035763,6426.683333317439,5604.466666638851,4396.566666642825,4553.699999988079,5181.799999992053,5275.833333353202,,,,,,,,,,,,,,,,,
AL9SYQEUTNJXT,prim,15-2,15.0,2000.0,12,2948.700000047684,1792.2999999523165,3608.200000047684,,5712.0,,2007.0,3568.1999999284744,5139.299999952316,3046.200000047684,3240.700000047684,,,,,,,,,,,,,,,,
ALDQRWYZ8KQ9A,rec,15-2,15.0,2000.0,8,2250.10000000149,3421.5,1917.699999999255,3214.0,10404.5,13267.0,29749.0,,,,,,,,,,,,,,,,,,,,
ALDQRWYZ8KQ9A,rec,15-2,15.0,2000.0,9,988.2999999970198,2060.699999999255,1101.800000000745,1349.300000000745,3171.800000000745,2996.900000002235,4083.800000000745,1764.9000000022352,,,,,,,,,,,,,,,,,,,
ALDQRWYZ8KQ9A,rec,15-2,15.0,2000.0,10,1395.050000000745,1442.7999999998137,1273.5750000001863,1256.824999999255,2804.7000000001863,3641.7500000009313,3448.0,1948.0,22903.775000000373,,,,,,,,,,,,,,,,,,
ALDQRWYZ8KQ9A,rec,15-2,15.0,2000.0,11,1449.9500000011176,2689.0499999998137,3919.6750000016764,2158.474999998696,4111.449999998324,3140.149999999441,1592.5499999998137,1748.25,4484.75,9712.099999999627,,,,,,,,,,,,,,,,,
ALDQRWYZ8KQ9A,rec,15-2,15.0,2000.0,12,1640.495833332961,1293.7458333334264,2100.0208333334886,3012.5124999997206,1559.2875000002484,2225.2874999982305,2068.875000000776,2274.6541666660146,3395.9611111117733,7506.029166667411,21707.575000001118,,,,,,,,,,,,,,,,
ALDQRWYZ8KQ9A,rec,15-2,15.0,2000.0,13,1440.275000000062,1544.9083333329763,1546.360416666527,2086.439999999789,1918.6749999996584,1971.6958333334576,1878.241666666232,2473.864583333411,4178.431250000605,3615.2524999997736,4535.010416666124,13219.00333333273,,,,,,,,,,,,,,,
ALDQRWYZ8KQ9A,rec,15-2,15.0,2000.0,14,1495.6645833329142,1803.8520833326038,1599.2874999992396,2338.5229166654563,2530.208333332868,1886.4020833330385,2249.714583333426,5684.845833333364,2831.558333332029,4199.237499999814,3713.3104166668686,5983.085416667241,7275.670833333861,,,,,,,,,,,,,,
ALDQRWYZ8KQ9A,rec,15-2,15.0,2000.0,15,2378.8499999996275,1407.2000000011176,964.0,1516.4500000029802,3193.4500000029802,1011.14999999851,1543.1499999985099,1496.4500000011176,2351.70000000298,2228.5000000037253,5139.69999999553,7490.0999999996275,6988.050000000745,2678.7999999988824,,,,,,,,,,,,,
AM65LGXJBTJ0I,ns,15-2,15.0,2000.0,4,1614.2374999821186,2251.2999999523163,1936.8333333333333,,,,,,,,,,,,,,,,,,,,,,,,
AM65LGXJBTJ0I,ns,15-2,15.0,2000.0,5,1150.36833324035,1540.0166666607063,2038.780833387375,2723.0724999864897,,,,,,,,,,,,,,,,,,,,,,,
AM65LGXJBTJ0I,ns,15-2,15.0,2000.0,6,1308.8781249821186,1231.5031249672174,1319.115625038743,1614.5083333601556,2184.9624999811253,,,,,,,,,,,,,,,,,,,,,,
AM65LGXJBTJ0I,ns,15-2,15.0,2000.0,7,1140.0166667302449,1827.324999968211,1487.4083333015442,2100.141666650772,1741.6749999920528,2294.7833333677713,,,,,,,,,,,,,,,,,,,,,
AM65LGXJBTJ0I,ns,15-2,15.0,2000.0,8,2580.099999904633,1553.7999999523165,690.2999999523163,1938.2999999523165,,2599.300000190735,1240.8999998569489,,,,,,,,,,,,,,,,,,,,
AOIR8V07FYMH5,rec,15-2,15.0,2000.0,2,9828.199999999257,,,,,,,,,,,,,,,,,,,,,,,,,,
AOIR8V07FYMH5,rec,15-2,15.0,2000.0,6,2121.2749999882653,2291.5333333450058,3666.0333333453164,2071.800000037998,4370.933333341342,,,,,,,,,,,,,,,,,,,,,,
AOIR8V07FYMH5,rec,15-2,15.0,2000.0,7,1499.51499999209,3407.079166662957,2497.5550000347507,1944.457500029169,3201.2849999985656,5551.129166680077,,,,,,,,,,,,,,,,,,,,,
AOIR8V07FYMH5,rec,15-2,15.0,2000.0,8,2064.019444456531,2922.5541666607996,2470.413888891538,2614.218749994412,2919.062500005588,2948.3604166602404,3474.4833333319984,,,,,,,,,,,,,,,,,,,,
AOIR8V07FYMH5,rec,15-2,15.0,2000.0,9,2330.401666656074,2479.768333335438,2110.854166662693,2097.696666662333,2174.7374999821186,2297.0866666630222,2637.2400000109646,6759.18000001215,,,,,,,,,,,,,,,,,,,
AOIR8V07FYMH5,rec,15-2,15.0,2000.0,10,2191.9999999701977,1921.7999999821186,2237.600000053644,2083.2000000476837,1620.9750000536442,2577.0250000059605,3292.449999988079,2415.2750000059605,2265.024999976158,,,,,,,,,,,,,,,,,,
AR0VJ5XRG16UJ,rec,15-2,15.0,2000.0,8,3894.3333333333335,4773.5,4028.5,6611.666666666667,4232.666666666667,5166.5,3415.0,,,,,,,,,,,,,,,,,,,,
AR0VJ5XRG16UJ,rec,15-2,15.0,2000.0,9,4149.5,3314.666666666667,4186.25,5348.666666666666,5521.833333333333,7270.166666666666,4654.833333333334,5555.416666666666,,,,,,,,,,,,,,,,,,,
AR0VJ5XRG16UJ,rec,15-2,15.0,2000.0,10,4169.5,3489.5,6310.5,8977.5,6687.5,3676.5,11617.0,5276.0,2673.5,,,,,,,,,,,,,,,,,,
AR0VJ5XRG16UJ,rec,15-2,15.0,2000.0,11,5450.375,4062.083333333333,6125.125,3937.0833333333335,3461.375,4847.25,4589.0,5943.125,5122.375,7000.625,,,,,,,,,,,,,,,,,
AR0VJ5XRG16UJ,rec,15-2,15.0,2000.0,12,4022.583333333333,6388.083333333334,5725.833333333333,3779.333333333333,5062.5,4249.5,8605.333333333334,4329.5,5540.0,4800.833333333334,5119.25,,,,,,,,,,,,,,,,
AR0VJ5XRG16UJ,rec,15-2,15.0,2000.0,13,6191.0,4125.0,6058.0,4525.0,7016.0,3217.0,4995.0,4097.5,9376.5,3465.5,6412.5,3585.5,,,,,,,,,,,,,,,
AU5UJIZ3TLI5M,rec,15-2,15.0,2000.0,3,1513.2999999988824,1829.4333333335817,,,,,,,,,,,,,,,,,,,,,,,,,
AU5UJIZ3TLI5M,rec,15-2,15.0,2000.0,4,1397.4666666664805,9043.041666666666,4103.78333333383,,,,,,,,,,,,,,,,,,,,,,,,
AU5UJIZ3TLI5M,rec,15-2,15.0,2000.0,5,3084.8333333329197,3649.988888889138,4747.4999999997935,14853.399999999752,,,,,,,,,,,,,,,,,,,,,,,
AU5UJIZ3TLI5M,rec,15-2,15.0,2000.0,6,2245.050000000745,1710.1000000005588,5575.499999998137,3855.64999999851,3050.100000000559,,,,,,,,,,,,,,,,,,,,,,
AU5UJIZ3TLI5M,rec,15-2,15.0,2000.0,7,1888.2750000003725,1062.675000000745,3043.89999999851,1326.4500000001863,1258.0999999977648,2449.5250000003725,,,,,,,,,,,,,,,,,,,,,
AU5UJIZ3TLI5M,rec,15-2,15.0,2000.0,8,2102.4833333335505,1197.4166666660458,1800.383333333147,3318.733333333706,8397.750000000311,1743.949999999876,9594.499999999689,,,,,,,,,,,,,,,,,,,,
AU5UJIZ3TLI5M,rec,15-2,15.0,2000.0,9,1363.5277777780882,2198.3000000002794,3054.2499999996894,3960.64999999939,5901.577777777592,4625.2499999993015,1604.2444444449309,2027.2000000001863,,,,,,,,,,,,,,,,,,,
AU5UJIZ3TLI5M,rec,15-2,15.0,2000.0,10,1384.3375000001397,1335.6958333330695,1794.5458333336671,4639.970833333248,2182.58333333345,2147.4166666668993,1786.7750000001397,7146.15833333383,3421.0000000006207,,,,,,,,,,,,,,,,,,
AU5UJIZ3TLI5M,rec,15-2,15.0,2000.0,11,1141.5,1043.449999999255,1201.7500000018626,924.3499999996275,1480.800000000745,1032.449999999255,1155.300000000745,2289.2499999981374,2720.0,1857.6000000014901,,,,,,,,,,,,,,,,,
AU5UJIZ3TLI5M,rec,15-2,15.0,2000.0,12,974.9333333338922,1948.9666666667908,2056.583333333954,2219.0666666661077,5268.433333334203,2022.7166666664805,1082.56666666766,1545.0999999991618,11445.400000000684,1946.8333333339542,4256.0,,,,,,,,,,,,,,,,
AU5UJIZ3TLI5M,rec,15-2,15.0,2000.0,14,1346.5,1557.199999999255,1350.199999999255,,816.3000000007451,932.10000000149,2174.89999999851,5341.5,945.10000000149,2025.9000000022352,1703.4000000022352,5597.89999999851,1230.4000000022352,,,,,,,,,,,,,,
AW2UVK63OLFW,ns,15-2,15.0,2000.0,3,,,,,,,,,,,,,,,,,,,,,,,,,,,
AW2UVK63OLFW,ns,15-2,15.0,2000.0,4,3043.700000047684,2255.300000190735,3709.4999998807907,,,,,,,,,,,,,,,,,,,,,,,,
AW2UVK63OLFW,ns,15-2,15.0,2000.0,5,,,3182.099999904633,,,,,,,,,,,,,,,,,,,,,,,,
AW2UVK63OLFW,ns,15-2,15.0,2000.0,6,4486.400000095367,2865.899999856949,3166.099999904633,5891.200000047684,5389.199999809265,,,,,,,,,,,,,,,,,,,,,,
AW2UVK63OLFW,ns,15-2,15.0,2000.0,7,3033.066666841507,1452.3000000715258,4473.399999856949,7413.900000095367,4260.999999920527,4646.600000143051,,,,,,,,,,,,,,,,,,,,,
AW2UVK63OLFW,ns,15-2,15.0,2000.0,8,3183.037499964237,3344.0187500417233,3898.574999988079,2396.36250013113,2999.25,3156.783333367772,3898.7083333432674,,,,,,,,,,,,,,,,,,,,
AW2UVK63OLFW,ns,15-2,15.0,2000.0,9,3244.687499980132,2984.124999920527,2688.7562500039735,2575.0916666587195,3683.4111110369363,3191.9833331902823,3107.674999992053,3444.5833333730698,,,,,,,,,,,,,,,,,,,
AW2UVK63OLFW,ns,15-2,15.0,2000.0,10,4204.8600000858305,3074.611111150847,2975.375,4773.091666777928,3146.474999917878,4031.29999991258,4008.408333301544,2828.7000000476837,3797.833333426052,,,,,,,,,,,,,,,,,,
AW2UVK63OLFW,ns,15-2,15.0,2000.0,11,6450.299999952315,3147.4500000476837,3022.9500000476837,3401.225000143051,3571.6999999284744,3290.449999809265,3651.399999976158,5438.700000166893,2748.9999998807907,11513.200000286102,,,,,,,,,,,,,,,,,
AW2UVK63OLFW,ns,15-2,15.0,2000.0,12,3139.2999997138977,4249.0,2273.099999904633,4411.800000190735,5727.900000095367,,6535.599999904633,,4617.200000286102,8959.5,,,,,,,,,,,,,,,,,
AW2UVK63OLFW,ns,15-2,15.0,2000.0,13,3116.75,2889.850000143051,3553.2999999523163,3544.2000002861023,3196.350000143051,3982.3499999046326,4256.300000190735,2401.2000000476837,3859.3499999046326,3186.850000143051,4515.349999904633,2187.8999996185303,,,,,,,,,,,,,,,
AW2UVK63OLFW,ns,15-2,15.0,2000.0,14,3176.699999809265,2325.8999996185303,2242.8999996185303,3241.4000000953674,3532.0,2005.199999809265,3602.199999809265,2297.300000190735,2016.8000001907349,3513.9000000953674,2071.7999997138977,2209.300000190735,2404.7000002861023,,,,,,,,,,,,,,
AW5O1RK3W60FC,rec,15-2,15.0,2000.0,4,2943.5999999940395,2592.7000000178814,35905.40000000596,,,,,,,,,,,,,,,,,,,,,,,,
AW5O1RK3W60FC,rec,15-2,15.0,2000.0,5,2357.5749999955297,2382.874999991618,4204.975000006147,14626.387499991804,,,,,,,,,,,,,,,,,,,,,,,
AW5O1RK3W60FC,rec,15-2,15.0,2000.0,6,2377.4999999962747,2610.4500000011176,2081.800000000745,2634.2500000018626,6896.650000009686,,,,,,,,,,,,,,,,,,,,,,
AW5O1RK3W60FC,rec,15-2,15.0,2000.0,7,2470.318750000559,2299.09375,2858.431250010617,3269.581250000745,7651.762500002359,9318.156249999069,,,,,,,,,,,,,,,,,,,,,
AW5O1RK3W60FC,rec,15-2,15.0,2000.0,8,3152.683333327683,2813.6833333283043,5293.499999993171,6203.804166664369,5251.208333335817,6455.33333333085,11904.466666663688,,,,,,,,,,,,,,,,,,,,
AW5O1RK3W60FC,rec,15-2,15.0,2000.0,9,2869.0666666679704,3000.620833333116,3022.166666672565,4438.933333341342,3110.358333335258,6514.204166667536,3868.5291666674116,8596.21250000472,,,,,,,,,,,,,,,,,,,
AW5O1RK3W60FC,rec,15-2,15.0,2000.0,10,2776.7125000045635,2514.824999999255,2831.8874999969266,2730.175000002142,3452.3250000011176,3655.8374999864027,3535.1249999934807,11029.674999999814,11907.325000006706,,,,,,,,,,,,,,,,,,
AW5O1RK3W60FC,rec,15-2,15.0,2000.0,11,3960.4499999973923,2333.9750000024214,3144.5999999996275,3210.250000002794,3106.9250000044703,2906.1749999970198,5410.375,3252.9999999962747,5322.424999999814,7061.8499999996275,,,,,,,,,,,,,,,,,
AW5O1RK3W60FC,rec,15-2,15.0,2000.0,12,2527.925000006333,2395.625,2694.2749999938533,4369.550000008196,2406.799999994226,2251.999999990687,2426.6249999990687,4756.800000006333,2617.5499999970198,8448.97500000894,13702.350000006147,,,,,,,,,,,,,,,,
AWRY5SC68T0DC,prim,15-2,15.0,2000.0,2,,,,,,,,,,,,,,,,,,,,,,,,,,,
AWRY5SC68T0DC,prim,15-2,15.0,2000.0,4,9366.25,7017.333333333333,2956.1111111111113,,,,,,,,,,,,,,,,,,,,,,,,
AWRY5SC68T0DC,prim,15-2,15.0,2000.0,5,2789.0,3594.0,6842.5,2642.6666666666665,,,,,,,,,,,,,,,,,,,,,,,
AWRY5SC68T0DC,prim,15-2,15.0,2000.0,6,3797.3333333333335,3194.3333333333335,2861.3333333333335,4381.666666666667,5259.5,,,,,,,,,,,,,,,,,,,,,,
AWRY5SC68T0DC,prim,15-2,15.0,2000.0,7,3695.8333333333335,3122.75,2678.8888888888887,2711.0,4267.166666666667,4427.833333333333,,,,,,,,,,,,,,,,,,,,,
AWRY5SC68T0DC,prim,15-2,15.0,2000.0,8,3773.1666666666665,3263.75,4016.25,2789.3125,3034.0833333333335,3333.944444444445,3024.2083333333335,,,,,,,,,,,,,,,,,,,,
AWRY5SC68T0DC,prim,15-2,15.0,2000.0,9,3207.3333333333335,4327.5,2643.3333333333335,3448.8333333333335,2734.75,9151.333333333334,2191.25,2468.0,,,,,,,,,,,,,,,,,,,
AWRY5SC68T0DC,prim,15-2,15.0,2000.0,10,3093.833333333333,2180.5,2414.0,4280.666666666667,2816.25,2636.75,3183.0,3324.5,2595.166666666667,,,,,,,,,,,,,,,,,,
AWTCGY2CL1T68,prim,15-2,15.0,2000.0,5,4094.5,3189.5,5064.0,3372.0,,,,,,,,,,,,,,,,,,,,,,,
AWTCGY2CL1T68,prim,15-2,15.0,2000.0,6,6791.0,2356.0,3176.0,4393.0,,,,,,,,,,,,,,,,,,,,,,,
AWTCGY2CL1T68,prim,15-2,15.0,2000.0,7,3243.5,,4549.0,2993.3333333333335,2693.0,2557.0,,,,,,,,,,,,,,,,,,,,,
AWTCGY2CL1T68,prim,15-2,15.0,2000.0,8,3595.1666666666665,3019.1666666666665,4130.5,3628.0,3691.875,2981.25,3612.3333333333335,,,,,,,,,,,,,,,,,,,,
AWTCGY2CL1T68,prim,15-2,15.0,2000.0,9,5237.583333333333,3147.7291666666665,3531.975,4225.166666666667,3742.5875,4256.604166666667,3730.0,4406.508333333333,,,,,,,,,,,,,,,,,,,
AWTCGY2CL1T68,prim,15-2,15.0,2000.0,10,3635.1666666666665,3588.0,4206.888888888889,3106.777777777778,3603.055555555555,2829.25,3500.5,5258.611111111111,3785.3333333333335,,,,,,,,,,,,,,,,,,
AWTCGY2CL1T68,prim,15-2,15.0,2000.0,11,3514.222222222222,3536.0,3091.5,2946.444444444445,3760.666666666667,3402.625,3161.0,4095.0,4176.375,4296.833333333334,,,,,,,,,,,,,,,,,
AWTCGY2CL1T68,prim,15-2,15.0,2000.0,12,2931.0,,,3026.0,2169.0,2722.0,3632.0,,2948.0,2480.0,4141.0,,,,,,,,,,,,,,,,
AXSBX0MCQNG3A,prim,15-2,15.0,2000.0,4,1304.0,4700.0,2976.0,,,,,,,,,,,,,,,,,,,,,,,,
AXSBX0MCQNG3A,prim,15-2,15.0,2000.0,5,2122.0,12392.0,3621.0,3063.0,,,,,,,,,,,,,,,,,,,,,,,
AXSBX0MCQNG3A,prim,15-2,15.0,2000.0,6,3649.75,4178.875,3458.0,3625.3333333333335,4634.5,,,,,,,,,,,,,,,,,,,,,,
AXSBX0MCQNG3A,prim,15-2,15.0,2000.0,7,3311.5,3108.0,3615.0,4596.5,4726.083333333333,3069.0833333333335,,,,,,,,,,,,,,,,,,,,,
AXSBX0MCQNG3A,prim,15-2,15.0,2000.0,8,3614.1666666666665,3120.3333333333335,3863.5416666666665,4322.416666666666,3883.375,3832.166666666667,4032.791666666667,,,,,,,,,,,,,,,,,,,,
AXSBX0MCQNG3A,prim,15-2,15.0,2000.0,9,4004.75,4630.666666666667,3699.375,3101.8333333333335,3597.5,4008.3333333333335,3731.3333333333335,3030.5,,,,,,,,,,,,,,,,,,,
AXSBX0MCQNG3A,prim,15-2,15.0,2000.0,10,3168.5,3959.25,3771.7777777777774,3230.3333333333335,3240.8888888888887,2821.5,2926.1111111111113,2904.5,3489.833333333333,,,,,,,,,,,,,,,,,,
AXSBX0MCQNG3A,prim,15-2,15.0,2000.0,11,3520.0,2696.0,3661.0,3643.0,3832.5,3933.0,2992.0,4414.0,3699.5,5485.0,,,,,,,,,,,,,,,,,
AXSBX0MCQNG3A,prim,15-2,15.0,2000.0,12,3216.0,1287.0,2876.0,,3951.0,3124.0,2814.0,2663.0,4512.0,6588.0,2943.0,,,,,,,,,,,,,,,,
AXSBX0MCQNG3A,prim,15-2,15.0,2000.0,13,2572.0,4771.0,3995.0,2709.0,4942.0,9839.0,2773.0,,3475.0,3170.0,2759.0,3469.0,,,,,,,,,,,,,,,
A14WLAP6TCEKO0,rec,30-1,30.0,1000.0,4,4554.725000016391,4711.013888882266,6034.700000016225,,,,,,,,,,,,,,,,,,,,,,,,
A14WLAP6TCEKO0,rec,30-1,30.0,1000.0,5,4354.341666702181,5801.641666670641,13397.700000000497,5850.88333333532,,,,,,,,,,,,,,,,,,,,,,,
A14WLAP6TCEKO0,rec,30-1,30.0,1000.0,6,6347.40833332638,5119.441666677594,4700.933333327373,6652.416666666667,6117.262499988079,,,,,,,,,,,,,,,,,,,,,,
A14WLAP6TCEKO0,rec,30-1,30.0,1000.0,7,4591.227777789864,5124.016666692992,5363.133333336976,6343.41111110813,6045.133333315452,8452.338888872,,,,,,,,,,,,,,,,,,,,,
A14WLAP6TCEKO0,rec,30-1,30.0,1000.0,8,4707.3499999940395,2828.3500000014906,5708.94999999553,4614.3499999940395,9888.95000000298,4934.5999999940395,5971.149999991059,,,,,,,,,,,,,,,,,,,,
A14WLAP6TCEKO0,rec,30-1,30.0,1000.0,9,4409.299999992053,5633.266666630904,3642.4000000158944,7193.666666646798,2391.1000000039735,5547.899999976158,3842.0333333412805,3054.2999999920526,,,,,,,,,,,,,,,,,,,
A14WLAP6TCEKO0,rec,30-1,30.0,1000.0,10,5560.925000023097,5570.150000002235,4786.874999951571,3963.025000050664,7121.124999977648,4165.500000074506,3169.85000000149,7899.275000046939,6676.049999978393,,,,,,,,,,,,,,,,,,
A14WLAP6TCEKO0,rec,30-1,30.0,1000.0,11,,9825.299999952316,3570.2999999523163,2173.899999856949,10650.599999904633,2701.7999999523163,2457.200000047684,3132.800000190735,,4411.399999856949,,,,,,,,,,,,,,,,,
A14WLAP6TCEKO0,rec,30-1,30.0,1000.0,12,9892.299999952316,10843.599999904633,3693.5,2822.9000000953674,7628.900000095367,3582.2999999523163,4122.0,6615.600000143051,3147.099999904633,2541.5,7161.5,,,,,,,,,,,,,,,,
A14WLAP6TCEKO0,rec,30-1,30.0,1000.0,13,4220.140000009536,2909.4800000190735,7437.1,6654.799999952316,2717.2400000095367,5831.880000019073,5509.680000019073,5914.760000038147,4346.15999994278,4664.500000047684,6762.799999952316,3740.6800000190733,,,,,,,,,,,,,,,
A14WLAP6TCEKO0,rec,30-1,30.0,1000.0,14,8221.399999856949,2716.7999999523163,4517.400000095367,14113.299999952316,5010.099999904633,2551.2999999523163,11121.199999809263,6855.100000143051,3760.0,2837.2999999523163,8691.900000095367,1958.5999999046328,3668.599999904633,,,,,,,,,,,,,,
A14WLAP6TCEKO0,rec,30-1,30.0,1000.0,15,3254.8000000715256,3368.9999998807907,1968.0999999046328,5077.499999880791,3037.350000023842,6936.700000047684,5110.200000047684,6675.949999928474,2446.0,8570.299999952316,2814.399999976158,5473.049999952316,5269.600000023842,3523.5,,,,,,,,,,,,,
A14WLAP6TCEKO0,rec,30-1,30.0,1000.0,16,2896.899999856949,2097.5,7691.099999904633,3069.4000000953674,2951.700000047684,9900.799999952316,3164.7999999523163,2631.700000047684,3145.599999904633,11170.799999952316,2383.5,2460.7999999523163,8366.299999952316,2172.4000000953674,2028.0999999046328,,,,,,,,,,,,
A15V9BXNJXZXZX,ns,30-1,30.0,1000.0,3,3420.0,4420.800000000745,,,,,,,,,,,,,,,,,,,,,,,,,
A15V9BXNJXZXZX,ns,30-1,30.0,1000.0,12,17659.549999999814,4045.75,4788.450000000186,2732.2000000005355,2253.4000000001397,4748.850000000326,3651.9499999999534,3665.400000000489,5835.249999999418,3226.5,3123.100000000093,,,,,,,,,,,,,,,,
A15V9BXNJXZXZX,ns,30-1,30.0,1000.0,14,5036.09999999986,,2934.0999999998603,4119.59999999986,4201.0,6020.90000000014,3277.2000000001863,4577.300000000047,2380.0999999998603,5804.199999999953,,5729.0,5311.300000000047,,,,,,,,,,,,,,
A15V9BXNJXZXZX,ns,30-1,30.0,1000.0,15,3604.9333333329996,4287.88333333303,3870.850000000016,4379.575000000186,4282.883333333419,6335.20000000007,5717.300000000125,3860.0499999998915,4752.416666666899,4083.7333333333568,6064.174999999872,4819.300000000008,4738.450000000032,4313.349999999783,,,,,,,,,,,,,
A15V9BXNJXZXZX,ns,30-1,30.0,1000.0,16,5282.650000000343,4334.812500000437,3977.774999999965,4819.862499999901,3877.9124999999185,3703.900000000101,4867.549999999814,3798.92499999993,3798.099999999802,4145.52500000014,4354.987500000221,4565.187500000087,7256.78750000018,4606.883333333458,4237.274999999965,,,,,,,,,,,,
A15V9BXNJXZXZX,ns,30-1,30.0,1000.0,17,4481.8555555556795,4700.099999999989,3542.8499999999117,5278.355555555421,4007.5888888890236,3363.522222222036,3598.877777777716,4160.588888889127,3383.0222222225534,4962.655555555234,5124.144444444424,5417.32222222216,4092.0888888889203,4380.161111111339,4778.333333333127,4985.772222222321,,,,,,,,,,,
A15V9BXNJXZXZX,ns,30-1,30.0,1000.0,18,4225.096666666353,5675.566666666884,3361.869999999972,3532.154999999842,3584.3866666663594,3465.8016666667377,3888.125000000062,3732.541666667039,3952.4233333334328,3869.9216666666166,4411.74333333311,3614.383333333277,4152.2499999998445,4065.539999999996,3869.6533333336624,5397.464444444421,5003.166666666511,,,,,,,,,,
A15V9BXNJXZXZX,ns,30-1,30.0,1000.0,19,3098.766666666139,4976.666666666511,4266.933333333426,3477.7333333335505,4157.199999999721,2849.2333333333954,7261.10000000056,3693.6333333334574,3925.5,3574.433333333271,3952.466666666636,2939.366666666853,2872.899999999674,4906.900000000217,3418.266666666915,3512.966666666791,5338.700000000186,5182.200000000031,,,,,,,,,
A15V9BXNJXZXZX,ns,30-1,30.0,1000.0,20,3799.883333333768,3466.2500000002588,4374.822222222057,3224.416666666615,4292.605555555577,3943.355555555731,3730.5,3762.3166666663406,3357.966666666791,3309.9999999996894,3190.3555555554726,3415.466666666687,3770.966666666584,3174.211111111152,4266.099999999938,4475.794444444745,6271.022222221932,3331.4833333333954,5455.238888888827,,,,,,,,
A15V9BXNJXZXZX,ns,30-1,30.0,1000.0,21,3249.024999999907,2520.774999999907,2442.0250000003725,3408.9500000001863,2608.4000000003725,3740.9250000002794,4379.949999999721,3616.774999999441,3240.600000000093,4681.975000000093,4273.699999999721,3311.100000000093,3832.3249999997206,4027.4500000001863,2611.2249999996275,3734.5500000002794,4164.524999999907,4019.299999999814,3903.850000000559,3260.7000000001863,,,,,,,
A15V9BXNJXZXZX,ns,30-1,30.0,1000.0,22,3366.2999999998137,2396.100000000093,2091.600000000093,2624.9000000003725,2861.100000000093,2461.899999999907,2856.2000000001863,4018.100000000093,1871.0,3104.100000000093,4296.599999999628,8181.5,2126.2999999998137,3344.600000000093,2177.7000000001863,3141.0,,3740.899999999907,,3835.399999999907,3863.1999999997206,,,,,,
A16335MOISDG1F,rec,30-1,30.0,1000.0,3,1609.2999999998135,6582.299999999814,,,,,,,,,,,,,,,,,,,,,,,,,
A16335MOISDG1F,rec,30-1,30.0,1000.0,4,4611.200000000186,1053.8999999994412,2130.4000000003725,,,,,,,,,,,,,,,,,,,,,,,,
A16335MOISDG1F,rec,30-1,30.0,1000.0,5,1313.625,2206.2750000003725,3370.724999999628,3798.4999999990687,,,,,,,,,,,,,,,,,,,,,,,
A16335MOISDG1F,rec,30-1,30.0,1000.0,6,1608.3861111113545,3011.450000000057,3337.872222222258,4265.944444444548,5589.025000000217,,,,,,,,,,,,,,,,,,,,,,
A16335MOISDG1F,rec,30-1,30.0,1000.0,7,1787.6395833332692,1665.4916666666493,2138.616666666542,2796.5124999999534,5130.0229166669305,8155.437500000233,,,,,,,,,,,,,,,,,,,,,
A16335MOISDG1F,rec,30-1,30.0,1000.0,8,1501.5541666664649,2122.881249999725,1907.0645833334809,2910.2041666665464,3730.4416666667094,5540.3625000000075,11687.547916666663,,,,,,,,,,,,,,,,,,,,
A16335MOISDG1F,rec,30-1,30.0,1000.0,9,1867.0749999999923,2066.6333333334383,2711.991666666601,1955.8916666665657,2154.8874999997497,4784.958333333081,11659.174999999697,16011.583333333101,,,,,,,,,,,,,,,,,,,
A16335MOISDG1F,rec,30-1,30.0,1000.0,10,1365.86666666662,1278.1500000001397,1277.2999999999688,2911.25,5917.966666666635,2466.1333333333796,4641.949999999721,6195.125000000233,5305.36666666662,,,,,,,,,,,,,,,,,,
A17FJLW818UEQU,rec,30-1,30.0,1000.0,7,2683.0,4322.0,4045.0,4692.5,3613.0,5152.0,,,,,,,,,,,,,,,,,,,,,
A17FJLW818UEQU,rec,30-1,30.0,1000.0,8,3471.5,2751.0,2622.0,4852.0,4727.0,2754.5,4326.25,,,,,,,,,,,,,,,,,,,,
A17FJLW818UEQU,rec,30-1,30.0,1000.0,9,4274.416666666666,3814.5,3645.666666666667,2530.666666666667,4664.333333333333,3453.6666666666665,3624.916666666667,4781.833333333333,,,,,,,,,,,,,,,,,,,
A17FJLW818UEQU,rec,30-1,30.0,1000.0,10,3990.0,3040.6666666666665,3585.5833333333335,4020.4166666666665,3505.1666666666665,4787.333333333333,3641.4166666666665,4273.055555555556,3850.5833333333335,,,,,,,,,,,,,,,,,,
A17FJLW818UEQU,rec,30-1,30.0,1000.0,11,3578.3888888888887,3594.444444444444,4556.277777777778,4500.833333333333,3099.8333333333335,3330.8888888888887,3296.277777777778,3546.5,3757.3333333333335,5219.11111111111,,,,,,,,,,,,,,,,,
A17FJLW818UEQU,rec,30-1,30.0,1000.0,12,3021.916666666667,3277.666666666667,3599.333333333333,3344.75,3968.8333333333335,3521.916666666667,6312.25,3142.6,3351.833333333333,3245.1,3901.0,,,,,,,,,,,,,,,,
A17FJLW818UEQU,rec,30-1,30.0,1000.0,13,2439.75,4075.0,2753.25,4091.0,4035.0,3338.0,2965.25,2424.75,2838.25,4940.25,3948.25,4499.0,,,,,,,,,,,,,,,
A17FJLW818UEQU,rec,30-1,30.0,1000.0,14,2662.0,3368.0,8422.5,3426.5,4540.0,3323.5,2501.5,4264.0,3801.5,3323.5,3016.0,2473.5,2190.5,,,,,,,,,,,,,,
A186PT9ZLO5EJD,prim,30-1,30.0,1000.0,6,4795.699999999255,4505.800000000745,,,3525.699999999255,,,,,,,,,,,,,,,,,,,,,,
A186PT9ZLO5EJD,prim,30-1,30.0,1000.0,9,5415.8499999996275,3653.050000000745,3867.9333333335817,3760.4249999998137,4116.833333333333,3135.25,4700.166666666667,3632.400000002235,,,,,,,,,,,,,,,,,,,
A186PT9ZLO5EJD,prim,30-1,30.0,1000.0,11,5013.70000000298,3925.79999999702,,,3408.199999999255,,6494.300000000745,,3772.099999997765,4487.800000000745,,,,,,,,,,,,,,,,,
A186PT9ZLO5EJD,prim,30-1,30.0,1000.0,12,7099.049999998882,4310.949999999255,3303.5999999996275,3919.89999999851,4899.0999999996275,4101.524999999441,6790.400000002235,3931.7499999990687,3542.925000000745,5612.3499999996275,4474.5,,,,,,,,,,,,,,,,
A186PT9ZLO5EJD,prim,30-1,30.0,1000.0,13,4940.10000000149,3510.199999999255,3946.89999999851,3712.425000000745,6390.200000000186,4442.624999999069,2967.8749999990687,3621.0999999996275,4233.800000000745,4366.974999998696,5103.174999999814,4245.950000001118,,,,,,,,,,,,,,,
A186PT9ZLO5EJD,prim,30-1,30.0,1000.0,14,4592.425000000745,4302.8166666670395,4879.4999999987585,4974.925000000745,3814.450000000497,7112.500000001242,3315.050000000745,3887.5333333344506,5744.049999999814,4464.858333333084,4035.375,7245.850000000559,4062.4833333337056,,,,,,,,,,,,,,
A186PT9ZLO5EJD,prim,30-1,30.0,1000.0,16,3921.5999999996275,4601.35000000149,4255.10000000149,4583.9000000003725,4337.5999999996275,4777.9749999996275,5747.39999999851,6005.625,4357.97500000149,3832.9500000011176,4206.77499999851,3338.6749999998137,4265.024999999441,4237.299999999814,5194.975000000559,,,,,,,,,,,,
A186PT9ZLO5EJD,prim,30-1,30.0,1000.0,17,3992.800000000745,2708.10000000149,4759.099999997765,3730.0,5456.60000000149,3287.70000000298,,3265.0,2879.60000000149,3812.39999999851,2456.699999999255,5575.70000000298,4172.60000000149,3513.599999997765,3604.89999999851,3904.900000002235,,,,,,,,,,,
A1AS1H21O9896X,ns,30-1,30.0,1000.0,2,,,,,,,,,,,,,,,,,,,,,,,,,,,
A1AS1H21O9896X,ns,30-1,30.0,1000.0,3,,,,,,,,,,,,,,,,,,,,,,,,,,,
A1AS1H21O9896X,ns,30-1,30.0,1000.0,4,7640.050000011921,5273.650000020862,8112.849999964237,,,,,,,,,,,,,,,,,,,,,,,,
A1AS1H21O9896X,ns,30-1,30.0,1000.0,5,5667.216666638851,4150.0833333233995,8621.366666624943,5860.249999990066,,,,,,,,,,,,,,,,,,,,,,,
A1AS1H21O9896X,ns,30-1,30.0,1000.0,6,5021.962500025829,6047.312499985099,4235.316666622956,5058.745833339791,5235.4555555366815,,,,,,,,,,,,,,,,,,,,,,
A1AS1H21O9896X,ns,30-1,30.0,1000.0,7,3684.900000025829,4080.8333333333335,5519.3499999940395,4249.41666662693,5462.211111131642,7088.816666672627,,,,,,,,,,,,,,,,,,,,,
A1AS1H21O9896X,ns,30-1,30.0,1000.0,8,4245.9291666559875,4784.308333345999,6592.808333334823,5042.558333316197,6054.637500005464,5227.699999986838,7488.791666674117,,,,,,,,,,,,,,,,,,,,
A1AS1H21O9896X,ns,30-1,30.0,1000.0,9,5649.199999988079,5918.066666682561,3669.183333337307,13490.024999976158,5125.466666678588,5104.5333333313465,4249.600000023842,7988.566666672627,,,,,,,,,,,,,,,,,,,
A1AS1H21O9896X,ns,30-1,30.0,1000.0,10,3563.266666690509,5198.75,4274.650000035763,5104.375000014901,3515.416666666667,11422.775000065565,4877.9375,3899.3125,4832.133333365123,,,,,,,,,,,,,,,,,,
A1AS1H21O9896X,ns,30-1,30.0,1000.0,15,6325.59999999404,5182.199999988079,3126.0999999940395,6993.699999988079,3874.400000005961,5553.899999976158,4262.4000000059605,8953.5,4394.299999982119,5625.4000000059605,2654.5999999940395,4913.700000017881,4640.5,7486.0,,,,,,,,,,,,,
A1AYTKAQT201ZV,prim,30-1,30.0,1000.0,6,2569.0,,5564.5,4541.0,5385.0,,,,,,,,,,,,,,,,,,,,,,
A1AYTKAQT201ZV,prim,30-1,30.0,1000.0,7,,5467.0,3747.5,3814.75,3851.0,3505.0,,,,,,,,,,,,,,,,,,,,,
A1AYTKAQT201ZV,prim,30-1,30.0,1000.0,8,3709.0,3355.0,,3976.0,6845.0,5851.5,5862.5,,,,,,,,,,,,,,,,,,,,
A1AYTKAQT201ZV,prim,30-1,30.0,1000.0,9,4238.5,3827.0,4348.0,5436.666666666667,5295.833333333333,4203.333333333334,5088.5,4222.944444444444,,,,,,,,,,,,,,,,,,,
A1AYTKAQT201ZV,prim,30-1,30.0,1000.0,10,4196.777777777777,3679.6666666666665,4478.25,7589.5,4964.0,4546.833333333333,4257.166666666667,5009.666666666667,4888.833333333333,,,,,,,,,,,,,,,,,,
A1AYTKAQT201ZV,prim,30-1,30.0,1000.0,11,5403.444444444444,5357.88888888889,4195.833333333333,5182.333333333334,5725.333333333333,5453.388888888889,4405.277777777778,4554.5,4192.88888888889,5632.333333333333,,,,,,,,,,,,,,,,,
A1AYTKAQT201ZV,prim,30-1,30.0,1000.0,12,4245.333333333333,3948.4166666666665,4210.583333333333,4570.222222222223,3684.666666666667,5004.166666666667,5501.333333333334,5309.333333333333,5248.958333333333,4212.333333333333,5694.333333333333,,,,,,,,,,,,,,,,
A1AYTKAQT201ZV,prim,30-1,30.0,1000.0,13,2594.0,3268.5,6054.333333333333,3743.3333333333335,3916.0,6325.0,3807.3333333333335,2948.6666666666665,4728.833333333333,6241.0,6146.0,4093.6666666666665,,,,,,,,,,,,,,,
A1AYTKAQT201ZV,prim,30-1,30.0,1000.0,15,4687.75,4326.5,3972.0,4109.166666666667,4030.5,5425.833333333333,5153.0,4868.0,3906.3333333333335,4787.166666666667,3705.0,4024.0,5352.0,5550.0,,,,,,,,,,,,,
A1AYTKAQT201ZV,prim,30-1,30.0,1000.0,17,2858.0,5173.0,3382.0,6936.0,8425.0,3018.0,3649.0,3276.0,4005.0,3348.0,,,3938.0,4891.0,3368.0,3063.0,,,,,,,,,,,
A1EII5EWOTBDK9,rec,30-1,30.0,1000.0,6,11422.0,5248.0,6305.0,6396.0,,,,,,,,,,,,,,,,,,,,,,,
A1EII5EWOTBDK9,rec,30-1,30.0,1000.0,7,9377.666666666666,9646.833333333334,9478.875,7659.25,8947.416666666666,6439.958333333333,,,,,,,,,,,,,,,,,,,,,
A1EII5EWOTBDK9,rec,30-1,30.0,1000.0,8,8359.0,5587.0,9792.333333333332,8210.5,10497.0,7300.166666666666,12953.5,,,,,,,,,,,,,,,,,,,,
A1EII5EWOTBDK9,rec,30-1,30.0,1000.0,9,7035.375,9851.5,6962.958333333333,6017.666666666667,6550.875,6096.333333333333,6795.875,8810.0,,,,,,,,,,,,,,,,,,,
A1EII5EWOTBDK9,rec,30-1,30.0,1000.0,10,5978.5,7181.527777777778,5737.083333333333,6055.25,6244.027777777777,5186.222222222222,6292.972222222223,6217.777777777777,9607.638888888889,,,,,,,,,,,,,,,,,,
A1EII5EWOTBDK9,rec,30-1,30.0,1000.0,11,5725.5625,6938.75,5205.0,6130.291666666667,6825.1875,5923.25,6246.944444444444,6871.75,8039.375,6565.75,,,,,,,,,,,,,,,,,
A1EII5EWOTBDK9,rec,30-1,30.0,1000.0,12,6716.5,6494.5,5939.833333333333,6161.5,6504.833333333333,6602.0,5874.166666666667,8700.5,5145.833333333333,7801.666666666667,7880.166666666667,,,,,,,,,,,,,,,,
A1EII5EWOTBDK9,rec,30-1,30.0,1000.0,13,5792.0,4746.0,6231.5,3994.0,7730.0,5513.0,5183.0,6670.0,9120.0,4792.5,5319.0,6037.5,,,,,,,,,,,,,,,
A1EII5EWOTBDK9,rec,30-1,30.0,1000.0,14,11121.0,5512.0,7362.0,4518.0,4911.0,3832.0,5248.0,7654.0,4427.0,4360.0,5323.0,5361.0,5687.0,,,,,,,,,,,,,,
A1F9KLZGHE9DTA,rec,30-1,30.0,1000.0,11,1440.0999999977648,1072.89999999851,2048.60000000149,3583.20000000298,1341.0,,1471.0999999977648,2649.5,2752.0,4089.699999999255,,,,,,,,,,,,,,,,,
A1F9KLZGHE9DTA,rec,30-1,30.0,1000.0,13,2284.950000008568,3981.5499999988824,6312.349999990315,4175.4500000067055,3553.499999994412,2057.7000000178814,3198.2000000011176,2086.0999999884516,4409.700000017881,3125.8999999966472,8264.899999976158,3168.5999999940395,,,,,,,,,,,,,,,
A1F9KLZGHE9DTA,rec,30-1,30.0,1000.0,14,1872.699999993667,2202.9624999938533,1735.0499999970198,3030.6249999981374,1803.4375000037253,3129.4125000024214,1708.8625000044703,2551.925000000745,1846.875000002794,1823.0749999983236,2904.6250000037253,6285.2333333392935,2340.599999995902,,,,,,,,,,,,,,
A1F9KLZGHE9DTA,rec,30-1,30.0,1000.0,15,2032.295833335258,2683.3999999961816,2377.587500000062,1791.383333330353,2135.7125000065816,2877.679166662817,2206.758333336252,2040.4458333333023,2036.6333333405978,1952.9458333263174,2443.4958333469303,2572.6583333335193,2747.1750000001243,2768.625000009779,,,,,,,,,,,,,
A1F9KLZGHE9DTA,rec,30-1,30.0,1000.0,16,1532.1291666653317,2343.4124999930305,2605.622916671137,2083.954166667536,1577.7374999997362,1668.454166662569,1908.5000000021732,1825.8520833288785,1585.4020833332713,2614.3958333404735,2289.2249999924097,2696.7583333329917,2790.1000000047497,2469.187499994412,6960.587499997889,,,,,,,,,,,,
A1F9KLZGHE9DTA,rec,30-1,30.0,1000.0,17,1858.9900000007824,2149.912499997765,2258.7650000007825,1984.5399999959395,1692.8400000125168,1517.9100000010803,1713.3200000012914,1803.0316666721055,1529.485000005675,1727.8333333404735,1885.7874999996275,1940.6575000027194,1782.118333333917,2484.1716666639472,2869.7733333307006,4122.833333343681,,,,,,,,,,,
A1F9KLZGHE9DTA,rec,30-1,30.0,1000.0,18,2226.916666675359,1242.1333333328366,3125.0833333370583,2103.5333333313465,1744.1499999972682,2657.0500000057123,2013.7833333313465,1813.0000000049672,1723.533333328863,2044.499999991308,1950.7166666674116,1748.3166666689017,2312.5333333338303,2812.85000000149,3025.1666666666665,1680.7666666631899,3566.29999999702,,,,,,,,,,
A1F9KLZGHE9DTA,rec,30-1,30.0,1000.0,19,1499.333333333333,1969.7333333293598,2117.266666660706,3816.933333347241,2296.399999986092,1454.933333337307,1643.3333333134651,2068.933333327373,2219.066666672627,2421.433333337307,2067.6499999910593,2121.233333349228,2012.1500000059605,2640.933333327373,2342.5,4644.466666678588,3167.5,8336.29999999702,,,,,,,,,
A1F9KLZGHE9DTA,rec,30-1,30.0,1000.0,20,1015.600000023842,1414.5,1815.300000011921,1779.0999999642372,1366.699999988079,1463.399999976158,1876.699999988079,1853.7999999523165,1169.0,1064.5,4103.800000011921,,1393.300000011921,2088.7999999523163,1092.0,1414.5,3661.800000011921,1839.7999999523165,1339.699999988079,,,,,,,,
A1IGKJ200N82S9,rec,30-1,30.0,1000.0,6,3252.75,2491.3333333333335,3397.0,4721.0,5014.0,,,,,,,,,,,,,,,,,,,,,,
A1IGKJ200N82S9,rec,30-1,30.0,1000.0,7,3875.0,2867.375,2628.0,3859.625,4993.5,3457.5,,,,,,,,,,,,,,,,,,,,,
A1IGKJ200N82S9,rec,30-1,30.0,1000.0,8,2364.0,3472.6666666666665,2676.6666666666665,2751.3333333333335,2372.0,4826.0,5576.0,,,,,,,,,,,,,,,,,,,,
A1IGKJ200N82S9,rec,30-1,30.0,1000.0,9,2652.5,3965.0,3028.5,3511.25,3817.25,3468.75,2915.5,5351.0,,,,,,,,,,,,,,,,,,,
A1IGKJ200N82S9,rec,30-1,30.0,1000.0,10,5025.0,3757.8888888888887,3884.1111111111113,3188.6666666666665,4097.222222222223,3320.222222222222,4407.833333333333,4781.555555555556,4669.5,,,,,,,,,,,,,,,,,,
A1IGKJ200N82S9,rec,30-1,30.0,1000.0,11,3007.508333333333,3749.3625,3331.5875,3104.0208333333335,4479.3625,3420.75,4353.0,3670.025,3508.075,4087.6625,,,,,,,,,,,,,,,,,
A1IGKJ200N82S9,rec,30-1,30.0,1000.0,12,3664.277777777778,3672.6666666666665,3082.8333333333335,3850.305555555556,4125.166666666667,4890.86111111111,3169.8333333333335,4856.944444444444,3895.75,3743.0833333333335,3954.6666666666665,,,,,,,,,,,,,,,,
A1IGKJ200N82S9,rec,30-1,30.0,1000.0,13,4077.5,4443.0,3397.8333333333335,3614.0,3053.1666666666665,5734.666666666667,3436.3333333333335,4055.5,3374.0,4726.5,3873.6666666666665,6024.666666666667,,,,,,,,,,,,,,,
A1KGUJMWDCPSYG,rec,30-1,30.0,1000.0,4,2487.0,3855.0,3600.0,,,,,,,,,,,,,,,,,,,,,,,,
A1KGUJMWDCPSYG,rec,30-1,30.0,1000.0,5,,,3862.0,7395.0,,,,,,,,,,,,,,,,,,,,,,,
A1KGUJMWDCPSYG,rec,30-1,30.0,1000.0,6,2833.0,5516.5,3757.0,4264.0,4661.0,,,,,,,,,,,,,,,,,,,,,,
A1KGUJMWDCPSYG,rec,30-1,30.0,1000.0,7,5827.333333333333,3837.5,3919.0,10850.0,4344.0,5428.0,,,,,,,,,,,,,,,,,,,,,
A1KGUJMWDCPSYG,rec,30-1,30.0,1000.0,8,2661.1666666666665,4709.0,5862.0,3047.5,5281.625,7330.5,2860.0,,,,,,,,,,,,,,,,,,,,
A1KGUJMWDCPSYG,rec,30-1,30.0,1000.0,9,4502.5,3364.5,3495.0,2920.5,6225.0,5055.5,5391.25,3351.5,,,,,,,,,,,,,,,,,,,
A1KGUJMWDCPSYG,rec,30-1,30.0,1000.0,10,,,4264.0,3570.5,5120.5,10985.0,4044.0,3462.5,4072.0,,,,,,,,,,,,,,,,,,
A1KGUJMWDCPSYG,rec,30-1,30.0,1000.0,11,5238.5,3458.0,3215.0,5585.5,3655.5,3841.0,3495.0,3555.0,3946.6666666666665,1846.0,,,,,,,,,,,,,,,,,
A1KGUJMWDCPSYG,rec,30-1,30.0,1000.0,12,5723.333333333333,3978.25,3008.0,4193.5,3625.25,4729.5,4613.5,3911.0,3332.3333333333335,4888.875,4369.0,,,,,,,,,,,,,,,,
A1KGUJMWDCPSYG,rec,30-1,30.0,1000.0,13,3375.5,4983.666666666667,3669.0,3731.5,2893.5,3928.111111111111,3992.75,6698.666666666667,3604.1666666666665,3643.25,5600.333333333333,5916.333333333333,,,,,,,,,,,,,,,
A1KGUJMWDCPSYG,rec,30-1,30.0,1000.0,14,3362.0,3183.0,2729.5,3338.5,4174.0,2200.0,3853.5,3009.5,,3030.0,,4701.0,,,,,,,,,,,,,,,
A1KGUJMWDCPSYG,rec,30-1,30.0,1000.0,15,,4439.0,5895.0,3515.0,3764.0,5341.0,5566.0,3731.0,6512.0,4797.0,,,3091.0,3233.0,,,,,,,,,,,,,
A1KGUJMWDCPSYG,rec,30-1,30.0,1000.0,16,,4505.5,2833.0,3018.0,2838.5,2476.5,3278.0,5748.0,3533.0,3641.5,3144.5,3285.5,3288.0,3708.5,4027.0,,,,,,,,,,,,
A1KGUJMWDCPSYG,rec,30-1,30.0,1000.0,17,4196.0,3762.0,5615.0,,2670.0,2796.0,,3105.0,5754.0,1893.0,3692.0,,3929.0,,,3966.0,,,,,,,,,,,
A1KGUJMWDCPSYG,rec,30-1,30.0,1000.0,18,3637.0,,3202.0,2540.0,2281.0,2641.0,2932.0,3330.0,2348.0,3129.0,3830.0,3331.0,2704.0,2573.0,3827.0,,2622.0,,,,,,,,,,
A1M1E62KXCDNL0,ns,30-1,30.0,1000.0,4,4512.199999999255,,2749.5999999996275,,,,,,,,,,,,,,,,,,,,,,,,
A1M1E62KXCDNL0,ns,30-1,30.0,1000.0,6,3474.666666686535,2986.4166666787737,3387.216666698456,5679.605555558267,4358.766666682747,,,,,,,,,,,,,,,,,,,,,,
A1M1E62KXCDNL0,ns,30-1,30.0,1000.0,7,2878.3333333010473,4926.166666579432,2085.8500000122003,7003.174999999814,4339.800000027753,4793.333333357237,,,,,,,,,,,,,,,,,,,,,
A1M1E62KXCDNL0,ns,30-1,30.0,1000.0,8,2454.577083342398,3399.612499988172,5107.685416660737,4223.694444446722,4291.016666680574,3130.299999999969,4716.960416676632,,,,,,,,,,,,,,,,,,,,
A1M1E62KXCDNL0,ns,30-1,30.0,1000.0,9,2990.524999999053,2208.1624999979203,2697.500000027862,1965.225000023609,3330.662500053644,3896.0124999602167,3612.100000035949,3980.237499992596,,,,,,,,,,,,,,,,,,,
A1M1E62KXCDNL0,ns,30-1,30.0,1000.0,10,2326.012500013225,3511.0499999835156,2351.974999998696,2903.412499986589,5839.874999943422,2511.53750000149,3538.399999974761,4156.400000015041,4253.3125000267755,,,,,,,,,,,,,,,,,,
A1M1E62KXCDNL0,ns,30-1,30.0,1000.0,11,2139.099999944369,2214.966666599115,1316.233333369096,2753.6000000039735,2907.666666726271,1882.6333332657814,2885.766666650772,4033.0666666428247,6940.350000023842,7488.266666630904,,,,,,,,,,,,,,,,,
A1M1E62KXCDNL0,ns,30-1,30.0,1000.0,12,2569.6000000834465,2650.5000000099344,3212.4833333194256,2220.6000000039735,2488.416666646798,1806.4666667282581,2304.350000003974,8519.849999914566,6309.966666658719,6191.4999999205265,6536.016666720311,,,,,,,,,,,,,,,,
A1M1E62KXCDNL0,ns,30-1,30.0,1000.0,13,1311.100000023842,1368.9000000059605,2682.75,5477.4000000059605,3053.75,5068.050000011921,3169.75,10822.300000011921,7192.950000017881,3898.9999999701977,2320.300000011921,6896.55000001192,,,,,,,,,,,,,,,
A1MG8KNVSVZ365,prim,30-1,30.0,1000.0,2,,,,,,,,,,,,,,,,,,,,,,,,,,,
A1MG8KNVSVZ365,prim,30-1,30.0,1000.0,3,,,,,,,,,,,,,,,,,,,,,,,,,,,
A1MG8KNVSVZ365,prim,30-1,30.0,1000.0,4,11302.0,4127.0,4805.0,,,,,,,,,,,,,,,,,,,,,,,,
A1MG8KNVSVZ365,prim,30-1,30.0,1000.0,5,,5550.0,4469.0,5770.0,,,,,,,,,,,,,,,,,,,,,,,
A1MG8KNVSVZ365,prim,30-1,30.0,1000.0,6,4121.5,3403.0,,4276.0,7047.666666666667,,,,,,,,,,,,,,,,,,,,,,
A1MG8KNVSVZ365,prim,30-1,30.0,1000.0,7,4441.5,3621.0,4456.5,5250.0,5308.25,,,,,,,,,,,,,,,,,,,,,,
A1MG8KNVSVZ365,prim,30-1,30.0,1000.0,8,4452.0,3620.4166666666665,5465.666666666667,4016.6,4981.833333333333,4419.666666666667,4544.0,,,,,,,,,,,,,,,,,,,,
A1MG8KNVSVZ365,prim,30-1,30.0,1000.0,9,3216.0,3960.0,2966.5,4953.166666666667,6849.0,6190.666666666667,5937.25,10643.333333333334,,,,,,,,,,,,,,,,,,,
A1MG8KNVSVZ365,prim,30-1,30.0,1000.0,10,3277.0,3643.0,3144.25,3394.0,6991.333333333333,4910.0,4473.0,3382.3333333333335,2887.3333333333335,,,,,,,,,,,,,,,,,,
A1MG8KNVSVZ365,prim,30-1,30.0,1000.0,11,5562.625,3262.333333333333,4231.625,4895.666666666667,3980.8333333333335,3308.625,3841.1666666666665,3577.0,5371.5,6294.5,,,,,,,,,,,,,,,,,
A1MG8KNVSVZ365,prim,30-1,30.0,1000.0,12,3589.666666666667,4469.0,4060.0,2871.166666666667,3379.666666666667,3224.0,4011.833333333333,3440.25,3468.666666666667,4155.5,5659.75,,,,,,,,,,,,,,,,
A1MG8KNVSVZ365,prim,30-1,30.0,1000.0,13,3554.0,,2631.0,5573.0,6137.0,4276.0,3335.0,3071.0,4041.0,5248.0,4851.0,2523.0,,,,,,,,,,,,,,,
A1MG8KNVSVZ365,prim,30-1,30.0,1000.0,14,4076.25,2940.25,2666.5,4588.25,3961.25,5677.5,3434.5,2599.25,3886.0,3939.0,5063.0,3389.5,15614.0,,,,,,,,,,,,,,
A1MKEILXWWLBW2,rec,30-1,30.0,1000.0,3,5591.450000001118,5080.1500000003725,,,,,,,,,,,,,,,,,,,,,,,,,
A1MKEILXWWLBW2,rec,30-1,30.0,1000.0,4,4181.705555554893,3906.2583333333023,9818.447916666355,,,,,,,,,,,,,,,,,,,,,,,,
A1MKEILXWWLBW2,rec,30-1,30.0,1000.0,5,3452.7216666663376,2872.38888888982,3601.4566666665487,5824.627777777612,,,,,,,,,,,,,,,,,,,,,,,
A1MKEILXWWLBW2,rec,30-1,30.0,1000.0,6,3315.3021428565958,3028.9043750002047,4786.4981250001465,5258.225000000221,3731.7318749999163,,,,,,,,,,,,,,,,,,,,,,
A1MKEILXWWLBW2,rec,30-1,30.0,1000.0,7,4180.391666665829,3801.850000000248,3696.0833333333335,5590.758333332371,3425.737500000745,2876.3000000001243,,,,,,,,,,,,,,,,,,,,,
A1O67YS3DU0ZHX,rec,30-1,30.0,1000.0,8,1524.6666666666667,1687.5,1275.3333333333333,2005.8333333333333,5117.166666666667,10957.333333333334,8667.0,,,,,,,,,,,,,,,,,,,,
A1O67YS3DU0ZHX,rec,30-1,30.0,1000.0,9,1321.0,1932.3333333333333,2006.0,3616.3333333333335,12315.0,2792.0,12469.0,7505.333333333333,,,,,,,,,,,,,,,,,,,
A1O67YS3DU0ZHX,rec,30-1,30.0,1000.0,10,1660.2708333333333,1508.6666666666667,1437.6458333333335,4267.520833333333,1585.0,2766.3541666666665,11681.958333333332,7275.11111111111,7579.35,,,,,,,,,,,,,,,,,,
A1O67YS3DU0ZHX,rec,30-1,30.0,1000.0,11,1193.3333333333333,1339.3333333333333,1544.5,2153.3333333333335,9112.833333333334,1876.5,2179.5,6954.166666666667,4464.333333333333,7012.833333333333,,,,,,,,,,,,,,,,,
A1O67YS3DU0ZHX,rec,30-1,30.0,1000.0,12,1415.2916666666667,1693.375,1993.75,1253.7916666666667,2590.0,2904.875,2025.5,2273.0,8805.041666666666,10913.25,9238.708333333332,,,,,,,,,,,,,,,,
A1O67YS3DU0ZHX,rec,30-1,30.0,1000.0,13,1182.3333333333333,1795.0,2804.3333333333335,1174.0,2584.3333333333335,12656.666666666666,1526.6666666666667,6379.0,7071.0,6993.666666666667,9589.666666666666,4201.333333333333,,,,,,,,,,,,,,,
A1O67YS3DU0ZHX,rec,30-1,30.0,1000.0,14,1407.75,1175.25,1178.0,1539.5,2180.5,1903.5,1625.25,10350.25,1685.0,8943.25,6434.5,2041.0,24533.25,,,,,,,,,,,,,,
A1O67YS3DU0ZHX,rec,30-1,30.0,1000.0,15,927.0,1033.0,829.0,1511.5,1665.0,2241.5,1333.5,1508.0,6540.0,2621.0,6430.0,1541.5,22031.0,13900.0,,,,,,,,,,,,,
A1O67YS3DU0ZHX,rec,30-1,30.0,1000.0,16,1779.0,1437.0,1123.3333333333333,1098.0,1436.0,5617.333333333333,854.6666666666666,1544.5,1867.6666666666667,7766.666666666667,3172.0,2872.3333333333335,10125.333333333334,12493.0,1521.0,,,,,,,,,,,,
A1O67YS3DU0ZHX,rec,30-1,30.0,1000.0,18,1268.0,1026.0,1611.0,977.0,6507.0,1909.0,1262.0,1925.0,751.0,2356.0,1748.0,1700.0,1548.0,1724.0,780.0,34381.0,887.0,,,,,,,,,,
A1Q0G8JA5EZ8EI,rec,30-1,30.0,1000.0,12,3143.150000035763,5584.799999952316,3319.324999988079,2650.4500000178814,1037.5,5578.275000035763,3607.775000065565,4220.949999928474,1997.2000000476837,4770.524999946356,6389.90000000596,,,,,,,,,,,,,,,,
A1Q0G8JA5EZ8EI,rec,30-1,30.0,1000.0,13,2129.300000190735,3629.700000047684,4211.0,4480.099999904633,3535.9000000953674,2204.0,3082.300000190735,8833.399999856949,11425.799999952316,,5410.599999904633,3119.2999999523163,,,,,,,,,,,,,,,
A1Q0G8JA5EZ8EI,rec,30-1,30.0,1000.0,14,3427.533333232005,2474.0,2793.8333333035307,3666.333333283663,4000.5666667123637,5147.3500000834465,4949.116666714351,4866.349999914566,2886.2750000804663,5554.499999985099,4457.983333388965,7352.599999974171,9355.600000143051,,,,,,,,,,,,,,
A1Q0G8JA5EZ8EI,rec,30-1,30.0,1000.0,15,4149.116666734219,3782.366666634877,3469.4166666567326,6124.958333353201,2791.383333365123,3378.4499999582767,3944.0999999245005,4146.516666650772,2984.133333305518,6775.450000007947,3476.4000000059605,4628.450000007948,6150.424999982119,6534.200000027816,,,,,,,,,,,,,
A1Q0G8JA5EZ8EI,rec,30-1,30.0,1000.0,16,3230.883333325386,4187.550000031789,3566.2166667183237,4084.149999976158,4344.116666684547,3513.733333309491,2781.2999999523167,5380.949999978145,6585.116666724285,2961.9166666567326,2321.474999964237,5233.966666678587,4262.616666634878,4650.833333303532,5487.8166666527595,,,,,,,,,,,,
A1Q0G8JA5EZ8EI,rec,30-1,30.0,1000.0,17,3806.416666716337,3886.300000011921,3254.8250000476837,5050.349999934435,4487.466666678588,2702.449999988079,2919.23333332936,3581.0,4339.858333388965,2681.175000011921,4402.074999958277,2395.950000057618,2972.4833332697553,3490.7416667441526,4285.10833337903,7186.8749999552965,,,,,,,,,,,
A1Q0G8JA5EZ8EI,rec,30-1,30.0,1000.0,18,1665.9000000357628,3323.200000047684,1203.600000023842,,816.1000000238419,3087.899999976158,3092.399999976158,984.5,5322.300000011921,3742.5,,2974.600000023842,1546.699999988079,2546.699999988079,3938.900000035763,933.399999976158,3054.199999988079,,,,,,,,,,
A1SLJKNSNHOJRN,rec,30-1,30.0,1000.0,2,1186.399999976158,,,,,,,,,,,,,,,,,,,,,,,,,,
A1SLJKNSNHOJRN,rec,30-1,30.0,1000.0,4,912.6999999880792,,7024.0,,,,,,,,,,,,,,,,,,,,,,,,
A1SLJKNSNHOJRN,rec,30-1,30.0,1000.0,5,1468.7833333313465,3644.6666666666665,2924.6166666696467,2516.12499999255,,,,,,,,,,,,,,,,,,,,,,,
A1SLJKNSNHOJRN,rec,30-1,30.0,1000.0,6,1426.5500000144045,2760.2999999995036,4824.887499988079,6772.783333342522,4775.547222245071,,,,,,,,,,,,,,,,,,,,,,
A1SLJKNSNHOJRN,rec,30-1,30.0,1000.0,7,1330.8874999938532,1684.386249989085,2754.2833333484205,3849.6250000130385,5153.512499991804,14840.795833316944,,,,,,,,,,,,,,,,,,,,,
A1SLJKNSNHOJRN,rec,30-1,30.0,1000.0,8,1321.066666657726,1947.8166666664183,1741.4750000368804,1655.616666674614,4885.008333346495,3036.716666674862,23590.0,,,,,,,,,,,,,,,,,,,,
A1SLJKNSNHOJRN,rec,30-1,30.0,1000.0,9,1197.4750000089407,1977.8875000029802,1181.8250000178814,1983.512499988079,2232.000000014901,2965.887499988079,1944.5874999910593,2567.6375000178814,,,,,,,,,,,,,,,,,,,
A1SLJKNSNHOJRN,rec,30-1,30.0,1000.0,10,1339.125,1198.324999988079,1260.149999987334,1885.875000026077,1544.1249999850988,2953.39999999106,2577.025000009686,2509.2749999836087,12024.024999953806,,,,,,,,,,,,,,,,,,
A1SLJKNSNHOJRN,rec,30-1,30.0,1000.0,11,1275.9999999801319,1418.0000000198681,1506.1666666865349,1277.8499999940395,1794.0333333412807,3465.4666666785874,1057.9499999582767,1807.4666666388512,12849.0,1628.733333349228,,,,,,,,,,,,,,,,,
A1SLJKNSNHOJRN,rec,30-1,30.0,1000.0,12,1168.2000000476835,834.3999999761581,3041.5,1282.0,8440.299999952316,,6090.5,1064.399999976158,2346.5,,913.2000000476836,,,,,,,,,,,,,,,,
A1SLJKNSNHOJRN,rec,30-1,30.0,1000.0,13,1810.199999988079,2323.900000035763,2147.399999976158,,6995.800000011921,1969.0,3938.299999952316,2409.199999988079,874.0,1450.0999999642372,3970.399999976158,2689.2999999523163,,,,,,,,,,,,,,,
A1T2P6E67251U5,prim,30-1,30.0,1000.0,12,6847.800000190735,2754.25,3159.550000190735,4027.7999999523163,3896.099999904633,3535.899999856949,7609.900000095367,2707.4500000476837,,3310.599999904633,1785.2000000476837,,,,,,,,,,,,,,,,
A1T2P6E67251U5,prim,30-1,30.0,1000.0,13,2761.400000035763,3582.8166666030884,4529.216666817665,3557.8166666825614,2526.9500000476837,2768.0500000715256,4175.274999856949,3428.1999999284744,3914.016666650772,2963.6999998490014,2556.149999856949,3085.033333301544,,,,,,,,,,,,,,,
A1T2P6E67251U5,prim,30-1,30.0,1000.0,14,3458.649999856949,3407.5500000317893,3645.5833331743875,3235.950000166893,4455.024999976158,2956.6166667143502,4996.100000143051,3496.3666665554047,3062.233333349228,2863.7000000476837,2147.1500000953674,4388.825000047684,4395.400000095367,,,,,,,,,,,,,,
A1T2P6E67251U5,prim,30-1,30.0,1000.0,15,4199.143750021855,3254.329444445504,3185.618749986092,2811.1291667123637,3950.0087500234445,3899.729166716337,3226.0575000683466,4739.058333218098,3516.712499946356,2942.8583332220715,3975.4361111587946,3498.743750035763,3609.344999986887,2858.112500001987,,,,,,,,,,,,,
A1T2P6E67251U5,prim,30-1,30.0,1000.0,16,3096.6375000327826,2753.2625000327826,3126.6999999433756,3296.4800000190735,2812.083333293597,2668.447499787808,3269.442499887943,4069.8062499910593,2644.2866665363313,2910.887499908606,3247.624999976158,3518.2812500298023,3263.98333346049,3236.016666523615,3141.355555481381,,,,,,,,,,,,
A1T2P6E67251U5,prim,30-1,30.0,1000.0,17,3328.649999856949,3162.7999999523163,2508.300000190735,3379.850000143051,4124.450000047684,3219.3499999046326,4239.099999785423,3144.4249999523163,3090.0999999046326,2784.899999976158,3218.599999904633,3952.175000190735,2385.7499998807907,2349.5750000476837,3111.4249999523163,2508.75,,,,,,,,,,,
A1T2P6E67251U5,prim,30-1,30.0,1000.0,18,2489.3333333333335,2929.725000023842,6732.050000190736,5365.974999904633,4960.199999928474,2825.8499999046326,3528.333333174388,4226.500000039737,3703.3166666030884,7485.349999904633,2974.4333332379656,2552.233333309491,3336.5500000715256,2598.149999976158,2357.100000023842,2400.5499999523163,3030.1666666269302,,,,,,,,,,
A1T2P6E67251U5,prim,30-1,30.0,1000.0,19,2797.050000190735,3113.3499999046326,,2790.649999856949,3544.5,5198.200000047684,3076.4000000953674,3841.100000143051,4549.799999952316,3175.0,2344.75,2273.9500000476837,2935.5,3084.350000143051,3117.850000143051,1892.5499997138977,3787.6500000953674,2248.7999999523163,,,,,,,,,
A1T2P6E67251U5,prim,30-1,30.0,1000.0,20,3190.0999999046326,2229.300000190735,4110.200000047684,4535.900000095367,2318.849999904633,1876.0999999046328,3088.2000002861023,2205.350000143051,4824.799999713898,2183.6500000953674,3034.599999904633,2039.5499997138977,2727.100000143051,2598.899999856949,2771.0,2710.7000002861023,3238.550000190735,2619.9500000476837,4467.0,,,,,,,,
A1T2P6E67251U5,prim,30-1,30.0,1000.0,22,3515.0499999523163,3454.7000002861023,2417.9000000953674,2900.699999809265,3282.0499999523163,1820.5000002384186,2908.550000190735,2011.0,4679.550000190735,2691.199999809265,2864.9500000476837,3212.7999999523163,3307.899999856949,3412.8499999046326,3466.7000000476837,3061.75,3497.8499999046326,3178.3499999046326,2651.5,3493.3499999046326,2672.0000002384186,,,,,,
A1T2P6E67251U5,prim,30-1,30.0,1000.0,23,2377.8999996185303,1643.0,2200.199999809265,3082.5,3520.9000000953674,2772.4000000953674,4967.200000286102,2349.300000190735,3472.3999996185303,2768.199999809265,4086.2000002861023,2752.300000190735,3981.199999809265,2898.3999996185303,3227.4000000953674,,2284.599999904633,,3157.8999996185303,2109.800000190735,2027.0,2480.699999809265,,,,,
A1U4WS9KJMADV,rec,30-1,30.0,1000.0,5,5141.800000071526,4601.899999976158,,6513.200000047684,,,,,,,,,,,,,,,,,,,,,,,
A1U4WS9KJMADV,rec,30-1,30.0,1000.0,6,,4295.100000023842,2106.700000047684,6025.399999976158,,,,,,,,,,,,,,,,,,,,,,,
A1U4WS9KJMADV,rec,30-1,30.0,1000.0,8,4197.599999904633,3976.833333055178,5608.099999427795,4056.0999999046326,4768.200000047684,5987.700000047684,5990.25,,,,,,,,,,,,,,,,,,,,
A1U4WS9KJMADV,rec,30-1,30.0,1000.0,9,3078.75,3777.9749999940395,3429.100000023842,5740.8000001609325,18216.699999809265,8143.174999833107,4968.199999988079,8828.299999892712,,,,,,,,,,,,,,,,,,,
A1U4WS9KJMADV,rec,30-1,30.0,1000.0,10,5234.075000047684,5470.524999938905,4751.562499940395,4793.912499919534,4442.924999840558,5280.450000084937,7277.712500214577,4772.07500000298,8120.2749998271465,,,,,,,,,,,,,,,,,,
A1U4WS9KJMADV,rec,30-1,30.0,1000.0,11,6104.025000050664,4490.014583299558,4088.6937500089407,5335.658333219588,4553.15833336446,5488.472916533549,4780.970833105345,6601.529166681071,4603.377083264291,5783.991666694482,,,,,,,,,,,,,,,,,
A1U4WS9KJMADV,rec,30-1,30.0,1000.0,12,2812.0000000496707,4514.458333308498,5544.155555473434,4569.975000008941,3544.0916666338844,4992.199999938408,4848.920833324392,5747.0875000407295,6549.650000015895,6403.525000070533,5922.566666598121,,,,,,,,,,,,,,,,
A1U4WS9KJMADV,rec,30-1,30.0,1000.0,13,4343.299999872844,4412.837500050664,4973.837500110269,3927.2166667381925,4250.933333426714,3232.708333402872,3911.441666588187,6557.341666688521,4352.966666678588,4620.500000074506,6172.358333349228,7849.491666555405,,,,,,,,,,,,,,,
A1U4WS9KJMADV,rec,30-1,30.0,1000.0,15,3548.1000003814697,4364.10000038147,2274.0999994277954,5782.0,5255.5,3504.0999994277954,4779.099999427795,3699.1000003814697,3870.5,2724.199999809265,3614.199999809265,4582.099999427795,5931.599999427795,2506.5,,,,,,,,,,,,,
A1X4T3QSIE8YYX,prim,30-1,30.0,1000.0,13,5967.0,3268.0,2963.0,4800.25,3439.5,3153.5,3281.0,2827.0,3047.0,5502.25,3962.75,4726.75,,,,,,,,,,,,,,,
A1X4T3QSIE8YYX,prim,30-1,30.0,1000.0,14,4826.25,3659.25,2957.75,3869.0,3829.5,9675.0,5704.25,5043.0,11932.0,2648.75,2524.75,6020.0,7430.25,,,,,,,,,,,,,,
A1X4T3QSIE8YYX,prim,30-1,30.0,1000.0,15,2859.0,5151.75,3741.0,4753.5,8315.833333333334,2528.0,3112.666666666667,2389.0,7252.0,3234.666666666667,2663.5,2732.5,2176.0,6593.5,,,,,,,,,,,,,
A1X4T3QSIE8YYX,prim,30-1,30.0,1000.0,16,2946.0,3115.0,2728.0,1325.0,,12849.0,4775.0,3590.0,3065.0,,3139.0,2355.0,,2930.0,12626.0,,,,,,,,,,,,
A1X4T3QSIE8YYX,prim,30-1,30.0,1000.0,17,2756.5,7411.75,7143.75,1917.0,2582.75,4622.583333333334,5280.666666666666,3842.75,2986.5,3260.333333333333,4419.666666666666,3018.666666666667,3539.416666666667,7325.833333333333,3317.75,4943.083333333333,,,,,,,,,,,
A1X4T3QSIE8YYX,prim,30-1,30.0,1000.0,18,3816.0,2021.0,2644.0,3591.0,7045.0,3430.0,3899.0,6339.0,3172.0,7343.0,,2837.0,3680.0,4055.0,2525.0,2173.0,2455.0,,,,,,,,,,
A1X4T3QSIE8YYX,prim,30-1,30.0,1000.0,19,2930.0,2666.0,6590.5,6549.0,2959.0,,2527.0,,2667.5,2668.0,2549.0,2953.5,2667.5,5228.5,5590.5,3489.0,2574.0,5356.0,,,,,,,,,
A1X4T3QSIE8YYX,prim,30-1,30.0,1000.0,20,3430.5,6657.5,2455.0,2359.0,2513.0,1851.5,2514.5,2815.5,3914.5,2152.5,2721.5,2104.5,1922.0,3990.0,2920.0,2529.0,7029.5,4377.0,3373.0,,,,,,,,
A1X4T3QSIE8YYX,prim,30-1,30.0,1000.0,21,2485.0,2468.0,2246.0,3686.0,,2622.0,2822.0,3481.0,2045.0,3091.0,5331.0,3221.0,3181.0,2729.0,2526.0,4302.0,,1411.0,6296.0,2352.0,,,,,,,
A1X4T3QSIE8YYX,prim,30-1,30.0,1000.0,22,2310.0,,4172.0,3354.0,1868.0,3320.0,2220.0,2352.0,3247.0,1987.0,3122.0,2925.0,4136.0,3579.0,3893.0,3692.0,2663.0,5912.0,1716.0,2063.0,2205.0,,,,,,
A225J5T6WHO2MG,prim,30-1,30.0,1000.0,2,5982.0,,,,,,,,,,,,,,,,,,,,,,,,,,
A225J5T6WHO2MG,prim,30-1,30.0,1000.0,3,3701.0,4823.0,,,,,,,,,,,,,,,,,,,,,,,,,
A225J5T6WHO2MG,prim,30-1,30.0,1000.0,4,7045.5,6128.0,12943.0,,,,,,,,,,,,,,,,,,,,,,,,
A225J5T6WHO2MG,prim,30-1,30.0,1000.0,5,5138.027777777777,5704.0,4101.2444444444445,18729.6,,,,,,,,,,,,,,,,,,,,,,,
A225J5T6WHO2MG,prim,30-1,30.0,1000.0,6,5518.410714285714,5159.944444444444,4647.223214285714,5482.75,7365.666666666667,,,,,,,,,,,,,,,,,,,,,,
A225J5T6WHO2MG,prim,30-1,30.0,1000.0,7,11064.75,5395.875,8844.125,5829.916666666666,5727.25,6221.875,,,,,,,,,,,,,,,,,,,,,
A225J5T6WHO2MG,prim,30-1,30.0,1000.0,8,6292.583333333333,5456.416666666666,6194.25,3807.75,6706.75,8524.5,6925.5,,,,,,,,,,,,,,,,,,,,
A225J5T6WHO2MG,prim,30-1,30.0,1000.0,9,4955.5,6905.5,4797.0,6863.0,6052.5,7599.0,6677.5,6718.0,,,,,,,,,,,,,,,,,,,
A225J5T6WHO2MG,prim,30-1,30.0,1000.0,10,5607.0,4483.0,12744.0,,6628.0,7099.0,7667.0,6005.0,6414.0,,,,,,,,,,,,,,,,,,
A225J5T6WHO2MG,prim,30-1,30.0,1000.0,11,5951.0,4425.5,6700.0,5999.5,10350.5,4913.5,4454.0,8449.5,9958.5,6953.5,,,,,,,,,,,,,,,,,
A225J5T6WHO2MG,prim,30-1,30.0,1000.0,12,6820.0,4499.0,,2765.0,5478.0,7645.0,6115.0,5453.0,4331.0,10617.0,6933.0,,,,,,,,,,,,,,,,
A23KDD6OPM4NJ0,prim,30-1,30.0,1000.0,2,1626.2999999523165,,,,,,,,,,,,,,,,,,,,,,,,,,
A23KDD6OPM4NJ0,prim,30-1,30.0,1000.0,3,4112.425000011921,2834.0000001192093,,,,,,,,,,,,,,,,,,,,,,,,,
A23KDD6OPM4NJ0,prim,30-1,30.0,1000.0,4,4292.566666622956,4560.134999990463,5019.80000005828,,,,,,,,,,,,,,,,,,,,,,,,
A23KDD6OPM4NJ0,prim,30-1,30.0,1000.0,5,8605.399999976158,2823.8999999165535,4508.175000011921,5276.058333317439,,,,,,,,,,,,,,,,,,,,,,,
A23KDD6OPM4NJ0,prim,30-1,30.0,1000.0,6,3983.6833333969116,3397.9166667064032,2413.7666666905084,2858.583333293597,2688.849999964237,,,,,,,,,,,,,,,,,,,,,,
A23KDD6OPM4NJ0,prim,30-1,30.0,1000.0,7,5930.199999928474,7610.400000095367,3612.399999976158,3282.050000011921,1730.3000000715256,3629.399999976158,,,,,,,,,,,,,,,,,,,,,
A23KDD6OPM4NJ0,prim,30-1,30.0,1000.0,8,6795.89999961853,,,3308.800000190735,4998.39999961853,3880.199999809265,3327.599999904633,,,,,,,,,,,,,,,,,,,,
A23KDD6OPM4NJ0,prim,30-1,30.0,1000.0,9,2608.300000111262,4563.700000047684,3700.300000011921,3567.7333333094916,1673.4000000953674,3966.5500000715256,4201.700000047684,3437.5000000000005,,,,,,,,,,,,,,,,,,,
A23KDD6OPM4NJ0,prim,30-1,30.0,1000.0,10,,,3220.9000000953674,3671.599999904633,3940.599999904633,,2547.7999997138977,,2633.199999809265,,,,,,,,,,,,,,,,,,
A23KDD6OPM4NJ0,prim,30-1,30.0,1000.0,11,4222.700000286102,,,,,,1489.2999997138977,2039.2999997138977,3891.7000002861023,4075.6000003814697,,,,,,,,,,,,,,,,,
A23KDD6OPM4NJ0,prim,30-1,30.0,1000.0,13,5437.60000038147,3112.699999809265,2521.4500000476837,4645.099999904633,3393.3999996185303,2599.4000000953674,3673.400000095368,,,4392.300000190735,3818.0,4452.5,,,,,,,,,,,,,,,
A23KDD6OPM4NJ0,prim,30-1,30.0,1000.0,14,2869.099999904633,5031.299999713898,4252.500000238419,,5556.099999904633,3335.300000190735,3291.5,8395.5,3064.800000190735,3623.9000000953674,3462.7000002861023,,3045.9000000953674,,,,,,,,,,,,,,
A23KDD6OPM4NJ0,prim,30-1,30.0,1000.0,16,1956.400000095368,5777.049999952316,3502.199999809265,1556.0,1854.7000002861023,2883.149999856949,2494.600000143051,2233.599999666214,2627.9000000953674,2640.7999999523163,4331.000000238419,2238.1500000953674,2527.599999904633,3280.7000000476837,5273.5,,,,,,,,,,,,
A23KDD6OPM4NJ0,prim,30-1,30.0,1000.0,19,2346.9000000953674,3953.599999904633,4034.900000095368,2405.2999997138977,2732.2999997138977,,2827.5,2915.4000000953674,2195.599999904633,2286.7000002861023,,,4966.799999713898,,3318.699999809265,2500.4000000953674,2465.5,,,,,,,,,,
A25Y3D2Y2DR8WM,prim,30-1,30.0,1000.0,10,5153.5,5458.5,4795.25,4848.5,7058.25,5663.833333333334,6984.25,6015.0,6939.333333333333,,,,,,,,,,,,,,,,,,
A25Y3D2Y2DR8WM,prim,30-1,30.0,1000.0,11,6305.5,5073.75,5126.166666666666,7502.25,5846.833333333334,5792.916666666666,6770.0,6413.833333333334,6610.0,5928.75,,,,,,,,,,,,,,,,,
A25Y3D2Y2DR8WM,prim,30-1,30.0,1000.0,12,5787.125,5508.75,5499.25,5613.0,5242.75,5218.0,4917.0,6407.25,6328.0,5760.125,5925.0,,,,,,,,,,,,,,,,
A25Y3D2Y2DR8WM,prim,30-1,30.0,1000.0,13,5211.166666666666,4958.791666666667,4959.6875,5261.020833333333,5120.25,5537.458333333333,5668.6875,4537.305555555556,4900.291666666667,5091.666666666667,5146.0,4613.625,,,,,,,,,,,,,,,
A25Y3D2Y2DR8WM,prim,30-1,30.0,1000.0,14,6005.625,5801.4375,5757.75,4815.979166666667,5102.020833333333,5414.9375,4997.875,5854.083333333333,5936.583333333334,5168.1875,6450.666666666667,4322.645833333333,5066.104166666667,,,,,,,,,,,,,,
A25Y3D2Y2DR8WM,prim,30-1,30.0,1000.0,15,4085.5,4341.5,5641.0,3692.1666666666665,4641.0,5321.666666666667,5383.666666666666,4925.833333333334,5419.25,4871.5,4747.166666666666,5077.5,4617.25,4739.333333333334,,,,,,,,,,,,,
A25Y3D2Y2DR8WM,prim,30-1,30.0,1000.0,16,5320.5,3796.75,4777.5,4261.0,5065.5,5525.75,5211.0,4555.5,4770.5,5269.25,5227.5,4525.5,5183.5,4584.0,5516.5,,,,,,,,,,,,
A25Y3D2Y2DR8WM,prim,30-1,30.0,1000.0,17,5420.0,4499.0,6827.0,3393.0,4864.0,4853.0,3393.0,2584.0,4055.0,7205.0,,5756.0,2248.0,4708.0,4982.0,4306.0,,,,,,,,,,,
A26XKTGGGYBI4J,prim,30-1,30.0,1000.0,4,,,19332.0,,,,,,,,,,,,,,,,,,,,,,,,
A26XKTGGGYBI4J,prim,30-1,30.0,1000.0,5,4561.5,6763.5,6846.5,3601.0,,,,,,,,,,,,,,,,,,,,,,,
A26XKTGGGYBI4J,prim,30-1,30.0,1000.0,6,6645.5,,5863.0,,4965.0,,,,,,,,,,,,,,,,,,,,,,
A26XKTGGGYBI4J,prim,30-1,30.0,1000.0,7,6131.333333333333,6607.833333333333,7565.333333333333,6557.333333333333,6208.333333333333,5394.0,,,,,,,,,,,,,,,,,,,,,
A26XKTGGGYBI4J,prim,30-1,30.0,1000.0,8,5052.0,5371.666666666666,5672.25,6549.75,4678.25,4840.625,17042.0,,,,,,,,,,,,,,,,,,,,
A26XKTGGGYBI4J,prim,30-1,30.0,1000.0,9,6442.75,6937.666666666667,6866.375,7175.4875,6891.958333333333,5930.641666666666,5692.041666666667,5839.38888888889,,,,,,,,,,,,,,,,,,,
A26XKTGGGYBI4J,prim,30-1,30.0,1000.0,10,3971.5,4047.5,5486.5,4553.25,10469.75,6212.5,3876.5,4598.0,4956.5,,,,,,,,,,,,,,,,,,
A26XKTGGGYBI4J,prim,30-1,30.0,1000.0,11,8171.666666666666,4653.5,4999.75,5136.75,5122.75,10504.0,4315.0,5209.5,6567.5,5742.5,,,,,,,,,,,,,,,,,
A26XKTGGGYBI4J,prim,30-1,30.0,1000.0,12,12478.0,4879.0,5833.0,4363.0,5500.5,5291.0,6018.0,5448.0,5986.0,5977.0,5774.5,,,,,,,,,,,,,,,,
A26XKTGGGYBI4J,prim,30-1,30.0,1000.0,13,5180.5,4531.25,5058.166666666666,4548.083333333334,5322.75,3961.5,5168.166666666666,6137.5,4096.0,4326.083333333334,5482.25,4893.75,,,,,,,,,,,,,,,
A26XKTGGGYBI4J,prim,30-1,30.0,1000.0,14,2559.0,2222.0,6602.0,6586.0,4286.0,3670.0,10303.0,,4649.0,4172.0,,,4477.0,,,,,,,,,,,,,,
A26XKTGGGYBI4J,prim,30-1,30.0,1000.0,15,1717.0,5395.0,4332.0,3433.0,,3104.0,,4013.0,4771.0,3038.0,,2428.0,3772.0,2243.0,,,,,,,,,,,,,
A26XKTGGGYBI4J,prim,30-1,30.0,1000.0,16,5137.0,6017.0,3176.0,,3666.0,3983.0,3376.0,2365.0,3150.0,3525.0,,,6396.0,3071.0,4431.0,,,,,,,,,,,,
A28OD52SMLYQ16,rec,30-1,30.0,1000.0,6,,,,4704.0,7175.0,,,,,,,,,,,,,,,,,,,,,,
A28OD52SMLYQ16,rec,30-1,30.0,1000.0,7,,5044.0,4787.0,7773.0,3416.0,17554.0,,,,,,,,,,,,,,,,,,,,,
A28OD52SMLYQ16,rec,30-1,30.0,1000.0,8,8106.5,3009.0,3471.0,6273.5,5953.0,3428.0,2133.0,,,,,,,,,,,,,,,,,,,,
A28OD52SMLYQ16,rec,30-1,30.0,1000.0,9,5197.0,4158.0,5091.0,9745.5,3479.5,2710.0,6936.0,11781.5,,,,,,,,,,,,,,,,,,,
A28OD52SMLYQ16,rec,30-1,30.0,1000.0,10,3978.0833333333335,3588.5,4184.125,5355.666666666667,3080.5,8468.75,2934.75,4292.666666666667,4227.666666666667,,,,,,,,,,,,,,,,,,
A28OD52SMLYQ16,rec,30-1,30.0,1000.0,11,3353.25,5546.25,3259.75,4203.5,3185.055555555555,3314.3333333333335,4469.375,4661.833333333333,4361.833333333333,8617.75,,,,,,,,,,,,,,,,,
A28OD52SMLYQ16,rec,30-1,30.0,1000.0,12,7132.0,3279.722222222222,3056.555555555556,5088.0,5717.888888888888,3825.0,3544.666666666667,4727.222222222223,4003.3333333333335,3768.8333333333335,5269.777777777777,,,,,,,,,,,,,,,,
A28OD52SMLYQ16,rec,30-1,30.0,1000.0,13,4580.625,4040.5,3059.1666666666665,3623.375,5637.083333333333,3413.75,3923.666666666667,3535.791666666667,3697.166666666667,4926.5,4026.4583333333335,6321.125,,,,,,,,,,,,,,,
A28OD52SMLYQ16,rec,30-1,30.0,1000.0,14,3138.125,5871.875,4378.5,3444.375,3516.75,3202.125,3902.625,4536.0,4510.0,5902.666666666667,4605.625,4426.166666666667,7368.0,,,,,,,,,,,,,,
A28OD52SMLYQ16,rec,30-1,30.0,1000.0,15,4868.0,4462.0,5518.5,2508.75,3969.75,3534.5,2675.75,4151.75,2503.75,3405.0,2496.0,7933.5,5348.5,2749.25,,,,,,,,,,,,,
A28OD52SMLYQ16,rec,30-1,30.0,1000.0,16,2855.0,4883.5,2932.5,4495.0,3022.5,3279.5,2634.5,2339.0,4606.5,2442.0,4986.0,3066.5,2262.5,3232.0,2685.0,,,,,,,,,,,,
A28TA25NJGLL3Y,prim,30-1,30.0,1000.0,2,,,,,,,,,,,,,,,,,,,,,,,,,,,
A28TA25NJGLL3Y,prim,30-1,30.0,1000.0,3,5164.5,4644.333333333333,,,,,,,,,,,,,,,,,,,,,,,,,
A28TA25NJGLL3Y,prim,30-1,30.0,1000.0,4,7539.0,,5102.0,,,,,,,,,,,,,,,,,,,,,,,,
A28TA25NJGLL3Y,prim,30-1,30.0,1000.0,5,4257.0,5781.0,10114.0,4958.5,,,,,,,,,,,,,,,,,,,,,,,
A28TA25NJGLL3Y,prim,30-1,30.0,1000.0,6,6034.75,6776.0,5946.5,5319.0,5396.0,,,,,,,,,,,,,,,,,,,,,,
A28TA25NJGLL3Y,prim,30-1,30.0,1000.0,7,6614.0,5232.5,9507.0,6052.5,7181.0,5283.0,,,,,,,,,,,,,,,,,,,,,
A28TA25NJGLL3Y,prim,30-1,30.0,1000.0,8,,6136.0,,2121.0,,3796.0,,,,,,,,,,,,,,,,,,,,,
A28TA25NJGLL3Y,prim,30-1,30.0,1000.0,9,4460.5,4472.833333333333,3667.333333333333,6093.5,7098.166666666666,3696.888888888889,4070.5,4460.5,,,,,,,,,,,,,,,,,,,
A28TA25NJGLL3Y,prim,30-1,30.0,1000.0,10,5818.5,3593.166666666667,8155.75,3437.3333333333335,3560.25,3908.833333333333,7074.75,5619.333333333333,4144.0,,,,,,,,,,,,,,,,,,
A28TA25NJGLL3Y,prim,30-1,30.0,1000.0,11,3508.75,3574.625,3944.666666666667,4040.0,8254.75,4339.75,5606.25,6140.833333333334,3761.25,3365.666666666667,,,,,,,,,,,,,,,,,
A28TA25NJGLL3Y,prim,30-1,30.0,1000.0,12,5836.833333333334,4353.5,3905.6666666666665,3547.6666666666665,4751.0,5192.333333333333,4086.0,3871.5,4086.666666666667,4182.75,3938.166666666667,,,,,,,,,,,,,,,,
A28TA25NJGLL3Y,prim,30-1,30.0,1000.0,13,6011.0,10068.0,2641.0,10048.0,,2802.0,10326.0,6850.0,3910.0,,4947.0,6342.0,,,,,,,,,,,,,,,
A28TA25NJGLL3Y,prim,30-1,30.0,1000.0,14,3417.0,4219.0,4683.0,4838.0,,2411.0,4577.0,,17417.0,4961.0,2776.0,3392.0,4772.0,,,,,,,,,,,,,,
A28TA25NJGLL3Y,prim,30-1,30.0,1000.0,15,4228.0,5872.5,2989.0,3324.0,5169.0,2878.5,3631.5,5423.5,3745.0,3643.5,3326.0,3108.0,6260.5,7853.0,,,,,,,,,,,,,
A28ZPY6D5AS7GZ,ns,30-1,30.0,1000.0,4,1441.7999999970198,2738.8000000044703,2998.64999999851,,,,,,,,,,,,,,,,,,,,,,,,
A28ZPY6D5AS7GZ,ns,30-1,30.0,1000.0,5,964.6999999955297,2901.5,964.0,,,,,,,,,,,,,,,,,,,,,,,,
A28ZPY6D5AS7GZ,ns,30-1,30.0,1000.0,6,1538.699999999255,1561.5883333346494,2070.325000000083,2198.511111110449,2370.4944444443613,,,,,,,,,,,,,,,,,,,,,,
A28ZPY6D5AS7GZ,ns,30-1,30.0,1000.0,7,1770.5305555540447,1481.0722222212287,1531.61111111256,1461.119999999967,2096.7333333355687,2023.7111111111524,,,,,,,,,,,,,,,,,,,,,
A28ZPY6D5AS7GZ,ns,30-1,30.0,1000.0,8,1541.4200000002982,1457.2777777804683,1718.2277777797233,1569.48333333412,1765.7722222262785,1429.8266666650773,1748.5833333314706,,,,,,,,,,,,,,,,,,,,
A2ASRB2MTHDHPD,prim,30-1,30.0,1000.0,11,,2864.39999999851,2367.599999997765,3920.20000000298,2622.400000002235,1886.4000000022352,2527.800000000745,6976.5,,,,,,,,,,,,,,,,,,,
A2ASRB2MTHDHPD,prim,30-1,30.0,1000.0,13,,3200.89999999851,2871.800000000745,3888.699999999255,,,3271.699999999255,,2336.599999997765,3656.300000000745,,3104.900000002235,,,,,,,,,,,,,,,
A2ASRB2MTHDHPD,prim,30-1,30.0,1000.0,15,3447.60000000149,3716.5500000026077,4507.60000000149,2708.574999999255,3996.449999999255,3415.675000000745,3924.524999999441,2973.7000000001863,1956.3500000005588,2535.300000000745,1949.699999999255,2568.3000000026077,3672.0000000018626,1727.3499999996275,,,,,,,,,,,,,
A2ASRB2MTHDHPD,prim,30-1,30.0,1000.0,16,2486.0,3691.3499999791384,5331.5999999940395,2889.7000000029802,2568.4000000059605,2495.549999989569,2754.0500000044703,3497.0999999940395,2482.949999973178,2534.1000000163913,2983.349999986589,3905.525000013411,2242.2000000029802,3528.2499999925494,3348.174999989569,,,,,,,,,,,,
A2ASRB2MTHDHPD,prim,30-1,30.0,1000.0,17,2705.6749999917424,2549.8666666649283,2181.6999999955297,3634.1666666582228,4455.95,2874.516666666294,3552.8166666657976,4323.20000000329,3113.324999996461,2954.3600000023844,3111.4333333404115,2271.6266666675606,4184.424999999814,2497.673333326727,4547.326666663339,2187.455555551168,,,,,,,,,,,
A2ASRB2MTHDHPD,prim,30-1,30.0,1000.0,18,2469.2333333318434,4121.816666670765,3121.0,3162.6166666696467,2689.71666666617,2863.049999995778,2766.8249999973923,2658.7000000029802,3531.0500000038496,3099.77499999851,2252.9250000044703,3895.8166666651764,3432.8833333328366,3721.8666666684053,3611.5833333333335,3251.0999999952815,3585.849999995902,,,,,,,,,,
A2ASRB2MTHDHPD,prim,30-1,30.0,1000.0,19,3404.5,2220.000000005588,3328.566666657726,3050.050000006333,3103.966666662445,2483.733333328118,3795.9999999913075,3069.7666666644313,3607.5333333412805,3739.100000002732,2335.399999997268,2943.7333333343267,1940.5499999914318,3451.333333335817,4201.766666663189,2558.666666662941,2328.9500000011176,2732.4500000011176,,,,,,,,,
A2ASRB2MTHDHPD,prim,30-1,30.0,1000.0,20,4291.17500000447,5598.275000020862,3201.0,3014.550000011921,3084.4250000193715,2826.47500000149,4118.0,2946.199999988079,3496.550000011921,1295.7999999970198,5055.374999992549,1931.849999986589,3160.7999999970198,3362.4000000059605,2260.4750000163913,3766.4750000163913,2728.675000011921,4036.5499999970198,3173.050000011921,,,,,,,,
A2ASRB2MTHDHPD,prim,30-1,30.0,1000.0,21,2974.0250000059605,4438.266666658844,4007.3000000001243,3085.8166666664183,3053.7166666686535,3777.1833333354443,2207.900000004098,3485.6999999918044,4886.975000006147,5938.633333331595,2561.116666674614,2377.8499999990067,3427.5666666651764,2326.0499999920526,2578.1500000059605,2977.566666662693,2801.0500000044703,5566.550000006333,3274.4499999955297,2867.0999999968335,,,,,,,
A2ASRB2MTHDHPD,prim,30-1,30.0,1000.0,22,3172.7722222283483,2968.8166666645557,2834.362500002297,2928.4958333202326,3388.925000000745,2667.8624999957783,3699.799999991432,2671.0166666638106,4616.987500002298,2998.2291666682186,3261.941666669523,3302.4250000004345,2572.700000001428,2798.533333338383,3492.5583333335817,2924.09166666617,3319.4833333243923,3220.0625000009313,3171.5958333282424,3670.7708333361275,2772.8916666628793,,,,,,
A2ASRB2MTHDHPD,prim,30-1,30.0,1000.0,23,2205.366666674614,3373.8833333390453,2405.416666665425,3300.366666658471,3058.9500000029802,3252.416666680326,4207.516666678091,2474.916666670392,3545.916666665425,4131.366666668405,2671.6499999898174,2524.5999999791384,3550.7333333206675,3320.5500000044703,3615.5500000057123,3328.083333329608,1870.625,3765.9333333298564,2305.633333347738,2757.1666666666665,3019.633333325386,3192.283333340039,,,,,
A2ASRB2MTHDHPD,prim,30-1,30.0,1000.0,24,2923.5,7886.800000000745,3494.699999999255,2398.0,2511.400000002235,,3430.599999997765,3095.599999997765,4375.79999999702,2110.800000000745,2991.10000000149,2397.60000000149,,2279.5,2247.800000000745,2550.900000002235,2581.39999999851,2447.5,2774.89999999851,2695.099999997765,2350.89999999851,3983.199999999255,2073.5,,,,
A2ASRB2MTHDHPD,prim,30-1,30.0,1000.0,25,2126.6000000039735,3452.9000000158944,2703.633333325386,2115.0,3413.9000000158944,2252.300000011921,2434.199999988079,2704.833333313465,3072.6666666467986,2731.8666666348777,2705.3333333333335,2478.5333333412805,2850.550000011921,2703.1333333651223,3041.899999976158,2783.433333337307,2820.6666666666665,3497.066666662693,3145.2000000079474,1955.5333333214123,3017.966666638851,2920.2999999821186,2359.4666666587195,2879.2666666706405,,,
A2BUHMLNE3LUU0,ns,30-1,30.0,1000.0,6,5271.70000000298,4687.39999999851,3855.70000000298,4932.29999999702,3845.0,,,,,,,,,,,,,,,,,,,,,,
A2BUHMLNE3LUU0,ns,30-1,30.0,1000.0,7,13262.099999997765,2889.699999999255,,8191.099999997765,,9085.400000002235,,,,,,,,,,,,,,,,,,,,,
A2BUHMLNE3LUU0,ns,30-1,30.0,1000.0,8,5302.887500000652,5860.794444443451,6409.887500001118,5104.991666664991,7150.35000000149,7621.262500000186,12648.799999998882,,,,,,,,,,,,,,,,,,,,
A2BUHMLNE3LUU0,ns,30-1,30.0,1000.0,9,5173.976666667437,5495.607142856602,5469.0304166664055,6445.56000000015,5857.832500000236,6565.250833334028,7870.29791666707,10172.834642856782,,,,,,,,,,,,,,,,,,,
A2BUHMLNE3LUU0,ns,30-1,30.0,1000.0,10,5994.1499999989755,5061.106250000186,5757.975000002421,5572.7875000010245,6670.400000000165,6391.837500000838,6472.318750000093,6219.583333332092,10239.950000001118,,,,,,,,,,,,,,,,,,
A2BUHMLNE3LUU0,ns,30-1,30.0,1000.0,11,5545.574999999255,5458.425000000745,6014.27499999851,6619.500000001863,6313.32500000298,6008.3499999996275,6737.5999999996275,8199.549999998882,9631.474999997765,9923.52499999851,,,,,,,,,,,,,,,,,
A2BUHMLNE3LUU0,ns,30-1,30.0,1000.0,12,6742.25,4372.125,5535.0,5724.5,5651.749999998137,5418.9749999996275,5586.649999996647,8465.175000000745,5961.000000001863,7084.949999999255,6261.625,,,,,,,,,,,,,,,,
A2E2SLXF4KQ3S1,prim,30-1,30.0,1000.0,7,2334.3999996185303,,4359.0,5325.300000190735,3570.5,3373.5999994277954,,,,,,,,,,,,,,,,,,,,,
A2E2SLXF4KQ3S1,prim,30-1,30.0,1000.0,12,2525.6500000953674,4224.150000095367,3890.5999994277954,4246.200000286102,2704.300000190735,2862.25,2788.9500002861023,1984.20000076294,2918.949999809265,5838.150000095367,2517.199999809265,,,,,,,,,,,,,,,,
A2E2SLXF4KQ3S1,prim,30-1,30.0,1000.0,14,,3311.9000005722046,,,2608.199999809265,2432.0999994277954,3528.800000190735,5504.599999427795,2224.0,2468.9000005722046,,5448.400000572205,,,,,,,,,,,,,,,
A2E2SLXF4KQ3S1,prim,30-1,30.0,1000.0,15,3988.8500003814697,2405.28888935513,7209.366666634877,3495.466666698456,2584.549999833107,4732.291667064032,3313.737500190735,3868.7666664123535,3053.6541665395102,2452.625,6217.504166483879,3277.3333331743875,3891.388888888889,3087.625000079473,,,,,,,,,,,,,
A2E2SLXF4KQ3S1,prim,30-1,30.0,1000.0,16,2840.4333333969116,4484.616666952769,3176.9500002861023,3024.244444741143,4951.9333330790205,2947.3499999046326,4723.333333174388,4239.575000286102,3095.6222219467163,2895.0499998728433,3448.5500000317893,3042.499999523163,3560.81666692098,3045.766666836209,6055.5,,,,,,,,,,,,
A2E2SLXF4KQ3S1,prim,30-1,30.0,1000.0,17,3088.9833333889646,3944.816666762034,2696.4708335399628,2954.9499999284744,3518.216666698456,3563.3916667699814,4231.504166642824,3677.8750002384186,2861.875,3078.2166665395102,2668.212499976158,3423.1750000715256,4452.866666634878,3880.449999809265,3573.3541667461395,2964.5166667302447,,,,,,,,,,,
A2E2SLXF4KQ3S1,prim,30-1,30.0,1000.0,18,2590.437499920527,3093.599999864896,3553.216666420301,3731.408333381017,2734.7999998728433,3979.5999999046326,2941.5999999841056,3046.0083334048586,2937.6875001192093,4082.724999666214,2451.008333245913,3904.766666571299,3894.7041665712995,3950.9041671355562,3253.270833452543,2652.466666738192,3004.2000002331206,,,,,,,,,,
A2E2SLXF4KQ3S1,prim,30-1,30.0,1000.0,19,2220.4333333969116,3230.791666666667,2873.0750000476837,2595.341666857402,3453.925000190735,3701.5166670481367,3160.34166653951,2590.958333333333,3126.7000002861023,3911.608333428701,2368.5416667461395,3417.1499996185303,3044.875,3117.449999809265,2817.458333492279,2335.5333336194353,3015.8250000476837,2526.4500000476837,,,,,,,,,
A2E2SLXF4KQ3S1,prim,30-1,30.0,1000.0,20,3112.583333174388,2324.333333492279,2224.266666730245,2426.149999856949,3014.5166670481367,2998.7333331108093,3344.199999809265,2834.5999999046326,3367.983333269755,2268.7333332697553,4848.64999961853,2356.916666666667,4113.683333396912,2663.0666662851972,2238.2166663805647,2893.1500000953674,2668.533333142598,2866.416666507721,2363.699999809265,,,,,,,,
A2E2SLXF4KQ3S1,prim,30-1,30.0,1000.0,21,2487.800000190735,2142.9000005722046,,2450.9000005722046,2509.699999809265,3262.5,2805.2000007629395,3525.800000190735,3620.0999994277954,3607.39999961853,1277.3000001907349,5294.300000190735,2007.5,2806.6000003814697,2492.8999996185303,,5797.800000190735,4438.60000038147,1748.0999994277954,2230.5,,,,,,,
A2E2SLXF4KQ3S1,prim,30-1,30.0,1000.0,22,2324.5083332061768,2743.391666650772,2822.2999999523163,3465.458333333333,2846.1833330790205,3434.1749999523163,3233.808333237966,3617.949999809265,2515.3666663964586,2470.5083334445953,3230.8250002066297,3462.7500002384186,2820.566666841507,3232.8333332538605,2727.3333332538605,4191.216666857401,3455.3250002861023,3521.5416667461395,2353.9833332697553,2879.241666475932,4081.483333508174,,,,,,
A2FJIZUHR6E4EZ,prim,30-1,30.0,1000.0,2,,,,,,,,,,,,,,,,,,,,,,,,,,,
A2FJIZUHR6E4EZ,prim,30-1,30.0,1000.0,5,6919.800000071526,,7251.600000023842,,,,,,,,,,,,,,,,,,,,,,,,
A2FJIZUHR6E4EZ,prim,30-1,30.0,1000.0,6,5285.5,4634.600000143051,2902.0,3965.099999904633,5603.0,,,,,,,,,,,,,,,,,,,,,,
A2FJIZUHR6E4EZ,prim,30-1,30.0,1000.0,7,,,5044.100000023842,6201.349999934435,5903.700000047684,3122.5,,,,,,,,,,,,,,,,,,,,,
A2FJIZUHR6E4EZ,prim,30-1,30.0,1000.0,8,3043.0,4793.799999952316,,4803.5,,9463.400000095367,4156.6000000834465,,,,,,,,,,,,,,,,,,,,
A2FJIZUHR6E4EZ,prim,30-1,30.0,1000.0,9,2843.199999978145,10667.5,3779.5499999622502,4965.775000035763,4232.066666642825,4157.399999976158,3650.3499999940395,7270.625,,,,,,,,,,,,,,,,,,,
A2FJIZUHR6E4EZ,prim,30-1,30.0,1000.0,10,4473.900000020862,4011.7333333194256,4075.9333333174386,4511.375,4233.5,5781.550000011921,4201.416666666667,5393.100000003974,4839.6611110832955,,,,,,,,,,,,,,,,,,
A2FJIZUHR6E4EZ,prim,30-1,30.0,1000.0,11,3787.466666698456,4956.100000053644,3676.300000011921,3705.5,5382.400000095367,2578.2750000059605,4703.049999942382,4677.466666658719,4758.150000035763,3486.000000089407,,,,,,,,,,,,,,,,,
A2FJIZUHR6E4EZ,prim,30-1,30.0,1000.0,12,4130.075000047684,3457.700000047684,3604.3250000476837,3909.0500000715256,4372.699999928474,5816.550000011921,4765.424999952316,2204.5,5308.25,5438.600000023842,2969.0500000715256,,,,,,,,,,,,,,,,
A2FJIZUHR6E4EZ,prim,30-1,30.0,1000.0,13,2576.89999995629,3996.0499999821186,3774.2250000089407,5202.183333267768,4358.4000000059605,2849.2666666905084,3694.766666750113,2914.86666666468,4078.800000011921,3062.3749999701977,3684.5499999821186,3347.2249999940395,,,,,,,,,,,,,,,
A2FJIZUHR6E4EZ,prim,30-1,30.0,1000.0,14,2614.25,3250.7666666905084,3788.600000023842,3269.633333325386,7168.066666642825,4470.166666666667,3376.4000000953674,2315.649999976158,3992.4499999284744,4548.666666666667,4470.033333341281,6224.900000035763,4405.349999964237,,,,,,,,,,,,,,
A2FJIZUHR6E4EZ,prim,30-1,30.0,1000.0,15,3903.8750000596046,5752.8999999165535,2962.525000065565,6973.349999964237,2449.150000035763,4501.700000017881,4634.099999904633,3512.250000089407,4978.349999964237,5543.599999904633,3523.950000047684,4206.75,5196.799999982119,4034.024999976158,,,,,,,,,,,,,
A2FJIZUHR6E4EZ,prim,30-1,30.0,1000.0,16,2574.1999999284744,4493.75,2310.399999976158,3029.700000047684,2118.200000047684,4047.199999809265,3444.7999999523163,4669.050000011921,4030.599999904633,5291.5,3544.399999976158,3390.0,4135.300000011921,3951.100000143051,3359.050000011921,,,,,,,,,,,,
A2FJIZUHR6E4EZ,prim,30-1,30.0,1000.0,17,3923.550000011921,3149.9749999940395,3781.300000011921,3510.050000011921,4546.900000035763,4222.099999964237,5104.900000035763,4230.25,4227.549999952316,2880.2000000476837,4800.449999988079,7808.899999976158,5000.700000047684,4451.75,3813.449999988079,3534.150000035763,,,,,,,,,,,
A2G2T6EMXAOKMS,rec,30-1,30.0,1000.0,5,5401.300000000745,6009.89999999851,2569.800000000745,9721.60000000149,,,,,,,,,,,,,,,,,,,,,,,
A2G2T6EMXAOKMS,rec,30-1,30.0,1000.0,6,1898.8666666646798,1560.6999999980133,2341.366666659713,2973.6999999930463,10015.94999999553,,,,,,,,,,,,,,,,,,,,,,
A2G2T6EMXAOKMS,rec,30-1,30.0,1000.0,7,2507.366666674614,2434.8499999996275,4282.733333328118,3037.750000022352,6804.499999992549,15659.366666683307,,,,,,,,,,,,,,,,,,,,,
A2G2T6EMXAOKMS,rec,30-1,30.0,1000.0,8,1863.9999999995862,1832.6333333013788,2591.8999999906455,2277.4222222384483,3805.2999999982617,8807.216666673621,16672.833333354443,,,,,,,,,,,,,,,,,,,,
A2G2T6EMXAOKMS,rec,30-1,30.0,1000.0,9,1647.7166666705161,1689.9166666623205,2770.0833333370583,3272.7166666425765,6900.450000005774,5582.950000011051,9303.100000012046,13038.61666668641,,,,,,,,,,,,,,,,,,,
A2G2T6EMXAOKMS,rec,30-1,30.0,1000.0,10,1434.394444445976,1562.388888888889,2490.8277777911476,2645.022222235592,2894.6416666549117,4392.741666666129,4989.744444458643,12911.124999985099,18619.46944444668,,,,,,,,,,,,,,,,,,
A2G2T6EMXAOKMS,rec,30-1,30.0,1000.0,11,1695.2499999838572,1849.383333325386,1824.5666666614513,2487.03333333383,2499.6166666752347,2387.2000000001863,2753.7333333293595,3845.3333333265036,7400.3166666670395,18993.316666658346,,,,,,,,,,,,,,,,,
A2G2T6EMXAOKMS,rec,30-1,30.0,1000.0,12,2141.450000011362,1366.6750000054017,2652.4249999998137,3142.524999992922,3259.9000000180677,1739.849999981001,2760.999999994412,9658.425000028685,6286.7249999996275,6151.724999988452,4650.175000006333,,,,,,,,,,,,,,,,
A2GRA6N98ZPIQ1,prim,30-1,30.0,1000.0,12,2561.0,8267.0,3993.0,12372.0,2434.5,2521.5,2943.0,3209.5,2172.5,2189.0,2899.0,,,,,,,,,,,,,,,,
A2GRA6N98ZPIQ1,prim,30-1,30.0,1000.0,13,3402.5,,4149.0,3663.5,4619.75,2448.0,,2763.25,1722.5,5447.0,4915.5,2846.0,,,,,,,,,,,,,,,
A2GRA6N98ZPIQ1,prim,30-1,30.0,1000.0,14,3205.0,9243.0,1311.0,2967.5,8028.5,2326.5,1303.0,1566.0,2472.5,2970.0,7053.5,3865.5,2250.5,,,,,,,,,,,,,,
A2GRA6N98ZPIQ1,prim,30-1,30.0,1000.0,15,3369.5,3282.0,4344.5,,9263.0,3006.0,2356.5,2646.0,1502.0,2696.0,2737.0,2361.0,1793.5,3106.5,,,,,,,,,,,,,
A2GRA6N98ZPIQ1,prim,30-1,30.0,1000.0,16,5460.0,2626.0,5183.0,10134.0,3552.0,2995.0,2391.0,4404.0,,2806.0,3608.0,2214.0,2692.0,2112.0,2938.0,,,,,,,,,,,,
A2GRA6N98ZPIQ1,prim,30-1,30.0,1000.0,17,2118.0,3138.0,,1878.0,1461.0,5471.0,,2204.0,2324.0,,2230.0,2955.0,1963.0,2086.0,2436.0,3626.0,,,,,,,,,,,
A2GRA6N98ZPIQ1,prim,30-1,30.0,1000.0,18,2077.5,3318.0,3255.5,10645.0,2286.0,3404.0,2155.5,7845.5,6708.0,4665.0,3260.5,3110.0,2837.5,2399.5,3935.0,3517.0,5334.0,,,,,,,,,,
A2GRA6N98ZPIQ1,prim,30-1,30.0,1000.0,19,4388.0,4754.0,6099.5,2796.0,3127.5,2091.0,3012.0,3048.5,2323.0,3217.5,6458.0,2419.5,2143.0,2356.0,1615.5,2756.5,5456.0,5573.5,,,,,,,,,
A2GRA6N98ZPIQ1,prim,30-1,30.0,1000.0,20,7163.166666666667,3350.25,4010.0,3392.0,3685.875,4192.416666666667,2375.0,2094.0,1883.3333333333335,2658.5,2768.583333333333,3447.375,3876.75,2428.083333333333,3245.875,2980.25,5071.083333333334,3111.75,3289.333333333333,,,,,,,,
A2GRA6N98ZPIQ1,prim,30-1,30.0,1000.0,22,1937.0,2677.0,2476.0,,1660.0,2282.0,3434.0,3239.0,2241.0,3916.0,2782.0,2267.0,2217.0,3043.0,2061.0,2936.0,2401.0,2882.0,3428.0,1792.0,2816.0,,,,,,
A2GRA6N98ZPIQ1,prim,30-1,30.0,1000.0,23,4220.0,2581.0,2539.0,4595.5,2554.5,2988.0,2135.0,2585.0,3749.5,2780.0,2591.0,2398.0,2580.5,2878.0,2649.5,2341.5,3802.0,5816.5,2579.5,2845.0,3326.0,2551.0,,,,,
A2IKLJWU2OJ1YX,prim,30-1,30.0,1000.0,2,,,,,,,,,,,,,,,,,,,,,,,,,,,
A2IKLJWU2OJ1YX,prim,30-1,30.0,1000.0,3,3006.199999809265,3470.599999904633,,,,,,,,,,,,,,,,,,,,,,,,,
A2IKLJWU2OJ1YX,prim,30-1,30.0,1000.0,5,27567.89999997616,3646.300000011921,3908.8000000417233,5254.100000063579,,,,,,,,,,,,,,,,,,,,,,,
A2IKLJWU2OJ1YX,prim,30-1,30.0,1000.0,6,6962.9000000059605,4788.800000011921,7928.5,7155.9000000059605,3631.5,,,,,,,,,,,,,,,,,,,,,,
A2IKLJWU2OJ1YX,prim,30-1,30.0,1000.0,8,4501.999999962747,5896.350000016391,2263.0499999821186,3043.64999999851,3592.6749999672174,3666.3500000089407,4683.750000029802,,,,,,,,,,,,,,,,,,,,
A2IKLJWU2OJ1YX,prim,30-1,30.0,1000.0,9,2719.958333273729,3747.216666688522,2945.399999976158,3182.788888911406,2949.199999998013,3778.824999988079,2906.422222223547,3043.1555555197924,,,,,,,,,,,,,,,,,,,
A2IKLJWU2OJ1YX,prim,30-1,30.0,1000.0,10,3233.9541666532555,3694.4000000059605,3825.550000030133,3608.8666666510203,3547.116666627427,2916.750000038495,3883.8166666713855,3373.658333361149,5457.177777773803,,,,,,,,,,,,,,,,,,
A2IKLJWU2OJ1YX,prim,30-1,30.0,1000.0,11,3100.0499999970198,3834.5624999701977,3045.5624999776483,8525.500000019869,2810.566666662693,2414.250000009934,3100.1374999955297,5886.874999985099,3562.4249999970198,3263.574999988079,,,,,,,,,,,,,,,,,
A2IKLJWU2OJ1YX,prim,30-1,30.0,1000.0,12,3442.3250000327826,2418.4999999701977,3640.0187499709427,2572.6729166693985,3792.118750035763,4049.4312500096858,2774.831249989569,3575.437499973923,4123.218750011176,4908.212500035763,3612.0375000350177,,,,,,,,,,,,,,,,
A2IKLJWU2OJ1YX,prim,30-1,30.0,1000.0,13,2941.699999988079,2520.300000011921,2300.3333333333335,4173.066666662693,2992.066666662693,5704.133333285649,4471.200000027816,6594.833333313465,2821.733333269755,2687.649999976158,2607.933333337307,5694.050000011921,,,,,,,,,,,,,,,
A2IKLJWU2OJ1YX,prim,30-1,30.0,1000.0,15,1912.5,3243.7999999821186,2306.4000000059605,2887.0999999940395,3697.100000023842,,2679.399999976158,6910.799999982119,,8491.09999999404,5710.9000000059605,12722.0,2051.699999988079,3787.2000000178814,,,,,,,,,,,,,
A2K5AXCSY703CU,ns,30-1,30.0,1000.0,4,4870.0,,13074.0,,,,,,,,,,,,,,,,,,,,,,,,
A2K5AXCSY703CU,ns,30-1,30.0,1000.0,5,5246.5,6065.0,14531.0,5515.5,,,,,,,,,,,,,,,,,,,,,,,
A2K5AXCSY703CU,ns,30-1,30.0,1000.0,6,7419.0,4709.0,5119.0,6419.0,5690.5,,,,,,,,,,,,,,,,,,,,,,
A2K5AXCSY703CU,ns,30-1,30.0,1000.0,7,7973.5,7038.944444444444,7228.11111111111,8641.333333333334,6990.222222222223,8406.611111111111,,,,,,,,,,,,,,,,,,,,,
A2K5AXCSY703CU,ns,30-1,30.0,1000.0,8,6868.416666666667,6683.5,7340.0,6261.25,5847.625,5896.125,4689.611111111111,,,,,,,,,,,,,,,,,,,,
A2K5AXCSY703CU,ns,30-1,30.0,1000.0,9,7447.666666666667,5591.666666666666,5115.25,6513.166666666666,6296.833333333334,6186.25,6281.833333333333,6416.916666666666,,,,,,,,,,,,,,,,,,,
A2K5AXCSY703CU,ns,30-1,30.0,1000.0,10,7049.555555555556,5637.277777777777,5907.111111111112,8965.444444444443,4792.75,5054.61111111111,6629.25,6077.375,5555.805555555556,,,,,,,,,,,,,,,,,,
A2K5AXCSY703CU,ns,30-1,30.0,1000.0,11,4332.0,6050.0,5343.5,4520.0,4764.5,7323.5,3761.0,5939.0,5825.0,4954.0,,,,,,,,,,,,,,,,,
A2K5AXCSY703CU,ns,30-1,30.0,1000.0,12,4722.0,6171.0,9142.0,4683.0,4945.0,6382.0,5661.0,5406.0,5371.0,5976.0,5189.0,,,,,,,,,,,,,,,,
A2K5AXCSY703CU,ns,30-1,30.0,1000.0,13,8655.0,3391.0,3654.0,8675.0,4753.0,3340.0,6245.0,5403.0,6031.0,3527.0,7060.0,5054.0,,,,,,,,,,,,,,,
A2MV1R6YYOIO30,prim,30-1,30.0,1000.0,4,3636.655555493302,5688.95833333085,6010.76250019297,,,,,,,,,,,,,,,,,,,,,,,,
A2MV1R6YYOIO30,prim,30-1,30.0,1000.0,5,4869.499999995032,4271.17999997735,3134.179999905825,11132.024999881785,,,,,,,,,,,,,,,,,,,,,,,
A2MV1R6YYOIO30,prim,30-1,30.0,1000.0,6,4712.650000065565,4287.82500000298,4317.333333333333,4205.425000056624,4377.25,,,,,,,,,,,,,,,,,,,,,,
A2MV1R6YYOIO30,prim,30-1,30.0,1000.0,7,5686.216666648786,3440.974999944369,3521.6199999421833,4224.2444444927905,4279.816666622956,6557.780000144244,,,,,,,,,,,,,,,,,,,,,
A2MV1R6YYOIO30,prim,30-1,30.0,1000.0,8,2774.1875000596046,3344.324999988079,4298.925000071526,4957.016666491826,3323.1666665871935,3351.787500023842,2905.074999809265,,,,,,,,,,,,,,,,,,,,
A2MV1R6YYOIO30,prim,30-1,30.0,1000.0,9,4830.15833334128,4293.525000015894,3486.0083332856493,4226.024999976158,3889.0749999682107,4384.708333293596,8087.70000008742,3006.399999856949,,,,,,,,,,,,,,,,,,,
A2MV1R6YYOIO30,prim,30-1,30.0,1000.0,11,2939.800000190735,2352.8999996185303,3113.699999809265,2706.1000003814697,2386.0,,2788.199999809265,2608.099999904633,2113.9000000953674,5514.699999809265,,,,,,,,,,,,,,,,,
A2NU82V08QSPCC,prim,30-1,30.0,1000.0,8,4609.600000143051,9827.0,4192.100000023842,4782.5,5554.450000047684,4907.5,5660.299999833107,,,,,,,,,,,,,,,,,,,,
A2NU82V08QSPCC,prim,30-1,30.0,1000.0,9,3370.3000000715256,3913.4499999284744,4619.100000023842,3250.350000023842,2734.1500000953674,2683.4000000953674,3646.0499999523163,9255.25,,,,,,,,,,,,,,,,,,,
A2NU82V08QSPCC,prim,30-1,30.0,1000.0,10,4841.961111055481,8630.200000047684,3903.822222206328,3941.605555574099,3452.7833333412805,3316.2833332882988,4511.203333346049,2881.472222261959,4032.0766666650775,,,,,,,,,,,,,,,,,,
A2NU82V08QSPCC,prim,30-1,30.0,1000.0,11,4036.7549999892713,4323.683333313465,3451.155555579398,3547.5911110930974,3724.84222228792,3388.700000059605,3484.308333325386,5275.95833337307,3446.5977777798976,3808.2083332935968,,,,,,,,,,,,,,,,,
A2NU82V08QSPCC,prim,30-1,30.0,1000.0,12,5192.8222222460645,3443.394444452392,3439.6000000105964,3463.2111111614436,3935.8166667222977,3675.055555555555,6603.544444481533,3917.8055555158194,3195.1944444576898,2985.238888899485,4478.516666664018,,,,,,,,,,,,,,,,
A2NU82V08QSPCC,prim,30-1,30.0,1000.0,13,3301.1666667461395,2853.9333333969116,3528.8000000317893,3687.0666665236154,7129.850000023842,4005.499999920527,3317.033333381017,2927.8666667143502,6216.900000015895,3520.033333301544,3786.1999999682107,4501.0,,,,,,,,,,,,,,,
A2NU82V08QSPCC,prim,30-1,30.0,1000.0,14,6078.399999976158,3901.649999976158,3194.0500000715256,3781.600000023842,3798.5499999523163,5137.549999952316,3913.149999976158,3949.8000000715256,3793.5,2916.2000000476837,5237.499999880791,4021.7999999523163,2577.5499999523163,,,,,,,,,,,,,,
A2NU82V08QSPCC,prim,30-1,30.0,1000.0,15,3041.9000000953674,,10321.799999952316,5090.900000095367,3152.9000000953674,3873.5,3547.099999904633,3162.399999856949,2703.700000047684,2946.2999999523163,3000.7999999523163,4386.299999952316,3146.200000047684,3770.200000047684,,,,,,,,,,,,,
A2NY0VWEWDULC6,rec,30-1,30.0,1000.0,4,3900.550000190735,,5942.900000095367,,,,,,,,,,,,,,,,,,,,,,,,
A2NY0VWEWDULC6,rec,30-1,30.0,1000.0,5,5397.424999810755,9692.80000000447,5173.500000022352,9162.600000023842,,,,,,,,,,,,,,,,,,,,,,,
A2NY0VWEWDULC6,rec,30-1,30.0,1000.0,6,4581.1500000059605,3685.550000011921,5929.762500099838,4580.975000046194,7421.025000050664,,,,,,,,,,,,,,,,,,,,,,
A2NY0VWEWDULC6,rec,30-1,30.0,1000.0,7,5057.3416667406755,6013.337500043213,4678.388888842529,4216.766666568816,4718.737499885261,7118.358333359162,,,,,,,,,,,,,,,,,,,,,
A2NY0VWEWDULC6,rec,30-1,30.0,1000.0,8,4328.01666670541,5697.183333367109,3454.7499999776483,4519.866666714351,5763.249999975164,4128.016666650772,5501.016666730245,,,,,,,,,,,,,,,,,,,,
A2NY0VWEWDULC6,rec,30-1,30.0,1000.0,9,5080.163333333532,5534.364166614413,4762.398333400488,4294.690000053247,4877.922916722794,5058.793333303266,6534.768749913821,4402.1600000813605,,,,,,,,,,,,,,,,,,,
A2NY0VWEWDULC6,rec,30-1,30.0,1000.0,10,3957.566666615506,5071.054166642329,4283.316666682561,4452.033333254358,3831.095833299061,4730.675000078976,4574.774999914071,5367.058333377043,5115.438888914055,,,,,,,,,,,,,,,,,,
A2NY0VWEWDULC6,rec,30-1,30.0,1000.0,11,4456.350000063579,5880.349999904633,4462.9000000754995,3845.7666668097177,4212.43333329757,3824.4499999284744,3621.0000000397363,4115.3666667540865,6459.41666662693,5258.750000059605,,,,,,,,,,,,,,,,,
A2NY0VWEWDULC6,rec,30-1,30.0,1000.0,12,4172.249999880791,5849.450000077486,3817.599999964237,4392.650000154972,4291.850000053644,3278.800000190735,4131.600000143051,4803.650000035763,4385.200000017881,5335.400000065565,4252.099999904633,,,,,,,,,,,,,,,,
A2NY0VWEWDULC6,rec,30-1,30.0,1000.0,14,5533.299999713898,3782.099999904633,4713.599999904633,4358.099999904633,2088.5,2522.2000002861023,5842.599999904633,4012.900000095368,5004.799999713898,3556.099999904633,6707.5,2711.300000190735,2133.9000000953674,,,,,,,,,,,,,,
A2OFVEA8BEJDZN,ns,30-1,30.0,1000.0,4,19013.60000038147,,,,,,,,,,,,,,,,,,,,,,,,,,
A2OFVEA8BEJDZN,ns,30-1,30.0,1000.0,5,5361.65,3981.7999998728433,8850.150000095367,3918.75,,,,,,,,,,,,,,,,,,,,,,,
A2OFVEA8BEJDZN,ns,30-1,30.0,1000.0,6,5201.372222264607,4688.883333524068,6071.11111111111,5041.266666849454,8256.633333047232,,,,,,,,,,,,,,,,,,,,,,
A2OFVEA8BEJDZN,ns,30-1,30.0,1000.0,7,6361.066666444142,6057.450000047684,10395.883333047232,5209.366666634877,4666.016666889191,5934.166666666667,,,,,,,,,,,,,,,,,,,,,
A2OFVEA8BEJDZN,ns,30-1,30.0,1000.0,8,5103.595833539963,5975.800000071526,5553.174999952316,6817.049999872844,4569.02500017484,4125.249999940395,7302.4041665792465,,,,,,,,,,,,,,,,,,,,
A2OFVEA8BEJDZN,ns,30-1,30.0,1000.0,9,4827.999999761581,5337.591666499774,4836.837500214577,4570.745833118757,6843.533333460489,4642.449999451637,7128.305555555556,5906.437499960263,,,,,,,,,,,,,,,,,,,
A2OFVEA8BEJDZN,ns,30-1,30.0,1000.0,10,4397.7666664123535,4614.566666603088,5864.933333396912,4943.816666603088,4416.149999936421,4862.216666698456,3587.7000001271567,4692.03333346049,7952.166666825612,,,,,,,,,,,,,,,,,,
A2OFVEA8BEJDZN,ns,30-1,30.0,1000.0,11,5447.750000476837,3886.7750000953674,3403.6749999523163,4576.049999952316,3358.625,3868.100000143051,4410.049999713898,2960.9249999523163,3583.9749999046326,4091.5500004291534,,,,,,,,,,,,,,,,,
A2OFVEA8BEJDZN,ns,30-1,30.0,1000.0,12,3172.199999809265,4137.099999427795,8572.699999809265,2059.300000190735,2105.699999809265,3339.0,2748.5,3371.9000005722046,,4249.800000190735,27338.5,,,,,,,,,,,,,,,,
A2P83PY6P7ECM5,ns,30-1,30.0,1000.0,2,5521.199999988079,,,,,,,,,,,,,,,,,,,,,,,,,,
A2P83PY6P7ECM5,ns,30-1,30.0,1000.0,3,,3615.5,,,,,,,,,,,,,,,,,,,,,,,,,
A2P83PY6P7ECM5,ns,30-1,30.0,1000.0,4,5501.100000023842,,8027.966666678588,,,,,,,,,,,,,,,,,,,,,,,,
A2P83PY6P7ECM5,ns,30-1,30.0,1000.0,5,7067.5,,,4060.400000005961,,,,,,,,,,,,,,,,,,,,,,,
A2P83PY6P7ECM5,ns,30-1,30.0,1000.0,6,5257.100000023842,,5579.5,4525.050000071526,6413.425000026822,,,,,,,,,,,,,,,,,,,,,,
A2P83PY6P7ECM5,ns,30-1,30.0,1000.0,7,3621.399999856949,4967.966666698456,,6844.349999904633,4049.75,5619.75,,,,,,,,,,,,,,,,,,,,,
A2P83PY6P7ECM5,ns,30-1,30.0,1000.0,8,4302.200000047684,5396.699999928474,10247.900000095367,8358.200000047684,5011.0,6953.099999904633,5656.299999952316,,,,,,,,,,,,,,,,,,,,
A2P83PY6P7ECM5,ns,30-1,30.0,1000.0,9,7049.100000143051,6082.900000095367,,3454.599999904633,,5509.299999952316,3633.5,7657.599999904633,,,,,,,,,,,,,,,,,,,
A2P83PY6P7ECM5,ns,30-1,30.0,1000.0,10,5507.600000143051,4806.600000143051,11104.700000047684,5436.899999976158,2442.5,3545.200000047684,4993.200000047684,6063.300000190735,3945.900000095368,,,,,,,,,,,,,,,,,,
A2P83PY6P7ECM5,ns,30-1,30.0,1000.0,11,2025.7999999523165,2162.700000047684,1782.0,2510.7499998807907,1940.1000001430511,1941.0,3922.600000143051,,4082.9999998807907,1696.2999999523165,,,,,,,,,,,,,,,,,
A2P83PY6P7ECM5,ns,30-1,30.0,1000.0,13,3822.4000000953674,2598.733333349228,2464.275000035763,1717.1333332856495,1938.1499999761581,2693.699999809265,2701.2999999523163,1836.9500000476837,1851.466666618983,2467.1999999284744,4231.0,1979.3000000317895,,,,,,,,,,,,,,,
A2P83PY6P7ECM5,ns,30-1,30.0,1000.0,16,3013.700000047684,4103.1666667461395,2855.149999976158,2046.0499999523165,2000.900000095368,2691.8999999761586,2417.4333333969116,3109.0,2702.8666667938232,2891.899999856949,2231.0999999841056,2786.700000047684,2461.6999999682107,2308.4000000158944,2710.350000023842,,,,,,,,,,,,
A2P83PY6P7ECM5,ns,30-1,30.0,1000.0,17,2057.0,,1720.0999999046326,,1390.8999998569489,2432.7999999523163,,,2292.2999999523163,2153.700000047684,1282.1999998092651,1358.5999999046326,2056.4000000953674,4387.5,2429.600000143051,3207.700000047684,,,,,,,,,,,
A2P83PY6P7ECM5,ns,30-1,30.0,1000.0,18,1965.0999999046328,2455.700000047684,4114.900000095367,,2435.099999904633,5902.400000095367,2971.100000143051,4919.200000047684,,2993.5,,1633.2000000476835,2432.5,2034.0,,,,,,,,,,,,,
A2P83PY6P7ECM5,ns,30-1,30.0,1000.0,22,1534.2999999523165,1303.3000001907349,,2497.099999904633,2144.5,1708.5,1645.7999999523165,1939.3000001907349,2350.0,3074.2999999523163,2303.5,2100.7999999523163,3759.099999904633,,,1564.2000000476835,1769.0,1389.3999998569489,954.7000000476836,2232.9000000953674,3961.200000047684,,,,,,
A2PUL3ZDXOW0VZ,rec,30-1,30.0,1000.0,4,5974.0,15114.599999964235,12754.0,,,,,,,,,,,,,,,,,,,,,,,,
A2PUL3ZDXOW0VZ,rec,30-1,30.0,1000.0,5,6581.700000047684,,10028.0,16309.799999952316,,,,,,,,,,,,,,,,,,,,,,,
A2PUL3ZDXOW0VZ,rec,30-1,30.0,1000.0,6,6373.7933333476385,7586.141666670641,7572.133333333334,13072.68749999255,15153.725000028808,,,,,,,,,,,,,,,,,,,,,,
A2PUL3ZDXOW0VZ,rec,30-1,30.0,1000.0,7,5076.954642849522,8793.042500011623,9572.695625010878,9823.049107144987,12328.237500013784,17909.111785709007,,,,,,,,,,,,,,,,,,,,,
A2PUL3ZDXOW0VZ,rec,30-1,30.0,1000.0,8,7651.585416637361,6462.433333327373,7501.275000015895,8247.106250025332,8437.791666681567,10618.94444443451,17996.841666673623,,,,,,,,,,,,,,,,,,,,
A2PUL3ZDXOW0VZ,rec,30-1,30.0,1000.0,9,4276.783333361149,5721.216666728258,8035.116666694482,6579.911111060116,8066.291666651766,9938.416666651765,10189.638888948493,11447.474999999005,,,,,,,,,,,,,,,,,,,
A2PUL3ZDXOW0VZ,rec,30-1,30.0,1000.0,10,3698.0250000208616,6139.399999991059,5782.8499999940395,5480.799999982119,6306.75,8818.70000000298,7352.949999988079,12401.050000011921,14325.425000011921,,,,,,,,,,,,,,,,,,
A2PUL3ZDXOW0VZ,rec,30-1,30.0,1000.0,11,3733.600000023842,4602.100000023842,11540.599999964235,3717.5,13225.30000001192,3972.800000011921,8597.900000035763,11865.899999976158,5208.100000023842,10718.0,,,,,,,,,,,,,,,,,
A2ROI30AQITC3V,ns,30-1,30.0,1000.0,3,7711.675000071526,11028.650000095367,,,,,,,,,,,,,,,,,,,,,,,,,
A2ROI30AQITC3V,ns,30-1,30.0,1000.0,4,11851.300000190737,14930.10000038147,19144.5,,,,,,,,,,,,,,,,,,,,,,,,
A2ROI30AQITC3V,ns,30-1,30.0,1000.0,5,,9884.900000095367,6461.400000095367,4685.0,,,,,,,,,,,,,,,,,,,,,,,
A2ROI30AQITC3V,ns,30-1,30.0,1000.0,6,3147.399999976158,6882.099999984105,4466.650000035763,,4367.599999964237,,,,,,,,,,,,,,,,,,,,,,
A2ROI30AQITC3V,ns,30-1,30.0,1000.0,7,10515.824999928474,4829.7333334287005,4379.200000127156,4666.249999761581,5926.533333381017,19140.125,,,,,,,,,,,,,,,,,,,,,
A2ROI30AQITC3V,ns,30-1,30.0,1000.0,8,4450.300000190735,4758.366666793823,5354.783333539963,7180.399999856949,3257.625,7016.716666777928,7455.099999904633,,,,,,,,,,,,,,,,,,,,
A2ROI30AQITC3V,ns,30-1,30.0,1000.0,9,4829.827083349228,5947.256249964237,5228.443750008941,5783.012500017881,4998.911111076673,4947.087500085433,7376.433333526054,6951.5624999552965,,,,,,,,,,,,,,,,,,,
A2ROI30AQITC3V,ns,30-1,30.0,1000.0,10,6573.216666767995,4629.945833255847,5727.512499958277,5393.520833353202,5011.349999934435,4216.737500031789,5737.950000007947,7766.888889008099,4256.112500056624,,,,,,,,,,,,,,,,,,
A2ROI30AQITC3V,ns,30-1,30.0,1000.0,11,4332.475000023842,5090.666666785876,4726.600000053644,4372.624999940395,5075.074999928474,6168.524999976158,7648.850000143051,9884.83333337307,7427.800000031789,8572.600000063578,,,,,,,,,,,,,,,,,
A2ROI30AQITC3V,ns,30-1,30.0,1000.0,12,3236.300000190735,4928.299999713898,4944.0,3218.9000000953674,5469.89999961853,,9905.39999961853,2904.4000000953674,7669.5,,10928.200000286102,,,,,,,,,,,,,,,,
A2ROI30AQITC3V,ns,30-1,30.0,1000.0,13,5220.899999856949,5971.8999999165535,3607.000000178814,4156.750000059605,4319.299999833107,4179.850000143051,3355.94999986887,5892.6499999165535,6286.25,,5467.599999964237,9955.700000286102,,,,,,,,,,,,,,,
A2ROI30AQITC3V,ns,30-1,30.0,1000.0,14,3682.3000000715256,4299.0,4048.100000023842,5047.0,4009.600000023842,3996.600000023842,3312.899999976158,6171.299999952316,3988.799999952316,5216.100000023842,4857.899999976158,5429.799999952316,,,,,,,,,,,,,,,
A2VZN8J53Y5WYR,prim,30-1,30.0,1000.0,2,,,,,,,,,,,,,,,,,,,,,,,,,,,
A2VZN8J53Y5WYR,prim,30-1,30.0,1000.0,10,916.4000000357628,,2440.300000011921,3918.699999988079,,,3030.100000023842,3684.400000035763,4467.899999976158,,,,,,,,,,,,,,,,,,
A2VZN8J53Y5WYR,prim,30-1,30.0,1000.0,12,,6713.800000071526,3049.600000023842,,,3642.899999976158,1581.0,3983.600000023842,4135.100000023842,,3003.2999999523163,,,,,,,,,,,,,,,,
A2VZN8J53Y5WYR,prim,30-1,30.0,1000.0,13,3205.475000053644,4170.4000000059605,3473.875,3532.7500000596046,3386.8999999165535,3391.6999999284744,3543.050000011921,3008.725000023842,3313.349999964237,2890.450000047684,3520.274999946356,4128.100000023842,,,,,,,,,,,,,,,
A2VZN8J53Y5WYR,prim,30-1,30.0,1000.0,14,3058.7999999523163,3022.4333332975707,4182.091666688521,3723.574999973178,2788.9399999409916,3519.375000019868,3233.7000000145704,2854.75,3161.5749999980135,3141.7375000149013,3742.0875000059605,2993.1833333075047,3060.8333333498904,,,,,,,,,,,,,,
A2VZN8J53Y5WYR,prim,30-1,30.0,1000.0,15,3105.833333392938,2743.050000011921,3161.283333301544,2662.900000065565,3458.074999973178,3156.355555531052,2972.0999999841056,3269.8999999629127,3496.4555555217794,2633.9249999821186,2945.416666686535,3178.411111179325,2978.0111111601195,3799.2749999910593,,,,,,,,,,,,,
A2VZN8J53Y5WYR,prim,30-1,30.0,1000.0,16,2982.650000035763,2606.899999976158,3440.577777756585,3092.1875000074506,4804.699999958277,2989.4999999701977,4017.8111110859445,3284.9083333363137,3458.2666666309037,3822.449999973178,3160.7166666835546,2907.1625000163913,3349.6999999284744,3316.500000014901,3090.777777751287,,,,,,,,,,,,
A2VZN8J53Y5WYR,prim,30-1,30.0,1000.0,17,2311.275000035763,3185.4500000079474,2617.649999976158,3692.1500000158944,2365.2500000000005,2274.0250000059605,2911.7666666706405,3049.6666666467986,3006.849999964237,2803.9333332975707,2251.0499999523163,2337.5750000178814,3010.1333333055177,3651.0666667024293,3203.9999998807907,3558.616666674614,,,,,,,,,,,
A2VZN8J53Y5WYR,prim,30-1,30.0,1000.0,18,2729.850000053644,2863.6500000953674,2352.399999976158,3978.0499999523163,3274.5499998927116,2634.7499999701977,3552.0000000198684,2680.2499999801316,2706.800000011921,3500.89999995629,3052.4500000476837,2699.7499999801316,4116.75,3554.766666611036,2607.8666666348777,3131.100000023842,4213.099999964237,,,,,,,,,,
A2VZN8J53Y5WYR,prim,30-1,30.0,1000.0,19,3461.449999988079,2482.849999964237,4784.100000023842,2672.1499999562902,2523.683333337307,2863.466666698456,3288.9166666269302,2725.350000003974,4288.800000190735,3020.9500001072884,2965.100000023842,2422.266666730245,3604.8500000834465,2314.150000035763,4305.299999952316,3517.6833333571753,2802.875,2642.833333353202,,,,,,,,,
A2VZN8J53Y5WYR,prim,30-1,30.0,1000.0,20,2833.449999988079,2953.4666666785874,2134.4000000953674,3495.350000023842,3072.4999999701977,2053.599999964237,2398.2999999721847,2647.199999988079,2888.0,2772.033333361149,4927.633333384991,2497.9000000059605,2556.599999964237,2532.1333332856498,2884.899999976158,2718.2999999721847,3465.5500000417233,3921.8333333333335,3200.833333412806,,,,,,,,
A2VZN8J53Y5WYR,prim,30-1,30.0,1000.0,22,3216.6999999284744,2652.399999976158,3866.299999952316,1409.5,,5354.100000023842,,4315.799999952316,2912.3000000715256,4103.100000023842,3149.100000023842,2506.700000047684,3870.1999999284735,3106.399999976158,2929.399999976158,3176.200000047684,2487.600000023842,,3744.100000023842,3986.799999952316,3846.100000023842,,,,,,
A2VZN8J53Y5WYR,prim,30-1,30.0,1000.0,26,2288.0,4189.200000047684,,5037.299999952316,3764.200000047684,4401.100000143051,2992.7999999523163,2655.7999999523163,3434.4000000953674,3047.2999999523163,2233.899999856949,2819.600000143051,2380.9000000953674,1041.6000001430511,2614.599999904633,1516.8999998569489,3374.099999904633,1298.2000000476835,3030.600000143051,1879.5,2808.599999904633,2140.700000047684,4336.099999904633,1287.0999999046326,2882.700000047684,,
A2XMRJKCNKLL4E,ns,30-1,30.0,1000.0,4,3728.2249999791384,3808.149999976158,3059.4600000977516,,,,,,,,,,,,,,,,,,,,,,,,
A2XMRJKCNKLL4E,ns,30-1,30.0,1000.0,5,5539.29999999702,4257.20000000298,3097.899999961257,3322.199999973178,,,,,,,,,,,,,,,,,,,,,,,
A2XMRJKCNKLL4E,ns,30-1,30.0,1000.0,6,3613.3111110693885,4295.0277778340715,3615.1999999582767,2667.249999966886,5409.750000059605,,,,,,,,,,,,,,,,,,,,,,
A2XMRJKCNKLL4E,ns,30-1,30.0,1000.0,7,2876.7895832955837,2824.050000044207,2991.2062500367565,3062.7604166070623,3899.0791667538383,3616.4277777638704,,,,,,,,,,,,,,,,,,,,,
A2XMRJKCNKLL4E,ns,30-1,30.0,1000.0,8,2905.125000067055,4557.9250000454485,2516.600000093381,3278.791666696469,2652.2833332369723,3720.266666756736,2934.0500000454485,,,,,,,,,,,,,,,,,,,,
A2XMRJKCNKLL4E,ns,30-1,30.0,1000.0,9,3239.625,4190.5333331724005,4025.849999949336,3531.2666666954756,3562.4249998554587,3190.949999873837,2985.0833331793547,2911.6333333949246,,,,,,,,,,,,,,,,,,,
A2XMRJKCNKLL4E,ns,30-1,30.0,1000.0,10,4878.983333349228,2827.4333333969116,3094.733333428701,3898.9999999205274,4480.43333363533,3111.150000015895,2884.225000023842,3515.3749998807907,5577.966666618983,,,,,,,,,,,,,,,,,,
A2XMRJKCNKLL4E,ns,30-1,30.0,1000.0,11,2641.899999961257,5043.699999913573,3625.59999999404,1899.8499999940395,2185.600000038743,5862.100000187755,5514.400000050664,2620.7000000476837,3111.2999999821186,2844.7000001370907,,,,,,,,,,,,,,,,,
A2XMRJKCNKLL4E,ns,30-1,30.0,1000.0,12,3624.1000003814697,2681.7999997138977,2320.699999809265,2833.1000003814697,,3648.199999809265,2464.8999996185303,2490.099999904633,1823.6000003814693,2656.5,2432.699999809265,,,,,,,,,,,,,,,,
A2XMRJKCNKLL4E,ns,30-1,30.0,1000.0,13,1497.5,1977.400000095368,6053.199999809265,1831.8000001907349,2626.599999904633,2786.5,2650.4000000953674,3146.3999996185303,3923.099999904633,3367.5,2801.2000002861023,2396.099999904633,,,,,,,,,,,,,,,
A2XMRJKCNKLL4E,ns,30-1,30.0,1000.0,14,,1639.5,3337.199999809265,1689.8999996185305,2935.7000002861023,3642.0,3383.099999904633,2814.7999997138977,2985.9000000953674,2503.800000190735,1792.2999997138977,5105.200000286102,2097.7999997138977,,,,,,,,,,,,,,
A2Y0VM8BAF0RMT,ns,30-1,30.0,1000.0,10,2743.0,26568.0,5645.0,2617.5,3119.0,3546.5,5680.5,2572.0,5156.5,,,,,,,,,,,,,,,,,,
A2Y0VM8BAF0RMT,ns,30-1,30.0,1000.0,11,4418.5,8190.0,2611.0,2591.0,2706.0,2132.0,2304.5,3057.5,3042.0,3410.0,,,,,,,,,,,,,,,,,
A2Y0VM8BAF0RMT,ns,30-1,30.0,1000.0,12,4874.25,3852.3333333333335,3330.0,3366.0,3027.666666666667,3711.583333333333,3440.25,3229.625,3675.0,3623.5,3292.625,,,,,,,,,,,,,,,,
A2Y0VM8BAF0RMT,ns,30-1,30.0,1000.0,13,3673.75,4056.125,2751.75,2348.875,2755.25,3142.0,3197.5,3431.75,3146.0,4515.833333333334,3010.25,2804.875,,,,,,,,,,,,,,,
A2Y0VM8BAF0RMT,ns,30-1,30.0,1000.0,14,3927.25,3012.625,2835.25,2355.875,2682.333333333333,2912.625,3508.625,3621.25,4525.375,4299.125,3175.0,3118.5,4730.875,,,,,,,,,,,,,,
A2Y0VM8BAF0RMT,ns,30-1,30.0,1000.0,15,5567.25,2441.25,2960.5,3905.75,2618.0,3791.25,2724.0,2717.0,3709.25,2888.75,3092.25,3226.75,2529.75,3801.25,,,,,,,,,,,,,
A2ZGAH6NOSU2PO,rec,30-1,30.0,1000.0,6,2899.9500000476837,3762.0,,4000.400000095368,7602.299999952316,,,,,,,,,,,,,,,,,,,,,,
A2ZGAH6NOSU2PO,rec,30-1,30.0,1000.0,8,3721.9000000953674,1978.4000000953677,3556.4000000953674,10245.950000047684,2138.7000000476837,8851.149999976158,10035.050000071526,,,,,,,,,,,,,,,,,,,,
A2ZGAH6NOSU2PO,rec,30-1,30.0,1000.0,9,2375.5,2555.200000047684,4859.900000095367,6554.799999952316,1098.1999998092651,7820.0,14812.800000190737,8338.700000047684,,,,,,,,,,,,,,,,,,,
A2ZGAH6NOSU2PO,rec,30-1,30.0,1000.0,10,2752.0,3416.3749999403954,4261.824999928474,4754.0,4377.449999988079,3235.166666587194,7745.799999892712,16320.899999976158,25091.86666671435,,,,,,,,,,,,,,,,,,
A2ZGAH6NOSU2PO,rec,30-1,30.0,1000.0,11,2679.925000011921,3136.524999976158,2501.975000023842,7453.275000035763,4421.250000119209,6107.850000023842,7011.075000047684,4313.400000095367,7144.899999976158,17208.775000035763,,,,,,,,,,,,,,,,,
A2ZGAH6NOSU2PO,rec,30-1,30.0,1000.0,12,3643.633333325386,2787.799999992053,3127.633333325386,3902.458333293597,3792.658333361149,5916.283333341281,4747.5333332618075,4192.450000007948,6680.933333357175,7210.616666674614,13472.64999997616,,,,,,,,,,,,,,,,
A2ZGAH6NOSU2PO,rec,30-1,30.0,1000.0,13,2048.5666666825614,1794.5333333015442,2445.966666618983,2406.9333333969116,2573.5999999046326,3860.5999999841056,3115.266666650772,5732.550000071526,4911.199999888738,7007.966666618983,5702.366666634877,10959.69999996821,,,,,,,,,,,,,,,
A2ZGAH6NOSU2PO,rec,30-1,30.0,1000.0,14,2428.4500000476837,3886.450000166893,3367.350000023842,2448.5,2788.649999976158,5789.250000119209,5666.850000023842,4393.100000023842,4704.550000071526,4770.350000143051,12296.350000023842,14584.25,4697.349999904633,,,,,,,,,,,,,,
A2ZGAH6NOSU2PO,rec,30-1,30.0,1000.0,16,4524.900000095367,1115.3999998569489,1650.0999999046326,1950.0,2492.2999999523163,5410.700000047684,3509.4000000953674,5073.399999856949,1777.5999999046326,1724.2000000476835,7696.400000095367,1867.3000001907349,4732.700000047684,2022.0999999046328,4859.399999856949,,,,,,,,,,,,
A30DHHAL100LZR,ns,30-1,30.0,1000.0,8,7314.0,3466.0,6981.0,7739.0,28203.0,8154.0,4692.0,,,,,,,,,,,,,,,,,,,,
A30DHHAL100LZR,ns,30-1,30.0,1000.0,9,5015.5,5988.666666666667,11427.666666666666,19252.333333333332,6090.666666666667,7018.0,5332.666666666667,6170.333333333333,,,,,,,,,,,,,,,,,,,
A30DHHAL100LZR,ns,30-1,30.0,1000.0,10,5557.0,12635.0,7700.333333333333,5665.0,4355.0,9479.0,4568.0,8084.666666666667,6766.0,,,,,,,,,,,,,,,,,,
A30DHHAL100LZR,ns,30-1,30.0,1000.0,11,6373.416666666667,6830.5,6607.666666666666,8942.0,6333.333333333334,5862.5,5764.083333333334,6951.0,8519.666666666668,5622.333333333333,,,,,,,,,,,,,,,,,
A30DHHAL100LZR,ns,30-1,30.0,1000.0,12,3990.6666666666665,7487.0,14353.666666666666,6876.0,3412.0,5767.0,14227.0,4154.0,6958.666666666667,5581.5,8391.0,,,,,,,,,,,,,,,,
A30DHHAL100LZR,ns,30-1,30.0,1000.0,13,12148.0,7023.0,5417.5,4449.0,6914.5,4934.5,5784.5,5261.0,4728.5,5440.0,5105.5,8324.0,,,,,,,,,,,,,,,
A30DHHAL100LZR,ns,30-1,30.0,1000.0,14,6197.0,8502.5,4566.5,6071.5,4976.0,5861.0,8145.5,10533.0,5466.5,6456.5,4530.0,3892.5,4516.5,,,,,,,,,,,,,,
A30DHHAL100LZR,ns,30-1,30.0,1000.0,15,7151.75,5738.0,6402.75,4580.0,4519.5,5284.25,6142.25,4620.0,6808.75,6475.75,5313.75,5734.25,5215.25,5024.5,,,,,,,,,,,,,
A31SZFE8M7YK0S,ns,30-1,30.0,1000.0,2,,,,,,,,,,,,,,,,,,,,,,,,,,,
A31SZFE8M7YK0S,ns,30-1,30.0,1000.0,5,5093.666666666667,5086.833333333333,4136.555555555556,5543.5,,,,,,,,,,,,,,,,,,,,,,,
A31SZFE8M7YK0S,ns,30-1,30.0,1000.0,6,5318.166666666667,3983.6666666666665,5196.666666666667,8621.666666666666,4757.0,,,,,,,,,,,,,,,,,,,,,,
A31SZFE8M7YK0S,ns,30-1,30.0,1000.0,7,3892.25,5094.333333333333,5194.5,5734.666666666667,7745.333333333333,6005.666666666667,,,,,,,,,,,,,,,,,,,,,
A31SZFE8M7YK0S,ns,30-1,30.0,1000.0,8,4687.25,4196.166666666667,5043.5,6515.0,3882.3333333333335,4730.5,4124.0,,,,,,,,,,,,,,,,,,,,
A31SZFE8M7YK0S,ns,30-1,30.0,1000.0,9,3410.1666666666665,4106.5,3547.1666666666665,4805.666666666667,3851.8333333333335,4492.0,6519.666666666667,4372.333333333333,,,,,,,,,,,,,,,,,,,
A31SZFE8M7YK0S,ns,30-1,30.0,1000.0,10,5329.25,3916.166666666667,3546.25,3193.5,4485.25,5209.666666666666,4393.916666666666,4750.5,4615.5,,,,,,,,,,,,,,,,,,
A31SZFE8M7YK0S,ns,30-1,30.0,1000.0,11,7089.333333333333,3472.333333333333,4325.0,3835.5,4240.166666666667,4441.916666666666,4877.083333333334,3866.75,4866.75,3756.0,,,,,,,,,,,,,,,,,
A31SZFE8M7YK0S,ns,30-1,30.0,1000.0,12,2755.0,1920.0,10072.0,4611.0,3492.0,2516.0,2742.0,6121.0,4499.0,5439.0,7977.0,,,,,,,,,,,,,,,,
A34DYM8J0X5VK,rec,30-1,30.0,1000.0,4,3870.600000023842,2483.050000011921,3775.7000000476837,,,,,,,,,,,,,,,,,,,,,,,,
A34DYM8J0X5VK,rec,30-1,30.0,1000.0,5,2783.8333333333335,3506.9000000953674,3951.5499999523163,14028.033333301544,,,,,,,,,,,,,,,,,,,,,,,
A34DYM8J0X5VK,rec,30-1,30.0,1000.0,6,2684.2062499783933,3247.9416667024293,4058.997916693489,7431.644444424245,13125.708333363134,,,,,,,,,,,,,,,,,,,,,,
A34DYM8J0X5VK,rec,30-1,30.0,1000.0,7,2596.637500022848,2858.137499993046,3253.4208333343267,6174.266666710377,8526.404166656235,14241.650000010926,,,,,,,,,,,,,,,,,,,,,
A34DYM8J0X5VK,rec,30-1,30.0,1000.0,8,2609.100000023842,2260.9749999791384,2830.5749999806285,4032.7375000193715,3255.574999921024,8412.924999982119,12084.537500053644,,,,,,,,,,,,,,,,,,,,
A34DYM8J0X5VK,rec,30-1,30.0,1000.0,9,2081.933333337307,2530.26666667064,2476.699999988079,3764.133333305518,6751.349999984106,11518.350000023842,9588.233333349228,13426.033333331347,,,,,,,,,,,,,,,,,,,
A34DYM8J0X5VK,rec,30-1,30.0,1000.0,10,2593.688888933924,2941.222222228845,7354.344444427225,2331.5000000331133,2262.5888888835907,2704.9999999867546,10244.255555576749,6378.199999981457,5462.044444481532,,,,,,,,,,,,,,,,,,
A34DYM8J0X5VK,rec,30-1,30.0,1000.0,11,2988.0,,3403.8000000715256,2829.5,1953.5,15566.699999928474,2157.600000023842,3236.8000000715256,7611.900000095367,3580.0,,,,,,,,,,,,,,,,,
A34DYM8J0X5VK,rec,30-1,30.0,1000.0,12,2375.350000023842,2150.400000035763,2019.699999988079,1520.2000000476837,2888.050000011921,6044.649999976158,5595.650000035763,7989.800000071526,2810.449999988079,23390.900000095367,5100.099999964237,,,,,,,,,,,,,,,,
A34DYM8J0X5VK,rec,30-1,30.0,1000.0,14,2187.1999999582767,2219.5,2107.75,2263.9000000059605,3768.2999999523163,2183.699999988079,2071.7499999701977,2463.7999999821186,6560.250000029801,21583.90000000596,2459.5999999940395,4764.4000000059605,13409.59999999404,,,,,,,,,,,,,,
A36IB78C6MVA3,prim,30-1,30.0,1000.0,4,,3058.0,,,,,,,,,,,,,,,,,,,,,,,,,
A36IB78C6MVA3,prim,30-1,30.0,1000.0,5,6397.0,3162.0,4373.0,4436.0,,,,,,,,,,,,,,,,,,,,,,,
A36IB78C6MVA3,prim,30-1,30.0,1000.0,6,,3403.0,,2844.0,3569.0,,,,,,,,,,,,,,,,,,,,,,
A36IB78C6MVA3,prim,30-1,30.0,1000.0,7,8263.0,,3931.0,,3892.5,3233.5,,,,,,,,,,,,,,,,,,,,,
A36IB78C6MVA3,prim,30-1,30.0,1000.0,8,2224.0,4712.0,4079.5,3356.0,3215.5,,,,,,,,,,,,,,,,,,,,,,
A36IB78C6MVA3,prim,30-1,30.0,1000.0,9,3174.5,3921.833333333333,2825.5,3016.0,4590.75,3405.75,2877.0,2766.5,,,,,,,,,,,,,,,,,,,
A36IB78C6MVA3,prim,30-1,30.0,1000.0,10,5358.25,2779.0,3867.5,3657.25,3246.5,3818.0,3348.0,5016.0,3735.5,,,,,,,,,,,,,,,,,,
A36IB78C6MVA3,prim,30-1,30.0,1000.0,11,3602.0,3773.0,5035.25,4013.0,2607.0,2646.75,3035.0,3531.0,3900.0,4391.0,,,,,,,,,,,,,,,,,
A36IB78C6MVA3,prim,30-1,30.0,1000.0,12,4934.0,3564.0,3991.0,6600.5,4910.5,2878.5,4835.5,2798.0,3521.5,3483.5,2907.0,,,,,,,,,,,,,,,,
A36IB78C6MVA3,prim,30-1,30.0,1000.0,15,6788.0,5408.0,2626.0,7250.0,5822.0,2966.0,,3194.0,3486.0,4796.0,4219.0,2816.0,4565.0,5025.0,,,,,,,,,,,,,
A36IB78C6MVA3,prim,30-1,30.0,1000.0,16,4163.0,2784.0,3608.0,3292.0,3635.0,1876.0,3409.0,3097.0,3619.0,,2414.0,6470.0,2765.0,5715.0,5544.0,,,,,,,,,,,,
A389Y151TAJ4XG,ns,30-1,30.0,1000.0,4,,3509.0,,,,,,,,,,,,,,,,,,,,,,,,,
A389Y151TAJ4XG,ns,30-1,30.0,1000.0,5,,3652.2999999523163,,1250.0,,,,,,,,,,,,,,,,,,,,,,,
A389Y151TAJ4XG,ns,30-1,30.0,1000.0,6,,,1503.9000000953674,2002.5,,,,,,,,,,,,,,,,,,,,,,,
A389Y151TAJ4XG,ns,30-1,30.0,1000.0,8,,3359.4000000953674,,,,3715.699999809265,,,,,,,,,,,,,,,,,,,,,
A389Y151TAJ4XG,ns,30-1,30.0,1000.0,9,4619.833333333333,2472.3666667143502,5073.699999968211,,2213.6999999284744,2846.699999809265,3234.800000190735,2968.899999856949,,,,,,,,,,,,,,,,,,,
A389Y151TAJ4XG,ns,30-1,30.0,1000.0,10,,,4042.5,1736.1000000238419,3272.5000001192093,2362.0499999523163,2935.2999999523163,1520.5,,,,,,,,,,,,,,,,,,,
A389Y151TAJ4XG,ns,30-1,30.0,1000.0,11,3411.4000000953674,2436.683333237966,2472.775000035763,,3749.7999999523163,3069.649999856949,7032.700000047684,3475.366666595141,2087.700000047684,2694.5,,,,,,,,,,,,,,,,,
A389Y151TAJ4XG,ns,30-1,30.0,1000.0,12,2212.6500000953674,2595.533333301544,1803.699999968211,4923.649999976158,4350.599999904633,4354.024999976158,2796.2833333412805,2464.349999904633,3005.899999856949,2482.3666667143502,,,,,,,,,,,,,,,,,
A389Y151TAJ4XG,ns,30-1,30.0,1000.0,13,3960.4333334498933,2523.8611111508476,2755.9000000423857,3738.266666650772,3372.175000011921,2026.1750000516574,2977.4416666229567,1965.0666666825612,3518.1333332856498,3551.1999999284744,2931.149999976158,2319.8833332856493,,,,,,,,,,,,,,,
A389Y151TAJ4XG,ns,30-1,30.0,1000.0,14,3492.4999999403954,3104.0833333068426,2325.8666666613685,3467.938888894187,2251.355555587345,2737.161111076673,2402.8361110289893,3473.1333333518774,4067.2666666905084,3441.783333381017,3220.7111110289893,5235.2666665712995,4127.574999988079,,,,,,,,,,,,,,
A389Y151TAJ4XG,ns,30-1,30.0,1000.0,15,2956.625,,3056.650000035763,2306.524999976158,2073.399999976158,4808.499999940395,3947.7000000476837,2540.850000023842,8802.799999952316,4767.57499986887,3101.350000023842,2264.7500001192093,2173.899999856949,3634.5499999523163,,,,,,,,,,,,,
A389Y151TAJ4XG,ns,30-1,30.0,1000.0,16,2833.099999904633,3287.966666698456,5176.399999856949,4224.133333285649,2383.800000111262,2259.2333332697553,2676.4500000476837,2747.8000000317893,2667.600000063578,2350.599999904633,3945.0,2608.099999904633,3745.0999999046326,2485.899999856949,3064.0,,,,,,,,,,,,
A389Y151TAJ4XG,ns,30-1,30.0,1000.0,17,3100.5,4079.100000023842,2729.5500000715256,2781.9999998807907,5388.749999880791,2988.0,1732.2000000476835,2676.899999976158,2756.3000000715256,,5822.350000143051,2065.5000000000005,3247.350000023842,1498.4500000476837,5145.200000047684,2724.600000143051,,,,,,,,,,,
A389Y151TAJ4XG,ns,30-1,30.0,1000.0,18,2425.700000047684,3875.0,,2569.700000047684,2364.4000000953674,6188.200000047684,3333.600000143051,,,,2649.100000143051,3721.0,2913.7999999523163,3281.0,2302.5,1992.7999999523165,1099.2999999523165,,,,,,,,,,
A389Y151TAJ4XG,ns,30-1,30.0,1000.0,19,2493.4500000476837,3068.850000023842,8825.599999904633,2353.4500000476837,2687.7999999523163,2192.0499999523163,4553.199999928474,3782.4999998807907,5825.300000071526,4264.25,,2572.0999999046326,7629.799999952315,2295.0,2888.8499999046326,3367.200000166893,3323.0499999523163,1965.700000047684,,,,,,,,,
A3AY0315YWWNXY,rec,30-1,30.0,1000.0,6,2688.9500000178814,1193.8499999940395,2799.149999976158,3885.75,,,,,,,,,,,,,,,,,,,,,,,
A3AY0315YWWNXY,rec,30-1,30.0,1000.0,7,1811.899999976158,1683.800000011921,2872.100000023842,1893.6000000238416,1249.199999988079,,,,,,,,,,,,,,,,,,,,,,
A3AY0315YWWNXY,rec,30-1,30.0,1000.0,11,2190.700000047684,793.5,2453.5,1776.699999988079,,2046.6000000238416,1617.0,3036.900000035763,1702.800000011921,2691.100000023842,,,,,,,,,,,,,,,,,
A3AY0315YWWNXY,rec,30-1,30.0,1000.0,12,1394.9000000357628,1304.399999976158,3318.300000011921,2326.600000023842,,868.1999999880791,1190.800000011921,3779.100000023842,1218.5999999642372,1057.0,5318.900000035763,,,,,,,,,,,,,,,,
A3AY0315YWWNXY,rec,30-1,30.0,1000.0,15,1613.1000000238419,2553.5999999940395,2772.600000023842,2295.2999999920526,2382.566666662693,1288.1666666666667,3893.566666662693,1805.5333333412807,893.7000000079473,2929.9999999701977,3244.633333325386,4027.4499999582767,2281.3333333333335,4948.950000017881,,,,,,,,,,,,,
A3AY0315YWWNXY,rec,30-1,30.0,1000.0,16,1779.5499999821186,1419.949999988079,3127.0,1855.9000000357628,2108.5250000059605,1370.2249999940395,2380.449999988079,3470.449999988079,1296.3499999940395,3276.5750000029802,3183.6749999821186,1351.9000000059605,2465.824999988079,2683.5,2407.25,,,,,,,,,,,,
A3AY0315YWWNXY,rec,30-1,30.0,1000.0,17,1527.7749999910593,1466.3749999925494,1320.1000000014901,3779.100000023842,2456.800000011921,3055.974999986589,1697.525000013411,2260.7750000208616,2032.4000000059605,1945.3500000238419,2037.699999988079,2605.5500000193715,1500.5999999642372,3571.4250000193715,4397.29999999702,5785.749999985099,,,,,,,,,,,
A3AY0315YWWNXY,rec,30-1,30.0,1000.0,18,4460.299999982119,2796.8583333194256,1810.6249999925494,2508.9333333422737,2044.2083333383002,1191.7999999970198,2860.94166666766,2822.7249999890723,1263.13333333532,3645.541666676601,1633.6499999910593,2244.2750000208616,2874.7166666686535,2385.299999989569,1368.6000000089407,3725.9916666696467,3331.4500000029807,,,,,,,,,,
A3AY0315YWWNXY,rec,30-1,30.0,1000.0,19,1046.1416666644316,1190.208333340784,1538.0000000037253,4558.92499999702,2313.6249999925494,2600.85000000149,3333.1499999836087,2574.6249999962747,2796.300000000745,2354.3833333303533,1818.4749999977648,2228.4749999940395,1763.7916666666665,2814.7416666696467,2797.441666665177,1507.5499999932945,2714.84999999404,5889.250000003725,,,,,,,,,
A3AY0315YWWNXY,rec,30-1,30.0,1000.0,20,1697.4625000022352,1611.5375000089407,2465.9166666567326,4553.9000000059605,2076.1499999910593,3271.6624999903142,1347.4625000059605,2012.93333333234,2903.000000009934,2618.5625000074506,1947.9750000014901,1907.9750000163913,2562.287500012666,1963.8124999962747,2783.616666659713,1641.7000000178814,2138.262499984354,4307.450000007947,3134.3625000081956,,,,,,,,
A3AY0315YWWNXY,rec,30-1,30.0,1000.0,21,1431.5166666706407,1168.56666666766,1819.8999999910593,2291.3333333333335,2596.616666649779,2837.7000000029802,1501.6333333229024,2257.416666664183,3188.9666666686535,1622.1833333199222,2719.0666666651764,1918.0833333333333,1886.6333333328366,1357.5333333363135,2967.8499999903142,1869.4666666537526,947.0000000037253,3441.7333333293595,1819.6666666616995,9812.35000000149,,,,,,,
A3AY0315YWWNXY,rec,30-1,30.0,1000.0,22,2383.6999999963577,2042.9000000034769,2607.6222222381166,2007.31111111078,1330.3111111223698,2957.8333333267105,1656.1666666716337,2230.5666666709717,3460.89999997947,1360.5000000198684,2067.2222222106325,2374.888888907102,2064.633333327042,2270.8333333283663,1963.288888886571,2463.8000000069537,2364.2555555519134,2283.244444438153,1960.4500000178814,2394.5222222126195,2801.9666666736207,,,,,,
A3AY0315YWWNXY,rec,30-1,30.0,1000.0,23,1203.199999988079,1886.3500000089407,2398.2000000029802,2083.9999999776483,1649.699999988079,2632.6000000089407,960.0500000044703,1993.5,1141.300000011921,733.2499999850988,2436.64999999851,1992.3999999985099,1672.1500000059605,5921.29999999702,1006.9999999850987,2078.1999999955297,2879.3000000044703,3993.85000000149,1028.3999999836087,1952.70000000298,1665.800000011921,4314.75,,,,,
A3AY0315YWWNXY,rec,30-1,30.0,1000.0,24,2113.2166666636867,1498.9666666463017,2449.4166666592164,2589.333333335817,2017.9166666641831,2557.183333339791,2416.249999995033,1188.4666666636865,2721.416666664183,2005.3500000039735,1820.841666661203,2801.400000013411,1640.3999999910593,2134.2333333417773,2233.6000000039735,2101.5333333313465,2536.2750000146525,2487.51666666319,2944.333333333333,2263.466666661203,1726.6666666815677,1562.3999999985099,4820.866666669646,,,,
A3AY0315YWWNXY,rec,30-1,30.0,1000.0,25,902.5,1274.699999988079,3234.699999988079,1240.699999988079,1751.100000023842,3048.600000023842,1110.899999976158,4128.5,954.8000000119208,1001.1999999880792,898.9000000357628,4846.5,1553.5999999642372,982.0,1156.899999976158,4570.600000023842,2016.5999999642368,3593.0,2702.100000023842,3398.600000023842,3052.699999988079,4587.400000035763,4210.199999988079,2079.100000023842,,,
A3EUH97BRHRSI6,rec,30-1,30.0,1000.0,2,3207.0,,,,,,,,,,,,,,,,,,,,,,,,,,
A3EUH97BRHRSI6,rec,30-1,30.0,1000.0,5,7921.333333333333,8473.333333333334,6175.0,8449.375,,,,,,,,,,,,,,,,,,,,,,,
A3EUH97BRHRSI6,rec,30-1,30.0,1000.0,6,8803.166666666666,5445.0,10598.5,7946.0,7913.75,,,,,,,,,,,,,,,,,,,,,,
A3EUH97BRHRSI6,rec,30-1,30.0,1000.0,7,8708.916666666666,7414.291666666666,8192.0,8566.333333333332,8541.6875,8537.041666666668,,,,,,,,,,,,,,,,,,,,,
A3EUH97BRHRSI6,rec,30-1,30.0,1000.0,8,7520.333333333334,8085.388888888888,6464.527777777777,6938.25,5658.11111111111,6300.0,9260.055555555555,,,,,,,,,,,,,,,,,,,,
A3EUH97BRHRSI6,rec,30-1,30.0,1000.0,9,7155.625,6556.5,7313.833333333333,5873.75,5932.0,10404.583333333334,6865.333333333333,7315.444444444445,,,,,,,,,,,,,,,,,,,
A3EUH97BRHRSI6,rec,30-1,30.0,1000.0,10,7065.3125,11918.125,5963.61111111111,6389.1875,6856.375,5740.0,8073.3125,5650.125,6821.666666666666,,,,,,,,,,,,,,,,,,
A3EUH97BRHRSI6,rec,30-1,30.0,1000.0,12,4879.0,6233.0,,5694.0,8320.0,4264.0,5885.0,4874.0,2228.0,,,,,,,,,,,,,,,,,,
A3I97794CB5SUO,rec,30-1,30.0,1000.0,4,3744.0,2470.0,43695.0,,,,,,,,,,,,,,,,,,,,,,,,
A3I97794CB5SUO,rec,30-1,30.0,1000.0,5,3470.5,3139.75,6518.75,13477.083333333332,,,,,,,,,,,,,,,,,,,,,,,
A3I97794CB5SUO,rec,30-1,30.0,1000.0,6,2464.75,3616.125,5084.25,6001.25,4845.125,,,,,,,,,,,,,,,,,,,,,,
A3I97794CB5SUO,rec,30-1,30.0,1000.0,7,3133.4166666666665,3247.25,4028.8333333333335,4806.0,4670.666666666667,9564.375,,,,,,,,,,,,,,,,,,,,,
A3I97794CB5SUO,rec,30-1,30.0,1000.0,8,2566.375,3844.0,4133.0,6056.25,5371.166666666667,8738.0,19331.416666666668,,,,,,,,,,,,,,,,,,,,
A3I97794CB5SUO,rec,30-1,30.0,1000.0,9,2953.6666666666665,2671.3333333333335,5158.888888888889,4649.666666666667,5681.833333333333,6836.722222222222,7945.5,6550.166666666667,,,,,,,,,,,,,,,,,,,
A3I97794CB5SUO,rec,30-1,30.0,1000.0,10,2642.733333333333,2895.5333333333333,3968.3333333333335,3010.0,3507.7333333333336,5181.8,7604.0,9334.533333333333,14312.066666666666,,,,,,,,,,,,,,,,,,
A3I97794CB5SUO,rec,30-1,30.0,1000.0,11,2562.8333333333335,4689.166666666667,3476.0,3590.1666666666665,2948.8333333333335,4524.833333333333,6431.0,3564.0,13442.166666666666,11501.5,,,,,,,,,,,,,,,,,
A3I97794CB5SUO,rec,30-1,30.0,1000.0,12,2509.222222222222,2001.4444444444446,2631.8888888888887,3360.3333333333335,3545.6666666666665,6698.333333333333,3955.555555555555,3106.2222222222226,10251.0,7005.166666666667,13605.666666666666,,,,,,,,,,,,,,,,
A3RVHUY67SVXQV,ns,30-1,30.0,1000.0,11,4001.0,3326.0,,,4181.0,969.0,4363.0,1368.0,,2521.0,,,,,,,,,,,,,,,,,
A3RVHUY67SVXQV,ns,30-1,30.0,1000.0,15,4418.588888956441,2675.3000000317893,2911.6777777936727,4151.577777710226,2298.8222222261957,2087.2999999821186,3054.344444460339,2051.066666662693,3989.1444443927867,2858.7999999523163,2061.4999999403954,3978.533333301544,6423.800000011921,2418.599999964237,,,,,,,,,,,,,
A3RVHUY67SVXQV,ns,30-1,30.0,1000.0,16,2521.4499999284744,3385.0500000715256,1740.4500000476837,3639.649999976158,1620.9499999284744,3035.0,3823.5499999523163,6406.600000023842,2636.899999976158,2032.4500000476837,5567.050000071526,3813.649999976158,3641.0499999523163,1373.9500000476837,3625.8499999046326,,,,,,,,,,,,
A3RVHUY67SVXQV,ns,30-1,30.0,1000.0,17,2196.8833333353205,2293.787500053644,1208.7833333214123,2469.5666666825614,3163.908333301544,2369.6374999582767,2868.8375000059605,4831.116666654746,2863.7083333333335,3383.7166666587195,3276.85555552774,2333.149999976158,3176.050000011921,3105.308333337307,2045.3083333571751,3528.2555555370122,,,,,,,,,,,
A3RVHUY67SVXQV,ns,30-1,30.0,1000.0,18,2797.4666666686535,2707.4166666567326,3902.9999999701977,3089.5666666229567,2166.3666666944823,2032.1333332955837,3587.4500000576177,2821.266666700443,3500.7333332896233,3258.199999988079,3223.633333315452,3471.199999988079,3697.4333333969116,4246.699999978145,2164.899999966224,2679.3666666547456,3573.566666662693,,,,,,,,,,
A3RVHUY67SVXQV,ns,30-1,30.0,1000.0,19,2622.0250000059605,3103.974999964237,1603.0999999940395,2428.399999976158,2512.3499999940395,2312.4500000178814,2105.9999999701977,3709.375,2001.800000011921,2583.925000011921,3238.3250000178814,2616.2249999940395,1257.2000000476837,3145.5750000178814,4177.433333317439,5075.1500000059605,2176.974999964237,3984.849999964237,,,,,,,,,
A3RVHUY67SVXQV,ns,30-1,30.0,1000.0,20,1594.2166666984558,2025.2000000029802,2697.5500000417233,1622.733333359162,2740.13333333532,2159.5499999821186,2652.2333334187665,2736.6000000834465,3503.6333333055177,3532.033333311478,2009.9833333194256,3094.149999976158,2872.333333303531,2263.8500000735125,4654.966666658719,1534.8333333532016,2777.466666688522,2684.733333388964,2653.0666666229567,,,,,,,,
A3RVHUY67SVXQV,ns,30-1,30.0,1000.0,21,3270.622222231494,2598.155555566152,1693.0833333432674,4598.183333327373,3137.433333327373,3345.222222228845,3282.144444465637,7395.788888891538,2450.477777765857,3810.2666666706405,2568.844444447094,2943.249999990066,4562.877777794997,2754.5999999841056,2517.277777771155,2971.5333333313465,3367.4777778122157,3371.511111107138,2060.7999999721847,2151.316666652759,,,,,,,
A3RVHUY67SVXQV,ns,30-1,30.0,1000.0,22,2310.949999988079,3540.1749999970198,2563.9500000029802,3733.050000011921,1674.4000000059605,1868.699999988079,2537.8999999910593,3394.9500000029802,3299.0750000029802,1819.1499999910593,1640.5,4369.749999985099,4462.82500000298,2388.124999985099,2729.6749999970198,3294.7250000089407,3252.5250000059605,3022.074999988079,4530.20000000298,3124.2249999940395,1778.2249999940395,,,,,,
A3RVHUY67SVXQV,ns,30-1,30.0,1000.0,23,3120.100000023842,2833.7000000476837,4000.75,2027.1999999284744,2366.850000023842,3895.7999999523163,1306.3500000238419,3401.8499999046326,1886.2000000476837,3476.399999976158,2255.9499999284744,3014.850000023842,5813.0,1279.0,2676.0,999.0,2057.5,3442.149999976158,2762.4499999284744,3141.75,4296.599999904633,3171.75,,,,,
A3RVHUY67SVXQV,ns,30-1,30.0,1000.0,24,2649.9166666269302,2577.7999999920526,3477.7499999735087,3103.8000000317893,1611.4388888941874,2808.911111123032,2145.727777785725,2268.822222252687,2394.3166667024293,2897.4777777923478,1568.1749999523163,3558.4111111561456,3516.3222222394415,2338.2888888584243,3594.605555567476,2221.9777777791023,2832.1111111309797,3132.0833333532014,2632.555555548933,2207.1722222235467,2652.649999982781,2821.3444444404704,3672.444444424576,,,,
A3RVHUY67SVXQV,ns,30-1,30.0,1000.0,25,2928.6500000059605,4906.699999988079,1954.9749999642372,2454.9749999940395,1517.6249999701977,3454.949999988079,1434.6000000238419,3411.675000011921,2073.849999964237,3431.099999964237,4161.1500000059605,3331.4749999940395,3871.5999999940395,4194.700000017881,2562.175000011921,3954.9000000059605,3202.8250000178814,3585.074999988079,4268.199999988079,2346.5499999821186,1572.75,3286.574999988079,3556.0000000298023,2244.7500000298023,,,
A3RVHUY67SVXQV,ns,30-1,30.0,1000.0,26,1615.8999998569489,4100.899999856949,1836.700000047684,3136.200000047684,1315.7999999523165,,1139.2999999523165,2208.600000143051,1714.7000000476835,2946.600000143051,1459.2999999523165,1079.0,4935.200000047684,3739.800000190735,3426.700000047684,2759.099999904633,3666.699999809265,1748.7999999523165,3140.100000143051,2762.7999999523163,1948.5,4788.700000047684,3555.9000000953674,6017.300000190735,4481.0,,
A3TX84QHD321M7,prim,30-1,30.0,1000.0,2,,,,,,,,,,,,,,,,,,,,,,,,,,,
A3TX84QHD321M7,prim,30-1,30.0,1000.0,4,,,4751.0,,,,,,,,,,,,,,,,,,,,,,,,
A3TX84QHD321M7,prim,30-1,30.0,1000.0,5,4388.0,,3496.0,4680.0,,,,,,,,,,,,,,,,,,,,,,,
A3TX84QHD321M7,prim,30-1,30.0,1000.0,6,5400.0,5348.0,,,2948.0,,,,,,,,,,,,,,,,,,,,,,
A3TX84QHD321M7,prim,30-1,30.0,1000.0,7,7107.666666666667,4222.0,9231.333333333334,4520.0,6086.0,4133.666666666667,,,,,,,,,,,,,,,,,,,,,
A3TX84QHD321M7,prim,30-1,30.0,1000.0,8,4021.0,5583.75,7345.0,4138.5,7645.625,3608.5,4423.5,,,,,,,,,,,,,,,,,,,,
A3TX84QHD321M7,prim,30-1,30.0,1000.0,9,4695.75,4569.333333333333,6305.833333333333,5282.11111111111,4777.75,4003.555555555556,6631.5,4953.277777777777,,,,,,,,,,,,,,,,,,,
A3TX84QHD321M7,prim,30-1,30.0,1000.0,10,8663.25,4920.0,,5179.5,3557.5,4973.0,3533.5,4841.0,5085.5,,,,,,,,,,,,,,,,,,
A3TX84QHD321M7,prim,30-1,30.0,1000.0,11,4636.416666666667,4070.25,5307.555555555556,3679.3125,4581.0,5039.5,4639.5,3230.75,4839.3125,3915.8888888888887,,,,,,,,,,,,,,,,,
A3TX84QHD321M7,prim,30-1,30.0,1000.0,12,3548.0,4458.875,5827.38888888889,4799.5,3527.0,4537.916666666667,4245.333333333333,4508.555555555556,4776.5,4839.041666666667,4666.388888888889,,,,,,,,,,,,,,,,
A3TX84QHD321M7,prim,30-1,30.0,1000.0,13,3142.0,3605.0,3220.0,3512.0,4547.0,2959.0,3184.0,3384.5,5486.5,7132.0,3995.0,4410.5,,,,,,,,,,,,,,,
A3TX84QHD321M7,prim,30-1,30.0,1000.0,14,3469.0,5483.5,4810.0,4668.0,3075.0,3336.3333333333335,4209.333333333333,3673.0,4789.333333333333,3166.0,4534.333333333333,5216.666666666667,3606.0,,,,,,,,,,,,,,
A3UCN8EJI08X2P,ns,30-1,30.0,1000.0,2,2227.0,,,,,,,,,,,,,,,,,,,,,,,,,,
A3UCN8EJI08X2P,ns,30-1,30.0,1000.0,7,4326.0,2767.125,3718.75,8371.666666666666,8835.0,6248.0,,,,,,,,,,,,,,,,,,,,,
A3UCN8EJI08X2P,ns,30-1,30.0,1000.0,8,4082.375,3868.25,2836.625,3579.6666666666665,4505.333333333333,3239.5,5165.0,,,,,,,,,,,,,,,,,,,,
A3UCN8EJI08X2P,ns,30-1,30.0,1000.0,9,3091.375,2456.4166666666665,2648.9166666666665,4108.25,3077.0833333333335,2737.625,4127.916666666667,4302.5,,,,,,,,,,,,,,,,,,,
A3UCN8EJI08X2P,ns,30-1,30.0,1000.0,10,3639.008333333333,3852.6583333333333,4741.616666666667,3277.5,3663.1416666666664,3422.2166666666667,2976.8541666666665,3077.25,4785.8125,,,,,,,,,,,,,,,,,,
A3UCN8EJI08X2P,ns,30-1,30.0,1000.0,11,3411.708333333333,3979.9583333333335,3138.208333333333,2852.791666666667,3295.666666666667,3534.0833333333335,2801.9583333333335,3894.416666666667,3888.9583333333335,3746.625,,,,,,,,,,,,,,,,,
A3UCN8EJI08X2P,ns,30-1,30.0,1000.0,12,3179.0,3022.0,4843.0,4241.5,3418.5,3463.0,4747.5,2557.0,3951.5,4232.5,2348.0,,,,,,,,,,,,,,,,
A3UCN8EJI08X2P,ns,30-1,30.0,1000.0,13,1487.0,1921.0,3580.0,2844.0,1977.0,3543.0,4689.0,2777.0,3794.0,3090.0,4697.0,2345.0,,,,,,,,,,,,,,,
A3UQ5DF8VVD975,rec,30-1,30.0,1000.0,4,2706.5,2146.5,10390.200000047684,,,,,,,,,,,,,,,,,,,,,,,,
A3UQ5DF8VVD975,rec,30-1,30.0,1000.0,5,2228.899999856949,3389.599999904633,8840.600000143051,2651.399999856949,,,,,,,,,,,,,,,,,,,,,,,
A3UQ5DF8VVD975,rec,30-1,30.0,1000.0,6,3240.300000190735,2431.5,3396.899999856949,10493.100000143051,,,,,,,,,,,,,,,,,,,,,,,
A3UQ5DF8VVD975,rec,30-1,30.0,1000.0,7,2455.3333333333335,2791.100000063579,4931.399999936421,3752.5499999523163,2846.8000000715256,5601.899999936421,,,,,,,,,,,,,,,,,,,,,
A3UQ5DF8VVD975,rec,30-1,30.0,1000.0,8,2431.5333333147896,2906.5888888703453,2995.9333333041936,2581.944444364972,8535.633333365122,6838.4666667381925,10091.750000079473,,,,,,,,,,,,,,,,,,,,
A3UQ5DF8VVD975,rec,30-1,30.0,1000.0,9,2669.500000079473,2888.5166666905084,3367.716666738192,6602.549999952316,11415.63333328565,4532.133333365123,12658.03333322207,13304.724999904633,,,,,,,,,,,,,,,,,,,
A3UQ5DF8VVD975,rec,30-1,30.0,1000.0,10,3358.0374999841056,3411.054166674614,3067.7458333075047,4396.429166654745,5387.474999964237,5979.825000047684,9592.387499978146,4112.204166690509,13220.750000039738,,,,,,,,,,,,,,,,,,
A3UQ5DF8VVD975,rec,30-1,30.0,1000.0,11,2408.272222240766,2826.5755555709206,3160.717777792613,5383.808333396912,5410.264444396231,4001.8244444343777,6883.6499999788075,7200.165555519528,8291.142222240238,10296.140000009538,,,,,,,,,,,,,,,,,
A3UQ5DF8VVD975,rec,30-1,30.0,1000.0,12,2426.3333333730698,2813.7000000079474,2282.4833333359825,3393.416666686535,6336.358333269755,5945.841666678588,10656.766666630903,6818.750000013246,15224.78333334128,8981.850000023842,7194.466666724948,,,,,,,,,,,,,,,,
A3UQ5DF8VVD975,rec,30-1,30.0,1000.0,13,2500.200000047684,2746.700000047684,3517.2999999523163,5023.099999904633,9945.5,16459.299999952316,3185.7999999523163,8905.5,5554.200000047684,7540.099999904633,7542.5,8201.600000143051,,,,,,,,,,,,,,,
A3UQ5DF8VVD975,rec,30-1,30.0,1000.0,15,2429.7500001192093,2068.3000000715256,2192.9000000953674,3913.8000000715256,3778.7000000476837,7746.0,3117.75,3346.9000000953674,3284.2000000476837,2926.75,5334.250000119209,2516.850000023842,3521.950000047684,15637.949999928474,,,,,,,,,,,,,
A3V71NT2X4HD1I,prim,30-1,30.0,1000.0,2,7221.0,,,,,,,,,,,,,,,,,,,,,,,,,,
A3V71NT2X4HD1I,prim,30-1,30.0,1000.0,7,5159.666666666667,7042.0,8247.5,7458.0,11728.0,11783.0,,,,,,,,,,,,,,,,,,,,,
A3V71NT2X4HD1I,prim,30-1,30.0,1000.0,8,7031.0,,,4071.0,3971.0,5196.0,,,,,,,,,,,,,,,,,,,,,
A3V71NT2X4HD1I,prim,30-1,30.0,1000.0,9,5259.0,10310.0,9107.0,7024.5,13286.0,8899.0,7175.0,5783.0,,,,,,,,,,,,,,,,,,,
A3V71NT2X4HD1I,prim,30-1,30.0,1000.0,10,5582.166666666666,3759.666666666667,4656.25,6478.166666666666,6998.25,4870.25,5890.083333333334,4474.25,4448.25,,,,,,,,,,,,,,,,,,
A3V71NT2X4HD1I,prim,30-1,30.0,1000.0,11,4170.75,5691.444444444445,4526.625,5690.458333333333,5717.416666666667,5620.9375,5323.166666666667,6483.5,4976.416666666667,5019.833333333333,,,,,,,,,,,,,,,,,
A3V71NT2X4HD1I,prim,30-1,30.0,1000.0,12,4979.1,5297.375,4032.125,3754.125,6346.1,4341.7,4048.0,4379.125,6310.0,6101.916666666666,5109.25,,,,,,,,,,,,,,,,
A3V71NT2X4HD1I,prim,30-1,30.0,1000.0,13,4680.0,5680.125,5763.5,5578.0,5157.75,5443.25,4480.25,5430.875,5037.625,3605.1666666666665,4375.166666666667,5638.375,,,,,,,,,,,,,,,
A3V71NT2X4HD1I,prim,30-1,30.0,1000.0,14,5344.5,3827.5,4806.5,5126.0,5027.0,3713.0,5090.0,3904.5,4396.5,3689.5,3545.5,4896.0,3125.0,,,,,,,,,,,,,,
A3V71NT2X4HD1I,prim,30-1,30.0,1000.0,15,3439.0,10928.333333333334,2633.3333333333335,3634.0,4576.5,4314.666666666667,3710.0,3542.0,3774.0,4141.0,3452.0,2994.6666666666665,6296.5,2984.0,,,,,,,,,,,,,
A3V71NT2X4HD1I,prim,30-1,30.0,1000.0,16,2861.0,5551.5,3623.5,4569.0,,6155.0,3106.5,4842.5,4899.5,4301.0,4002.0,4090.5,4098.5,3740.5,3561.5,,,,,,,,,,,,
A3V71NT2X4HD1I,prim,30-1,30.0,1000.0,17,3794.5,5202.5,4910.75,3739.0,3987.25,5192.25,4591.75,3136.75,4066.25,2820.25,3592.0,4943.5,4983.25,4451.0,4003.75,4328.25,,,,,,,,,,,
A3V71NT2X4HD1I,prim,30-1,30.0,1000.0,18,4418.0,4176.5,4131.0,4436.0,5429.0,5058.0,3760.5,4818.0,3810.0,4410.5,6618.0,3275.0,2960.0,3672.0,4478.5,2141.0,3649.5,,,,,,,,,,
A3V71NT2X4HD1I,prim,30-1,30.0,1000.0,19,2879.0,4651.0,3478.0,2063.0,4614.0,6797.0,3231.0,4483.0,4159.0,2450.0,3525.0,3290.0,1923.0,4154.0,,3463.0,2467.0,8455.0,,,,,,,,,
A3V71NT2X4HD1I,prim,30-1,30.0,1000.0,21,3845.0,5024.0,3662.0,1899.0,2844.0,3199.0,8224.0,2763.0,2984.0,9936.0,2351.0,5351.0,3070.0,5905.0,3077.0,3857.0,2039.0,4068.0,2700.0,4018.0,,,,,,,
A51TGVVYJF7T0,prim,30-1,30.0,1000.0,3,5368.0,48930.0,,,,,,,,,,,,,,,,,,,,,,,,,
A51TGVVYJF7T0,prim,30-1,30.0,1000.0,4,13365.0,,8326.0,,,,,,,,,,,,,,,,,,,,,,,,
A51TGVVYJF7T0,prim,30-1,30.0,1000.0,5,,,7504.0,7161.0,,,,,,,,,,,,,,,,,,,,,,,
A51TGVVYJF7T0,prim,30-1,30.0,1000.0,6,9300.5,6013.0,10416.0,5222.5,4971.5,,,,,,,,,,,,,,,,,,,,,,
A51TGVVYJF7T0,prim,30-1,30.0,1000.0,7,6016.0,6292.333333333333,6377.333333333333,7224.0,5685.75,8778.666666666666,,,,,,,,,,,,,,,,,,,,,
A51TGVVYJF7T0,prim,30-1,30.0,1000.0,8,5137.875,5644.6875,8132.875,6587.75,7647.61111111111,9761.875,5920.145833333333,,,,,,,,,,,,,,,,,,,,
A51TGVVYJF7T0,prim,30-1,30.0,1000.0,9,6090.777777777777,6050.5,6164.458333333333,5869.6,5623.916666666667,5869.208333333333,5710.0625,6278.928571428572,,,,,,,,,,,,,,,,,,,
A51TGVVYJF7T0,prim,30-1,30.0,1000.0,10,6712.5,5916.333333333333,7445.5,6226.166666666667,6903.166666666667,6386.0,5537.333333333333,6200.333333333333,6473.5,,,,,,,,,,,,,,,,,,
A51TGVVYJF7T0,prim,30-1,30.0,1000.0,11,5879.5,4297.0,6098.5,5914.5,4597.5,7820.0,6248.0,13010.5,6266.5,5266.5,,,,,,,,,,,,,,,,,
A51TGVVYJF7T0,prim,30-1,30.0,1000.0,12,6061.0,6796.5,4255.0,5266.0,5477.0,6149.5,5194.0,5366.5,6091.0,5886.0,5665.5,,,,,,,,,,,,,,,,
A7USTT4KU1ZBO,ns,30-1,30.0,1000.0,2,5916.349999964237,,,,,,,,,,,,,,,,,,,,,,,,,,
A7USTT4KU1ZBO,ns,30-1,30.0,1000.0,3,4403.025000013411,10232.89999999106,,,,,,,,,,,,,,,,,,,,,,,,,
A7USTT4KU1ZBO,ns,30-1,30.0,1000.0,4,6279.599999997351,5929.349999944368,5800.175000011921,,,,,,,,,,,,,,,,,,,,,,,,
A7USTT4KU1ZBO,ns,30-1,30.0,1000.0,5,6832.225000013907,4913.291666676601,6797.808333357175,4361.975000023842,,,,,,,,,,,,,,,,,,,,,,,
A7USTT4KU1ZBO,ns,30-1,30.0,1000.0,6,6279.8812499940395,4942.612499992053,6433.1262499958275,7530.531249983609,7998.543333307902,,,,,,,,,,,,,,,,,,,,,,
A7USTT4KU1ZBO,ns,30-1,30.0,1000.0,7,7634.649999983609,5822.962499979883,7489.150000050664,4192.487500037998,5176.8249999806285,5287.899999968708,,,,,,,,,,,,,,,,,,,,,
A7USTT4KU1ZBO,ns,30-1,30.0,1000.0,8,4506.116666694482,6212.233333349228,9212.89999999851,5518.583333283663,6722.987499982119,3796.362500011921,4807.625000022352,,,,,,,,,,,,,,,,,,,,
A7USTT4KU1ZBO,ns,30-1,30.0,1000.0,9,5449.350000023842,4707.099999904633,6409.300000011921,7333.099999979138,5676.700000062585,7918.099999934435,16783.600000038743,8216.900000020862,,,,,,,,,,,,,,,,,,,
AB5WBMZGLX57B,ns,30-1,30.0,1000.0,3,,,,,,,,,,,,,,,,,,,,,,,,,,,
AB5WBMZGLX57B,ns,30-1,30.0,1000.0,4,3334.5,1957.0,,,,,,,,,,,,,,,,,,,,,,,,,
AB5WBMZGLX57B,ns,30-1,30.0,1000.0,5,4545.0,5134.5,,5030.0,,,,,,,,,,,,,,,,,,,,,,,
AB5WBMZGLX57B,ns,30-1,30.0,1000.0,6,,2499.0,6249.0,4218.0,,,,,,,,,,,,,,,,,,,,,,,
AB5WBMZGLX57B,ns,30-1,30.0,1000.0,7,3538.25,4767.0,3430.0,2869.0,4918.75,3836.75,,,,,,,,,,,,,,,,,,,,,
AB5WBMZGLX57B,ns,30-1,30.0,1000.0,8,3971.0,5251.0,2202.0,,,,,,,,,,,,,,,,,,,,,,,,
AB5WBMZGLX57B,ns,30-1,30.0,1000.0,9,4164.5,2497.0,3745.3333333333335,5215.333333333334,4403.0,,4364.0,,,,,,,,,,,,,,,,,,,,
AB5WBMZGLX57B,ns,30-1,30.0,1000.0,10,2109.25,3445.472222222222,3543.0,3243.791666666667,3954.305555555556,3374.25,3838.2222222222226,4075.5,2974.5,,,,,,,,,,,,,,,,,,
AB5WBMZGLX57B,ns,30-1,30.0,1000.0,11,2739.555555555555,2683.0,3423.8333333333335,3970.25,4173.055555555556,2731.0,4107.888888888889,3451.6666666666665,3086.75,7244.5,,,,,,,,,,,,,,,,,
AB5WBMZGLX57B,ns,30-1,30.0,1000.0,12,3178.5,3446.25,3232.6666666666665,3063.6666666666665,4279.0,3070.3333333333335,4348.5,3384.25,2243.0,2980.8333333333335,3882.0,,,,,,,,,,,,,,,,
AB5WBMZGLX57B,ns,30-1,30.0,1000.0,13,2091.0,2748.0,,,2576.0,4469.0,,2813.0,6145.0,5769.0,2847.0,8183.0,,,,,,,,,,,,,,,
AB5WBMZGLX57B,ns,30-1,30.0,1000.0,14,3236.3333333333335,4434.0,3953.3333333333335,1499.0,2929.5,3299.0,2533.0,3602.0,4281.333333333333,3935.0,3498.5,4544.0,,,,,,,,,,,,,,,
AB5WBMZGLX57B,ns,30-1,30.0,1000.0,15,3563.0,2479.0,3048.0,3534.5,,3200.0,3504.5,3012.5,3930.0,3505.5,3429.5,3604.0,3356.0,3091.0,,,,,,,,,,,,,
AB5WBMZGLX57B,ns,30-1,30.0,1000.0,16,2393.5,3759.5,1811.5,2423.0,6105.0,,3079.0,3863.0,2798.5,2674.0,,2308.0,2434.0,3409.0,3487.0,,,,,,,,,,,,
AB5WBMZGLX57B,ns,30-1,30.0,1000.0,20,5007.0,2205.0,2953.0,3092.0,3660.0,1649.0,6090.0,,3082.0,4514.0,,3699.0,2386.0,3314.0,2280.0,2108.0,2493.0,3124.0,9820.0,,,,,,,,
ACBROX4H8BSW3,rec,30-1,30.0,1000.0,3,1612.89999999851,,,,,,,,,,,,,,,,,,,,,,,,,,
ACBROX4H8BSW3,rec,30-1,30.0,1000.0,4,,3425.39999999851,9778.699999999257,,,,,,,,,,,,,,,,,,,,,,,,
ACBROX4H8BSW3,rec,30-1,30.0,1000.0,5,1998.199999999255,1559.39999999851,,,,,,,,,,,,,,,,,,,,,,,,,
ACBROX4H8BSW3,rec,30-1,30.0,1000.0,6,1318.2999999988824,1667.6500000003725,7862.14999999851,6255.5,2232.0,,,,,,,,,,,,,,,,,,,,,,
ACBROX4H8BSW3,rec,30-1,30.0,1000.0,7,2868.5,2967.800000000745,3788.89999999851,8371.60000000149,9295.099999997765,11790.300000000743,,,,,,,,,,,,,,,,,,,,,
ACBROX4H8BSW3,rec,30-1,30.0,1000.0,8,2915.5,1308.0,1180.10000000149,4200.300000000745,1979.0999999977648,1096.5,3711.0,,,,,,,,,,,,,,,,,,,,
ACBROX4H8BSW3,rec,30-1,30.0,1000.0,9,1758.1999999973923,1880.2249999959022,3482.549999989569,3179.8500000163913,1924.0499999821186,5016.500000005588,1277.7000000122935,13408.000000005588,,,,,,,,,,,,,,,,,,,
ACBROX4H8BSW3,rec,30-1,30.0,1000.0,10,2799.399999976158,7752.800000011921,1318.0,4789.5,2132.0,3724.300000011921,5379.900000035763,3835.0,,,,,,,,,,,,,,,,,,,
ACBROX4H8BSW3,rec,30-1,30.0,1000.0,11,2454.98333332936,2057.9499999924255,3302.9666666643075,1841.9750000089407,1765.3499999952812,4960.649999981746,6471.650000009686,6319.76666665636,9135.53333334128,11650.816666665798,,,,,,,,,,,,,,,,,
ACBROX4H8BSW3,rec,30-1,30.0,1000.0,12,1929.3666666547458,2277.6000000039735,1957.0999999642372,3726.1666666666665,3709.199999988079,3054.199999988079,2527.5,4972.23333332936,8465.0,6827.26666667064,26377.300000031788,,,,,,,,,,,,,,,,
ACBROX4H8BSW3,rec,30-1,30.0,1000.0,13,2037.9000000059605,1889.5250000013039,3338.050000009127,4384.249999993481,4346.450000000186,2360.4250000026077,2862.2000000039116,3916.550000000745,3771.4750000033528,8174.949999993667,7493.35000000149,15681.400000003166,,,,,,,,,,,,,,,
ACBROX4H8BSW3,rec,30-1,30.0,1000.0,14,2843.550000006333,2610.999999994412,1851.3499999754133,5329.5499999877065,1539.899999992922,2245.5499999877065,3689.499999983236,2380.800000000745,3586.800000006333,3101.1500000171363,8572.999999994412,4405.4000000003725,17546.950000004843,,,,,,,,,,,,,,
ADJ9I7ZBFYFH7,rec,30-1,30.0,1000.0,8,1833.7666666706402,1349.699999988079,1503.3999999960263,2838.150000035763,3018.4333333571753,3352.8666666547456,22520.633333345253,,,,,,,,,,,,,,,,,,,,
ADJ9I7ZBFYFH7,rec,30-1,30.0,1000.0,9,1652.6249999850988,2520.5000000447035,2597.4999999403954,2292.824999988079,3282.099999949336,6261.8500000834465,3889.149999946356,7624.300000071526,,,,,,,,,,,,,,,,,,,
ADJ9I7ZBFYFH7,rec,30-1,30.0,1000.0,10,1971.7374999821186,1595.9249999821186,2031.9624999761581,2333.1750000417233,2120.475000053644,1970.7625000178814,1751.3166666328907,3573.8125000298023,4423.400000015895,,,,,,,,,,,,,,,,,,
ADJ9I7ZBFYFH7,rec,30-1,30.0,1000.0,11,2405.2541666403413,3160.583333333333,3146.916666639348,2850.0875000432134,2440.633333347738,2881.533333341281,3687.075000060101,3259.8124999950332,4702.279166688522,8703.883333325386,,,,,,,,,,,,,,,,,
ADJ9I7ZBFYFH7,rec,30-1,30.0,1000.0,12,1719.8499999344347,2320.5999999940395,3009.949999988079,3175.9999999701977,2003.600000023842,2678.8000000417233,2604.7999999523163,3368.100000053644,2130.4999999701977,1382.4500000178814,2582.0,,,,,,,,,,,,,,,,
ADJ9I7ZBFYFH7,rec,30-1,30.0,1000.0,13,1582.2000000178814,1739.6500000953674,1976.1499999761581,1464.175000011921,1792.5250000357628,2045.1249999701977,2108.7999999821186,2448.2249999940395,5592.149999976158,2121.7000000178814,2955.0750000178814,22543.92499998212,,,,,,,,,,,,,,,
ADJ9I7ZBFYFH7,rec,30-1,30.0,1000.0,15,1651.8000001907349,1709.8000001907349,3594.899999856949,4165.100000143051,2654.200000047684,1642.2000000476835,2997.899999856949,1730.7999999523165,1352.2999999523165,1716.4000000953674,1545.0,1570.1999998092651,1538.6000001430511,9725.800000190737,,,,,,,,,,,,,
AGILQEFEPEK7N,ns,30-1,30.0,1000.0,3,2584.199999988079,2175.600000023842,,,,,,,,,,,,,,,,,,,,,,,,,
AGILQEFEPEK7N,ns,30-1,30.0,1000.0,4,2738.3499999940395,4214.1250000447035,3731.374999985099,,,,,,,,,,,,,,,,,,,,,,,,
AGILQEFEPEK7N,ns,30-1,30.0,1000.0,5,2462.1375000122935,2017.2312499955297,2398.6812500152737,2564.9166666666665,,,,,,,,,,,,,,,,,,,,,,,
AGILQEFEPEK7N,ns,30-1,30.0,1000.0,6,2606.6212500038246,2894.7299999994534,2530.857499998063,2514.965833332886,3079.28750000149,,,,,,,,,,,,,,,,,,,,,,
AGILQEFEPEK7N,ns,30-1,30.0,1000.0,7,2299.11944444312,3048.1388888806105,2949.0444444517293,2795.3916666623622,2831.808333322406,2930.7444444547095,,,,,,,,,,,,,,,,,,,,,
AGILQEFEPEK7N,ns,30-1,30.0,1000.0,8,2498.7999999672174,2329.3000000417233,2662.550000011921,2232.25,1957.7999999821186,1895.3999999910593,5134.300000011921,,,,,,,,,,,,,,,,,,,,
AGILQEFEPEK7N,ns,30-1,30.0,1000.0,9,2028.1499999761581,2029.8999999761581,1509.8999999761581,2932.449999988079,2973.0,4071.399999976158,3101.9999999403954,8869.0,,,,,,,,,,,,,,,,,,,
AGILQEFEPEK7N,ns,30-1,30.0,1000.0,10,2695.899999976158,2993.100000023842,3851.0,1596.0,2558.100000023842,3472.600000023842,2246.200000047684,8354.199999928474,5107.399999976158,,,,,,,,,,,,,,,,,,
AH7HACNNRSIPO,ns,30-1,30.0,1000.0,3,1561.8000001907349,,,,,,,,,,,,,,,,,,,,,,,,,,
AH7HACNNRSIPO,ns,30-1,30.0,1000.0,4,2065.1428572790965,5315.325000047684,5969.821428571428,,,,,,,,,,,,,,,,,,,,,,,,
AH7HACNNRSIPO,ns,30-1,30.0,1000.0,5,3379.475000023842,5881.825000047684,4549.449999690056,6379.808333476385,,,,,,,,,,,,,,,,,,,,,,,
AH7HACNNRSIPO,ns,30-1,30.0,1000.0,6,2973.333333303531,2260.8250000029802,4342.9666665097075,3891.3333331396184,2629.6833333323398,,,,,,,,,,,,,,,,,,,,,,
AH7HACNNRSIPO,ns,30-1,30.0,1000.0,7,2979.666666676601,3808.4999999503293,2832.116666649779,3709.000000009934,3466.2500000496707,2869.2055555118454,,,,,,,,,,,,,,,,,,,,,
AH7HACNNRSIPO,ns,30-1,30.0,1000.0,8,3149.1088888413374,2591.50833333532,3459.33666669329,3809.311111114091,2897.707777865728,3233.816666616334,2298.522222247389,,,,,,,,,,,,,,,,,,,,
AH7HACNNRSIPO,ns,30-1,30.0,1000.0,9,2611.4750000089407,2573.814999985695,2509.829999962449,2758.4900000184775,3103.474999961257,2730.3449999690056,2311.0500000089405,2679.5999999940395,,,,,,,,,,,,,,,,,,,
AH7HACNNRSIPO,ns,30-1,30.0,1000.0,10,2285.6500000059605,2686.7999999821186,2205.5333333412805,2170.7750000059605,2263.9000000059605,2677.675000011921,2655.9500000178814,1710.5250000059605,3251.600000023842,,,,,,,,,,,,,,,,,,
AH7HACNNRSIPO,ns,30-1,30.0,1000.0,11,3129.9000000059605,3920.699999988079,3143.5999999940395,3975.5,1811.0999999940395,2673.5999999940395,6564.199999988079,3710.7000000178814,2969.300000011921,2041.5,,,,,,,,,,,,,,,,,
AIDU49N2KO05N,ns,30-1,30.0,1000.0,5,7865.199999988079,,,2278.100000023842,,,,,,,,,,,,,,,,,,,,,,,
AIDU49N2KO05N,ns,30-1,30.0,1000.0,9,,,2370.400000035763,,,2920.2999999523163,,2188.199999988079,,,,,,,,,,,,,,,,,,,
AIDU49N2KO05N,ns,30-1,30.0,1000.0,10,2995.099999904633,2513.25,2690.099999904633,4474.299999952316,3478.7999999523163,2481.7999999523163,,1771.7000000476835,5832.5,,,,,,,,,,,,,,,,,,
AIDU49N2KO05N,ns,30-1,30.0,1000.0,11,2744.9000000953674,2360.0,1488.5999999642372,3159.300000190735,2562.9000000059605,5098.700000047684,2158.0,2836.599999964237,3873.800000011921,5634.350000023842,,,,,,,,,,,,,,,,,
AIDU49N2KO05N,ns,30-1,30.0,1000.0,12,2798.6000000089407,2741.0,4065.899999976158,3775.9750000089407,3084.975000023842,2298.1500000059605,3481.925000011921,2461.600000023842,3188.274999976158,3407.2500000298023,7895.749999970197,,,,,,,,,,,,,,,,
AIDU49N2KO05N,ns,30-1,30.0,1000.0,13,2740.9999999701977,2080.125000014901,6055.988888879619,3101.6111111243567,2331.9624999687076,2844.449999988079,2361.0666666825614,3634.0666667024293,4538.649999991059,2341.849999934435,3786.5666666560705,3091.0666666825614,,,,,,,,,,,,,,,
AIDU49N2KO05N,ns,30-1,30.0,1000.0,14,3698.900000013411,2934.8000000069537,3406.8833333353205,3505.3562500216067,2899.662499971688,3195.625000009934,2829.5333333412805,2502.537500028809,3610.655555539661,2420.125000014901,3137.566666652759,2992.766666645805,4538.416666706403,,,,,,,,,,,,,,
AIDU49N2KO05N,ns,30-1,30.0,1000.0,15,3813.944444398085,3625.441666662693,2475.2555555701256,2522.550000011921,3054.055555529065,2491.5555555356873,3550.954166675607,2805.7500000198684,2985.7555555303893,3154.2500000397363,4533.120833342274,3332.062500024835,2665.899999976158,3136.6166666481236,,,,,,,,,,,,,
AIDU49N2KO05N,ns,30-1,30.0,1000.0,16,2506.5,2409.200000047684,4144.199999928474,3255.5500000715256,2121.100000023842,2126.900000035763,1916.5999999642372,1997.0,2898.0,8575.25,2904.7999999523163,5911.900000035763,3410.0500000715256,,,,,,,,,,,,,,
AIDU49N2KO05N,ns,30-1,30.0,1000.0,17,2625.7333332896233,2543.9999999701977,3376.188888887564,2966.233333349228,3644.2000000377493,3524.600000023842,4485.349999904633,4209.450000007947,2455.9249999672174,3067.783333301544,3810.2666666309037,3637.1333332657814,3571.3999999910593,2885.150000025829,2171.249999925494,4035.9666666587195,,,,,,,,,,,
AIDU49N2KO05N,ns,30-1,30.0,1000.0,18,2249.699999988079,2117.599999964237,2581.699999988079,3046.0,2441.300000011921,3149.599999964237,2588.5,1714.0,2357.5,,1682.699999988079,2762.0,,,1775.899999976158,,5610.400000035763,,,,,,,,,,
AIDU49N2KO05N,ns,30-1,30.0,1000.0,19,2589.999999985099,4353.25,2635.0999999791384,2013.324999973178,3185.800000011921,1988.7499999999998,3922.975000023842,2902.5499999672174,2716.0999999940395,2265.5,3227.5249999910593,3527.3250000029802,2414.3750000298023,3112.949999988079,2575.0749999582767,5908.050000011921,3917.4500000029802,7427.124999970198,,,,,,,,,
AIDU49N2KO05N,ns,30-1,30.0,1000.0,20,3376.5,9397.100000023842,,2125.5,2136.0,2420.3000000715256,2545.0,2663.2999999523163,2181.2999999523163,3163.399999976158,8088.899999976158,4314.5,4274.699999928474,2097.399999976158,4358.100000023842,2521.600000023842,,3341.0,2895.899999976158,,,,,,,,
AIDU49N2KO05N,ns,30-1,30.0,1000.0,21,2507.900000035763,2824.599999964237,1558.300000011921,12536.100000023842,1871.9000000357628,2086.5,2216.100000023842,2295.0,1871.699999988079,1968.0,5702.200000047684,2285.800000011921,2905.0,,2359.699999988079,,2355.5,3958.800000011921,3442.599999964237,3591.5,,,,,,,
AJUVX0E4OPTAO,prim,30-1,30.0,1000.0,5,3151.0,7813.0,4643.0,,,,,,,,,,,,,,,,,,,,,,,,
AJUVX0E4OPTAO,prim,30-1,30.0,1000.0,6,,6187.0,3039.0,,3690.0,,,,,,,,,,,,,,,,,,,,,,
AJUVX0E4OPTAO,prim,30-1,30.0,1000.0,7,7396.75,3454.5,4386.5,4145.5,4093.0,5045.25,,,,,,,,,,,,,,,,,,,,,
AJUVX0E4OPTAO,prim,30-1,30.0,1000.0,8,3174.5,8094.0,3663.916666666667,3812.916666666667,4247.75,5639.5,10157.0,,,,,,,,,,,,,,,,,,,,
AJUVX0E4OPTAO,prim,30-1,30.0,1000.0,9,3332.222222222222,3393.8333333333335,5014.333333333333,3311.5,4596.5625,4035.777777777778,4348.6875,3894.125,,,,,,,,,,,,,,,,,,,
AJUVX0E4OPTAO,prim,30-1,30.0,1000.0,10,3253.0833333333335,3752.6666666666665,4613.0,3973.5,5357.666666666667,5269.75,3634.3888888888887,3025.833333333333,4407.11111111111,,,,,,,,,,,,,,,,,,
AJUVX0E4OPTAO,prim,30-1,30.0,1000.0,11,4566.291666666666,3997.611111111111,3973.625,4409.625,4974.958333333334,4307.5,5674.958333333333,4225.777777777778,4246.708333333333,5284.458333333333,,,,,,,,,,,,,,,,,
AJUVX0E4OPTAO,prim,30-1,30.0,1000.0,12,4010.75,3621.0,3814.25,3795.25,3964.0,3938.25,4208.5,3575.3333333333335,4014.25,3421.0,3741.375,,,,,,,,,,,,,,,,
AJUVX0E4OPTAO,prim,30-1,30.0,1000.0,14,3649.0,8577.0,8232.0,4047.0,3996.0,12810.0,4025.0,,2644.0,3275.0,4384.0,3549.0,3245.0,,,,,,,,,,,,,,
AJUVX0E4OPTAO,prim,30-1,30.0,1000.0,15,3016.0,3387.0,,3655.0,4178.0,2975.5,3526.5,2849.0,3293.0,3044.5,3237.5,4559.0,4002.0,3388.0,,,,,,,,,,,,,
AJUVX0E4OPTAO,prim,30-1,30.0,1000.0,16,3086.0,4055.0,5635.0,,3207.0,4760.0,3031.0,3732.0,4278.0,4781.0,2903.0,5171.0,3951.0,4443.0,2869.0,,,,,,,,,,,,
AK3GAHRZ6M6WM,rec,30-1,30.0,1000.0,5,,,,6257.699999928474,,,,,,,,,,,,,,,,,,,,,,,
AK3GAHRZ6M6WM,rec,30-1,30.0,1000.0,6,5833.099999904633,,4443.099999904633,,2437.700000047684,,,,,,,,,,,,,,,,,,,,,,
AK3GAHRZ6M6WM,rec,30-1,30.0,1000.0,7,4240.449999988079,6998.699999988079,4669.550000011921,4008.100000023842,,7467.200000047684,,,,,,,,,,,,,,,,,,,,,
AK3GAHRZ6M6WM,rec,30-1,30.0,1000.0,8,3178.5000000298023,5241.549999952316,3424.508333345254,5197.316666613022,3546.0499999523163,9615.424999982119,6120.424999982119,,,,,,,,,,,,,,,,,,,,
AK3GAHRZ6M6WM,rec,30-1,30.0,1000.0,9,5898.599999904633,3042.699999988079,3398.150000035763,6143.049999952316,4967.099999944369,4433.266666730245,4433.300000071526,,,,,,,,,,,,,,,,,,,,
AK3GAHRZ6M6WM,rec,30-1,30.0,1000.0,10,3197.5249999860926,4474.674999982119,5369.125000029802,3611.516666660706,3705.383333365123,4595.050000041723,5089.5875000059605,4305.950000007948,3520.025000035763,,,,,,,,,,,,,,,,,,
AK3GAHRZ6M6WM,rec,30-1,30.0,1000.0,11,3129.75,2812.2999999523163,4664.099999964237,4116.300000011921,2367.7999999523163,3493.7999999523163,4299.849999964237,,5260.5,5871.550000071526,,,,,,,,,,,,,,,,,
AK3GAHRZ6M6WM,rec,30-1,30.0,1000.0,12,4151.300000071526,,3667.5,2592.600000023842,,3868.0,3955.5,5281.200000047684,4848.0,4660.300000071526,2547.899999976158,,,,,,,,,,,,,,,,
AKE4AYF86KJVU,rec,30-1,30.0,1000.0,5,2723.5,1002.2000000178814,724.0999999940395,7010.600000023842,,,,,,,,,,,,,,,,,,,,,,,
AKE4AYF86KJVU,rec,30-1,30.0,1000.0,6,771.8000000119209,884.0999999940395,,4003.5,5082.899999976158,,,,,,,,,,,,,,,,,,,,,,
AKE4AYF86KJVU,rec,30-1,30.0,1000.0,7,1227.899999976158,1075.5,995.399999976158,2163.399999976158,2306.900000035763,,,,,,,,,,,,,,,,,,,,,,
AKE4AYF86KJVU,rec,30-1,30.0,1000.0,9,1518.9500000029802,1747.4500000029798,2647.9500000178814,2559.800000011921,6267.599999979138,1558.9500000178814,1300.0499999970198,2588.400000035763,,,,,,,,,,,,,,,,,,,
AKE4AYF86KJVU,rec,30-1,30.0,1000.0,10,1180.0333333350718,1638.4875000081956,1288.5041666651764,1470.0083333328366,1995.8611111044884,1979.7499999875822,2587.416666660458,3464.2166666587195,2627.183333334823,,,,,,,,,,,,,,,,,,
AKE4AYF86KJVU,rec,30-1,30.0,1000.0,11,1928.6777777820826,1527.291666664804,1614.9166666666665,1824.849999996523,1454.4333333323398,2407.4187500067055,2610.6979166517654,3037.9124999841056,2525.741666663438,9501.916666666666,,,,,,,,,,,,,,,,,
AKE4AYF86KJVU,rec,30-1,30.0,1000.0,12,1269.4000000029803,1527.4583333333333,1640.4000000009935,1578.5,2188.990000014504,1124.6850000152983,1725.7622222158643,1909.8083333233992,2583.0733333369094,2321.3249999905624,2256.4875000193715,,,,,,,,,,,,,,,,
AKE4AYF86KJVU,rec,30-1,30.0,1000.0,13,907.8499999990066,2439.6500000059605,1162.8500000089407,1049.0,1156.0000000049672,1615.0499999970198,2989.8999999960265,3923.483333334327,1415.383333330353,2134.7500000298023,5878.825000017881,,,,,,,,,,,,,,,,
AKE4AYF86KJVU,rec,30-1,30.0,1000.0,14,837.9111111015081,1274.2875000014901,2957.4916666696467,1310.6916666726272,4169.383333340287,1076.7666666706402,1717.9500000228484,1623.1083333343267,1635.8555555509195,2100.9874999821186,3973.8000000069537,1879.8333333482344,2778.649999986092,,,,,,,,,,,,,,
AKE4AYF86KJVU,rec,30-1,30.0,1000.0,15,1163.0999999642372,1539.0,802.1999999880791,1090.699999988079,1627.0,1506.300000011921,1290.600000023842,,1498.800000011921,2011.199999988079,1169.699999988079,1091.5,,3867.099999964237,,,,,,,,,,,,,
AKE4AYF86KJVU,rec,30-1,30.0,1000.0,16,1704.800000011921,978.4000000059604,1602.199999988079,761.7000000178814,1111.0,1290.2000000178814,784.4000000059605,1674.7999999821186,1282.5,2144.5,640.7999999821186,3371.300000011921,2721.5,1265.0999999940395,1993.699999988079,,,,,,,,,,,,
AKNBC1TE88NDO,rec,30-1,30.0,1000.0,2,3563.899999856949,,,,,,,,,,,,,,,,,,,,,,,,,,
AKNBC1TE88NDO,rec,30-1,30.0,1000.0,3,5491.033333346248,4161.849999986589,,,,,,,,,,,,,,,,,,,,,,,,,
AKNBC1TE88NDO,rec,30-1,30.0,1000.0,4,5577.413333337671,11459.435555537211,11297.225000026947,,,,,,,,,,,,,,,,,,,,,,,,
AKNBC1TE88NDO,rec,30-1,30.0,1000.0,5,9887.829166658688,7098.02708330766,6412.583333326504,11006.547916675141,,,,,,,,,,,,,,,,,,,,,,,
AKNBC1TE88NDO,rec,30-1,30.0,1000.0,6,6282.527777738041,5531.991666660954,6520.52499995629,7285.883333346496,10890.766666659465,,,,,,,,,,,,,,,,,,,,,,
AKNBC1TE88NDO,rec,30-1,30.0,1000.0,7,4305.319444427888,4549.916666666667,5489.708333346578,5192.038888884916,7840.277777764532,7588.933333367109,,,,,,,,,,,,,,,,,,,,,
AKNBC1TE88NDO,rec,30-1,30.0,1000.0,8,5763.550000011921,5091.3499999940395,6475.225000023842,7006.575000017881,6968.399999976158,8225.575000047684,6658.999999940395,,,,,,,,,,,,,,,,,,,,
AKNBC1TE88NDO,rec,30-1,30.0,1000.0,9,2668.2999999821186,3423.0,2982.2999999821186,2795.5,4040.09999999404,4230.199999988079,3928.400000005961,51901.40000000596,,,,,,,,,,,,,,,,,,,
AKNBC1TE88NDO,rec,30-1,30.0,1000.0,13,3466.4000000059605,2931.5999999940395,,3277.100000023842,6917.59999999404,3536.2000000178814,,6753.800000011921,4409.199999988079,2197.4000000059605,2460.0,2859.4000000059605,,,,,,,,,,,,,,,
AKX4H8RT7BL7H,rec,30-1,30.0,1000.0,6,1490.5,4069.100000023842,21532.900000035763,5344.899999976158,21674.30000001192,,,,,,,,,,,,,,,,,,,,,,
AKX4H8RT7BL7H,rec,30-1,30.0,1000.0,7,1189.0499999821186,1409.949999988079,2600.9250000417233,1988.5499999523163,7942.024999946356,8540.75,,,,,,,,,,,,,,,,,,,,,
AKX4H8RT7BL7H,rec,30-1,30.0,1000.0,8,1425.8888888623978,2125.6333333055177,2414.205555544959,2261.6666667196487,3935.9749999940395,2355.4111111164093,11172.549999992052,,,,,,,,,,,,,,,,,,,,
AKX4H8RT7BL7H,rec,30-1,30.0,1000.0,9,2039.9499999483426,1405.3666666348774,3624.3999999960265,3592.3666666348777,1918.333333293597,5533.116666674614,8726.40000000596,24051.524999976158,,,,,,,,,,,,,,,,,,,
AKX4H8RT7BL7H,rec,30-1,30.0,1000.0,10,1683.9333333770435,1713.1916666428249,1822.4000000119208,2812.7999999523163,2797.3599999547005,10854.000000044703,3570.3666666547456,8278.599999964237,6990.889999949932,,,,,,,,,,,,,,,,,,
AKX4H8RT7BL7H,rec,30-1,30.0,1000.0,11,1550.9999999801319,2223.7277777989707,1920.3277778029442,4438.094444440471,2811.374999990066,2813.7999999920526,6307.188888874319,4655.277777764532,8716.816666675937,8496.427777780427,,,,,,,,,,,,,,,,,
AKX4H8RT7BL7H,rec,30-1,30.0,1000.0,12,1740.2500000596046,1716.2999999523163,2393.5333333015446,5885.66666662693,2977.5666666428247,2239.800000011921,5677.899999976158,4675.966666658719,12164.649999976158,2341.0666666825614,17179.900000035763,,,,,,,,,,,,,,,,
AKX4H8RT7BL7H,rec,30-1,30.0,1000.0,15,1439.1499999761581,1845.3999999165535,2478.199999988079,3418.75,2924.149999976158,2668.700000047684,3422.0,1867.8000000715256,6018.449999988079,2650.149999976158,3672.0,1711.449999988079,13024.699999928474,9308.0,,,,,,,,,,,,,
AKX4H8RT7BL7H,rec,30-1,30.0,1000.0,17,1539.7000000476835,1760.5,1724.5,4756.199999928474,960.5,2726.399999976158,1710.0,1205.5,1507.600000023842,2784.100000023842,12392.200000047684,,2107.100000023842,,,,,,,,,,,,,,
AOYDGVOZUIHII,prim,30-1,30.0,1000.0,8,1883.6000000238416,7693.0,4229.899999976158,2335.5,9633.399999976158,4946.799999952316,9969.0,,,,,,,,,,,,,,,,,,,,
AOYDGVOZUIHII,prim,30-1,30.0,1000.0,9,2956.3749999701977,3400.8333333333335,4456.399999976158,2818.533333400885,3398.7999999970198,3993.5000000397363,2885.233333349228,4228.750000029802,,,,,,,,,,,,,,,,,,,
AOYDGVOZUIHII,prim,30-1,30.0,1000.0,10,2868.9999999701977,4309.999999940395,5344.899999976158,6444.5250000059605,5181.6500000059605,5152.100000023842,4080.100000023842,6416.200000047684,2893.599999964237,,,,,,,,,,,,,,,,,,
AOYDGVOZUIHII,prim,30-1,30.0,1000.0,11,2941.299999833107,3154.9000000953674,2882.8000000715256,2355.700000047684,3787.699999809265,3358.1999999284744,2265.2999999523163,2719.649999976158,2772.9499999284744,,,,,,,,,,,,,,,,,,
AOYDGVOZUIHII,prim,30-1,30.0,1000.0,12,3011.5499999821186,3622.6666666666665,4203.587499976158,4643.300000026822,2775.3499999791384,2993.283333381017,4830.666666686535,4645.862500011921,3486.6666666666665,2373.099999944369,3056.0333334207535,,,,,,,,,,,,,,,,
AOYDGVOZUIHII,prim,30-1,30.0,1000.0,13,3175.112500011921,4203.741666659713,3173.774999976158,3687.370833312472,3047.244444496102,3134.5750000551343,3354.208333333333,4056.483333326876,2845.7708333532014,3857.279166648785,4011.4666666736207,3076.627777804931,,,,,,,,,,,,,,,
AOYDGVOZUIHII,prim,30-1,30.0,1000.0,14,3157.991666684548,2885.154166633884,3454.212500013411,3625.5291666736207,2882.025000008444,2781.8312499622507,3638.337500003477,2808.7083333283663,3247.8499999741716,3309.2277777757913,3305.831250011921,3670.294444415304,3806.1916666428247,,,,,,,,,,,,,,
AOYDGVOZUIHII,prim,30-1,30.0,1000.0,15,2529.024999961257,2699.1333332657814,3094.400000065565,3744.25,2817.5333333214126,3702.716666718324,4014.5833333830037,3162.933333337307,5057.199999988079,4499.983333369096,3990.6999999284744,3355.6666666666665,4098.933333277702,3465.6166666448116,,,,,,,,,,,,,
AOYDGVOZUIHII,prim,30-1,30.0,1000.0,16,5863.449999968211,3648.6166667143502,3244.3333333532014,2887.266666650772,3379.5833332935968,2975.333333313465,2709.6000000039735,3093.2833333412805,3718.733333349228,4536.149999936421,3094.7666666706405,3082.333333313465,3096.574999988079,2657.550000011921,2929.2333333690963,,,,,,,,,,,,
AOYDGVOZUIHII,prim,30-1,30.0,1000.0,17,4801.250000059605,1762.600000023842,4939.600000023842,3167.900000035763,4846.899999976158,4360.349999964237,2324.899999976158,3849.899999976158,4583.999999940395,2553.649999976158,4585.650000035763,5897.600000023842,1684.0499999523163,6650.5,4173.5,2432.849999964237,,,,,,,,,,,
AOYDGVOZUIHII,prim,30-1,30.0,1000.0,18,,3076.100000023842,3365.100000023842,3353.6999999284744,2492.600000023842,2381.0,4101.900000095367,,3236.5,3581.100000023842,4868.200000047684,2788.399999976158,2409.700000047684,3262.399999976158,3426.899999976158,3386.599999904633,2684.600000023842,,,,,,,,,,
AP4B1GJIT3HYF,ns,30-1,30.0,1000.0,2,10998.0,,,,,,,,,,,,,,,,,,,,,,,,,,
AP4B1GJIT3HYF,ns,30-1,30.0,1000.0,3,,8856.0,,,,,,,,,,,,,,,,,,,,,,,,,
AP4B1GJIT3HYF,ns,30-1,30.0,1000.0,4,7981.777777777777,7054.75,5668.0,,,,,,,,,,,,,,,,,,,,,,,,
AP4B1GJIT3HYF,ns,30-1,30.0,1000.0,5,6681.11111111111,6019.0,12693.75,9985.5,,,,,,,,,,,,,,,,,,,,,,,
AP4B1GJIT3HYF,ns,30-1,30.0,1000.0,6,5805.38888888889,7059.0,6473.0,11917.333333333334,9743.333333333334,,,,,,,,,,,,,,,,,,,,,,
AP4B1GJIT3HYF,ns,30-1,30.0,1000.0,7,6823.666666666667,6545.25,9690.791666666668,5433.583333333333,10581.555555555555,8242.958333333332,,,,,,,,,,,,,,,,,,,,,
AP4B1GJIT3HYF,ns,30-1,30.0,1000.0,8,6045.555555555555,6256.416666666667,7607.75,6996.125,9380.888888888889,7622.208333333333,6531.916666666667,,,,,,,,,,,,,,,,,,,,
AP4B1GJIT3HYF,ns,30-1,30.0,1000.0,9,5491.75,5832.75,5965.0,5044.5,7579.25,5428.75,12008.0,10042.5,,,,,,,,,,,,,,,,,,,
AP4B1GJIT3HYF,ns,30-1,30.0,1000.0,10,5875.0,,4519.0,6477.0,4078.0,,5291.0,5009.0,5731.0,,,,,,,,,,,,,,,,,,
AXFH1DT8PR0K2,prim,30-1,30.0,1000.0,6,3637.5,,2546.199999809265,1798.1999998092651,2218.0,,,,,,,,,,,,,,,,,,,,,,
AXFH1DT8PR0K2,prim,30-1,30.0,1000.0,7,2565.949999809265,1490.5,1568.8000001907349,2541.9000000953674,3021.7000002861023,2777.7999999523163,,,,,,,,,,,,,,,,,,,,,
AXFH1DT8PR0K2,prim,30-1,30.0,1000.0,8,2163.1749997138977,2615.6000003814697,2971.9083330631256,2198.800000190735,2034.4999999205272,3344.0499998728437,2937.0999999046326,,,,,,,,,,,,,,,,,,,,
AXFH1DT8PR0K2,prim,30-1,30.0,1000.0,10,4003.133333365123,3459.583333174388,2830.7666667302447,2189.3499999046326,2766.250000317891,4022.3666667938232,3946.9500002861023,2315.2333329518638,2881.9375002384186,,,,,,,,,,,,,,,,,,
AXFH1DT8PR0K2,prim,30-1,30.0,1000.0,11,,7961.699999809265,4469.800000190735,2069.5,,4098.89999961853,2870.0,,,2922.3999996185303,,,,,,,,,,,,,,,,,
AXFH1DT8PR0K2,prim,30-1,30.0,1000.0,12,2047.3000001907349,5161.800000190735,2545.4749999046326,2419.6499996185303,3091.0999999046326,2424.2000000476837,1745.2000002861023,1999.0499999523163,1716.8000001907349,3188.300000190735,3057.7249999046326,,,,,,,,,,,,,,,,
AXFH1DT8PR0K2,prim,30-1,30.0,1000.0,13,3737.2000002861023,3128.3500003814697,2711.5999994277954,3359.449999809265,2345.6499996185303,2027.3000001907349,2041.0,,2877.0,3037.0999999046326,2909.4000000953674,2893.25,,,,,,,,,,,,,,,
AXFH1DT8PR0K2,prim,30-1,30.0,1000.0,14,2409.8500003814697,1939.4000005722048,3100.699999809265,1715.5500001907349,2126.9000005722046,4118.400000572205,1831.8000001907349,2340.1500000953674,1755.9000005722046,843.5,5118.39999961853,6519.550000190735,2204.5,,,,,,,,,,,,,,
AXFP50XOZD2NI,rec,30-1,30.0,1000.0,4,4585.25,6828.0,15267.75,,,,,,,,,,,,,,,,,,,,,,,,
AXFP50XOZD2NI,rec,30-1,30.0,1000.0,5,6438.5,9695.0,4998.5,4723.0,,,,,,,,,,,,,,,,,,,,,,,
AXFP50XOZD2NI,rec,30-1,30.0,1000.0,6,3786.583333333333,4100.625,4595.291666666667,4502.0,5902.166666666667,,,,,,,,,,,,,,,,,,,,,,
AXFP50XOZD2NI,rec,30-1,30.0,1000.0,7,3739.5,3625.125,4307.25,4909.0,6053.25,4075.125,,,,,,,,,,,,,,,,,,,,,
AXFP50XOZD2NI,rec,30-1,30.0,1000.0,8,4739.645833333333,4766.895833333333,6365.4125,5121.229166666667,4499.041666666666,5513.641666666666,5226.541666666667,,,,,,,,,,,,,,,,,,,,
AXFP50XOZD2NI,rec,30-1,30.0,1000.0,9,4928.041666666667,5208.5,4890.541666666667,3621.0833333333335,4122.458333333333,4941.083333333333,4797.25,5874.25,,,,,,,,,,,,,,,,,,,
AXFP50XOZD2NI,rec,30-1,30.0,1000.0,10,4210.5,4549.5,4069.0,4165.0,4317.5,8658.0,4854.5,5851.5,4435.0,,,,,,,,,,,,,,,,,,
AXFP50XOZD2NI,rec,30-1,30.0,1000.0,11,4738.0,5281.0,5204.0,5963.0,5498.0,6355.0,5949.0,6714.0,3189.0,5139.0,,,,,,,,,,,,,,,,,
A12LX24NC3FP2U,ns,20-2,20.0,2000.0,4,5999.350000005215,8320.5,7398.5,,,,,,,,,,,,,,,,,,,,,,,,
A12LX24NC3FP2U,ns,20-2,20.0,2000.0,5,5011.79999999702,6441.600000008941,8793.59999999404,8933.25,,,,,,,,,,,,,,,,,,,,,,,
A12LX24NC3FP2U,ns,20-2,20.0,2000.0,6,5444.6500000034775,6680.533333328864,6294.550000000745,10104.21249999851,7871.416666669151,,,,,,,,,,,,,,,,,,,,,,
A12LX24NC3FP2U,ns,20-2,20.0,2000.0,7,6678.625,8204.57499999553,6734.400000000994,6115.4000000059605,5926.5,8629.150000002235,,,,,,,,,,,,,,,,,,,,,
A12LX24NC3FP2U,ns,20-2,20.0,2000.0,8,22361.70000001043,5652.64999999851,6262.824999991804,7837.67500000447,9334.30000000447,6181.95000000298,6464.20000000298,,,,,,,,,,,,,,,,,,,,
A12LX24NC3FP2U,ns,20-2,20.0,2000.0,9,5398.199999999255,5848.775000002235,6335.375,,6991.875,5776.599999997765,6902.54999999702,6490.14999999851,,,,,,,,,,,,,,,,,,,
A12LX24NC3FP2U,ns,20-2,20.0,2000.0,10,6337.5,5815.499999996275,9154.100000005215,8122.5250000059605,4989.824999999255,8972.54999999702,6552.07500000298,5361.425000000745,7050.75,,,,,,,,,,,,,,,,,,
A161VPQSXLLV8U,ns,20-2,20.0,2000.0,2,3968.100000000093,,,,,,,,,,,,,,,,,,,,,,,,,,
A161VPQSXLLV8U,ns,20-2,20.0,2000.0,5,,,6583.59999999404,2560.39999999106,,,,,,,,,,,,,,,,,,,,,,,
A161VPQSXLLV8U,ns,20-2,20.0,2000.0,7,9223.5,5599.399999999907,,4360.5,5094.199999999953,6590.800000000047,,,,,,,,,,,,,,,,,,,,,
A161VPQSXLLV8U,ns,20-2,20.0,2000.0,8,6233.799999999969,5066.950000002515,5724.716666674086,6201.183333338704,10459.95000000298,6820.000000003027,8603.216666674087,,,,,,,,,,,,,,,,,,,,
A161VPQSXLLV8U,ns,20-2,20.0,2000.0,9,3786.29999999702,2687.20000000298,3160.20000000298,,4842.0,,,,,,,,,,,,,,,,,,,,,,
A161VPQSXLLV8U,ns,20-2,20.0,2000.0,10,5294.6000000016065,3572.6000000043423,7371.675000001036,5431.633333334233,6863.974999998056,4659.22499999858,4901.999999994024,3486.35000000149,4438.36666666856,,,,,,,,,,,,,,,,,,
A161VPQSXLLV8U,ns,20-2,20.0,2000.0,11,8892.64999999851,3232.5000000074506,8289.30000000447,6701.724999997765,2763.5000000074506,5050.300000000745,6682.5250000059605,7913.974999997765,4853.999999996275,5399.824999999255,,,,,,,,,,,,,,,,,
A161VPQSXLLV8U,ns,20-2,20.0,2000.0,12,5437.527777771621,4907.894444442354,4744.02777777964,4113.3833333308185,10850.833333332039,5642.9333333336335,6062.672222223081,6533.549999998107,4814.749999995033,7595.566666666418,6718.011111112104,,,,,,,,,,,,,,,,
A161VPQSXLLV8U,ns,20-2,20.0,2000.0,13,4026.855555556611,4354.008333331983,4960.08333333147,5029.961111108824,5203.483333333913,5667.775000002545,6252.650000001071,4953.500000003208,7142.30833333234,3856.0833333283663,3892.575000002437,8210.763888890804,,,,,,,,,,,,,,,
A161VPQSXLLV8U,ns,20-2,20.0,2000.0,14,4660.208333325297,5380.309999995931,4789.733333329476,7896.638333333439,6617.541666668607,5039.408333335246,3993.0333333332637,5471.052777785756,4754.408333333481,4899.444444442531,4152.228333331148,4309.923333335276,3965.4333333273466,,,,,,,,,,,,,,
A161VPQSXLLV8U,ns,20-2,20.0,2000.0,15,3594.9333333338923,3379.366666664913,6059.20000000298,5290.0666666644,6809.033333335149,3934.449999999255,4499.500000000621,4644.15000000142,4252.833333333178,4184.0666666684365,5593.833333337291,4803.900000004331,5210.199999999022,6252.533333336779,,,,,,,,,,,,,
A161VPQSXLLV8U,ns,20-2,20.0,2000.0,16,3975.0999999998603,4252.950000000652,3733.1500000001397,3383.6000000007916,3284.7999999998137,6816.350000000093,4042.399999999441,5976.649999999674,3912.5500000000466,5659.8499999996275,5813.050000000279,3045.100000000093,4330.5,4962.800000000047,3841.100000000093,,,,,,,,,,,,
A161VPQSXLLV8U,ns,20-2,20.0,2000.0,17,4753.4499999939,4418.200000006007,5217.400000008754,4177.15000000014,4004.3499999940395,4714.849999997066,3034.0499999998137,7388.399999991059,3434.7000000029802,7282.79999999702,3847.0500000061,5142.050000003073,6857.000000008848,3197.1500000059605,3484.6500000029337,5563.850000008941,,,,,,,,,,,
A166P9BSWIFF32,prim,20-2,20.0,2000.0,6,,,3021.0,,7932.0,,,,,,,,,,,,,,,,,,,,,,
A166P9BSWIFF32,prim,20-2,20.0,2000.0,7,,1894.0,,,,2295.0,,,,,,,,,,,,,,,,,,,,,
A166P9BSWIFF32,prim,20-2,20.0,2000.0,8,2731.5,2119.0,2507.5,1151.0,3827.0,2802.5,2271.75,,,,,,,,,,,,,,,,,,,,
A166P9BSWIFF32,prim,20-2,20.0,2000.0,9,3608.0,1907.5,2667.0,3793.5,2104.0,2773.0,2032.0,2556.0,,,,,,,,,,,,,,,,,,,
A166P9BSWIFF32,prim,20-2,20.0,2000.0,10,4851.5,2202.5,4329.25,2962.666666666667,5022.0,2719.0,2434.5,2604.416666666667,2560.0,,,,,,,,,,,,,,,,,,
A166P9BSWIFF32,prim,20-2,20.0,2000.0,11,4529.166666666666,2874.5333333333333,2972.2,4631.0,3744.25,3210.0,2358.25,4804.3,4291.5,3237.583333333333,,,,,,,,,,,,,,,,,
A166P9BSWIFF32,prim,20-2,20.0,2000.0,12,2575.0,2462.0,,2483.0,3543.0,2632.0,,7399.0,3043.0,,2077.0,,,,,,,,,,,,,,,,
A166P9BSWIFF32,prim,20-2,20.0,2000.0,13,2572.0,1865.5,4185.0,2329.0,2085.0,2403.5,4068.5,3238.0,3061.0,2656.5,1943.0,4301.5,,,,,,,,,,,,,,,
A166P9BSWIFF32,prim,20-2,20.0,2000.0,14,2001.0,2165.0,3240.0,7893.0,3393.0,3775.0,4088.0,4320.0,2029.0,4822.0,1736.0,,,,,,,,,,,,,,,,
A17IPELR5NC2LZ,prim,20-2,20.0,2000.0,2,7571.0,,,,,,,,,,,,,,,,,,,,,,,,,,
A17IPELR5NC2LZ,prim,20-2,20.0,2000.0,3,4541.0,8712.0,,,,,,,,,,,,,,,,,,,,,,,,,
A17IPELR5NC2LZ,prim,20-2,20.0,2000.0,4,9939.0,9789.0,13099.666666666666,,,,,,,,,,,,,,,,,,,,,,,,
A17IPELR5NC2LZ,prim,20-2,20.0,2000.0,5,7512.666666666667,8488.0,12888.5,6513.5,,,,,,,,,,,,,,,,,,,,,,,
A17IPELR5NC2LZ,prim,20-2,20.0,2000.0,6,10157.0,9823.0,11752.0,,3192.0,,,,,,,,,,,,,,,,,,,,,,
A17IPELR5NC2LZ,prim,20-2,20.0,2000.0,7,6975.666666666667,3842.0,3784.0,6013.5,4094.0,3829.75,,,,,,,,,,,,,,,,,,,,,
A17IPELR5NC2LZ,prim,20-2,20.0,2000.0,8,4161.0,3394.0,3693.0,3618.5,4373.0,6254.0,4768.5,,,,,,,,,,,,,,,,,,,,
A17IPELR5NC2LZ,prim,20-2,20.0,2000.0,9,3518.5,3113.0,4392.5,8382.0,2881.833333333333,3018.0,3544.5,2722.75,,,,,,,,,,,,,,,,,,,
A17IPELR5NC2LZ,prim,20-2,20.0,2000.0,10,4826.0,,3054.5,3054.5,3093.0,6182.0,3537.0,3842.0,2688.0,,,,,,,,,,,,,,,,,,
A17IPELR5NC2LZ,prim,20-2,20.0,2000.0,11,6029.333333333333,15191.5,2474.5,3696.0,3093.6666666666665,3514.3333333333335,2575.0,,4421.0,3346.3333333333335,,,,,,,,,,,,,,,,,
A17IPELR5NC2LZ,prim,20-2,20.0,2000.0,12,2248.0,7585.0,4277.0,2929.0,2758.0,,4786.0,9290.0,4244.0,,,,,,,,,,,,,,,,,,
A17IPELR5NC2LZ,prim,20-2,20.0,2000.0,13,4207.0,3765.0,2338.5,2744.25,3105.5,3295.5,3212.0,2844.0,4551.5,4395.5,3773.0,2542.0,,,,,,,,,,,,,,,
A17IPELR5NC2LZ,prim,20-2,20.0,2000.0,14,3837.0,,,3333.0,4697.0,3732.0,3515.0,3392.0,,4100.0,,4220.0,,,,,,,,,,,,,,,
A17IPELR5NC2LZ,prim,20-2,20.0,2000.0,15,5279.0,4519.0,4087.0,3662.0,3482.0,3229.0,4186.0,3524.0,,3156.0,3165.0,,2642.0,4015.0,,,,,,,,,,,,,
A17TMQWTCJVOV5,rec,20-2,20.0,2000.0,5,5108.0,7393.0,,2693.0,,,,,,,,,,,,,,,,,,,,,,,
A17TMQWTCJVOV5,rec,20-2,20.0,2000.0,6,4577.5,5790.0,3396.75,2846.0,5429.166666666667,,,,,,,,,,,,,,,,,,,,,,
A17TMQWTCJVOV5,rec,20-2,20.0,2000.0,7,6840.444444444445,3196.3333333333335,4653.708333333333,3295.2083333333335,4811.625,5831.666666666666,,,,,,,,,,,,,,,,,,,,,
A17TMQWTCJVOV5,rec,20-2,20.0,2000.0,8,3690.55,3918.5,3945.8333333333335,4162.6,2839.4,3577.075,5475.625,,,,,,,,,,,,,,,,,,,,
A17TMQWTCJVOV5,rec,20-2,20.0,2000.0,9,3339.5166666666664,3974.5625,3454.275,3545.7,3474.1916666666666,3145.0833333333335,5084.475,3886.025,,,,,,,,,,,,,,,,,,,
A17TMQWTCJVOV5,rec,20-2,20.0,2000.0,10,3139.444444444445,4107.333333333333,3182.722222222222,4164.277777777778,3639.055555555556,3383.0,3846.3333333333335,4123.388888888889,4591.666666666667,,,,,,,,,,,,,,,,,,
A17TMQWTCJVOV5,rec,20-2,20.0,2000.0,11,4192.333333333333,3391.75,4851.5,3835.0,4510.5,3067.75,2471.0,3873.0,3980.3333333333335,10014.333333333334,,,,,,,,,,,,,,,,,
A17TMQWTCJVOV5,rec,20-2,20.0,2000.0,12,4622.0,2978.0,3728.0,4080.0,,3431.0,5006.0,,4528.0,1873.0,2485.0,,,,,,,,,,,,,,,,
A1CB9NR3SN4VMY,prim,20-2,20.0,2000.0,5,,2010.300000000745,,4920.199999999255,,,,,,,,,,,,,,,,,,,,,,,
A1CB9NR3SN4VMY,prim,20-2,20.0,2000.0,7,2625.899999976158,5116.100000008941,3311.35000000149,4160.600000008941,6248.600000008941,7499.549999989569,,,,,,,,,,,,,,,,,,,,,
A1CB9NR3SN4VMY,prim,20-2,20.0,2000.0,8,4890.600000023842,4761.300000071526,2617.700000047684,,3049.399999976158,3066.3000000715256,3298.0,,,,,,,,,,,,,,,,,,,,
A1CB9NR3SN4VMY,prim,20-2,20.0,2000.0,9,2979.1000000039735,4931.416666646798,4101.566666670144,3272.866666689515,3510.633333288133,6186.333333333333,4770.300000011921,6611.775000002235,,,,,,,,,,,,,,,,,,,
A1CB9NR3SN4VMY,prim,20-2,20.0,2000.0,10,3152.488888907557,4510.333333325262,3708.399999976158,2924.0888889152557,3449.677777780427,4656.4333333012955,4479.450000029057,4105.350000006147,2446.8833333849907,,,,,,,,,,,,,,,,,,
A1CB9NR3SN4VMY,prim,20-2,20.0,2000.0,11,7990.827777773763,3183.2611111183137,3288.3111110985697,3724.433333326338,3441.005555554293,3580.861111127668,3553.5055555450836,4068.988888884584,2998.6166666904464,3272.955555550547,,,,,,,,,,,,,,,,,
A1CB9NR3SN4VMY,prim,20-2,20.0,2000.0,12,3534.758333340287,3366.4388888908757,3217.822222226196,3449.9472222295067,3362.28888889816,4255.625000002484,3917.0777777789367,4448.394444434179,4031.9833333409492,3544.2333333227366,3666.2749999910593,,,,,,,,,,,,,,,,
A1CB9NR3SN4VMY,prim,20-2,20.0,2000.0,13,3464.4222222181656,3609.633333329422,2742.7527777502933,2956.283333333209,3013.238888869269,4416.366666651021,4383.283333325448,3877.855555542434,4224.830555547443,2741.097222250162,2758.4625000003725,2909.155555563462,,,,,,,,,,,,,,,
A1CB9NR3SN4VMY,prim,20-2,20.0,2000.0,14,3103.6611111185825,4025.2888888894686,4279.966666657064,3909.599999997765,3396.0666666523452,4506.844444444403,4167.349999989279,3869.5666666713855,4842.688888883011,5098.444444447342,3271.011111115416,3697.0555555503815,4721.188888879907,,,,,,,,,,,,,,
A1CB9NR3SN4VMY,prim,20-2,20.0,2000.0,15,3287.2999999988824,2633.4000000003725,5785.200000001118,4471.199999999255,3487.7999999988824,2785.9000000003725,3358.5,3857.7000000011176,3286.5999999996275,,4530.599999999628,2319.199999999255,8537.299999998882,2447.9000000003725,,,,,,,,,,,,,
A1FM638CHGPC1M,ns,20-2,20.0,2000.0,5,,3147.2999999523163,2654.600000023842,2344.600000023842,,,,,,,,,,,,,,,,,,,,,,,
A1FM638CHGPC1M,ns,20-2,20.0,2000.0,6,3908.2000000122935,3383.0,4157.300000000745,,3634.100000023842,,,,,,,,,,,,,,,,,,,,,,
A1FM638CHGPC1M,ns,20-2,20.0,2000.0,7,,,3178.5,4844.800000011921,4863.899999976158,,,,,,,,,,,,,,,,,,,,,,
A1FM638CHGPC1M,ns,20-2,20.0,2000.0,8,2896.250000005588,2379.20000000298,1971.300000000745,4442.350000012666,3220.7999999765307,,3529.350000023842,,,,,,,,,,,,,,,,,,,,
A1FM638CHGPC1M,ns,20-2,20.0,2000.0,9,4286.587499997113,4800.933333337307,4023.9000000003725,3622.149999997113,3167.8333333171904,2542.8874999699183,2477.0749999638647,3688.916666675359,,,,,,,,,,,,,,,,,,,
A1FM638CHGPC1M,ns,20-2,20.0,2000.0,10,2862.7916666554906,2849.4312500072024,3623.4166666600436,2769.637499996228,3398.762500007637,3770.164583319798,3789.5291666795188,3187.2312500179282,3264.4499999919285,,,,,,,,,,,,,,,,,,
A1FM638CHGPC1M,ns,20-2,20.0,2000.0,11,3255.3950000062587,3212.8933333083987,3125.062500026077,3101.858333353574,4171.208333343267,3267.9083333363137,4716.86000000611,3606.9999999962747,3375.0499999970198,3240.475000002111,,,,,,,,,,,,,,,,,
A1FM638CHGPC1M,ns,20-2,20.0,2000.0,12,2627.7000000476837,3538.199999988079,3721.100000023842,2183.0,4480.050000071526,3163.349999964237,2803.5500000715256,3537.599999964237,2312.1999999284744,3011.649999976158,3404.099999904633,,,,,,,,,,,,,,,,
A1FM638CHGPC1M,ns,20-2,20.0,2000.0,13,4591.60000001577,3557.0000000130385,4106.483333305146,3287.4500000355765,4756.325000000186,2984.800000006333,4546.975000011735,3485.750000012107,3764.650000032658,2909.3500000117347,2887.76666666319,7169.600000006146,,,,,,,,,,,,,,,
A1FM638CHGPC1M,ns,20-2,20.0,2000.0,14,4241.950000017881,2887.899999976158,3730.199999988079,4897.399999976158,4048.7500000298023,2845.599999904633,4107.924999982119,4989.200000017881,4465.275000035763,3328.949999988079,2969.7750000059605,2944.149999976158,3081.2000000178814,,,,,,,,,,,,,,
A1FM638CHGPC1M,ns,20-2,20.0,2000.0,16,3248.0,3577.8000000715256,3243.399999976158,3037.8000000715256,2378.700000047684,2633.600000023842,4102.0,2602.6999999284744,3148.600000023842,,,3050.399999976158,2657.200000047684,4660.399999976158,4223.200000047684,,,,,,,,,,,,
A1HENLDLQEO5BZ,prim,20-2,20.0,2000.0,10,2762.599999904633,4073.099999904633,,,,,2257.6000003814697,1712.2999997138977,1849.5,,,,,,,,,,,,,,,,,,
A1HENLDLQEO5BZ,prim,20-2,20.0,2000.0,11,2258.200000047684,2204.649999976158,3242.0,2452.799999833107,2456.7999997138977,2268.6499999761586,2373.6499999761586,1713.5999999046326,2549.0000001192093,2569.899999856949,,,,,,,,,,,,,,,,,
A1HENLDLQEO5BZ,prim,20-2,20.0,2000.0,12,2096.2999997138977,2925.800000190735,2281.25,3889.6000003814697,3587.399999856949,3543.7000002861023,,3513.4000000953674,2874.599999904633,3865.2999997138977,1663.9000000953674,,,,,,,,,,,,,,,,
A1HENLDLQEO5BZ,prim,20-2,20.0,2000.0,13,2215.2499998807907,2779.325000166893,2077.3499999046326,2345.3750001192093,2951.6499999165535,2485.625,3239.8250000476837,2825.4500002264977,2498.5499998927116,2984.0000001192093,2493.899999976158,2408.675000011921,,,,,,,,,,,,,,,
A1HENLDLQEO5BZ,prim,20-2,20.0,2000.0,14,3108.9208333690963,2461.631249964237,2431.0624999403954,2713.675000011921,2349.8874999582767,2650.6583333412805,2969.5812499821186,2432.9249999721847,2770.3750000397363,2242.666666666667,2526.9499999284744,2473.912500143051,2671.5625,,,,,,,,,,,,,,
A1HENLDLQEO5BZ,prim,20-2,20.0,2000.0,15,2394.750000089407,2710.4500000079474,2654.500000178814,2745.8375000059605,2415.5874999165535,3180.3833333949246,2772.354166607062,3411.243750065565,3267.9999999701977,2986.606249898672,2849.5166667997837,3115.408333381017,2573.3375001351037,2505.243749976158,,,,,,,,,,,,,
A1HENLDLQEO5BZ,prim,20-2,20.0,2000.0,16,2282.5555555820465,3692.527777777778,2464.055555449592,2882.366666595141,2527.805555555555,2482.9888889127305,2644.1555556456246,3561.9000000158944,2692.311111105813,2220.0833333730698,3009.9999999602637,2645.2500001589456,2314.177777753936,2422.1833332777023,2725.3333333333335,,,,,,,,,,,,
A1HENLDLQEO5BZ,prim,20-2,20.0,2000.0,17,2581.3833333452544,3079.9624999165535,2657.1875000596046,2406.0000002384186,2496.958333392938,2882.4375,2375.166666587194,2911.066666662693,2685.3833334445953,2797.1500000158944,2227.9222221904333,3931.0666666428247,3598.9250000715256,2663.0166665712995,2366.350000023842,2086.2750000158944,,,,,,,,,,,
A1HENLDLQEO5BZ,prim,20-2,20.0,2000.0,18,2698.4000002145767,2056.550000011921,2834.2499998807907,2641.3000000715256,2527.324999988079,2577.600000023842,2627.274999976158,2654.100000023842,3648.574999809265,3109.2499998807907,2477.67500013113,2929.0000001192093,4088.174999833107,2541.550000011921,2369.6749998927116,2652.800000011921,2645.699999988079,,,,,,,,,,
A1HENLDLQEO5BZ,prim,20-2,20.0,2000.0,19,2672.3833334445953,2753.75,3795.816666762034,2185.249999920527,2495.5333332220716,2838.983333349228,2610.733333428701,2149.4499999682107,2932.8499999841056,2657.1166667938232,2608.1166667938232,4303.533333381017,2643.9333333969116,4003.6666668256125,2285.6833333174386,2101.6999999682107,2995.1166666348777,2601.699999968211,,,,,,,,,
A1J39RAV7TKEMF,ns,20-2,20.0,2000.0,2,6343.483333349228,,,,,,,,,,,,,,,,,,,,,,,,,,
A1J39RAV7TKEMF,ns,20-2,20.0,2000.0,3,10893.508333365122,12049.597777769302,,,,,,,,,,,,,,,,,,,,,,,,,
A1J39RAV7TKEMF,ns,20-2,20.0,2000.0,4,4941.733333349228,7169.499999880791,12697.6875,,,,,,,,,,,,,,,,,,,,,,,,
A1J39RAV7TKEMF,ns,20-2,20.0,2000.0,5,7580.558333476384,6919.349999904633,4804.787499964237,7858.633333365123,,,,,,,,,,,,,,,,,,,,,,,
A1J39RAV7TKEMF,ns,20-2,20.0,2000.0,6,4485.074999928474,5150.616666634878,5412.400000095367,4635.516666809718,5680.166666666666,,,,,,,,,,,,,,,,,,,,,,
A1J39RAV7TKEMF,ns,20-2,20.0,2000.0,7,5656.074999928474,4552.074999928474,5354.400000095367,5186.999999880791,7651.825000047684,4879.350000143051,,,,,,,,,,,,,,,,,,,,,
A1J39RAV7TKEMF,ns,20-2,20.0,2000.0,8,4525.350000023842,3993.800000190735,5236.049999952316,4875.149999856949,4057.100000023842,4544.500000119209,7931.5,,,,,,,,,,,,,,,,,,,,
A1J39RAV7TKEMF,ns,20-2,20.0,2000.0,9,6243.866666634877,7195.649999856949,12050.733333269754,4918.233333269755,5241.933333237966,6901.966666698456,7594.100000063579,5776.433333396912,,,,,,,,,,,,,,,,,,,
A1JL3HCA0MK9UI,prim,20-2,20.0,2000.0,3,5552.075000047684,9708.46666653951,,,,,,,,,,,,,,,,,,,,,,,,,
A1JL3HCA0MK9UI,prim,20-2,20.0,2000.0,4,6657.533332824707,4628.825000047684,4949.499999841054,,,,,,,,,,,,,,,,,,,,,,,,
A1JL3HCA0MK9UI,prim,20-2,20.0,2000.0,5,6260.666666666667,4584.149999936421,6003.000000158946,5173.050000190735,,,,,,,,,,,,,,,,,,,,,,,
A1JL3HCA0MK9UI,prim,20-2,20.0,2000.0,6,6630.204166690508,5795.15625,3962.008333683014,5547.312500059605,6908.7666665712995,,,,,,,,,,,,,,,,,,,,,,
A1JL3HCA0MK9UI,prim,20-2,20.0,2000.0,7,5959.333333651225,5005.650000095367,5300.5166664123535,5731.683333476385,5875.60000038147,4879.274999698003,,,,,,,,,,,,,,,,,,,,,
A1JL3HCA0MK9UI,prim,20-2,20.0,2000.0,8,5031.533333301544,4290.633333365122,5671.25,5524.416666507721,4382.2666664123535,5620.883333206177,5161.5611109203755,,,,,,,,,,,,,,,,,,,,
A1JL3HCA0MK9UI,prim,20-2,20.0,2000.0,9,6320.300000190735,,4782.800000190735,5942.39999961853,4241.900000572205,6527.800000190735,25192.10000038147,3497.5999994277954,,,,,,,,,,,,,,,,,,,
A1JL3HCA0MK9UI,prim,20-2,20.0,2000.0,10,6706.39999961853,4544.89999961853,5934.800000190735,4644.89999961853,,6399.699999809265,7168.60000038147,11948.699999809263,,,,,,,,,,,,,,,,,,,
A1L5A88C9PPK5L,prim,20-2,20.0,2000.0,8,3464.0,,4621.0,,3241.0,6180.0,3843.0,,,,,,,,,,,,,,,,,,,,
A1L5A88C9PPK5L,prim,20-2,20.0,2000.0,9,4091.5,4506.0,4346.0,4222.5,4508.5,3083.0,4025.0,4990.5,,,,,,,,,,,,,,,,,,,
A1L5A88C9PPK5L,prim,20-2,20.0,2000.0,10,2982.5,3577.0,,,3297.0,4863.0,6184.0,3486.5,3910.0,,,,,,,,,,,,,,,,,,
A1L5A88C9PPK5L,prim,20-2,20.0,2000.0,11,4217.5,6080.0,3431.5,3865.5,4484.25,4954.0,4753.25,3203.5,5159.0,4232.25,,,,,,,,,,,,,,,,,
A1L5A88C9PPK5L,prim,20-2,20.0,2000.0,12,3928.0,3549.75,5298.25,3536.5,4465.0,4669.0,5348.0,2976.75,5048.0,4542.0,8032.5,,,,,,,,,,,,,,,,
A1L5A88C9PPK5L,prim,20-2,20.0,2000.0,13,4318.75,3808.5,4901.5,4204.75,3867.25,5126.75,4078.0,3951.75,3392.0,3076.25,4401.75,6199.0,,,,,,,,,,,,,,,
A1L5A88C9PPK5L,prim,20-2,20.0,2000.0,14,3994.0,3874.0,2753.5,4131.0,2928.0,4063.0,2263.0,2896.0,4618.5,2761.0,,3136.5,2962.5,,,,,,,,,,,,,,
A1L5A88C9PPK5L,prim,20-2,20.0,2000.0,15,4289.5,,3856.0,3895.0,5273.0,7306.0,2856.0,5745.0,3835.5,3187.5,3305.0,5638.5,6144.0,6373.5,,,,,,,,,,,,,
A1L5A88C9PPK5L,prim,20-2,20.0,2000.0,16,,,4129.0,6636.0,,3207.0,4294.0,2764.0,3946.0,6371.0,3561.0,6040.0,3591.0,4346.0,3581.0,,,,,,,,,,,,
A1LA6CIGBNDOH9,rec,20-2,20.0,2000.0,4,3419.7000000001863,2348.2999999998137,3307.5,,,,,,,,,,,,,,,,,,,,,,,,
A1LA6CIGBNDOH9,rec,20-2,20.0,2000.0,5,3074.2000000001863,,,4370.300000000745,,,,,,,,,,,,,,,,,,,,,,,
A1LA6CIGBNDOH9,rec,20-2,20.0,2000.0,6,1507.050000000124,1769.0333333347614,3390.133333333768,6127.366666666853,11625.17500000121,,,,,,,,,,,,,,,,,,,,,,
A1LA6CIGBNDOH9,rec,20-2,20.0,2000.0,7,1863.8833333333023,3070.599999999162,2119.783333333209,3965.7000000001863,2782.583333333023,8280.974999999627,,,,,,,,,,,,,,,,,,,,,
A1LA6CIGBNDOH9,rec,20-2,20.0,2000.0,8,2082.5208333327128,2136.8500000000417,2533.1374999999534,2905.9833333330075,5165.212500000294,6851.862500000512,9077.533333334037,,,,,,,,,,,,,,,,,,,,
A1LA6CIGBNDOH9,rec,20-2,20.0,2000.0,9,2462.8645833334695,2003.0145833328909,1891.7166666671983,2728.0708333329917,2826.777083332922,2286.877083334024,2869.850000000675,18287.23750000063,,,,,,,,,,,,,,,,,,,
A1LA6CIGBNDOH9,rec,20-2,20.0,2000.0,10,1430.628888888802,1559.566666666108,1887.3222222223674,2008.0666666667287,2469.1388888885785,3633.586666666592,2869.7644444445773,4352.235555555071,27022.85555555568,,,,,,,,,,,,,,,,,,
A1LA6CIGBNDOH9,rec,20-2,20.0,2000.0,11,1692.0416666663562,2458.316666667039,2460.9124999996275,2035.0333333338301,1874.6624999986961,4505.576666666319,2806.010000000646,11115.337499999907,3744.800000000745,3551.1700000006704,,,,,,,,,,,,,,,,,
A1LA6CIGBNDOH9,rec,20-2,20.0,2000.0,12,2059.14999999851,3375.5999999996275,2531.699999999255,2787.2999999988824,2834.099999997765,3947.79999999702,5499.1500000003725,1475.300000000745,1819.0999999996275,5467.1500000003725,4738.8499999996275,,,,,,,,,,,,,,,,
A1MD74JPL7E9PK,prim,20-2,20.0,2000.0,6,6280.5,15675.300000190737,6726.0,4616.5,7133.800000190735,,,,,,,,,,,,,,,,,,,,,,
A1MD74JPL7E9PK,prim,20-2,20.0,2000.0,7,5449.033333301544,8148.483333190282,9208.316666603088,6539.650000015895,5045.399999856949,12867.633333365122,,,,,,,,,,,,,,,,,,,,,
A1MD74JPL7E9PK,prim,20-2,20.0,2000.0,8,4277.2333334287005,3267.199999809265,4930.099999904633,3548.7999998728433,5279.299999872844,16291.950000047684,3542.3333331743875,,,,,,,,,,,,,,,,,,,,
A1MD74JPL7E9PK,prim,20-2,20.0,2000.0,9,4181.156666723887,4086.83333346049,6013.17666665713,7182.1766665829555,4951.025000015895,7217.250000079473,5208.616666618983,6963.61111123032,,,,,,,,,,,,,,,,,,,
A1MD74JPL7E9PK,prim,20-2,20.0,2000.0,10,8119.838888936574,4924.941666603088,4119.933333396912,4648.149999936421,4431.0916667381925,5682.875,6829.972222222223,5059.5833332538605,5272.108333309491,,,,,,,,,,,,,,,,,,
A1MD74JPL7E9PK,prim,20-2,20.0,2000.0,11,5904.449999888738,4162.116666714351,5966.383333365123,4809.933333317439,5413.516666650772,7727.0833334128065,5107.700000127156,3544.7000000476837,3817.6333332856498,2671.9500000476837,,,,,,,,,,,,,,,,,
A1MD74JPL7E9PK,prim,20-2,20.0,2000.0,12,5393.75,5404.950000047684,6477.499999999999,4365.900000095367,4157.850000143051,3914.5,4794.900000095367,5306.599999904633,3533.0999999046326,2885.849999904633,6133.700000286102,,,,,,,,,,,,,,,,
A1MD74JPL7E9PK,prim,20-2,20.0,2000.0,13,4316.799999713898,3672.599999904633,4104.800000190735,3810.0,3743.0,3272.599999904633,4033.7000002861023,2968.599999904633,2242.099999904633,,7160.599999904633,3921.099999904633,,,,,,,,,,,,,,,
A1O0K8V58YRL4A,ns,20-2,20.0,2000.0,2,5672.0,,,,,,,,,,,,,,,,,,,,,,,,,,
A1O0K8V58YRL4A,ns,20-2,20.0,2000.0,3,5922.5,5665.5,,,,,,,,,,,,,,,,,,,,,,,,,
A1O0K8V58YRL4A,ns,20-2,20.0,2000.0,4,5642.5,3759.3333333333335,3515.5,,,,,,,,,,,,,,,,,,,,,,,,
A1O0K8V58YRL4A,ns,20-2,20.0,2000.0,5,5355.0,5611.722222222223,6157.333333333333,4297.666666666667,,,,,,,,,,,,,,,,,,,,,,,
A1O0K8V58YRL4A,ns,20-2,20.0,2000.0,6,8303.25,5527.944444444444,4403.833333333333,6281.5,4236.444444444444,,,,,,,,,,,,,,,,,,,,,,
A1O0K8V58YRL4A,ns,20-2,20.0,2000.0,7,7238.666666666667,3331.8333333333335,4561.25,4651.666666666667,5872.75,4622.666666666667,,,,,,,,,,,,,,,,,,,,,
A1O0K8V58YRL4A,ns,20-2,20.0,2000.0,8,4435.0,,2721.0,5264.0,4532.0,3604.0,,,,,,,,,,,,,,,,,,,,,
A1O0K8V58YRL4A,ns,20-2,20.0,2000.0,9,4204.5,3822.0,4138.5,,7599.0,6039.0,7023.5,4352.0,,,,,,,,,,,,,,,,,,,
A1PTX4IB9R34LI,rec,20-2,20.0,2000.0,2,1857.0,,,,,,,,,,,,,,,,,,,,,,,,,,
A1PTX4IB9R34LI,rec,20-2,20.0,2000.0,3,4687.333333333333,3036.6666666666665,,,,,,,,,,,,,,,,,,,,,,,,,
A1PTX4IB9R34LI,rec,20-2,20.0,2000.0,4,2754.7375,2852.479166666667,6993.75,,,,,,,,,,,,,,,,,,,,,,,,
A1PTX4IB9R34LI,rec,20-2,20.0,2000.0,5,2402.4791666666665,2816.4,5112.783333333333,4170.0,,,,,,,,,,,,,,,,,,,,,,,
A1PTX4IB9R34LI,rec,20-2,20.0,2000.0,6,3717.2619047619046,2878.3333333333335,2618.4479166666665,5370.166666666667,4891.979166666666,,,,,,,,,,,,,,,,,,,,,,
A1S2EXYEG5I8HW,rec,20-2,20.0,2000.0,2,,,,,,,,,,,,,,,,,,,,,,,,,,,
A1S2EXYEG5I8HW,rec,20-2,20.0,2000.0,3,2363.0,1651.0,,,,,,,,,,,,,,,,,,,,,,,,,
A1S2EXYEG5I8HW,rec,20-2,20.0,2000.0,4,2550.0,1634.0,2360.0,,,,,,,,,,,,,,,,,,,,,,,,
A1S2EXYEG5I8HW,rec,20-2,20.0,2000.0,5,2579.0,3147.25,2765.0,1859.0,,,,,,,,,,,,,,,,,,,,,,,
A1S2EXYEG5I8HW,rec,20-2,20.0,2000.0,6,2119.0,2089.0,6038.6,6667.75,14115.0,,,,,,,,,,,,,,,,,,,,,,
A1S2EXYEG5I8HW,rec,20-2,20.0,2000.0,7,2105.5,1900.5,1749.5,1736.0,6656.0,2986.0,,,,,,,,,,,,,,,,,,,,,
A1S2EXYEG5I8HW,rec,20-2,20.0,2000.0,8,2210.5,2000.0,1577.5,1691.0,1166.0,3755.0,1511.0,,,,,,,,,,,,,,,,,,,,
A1S2EXYEG5I8HW,rec,20-2,20.0,2000.0,9,1850.75,2326.25,3630.5,2235.75,2133.5,2118.25,2755.25,8682.5,,,,,,,,,,,,,,,,,,,
A1S2EXYEG5I8HW,rec,20-2,20.0,2000.0,10,1872.6666666666667,2465.3333333333335,1782.3333333333333,1692.0,3033.3333333333335,4482.0,1935.3333333333333,2482.0,22206.333333333332,,,,,,,,,,,,,,,,,,
A1S2EXYEG5I8HW,rec,20-2,20.0,2000.0,11,2557.0,3414.5,1334.5,2129.0,2346.5,2537.5,2108.0,1917.0,4129.0,5080.0,,,,,,,,,,,,,,,,,
A1S2EXYEG5I8HW,rec,20-2,20.0,2000.0,13,3419.5,2564.25,1860.1666666666665,3299.166666666667,1939.3333333333335,2401.0,1834.0,2309.166666666667,1736.8333333333335,1972.3333333333335,7288.666666666667,8801.666666666668,,,,,,,,,,,,,,,
A1S2EXYEG5I8HW,rec,20-2,20.0,2000.0,14,1626.0,1543.0,1747.5,3864.5,2243.0,2276.0,2478.5,2193.5,2137.5,5522.5,3406.0,8618.0,4346.5,,,,,,,,,,,,,,
A1S2EXYEG5I8HW,rec,20-2,20.0,2000.0,15,1351.5,1637.0,2093.5,2553.5,2327.0,1605.25,2512.0,2137.5,1950.5,1860.5,2026.75,2224.25,5808.0,8950.0,,,,,,,,,,,,,
A1S2EXYEG5I8HW,rec,20-2,20.0,2000.0,16,2365.3333333333335,1904.3333333333333,3281.5,3304.6666666666665,1488.3333333333333,2643.0,4314.666666666667,3671.0,6424.666666666667,2635.6666666666665,2010.0,2206.6666666666665,12035.666666666666,6632.0,10787.666666666666,,,,,,,,,,,,
A1S2EXYEG5I8HW,rec,20-2,20.0,2000.0,17,2805.0,3448.0,1052.0,1260.0,1973.0,1239.0,1778.0,6888.0,4073.0,4889.0,1282.0,2075.0,9207.0,2616.0,1417.0,3958.0,,,,,,,,,,,
A1SJLXB0XFCJ97,prim,20-2,20.0,2000.0,2,11152.24999999255,,,,,,,,,,,,,,,,,,,,,,,,,,
A1SJLXB0XFCJ97,prim,20-2,20.0,2000.0,3,4416.75,5869.983333326876,,,,,,,,,,,,,,,,,,,,,,,,,
A1SJLXB0XFCJ97,prim,20-2,20.0,2000.0,4,3781.374999994412,7561.86249999702,3504.3000000081956,,,,,,,,,,,,,,,,,,,,,,,,
A1SJLXB0XFCJ97,prim,20-2,20.0,2000.0,5,4885.9666666686535,3947.64999999851,3910.699999998013,8922.45000000298,,,,,,,,,,,,,,,,,,,,,,,
A1SJLXB0XFCJ97,prim,20-2,20.0,2000.0,7,4642.5,,5239.400000035763,3024.100000023842,3578.2999999523163,4971.199999988079,,,,,,,,,,,,,,,,,,,,,
A1SJLXB0XFCJ97,prim,20-2,20.0,2000.0,10,4650.6500000059605,4007.4749999940395,3418.4249999970198,2777.300000011921,4404.083333333333,2056.800000011921,4516.449999988079,3897.716666678588,3114.7000000178814,,,,,,,,,,,,,,,,,,
A1SJLXB0XFCJ97,prim,20-2,20.0,2000.0,11,3795.0900000035763,3812.1399999916553,2203.085000023246,3130.316666682561,2197.2000000178814,3873.974999986589,2807.0833333432674,2240.7666666656733,3998.5,4071.1500000059605,,,,,,,,,,,,,,,,,
A1SJLXB0XFCJ97,prim,20-2,20.0,2000.0,13,3639.2999999761582,3522.134999984503,4299.775000013411,3642.1499999910593,3323.9350000053646,2467.5249999910593,5001.200000017881,4032.5999999940395,3715.545000010729,3603.350000003974,2424.1500000009937,2587.230000025034,,,,,,,,,,,,,,,
A1SJLXB0XFCJ97,prim,20-2,20.0,2000.0,14,3020.2749999910593,3440.9500000178814,2306.9000000059605,2562.800000011921,2872.824999973178,2756.499999985099,3144.699999973178,2971.4249999821186,3119.0499999970198,2654.5499999821186,2830.699999973178,3217.75,2571.7750000059605,,,,,,,,,,,,,,
A1SJLXB0XFCJ97,prim,20-2,20.0,2000.0,15,,2047.5,2848.199999988079,3784.100000023842,2942.400000035763,2026.199999988079,2210.300000011921,,3769.800000011921,,1888.899999976158,3602.399999976158,4541.300000011921,1522.0,,,,,,,,,,,,,
A1SJLXB0XFCJ97,prim,20-2,20.0,2000.0,16,5338.300000011921,5506.099999964237,3823.0,8694.300000011921,4080.199999988079,3388.800000011921,1911.6000000238416,2256.600000023842,4491.299999952316,2378.599999964237,3783.600000023842,2645.100000023842,2894.5,4375.100000023842,2086.699999988079,,,,,,,,,,,,
A1SJLXB0XFCJ97,prim,20-2,20.0,2000.0,18,4628.699999988079,3024.0,2443.900000035763,1810.5,4422.899999976158,3406.5,4955.600000023842,2532.099999964237,2125.600000023842,1637.300000011921,2072.800000011921,3409.900000035763,1395.0,2983.199999988079,2183.700000047684,3384.699999988079,,,,,,,,,,,
A1TPGXT718D68E,rec,20-2,20.0,2000.0,4,3337.0750000029802,3330.350000023842,2228.399999976158,,,,,,,,,,,,,,,,,,,,,,,,
A1TPGXT718D68E,rec,20-2,20.0,2000.0,5,2253.683333347241,3444.670833330136,3510.6999999913387,3876.462499997113,,,,,,,,,,,,,,,,,,,,,,,
A1TPGXT718D68E,rec,20-2,20.0,2000.0,6,2168.145833340784,2448.772222204341,3192.8333333333335,3623.1999999913387,9396.066666675886,,,,,,,,,,,,,,,,,,,,,,
A1TPGXT718D68E,rec,20-2,20.0,2000.0,7,2638.731249990873,4192.699999989476,2960.8749999937913,8518.443750005215,19454.94999999584,12788.083333329609,,,,,,,,,,,,,,,,,,,,,
A1TPGXT718D68E,rec,20-2,20.0,2000.0,8,2873.433333341239,2377.6500000059605,2918.71666664506,2819.0777777578264,6874.450000005877,9421.44444443658,17734.177777783738,,,,,,,,,,,,,,,,,,,,
A1TPGXT718D68E,rec,20-2,20.0,2000.0,9,2694.563888879907,3529.6777777752527,4540.26666667064,4180.61944444105,3453.4472222330255,6434.469444436126,8477.00000000683,15685.569444447547,,,,,,,,,,,,,,,,,,,
A1TPGXT718D68E,rec,20-2,20.0,2000.0,10,2512.3750000023283,4290.675000011921,3226.3749999911524,2581.4000000003725,4347.29999999702,9270.275000003166,7249.850000000093,2140.724999993574,5436.624999994412,,,,,,,,,,,,,,,,,,
A1TPGXT718D68E,rec,20-2,20.0,2000.0,11,2770.8999999882653,2326.5500000054017,2780.300000011921,2598.2999999523163,2320.3000000054017,10216.34999999404,4345.899999993853,5168.800000011921,21734.75,12148.950000000186,,,,,,,,,,,,,,,,,
A1TPGXT718D68E,rec,20-2,20.0,2000.0,14,3832.4000000003725,2412.149999999441,2443.9500000001863,2275.6500000003725,2660.8499999996275,3591.4000000003725,3625.4500000011176,8146.450000000185,2607.7999999988824,14294.699999999257,4712.300000000745,2320.350000000559,18736.049999999814,,,,,,,,,,,,,,
A1TVWMWE03AWAW,rec,20-2,20.0,2000.0,2,8434.0,,,,,,,,,,,,,,,,,,,,,,,,,,
A1TVWMWE03AWAW,rec,20-2,20.0,2000.0,3,4668.11111111111,6649.666666666667,,,,,,,,,,,,,,,,,,,,,,,,,
A1TVWMWE03AWAW,rec,20-2,20.0,2000.0,4,3929.0,8241.0,5769.5,,,,,,,,,,,,,,,,,,,,,,,,
A1TVWMWE03AWAW,rec,20-2,20.0,2000.0,5,3597.8333333333335,5474.666666666667,7085.0,5600.5,,,,,,,,,,,,,,,,,,,,,,,
A1TVWMWE03AWAW,rec,20-2,20.0,2000.0,6,5820.666666666666,6188.25,6959.75,5638.333333333334,6681.5,,,,,,,,,,,,,,,,,,,,,,
A1TVWMWE03AWAW,rec,20-2,20.0,2000.0,7,4441.0,4322.5,4288.5,3861.0,8202.0,10625.0,,,,,,,,,,,,,,,,,,,,,
A1TVWMWE03AWAW,rec,20-2,20.0,2000.0,9,4947.5,5271.0,4177.5,4100.5,4295.0,3204.0,,,,,,,,,,,,,,,,,,,,,
A1TVWMWE03AWAW,rec,20-2,20.0,2000.0,10,3083.0,,5430.0,5670.0,,7660.0,,6134.0,2965.0,,,,,,,,,,,,,,,,,,
A1TVWMWE03AWAW,rec,20-2,20.0,2000.0,11,3777.6666666666665,4137.0,4608.666666666667,4477.0,4803.0,4704.5,4297.0,4495.75,4260.5,4992.5,,,,,,,,,,,,,,,,,
A1TVWMWE03AWAW,rec,20-2,20.0,2000.0,12,7657.0,4085.0,3594.0,3607.0,4708.0,4161.5,4508.0,,5193.5,4189.5,5012.0,,,,,,,,,,,,,,,,
A1TVWMWE03AWAW,rec,20-2,20.0,2000.0,13,4691.0,3586.0,4357.0,4217.0,4166.0,4370.0,6613.0,4169.0,3828.0,4369.0,4336.0,4291.0,,,,,,,,,,,,,,,
A1TVWMWE03AWAW,rec,20-2,20.0,2000.0,14,2452.0,,4807.0,4953.0,5191.0,3539.0,,3527.0,,2023.0,5670.0,2293.0,6179.0,,,,,,,,,,,,,,
A1VEOI1H4AE1T3,prim,20-2,20.0,2000.0,9,,,2184.0999999940395,4337.70000000298,6729.0,3174.29999999702,,,,,,,,,,,,,,,,,,,,,
A1VEOI1H4AE1T3,prim,20-2,20.0,2000.0,11,3814.6500000059605,4121.500000014901,3246.1499999910593,,2870.1000000089407,,3860.299999982119,3013.500000014901,2777.699999988079,,,,,,,,,,,,,,,,,,
A1VEOI1H4AE1T3,prim,20-2,20.0,2000.0,12,3004.800000011921,,3403.699999988079,,5104.300000011921,6886.300000011921,,4181.59999999404,3445.199999988079,3384.4000000059605,2759.9000000059605,,,,,,,,,,,,,,,,
A1VEOI1H4AE1T3,prim,20-2,20.0,2000.0,13,4007.583333323399,2912.3999999910593,3617.383333320419,3587.9500000029802,3029.5,3258.4999999925494,3085.183333337307,3711.133333325386,4091.8749999925494,4452.5,4206.05000000447,3135.3166666676602,,,,,,,,,,,,,,,
A1VEOI1H4AE1T3,prim,20-2,20.0,2000.0,14,2894.683333327373,4258.1999999980135,4490.5999999940395,3324.7333333293595,3872.6625000052154,4256.850000007078,3986.0166666681566,2937.35000000149,3538.183333337307,3391.9999999900665,4436.487500000745,4309.399999996026,4798.433333337307,,,,,,,,,,,,,,
A1VEOI1H4AE1T3,prim,20-2,20.0,2000.0,15,4023.194444444445,3978.283333328863,4874.450000006292,2613.177777778771,3227.211111115085,3277.738888898657,4206.699999994702,4655.144444440802,3363.5333333330022,4339.566666662693,4238.945833329111,3929.6000000006625,3002.216666671137,3323.833333326711,,,,,,,,,,,,,
A1VEOI1H4AE1T3,prim,20-2,20.0,2000.0,16,4592.03333332638,3847.0125000067055,3446.3000000044703,3930.591666672379,3035.9374999962747,3753.6500000059605,3398.299999990811,2828.8166666713855,2298.3625000044703,3646.527777772811,3589.477777770824,3488.050000011921,2924.8750000037253,3174.077777783076,2934.6749999995036,,,,,,,,,,,,
A1VEOI1H4AE1T3,prim,20-2,20.0,2000.0,17,3397.0266666685543,3576.091666676104,3476.655555561185,3560.955555555887,2162.8166666709712,4267.33749999851,3971.6311111110776,4759.210000004868,3725.450000000497,4417.266666673124,4811.091111114953,3240.926666665078,3907.6166666671634,3580.8499999990067,4156.283333328035,3631.5622222188445,,,,,,,,,,,
A1VEOI1H4AE1T3,prim,20-2,20.0,2000.0,18,3416.10000000149,3038.4000000059605,3887.774999987334,3648.9999999962747,2905.6750000081956,3219.1999999918044,3557.4749999977653,3674.799999989569,3675.5499999932945,4284.5,4255.475000005215,4345.100000008941,3694.099999997765,3613.2999999970198,3975.3250000029802,4595.074999999255,3856.150000002235,,,,,,,,,,
A1VEOI1H4AE1T3,prim,20-2,20.0,2000.0,19,3218.14999999851,2999.52499999851,3445.2000000029802,3454.7750000059605,3845.4250000044703,3347.1749999970198,3421.0,3212.125,3442.27499999851,3872.3500000089407,2752.9500000029802,4674.0999999940395,3531.89999999851,3688.85000000149,4371.725000008941,3125.8499999940395,2878.4499999955297,3549.699999988079,,,,,,,,,
A1WT2CM71Z9MP3,prim,20-2,20.0,2000.0,5,,4124.5,4804.0,2460.0,,,,,,,,,,,,,,,,,,,,,,,
A1WT2CM71Z9MP3,prim,20-2,20.0,2000.0,6,4060.0,4063.5,3489.5,3736.5,4716.0,,,,,,,,,,,,,,,,,,,,,,
A1WT2CM71Z9MP3,prim,20-2,20.0,2000.0,7,3229.5,5899.0,,,3910.0,6603.0,,,,,,,,,,,,,,,,,,,,,
A1WT2CM71Z9MP3,prim,20-2,20.0,2000.0,8,,5845.5,6323.0,,3296.0,3713.0,7616.0,,,,,,,,,,,,,,,,,,,,
A1WT2CM71Z9MP3,prim,20-2,20.0,2000.0,9,4923.833333333333,3354.0833333333335,7503.5,4740.888888888889,5035.0,3800.0,4477.5,9944.222222222223,,,,,,,,,,,,,,,,,,,
A1WT2CM71Z9MP3,prim,20-2,20.0,2000.0,10,3841.5,5296.666666666667,4182.666666666667,3466.3333333333335,4021.0,4347.833333333333,4402.5,4201.333333333333,3749.0,,,,,,,,,,,,,,,,,,
A1WT2CM71Z9MP3,prim,20-2,20.0,2000.0,11,4419.625,5096.208333333333,4371.375,4255.083333333333,4787.125,4327.583333333333,3571.75,3626.4375,4309.722222222223,4001.5,,,,,,,,,,,,,,,,,
A1WT2CM71Z9MP3,prim,20-2,20.0,2000.0,12,5165.5,3757.5,4288.166666666667,3977.6666666666665,4017.5,4013.0,3238.5,4024.888888888889,3949.7222222222226,4913.333333333333,7511.833333333333,,,,,,,,,,,,,,,,
A1WT2CM71Z9MP3,prim,20-2,20.0,2000.0,13,3404.25,4918.75,4117.5,4915.5,3843.5,3543.0833333333335,4881.833333333334,6938.5,5185.75,5071.0,5181.0,8482.75,,,,,,,,,,,,,,,
A1WT2CM71Z9MP3,prim,20-2,20.0,2000.0,14,5413.0,3755.5,4182.333333333333,4159.666666666667,4398.5,4931.0,4383.5,4651.333333333333,3665.0,4029.0,4709.0,4450.666666666667,3343.6666666666665,,,,,,,,,,,,,,
A20YXCVKHSTSPC,prim,20-2,20.0,2000.0,13,1902.0,,3548.0,2585.0,4631.0,,2951.0,5735.0,5928.0,3072.0,6447.0,,,,,,,,,,,,,,,,
A20YXCVKHSTSPC,prim,20-2,20.0,2000.0,14,3939.75,4191.5,3647.0,2966.5,3489.5,3601.25,6176.5,3943.25,3916.0,3507.25,2820.75,2842.5,3493.0,,,,,,,,,,,,,,
A20YXCVKHSTSPC,prim,20-2,20.0,2000.0,15,5226.666666666666,3261.666666666667,3722.833333333333,3693.0,2739.0,3218.5,3837.5,4368.0,4999.0,2483.0,4317.666666666667,4624.5,3991.3333333333335,3914.3333333333335,,,,,,,,,,,,,
A20YXCVKHSTSPC,prim,20-2,20.0,2000.0,16,4116.25,3954.0,3674.25,4851.25,4127.666666666666,4068.0,3739.75,3345.833333333333,3413.25,4231.25,3405.583333333333,4322.0,3440.25,4349.0,3946.166666666667,,,,,,,,,,,,
A20YXCVKHSTSPC,prim,20-2,20.0,2000.0,17,3257.75,3223.0,4596.5,3068.5,4318.25,3399.0,4185.75,4201.0,4596.5,4973.0,4394.0,4162.0,5061.5,3800.0,3994.5,4163.0,,,,,,,,,,,
A20YXCVKHSTSPC,prim,20-2,20.0,2000.0,18,5035.916666666666,3606.375,4264.875,4253.625,3515.75,3377.75,4639.583333333334,3549.75,3462.625,3821.5,4508.083333333333,5038.625,4453.75,3978.625,3591.25,4816.0,3174.25,,,,,,,,,,
A20YXCVKHSTSPC,prim,20-2,20.0,2000.0,19,2961.0,3503.0,3431.0,,2095.0,4938.0,3089.0,3361.0,4319.0,3256.0,3152.0,7880.0,3394.0,3488.0,7825.0,2136.0,4834.0,2274.0,,,,,,,,,
A2147HO7VBGJCU,prim,20-2,20.0,2000.0,3,,,,,,,,,,,,,,,,,,,,,,,,,,,
A2147HO7VBGJCU,prim,20-2,20.0,2000.0,5,11499.0,7078.0,,5106.5,,,,,,,,,,,,,,,,,,,,,,,
A2147HO7VBGJCU,prim,20-2,20.0,2000.0,6,3726.0,5272.5,8397.5,1790.0,3212.0,,,,,,,,,,,,,,,,,,,,,,
A2147HO7VBGJCU,prim,20-2,20.0,2000.0,7,3491.0,4542.0,3367.0,,3426.0,5005.0,,,,,,,,,,,,,,,,,,,,,
A2147HO7VBGJCU,prim,20-2,20.0,2000.0,8,3384.25,4792.0,3793.0,8984.0,3827.25,1763.0,6277.0,,,,,,,,,,,,,,,,,,,,
A2147HO7VBGJCU,prim,20-2,20.0,2000.0,9,8245.0,7276.0,3554.5,8313.5,4481.5,3359.5,3872.5,3893.0,,,,,,,,,,,,,,,,,,,
A2147HO7VBGJCU,prim,20-2,20.0,2000.0,10,3305.125,3751.875,4101.0,6831.833333333333,3489.125,3539.7,4012.0,3773.333333333333,2631.4,,,,,,,,,,,,,,,,,,
A2147HO7VBGJCU,prim,20-2,20.0,2000.0,12,2838.0,2424.5,3460.0,1849.0,1701.0,2819.5,1706.0,3350.0,2649.0,2337.0,2864.5,,,,,,,,,,,,,,,,
A2147HO7VBGJCU,prim,20-2,20.0,2000.0,13,3156.0,3058.0,3487.0,2836.0,2567.0,3664.0,3185.0,3176.0,2418.0,2106.0,2061.0,5151.0,,,,,,,,,,,,,,,
A2147HO7VBGJCU,prim,20-2,20.0,2000.0,16,4816.0,6190.0,3591.0,2407.0,3685.0,5629.0,3138.0,3756.0,3637.0,2518.0,1887.0,5740.0,3236.0,3557.0,3549.0,,,,,,,,,,,,
A248QG4DPULP46,ns,20-2,20.0,2000.0,2,2939.8000000715256,,,,,,,,,,,,,,,,,,,,,,,,,,
A248QG4DPULP46,ns,20-2,20.0,2000.0,3,2621.4249999672174,2780.925000011921,,,,,,,,,,,,,,,,,,,,,,,,,
A248QG4DPULP46,ns,20-2,20.0,2000.0,4,2357.2333333094916,3551.0833333432674,8377.899999966225,,,,,,,,,,,,,,,,,,,,,,,,
A248QG4DPULP46,ns,20-2,20.0,2000.0,5,2950.758333350221,2764.2250000089407,3262.4583333283663,5726.133333320419,,,,,,,,,,,,,,,,,,,,,,,
A248QG4DPULP46,ns,20-2,20.0,2000.0,6,2550.0333333363137,3547.7249999940395,3238.683333327373,4762.877777775128,4942.716666678588,,,,,,,,,,,,,,,,,,,,,,
A248QG4DPULP46,ns,20-2,20.0,2000.0,7,2692.0,3752.5750000178814,3152.501785725355,4099.048412681572,5115.766666667329,7945.597500007351,,,,,,,,,,,,,,,,,,,,,
A248QG4DPULP46,ns,20-2,20.0,2000.0,8,3723.0499999821186,2657.5666666527586,3529.625,5103.200000007948,2977.983333309491,4015.2750000059605,12529.399999996025,,,,,,,,,,,,,,,,,,,,
A248QG4DPULP46,ns,20-2,20.0,2000.0,9,3072.199999988079,2401.9499999582767,2325.649999976158,2793.199999988079,2399.100000053644,4102.799999982119,6574.25,5876.749999940395,,,,,,,,,,,,,,,,,,,
A25S9Y5DZ9OR16,prim,20-2,20.0,2000.0,2,,,,,,,,,,,,,,,,,,,,,,,,,,,
A25S9Y5DZ9OR16,prim,20-2,20.0,2000.0,3,2173.0,,,,,,,,,,,,,,,,,,,,,,,,,,
A25S9Y5DZ9OR16,prim,20-2,20.0,2000.0,4,8381.0,2719.0,,,,,,,,,,,,,,,,,,,,,,,,,
A25S9Y5DZ9OR16,prim,20-2,20.0,2000.0,5,1750.8333333333333,2877.5,2839.6666666666665,2706.625,,,,,,,,,,,,,,,,,,,,,,,
A25S9Y5DZ9OR16,prim,20-2,20.0,2000.0,6,2811.4583333333335,2307.285714285714,2730.479166666667,2868.616666666667,2996.5833333333335,,,,,,,,,,,,,,,,,,,,,,
A25S9Y5DZ9OR16,prim,20-2,20.0,2000.0,7,2034.5,3095.5,1950.625,2477.5,2192.1875,2418.675,,,,,,,,,,,,,,,,,,,,,
A25S9Y5DZ9OR16,prim,20-2,20.0,2000.0,8,1866.0,4400.333333333333,1772.6666666666667,1669.3333333333333,2524.3333333333335,2425.6666666666665,2612.0,,,,,,,,,,,,,,,,,,,,
A25S9Y5DZ9OR16,prim,20-2,20.0,2000.0,10,2381.5,3128.0,2591.5,1829.0,2465.5,2355.5,905.0,1308.0,1205.0,,,,,,,,,,,,,,,,,,
A25S9Y5DZ9OR16,prim,20-2,20.0,2000.0,11,2377.0,2894.0,,2127.0,6043.0,1080.0,1490.0,3518.0,2767.0,3047.0,,,,,,,,,,,,,,,,,
A25VK411P03A5T,rec,20-2,20.0,2000.0,10,4246.0,2763.5,3226.0,2921.0,2305.0,2989.0,4267.0,2821.0,3178.0,,,,,,,,,,,,,,,,,,
A25VK411P03A5T,rec,20-2,20.0,2000.0,11,4214.0,2591.0,5393.0,4067.0,2216.0,4087.0,,,1832.0,3018.5,,,,,,,,,,,,,,,,,
A25VK411P03A5T,rec,20-2,20.0,2000.0,12,3520.6666666666665,2618.3333333333335,2750.25,4175.333333333333,2696.0,2728.0,2569.0,3212.6666666666665,3921.0,3358.0,3271.0,,,,,,,,,,,,,,,,
A25VK411P03A5T,rec,20-2,20.0,2000.0,13,3359.1666666666665,5279.5,3368.555555555555,3010.3333333333335,2975.1666666666665,4418.5,4967.555555555556,2961.25,3691.777777777778,4436.166666666667,3445.6666666666665,3885.2222222222226,,,,,,,,,,,,,,,
A25VK411P03A5T,rec,20-2,20.0,2000.0,14,3261.25,5320.875,3586.1666666666665,2712.1666666666665,3510.8333333333335,3828.0,2751.6666666666665,3417.6666666666665,3285.5,3229.6666666666665,2665.8333333333335,3004.5,4296.0,,,,,,,,,,,,,,
A25VK411P03A5T,rec,20-2,20.0,2000.0,15,4551.0,3709.125,3416.555555555555,3285.875,3297.3333333333335,3250.375,3108.9583333333335,2708.2083333333335,2934.3333333333335,2800.7916666666665,3335.5,3966.5,3059.5,4645.0,,,,,,,,,,,,,
A25VK411P03A5T,rec,20-2,20.0,2000.0,16,3157.3958333333335,2478.0833333333335,4097.5,3335.0625,3755.6666666666665,3058.5,3044.875,2725.666666666667,4309.166666666666,3461.0,4016.125,5285.722222222222,3789.5,3281.6666666666665,5641.854166666667,,,,,,,,,,,,
A25VK411P03A5T,rec,20-2,20.0,2000.0,17,3348.125,3146.5,2835.0,3203.25,4669.75,3369.8333333333335,2784.375,3700.875,2537.875,3551.25,2964.5,2934.0,2692.3333333333335,2759.375,2830.625,4163.875,,,,,,,,,,,
A25VK411P03A5T,rec,20-2,20.0,2000.0,18,3706.3333333333335,3408.5,3012.8333333333335,2759.75,4148.166666666667,3091.5,3704.1666666666665,3048.6666666666665,2760.8333333333335,2889.6666666666665,2167.8333333333335,3386.0,2846.0,1874.75,2898.0,3928.0,4510.0,,,,,,,,,,
A289D98Z4GAZ28,prim,20-2,20.0,2000.0,4,2805.29999999702,5683.80000000447,3195.79999999702,,,,,,,,,,,,,,,,,,,,,,,,
A289D98Z4GAZ28,prim,20-2,20.0,2000.0,5,4456.350000000559,4467.1500000003725,6656.550000001676,5165.875000001863,,,,,,,,,,,,,,,,,,,,,,,
A289D98Z4GAZ28,prim,20-2,20.0,2000.0,6,5063.441587301285,5117.326388889717,6096.713888889076,5925.273611111256,7884.459722222658,,,,,,,,,,,,,,,,,,,,,,
A289D98Z4GAZ28,prim,20-2,20.0,2000.0,7,6108.788095239062,5537.933035713842,3895.380952382194,4573.71249999983,4158.354166666899,5452.555833332802,,,,,,,,,,,,,,,,,,,,,
A289D98Z4GAZ28,prim,20-2,20.0,2000.0,8,4072.9800000000746,4365.674999999814,5356.190000000223,5134.840000000969,4402.9249999985095,5759.514999999106,7102.700000000745,,,,,,,,,,,,,,,,,,,,
A2BTEQA95MCIHU,prim,20-2,20.0,2000.0,2,5003.199999809265,,,,,,,,,,,,,,,,,,,,,,,,,,
A2BTEQA95MCIHU,prim,20-2,20.0,2000.0,3,3593.600000143051,4872.599999904633,,,,,,,,,,,,,,,,,,,,,,,,,
A2BTEQA95MCIHU,prim,20-2,20.0,2000.0,4,4356.424999952316,5549.516666730245,6312.424999952316,,,,,,,,,,,,,,,,,,,,,,,,
A2BTEQA95MCIHU,prim,20-2,20.0,2000.0,5,3860.7444446351797,5332.194444444444,3082.800000190735,4212.849999904633,,,,,,,,,,,,,,,,,,,,,,,
A2BTEQA95MCIHU,prim,20-2,20.0,2000.0,6,8362.787499785423,6334.599999904633,5514.46666653951,6091.600000063579,5606.183333290947,,,,,,,,,,,,,,,,,,,,,,
A2BTEQA95MCIHU,prim,20-2,20.0,2000.0,7,3969.25,5705.400000095367,3271.199999809265,4818.949999809265,5877.550000190735,5235.500000238419,,,,,,,,,,,,,,,,,,,,,
A2BTEQA95MCIHU,prim,20-2,20.0,2000.0,8,4497.550000190735,4495.766667048136,6908.950000047684,7043.849999904633,5183.483332951864,5373.174999833107,8566.362500309944,,,,,,,,,,,,,,,,,,,,
A2E8PL8ZWIZVJ0,prim,20-2,20.0,2000.0,7,,2744.300000190735,4033.5,3072.2000007629395,,,,,,,,,,,,,,,,,,,,,,,
A2E8PL8ZWIZVJ0,prim,20-2,20.0,2000.0,8,3198.841666698456,2944.3999996185303,4749.025000095367,3781.0000001589456,3208.7500001192093,3234.1333332061768,16476.699999809265,,,,,,,,,,,,,,,,,,,,
A2E8PL8ZWIZVJ0,prim,20-2,20.0,2000.0,9,4354.055555343628,2966.475000143051,3569.4000005722046,3083.899999856949,3644.2000001271567,3221.6333332061768,3007.7333335876465,4350.300000190735,,,,,,,,,,,,,,,,,,,
A2E8PL8ZWIZVJ0,prim,20-2,20.0,2000.0,10,3071.112500190735,4359.633333365123,3286.716666645474,4074.9958332777023,4260.158333381018,4630.25,4213.162500063578,3555.0999999046326,3173.404166618983,,,,,,,,,,,,,,,,,,
A2E8PL8ZWIZVJ0,prim,20-2,20.0,2000.0,11,2550.0,3037.7999999523163,3629.4500001271567,4010.383333683014,3637.0999999046326,3817.900000254313,4858.5166665712995,3554.6000001695425,3873.6499996185303,3682.06666692098,,,,,,,,,,,,,,,,,
A2E8PL8ZWIZVJ0,prim,20-2,20.0,2000.0,12,4564.85000026226,3767.883333153195,5523.449999928474,3468.916666507721,3027.925000031789,3963.170833388964,3775.2500001589456,3319.2000000476837,4893.2666665712995,3898.899999936422,2988.949999809265,,,,,,,,,,,,,,,,
A2E8PL8ZWIZVJ0,prim,20-2,20.0,2000.0,13,4108.950000286102,4124.966666221619,3028.8500003814697,3811.3666667938232,2900.9500002861023,4367.399999936421,3183.6000003814697,2473.75,3503.1666666666665,4164.499999682109,3222.100000063578,2823.699999809265,,,,,,,,,,,,,,,
A2E8PL8ZWIZVJ0,prim,20-2,20.0,2000.0,14,3262.4000005722046,3213.0,4922.349999904633,3819.8999996185303,4592.449999809265,4136.0,3620.999999523163,3136.3999996185303,4624.300000190735,7991.0999999046335,2923.199999809265,3633.9000005722046,2699.8500003814697,,,,,,,,,,,,,,
A2E8PL8ZWIZVJ0,prim,20-2,20.0,2000.0,15,,4521.199999809265,5487.5,3735.4000005722046,2805.1000003814697,5328.800000190735,3450.2000007629395,2951.6000003814697,,,6040.599999427795,,3525.800000190735,4097.200000762939,,,,,,,,,,,,,
A2I6HVUDBTGD1,prim,20-2,20.0,2000.0,5,5435.299999713898,2698.5,5369.700000286102,4123.5,,,,,,,,,,,,,,,,,,,,,,,
A2I6HVUDBTGD1,prim,20-2,20.0,2000.0,6,2795.4000000953674,3583.300000190735,4278.349999904633,2690.25,,,,,,,,,,,,,,,,,,,,,,,
A2I6HVUDBTGD1,prim,20-2,20.0,2000.0,7,3929.800000190735,4827.300000190735,3982.1166667938232,5718.700000047684,4659.733333269755,5722.400000095367,,,,,,,,,,,,,,,,,,,,,
A2I6HVUDBTGD1,prim,20-2,20.0,2000.0,8,7595.916666428248,3691.6666666666665,3826.5,4005.1333332856498,3333.3166666825614,3291.4499999682107,8600.574999928474,,,,,,,,,,,,,,,,,,,,
A2I6HVUDBTGD1,prim,20-2,20.0,2000.0,9,4444.347222195731,3246.3499999841056,4535.802777820163,3974.795833239953,4577.699999988079,3500.5249999364214,3824.6749998927116,4472.120833377044,,,,,,,,,,,,,,,,,,,
A2I6HVUDBTGD1,prim,20-2,20.0,2000.0,10,6869.850000143051,3514.2777779897056,7151.099999904633,4722.677777820164,5136.611111164093,3461.0111112064787,6082.624999880791,5807.944444550409,6946.233333322737,,,,,,,,,,,,,,,,,,
A2I6HVUDBTGD1,prim,20-2,20.0,2000.0,11,7673.299999952316,3516.433333317439,2985.233333508174,4120.75,5126.200000166893,8912.499999761581,4224.666666825613,3602.7333331108093,3180.7750000953674,4040.5250000953674,,,,,,,,,,,,,,,,,
A2I6HVUDBTGD1,prim,20-2,20.0,2000.0,12,3317.1749999523163,4537.349999904633,2802.7000000476837,3585.649999936422,3383.375,3156.1999999682107,5470.866666634877,3035.0166668097177,5061.700000127156,4178.6666667461395,5277.375000238419,,,,,,,,,,,,,,,,
A2I6HVUDBTGD1,prim,20-2,20.0,2000.0,13,3653.4944445292153,3263.0722222328186,3066.6555554336974,2982.016666650772,4773.4555554125045,3408.7888889312744,3552.761111153497,3536.861111243566,4530.227777851952,3846.32777788904,4862.711111068726,5597.066666709052,,,,,,,,,,,,,,,
A2I6HVUDBTGD1,prim,20-2,20.0,2000.0,14,4577.299999952316,2369.4999997615814,4104.899999856949,4247.25,3802.0999999046326,2583.5,3987.5000002384186,4599.299999952316,4313.299999952316,2514.4000000953674,3033.6000003814697,3264.5499999523163,4095.0499999523163,,,,,,,,,,,,,,
A2I6HVUDBTGD1,prim,20-2,20.0,2000.0,15,3243.699999809265,3257.0,,4457.39999961853,4214.099999904633,3513.7000002861023,4360.699999809265,3144.800000190735,4236.300000190735,3613.2000002861023,5143.10000038147,2800.099999904633,5184.299999713898,4661.099999904633,,,,,,,,,,,,,
A2KHR0GTA0DBWI,rec,20-2,20.0,2000.0,4,6934.0,5161.0,,,,,,,,,,,,,,,,,,,,,,,,,
A2KHR0GTA0DBWI,rec,20-2,20.0,2000.0,5,,4725.0,,6629.0,,,,,,,,,,,,,,,,,,,,,,,
A2KHR0GTA0DBWI,rec,20-2,20.0,2000.0,6,5296.0,5507.5,5149.0,8242.0,4153.0,,,,,,,,,,,,,,,,,,,,,,
A2KHR0GTA0DBWI,rec,20-2,20.0,2000.0,7,4923.5,4628.5,27073.0,5417.125,4983.5,6060.333333333333,,,,,,,,,,,,,,,,,,,,,
A2KHR0GTA0DBWI,rec,20-2,20.0,2000.0,8,5045.166666666667,4610.777777777777,4524.444444444444,6704.61111111111,7002.55,4999.88888888889,6634.166666666667,,,,,,,,,,,,,,,,,,,,
A2KHR0GTA0DBWI,rec,20-2,20.0,2000.0,9,4091.4166666666665,5187.875,4738.625,5033.166666666667,5427.5,5258.125,5878.75,4725.75,,,,,,,,,,,,,,,,,,,
A2KHR0GTA0DBWI,rec,20-2,20.0,2000.0,10,4186.416666666667,5298.722222222223,6788.916666666667,3996.9166666666665,4671.777777777777,3986.722222222222,4385.722222222223,5932.333333333333,8217.0,,,,,,,,,,,,,,,,,,
A2KHR0GTA0DBWI,rec,20-2,20.0,2000.0,11,3583.166666666667,4307.833333333334,3665.8333333333335,4783.166666666666,7285.75,4895.5,4427.916666666666,5388.833333333334,4556.166666666666,5216.166666666666,,,,,,,,,,,,,,,,,
A2KHR0GTA0DBWI,rec,20-2,20.0,2000.0,12,7350.0,5614.0,4656.0,4809.0,5517.5,5174.5,3427.5,5354.0,4662.5,5593.0,3023.0,,,,,,,,,,,,,,,,
A2KHR0GTA0DBWI,rec,20-2,20.0,2000.0,13,3807.0,4209.0,4384.0,3982.0,3492.0,4213.0,8717.0,8281.0,3727.0,4688.0,7511.0,5222.0,,,,,,,,,,,,,,,
A2KT30RCVX67ZS,prim,20-2,20.0,2000.0,4,,,,,,,,,,,,,,,,,,,,,,,,,,,
A2KT30RCVX67ZS,prim,20-2,20.0,2000.0,5,,,4664.600000023842,3325.8000000715256,,,,,,,,,,,,,,,,,,,,,,,
A2KT30RCVX67ZS,prim,20-2,20.0,2000.0,6,2498.0,,3230.5,3044.1999999682107,4381.175000026822,,,,,,,,,,,,,,,,,,,,,,
A2KT30RCVX67ZS,prim,20-2,20.0,2000.0,7,5166.650000050664,2709.6500000307956,3396.5750000178814,4143.487500034273,3809.8666666050754,3781.3333333333335,,,,,,,,,,,,,,,,,,,,,
A2KT30RCVX67ZS,prim,20-2,20.0,2000.0,8,2372.3666667143502,2912.0833333482346,3167.5333333412805,3135.4833333293595,3777.766666645805,4310.933333357175,4239.275000087917,,,,,,,,,,,,,,,,,,,,
A2KT30RCVX67ZS,prim,20-2,20.0,2000.0,9,3780.337500035763,4190.591666643818,2847.849999971688,4131.949999988079,2569.5499999970198,3615.850000023842,3548.775000013411,4343.787499979138,,,,,,,,,,,,,,,,,,,
A2KT30RCVX67ZS,prim,20-2,20.0,2000.0,10,3088.6500000208616,3554.066666662693,2972.600000023842,5414.350000023842,2959.2499999403954,2580.5666666924953,3243.4333333671093,3459.999999985099,3121.9999999403954,,,,,,,,,,,,,,,,,,
A2KT30RCVX67ZS,prim,20-2,20.0,2000.0,11,2926.6666666169963,4120.966666618983,3341.850000053644,3450.8999999165535,4169.516666700442,2993.6833332975702,3764.9249999821186,3197.475000023842,4854.349999964237,3021.7166666587195,,,,,,,,,,,,,,,,,
A2KT30RCVX67ZS,prim,20-2,20.0,2000.0,12,5472.425000011921,3283.3000000715256,2795.7999999523163,2805.100000023842,2919.225000023842,3242.399999976158,,2492.3999999761586,3164.800000011921,9555.050000071526,5586.500000059605,,,,,,,,,,,,,,,,
A2KT30RCVX67ZS,prim,20-2,20.0,2000.0,13,,1669.4000000953674,3577.2999999523163,2572.9000000953674,5011.100000143051,3231.5,3030.9000000953674,,4943.600000143051,4452.300000190735,2270.9000000953674,2841.100000143051,,,,,,,,,,,,,,,
A2KT30RCVX67ZS,prim,20-2,20.0,2000.0,14,6135.100000003974,3378.400000025829,7385.700000047684,3519.399999961257,6330.500000029802,3084.533333301544,3768.9666666785874,2948.5,3121.200000047684,2860.8000000715256,3769.149999976158,3161.8333333333335,3297.133333325386,,,,,,,,,,,,,,
A2MMGDAA7JJKIE,prim,20-2,20.0,2000.0,2,28658.64999997616,,,,,,,,,,,,,,,,,,,,,,,,,,
A2MMGDAA7JJKIE,prim,20-2,20.0,2000.0,3,,5003.5,,,,,,,,,,,,,,,,,,,,,,,,,
A2MMGDAA7JJKIE,prim,20-2,20.0,2000.0,4,,5177.799999952316,5288.200000047684,,,,,,,,,,,,,,,,,,,,,,,,
A2MMGDAA7JJKIE,prim,20-2,20.0,2000.0,5,11499.966666738192,4576.200000047684,6792.450000047684,6748.550000190736,,,,,,,,,,,,,,,,,,,,,,,
A2MMGDAA7JJKIE,prim,20-2,20.0,2000.0,6,4377.599999904633,10092.199999809263,,6594.299999892712,5431.950000047684,,,,,,,,,,,,,,,,,,,,,,
A2MMGDAA7JJKIE,prim,20-2,20.0,2000.0,7,6424.07083316644,6304.450000047684,4936.550000190735,5523.699999928474,6060.049999952316,5504.599999984105,,,,,,,,,,,,,,,,,,,,,
A2MMGDAA7JJKIE,prim,20-2,20.0,2000.0,8,6998.116666595141,6336.166666785876,4381.900000095367,5351.450000047684,5525.2833332618075,8567.988888846503,9652.722222222223,,,,,,,,,,,,,,,,,,,,
A2MMGDAA7JJKIE,prim,20-2,20.0,2000.0,9,5602.349999904633,6155.650000214577,5905.400000214577,9493.400000095367,,,6865.649999976157,,,,,,,,,,,,,,,,,,,,
A2MMGDAA7JJKIE,prim,20-2,20.0,2000.0,10,9838.875,4883.191666603088,5027.150000015894,10205.25,5752.649999896685,5067.016666690508,3545.8750000397363,6356.041666785875,6385.775000095367,,,,,,,,,,,,,,,,,,
A2MMGDAA7JJKIE,prim,20-2,20.0,2000.0,11,4828.312500059605,4924.450000047684,4628.525000095367,3513.5,7000.875000119209,5261.666666587194,4245.600000023842,7990.862499773502,7109.158333222071,9797.216666618984,,,,,,,,,,,,,,,,,
A2MMGDAA7JJKIE,prim,20-2,20.0,2000.0,12,6614.5,3987.0555557145017,3566.1888889206784,4596.055555449591,3617.7000001271567,5087.299999952316,5667.244444396761,4817.174999952316,4132.350000143051,5630.655555645625,3819.75,,,,,,,,,,,,,,,,
A2MMGDAA7JJKIE,prim,20-2,20.0,2000.0,13,8861.0,,,5214.549999952316,3479.0999999046326,3442.2000000476837,4015.7500000000005,6260.200000286102,3766.400000095368,4078.5,4298.349999904633,3936.0999999046326,,,,,,,,,,,,,,,
A2MOKIEQZ0OF2M,prim,20-2,20.0,2000.0,10,10401.225000000093,7088.699999999953,6470.849999999473,6345.966666667102,5556.116666667242,9303.150000000023,5964.699999999799,5489.783333333209,6320.633333333302,,,,,,,,,,,,,,,,,,
A2MOKIEQZ0OF2M,prim,20-2,20.0,2000.0,11,6012.033333333675,3546.200000000497,3829.200000000652,3705.2000000001863,3654.9333333334266,3856.2333333329298,7098.699999999721,3546.7666666664495,3540.633333332371,7080.649999999907,,,,,,,,,,,,,,,,,
A2MOKIEQZ0OF2M,prim,20-2,20.0,2000.0,12,4634.549999999504,4976.716666666791,5241.566666666728,4276.4888888890855,4554.5066666667035,4483.01666666707,3477.840000000177,4848.277777777685,4772.371111110753,4302.522222222243,4457.033333332682,,,,,,,,,,,,,,,,
A2MOKIEQZ0OF2M,prim,20-2,20.0,2000.0,13,4921.6444444452,4084.3333333328155,4400.244444444516,5084.933333333116,6069.966666666791,3469.533333333416,4241.74444444462,4722.17777777784,3477.988888889138,4202.844444444661,4818.233333333809,3900.0111111112765,,,,,,,,,,,,,,,
A2MOKIEQZ0OF2M,prim,20-2,20.0,2000.0,14,4222.366666666155,4279.7166666677995,3558.1500000004503,4267.800000000512,4326.283333333365,4100.866666666465,4373.15000000014,3615.6333333326816,3450.699999999255,3930.283333333287,4109.083333332557,3794.5333333340627,3719.5166666669925,,,,,,,,,,,,,,
A2MOKIEQZ0OF2M,prim,20-2,20.0,2000.0,15,2377.0,6746.60000000149,2018.3999999985097,1850.5999999977648,2186.39999999851,2050.199999999255,2737.10000000149,6211.5,2374.599999997765,1115.2000000029802,2459.10000000149,1482.800000000745,1146.5,1299.300000000745,,,,,,,,,,,,,
A2MOKIEQZ0OF2M,prim,20-2,20.0,2000.0,16,1285.3499999977648,1274.0999999996277,1890.199999999255,1610.25,1226.0,1586.1000000014901,1670.2999999988824,1542.5999999996275,1761.449999999255,1957.8999999985099,1458.5999999996275,1810.5,1171.300000000745,1278.949999999255,1538.0,,,,,,,,,,,,
A2MOKIEQZ0OF2M,prim,20-2,20.0,2000.0,17,1938.2333333343267,1720.1666666679084,5992.566666666418,1277.0333333325882,3240.5999999990067,1595.0,1565.6000000002484,1898.1666666666667,2370.9333333335817,2280.4333333335817,1755.6333333340783,2032.5,1789.5333333325882,2157.5,2103.833333334575,2328.46666666617,,,,,,,,,,,
A2NZ783AY1LBPW,prim,20-2,20.0,2000.0,6,19257.60000002384,3943.699999988079,8012.200000017881,,11468.59999999404,,,,,,,,,,,,,,,,,,,,,,
A2NZ783AY1LBPW,prim,20-2,20.0,2000.0,7,5145.5899999916555,11806.674999992054,6566.333333333333,5788.4799999982115,4580.390000000596,12553.22500000894,,,,,,,,,,,,,,,,,,,,,
A2NZ783AY1LBPW,prim,20-2,20.0,2000.0,8,5114.60000000149,13298.800000001987,4160.083333333333,5717.138888898822,4294.916666671634,4541.511111118728,4578.927777777116,,,,,,,,,,,,,,,,,,,,
A2NZ783AY1LBPW,prim,20-2,20.0,2000.0,9,7370.29999999702,6182.100000008941,7941.449999988079,8022.05000001192,4180.70000000298,7767.600000023842,7200.59999999404,4121.750000014901,,,,,,,,,,,,,,,,,,,
A2NZ783AY1LBPW,prim,20-2,20.0,2000.0,10,6039.4000000059605,5943.449999988079,4293.4000000059605,4627.0333333313465,5329.3499999940395,4477.9000000059605,4012.8333333333335,8923.95000000298,4958.94999998808,,,,,,,,,,,,,,,,,,
A2NZ783AY1LBPW,prim,20-2,20.0,2000.0,11,5386.749999995033,4709.42222221858,8331.294444443452,4675.633333340287,9590.488888889553,7643.372222211626,4779.5,6047.200000007947,10168.922222216925,6358.01666667064,,,,,,,,,,,,,,,,,
A2NZ783AY1LBPW,prim,20-2,20.0,2000.0,12,10938.550000011921,3825.1166666671634,4687.499999985099,3212.483333326876,5332.48333332936,6035.966666663687,5378.166666671634,6050.56666666766,5678.900000008444,5397.700000005464,3860.266666675607,,,,,,,,,,,,,,,,
A2NZ783AY1LBPW,prim,20-2,20.0,2000.0,13,,4632.20000000298,3976.4500000029802,6947.5,2536.14999999851,3310.29999999702,3694.14999999851,9561.0,5526.75,3907.5,2506.29999999702,4864.0,,,,,,,,,,,,,,,
A2NZ783AY1LBPW,prim,20-2,20.0,2000.0,14,4574.708333329609,4148.85000000149,3811.0,3786.858333335568,3636.6666666666665,5576.79999999702,4868.5,4345.699999999255,3403.2000000029802,3480.083333333333,5958.233333331843,5458.875,4148.658333332589,,,,,,,,,,,,,,
A2NZ783AY1LBPW,prim,20-2,20.0,2000.0,15,4622.77499999851,6040.950000000496,3812.1333333353205,5573.383333332837,4844.800000001987,4237.433333337307,4807.058333334824,4860.150000000994,3187.7000000004964,5817.366666662196,3527.25,3653.833333335817,3915.1666666666665,3681.25,,,,,,,,,,,,,
A2NZ783AY1LBPW,prim,20-2,20.0,2000.0,16,3426.1000000014906,2555.75,3264.5499999970198,6784.85000000894,6515.85000000149,3883.64999999851,2861.800000011921,6818.0,3367.89999999851,3443.1999999955297,3132.5,4272.20000000298,9075.44999999553,3476.54999999702,3048.0000000000005,,,,,,,,,,,,
A2NZ783AY1LBPW,prim,20-2,20.0,2000.0,17,,3464.0,4922.59999999404,,2979.29999999702,3817.0,3633.29999999702,3882.29999999702,3115.9000000059605,2670.79999999702,3678.400000005961,3567.9000000059605,3651.900000005961,7780.399999991059,3265.0,3276.89999999106,,,,,,,,,,,
A2NZ783AY1LBPW,prim,20-2,20.0,2000.0,18,6924.0,3972.0,2356.0,3709.0,3327.0,4619.0,4678.0,6000.0,4623.0,5531.0,3740.0,5071.0,4803.0,7863.0,3503.0,4799.0,4387.0,,,,,,,,,,
A2NZAL7KHOR6VF,rec,20-2,20.0,2000.0,6,1802.2999999523165,2277.699999988079,1962.699999988079,2153.199999988079,3177.899999976158,,,,,,,,,,,,,,,,,,,,,,
A2NZAL7KHOR6VF,rec,20-2,20.0,2000.0,7,2750.29999999702,6214.29999999702,2142.5,9343.90000000596,1602.4000000059605,5552.29999999702,,,,,,,,,,,,,,,,,,,,,
A2NZAL7KHOR6VF,rec,20-2,20.0,2000.0,8,1713.9999999925494,2772.2999999821186,2597.4499999806285,1692.0999999754133,2001.4500000104313,2395.3500000163913,14286.350000005215,,,,,,,,,,,,,,,,,,,,
A2NZAL7KHOR6VF,rec,20-2,20.0,2000.0,9,2351.4555555557213,1762.011111093064,2803.3000000044703,3105.0888888811073,2728.000000005795,4033.0888888786235,6742.166666658389,26703.500000009935,,,,,,,,,,,,,,,,,,,
A2NZAL7KHOR6VF,rec,20-2,20.0,2000.0,10,1938.6499999947846,2236.687500008382,2130.1749999932945,4672.087499995716,2935.5874999947846,4769.2125000031665,4930.974999994971,8965.949999986218,15836.049999995777,,,,,,,,,,,,,,,,,,
A2NZAL7KHOR6VF,rec,20-2,20.0,2000.0,11,1757.6166666621964,1857.616666669647,1825.6500000009935,3518.5749999955297,2361.10000000149,3931.133333325386,3430.7666666656733,9826.000000002483,5327.63333332787,9372.333333348235,,,,,,,,,,,,,,,,,
A2NZAL7KHOR6VF,rec,20-2,20.0,2000.0,12,2206.118750006426,2362.262500004843,3180.831250004936,3667.462500007823,2734.231250000652,2842.0791666636555,3661.018749988172,3316.4812499959953,3054.943749993108,7122.006250000559,12583.968750003725,,,,,,,,,,,,,,,,
A2NZAL7KHOR6VF,rec,20-2,20.0,2000.0,13,1602.1416666842997,2034.1933333168424,2168.5733333249887,3043.046666650971,3370.5799999962255,2633.6133333206176,4550.780000001192,5770.739999990662,9924.7333333234,6221.013333310683,6289.039999987682,2589.6666666616998,,,,,,,,,,,,,,,
A2NZAL7KHOR6VF,rec,20-2,20.0,2000.0,14,2125.36666666468,2073.85000000149,1995.1000000014901,3301.366666674614,2508.4666666686535,2263.166666664183,2489.866666662196,2701.850000011424,2610.333333335817,6650.416666671634,7791.650000010927,6264.60000000149,3054.6333333328366,,,,,,,,,,,,,,
A2NZAL7KHOR6VF,rec,20-2,20.0,2000.0,15,1905.5250000059605,2626.42500000447,3003.47500000149,3177.0249999836087,2435.3500000163913,3405.2749999836087,2424.9499999955297,2477.5249999836087,3273.4000000059605,2524.2249999940395,3852.8999999910593,5605.17500000447,6603.550000011921,15983.39999999106,,,,,,,,,,,,,
A2NZAL7KHOR6VF,rec,20-2,20.0,2000.0,16,2091.0499999970198,2356.0500000044703,1468.1000000014901,2148.70000000298,1827.5,2659.9999999962747,7436.05000000447,1721.3499999940395,3858.0000000037253,2121.050000000745,2671.7000000067055,5242.000000003725,1877.949999999255,6918.900000002235,3959.949999999255,,,,,,,,,,,,
A2OOS7IXSKJFFI,ns,20-2,20.0,2000.0,2,5041.0,,,,,,,,,,,,,,,,,,,,,,,,,,
A2OOS7IXSKJFFI,ns,20-2,20.0,2000.0,3,7474.85000038147,12370.0,,,,,,,,,,,,,,,,,,,,,,,,,
A2OOS7IXSKJFFI,ns,20-2,20.0,2000.0,4,3760.949999809265,5206.399999936421,3994.0,,,,,,,,,,,,,,,,,,,,,,,,
A2OOS7IXSKJFFI,ns,20-2,20.0,2000.0,5,4078.789999961853,4542.552500140667,6087.1200002193455,5950.858333269754,,,,,,,,,,,,,,,,,,,,,,,
A2OOS7IXSKJFFI,ns,20-2,20.0,2000.0,6,,,,,14408.199999809263,,,,,,,,,,,,,,,,,,,,,,
A2OOS7IXSKJFFI,ns,20-2,20.0,2000.0,7,4593.60000038147,3850.5,3705.0,3882.0,3801.699999809265,2896.5,,,,,,,,,,,,,,,,,,,,,
A2OOS7IXSKJFFI,ns,20-2,20.0,2000.0,8,2780.8666666348777,3595.8333333333335,,,3699.0,3787.0499999523163,3066.449999809265,,,,,,,,,,,,,,,,,,,,
A2OOS7IXSKJFFI,ns,20-2,20.0,2000.0,9,4155.049999952316,3554.2999997138977,1931.900000095368,4102.450000047684,2829.949999809265,4256.900000095367,,6877.549999952316,,,,,,,,,,,,,,,,,,,
A2OOS7IXSKJFFI,ns,20-2,20.0,2000.0,10,3585.849999904633,3042.1500000953674,2241.0499997138977,3770.050000190735,2154.0,4093.25,5296.299999713898,3545.6500000953674,2233.2999997138977,,,,,,,,,,,,,,,,,,
A2P2YEHX1FXD20,rec,20-2,20.0,2000.0,2,,,,,,,,,,,,,,,,,,,,,,,,,,,
A2P2YEHX1FXD20,rec,20-2,20.0,2000.0,3,4684.75,,,,,,,,,,,,,,,,,,,,,,,,,,
A2P2YEHX1FXD20,rec,20-2,20.0,2000.0,4,,5428.0,3937.0,,,,,,,,,,,,,,,,,,,,,,,,
A2P2YEHX1FXD20,rec,20-2,20.0,2000.0,5,4872.0,,,,,,,,,,,,,,,,,,,,,,,,,,
A2P2YEHX1FXD20,rec,20-2,20.0,2000.0,6,7322.5,5136.0,4314.0,3017.5,4020.5,,,,,,,,,,,,,,,,,,,,,,
A2P2YEHX1FXD20,rec,20-2,20.0,2000.0,7,3596.3333333333335,4897.5,4253.0,3745.0,4567.75,3312.875,,,,,,,,,,,,,,,,,,,,,
A2P2YEHX1FXD20,rec,20-2,20.0,2000.0,8,4002.1666666666665,6810.5,4200.0,3801.5,4330.5,5040.333333333333,6526.666666666667,,,,,,,,,,,,,,,,,,,,
A2P2YEHX1FXD20,rec,20-2,20.0,2000.0,9,5829.0,3644.3333333333335,4699.0,4017.0,4430.666666666667,4090.75,3137.0,4080.0,,,,,,,,,,,,,,,,,,,
A2P2YEHX1FXD20,rec,20-2,20.0,2000.0,10,6159.0,3581.0,,4053.0,4775.0,5506.5,4496.0,4055.0,3558.0,,,,,,,,,,,,,,,,,,
A2P2YEHX1FXD20,rec,20-2,20.0,2000.0,11,6603.0,8424.0,5350.0,2995.0,4845.0,,8019.0,3598.0,3876.0,4566.0,,,,,,,,,,,,,,,,,
A2P2YEHX1FXD20,rec,20-2,20.0,2000.0,12,4210.5,2865.0,6146.0,4314.0,4020.0,6244.0,5200.0,3401.5,3452.0,3118.0,5110.0,,,,,,,,,,,,,,,,
A2QHI85LQPJZYP,prim,20-2,20.0,2000.0,5,3374.5,2654.0,4101.0,4140.5,,,,,,,,,,,,,,,,,,,,,,,
A2QHI85LQPJZYP,prim,20-2,20.0,2000.0,6,2702.0,4091.0,,,,,,,,,,,,,,,,,,,,,,,,,
A2QHI85LQPJZYP,prim,20-2,20.0,2000.0,7,3768.0,,5666.0,3265.0,3191.0,2505.0,,,,,,,,,,,,,,,,,,,,,
A2QHI85LQPJZYP,prim,20-2,20.0,2000.0,8,2627.0,4604.0,3420.25,,2919.5,2766.0,4683.0,,,,,,,,,,,,,,,,,,,,
A2QHI85LQPJZYP,prim,20-2,20.0,2000.0,9,,,4563.0,2702.6666666666665,3106.6666666666665,,4103.0,3337.5,,,,,,,,,,,,,,,,,,,
A2QHI85LQPJZYP,prim,20-2,20.0,2000.0,10,3892.25,3704.0,2813.166666666667,2797.75,2512.166666666667,3598.0,7024.0,2662.75,6143.25,,,,,,,,,,,,,,,,,,
A2QHI85LQPJZYP,prim,20-2,20.0,2000.0,11,2634.6666666666665,2823.0,2929.0,1989.75,2886.5,3232.0,2594.0,4358.25,2943.0,2972.25,,,,,,,,,,,,,,,,,
A2QHI85LQPJZYP,prim,20-2,20.0,2000.0,12,3474.5,3045.0,4145.583333333333,2734.25,1895.5,3191.75,1631.5,2350.5,3076.5,3137.25,4201.5,,,,,,,,,,,,,,,,
A2QHI85LQPJZYP,prim,20-2,20.0,2000.0,13,1400.0,11321.0,2115.0,2959.0,2881.0,,3591.0,2135.0,3541.0,3157.0,,,,,,,,,,,,,,,,,
A2QHI85LQPJZYP,prim,20-2,20.0,2000.0,14,2398.0,3220.375,1550.0,2539.0,2139.25,3058.666666666667,3544.125,3931.5,2860.625,3531.0,1680.25,3255.25,3942.8333333333335,,,,,,,,,,,,,,
A2QHI85LQPJZYP,prim,20-2,20.0,2000.0,15,1926.0,1883.0,5976.5,4215.0,2336.0,1237.0,3099.0,1497.0,1878.0,2532.5,2551.0,,2070.0,1790.5,,,,,,,,,,,,,
A2QHI85LQPJZYP,prim,20-2,20.0,2000.0,19,1915.0,1782.0,1661.0,2388.0,,5262.0,1497.0,1228.0,1358.0,1415.0,4293.0,1526.0,1792.0,3516.0,1699.0,1808.0,1216.0,2116.0,,,,,,,,,
A2SSY7MHPDQVUS,prim,20-2,20.0,2000.0,5,2992.399999976158,2597.700000047684,2872.899999976158,3619.5,,,,,,,,,,,,,,,,,,,,,,,
A2SSY7MHPDQVUS,prim,20-2,20.0,2000.0,6,,2435.399999856949,2340.399999856949,1706.0,1561.2000000476835,,,,,,,,,,,,,,,,,,,,,,
A2SSY7MHPDQVUS,prim,20-2,20.0,2000.0,7,1718.8500000238419,2537.058333337307,1953.5250000158946,3406.7416666547456,2821.866666694482,2716.550000011921,,,,,,,,,,,,,,,,,,,,,
A2SSY7MHPDQVUS,prim,20-2,20.0,2000.0,8,2553.7791666885214,2426.900000015895,2553.2874999940395,2051.5291666487856,2870.9541666805744,2503.762499988079,2082.0833333233995,,,,,,,,,,,,,,,,,,,,
A2SSY7MHPDQVUS,prim,20-2,20.0,2000.0,9,2256.7000000476837,2176.366666555405,1763.9333333174388,3046.0666666030884,2330.5,2108.4000000158944,1745.3666667938232,2047.0999999841054,,,,,,,,,,,,,,,,,,,
A2SSY7MHPDQVUS,prim,20-2,20.0,2000.0,10,2213.460000014305,2509.400000023842,2392.879999983311,2979.6300000190736,2319.739999997616,2218.6900000095366,2383.2700000405316,6069.860000002384,2237.940000069141,,,,,,,,,,,,,,,,,,
A2SSY7MHPDQVUS,prim,20-2,20.0,2000.0,12,2810.899999976158,1716.8000000715256,2785.200000047684,4923.200000047684,2075.700000047684,2948.200000047684,1828.200000047684,1387.899999976158,1540.899999976158,2378.1999999284744,2762.599999904633,,,,,,,,,,,,,,,,
A2UX2W49R55PH4,prim,20-2,20.0,2000.0,2,4273.0,,,,,,,,,,,,,,,,,,,,,,,,,,
A2UX2W49R55PH4,prim,20-2,20.0,2000.0,3,5294.25,5427.625,,,,,,,,,,,,,,,,,,,,,,,,,
A2UX2W49R55PH4,prim,20-2,20.0,2000.0,4,6955.666666666666,17036.5,9057.333333333332,,,,,,,,,,,,,,,,,,,,,,,,
A2UX2W49R55PH4,prim,20-2,20.0,2000.0,5,6274.0,6967.0,4332.555555555556,5311.888888888889,,,,,,,,,,,,,,,,,,,,,,,
A2UX2W49R55PH4,prim,20-2,20.0,2000.0,6,4361.854166666667,4953.269841269841,6021.583333333333,4743.535714285714,6158.355555555555,,,,,,,,,,,,,,,,,,,,,,
A2UX2W49R55PH4,prim,20-2,20.0,2000.0,7,4727.5,5074.25,6961.5,10077.0,6267.0,5675.5,,,,,,,,,,,,,,,,,,,,,
A2UX2W49R55PH4,prim,20-2,20.0,2000.0,8,6488.5,8207.0,4125.0,3555.5,8744.5,6045.5,5209.0,,,,,,,,,,,,,,,,,,,,
A2UX2W49R55PH4,prim,20-2,20.0,2000.0,9,4813.0,3228.0,4348.0,4753.0,6253.0,10184.0,3946.0,8234.0,,,,,,,,,,,,,,,,,,,
A2VIKCIM9TZL22,rec,20-2,20.0,2000.0,4,1481.7000002861023,3579.3999999165535,1892.8333332637947,,,,,,,,,,,,,,,,,,,,,,,,
A2VIKCIM9TZL22,rec,20-2,20.0,2000.0,5,1452.2166666984558,1815.949999988079,1338.1749999870856,2973.5444445245794,,,,,,,,,,,,,,,,,,,,,,,
A2VIKCIM9TZL22,rec,20-2,20.0,2000.0,6,1885.5055555850267,1375.2833333313465,1971.650000065565,3473.966666648785,5847.983333234985,,,,,,,,,,,,,,,,,,,,,,
A2VIKCIM9TZL22,rec,20-2,20.0,2000.0,7,1578.1833333356515,1405.2555555817155,2502.5055555303893,3816.405555579397,2907.994444481201,14779.100000003973,,,,,,,,,,,,,,,,,,,,,
A2VIKCIM9TZL22,rec,20-2,20.0,2000.0,8,1691.8583334187667,1381.233333364129,2513.0166665762663,2344.711111002498,5853.074999928474,4519.408333371083,10947.572222150033,,,,,,,,,,,,,,,,,,,,
A2VIKCIM9TZL22,rec,20-2,20.0,2000.0,9,1436.6000000486772,2349.450000052651,1803.7999999125798,1464.1499999215205,1829.5333333412807,3217.1833332926035,3946.7500000298023,19253.933333461482,,,,,,,,,,,,,,,,,,,
A2VIKCIM9TZL22,rec,20-2,20.0,2000.0,11,1107.7000000476835,1363.399999976158,1499.5999999046326,1419.0,1203.399999976158,4483.299999952316,,1451.100000023842,995.7999999523164,8308.199999928474,,,,,,,,,,,,,,,,,
A2XGHLVP2C1FVA,ns,20-2,20.0,2000.0,6,4676.800000071526,9467.800000071526,5113.5,16506.900000095367,5732.799999952316,,,,,,,,,,,,,,,,,,,,,,
A2XGHLVP2C1FVA,ns,20-2,20.0,2000.0,8,3681.7999999920526,5453.1999999980135,11696.200000007948,10148.333333313465,3877.8833333055177,4375.399999996026,7104.524999991059,,,,,,,,,,,,,,,,,,,,
A2XGHLVP2C1FVA,ns,20-2,20.0,2000.0,9,4500.75,6044.524999961257,2554.949999988079,3362.6500000059605,7721.849999964237,4134.650000020862,6881.100000008941,4874.324999988079,,,,,,,,,,,,,,,,,,,
A2XGHLVP2C1FVA,ns,20-2,20.0,2000.0,10,5315.8722222447395,4413.825000017881,5159.361111144225,6062.0250000059605,4229.000000019869,4539.066666682561,4840.183333337307,7589.224999964237,8745.94999996821,,,,,,,,,,,,,,,,,,
A2XGHLVP2C1FVA,ns,20-2,20.0,2000.0,11,5605.293749991804,5150.708333344509,4503.662499986589,4524.318749979138,4266.76250000298,4674.412500008941,5051.283333311479,4924.231249962002,5184.318750023842,6984.181250017136,,,,,,,,,,,,,,,,,
A2XGHLVP2C1FVA,ns,20-2,20.0,2000.0,12,4142.2416666646795,5200.772222209308,3896.9083333313465,4421.437499995033,4258.931250002235,4786.07500000298,4695.968750003725,3513.9812499694526,4855.5374999940395,4841.343750007451,4912.237499989569,,,,,,,,,,,,,,,,
A2XGHLVP2C1FVA,ns,20-2,20.0,2000.0,13,10288.20000000298,3984.583333313465,4347.199999993046,3450.8833333601556,5840.43333333234,4669.166666666667,4553.283333351214,4072.4499999930463,3762.7666666706405,4164.350000008941,6908.316666662693,4968.71666667362,,,,,,,,,,,,,,,
A2XGHLVP2C1FVA,ns,20-2,20.0,2000.0,14,5409.755555574265,2659.8527777857253,3103.655555539661,5731.969444480208,4335.766666664017,3311.552777797812,5324.655555542145,5426.98611111525,4223.572222220401,3977.491666703588,5354.402777764532,4970.4750000114245,4942.930555579563,,,,,,,,,,,,,,
A2XGHLVP2C1FVA,ns,20-2,20.0,2000.0,15,3164.6500000059605,4126.850000008941,3107.4000000208616,3972.75,2684.749999985099,6948.0000000149,2453.0999999940395,7317.64999999106,4108.45000000298,3564.800000011921,3153.8499999940395,3559.75,3520.9500000029802,5406.9000000059605,,,,,,,,,,,,,
A2XVLOZY7FJCC2,rec,20-2,20.0,2000.0,4,,7342.100000023842,7121.699999928474,,,,,,,,,,,,,,,,,,,,,,,,
A2XVLOZY7FJCC2,rec,20-2,20.0,2000.0,5,6872.549999967217,5264.300000071526,6051.0,5942.649999991059,,,,,,,,,,,,,,,,,,,,,,,
A2XVLOZY7FJCC2,rec,20-2,20.0,2000.0,6,11132.400000035765,6662.799999982118,7267.65000000596,5523.750000029802,11621.049999982119,,,,,,,,,,,,,,,,,,,,,,
A2XVLOZY7FJCC2,rec,20-2,20.0,2000.0,7,5548.449999984354,6812.80000000447,4395.812500003725,6100.21111110515,6923.083333343267,8547.0777777897,,,,,,,,,,,,,,,,,,,,,
A2XVLOZY7FJCC2,rec,20-2,20.0,2000.0,8,6347.5766666586205,5460.366666678339,5742.470833320171,6612.167500002433,5502.888888887564,6959.572916675359,8393.16250000149,,,,,,,,,,,,,,,,,,,,
A2XVLOZY7FJCC2,rec,20-2,20.0,2000.0,9,5604.387499988079,5447.4749999940395,6149.46458333234,5237.620833319923,4941.152083337307,6702.850000006457,8842.337499996027,7635.045833331843,,,,,,,,,,,,,,,,,,,
A2XVLOZY7FJCC2,rec,20-2,20.0,2000.0,10,4837.795833359162,7138.441666660209,6573.90833332638,4451.09444444047,4420.08888886041,6306.924999974668,7844.733333349228,8067.270833349477,8080.245833336065,,,,,,,,,,,,,,,,,,
A2XVLOZY7FJCC2,rec,20-2,20.0,2000.0,11,7145.449999988079,3636.649999976158,5630.899999976158,2674.5,6140.5,9387.0,7080.5,6069.950000047684,9816.600000023842,8271.300000071526,,,,,,,,,,,,,,,,,
A2XVLOZY7FJCC2,rec,20-2,20.0,2000.0,12,6049.699999988079,4111.299999982119,3661.400000005961,7217.0,5236.799999982119,8783.90000000596,3906.699999988079,4500.699999988079,3708.09999999404,8256.300000011921,5474.699999988079,,,,,,,,,,,,,,,,
A2ZVBFH732LYXQ,prim,20-2,20.0,2000.0,3,,3582.699999999255,,,,,,,,,,,,,,,,,,,,,,,,,
A2ZVBFH732LYXQ,prim,20-2,20.0,2000.0,6,,3235.9000000003725,,3688.200000000186,,,,,,,,,,,,,,,,,,,,,,,
A2ZVBFH732LYXQ,prim,20-2,20.0,2000.0,7,,3187.300000000745,,,,,,,,,,,,,,,,,,,,,,,,,
A2ZVBFH732LYXQ,prim,20-2,20.0,2000.0,8,8418.900000000373,,7547.400000000372,2942.89999999851,3790.2999999998137,,6673.4000000003725,,,,,,,,,,,,,,,,,,,,
A2ZVBFH732LYXQ,prim,20-2,20.0,2000.0,9,5865.274999999907,5243.125000000931,3952.2000000001863,3031.899999999441,,4536.550000001676,5418.275000000838,6822.999999999999,,,,,,,,,,,,,,,,,,,
A2ZVBFH732LYXQ,prim,20-2,20.0,2000.0,10,3956.0,5348.099999999628,3560.800000000745,,3785.7999999998137,5347.399999999441,5263.400000002235,,3936.5000000004657,,,,,,,,,,,,,,,,,,
A2ZVBFH732LYXQ,prim,20-2,20.0,2000.0,11,4571.374999999767,3647.0500000002794,3432.4666666664803,5767.300000000745,3345.150000000062,6910.783333333519,3282.950000001583,3888.250000000155,3633.4000000006054,5047.183333333116,,,,,,,,,,,,,,,,,
A2ZVBFH732LYXQ,prim,20-2,20.0,2000.0,12,5577.8499999996275,4606.5,3424.400000002235,5404.5,3746.39999999851,,4894.9000000003725,,3417.5,2908.5,5315.849999999162,,,,,,,,,,,,,,,,
A2ZVBFH732LYXQ,prim,20-2,20.0,2000.0,13,3829.3000000001243,4213.150000000062,3526.712499999441,3726.4833333341717,3258.625000000233,4299.675000000279,4750.5,4452.833333333954,3639.1500000000624,4148.399999999597,3080.7000000001863,3316.76874999993,,,,,,,,,,,,,,,
A2ZVBFH732LYXQ,prim,20-2,20.0,2000.0,14,3360.4624999995576,3654.6750000000466,3970.2666666672253,4157.858333333357,4126.625,4025.5083333326816,4198.766666667226,3818.1999999995655,4194.150000000217,4237.945833333264,3360.5166666666046,5759.583333333333,3862.250000000233,,,,,,,,,,,,,,
A2ZVBFH732LYXQ,prim,20-2,20.0,2000.0,15,3503.561111111349,3440.7666666668115,4275.233333333784,3889.255555555535,3816.46666666617,4961.494444444362,4731.9499999997215,5159.144444444734,3749.2777777779847,3384.0277777778297,4179.544444444486,3779.0999999996275,4046.3583333333954,3397.0999999994724,,,,,,,,,,,,,
A2ZVBFH732LYXQ,prim,20-2,20.0,2000.0,16,3069.0,3042.8000000002794,2858.7750000003725,2739.600000000559,3320.1749999998137,3862.274999999907,4071.0750000001863,3783.2250000010245,4100.5250000003725,4094.024999999441,3203.649999999907,5431.175000000279,2735.9000000003725,3662.924999999348,4091.149999999441,,,,,,,,,,,,
A2ZVBFH732LYXQ,prim,20-2,20.0,2000.0,17,3179.70000000298,3134.5,5740.199999999255,3172.699999999255,5589.0,3762.29999999702,,3510.900000002235,,2908.39999999851,4636.5,5514.60000000149,6499.0,3172.199999999255,6818.400000002235,4864.0,,,,,,,,,,,
A304UJAE051J89,rec,20-2,20.0,2000.0,9,1543.9999999850988,2164.0888889067705,2726.300000008609,3550.7555555618474,4147.933333337307,3094.3555555409857,4417.277777797646,2205.255555576748,,,,,,,,,,,,,,,,,,,
A304UJAE051J89,rec,20-2,20.0,2000.0,10,2845.800000011921,4023.58333328863,2436.9333332777023,2849.7958333517113,2122.2277777691684,3151.670833297074,2575.1791666770973,4042.420833374063,2409.3791666900115,,,,,,,,,,,,,,,,,,
A304UJAE051J89,rec,20-2,20.0,2000.0,11,1658.087499988576,1837.3979166895151,3717.7395833494766,1899.2750000109277,3479.749999997516,1673.949999999255,4074.96666666617,2395.7145833385484,3692.6222222116253,3885.293750020365,,,,,,,,,,,,,,,,,
A304UJAE051J89,rec,20-2,20.0,2000.0,12,2283.4583333171904,2818.7250000263252,3499.702499997119,2195.4500000352664,2671.441666687528,4197.812499992549,2620.2375000044703,2584.2875000114245,2912.5749999694526,3026.333333329608,5539.610416680574,,,,,,,,,,,,,,,,
A304UJAE051J89,rec,20-2,20.0,2000.0,13,2307.9437500089407,1882.5750000079472,3557.9833333194256,2249.3062499910593,2529.1687499806285,1683.8374999985099,3677.4374999776483,2851.275000013411,1943.568749986589,3358.9250000317893,2945.2777777877122,5537.531249992549,,,,,,,,,,,,,,,
A304UJAE051J89,rec,20-2,20.0,2000.0,14,2092.649999976158,1054.0500000715256,2605.550000011921,2048.350000023842,1687.3500000238419,3554.4499999284744,1542.8500000834465,2064.700000047684,990.2000000476837,2433.150000035763,2782.099999964237,3991.800000011921,12507.300000071526,,,,,,,,,,,,,,
A312HQ3OU0EYTB,rec,20-2,20.0,2000.0,2,3536.0,,,,,,,,,,,,,,,,,,,,,,,,,,
A312HQ3OU0EYTB,rec,20-2,20.0,2000.0,4,6067.0,,3079.0,,,,,,,,,,,,,,,,,,,,,,,,
A312HQ3OU0EYTB,rec,20-2,20.0,2000.0,5,3886.0,4206.055555555556,2990.5833333333335,8937.666666666666,,,,,,,,,,,,,,,,,,,,,,,
A312HQ3OU0EYTB,rec,20-2,20.0,2000.0,6,3674.166666666667,3926.75,4562.5,4111.833333333334,8843.75,,,,,,,,,,,,,,,,,,,,,,
A312HQ3OU0EYTB,rec,20-2,20.0,2000.0,7,2871.166666666667,4555.666666666667,3834.0,5352.083333333333,6724.416666666666,10114.75,,,,,,,,,,,,,,,,,,,,,
A312HQ3OU0EYTB,rec,20-2,20.0,2000.0,8,2614.0,3577.5,3242.666666666667,3085.0,5968.166666666667,5579.666666666666,12726.0,,,,,,,,,,,,,,,,,,,,
A312HQ3OU0EYTB,rec,20-2,20.0,2000.0,9,2327.0,2776.0,2897.5,4419.0,3672.0,2570.0,,23280.0,,,,,,,,,,,,,,,,,,,
A312HQ3OU0EYTB,rec,20-2,20.0,2000.0,10,4329.333333333333,4427.0,4484.666666666667,5081.0,5168.666666666667,4207.0,4874.0,5430.666666666667,7121.5,,,,,,,,,,,,,,,,,,
A312HQ3OU0EYTB,rec,20-2,20.0,2000.0,11,5724.0,7605.0,3361.0,5535.0,4240.0,4957.0,3433.0,4664.0,4364.0,7574.0,,,,,,,,,,,,,,,,,
A312HQ3OU0EYTB,rec,20-2,20.0,2000.0,13,3120.0,4239.5,6144.0,3789.0,4105.0,3795.5,4620.0,4247.5,5256.5,4436.0,4787.5,4202.5,,,,,,,,,,,,,,,
A312HQ3OU0EYTB,rec,20-2,20.0,2000.0,14,3317.5,5711.0,5074.5,4106.5,5292.0,4763.0,5196.0,4612.0,3618.0,6761.5,5450.0,2705.0,5630.5,,,,,,,,,,,,,,
A312HQ3OU0EYTB,rec,20-2,20.0,2000.0,15,5325.5,3932.0,4991.0,3054.5,4311.5,5815.0,4577.0,4398.5,3556.0,6209.0,5163.5,4104.5,4247.0,3499.0,,,,,,,,,,,,,
A35S8HPY0V445,ns,20-2,20.0,2000.0,4,7582.349999785423,8534.049999833107,20242.5,,,,,,,,,,,,,,,,,,,,,,,,
A35S8HPY0V445,ns,20-2,20.0,2000.0,5,12758.25,8288.200000047684,11650.849999964237,8632.549999952316,,,,,,,,,,,,,,,,,,,,,,,
A35S8HPY0V445,ns,20-2,20.0,2000.0,6,8762.200000017881,11458.483333269754,5615.855555531052,10744.533333356181,10409.666666736206,,,,,,,,,,,,,,,,,,,,,,
A35S8HPY0V445,ns,20-2,20.0,2000.0,7,7011.248333342871,5170.795833344261,5035.291111082501,6288.579999996722,6532.0861110885935,7777.10624998957,,,,,,,,,,,,,,,,,,,,,
A35S8HPY0V445,ns,20-2,20.0,2000.0,8,3625.766666700443,5179.112499952316,4642.604166676601,5851.7166667381925,4560.10000000149,10000.344444367622,2494.283333381017,,,,,,,,,,,,,,,,,,,,
A35S8HPY0V445,ns,20-2,20.0,2000.0,9,3431.999999990066,4808.133333365123,8321.399999976158,6983.133333305518,3480.199999988079,3413.816666637858,2417.824999950826,4348.475000031292,,,,,,,,,,,,,,,,,,,
A35S8HPY0V445,ns,20-2,20.0,2000.0,10,3421.2500000596046,5398.999999975165,5747.0500000913935,5643.511111117071,4517.1333333353205,4338.833333283663,3306.633333310485,7181.977777812216,5749.122222224872,,,,,,,,,,,,,,,,,,
A35S8HPY0V445,ns,20-2,20.0,2000.0,11,4004.54999999702,4284.3499999940395,6530.450000002979,3616.8999999910593,3692.9999999850993,6507.949999988079,3713.199999988079,2448.800000011921,3881.050000011921,4697.75,,,,,,,,,,,,,,,,,
A35S8HPY0V445,ns,20-2,20.0,2000.0,12,3945.400000005961,3801.300000011921,2963.2999999821186,3484.2000000178814,4213.0,2711.2000000178814,5349.09999999404,3231.2000000178814,3623.800000011921,3565.4000000059605,,,,,,,,,,,,,,,,,
A37GOI3N77WX21,ns,20-2,20.0,2000.0,7,4257.85000000149,10696.14999999851,3069.60000000149,7207.14999999851,4513.399999991059,2017.0,,,,,,,,,,,,,,,,,,,,,
A37GOI3N77WX21,ns,20-2,20.0,2000.0,8,3656.700000000186,4377.799999999814,1633.1000000005588,5297.9000000003725,2624.7000000001863,3897.700000000186,2041.5,,,,,,,,,,,,,,,,,,,,
A37GOI3N77WX21,ns,20-2,20.0,2000.0,9,2870.27499999851,4254.37500000163,4574.375,4920.89999999851,3169.100000000559,2411.9749999940395,2613.89999999851,3693.5749999999534,,,,,,,,,,,,,,,,,,,
A37GOI3N77WX21,ns,20-2,20.0,2000.0,10,3525.9166666645906,4667.222916668844,2037.8458333348,4647.99791666714,2594.7083333325572,3221.6020833322154,3780.3833333341368,2781.910416669251,3418.218749996624,,,,,,,,,,,,,,,,,,
A37GOI3N77WX21,ns,20-2,20.0,2000.0,11,3093.2624999995655,3198.279166665549,4068.7125000037877,5330.143750000279,2641.316666667039,3254.654166665394,4066.060416665394,3344.4041666644625,3127.3312500012107,1992.043749998634,,,,,,,,,,,,,,,,,
A37GOI3N77WX21,ns,20-2,20.0,2000.0,12,2892.1137499998945,6218.469166662436,3179.5877777772644,4421.470000002937,3995.350000003213,3974.5791666683276,3884.771249998532,3061.0862499976065,2735.4124999996275,3572.7362500025115,2804.531666664453,,,,,,,,,,,,,,,,
A37GOI3N77WX21,ns,20-2,20.0,2000.0,13,2888.0833333308497,4329.966666675173,3865.333333326814,4492.799999992053,3116.3000000016764,2738.533333334451,4156.283333336313,2987.733333332464,4421.483333333706,2974.766666671261,3731.199999998013,2838.5333333406597,,,,,,,,,,,,,,,
A37GOI3N77WX21,ns,20-2,20.0,2000.0,14,2258.699999999255,6839.949999999255,2363.5499999970198,4811.250000003725,3922.9500000029802,3270.324999999255,3285.7499999925494,1948.8499999940395,3411.72500000149,2348.47500000149,5103.97500000149,2918.2000000029802,2078.550000000745,,,,,,,,,,,,,,
A37GOI3N77WX21,ns,20-2,20.0,2000.0,15,3084.29999999702,7711.800000011921,2151.5999999940395,6633.600000008941,1815.79999999702,5585.59999999404,1847.5,5417.29999999702,1886.5999999940395,6001.4000000059605,,,1388.7999999970198,2172.20000000298,,,,,,,,,,,,,
A389UA2GRCJ6,prim,20-2,20.0,2000.0,2,5128.0,,,,,,,,,,,,,,,,,,,,,,,,,,
A389UA2GRCJ6,prim,20-2,20.0,2000.0,3,3736.25,4663.5,,,,,,,,,,,,,,,,,,,,,,,,,
A389UA2GRCJ6,prim,20-2,20.0,2000.0,4,3252.5,4345.333333333333,3783.0,,,,,,,,,,,,,,,,,,,,,,,,
A389UA2GRCJ6,prim,20-2,20.0,2000.0,5,3638.1666666666665,4034.5,3766.6666666666665,3717.888888888889,,,,,,,,,,,,,,,,,,,,,,,
A389UA2GRCJ6,prim,20-2,20.0,2000.0,6,3761.2083333333335,3437.433333333333,3952.166666666667,4082.4166666666665,3955.0625,,,,,,,,,,,,,,,,,,,,,,
A389UA2GRCJ6,prim,20-2,20.0,2000.0,7,3934.055555555555,3882.0833333333335,4059.5,4013.611111111111,5268.277777777777,5463.75,,,,,,,,,,,,,,,,,,,,,
A389UA2GRCJ6,prim,20-2,20.0,2000.0,8,3511.7222222222226,3464.6666666666665,5239.0,3763.7777777777774,3673.3333333333335,4591.944444444444,4230.5,,,,,,,,,,,,,,,,,,,,
A389UA2GRCJ6,prim,20-2,20.0,2000.0,9,3875.0,3356.75,3168.5,7360.0,3875.25,3838.0,5330.75,10722.0,,,,,,,,,,,,,,,,,,,
A389UA2GRCJ6,prim,20-2,20.0,2000.0,10,2461.0,7898.0,4429.0,3577.0,3899.0,3658.0,5455.0,3787.0,3878.0,,,,,,,,,,,,,,,,,,
A3A7XOKH39SYOI,prim,20-2,20.0,2000.0,3,2174.8999996185303,,,,,,,,,,,,,,,,,,,,,,,,,,
A3A7XOKH39SYOI,prim,20-2,20.0,2000.0,4,,2176.9000005722046,,,,,,,,,,,,,,,,,,,,,,,,,
A3A7XOKH39SYOI,prim,20-2,20.0,2000.0,5,2766.1500000953674,6482.983333110809,3793.9666665395102,5407.666666560703,,,,,,,,,,,,,,,,,,,,,,,
A3A7XOKH39SYOI,prim,20-2,20.0,2000.0,6,3190.2999999523163,2974.1500000953674,2466.750000476837,2160.1500000953674,2439.5249996185303,,,,,,,,,,,,,,,,,,,,,,
A3A7XOKH39SYOI,prim,20-2,20.0,2000.0,7,3657.9249999523163,3450.5333337783813,4512.1083335876465,3549.3666664759317,10503.677777820163,3195.3888889948526,,,,,,,,,,,,,,,,,,,,,
A3A7XOKH39SYOI,prim,20-2,20.0,2000.0,8,4561.300000190735,2742.8166666030884,2325.6111110051474,3457.1166666348777,2596.9999998410544,2148.5722222858003,2466.011111100515,,,,,,,,,,,,,,,,,,,,
A3A7XOKH39SYOI,prim,20-2,20.0,2000.0,9,3046.8124998807907,3055.0666667090522,3965.966666698456,3146.7444444762336,2617.3888891273077,2396.295832912127,2828.199999968211,2637.755555417803,,,,,,,,,,,,,,,,,,,
A3A7XOKH39SYOI,prim,20-2,20.0,2000.0,10,3464.399999936422,2309.699999809265,2870.4999996821084,8571.5,1612.3000001907349,3016.0,2565.25,2280.0999994277954,3998.43333307902,,,,,,,,,,,,,,,,,,
A3A7XOKH39SYOI,prim,20-2,20.0,2000.0,11,3444.8499999046326,4500.5,1674.5499997138977,4482.699999809265,2223.6000003814697,1947.3500003814697,2017.5,2333.7500000000005,2536.5499997138977,2761.6000003814697,,,,,,,,,,,,,,,,,
A3B0CMCBWAND7,rec,20-2,20.0,2000.0,7,6397.0,10988.599999964235,3280.7500000298023,5100.800000041723,2894.699999988079,2583.649999976158,,,,,,,,,,,,,,,,,,,,,
A3B0CMCBWAND7,rec,20-2,20.0,2000.0,8,2952.4000000059605,2892.350000013908,3140.199999988079,3853.966666688522,6903.366666649778,4127.683333342274,8738.099999959271,,,,,,,,,,,,,,,,,,,,
A3B0CMCBWAND7,rec,20-2,20.0,2000.0,9,3049.506666668256,3892.006666676203,3277.703333324194,4729.746666669846,4205.526666664084,3786.2966666718326,4406.303333338102,3656.520000000795,,,,,,,,,,,,,,,,,,,
A3B0CMCBWAND7,rec,20-2,20.0,2000.0,10,2833.318333334476,3125.153333332638,3889.559999991953,3630.933333352953,3830.940000001093,4342.268333320568,3453.3833333464963,3723.756666664034,8851.066666673123,,,,,,,,,,,,,,,,,,
A3B0CMCBWAND7,rec,20-2,20.0,2000.0,11,2624.220833338797,3138.13749998156,2899.4375000009313,3412.268750014715,4051.2187499953434,3118.4374999841675,3721.5749999834225,2703.256249993108,4644.962499992922,8714.333333299805,,,,,,,,,,,,,,,,,
A3B0CMCBWAND7,rec,20-2,20.0,2000.0,12,2358.550000011921,3281.0499999970198,3903.400000013411,3193.1500000208616,3005.049999974668,7077.799999989571,2762.450000025332,3734.35000000149,3183.1500000059605,2381.6500000134106,24937.45000000298,,,,,,,,,,,,,,,,
A3B0CMCBWAND7,rec,20-2,20.0,2000.0,13,3021.516666685541,3138.266666655739,4849.216666661203,4095.166666684051,2889.13333333532,2998.4333333472414,3040.9500000129146,3769.416666686535,4573.766666653255,2634.4666666910052,2637.149999993543,5746.600000016391,,,,,,,,,,,,,,,
A3C4WGE4SOGM1,ns,20-2,20.0,2000.0,2,6829.450000047684,,,,,,,,,,,,,,,,,,,,,,,,,,
A3C4WGE4SOGM1,ns,20-2,20.0,2000.0,3,10457.316666603088,9403.383333325386,,,,,,,,,,,,,,,,,,,,,,,,,
A3C4WGE4SOGM1,ns,20-2,20.0,2000.0,4,5505.5,6115.174999952316,7298.949999809265,,,,,,,,,,,,,,,,,,,,,,,,
A3C4WGE4SOGM1,ns,20-2,20.0,2000.0,5,15606.249999999998,4658.216666857402,5761.900000095367,4529.2333334287005,,,,,,,,,,,,,,,,,,,,,,,
A3C4WGE4SOGM1,ns,20-2,20.0,2000.0,6,1967.0999999046328,2369.300000190735,4126.400000095367,,3159.5,,,,,,,,,,,,,,,,,,,,,,
A3C4WGE4SOGM1,ns,20-2,20.0,2000.0,8,2678.2000002861023,3119.5333334604898,4647.566666762034,4082.5999999046326,4302.699999809265,5733.400000095367,5631.0,,,,,,,,,,,,,,,,,,,,
A3C4WGE4SOGM1,ns,20-2,20.0,2000.0,9,3263.725000143051,4195.5,3419.3499999046326,3190.0000001192093,3684.6749999523163,4301.525000095367,5095.499999880791,5042.050000071526,,,,,,,,,,,,,,,,,,,
A3C4WGE4SOGM1,ns,20-2,20.0,2000.0,10,3929.3499999046326,4684.687499880791,3227.149999856949,3012.912499964237,4122.6666664282475,2736.6166664759317,2940.0499999523163,3737.1749999523163,3866.349999964237,,,,,,,,,,,,,,,,,,
A3C4WGE4SOGM1,ns,20-2,20.0,2000.0,11,3257.5666666030884,3985.650000015895,4198.974999904633,3027.3833332459135,3602.6999999284744,2947.1750000715256,4760.324999928474,4629.150000095367,4424.999999920527,4461.300000190735,,,,,,,,,,,,,,,,,
A3C4WGE4SOGM1,ns,20-2,20.0,2000.0,12,3648.399999856949,3321.5,5684.89999961853,3216.2499997615814,4008.5000000000005,2861.0000002384186,3432.300000190735,3720.0,3054.0,4340.450000047684,5748.099999904633,,,,,,,,,,,,,,,,
A3C4WGE4SOGM1,ns,20-2,20.0,2000.0,13,2029.5999999046328,,3160.099999904633,1363.5,,2279.8999996185303,2666.599999904633,5607.700000286102,4837.0,1873.8999996185305,3220.8999996185303,5052.700000286102,,,,,,,,,,,,,,,
A3CKVVGWBS4NGU,prim,20-2,20.0,2000.0,7,3928.5,3365.9000000953674,,4762.199999809265,4245.0,2579.2999999523163,,,,,,,,,,,,,,,,,,,,,
A3CKVVGWBS4NGU,prim,20-2,20.0,2000.0,8,2413.700000047684,3337.0,,,,3509.4000000953674,4151.599999904633,,,,,,,,,,,,,,,,,,,,
A3CKVVGWBS4NGU,prim,20-2,20.0,2000.0,9,4768.400000015895,3364.3166667222977,4355.000000059605,3500.3666666348777,3088.2999999523163,5015.316666642825,4301.483333309491,3912.100000023842,,,,,,,,,,,,,,,,,,,
A3CKVVGWBS4NGU,prim,20-2,20.0,2000.0,10,3827.6944444576898,9683.91666662693,4312.3722222381175,3219.7499999403954,4209.183333337307,2949.9499999682107,3583.688888841205,3754.1944444179535,3958.0611110925674,,,,,,,,,,,,,,,,,,
A3CKVVGWBS4NGU,prim,20-2,20.0,2000.0,11,5361.61111105813,3732.0499999920526,4158.724999904633,4388.533333341281,3279.716666658719,3361.466666618983,4509.900000015895,3836.0666666030884,3167.216666698456,2922.774999976158,,,,,,,,,,,,,,,,,
A3CKVVGWBS4NGU,prim,20-2,20.0,2000.0,12,5173.279166728258,4860.572222219573,3801.7249999841056,3391.6624999841056,3688.904166688522,3937.7000000278153,4043.075000007947,3870.808333317439,4933.3375000059605,3833.9833333094916,3305.9416666328907,,,,,,,,,,,,,,,,
A3CKVVGWBS4NGU,prim,20-2,20.0,2000.0,13,4500.254166692495,3131.4722222089767,3618.070833315452,3399.520833303531,4216.022222187784,3770.116666684548,4060.808333317439,3177.466666605738,5437.725000003974,4705.725000013908,5037.012499978145,3507.2333333227366,,,,,,,,,,,,,,,
A3CKVVGWBS4NGU,prim,20-2,20.0,2000.0,14,3045.6124999523163,2966.5666666825614,4526.383333285649,3731.1833333174386,3190.283333381017,3535.712500035763,3721.8375000059605,3146.1833333174386,3526.0999998648963,3943.787499934435,3884.2999999523163,3297.466666738192,3426.5666666825614,,,,,,,,,,,,,,
A3CKVVGWBS4NGU,prim,20-2,20.0,2000.0,15,3317.800000190735,3702.800000190735,3528.800000190735,3410.0,3655.200000047684,2542.899999856949,4328.0,4171.699999809265,2988.5,2827.599999904633,4847.299999952316,3484.0,4277.900000095367,8635.799999952316,,,,,,,,,,,,,
A3GDVKIN7ZGUG9,rec,20-2,20.0,2000.0,5,3697.0,3586.0,11422.0,,,,,,,,,,,,,,,,,,,,,,,,
A3GDVKIN7ZGUG9,rec,20-2,20.0,2000.0,6,4853.25,6338.5,4610.25,3809.5,5074.0,,,,,,,,,,,,,,,,,,,,,,
A3GDVKIN7ZGUG9,rec,20-2,20.0,2000.0,8,7403.0,5510.0,6685.0,10161.0,4776.0,3943.0,,,,,,,,,,,,,,,,,,,,,
A3GDVKIN7ZGUG9,rec,20-2,20.0,2000.0,9,7888.25,6787.25,5035.5,6335.5,6075.5,5797.0,5364.5,7677.5,,,,,,,,,,,,,,,,,,,
A3GDVKIN7ZGUG9,rec,20-2,20.0,2000.0,10,7649.0,8539.5,7103.0,8064.0,5266.5,7155.0,5559.0,4439.0,9110.0,,,,,,,,,,,,,,,,,,
A3GDVKIN7ZGUG9,rec,20-2,20.0,2000.0,11,3703.35,5624.625,6647.0,6752.416666666666,4826.7,4322.233333333334,7387.933333333333,17328.6,5308.4,8956.3,,,,,,,,,,,,,,,,,
A3GDVKIN7ZGUG9,rec,20-2,20.0,2000.0,12,4079.0,3413.0,4128.5,3956.0,5660.0,5250.5,4186.5,3090.5,7482.0,4740.5,4386.0,,,,,,,,,,,,,,,,
A3GDVKIN7ZGUG9,rec,20-2,20.0,2000.0,14,6606.0,7849.0,6234.0,4162.0,,4132.0,,2987.0,4384.0,3246.0,4895.0,5491.0,11644.0,,,,,,,,,,,,,,
A3HE29W5IDR394,rec,20-2,20.0,2000.0,5,2987.0,1184.0,1537.0,,,,,,,,,,,,,,,,,,,,,,,,
A3HE29W5IDR394,rec,20-2,20.0,2000.0,6,1414.0,3529.5,2769.0,2692.5,,,,,,,,,,,,,,,,,,,,,,,
A3HE29W5IDR394,rec,20-2,20.0,2000.0,7,1692.25,2365.0,1677.0,4048.0,6887.0,8736.0,,,,,,,,,,,,,,,,,,,,,
A3HE29W5IDR394,rec,20-2,20.0,2000.0,8,1404.0,2161.25,3390.5,15415.0,4376.75,,3732.5,,,,,,,,,,,,,,,,,,,,
A3HE29W5IDR394,rec,20-2,20.0,2000.0,9,1911.0,1030.0,2338.0,1637.25,1261.25,1375.0,2586.25,5088.0,,,,,,,,,,,,,,,,,,,
A3HE29W5IDR394,rec,20-2,20.0,2000.0,10,2787.3333333333335,3170.0,1544.5,2512.8333333333335,2639.5,1912.0,4719.333333333333,1776.5,3839.5,,,,,,,,,,,,,,,,,,
A3HE29W5IDR394,rec,20-2,20.0,2000.0,11,2648.222222222222,1669.0,2292.8888888888887,1722.611111111111,2095.1666666666665,3889.0,3420.5,4460.222222222222,6081.333333333333,4713.666666666667,,,,,,,,,,,,,,,,,
A3HE29W5IDR394,rec,20-2,20.0,2000.0,12,2089.6666666666665,2281.277777777778,1540.0,1603.7222222222224,2763.916666666667,4015.8888888888887,2555.3333333333335,2945.6666666666665,13090.055555555555,13933.833333333332,18727.0,,,,,,,,,,,,,,,,
A3HE29W5IDR394,rec,20-2,20.0,2000.0,13,1800.1666666666667,2763.5833333333335,1917.361111111111,3095.444444444445,2790.694444444444,2697.444444444445,3231.9166666666665,3138.8333333333335,6282.555555555555,3943.055555555555,11124.277777777776,4149.166666666667,,,,,,,,,,,,,,,
A3HE29W5IDR394,rec,20-2,20.0,2000.0,14,2457.0,1282.0,3151.5,2117.5,2740.5,1270.5,2236.0,2282.0,1795.0,6242.0,7067.0,2381.5,24427.0,,,,,,,,,,,,,,
A3HE29W5IDR394,rec,20-2,20.0,2000.0,15,1603.5,1312.25,1719.0,2139.25,2145.25,2384.0,3233.75,1456.5,864.0,7259.25,3537.5,2164.5,4406.75,8296.0,,,,,,,,,,,,,
A3HE29W5IDR394,rec,20-2,20.0,2000.0,16,1974.5,1313.5,1425.0,2051.25,2207.0,2428.0,1617.0,3100.75,2250.5,2296.0,4511.0,6447.25,4742.5,13504.0,712.0,,,,,,,,,,,,
A3I1SGVY37KR4A,ns,20-2,20.0,2000.0,3,,4378.0,,,,,,,,,,,,,,,,,,,,,,,,,
A3I1SGVY37KR4A,ns,20-2,20.0,2000.0,4,6441.5,5915.0,7381.166666666667,,,,,,,,,,,,,,,,,,,,,,,,
A3I1SGVY37KR4A,ns,20-2,20.0,2000.0,5,6366.5,7832.5,5422.666666666667,7345.333333333333,,,,,,,,,,,,,,,,,,,,,,,
A3I1SGVY37KR4A,ns,20-2,20.0,2000.0,6,10034.22222222222,4496.11111111111,4595.833333333333,11048.055555555555,5388.133333333333,,,,,,,,,,,,,,,,,,,,,,
A3I1SGVY37KR4A,ns,20-2,20.0,2000.0,7,16345.444444444443,4939.166666666666,8301.833333333334,10735.0,6921.166666666667,8844.833333333334,,,,,,,,,,,,,,,,,,,,,
A3I1SGVY37KR4A,ns,20-2,20.0,2000.0,8,11430.5,8597.0,5437.0,8995.0,5348.0,7697.5,5450.0,,,,,,,,,,,,,,,,,,,,
A3I1SGVY37KR4A,ns,20-2,20.0,2000.0,9,6060.5,8081.0,5722.0,3476.5,3974.0,4427.5,5206.0,12909.5,,,,,,,,,,,,,,,,,,,
A3I1SGVY37KR4A,ns,20-2,20.0,2000.0,10,4749.0,7656.0,5018.0,5174.0,10299.0,,5003.0,,5478.0,,,,,,,,,,,,,,,,,,
A3J5HRXH4F64SP,ns,20-2,20.0,2000.0,4,5991.25,6264.5,10992.75,,,,,,,,,,,,,,,,,,,,,,,,
A3J5HRXH4F64SP,ns,20-2,20.0,2000.0,5,5334.45,5761.9,6454.0,6223.916666666666,,,,,,,,,,,,,,,,,,,,,,,
A3J5HRXH4F64SP,ns,20-2,20.0,2000.0,6,6694.25,5498.25,5155.625,5556.75,8096.333333333333,,,,,,,,,,,,,,,,,,,,,,
A3LVLZS8S41ZD7,rec,20-2,20.0,2000.0,7,1418.5,1924.5,2066.5,2181.0,2722.5,9686.5,,,,,,,,,,,,,,,,,,,,,
A3LVLZS8S41ZD7,rec,20-2,20.0,2000.0,8,2389.0,1418.0,1786.0,3973.0,3202.0,2489.0,7445.0,,,,,,,,,,,,,,,,,,,,
A3LVLZS8S41ZD7,rec,20-2,20.0,2000.0,9,2266.0,2168.0,1971.0,1935.0,5243.0,3653.0,3397.0,1236.0,,,,,,,,,,,,,,,,,,,
A3LVLZS8S41ZD7,rec,20-2,20.0,2000.0,10,2619.5,2231.5,1735.5,1276.5,2711.0,5201.0,3443.5,1768.0,2512.0,,,,,,,,,,,,,,,,,,
A3LVLZS8S41ZD7,rec,20-2,20.0,2000.0,11,2257.6666666666665,3253.0,1810.0,4223.0,1902.6666666666667,2614.3333333333335,6201.0,2401.6666666666665,4178.666666666667,15527.0,,,,,,,,,,,,,,,,,
A3LVLZS8S41ZD7,rec,20-2,20.0,2000.0,12,1668.5416666666667,3464.0833333333335,2273.5,2781.9583333333335,3459.3333333333335,3752.3333333333335,2184.0416666666665,2929.75,4564.75,8661.333333333332,9755.916666666666,,,,,,,,,,,,,,,,
A3LVLZS8S41ZD7,rec,20-2,20.0,2000.0,13,1951.5,1796.875,2533.333333333333,3274.4166666666665,2926.75,2815.625,2019.25,3129.6041666666665,3743.6458333333335,5118.333333333333,9246.0,7650.270833333333,,,,,,,,,,,,,,,
A3LVLZS8S41ZD7,rec,20-2,20.0,2000.0,14,1880.3333333333333,2057.0,2394.0,2245.555555555555,2022.3333333333333,4179.666666666667,2032.6666666666667,2379.6666666666665,2869.055555555555,3242.0,2924.8888888888887,2998.3333333333335,3226.3333333333335,,,,,,,,,,,,,,
A3LVLZS8S41ZD7,rec,20-2,20.0,2000.0,15,2071.5,2728.5,2706.5,2220.5,3823.5,2572.0,1654.5,4047.0,3731.0,4031.5,3934.5,3876.5,2943.0,7343.0,,,,,,,,,,,,,
A3LVLZS8S41ZD7,rec,20-2,20.0,2000.0,16,2031.0,4445.333333333333,3207.3333333333335,3406.6666666666665,2116.0,2294.777777777778,2241.4444444444443,2173.1111111111113,2143.444444444445,2183.8888888888887,2088.0,3204.444444444444,8697.111111111111,7703.88888888889,7225.444444444445,,,,,,,,,,,,
A3LVLZS8S41ZD7,rec,20-2,20.0,2000.0,17,1511.75,1496.75,2064.0,1829.5,2297.75,4327.75,1598.75,3850.25,1856.25,6079.5,2484.5,2834.5,2229.25,4073.0,8609.0,2203.0,,,,,,,,,,,
A3LVLZS8S41ZD7,rec,20-2,20.0,2000.0,18,1542.0,2340.0,1753.0,1559.0,4587.0,1465.0,2212.0,2339.0,1956.0,1448.0,11356.0,1323.0,4230.0,1408.0,16481.0,1555.0,,,,,,,,,,,
A3LXARU55PR281,ns,20-2,20.0,2000.0,2,4276.5,,,,,,,,,,,,,,,,,,,,,,,,,,
A3LXARU55PR281,ns,20-2,20.0,2000.0,3,,3840.0,,,,,,,,,,,,,,,,,,,,,,,,,
A3LXARU55PR281,ns,20-2,20.0,2000.0,4,,,,,,,,,,,,,,,,,,,,,,,,,,,
A3LXARU55PR281,ns,20-2,20.0,2000.0,5,3426.5,3863.5,2928.0,3737.0,,,,,,,,,,,,,,,,,,,,,,,
A3LXARU55PR281,ns,20-2,20.0,2000.0,6,4779.0,6286.0,6057.0,,3893.0,,,,,,,,,,,,,,,,,,,,,,
A3LXARU55PR281,ns,20-2,20.0,2000.0,7,3187.5,3513.5,3642.0,3140.0,4115.5,4922.0,,,,,,,,,,,,,,,,,,,,,
A3LXARU55PR281,ns,20-2,20.0,2000.0,8,2678.3333333333335,3978.1666666666665,3719.1666666666665,4897.333333333333,4186.75,3787.0,4081.0,,,,,,,,,,,,,,,,,,,,
A3LXARU55PR281,ns,20-2,20.0,2000.0,9,2503.6666666666665,3274.5,3305.0,3445.75,3000.5,3706.75,4034.0,2978.0,,,,,,,,,,,,,,,,,,,
A3LXARU55PR281,ns,20-2,20.0,2000.0,10,3619.6666666666665,2411.3333333333335,3593.3333333333335,3255.0,3033.3333333333335,3734.3333333333335,4292.5,4963.333333333333,2976.6666666666665,,,,,,,,,,,,,,,,,,
A3LXARU55PR281,ns,20-2,20.0,2000.0,11,3472.0,3007.25,3426.0,3502.0,3258.5,2593.75,,3833.75,2653.5,4294.0,,,,,,,,,,,,,,,,,
A3LXARU55PR281,ns,20-2,20.0,2000.0,12,3938.0,3277.0,3490.25,2177.0,5851.5,3603.0,7965.0,3514.75,3832.75,5773.5,4062.0,,,,,,,,,,,,,,,,
A3LXARU55PR281,ns,20-2,20.0,2000.0,14,3685.166666666667,3071.416666666667,2846.5,3230.25,3166.833333333333,3079.666666666667,3849.916666666667,3559.5,4770.625,4192.583333333333,4165.833333333334,4574.5,3767.75,,,,,,,,,,,,,,
A3LXARU55PR281,ns,20-2,20.0,2000.0,15,3118.25,3441.25,3008.0,4237.5,2890.0,3145.0,4324.75,3736.0,3373.0,3291.0,3458.75,2468.0,3771.0,4363.0,,,,,,,,,,,,,
A3TR3KIRG5PCZ8,prim,20-2,20.0,2000.0,3,4306.0,2771.0,,,,,,,,,,,,,,,,,,,,,,,,,
A3TR3KIRG5PCZ8,prim,20-2,20.0,2000.0,5,1642.0,2519.0,,1556.0,,,,,,,,,,,,,,,,,,,,,,,
A3TR3KIRG5PCZ8,prim,20-2,20.0,2000.0,6,2712.9166666666665,2802.5625,2382.625,2014.5,2417.0,,,,,,,,,,,,,,,,,,,,,,
A3TR3KIRG5PCZ8,prim,20-2,20.0,2000.0,7,2473.7083333333335,2241.725,2412.2833333333333,2304.8625,2684.35,4105.6,,,,,,,,,,,,,,,,,,,,,
A3TR3KIRG5PCZ8,prim,20-2,20.0,2000.0,8,2707.8809523809523,2462.547619047619,2471.595238095238,2461.7916666666665,2615.4166666666665,1922.0104166666665,2886.9166666666665,,,,,,,,,,,,,,,,,,,,
A3TR3KIRG5PCZ8,prim,20-2,20.0,2000.0,9,1888.6666666666667,2582.6666666666665,2398.3333333333335,3290.0,2255.9166666666665,2368.4166666666665,2312.4166666666665,2166.6666666666665,,,,,,,,,,,,,,,,,,,
A3U2A632YWEX7B,prim,20-2,20.0,2000.0,2,4864.0,,,,,,,,,,,,,,,,,,,,,,,,,,
A3U2A632YWEX7B,prim,20-2,20.0,2000.0,5,3973.6000003814697,4996.0,16125.39999961853,7288.89999961853,,,,,,,,,,,,,,,,,,,,,,,
A3U2A632YWEX7B,prim,20-2,20.0,2000.0,6,,4244.900001525879,4930.10000038147,3798.1000003814697,4313.60000038147,,,,,,,,,,,,,,,,,,,,,,
A3U2A632YWEX7B,prim,20-2,20.0,2000.0,7,,,3435.5,9398.5,8588.60000038147,3979.0,,,,,,,,,,,,,,,,,,,,,
A3U2A632YWEX7B,prim,20-2,20.0,2000.0,8,5989.450000762939,2929.8999996185303,,4459.64999961853,4309.60000038147,5010.0,6187.25,,,,,,,,,,,,,,,,,,,,
A3U2A632YWEX7B,prim,20-2,20.0,2000.0,9,4101.525000095367,6044.133333524068,3473.6000003814697,5056.14999961853,4384.866666793823,6170.02499961853,3955.5499992370605,4057.0,,,,,,,,,,,,,,,,,,,
A3U2A632YWEX7B,prim,20-2,20.0,2000.0,10,5331.027777777777,6360.758333524068,5073.266666730245,4415.825000047684,4810.862499952316,3552.266666253408,5440.333333015442,5724.337500333786,5369.14999961853,,,,,,,,,,,,,,,,,,
A3U2A632YWEX7B,prim,20-2,20.0,2000.0,11,5044.237500190735,5206.650000095367,5262.583333015442,3760.3833332061768,4633.375,4617.4375,5676.149999141693,5065.162499904633,8354.5,5623.250000238419,,,,,,,,,,,,,,,,,
A3U2A632YWEX7B,prim,20-2,20.0,2000.0,12,,,,,4264.200000762939,4542.300001144409,3014.0,3445.2999992370605,6367.5,,3561.5,,,,,,,,,,,,,,,,
A3U2A632YWEX7B,prim,20-2,20.0,2000.0,13,4224.991666793823,4067.7166668574014,4931.616667429606,4190.311111132304,3708.466666963365,4194.794445037842,4416.425000190735,4870.277777565851,3910.3777781592476,4920.516666730246,3708.966666433546,4045.0499987602234,,,,,,,,,,,,,,,
A3U2A632YWEX7B,prim,20-2,20.0,2000.0,14,5282.829166491826,5049.595833063126,4492.187500238419,4492.887500047684,4861.520833492279,4239.150000015894,5715.64999961853,4756.145833730698,5752.987500667572,5688.312500238419,4687.1833330790205,4909.829166491826,4549.650000572205,,,,,,,,,,,,,,
A3U2A632YWEX7B,prim,20-2,20.0,2000.0,15,3981.0,5015.399998982747,6089.366665522258,6663.300000508626,4657.633333206177,4343.366666793823,4503.96666653951,3959.4000005722046,4150.700000127156,4167.4666659037275,5602.96666653951,5314.700000127156,3773.1666673024497,4823.866666793823,,,,,,,,,,,,,
A3U2A632YWEX7B,prim,20-2,20.0,2000.0,17,3618.199998855591,5206.89999961853,5536.200000762939,4661.89999961853,6046.299999237061,6657.5,3921.6000003814697,4325.299999237061,3554.1000003814697,3951.300001144409,2639.7999992370605,,3104.3999996185303,4095.1000003814697,3270.5,2831.5,,,,,,,,,,,
A3U69MNO1JC7V4,rec,20-2,20.0,2000.0,7,2474.0,2150.0,3959.0,3906.0,1560.0,4231.0,,,,,,,,,,,,,,,,,,,,,
A3U69MNO1JC7V4,rec,20-2,20.0,2000.0,8,7404.0,4266.0,3588.0,,,,4779.0,,,,,,,,,,,,,,,,,,,,
A3U69MNO1JC7V4,rec,20-2,20.0,2000.0,9,2635.0,,6012.0,3585.0,2894.0,1817.0,2768.0,,,,,,,,,,,,,,,,,,,,
A3U69MNO1JC7V4,rec,20-2,20.0,2000.0,10,5212.0,3186.0,5343.0,3464.0,6040.0,,4130.0,9370.0,6869.0,,,,,,,,,,,,,,,,,,
A3U69MNO1JC7V4,rec,20-2,20.0,2000.0,11,4688.833333333333,4671.833333333333,3267.0,4320.666666666667,5102.666666666667,4860.666666666667,4618.25,3624.25,3773.6666666666665,7078.333333333333,,,,,,,,,,,,,,,,,
A3U69MNO1JC7V4,rec,20-2,20.0,2000.0,12,3242.0,7664.0,3295.0,4962.0,2145.0,4560.0,4279.0,3022.5,3933.0,3227.0,3603.0,,,,,,,,,,,,,,,,
A3U69MNO1JC7V4,rec,20-2,20.0,2000.0,13,5269.977777777778,3783.6666666666665,5059.355555555555,3589.0,5031.694444444444,4862.38888888889,4288.5,4541.922222222222,4593.977777777778,3651.6666666666665,3975.077777777778,5317.083333333333,,,,,,,,,,,,,,,
A3U69MNO1JC7V4,rec,20-2,20.0,2000.0,14,2988.0625,3552.2291666666665,3639.0,4779.354166666667,4825.166666666666,4344.166666666667,4513.333333333333,4786.520833333334,4505.729166666667,3386.75,3827.0416666666665,4141.638888888889,7610.0625,,,,,,,,,,,,,,
A3U69MNO1JC7V4,rec,20-2,20.0,2000.0,15,3363.125,3956.875,5442.375,3745.0,3979.25,3481.8333333333335,5026.75,5309.875,5581.0,4670.0,3501.0,4495.5,4849.0,6234.5,,,,,,,,,,,,,
A3U69MNO1JC7V4,rec,20-2,20.0,2000.0,16,3014.1666666666665,3220.444444444445,4065.6666666666665,5134.0,4881.555555555556,3484.8888888888887,4212.777777777777,3423.444444444444,5137.166666666667,3959.222222222222,5349.222222222223,4437.777777777778,3875.888888888889,4706.333333333333,6344.333333333333,,,,,,,,,,,,
A3U69MNO1JC7V4,rec,20-2,20.0,2000.0,17,6039.375,3643.75,4671.125,5977.0,3942.875,3802.8333333333335,5300.25,4390.25,3327.833333333333,2823.625,3040.25,3394.75,3532.25,3262.0,4429.5,5219.25,,,,,,,,,,,
A3U69MNO1JC7V4,rec,20-2,20.0,2000.0,18,3536.5,2668.0,4096.0,7604.5,3263.5,2575.5,4067.0,2932.5,4418.5,6215.0,3095.0,3672.0,3337.0,3816.0,4339.0,3352.5,3580.5,,,,,,,,,,
A3UMHUWJKRGKNR,rec,20-2,20.0,2000.0,5,24052.0,4574.800000011921,5073.0,,,,,,,,,,,,,,,,,,,,,,,,
A3UMHUWJKRGKNR,rec,20-2,20.0,2000.0,6,3934.699999988079,,3914.399999976158,,7162.899999976158,,,,,,,,,,,,,,,,,,,,,,
A3UMHUWJKRGKNR,rec,20-2,20.0,2000.0,7,3914.800000011921,15313.19999998808,9334.099999964235,6263.599999964237,5874.599999964237,,,,,,,,,,,,,,,,,,,,,,
A3UMHUWJKRGKNR,rec,20-2,20.0,2000.0,8,4258.399999966224,7311.599999971688,4984.150000015895,4581.074999973178,8161.550000021855,6392.06666670243,6940.5833333233995,,,,,,,,,,,,,,,,,,,,
A3UMHUWJKRGKNR,rec,20-2,20.0,2000.0,9,5393.675000011921,9637.199999988079,4120.150000020862,6708.187499985099,5381.249999977648,4509.883333325386,5351.050000011921,6108.674999974668,,,,,,,,,,,,,,,,,,,
A3UMHUWJKRGKNR,rec,20-2,20.0,2000.0,10,7092.912500012666,6423.858333359162,7853.166666671634,5109.608333346744,5522.94999999553,5841.111111097866,6315.218749996275,7489.399999988576,9178.812499995032,,,,,,,,,,,,,,,,,,
A3UMHUWJKRGKNR,rec,20-2,20.0,2000.0,11,4677.987499989569,5895.824999988079,6006.833333338301,6432.116666659713,5080.208333368103,3938.733333349228,5801.808333357175,4690.116666674614,6007.38749999553,8477.83749999106,,,,,,,,,,,,,,,,,
A3UMHUWJKRGKNR,rec,20-2,20.0,2000.0,12,4850.616666674614,4712.783333281676,5809.966666698456,4926.075000017881,5731.399999996026,5045.516666650772,6551.499999980132,5235.966666658719,5797.866666654746,6999.566666662693,8978.475000023842,,,,,,,,,,,,,,,,
A3UMHUWJKRGKNR,rec,20-2,20.0,2000.0,13,3854.5222222208977,5151.649999996026,4824.7750000059605,4566.849999967549,4360.53888889485,5260.727777772479,7019.686111138926,7662.424999982119,5704.200000007947,4052.9361111223698,5191.286111106475,6282.591666658719,,,,,,,,,,,,,,,
A3UMHUWJKRGKNR,rec,20-2,20.0,2000.0,15,2647.100000023842,3722.8000000715256,5514.599999904633,4233.299999952316,4634.600000023842,4970.700000047684,3682.100000023842,6059.799999952316,4362.199999928474,4730.899999976158,4200.100000023842,5714.300000071526,,5971.0,,,,,,,,,,,,,
A3UMHUWJKRGKNR,rec,20-2,20.0,2000.0,16,2821.899999976158,2962.800000011921,3874.299999952316,5331.599999964237,5471.300000011921,5358.699999988079,4558.5,3341.599999964237,4136.399999976158,2969.199999988079,6056.599999964237,2909.599999964237,6054.799999952316,6320.300000011921,,,,,,,,,,,,,
A3VW5PI9ZX9DOD,ns,20-2,20.0,2000.0,2,1497.7999997138977,,,,,,,,,,,,,,,,,,,,,,,,,,
A3VW5PI9ZX9DOD,ns,20-2,20.0,2000.0,3,4465.850000143051,,,,,,,,,,,,,,,,,,,,,,,,,,
A3VW5PI9ZX9DOD,ns,20-2,20.0,2000.0,4,,4862.899999856949,2986.3999996185303,,,,,,,,,,,,,,,,,,,,,,,,
A3VW5PI9ZX9DOD,ns,20-2,20.0,2000.0,5,4842.900000095367,3672.5,4545.049999952316,2502.7000002861023,,,,,,,,,,,,,,,,,,,,,,,
A3VW5PI9ZX9DOD,ns,20-2,20.0,2000.0,6,2107.2000002861023,,1853.900000095368,6821.10000038147,,,,,,,,,,,,,,,,,,,,,,,
A3VW5PI9ZX9DOD,ns,20-2,20.0,2000.0,7,3310.0833333333335,8147.899999936421,2998.366666873296,4510.5,3011.4333333969116,4277.6833332379665,,,,,,,,,,,,,,,,,,,,,
A3VW5PI9ZX9DOD,ns,20-2,20.0,2000.0,8,5717.709999942779,4619.10499997139,6679.770000076294,4469.641666511695,8336.380000019073,3736.7500000794726,4900.524999996026,,,,,,,,,,,,,,,,,,,,
A3VW5PI9ZX9DOD,ns,20-2,20.0,2000.0,9,6338.000000119209,3433.2750002145767,3676.8000000715256,4042.850000143051,5775.050000071526,3382.649999856949,8003.824999809267,4033.9500000476837,,,,,,,,,,,,,,,,,,,
A3VW5PI9ZX9DOD,ns,20-2,20.0,2000.0,10,5563.099999904633,4585.549999952316,3414.600000143051,3911.7000002861023,2384.75,2962.1000003814697,7021.349999904633,2592.2000000476837,3448.7500002384186,,,,,,,,,,,,,,,,,,
A3VW5PI9ZX9DOD,ns,20-2,20.0,2000.0,11,8324.5,4530.60000038147,,,2246.9000000953674,3679.599999904633,,2346.0,4127.5,,,,,,,,,,,,,,,,,,
A4HWADFPGP45G,ns,20-2,20.0,2000.0,4,,,2911.199999809265,,,,,,,,,,,,,,,,,,,,,,,,
A4HWADFPGP45G,ns,20-2,20.0,2000.0,5,9157.50000011921,,9452.549999833107,4992.949999928474,,,,,,,,,,,,,,,,,,,,,,,
A4HWADFPGP45G,ns,20-2,20.0,2000.0,6,11688.299999952316,5450.466666645473,4525.866666714351,9536.583333313465,9689.274999976158,,,,,,,,,,,,,,,,,,,,,,
A4HWADFPGP45G,ns,20-2,20.0,2000.0,7,5566.666666613684,6326.683333350553,5803.913333288829,7994.889583254853,6388.712499976158,6636.3422222720255,,,,,,,,,,,,,,,,,,,,,
A4HWADFPGP45G,ns,20-2,20.0,2000.0,8,6994.750000039737,6542.449999928474,8275.716666698456,4896.274999976158,5152.466666618983,5056.549999952316,8599.683333277702,,,,,,,,,,,,,,,,,,,,
A4HWADFPGP45G,ns,20-2,20.0,2000.0,9,5187.499999940395,11079.0,8255.933333317438,4163.366666674614,3565.8666666348777,5447.483333309491,6183.81666680177,7374.475000023842,,,,,,,,,,,,,,,,,,,
A4HWADFPGP45G,ns,20-2,20.0,2000.0,10,7630.850000023842,6575.487500011922,7243.6555555926425,4031.4166667064032,6063.133333365123,3881.2111110422343,4969.600000063579,4274.574999988079,6048.891666650772,,,,,,,,,,,,,,,,,,
A4HWADFPGP45G,ns,20-2,20.0,2000.0,11,5169.25,3735.25,3826.200000047684,5434.149999976158,3982.6999999284744,4897.224999964237,3993.4499999284744,4822.675000011921,3583.7000000476837,4153.450000047684,,,,,,,,,,,,,,,,,
A4HWADFPGP45G,ns,20-2,20.0,2000.0,12,3828.25,4047.899999976158,3118.7999999523163,4204.150000095367,2145.300000190735,3214.9000000953674,2423.4000000953674,3433.7499998807907,3282.100000023842,3363.399999976158,3832.9999999403954,,,,,,,,,,,,,,,,
A4HWADFPGP45G,ns,20-2,20.0,2000.0,13,2883.2999999523163,3722.700000047684,3133.2999999523163,4616.100000143051,3363.7999999523163,,2404.4000000953674,3506.200000047684,3328.2999999523163,,2570.2999999523163,2600.200000047684,,,,,,,,,,,,,,,
A4HWADFPGP45G,ns,20-2,20.0,2000.0,15,4018.099999904633,3564.200000047684,6477.699999809265,3377.300000190735,,4236.0,3270.7999999523163,,4037.800000190735,4375.299999952316,4134.299999952316,3790.0,2143.700000047684,5043.0,,,,,,,,,,,,,
AFRKVRPZ2RHY8,rec,20-2,20.0,2000.0,6,,2232.4000000953674,,6170.200000047684,3896.8000000715256,,,,,,,,,,,,,,,,,,,,,,
AFRKVRPZ2RHY8,rec,20-2,20.0,2000.0,9,1476.5250000357628,1603.2000000178814,1589.1749999821186,2304.3250000178814,1686.9000000059605,1916.6749999523163,3712.5000000298023,6283.849999964237,,,,,,,,,,,,,,,,,,,
AFRKVRPZ2RHY8,rec,20-2,20.0,2000.0,10,1625.3624999970198,1559.362500011921,1354.0375000089407,2599.5375000089407,2691.3250000029802,2063.2625000029802,3051.4750000089407,2260.949999988079,8605.475000038743,,,,,,,,,,,,,,,,,,
AFRKVRPZ2RHY8,rec,20-2,20.0,2000.0,11,1249.2500000198681,1761.3833333353202,2198.316666652759,2200.666666676601,2465.666666636864,1640.916666676601,2005.9000000158944,3779.199999988079,2954.650000015895,13891.11666671435,,,,,,,,,,,,,,,,,
AFRKVRPZ2RHY8,rec,20-2,20.0,2000.0,12,1500.266666640838,1360.8833333452542,1254.4666666785877,1686.3666666646798,2302.800000001987,3479.2833333313465,2070.7166666785874,1982.9666666686535,2481.300000001987,4870.716666658719,15327.739999997615,,,,,,,,,,,,,,,,
AFRKVRPZ2RHY8,rec,20-2,20.0,2000.0,13,1513.800000011921,1111.5,1080.7999999523165,998.399999976158,1577.7999999523165,1592.600000023842,1031.5,1976.899999976158,1944.199999988079,2103.699999988079,3304.100000023842,56599.5,,,,,,,,,,,,,,,
AHZCC2V399WUN,ns,20-2,20.0,2000.0,4,2412.4999998807907,2688.5500000715256,2591.7500000596046,,,,,,,,,,,,,,,,,,,,,,,,
AHZCC2V399WUN,ns,20-2,20.0,2000.0,5,3587.605555574099,3368.2583334545297,4506.64000005722,4222.308928608894,,,,,,,,,,,,,,,,,,,,,,,
AHZCC2V399WUN,ns,20-2,20.0,2000.0,6,2899.2374999970198,3296.3266666849454,5400.976250013709,3872.2124999731777,4297.796249949932,,,,,,,,,,,,,,,,,,,,,,
AHZCC2V399WUN,ns,20-2,20.0,2000.0,7,3293.631666592757,3566.09375,3406.2129166185855,5139.708333298564,9939.535000003709,3485.168750057618,,,,,,,,,,,,,,,,,,,,,
AHZCC2V399WUN,ns,20-2,20.0,2000.0,8,3206.725000023842,4231.575000166893,4737.274999976158,4221.024999976158,4029.0,3562.9749999046326,3429.8000000715256,,,,,,,,,,,,,,,,,,,,
AHZCC2V399WUN,ns,20-2,20.0,2000.0,9,4912.549999952316,4346.575000047684,3895.5500000715256,3994.875,3855.9249999523163,4499.0,3571.325000166893,5281.925000071526,,,,,,,,,,,,,,,,,,,
AHZCC2V399WUN,ns,20-2,20.0,2000.0,10,4946.900000095367,4550.39999961853,4826.200000286102,6156.39999961853,6894.799999713898,3897.0,3464.5,5147.799999713898,5295.900000095367,,,,,,,,,,,,,,,,,,
AJABAPM32ETMN,rec,20-2,20.0,2000.0,5,4744.0,,9990.0,4194.0,,,,,,,,,,,,,,,,,,,,,,,
AJABAPM32ETMN,rec,20-2,20.0,2000.0,6,4567.0,4801.2,4390.142857142857,4674.714285714285,3613.1666666666665,,,,,,,,,,,,,,,,,,,,,,
AJABAPM32ETMN,rec,20-2,20.0,2000.0,7,3711.1111111111113,4770.944444444444,6890.0,3973.2777777777774,5374.5,4167.222222222223,,,,,,,,,,,,,,,,,,,,,
AJABAPM32ETMN,rec,20-2,20.0,2000.0,8,4600.444444444444,4620.555555555556,7902.5,3766.5,4999.666666666667,4348.11111111111,4942.333333333333,,,,,,,,,,,,,,,,,,,,
AJABAPM32ETMN,rec,20-2,20.0,2000.0,9,3714.5,6358.0,5375.0,3614.5,6264.25,4800.5,6022.0,4953.666666666666,,,,,,,,,,,,,,,,,,,
AJABAPM32ETMN,rec,20-2,20.0,2000.0,10,5366.5,4619.0,4683.5,4810.5,4714.0,5267.25,4551.75,4747.0,7187.25,,,,,,,,,,,,,,,,,,
AJABAPM32ETMN,rec,20-2,20.0,2000.0,11,4471.75,5662.0,3559.5,4356.5,4632.75,3640.5,4334.5,4555.75,6834.5,5150.5,,,,,,,,,,,,,,,,,
AJABAPM32ETMN,rec,20-2,20.0,2000.0,12,2618.0,2818.5,2703.0,4443.0,8378.5,5452.5,3437.0,4535.0,5606.0,5341.0,4687.5,,,,,,,,,,,,,,,,
AK1EF4NACR1UJ,prim,20-2,20.0,2000.0,6,,,5891.700000286102,9939.100000143051,5702.400000095367,,,,,,,,,,,,,,,,,,,,,,
AK1EF4NACR1UJ,prim,20-2,20.0,2000.0,8,3465.5333333810167,4726.899999936421,9095.733333428701,4734.274999976158,4794.649999856949,4743.549999952316,5371.900000095367,,,,,,,,,,,,,,,,,,,,
AK1EF4NACR1UJ,prim,20-2,20.0,2000.0,9,2888.9000000953674,5202.0,3514.849999666214,3956.75,3538.1999999284744,5289.299999952316,3190.600000143051,2670.449999809265,,,,,,,,,,,,,,,,,,,
AK1EF4NACR1UJ,prim,20-2,20.0,2000.0,10,5839.249999940395,3753.475000023842,3694.024999946356,4512.725,4315.11666671435,3224.355555560854,3554.5933332125346,5089.093750149012,4108.308333357175,,,,,,,,,,,,,,,,,,
AK1EF4NACR1UJ,prim,20-2,20.0,2000.0,11,4196.458333280351,5308.8599999964235,4086.9562499523163,4287.100000011921,3422.387499988079,3963.2625000178814,4720.858333269755,4505.981249988079,3467.0777778360575,3175.8055555423102,,,,,,,,,,,,,,,,,
AK1EF4NACR1UJ,prim,20-2,20.0,2000.0,12,4499.937500119209,3218.000000178814,3970.2666665712995,3497.408333361149,4052.800000101328,3836.000000079473,3606.983333269755,4458.633333285649,3857.0999999046326,3748.731250077486,4110.950000107288,,,,,,,,,,,,,,,,
AK1EF4NACR1UJ,prim,20-2,20.0,2000.0,13,3940.199999888738,3344.833333094915,4902.816666762034,2636.6000000834465,4621.9833334287005,3227.083333412806,3069.5750000476837,4038.3166666825614,3136.5749999284744,2876.6624999046326,2920.2750000953674,3165.074999988079,,,,,,,,,,,,,,,
AK1EF4NACR1UJ,prim,20-2,20.0,2000.0,14,2568.300000190735,2098.5,3060.5,,2149.699999809265,2041.900000095368,,4273.5,3531.4000000953674,2778.599999904633,2790.2999997138977,,,,,,,,,,,,,,,,
AK1EF4NACR1UJ,prim,20-2,20.0,2000.0,16,7324.0,2254.9000000953674,2431.6000003814697,2097.0,3714.6000003814697,,3617.099999904633,3116.699999809265,6478.099999904633,3404.099999904633,3406.7999997138977,3741.599999904633,2208.4000000953674,2032.5999999046328,5211.5,,,,,,,,,,,,
AKIT35WR8HEQ3,prim,20-2,20.0,2000.0,2,,,,,,,,,,,,,,,,,,,,,,,,,,,
AKIT35WR8HEQ3,prim,20-2,20.0,2000.0,3,3193.4000000003725,4313.200000001118,,,,,,,,,,,,,,,,,,,,,,,,,
AKIT35WR8HEQ3,prim,20-2,20.0,2000.0,5,4740.166666537731,7585.666666657767,6388.688888893111,10685.175000023097,,,,,,,,,,,,,,,,,,,,,,,
AKIT35WR8HEQ3,prim,20-2,20.0,2000.0,6,6461.833333285525,3980.4083333889334,3957.3099999401716,3832.350000000248,4893.387499999953,,,,,,,,,,,,,,,,,,,,,,
AKIT35WR8HEQ3,prim,20-2,20.0,2000.0,7,5105.558333284843,4714.250000032596,6902.908333356182,6748.525000032969,5910.750000129144,5551.300000000279,,,,,,,,,,,,,,,,,,,,,
AKIT35WR8HEQ3,prim,20-2,20.0,2000.0,8,6593.761666758855,4748.43611109919,4881.8888888872325,4964.910000045597,5321.876666662097,4601.662500023842,10606.436666677891,,,,,,,,,,,,,,,,,,,,
AKIT35WR8HEQ3,prim,20-2,20.0,2000.0,9,4124.258333240947,3541.5333333810167,7409.225000023842,6816.97500000149,4457.424999900162,5069.3416666686535,5236.575000047684,5831.250000003725,,,,,,,,,,,,,,,,,,,
AKIT35WR8HEQ3,prim,20-2,20.0,2000.0,10,11193.90000000596,,6582.79999999702,4264.70000000298,4776.20000000298,8459.20000000298,8866.0,8266.79999999702,9446.0,,,,,,,,,,,,,,,,,,
AKIT35WR8HEQ3,prim,20-2,20.0,2000.0,11,2345.79999999702,4850.29999999702,5577.9000000059605,6120.600000008941,,,6244.899999991059,3290.20000000298,2902.89999999106,,,,,,,,,,,,,,,,,,
AKIT35WR8HEQ3,prim,20-2,20.0,2000.0,12,,5402.0,3570.79999999702,3905.20000000298,5361.0,2269.4000000059605,3895.29999999702,2265.1000000089407,2569.5,2505.4000000059605,2185.5,,,,,,,,,,,,,,,,
AKIT35WR8HEQ3,prim,20-2,20.0,2000.0,13,,1968.0,2992.5999999940395,2945.39999999106,2656.0,15416.80000001192,,3257.4000000059605,2079.5,3729.79999999702,,,,,,,,,,,,,,,,,
AP9WIQ4P78XLH,rec,20-2,20.0,2000.0,4,1771.0,2680.544444443451,2268.833333333333,,,,,,,,,,,,,,,,,,,,,,,,
AP9WIQ4P78XLH,rec,20-2,20.0,2000.0,5,3446.2999999970198,2158.0499999970198,6835.64999999851,20990.90000000596,,,,,,,,,,,,,,,,,,,,,,,
AP9WIQ4P78XLH,rec,20-2,20.0,2000.0,6,2100.1666666666665,2022.3833333340783,3349.1916666651764,7491.07500000298,6262.5,,,,,,,,,,,,,,,,,,,,,,
AP9WIQ4P78XLH,rec,20-2,20.0,2000.0,7,1889.7624999997515,1977.5333333340784,2026.1291666674117,3812.6666666689016,3247.99583333234,12529.037499999255,,,,,,,,,,,,,,,,,,,,,
AP9WIQ4P78XLH,rec,20-2,20.0,2000.0,8,2251.375,2319.6183333342274,2277.360000000149,3029.9841666671136,5436.049166666965,6104.320833334078,9071.547499999404,,,,,,,,,,,,,,,,,,,,
AP9WIQ4P78XLH,rec,20-2,20.0,2000.0,9,2078.0,1765.5,1878.0,2903.5,2643.0,2656.5,4547.0,10386.5,,,,,,,,,,,,,,,,,,,
AP9WIQ4P78XLH,rec,20-2,20.0,2000.0,10,1733.1166666696467,1976.5333333363135,1918.4333333348234,2760.60000000149,2622.616666669647,4623.466666663686,10965.89999999851,16437.85000000149,5848.35000000149,,,,,,,,,,,,,,,,,,
AP9WIQ4P78XLH,rec,20-2,20.0,2000.0,11,1344.0,2864.0,1894.0,1962.0,1804.0,9507.0,5851.0,,3192.0,2327.0,,,,,,,,,,,,,,,,,
AR9AU5FY1S3RO,rec,20-2,20.0,2000.0,5,1664.433333337307,1758.3000000019867,1571.199999988079,4604.533333321412,,,,,,,,,,,,,,,,,,,,,,,
AR9AU5FY1S3RO,rec,20-2,20.0,2000.0,6,1929.5249999985099,2598.6833333348236,2936.6333333353205,2444.924999989569,8921.916666666666,,,,,,,,,,,,,,,,,,,,,,
AR9AU5FY1S3RO,rec,20-2,20.0,2000.0,7,1975.250000001656,2044.3388888984919,7104.594444442127,2743.127777783407,7247.933333327373,11353.95000001043,,,,,,,,,,,,,,,,,,,,,
AR9AU5FY1S3RO,rec,20-2,20.0,2000.0,8,1841.8833333353202,3289.9833333293595,2547.64999999851,4335.125,3318.216666648785,4674.8333333233995,20132.84999999404,,,,,,,,,,,,,,,,,,,,
AR9AU5FY1S3RO,rec,20-2,20.0,2000.0,9,1908.5833333407838,2273.3937499988824,2702.135416664804,2813.3812499927976,3173.6833333335817,8425.558333327372,6514.704166674366,4376.668749991804,,,,,,,,,,,,,,,,,,,
AR9AU5FY1S3RO,rec,20-2,20.0,2000.0,10,2026.2111111117736,2392.06111111078,1651.4277777738043,3027.733333332671,3524.37777777844,4123.350000002318,5248.338888885247,5267.761111107137,2829.0166666656733,,,,,,,,,,,,,,,,,,
AR9AU5FY1S3RO,rec,20-2,20.0,2000.0,11,1451.5333333346578,1638.8777777668502,2584.722222228845,3064.566666666004,2710.6444444590143,3160.5944444504044,3490.199999998013,3124.211111120052,6061.222222215601,5964.088888886902,,,,,,,,,,,,,,,,,
AR9AU5FY1S3RO,rec,20-2,20.0,2000.0,13,1485.3999999910593,2515.8999999910593,1456.3500000089407,1586.7499999850988,1438.8999999985099,2407.9500000029802,1972.1500000059605,4166.47500000149,4129.2750000059605,6002.274999991059,8482.449999988079,2934.8249999955297,,,,,,,,,,,,,,,
AR9AU5FY1S3RO,rec,20-2,20.0,2000.0,14,1538.0,2437.4000000059605,2094.0,1855.7000000178807,6722.4000000059605,2016.0,,2861.600000023842,2899.699999988079,2259.7000000178814,1508.199999988079,14380.19999998808,15071.30000001192,,,,,,,,,,,,,,
AXCDKBG1R43GE,ns,20-2,20.0,2000.0,6,,,,,8327.5,,,,,,,,,,,,,,,,,,,,,,
AXCDKBG1R43GE,ns,20-2,20.0,2000.0,7,,3298.5,4291.100000000093,3429.2999999998137,3210.100000000093,,,,,,,,,,,,,,,,,,,,,,
AXCDKBG1R43GE,ns,20-2,20.0,2000.0,8,3583.387500016426,3050.6333333302755,3560.2250000041677,4073.900000003477,4031.9888888862392,5339.6888888916,6352.475000008242,,,,,,,,,,,,,,,,,,,,
AXCDKBG1R43GE,ns,20-2,20.0,2000.0,9,3778.1416666642763,7831.850000002887,7946.53750000603,3588.2500000020955,5785.137500005978,5272.9499999980135,3495.212499987334,5460.566666669678,,,,,,,,,,,,,,,,,,,
AXCDKBG1R43GE,ns,20-2,20.0,2000.0,10,3807.2375000052853,3933.0249999877483,3905.5924999959534,3341.6687499959953,3397.5525000047874,4045.016666667885,3986.1812499966472,4806.350000005629,5626.425000001909,,,,,,,,,,,,,,,,,,
AXCDKBG1R43GE,ns,20-2,20.0,2000.0,11,4135.255000011564,3925.1958333489215,4268.585000009078,4562.579166658106,4104.962500005224,3908.4999999896777,4907.236111108214,4451.443750008591,3255.3933333357486,5116.356666667279,,,,,,,,,,,,,,,,,
AXCDKBG1R43GE,ns,20-2,20.0,2000.0,12,4716.9000000059605,4939.900000009686,4207.30000000447,3202.9833333293595,3732.2374999918975,13808.699999988079,5276.79999999702,3673.549999989569,4218.762499999953,3923.0125000021653,3385.9500000089174,,,,,,,,,,,,,,,,
AXCDKBG1R43GE,ns,20-2,20.0,2000.0,13,5096.625000014901,3863.2750000208616,3482.050000011921,3589.2250000089407,7246.65000000596,2217.9500000178814,4219.1500000059605,1928.5,4339.074999973178,3051.2000000178814,4733.70000000298,5804.724999979138,,,,,,,,,,,,,,,
A102WSFN62OS6I,ns,40-1,40.0,1000.0,7,3336.0,,3942.0,,3650.0,3928.0,,,,,,,,,,,,,,,,,,,,,
A102WSFN62OS6I,ns,40-1,40.0,1000.0,10,3577.0,2735.5,2853.0,4240.0,2830.0,2753.0,3288.0,3702.0,2090.0,,,,,,,,,,,,,,,,,,
A102WSFN62OS6I,ns,40-1,40.0,1000.0,11,5161.25,3808.5,4210.5,3426.0,3618.0,5744.5,4182.75,3867.0,4521.5,5351.0,,,,,,,,,,,,,,,,,
A102WSFN62OS6I,ns,40-1,40.0,1000.0,12,4745.666666666667,3294.3333333333335,3036.0,3474.5,3284.0,4013.0,4269.0,3832.6666666666665,3756.0,2861.0,4163.666666666667,,,,,,,,,,,,,,,,
A102WSFN62OS6I,ns,40-1,40.0,1000.0,13,3069.666666666667,3547.375,3169.0,3296.333333333333,4289.0,3530.25,4373.375,4027.5,3459.625,3045.375,3217.416666666667,7529.5,,,,,,,,,,,,,,,
A102WSFN62OS6I,ns,40-1,40.0,1000.0,14,4926.5,3250.2,3305.4,3803.25,4668.8,4155.5,5927.75,3676.3333333333335,3919.6,3110.6,4691.2,3520.8,4509.2,,,,,,,,,,,,,,
A102WSFN62OS6I,ns,40-1,40.0,1000.0,15,3401.6666666666665,3735.3888888888887,3516.444444444445,3598.222222222222,3452.6666666666665,3300.8333333333335,4622.0,4468.166666666667,3834.1666666666665,3515.0,3927.3888888888887,4353.777777777777,4426.055555555556,4562.333333333333,,,,,,,,,,,,,
A102WSFN62OS6I,ns,40-1,40.0,1000.0,16,4229.5,4044.8333333333335,2562.0,3297.8333333333335,2654.1666666666665,4064.1666666666665,2648.8333333333335,3261.1666666666665,4119.166666666667,2757.8333333333335,3473.3333333333335,3352.6666666666665,3220.3333333333335,3703.0,3125.5,,,,,,,,,,,,
A102WSFN62OS6I,ns,40-1,40.0,1000.0,17,4177.0,3718.25,3567.75,3232.75,3636.0,4086.5,4307.0,3479.25,3362.75,4289.25,3856.75,4120.25,3959.5,3129.25,3650.25,5309.0,,,,,,,,,,,
A102WSFN62OS6I,ns,40-1,40.0,1000.0,18,2933.0,3728.0,2991.0,2709.0,3063.0,2299.0,3966.0,3083.0,4865.0,3739.0,2878.0,3723.0,3408.0,4057.0,3570.0,5492.0,3515.0,,,,,,,,,,
A13WTEQ06V3B6D,rec,40-1,40.0,1000.0,12,935.6999999880792,3329.3500000089407,2357.2000000029802,5025.09999999404,4836.700000017881,2500.25,1007.1999999880791,18570.35000000894,1536.9000000059605,18403.34999999404,1083.9000000059605,,,,,,,,,,,,,,,,
A13WTEQ06V3B6D,rec,40-1,40.0,1000.0,13,1245.1500000059605,2697.6000000089407,2371.8999999910593,861.2000000178814,3060.0,4723.5999999940395,2921.5499999970198,21474.0,1335.8500000089407,18544.39999999106,2646.449999988079,2905.0,,,,,,,,,,,,,,,
A13WTEQ06V3B6D,rec,40-1,40.0,1000.0,14,1215.2000000178814,2104.64999999851,3246.25,1157.5500000026077,2584.449999999255,20996.50000000745,1074.5499999988824,2796.5999999903142,1081.800000011921,3253.3500000089407,2106.5999999903142,2111.000000009313,1696.2000000178814,,,,,,,,,,,,,,
A13WTEQ06V3B6D,rec,40-1,40.0,1000.0,16,1811.550000011921,1949.8999999960263,1964.1666666766007,3341.233333339294,1802.0499999970198,9394.800000001987,2340.5999999940395,15894.633333325386,1675.7333333293598,18641.04999998212,1864.866666674614,2041.1499999910593,1472.7666666706402,3711.4666666785874,1408.5,,,,,,,,,,,,
A13WTEQ06V3B6D,rec,40-1,40.0,1000.0,17,2460.0999999940395,1347.0999999940395,4475.699999988079,877.6000000238419,2473.2000000178814,2400.699999988079,,3948.0,4551.800000011921,1586.5999999940395,,974.9000000059604,3210.4000000059605,3033.699999988079,,1210.100000023842,,,,,,,,,,,
A13WTEQ06V3B6D,rec,40-1,40.0,1000.0,18,1184.8500000014901,1936.5000000074506,2532.85000000149,5197.600000023842,2472.149999992922,2219.5,,1857.749999994412,,1749.9000000059605,1567.5499999988824,4573.900000002235,2284.8499999996275,3293.75,2472.14999999851,1065.2000000029802,3075.9500000011176,,,,,,,,,,
A13WTEQ06V3B6D,rec,40-1,40.0,1000.0,19,2923.7374999974854,3060.533333330726,2116.099999998386,3248.8499999982305,3412.3249999959953,3873.76250000624,1848.9000000031665,2961.687500002794,2792.9374999995343,1745.7875000000931,1849.8500000002484,4749.6500000034775,1646.1624999996275,3345.1374999987893,1408.3499999968335,2008.6625000010245,3150.649999995406,3829.39999999851,,,,,,,,,
A13WTEQ06V3B6D,rec,40-1,40.0,1000.0,20,2027.5124999998757,1071.6624999952812,2338.766666657912,3126.783333356492,3282.550000020303,2351.7375000086613,3408.2166666615135,3356.799999992363,4987.658333326379,2984.4958333279938,3141.150000002701,2035.9499999925804,3005.274999993543,1599.6124999895692,2419.974999996368,1598.1250000130385,5658.775000009997,2820.062499998603,3608.8166666664183,,,,,,,,
A13WTEQ06V3B6D,rec,40-1,40.0,1000.0,21,1420.4083333251376,1016.0916666798294,3568.0416666679084,5019.608333314458,2469.5416666679084,2588.1222222285965,3744.5875000171363,2384.5333333330022,2722.149999976158,2712.1083333293595,1803.8166666589677,3263.4277777878774,2768.7583333216608,2762.1833333310983,2305.9500000054636,2904.34166666617,2589.3333333320916,3063.277777773225,2602.800000011921,2868.566666662693,,,,,,,
A13WTEQ06V3B6D,rec,40-1,40.0,1000.0,22,1513.4249999953124,2291.350000000714,3090.5291666579433,4580.975000008941,2479.8833333356306,2451.979166655646,2850.47916665487,3193.955555551375,3137.6624999968335,2372.0749999913387,10585.862499990966,3447.3249999969266,2601.4458333342336,2697.0166666678465,2041.6000000080094,2967.2916666657356,2380.045833323151,4733.350000013597,3039.23749999376,2201.4666666658595,4712.58333333085,,,,,,
A13WTEQ06V3B6D,rec,40-1,40.0,1000.0,23,1179.980000015845,1859.2999999833603,6219.0666666708885,3385.6333333318435,2703.4999999982615,5051.893333343664,2928.3666666587196,2548.226666667064,2537.0800000026825,3824.5666666651764,3559.6933333300053,3173.046666651964,2196.54666666165,2368.673333333681,2442.033333326876,2130.7750000208616,3585.5333333380518,4968.720000004769,2576.141666673124,1935.5399999943872,6120.593333323052,3771.880000006035,,,,,
A13WTEQ06V3B6D,rec,40-1,40.0,1000.0,24,1192.2999999523165,931.899999976158,8165.899999976158,954.899999976158,2437.7999999523163,802.8999999761581,1907.5,2253.099999904633,,,,2445.399999976158,8187.399999976158,8701.299999952316,2096.2999999523163,1315.7000000476835,9763.0,794.1000000238419,4423.5,1527.0,3635.299999952316,1021.2999999523164,2260.5,,,,
A13WTEQ06V3B6D,rec,40-1,40.0,1000.0,25,816.3999999910593,1908.4000000059605,1875.20000000298,658.8000000119209,3893.400000005961,757.2999999970198,4077.400000005961,1485.1000000089407,10309.39999999106,3303.0999999940395,3225.800000011921,1032.2999999970198,2506.9000000059605,4168.5,2546.0,4290.20000000298,,4244.29999999702,1176.5,4531.100000008941,977.7000000029802,3637.900000005961,1754.7999999970198,,,,
A178HXQENEAI65,rec,40-1,40.0,1000.0,11,4337.900000333786,3254.6249998807907,3276.699999809265,3065.550000190735,3413.2499998807907,3267.049999833107,,4148.399999976158,4860.349999904633,2685.0499997138977,,,,,,,,,,,,,,,,,
A178HXQENEAI65,rec,40-1,40.0,1000.0,12,3512.0666666030884,3348.3000000317893,3333.1499999761586,3069.8666667143502,4909.766666650772,2644.1499999761586,3873.333333412806,4243.199999968211,2645.9000000953674,3559.3666666348777,4648.699999968211,,,,,,,,,,,,,,,,
A178HXQENEAI65,rec,40-1,40.0,1000.0,13,3376.2750000953674,3633.150000015895,4094.1500000158944,3719.8999999364214,4822.016666650772,3214.9666665395102,3975.1166667143507,3524.9277777141992,2950.2999998728437,3880.3055556747654,3640.8333332538605,2923.42777774069,,,,,,,,,,,,,,,
A178HXQENEAI65,rec,40-1,40.0,1000.0,14,3351.375000158946,3641.845833341281,3827.8833332061768,3373.533333354526,4644.041666785876,4949.824999968211,3199.8416665792465,3437.025000055631,3559.733333243264,2845.78888894452,3029.98611108462,2917.3416665593786,2889.2416666348777,,,,,,,,,,,,,,
A178HXQENEAI65,rec,40-1,40.0,1000.0,15,3076.2916666269302,3516.223333406448,3583.5083332856498,3910.1583335399628,2935.824999988079,4520.5416665871935,3315.4249999920526,4484.453333361944,3960.5799999316537,3314.5333334604898,4106.863333360354,4521.734999918937,3702.999999920527,3687.1233332872393,,,,,,,,,,,,,
A178HXQENEAI65,rec,40-1,40.0,1000.0,16,2938.011111060778,3003.5500000417233,3976.274999936422,3499.8437500298023,4777.0250000059605,3211.768749922514,3624.0125000675516,2964.5208333432674,2902.1124999821186,3151.2937501370907,2630.581250011921,2902.7312499582767,3016.3187499046326,3588.8833332856498,3876.7187499701977,,,,,,,,,,,,
A178HXQENEAI65,rec,40-1,40.0,1000.0,17,3570.441666629579,3150.4694443146386,3092.694444444445,2998.466666645474,2667.2833334207535,3471.4916667143502,3956.0055555237664,3673.1250000397367,3498.6666666666665,3888.6111111905834,3382.9166664679847,3230.6499999099306,5125.2444445821975,3493.7083335320153,3164.6138888200126,3055.333333412806,,,,,,,,,,,
A178HXQENEAI65,rec,40-1,40.0,1000.0,18,2014.900000095368,2231.4000000953674,3407.2999997138977,2952.099999904633,2897.0,5734.5,2566.5,3304.5,2623.4000000953674,4904.400000095367,2437.699999809265,1444.7000002861023,3189.4000000953674,3479.599999904633,3457.5,2631.5,3992.2999997138977,,,,,,,,,,
A178HXQENEAI65,rec,40-1,40.0,1000.0,19,2536.9500000476837,2723.0499999523163,3865.4000000953674,3613.5999999046326,2557.899999856949,3206.100000143051,4576.100000143051,3141.5,2737.1500000953674,3029.350000143051,5621.899999856949,4262.899999856949,3173.75,2469.9500000476837,2585.2999999523163,2745.9000000953674,2770.2999997138977,2738.75,,,,,,,,,
A1BLHM2IDH7DH4,prim,40-1,40.0,1000.0,6,3301.0,,15743.0,2946.0,11700.0,,,,,,,,,,,,,,,,,,,,,,
A1BLHM2IDH7DH4,prim,40-1,40.0,1000.0,7,4152.0,4671.833333333333,3709.6666666666665,4968.0,4590.666666666667,3941.5,,,,,,,,,,,,,,,,,,,,,
A1BLHM2IDH7DH4,prim,40-1,40.0,1000.0,8,6341.0,3137.0,2431.0,7626.5,4882.5,5656.0,6676.0,,,,,,,,,,,,,,,,,,,,
A1BLHM2IDH7DH4,prim,40-1,40.0,1000.0,9,,6457.0,,5004.0,3543.0,4715.0,4249.0,6643.0,,,,,,,,,,,,,,,,,,,
A1BLHM2IDH7DH4,prim,40-1,40.0,1000.0,10,18377.0,3052.0,9071.0,5800.5,4177.0,3558.0,5881.0,8223.0,6406.0,,,,,,,,,,,,,,,,,,
A1BLHM2IDH7DH4,prim,40-1,40.0,1000.0,11,3786.0,4417.666666666667,2724.5,3692.6666666666665,4755.333333333333,4861.5,8033.666666666667,3675.0,8058.0,3309.3333333333335,,,,,,,,,,,,,,,,,
A1BLHM2IDH7DH4,prim,40-1,40.0,1000.0,12,4356.5,4125.0,5922.0,8128.5,3837.0,5670.0,3784.0,7777.0,,4322.0,4948.5,,,,,,,,,,,,,,,,
A1BLHM2IDH7DH4,prim,40-1,40.0,1000.0,13,4262.0,4482.0,4624.0,6038.0,,7249.0,4088.0,7924.0,6491.0,6133.0,5012.0,,,,,,,,,,,,,,,,
A1BLHM2IDH7DH4,prim,40-1,40.0,1000.0,14,3902.5,5523.75,6666.0,5003.5,4591.0,4494.5,4519.0,5115.333333333333,4481.25,5574.25,4861.666666666667,4852.0,4604.5,,,,,,,,,,,,,,
A1BLHM2IDH7DH4,prim,40-1,40.0,1000.0,15,5794.625,4454.166666666667,4910.875,4367.916666666667,6900.041666666667,4984.583333333333,4497.125,5112.375,4126.0,4879.083333333333,5550.416666666667,4871.916666666667,5223.208333333333,5212.125,,,,,,,,,,,,,
A1BLHM2IDH7DH4,prim,40-1,40.0,1000.0,16,3708.1388888888887,4317.666666666667,4766.527777777777,4310.583333333333,4067.861111111111,4169.055555555556,5351.222222222223,4860.38888888889,4940.277777777777,6013.805555555556,5994.375,4586.944444444444,4819.805555555556,5418.055555555556,4864.083333333333,,,,,,,,,,,,
A1BLHM2IDH7DH4,prim,40-1,40.0,1000.0,17,3981.8333333333335,5003.833333333333,3779.75,3724.25,4882.25,4961.75,3637.666666666667,4490.0,4226.75,3668.3333333333335,5242.75,4461.75,4180.666666666666,4479.833333333334,4336.5,6605.75,,,,,,,,,,,
A1BLHM2IDH7DH4,prim,40-1,40.0,1000.0,18,4385.0,4428.833333333333,3446.6666666666665,3420.6666666666665,3745.75,3897.1666666666665,4498.5,3833.0,4088.0,3680.8333333333335,4733.75,3707.3333333333335,4998.5,5785.833333333333,4082.6666666666665,5460.25,4315.0,,,,,,,,,,
A1BLHM2IDH7DH4,prim,40-1,40.0,1000.0,19,5022.0,2231.0,3205.0,3606.0,3852.0,5135.0,3206.0,3630.0,2650.0,6704.0,3097.0,6264.0,5198.0,3660.0,5463.0,7073.0,3964.0,6808.0,,,,,,,,,
A1BLHM2IDH7DH4,prim,40-1,40.0,1000.0,20,3359.0,2002.0,2438.0,3128.0,5251.0,3740.0,4937.0,3637.0,9750.0,3396.0,,4652.0,3332.0,2805.0,2664.0,3695.0,4117.0,3127.0,4017.0,,,,,,,,
A1DJB12ZI46GPX,prim,40-1,40.0,1000.0,2,4001.0,,,,,,,,,,,,,,,,,,,,,,,,,,
A1DJB12ZI46GPX,prim,40-1,40.0,1000.0,3,7085.0,6263.0,,,,,,,,,,,,,,,,,,,,,,,,,
A1DJB12ZI46GPX,prim,40-1,40.0,1000.0,4,5635.0,5242.0,6078.0,,,,,,,,,,,,,,,,,,,,,,,,
A1DJB12ZI46GPX,prim,40-1,40.0,1000.0,5,,,5487.0,5147.0,,,,,,,,,,,,,,,,,,,,,,,
A1DJB12ZI46GPX,prim,40-1,40.0,1000.0,6,,,,4355.0,4805.0,,,,,,,,,,,,,,,,,,,,,,
A1DJB12ZI46GPX,prim,40-1,40.0,1000.0,7,3837.25,4858.666666666667,4547.0,4594.833333333333,6329.333333333333,3336.5,,,,,,,,,,,,,,,,,,,,,
A1DJB12ZI46GPX,prim,40-1,40.0,1000.0,8,3291.1666666666665,4394.125,5233.25,3710.75,7984.333333333333,5206.333333333333,4223.333333333333,,,,,,,,,,,,,,,,,,,,
A1DJB12ZI46GPX,prim,40-1,40.0,1000.0,9,4693.5,3869.6666666666665,3819.1666666666665,4415.833333333333,6532.833333333333,6143.75,4280.0,5159.833333333333,,,,,,,,,,,,,,,,,,,
A1DJB12ZI46GPX,prim,40-1,40.0,1000.0,10,3569.1111111111113,3594.1666666666665,5559.222222222223,7645.722222222223,4700.277777777778,4187.111111111111,4213.722222222223,5086.75,4442.055555555556,,,,,,,,,,,,,,,,,,
A1DJB12ZI46GPX,prim,40-1,40.0,1000.0,11,4181.666666666667,5362.25,4177.25,3957.25,4829.25,5196.75,4569.416666666666,6714.0,6171.5,4091.0,,,,,,,,,,,,,,,,,
A1DJB12ZI46GPX,prim,40-1,40.0,1000.0,12,4473.5,3814.5,3972.5,3643.6666666666665,5034.5,7234.0,4293.5,,4371.25,4355.833333333333,4705.166666666666,,,,,,,,,,,,,,,,
A1DJB12ZI46GPX,prim,40-1,40.0,1000.0,13,8921.5,3756.25,4489.75,3634.0,4132.916666666666,4167.083333333334,4211.833333333334,4483.666666666666,4387.166666666667,5828.0,5141.166666666666,4065.3333333333335,,,,,,,,,,,,,,,
A1DJB12ZI46GPX,prim,40-1,40.0,1000.0,14,4601.0,4857.0,4127.666666666667,4995.333333333333,5227.666666666667,4935.0,6473.0,5025.5,4257.333333333333,3948.0,6592.0,4209.333333333333,3940.3333333333335,,,,,,,,,,,,,,
A1DJB12ZI46GPX,prim,40-1,40.0,1000.0,15,3605.0,4118.0,4184.0,3268.0,3312.0,5310.0,4389.0,4235.0,16065.0,5111.0,,4536.0,4472.0,4276.0,,,,,,,,,,,,,
A1DZMZTXWOM9MR,rec,40-1,40.0,1000.0,4,3923.5,4172.0,57259.39999999944,,,,,,,,,,,,,,,,,,,,,,,,
A1DZMZTXWOM9MR,rec,40-1,40.0,1000.0,5,3506.000000000543,4926.125,6264.387499999953,11213.149999999674,,,,,,,,,,,,,,,,,,,,,,,
A1DZMZTXWOM9MR,rec,40-1,40.0,1000.0,6,4547.777777777156,4418.949999999721,7619.991666666542,6863.663888888434,19714.249999999793,,,,,,,,,,,,,,,,,,,,,,
A1DZMZTXWOM9MR,rec,40-1,40.0,1000.0,7,4002.8833333334574,3725.111111111215,5042.811111111194,5589.24999999969,11836.699999999464,10204.21666666648,,,,,,,,,,,,,,,,,,,,,
A1DZMZTXWOM9MR,rec,40-1,40.0,1000.0,8,4001.125,3631.6374999999534,4211.375000000466,7415.97499999986,8516.649999999907,8664.687500000466,18215.437499999767,,,,,,,,,,,,,,,,,,,,
A1DZMZTXWOM9MR,rec,40-1,40.0,1000.0,9,3796.9875000002794,3572.3000000000466,4296.462500000838,3105.0375000007916,6475.08750000014,9696.900000000605,7989.649999999751,15581.000000000931,,,,,,,,,,,,,,,,,,,
A1DZMZTXWOM9MR,rec,40-1,40.0,1000.0,10,4398.933333331719,2824.5666666657976,3286.1666666666665,4757.200000000186,6652.166666666667,6755.049999998882,6963.233333332464,19162.300000000745,12386.950000000186,,,,,,,,,,,,,,,,,,
A1DZMZTXWOM9MR,rec,40-1,40.0,1000.0,11,3513.800000000745,3734.89999999851,,4846.5,3312.199999999255,4107.5,19066.400000002235,3242.0,16193.5,9770.0,,,,,,,,,,,,,,,,,
A1EU59VMI8GL4K,rec,40-1,40.0,1000.0,7,5011.75,5259.0,4381.166666666666,7214.333333333334,6534.0,4969.916666666666,,,,,,,,,,,,,,,,,,,,,
A1EU59VMI8GL4K,rec,40-1,40.0,1000.0,8,3748.8333333333335,4690.0,3618.6666666666665,6070.25,3213.9166666666665,6409.0,6138.833333333333,,,,,,,,,,,,,,,,,,,,
A1EU59VMI8GL4K,rec,40-1,40.0,1000.0,9,3302.7,5379.766666666666,5130.083333333333,7631.366666666667,3483.711111111111,5643.741666666667,5488.4375,5472.083333333333,,,,,,,,,,,,,,,,,,,
A1EU59VMI8GL4K,rec,40-1,40.0,1000.0,10,5426.833333333334,4045.0833333333335,3532.0,5517.0,2945.583333333333,8983.625,5204.25,3777.75,5109.25,,,,,,,,,,,,,,,,,,
A1EU59VMI8GL4K,rec,40-1,40.0,1000.0,11,4337.666666666667,3623.0,3719.25,6323.083333333333,3731.0833333333335,3943.6666666666665,4654.25,4511.083333333333,6429.75,4759.888888888889,,,,,,,,,,,,,,,,,
A1EU59VMI8GL4K,rec,40-1,40.0,1000.0,12,3178.0,4505.0,3628.0,4605.25,3075.25,3537.0,3041.25,3462.0,5581.0,4073.5,4938.75,,,,,,,,,,,,,,,,
A1EU59VMI8GL4K,rec,40-1,40.0,1000.0,13,2937.0,3362.5,2808.0,4240.5,5290.0,3280.5,3274.0,4608.0,4324.5,4094.0,7548.0,4147.5,,,,,,,,,,,,,,,
A1F0VEHWK3IAF4,ns,40-1,40.0,1000.0,3,,8336.400000095367,,,,,,,,,,,,,,,,,,,,,,,,,
A1F0VEHWK3IAF4,ns,40-1,40.0,1000.0,4,5552.9000000059605,5145.883333320418,5391.224999949336,,,,,,,,,,,,,,,,,,,,,,,,
A1F0VEHWK3IAF4,ns,40-1,40.0,1000.0,5,7332.761111120383,5551.299999974668,4013.9999999403954,6382.433333367109,,,,,,,,,,,,,,,,,,,,,,,
A1F0VEHWK3IAF4,ns,40-1,40.0,1000.0,6,5092.024999976158,9066.516666668158,4451.656249925494,4766.247222224872,5192.569999991854,,,,,,,,,,,,,,,,,,,,,,
A1F0VEHWK3IAF4,ns,40-1,40.0,1000.0,7,4622.220833351215,4778.183333337307,5749.591666698456,5353.100000008941,6369.233333289623,4804.127777828111,,,,,,,,,,,,,,,,,,,,,
A1F0VEHWK3IAF4,ns,40-1,40.0,1000.0,8,5186.549999937415,4558.475000031292,4381.762500029057,3910.262499984354,5749.925000064075,6508.949999965727,5307.399999946356,,,,,,,,,,,,,,,,,,,,
A1F0VEHWK3IAF4,ns,40-1,40.0,1000.0,9,6185.45000000298,3579.050000011921,5903.950000047684,5932.799999907613,4586.400000095367,4945.299999713898,8087.999999850989,7612.75,,,,,,,,,,,,,,,,,,,
A1F0VEHWK3IAF4,ns,40-1,40.0,1000.0,10,5788.099999904633,5208.800000190735,,3153.9000000953674,20305.900000095367,6792.699999809265,11610.0,8817.900000095367,6297.300000190735,,,,,,,,,,,,,,,,,,
A1F0VEHWK3IAF4,ns,40-1,40.0,1000.0,14,,3667.699999988079,2783.4000000059605,,5815.800000011921,3217.5999999940395,3249.5,3587.800000011921,5440.600000023842,3528.5,7690.90000000596,8832.40000000596,6296.59999999404,,,,,,,,,,,,,,
A1HGWCCIWP7AO0,ns,40-1,40.0,1000.0,5,4072.3499999046326,3474.5999994277954,4712.39999961853,5700.800000190735,,,,,,,,,,,,,,,,,,,,,,,
A1HGWCCIWP7AO0,ns,40-1,40.0,1000.0,7,5217.89999961853,,4128.0,16704.60000038147,4436.300000190735,,,,,,,,,,,,,,,,,,,,,,
A1HGWCCIWP7AO0,ns,40-1,40.0,1000.0,8,14354.5,4009.89999961853,5809.599999904633,4086.300000190735,4686.199999809265,5622.700000286102,5809.5,,,,,,,,,,,,,,,,,,,,
A1HGWCCIWP7AO0,ns,40-1,40.0,1000.0,10,5222.816666285197,4792.783333381018,5291.877778000302,4246.850000063579,4649.350000063579,4297.774999936422,4300.961111121708,6549.550000190735,4422.7666664123535,,,,,,,,,,,,,,,,,,
A1HGWCCIWP7AO0,ns,40-1,40.0,1000.0,11,5264.466666698456,4600.788888825311,3942.125,5381.63333331214,3676.183333476384,4662.400000095367,3473.900000413259,5060.811111132304,5066.650000095367,6057.266666889191,,,,,,,,,,,,,,,,,
A1HGWCCIWP7AO0,ns,40-1,40.0,1000.0,12,8946.125000238419,3115.2000000476837,3391.6500004132586,4630.916666507721,6822.89999961853,5114.125,5766.683333714804,3976.724999666214,3242.7500002384186,5628.533333301544,6502.2333335876465,,,,,,,,,,,,,,,,
A1HGWCCIWP7AO0,ns,40-1,40.0,1000.0,13,5021.466667016347,4738.800000031789,6525.450000127156,3918.6333333651223,5871.633333683014,5611.9833334287005,4882.699999809265,5354.799999713898,4513.849999745687,3852.449999809265,6419.325000286102,3730.2499996821084,,,,,,,,,,,,,,,
A1HGWCCIWP7AO0,ns,40-1,40.0,1000.0,14,6302.199999809265,6846.883333206177,4178.950000047684,3903.666666242811,5136.055555449591,4047.744444317288,4707.444444338481,3956.9000003602773,4947.749999841054,4408.111111323039,4105.255555470784,5821.244444423252,4876.911110983954,,,,,,,,,,,,,,
A1HGWCCIWP7AO0,ns,40-1,40.0,1000.0,15,2639.9500002861023,3271.3999996185303,3614.550000190735,4467.25,5489.0,3276.3999996185303,4069.75,5030.400000095367,3889.3999996185303,3933.1500000953674,3776.5999999046326,3338.1500000953674,6760.800000190735,6490.799999713898,,,,,,,,,,,,,
A1HGWCCIWP7AO0,ns,40-1,40.0,1000.0,16,4285.0,4651.700000286102,6864.450000286102,4261.049999713898,4367.400000572205,3862.699999809265,2908.800000190735,3696.5,3517.500000476837,5155.449999809265,3068.8499999046326,5259.550000190735,4970.099999904633,5038.849999904633,6341.599999904633,,,,,,,,,,,,
A1IL5P5H5VRW0D,prim,40-1,40.0,1000.0,2,4759.299999952316,,,,,,,,,,,,,,,,,,,,,,,,,,
A1IL5P5H5VRW0D,prim,40-1,40.0,1000.0,3,,,,,,,,,,,,,,,,,,,,,,,,,,,
A1IL5P5H5VRW0D,prim,40-1,40.0,1000.0,5,7266.700000047684,4330.599999964237,5167.899999976158,2710.5,,,,,,,,,,,,,,,,,,,,,,,
A1IL5P5H5VRW0D,prim,40-1,40.0,1000.0,6,4075.09999999404,3975.899999976158,6875.399999976158,4589.433333337307,3889.000000009934,,,,,,,,,,,,,,,,,,,,,,
A1IL5P5H5VRW0D,prim,40-1,40.0,1000.0,7,4596.558333307505,4462.975000023842,4132.89000000159,5266.005555570126,4740.333333361149,5952.938888920678,,,,,,,,,,,,,,,,,,,,,
A1IL5P5H5VRW0D,prim,40-1,40.0,1000.0,8,4094.083333333333,4837.3944444259005,5151.816666682561,8658.088888880278,5064.094444450405,4653.533333361149,10624.666666656733,,,,,,,,,,,,,,,,,,,,
A1IL5P5H5VRW0D,prim,40-1,40.0,1000.0,9,4564.662499986589,4118.179166687032,4208.574999968211,5448.787500016392,4230.377777775128,3702.4500000054636,5443.10000005116,3952.183333354692,,,,,,,,,,,,,,,,,,,
A1IL5P5H5VRW0D,prim,40-1,40.0,1000.0,10,4527.75499997437,4854.0799999614555,4311.533333310154,4444.262499955793,5200.043333357572,4473.270833305021,4486.153333355983,4457.759999990463,4691.219999991357,,,,,,,,,,,,,,,,,,
A1IL5P5H5VRW0D,prim,40-1,40.0,1000.0,11,4789.549999989569,5367.049999974668,4668.550000026822,4158.474999979138,4150.299999967217,6600.20000000298,4001.975000023842,4510.725000046194,5895.3000000193715,5306.549999967217,,,,,,,,,,,,,,,,,
A1IL5P5H5VRW0D,prim,40-1,40.0,1000.0,12,3977.3750000223517,4576.899999991059,4999.000000000001,4420.574999950826,4431.974999926984,5508.77499999851,3423.549999974668,6105.075000047684,4378.074999958277,5494.999999947846,8652.799999974668,,,,,,,,,,,,,,,,
A1J5OW12TRQSOW,ns,40-1,40.0,1000.0,7,,3652.799999952316,2281.800000190735,,2466.899999856949,4085.600000143051,,,,,,,,,,,,,,,,,,,,,
A1J5OW12TRQSOW,ns,40-1,40.0,1000.0,9,3182.399999856949,,3980.099999904633,9253.799999952316,,3315.0,9765.399999856949,7322.600000143051,,,,,,,,,,,,,,,,,,,
A1J5OW12TRQSOW,ns,40-1,40.0,1000.0,10,5983.299999982119,3074.699999988079,3047.4000000059605,3644.800000011921,2146.4000000059605,,3537.0999999940395,3549.0,3847.799999982119,,,,,,,,,,,,,,,,,,
A1J5OW12TRQSOW,ns,40-1,40.0,1000.0,11,3820.100000023842,5231.199999943376,6109.299999952316,4224.099999979138,3980.5,5575.700000017881,3771.75,4786.599999904633,5443.5,5795.399999976158,,,,,,,,,,,,,,,,,
A1J5OW12TRQSOW,ns,40-1,40.0,1000.0,12,5197.400000070532,4030.7000000178814,2500.099999964237,3299.175000049174,4909.216666663687,7639.300000021854,3995.716666713357,4664.4000000059605,5553.849999929468,5103.9166667113695,8934.516666645806,,,,,,,,,,,,,,,,
A1J5OW12TRQSOW,ns,40-1,40.0,1000.0,13,3971.6000000610948,4656.475000023842,2974.6999999806285,2625.175000011921,4269.324999973178,4313.700000025332,5827.050000026822,2816.3999999910593,3349.349999934435,4851.69999999553,3455.575000025332,8307.800000049174,,,,,,,,,,,,,,,
A1J5OW12TRQSOW,ns,40-1,40.0,1000.0,14,2631.283333410819,2991.925000049174,3181.3833333055177,4612.550000071526,3259.0999999940395,4555.883333260814,3814.4166666467986,3877.849999974171,8104.200000047684,6662.783333301544,3817.000000014901,5392.5,5012.975000046194,,,,,,,,,,,,,,
A1J5OW12TRQSOW,ns,40-1,40.0,1000.0,15,4526.999999895692,2895.650000050664,3912.5249999910593,2915.8000000044703,2976.0500000193715,4629.924999952316,4128.625,3983.9999999701977,3567.5999999269843,4312.675000078976,3506.825000040233,2947.5249999910593,5477.100000008941,11005.950000032783,,,,,,,,,,,,,
A1J5OW12TRQSOW,ns,40-1,40.0,1000.0,16,2725.2000000476837,1803.2000000476837,2770.25,2736.600000143051,3443.050000071526,4592.499999880791,3792.899999976158,1771.3999998569489,4978.349999904633,5263.499999880791,2235.9500000476837,2451.2500000000005,2975.7499998807907,2743.0999999046326,7334.199999928474,,,,,,,,,,,,
A1J5OW12TRQSOW,ns,40-1,40.0,1000.0,18,2015.0999999046328,2747.2999999523163,4125.299999952316,2054.5,2922.0,,2287.2999999523163,2264.099999904633,6223.0,4493.100000143051,3536.5,2571.300000190735,2874.7999999523163,,5899.799999952316,2629.9000000953674,6323.0,,,,,,,,,,
A1KCSGTT6Y26LH,prim,40-1,40.0,1000.0,5,1794.0,1619.0,1844.0,1314.0,,,,,,,,,,,,,,,,,,,,,,,
A1KCSGTT6Y26LH,prim,40-1,40.0,1000.0,6,4944.0,,2148.0,3796.5,3254.0,,,,,,,,,,,,,,,,,,,,,,
A1KCSGTT6Y26LH,prim,40-1,40.0,1000.0,7,2433.75,4252.0,5019.0,2937.75,6689.75,4297.75,,,,,,,,,,,,,,,,,,,,,
A1KCSGTT6Y26LH,prim,40-1,40.0,1000.0,8,4563.75,3546.125,2790.625,4248.666666666667,2896.25,2362.9583333333335,2701.5,,,,,,,,,,,,,,,,,,,,
A1KCSGTT6Y26LH,prim,40-1,40.0,1000.0,9,2620.5,1724.0,2176.0,1666.5,3412.0,2978.0,2503.0,3061.0,,,,,,,,,,,,,,,,,,,
A1KCSGTT6Y26LH,prim,40-1,40.0,1000.0,10,3618.0,3200.125,3262.3333333333335,2756.0,4103.8125,2917.5333333333333,2690.875,2325.833333333333,3893.958333333333,,,,,,,,,,,,,,,,,,
A1KCSGTT6Y26LH,prim,40-1,40.0,1000.0,11,2545.5,7244.0,2499.8333333333335,3410.6666666666665,2693.0,3059.0,11632.0,6967.5,2414.75,2164.8333333333335,,,,,,,,,,,,,,,,,
A1KCSGTT6Y26LH,prim,40-1,40.0,1000.0,12,,2596.8333333333335,2516.0,4241.75,2701.75,4569.875,4235.666666666667,6135.25,2892.6666666666665,3161.0,3476.5,,,,,,,,,,,,,,,,
A1KCSGTT6Y26LH,prim,40-1,40.0,1000.0,13,2915.0,2539.0,4202.0,3518.0,2902.3333333333335,3387.0,3281.0,1960.6666666666667,3222.3333333333335,3139.6666666666665,3086.5,4019.0,,,,,,,,,,,,,,,
A1KCSGTT6Y26LH,prim,40-1,40.0,1000.0,14,,3392.0,,1426.0,4234.0,5033.0,1899.0,1393.0,1219.0,1576.0,1754.0,2508.0,1304.0,,,,,,,,,,,,,,
A1KCSGTT6Y26LH,prim,40-1,40.0,1000.0,16,5365.111111111111,3118.8333333333335,2583.3333333333335,3473.25,3316.8333333333335,3483.75,2137.666666666667,2484.8333333333335,1402.0,1856.0,3499.8888888888887,2705.777777777778,2524.1666666666665,2752.8333333333335,2659.166666666667,,,,,,,,,,,,
A1RQ8PX7A0CH3C,rec,40-1,40.0,1000.0,7,5015.0,,,,,3122.0,,,,,,,,,,,,,,,,,,,,,
A1RQ8PX7A0CH3C,rec,40-1,40.0,1000.0,8,3372.0,2813.5,3211.0,,,,3315.0,,,,,,,,,,,,,,,,,,,,
A1RQ8PX7A0CH3C,rec,40-1,40.0,1000.0,9,3583.0,5488.5,3456.0,,3856.0,8401.0,2717.5,3152.0,,,,,,,,,,,,,,,,,,,
A1RQ8PX7A0CH3C,rec,40-1,40.0,1000.0,10,3107.5,3202.75,5041.0,3786.75,3063.0,3538.0,3663.75,4970.0,3655.25,,,,,,,,,,,,,,,,,,
A1RQ8PX7A0CH3C,rec,40-1,40.0,1000.0,11,3857.0,4034.75,3550.333333333333,5840.791666666667,3964.222222222222,3676.0,4689.0,4646.75,3285.3333333333335,4398.666666666667,,,,,,,,,,,,,,,,,
A1RQ8PX7A0CH3C,rec,40-1,40.0,1000.0,12,3850.5,2973.5,5663.0,3610.3333333333335,2849.0,3705.0,4514.0,3687.5,2624.0,2845.0,3148.0,,,,,,,,,,,,,,,,
A1RQ8PX7A0CH3C,rec,40-1,40.0,1000.0,13,3776.0,3697.6666666666665,3230.5,3043.6666666666665,2865.0,4473.0,4982.0,4594.666666666667,3199.5,4818.0,3558.25,3761.6666666666665,,,,,,,,,,,,,,,
A1RQ8PX7A0CH3C,rec,40-1,40.0,1000.0,14,2741.5,3549.25,3758.0,2765.8333333333335,4754.0,3179.8333333333335,3429.388888888889,3400.0,4571.25,5212.75,3060.5,3184.0,4462.555555555556,,,,,,,,,,,,,,
A1RQ8PX7A0CH3C,rec,40-1,40.0,1000.0,15,3656.0,2681.0,2653.25,3565.0,2463.0,2823.0,2591.0,,3956.0,2972.0,6822.5,4451.0,3885.0,5113.0,,,,,,,,,,,,,
A1RQ8PX7A0CH3C,rec,40-1,40.0,1000.0,16,2715.3333333333335,3711.0,3312.6666666666665,3891.5,3021.6666666666665,4097.333333333333,3325.0,4416.5,4199.666666666667,4701.666666666667,4444.166666666667,3807.0,6097.333333333333,3608.1666666666665,6330.333333333333,,,,,,,,,,,,
A1RQ8PX7A0CH3C,rec,40-1,40.0,1000.0,18,2936.5,2009.0,3061.0,3608.5,2129.0,3081.0,5595.0,5985.0,5597.0,3091.0,,3565.0,3332.5,,2442.0,3346.0,3112.0,,,,,,,,,,
A1RQ8PX7A0CH3C,rec,40-1,40.0,1000.0,19,,3542.0,2351.0,2320.0,3761.0,4625.0,,,3020.0,3743.0,2353.0,4500.0,3894.0,2116.0,1922.0,,3514.0,2740.0,,,,,,,,,
A1RQ8PX7A0CH3C,rec,40-1,40.0,1000.0,24,2064.0,,1630.0,1343.0,942.0,1648.0,1600.0,1217.0,,2631.0,911.0,1114.0,,1733.0,1089.0,1143.0,1807.0,,949.0,2573.0,,733.0,1271.0,,,,
A1RY1N37JYUHBU,prim,40-1,40.0,1000.0,5,,,,4244.700000047684,,,,,,,,,,,,,,,,,,,,,,,
A1RY1N37JYUHBU,prim,40-1,40.0,1000.0,6,,,3655.400000095368,5363.799999952316,,,,,,,,,,,,,,,,,,,,,,,
A1RY1N37JYUHBU,prim,40-1,40.0,1000.0,7,,4243.299999952316,4727.700000047684,5541.399999976158,7037.049999952316,5188.400000095367,,,,,,,,,,,,,,,,,,,,,
A1RY1N37JYUHBU,prim,40-1,40.0,1000.0,8,6728.600000143051,,7068.399999976157,3190.6999999284744,4701.099999904633,3598.0750000476837,5650.5,,,,,,,,,,,,,,,,,,,,
A1RY1N37JYUHBU,prim,40-1,40.0,1000.0,9,,3297.75,,,3657.9500000476837,5684.549999952316,4511.5,4920.850000023842,,,,,,,,,,,,,,,,,,,
A1RY1N37JYUHBU,prim,40-1,40.0,1000.0,10,3928.1749999523163,4119.925000011921,4392.826666609446,4632.400000015895,3761.6166667143502,5586.024999976158,4361.644444465637,4770.674999972184,4586.875000039737,,,,,,,,,,,,,,,,,,
A1RY1N37JYUHBU,prim,40-1,40.0,1000.0,11,,3977.25,3693.800000071526,2440.0,3397.5499999523163,2293.0499999523163,5658.599999904633,4529.25,5686.899999856949,4548.449999928474,,,,,,,,,,,,,,,,,
A1RY1N37JYUHBU,prim,40-1,40.0,1000.0,12,3468.383333325386,4000.75,2838.383333404859,3048.233333428701,4013.1833333571753,3696.166666686535,3250.883333404859,7533.0,4077.4583333532014,4128.533333301544,3543.122222264608,,,,,,,,,,,,,,,,
A1RY1N37JYUHBU,prim,40-1,40.0,1000.0,13,4825.299999992053,3924.600000063578,4469.683333237966,4754.200000047684,3460.033333381017,3691.899999936422,4817.866666674614,3380.9249999523163,5839.425000011921,4212.283333341281,11069.333333253862,5773.450000047684,,,,,,,,,,,,,,,
A1RY1N37JYUHBU,prim,40-1,40.0,1000.0,14,4307.533333381017,,3528.3000000715256,4493.350000023842,5008.033333301544,2756.2000000476837,6016.049999952316,3469.866666634878,2742.600000143051,3028.0,4053.8333333333335,3974.600000023842,4588.200000047684,,,,,,,,,,,,,,
A1RY1N37JYUHBU,prim,40-1,40.0,1000.0,16,5793.799999952316,2512.399999856949,,3536.899999856949,,2849.100000143051,,3855.600000143051,4289.200000047684,5029.0,3218.899999856949,9144.399999856949,5183.899999856949,2708.399999856949,6303.200000047684,,,,,,,,,,,,
A1S54RQW9FDK0X,ns,40-1,40.0,1000.0,7,4930.333333333333,4370.5,16131.666666666666,5632.333333333333,2925.5,8305.0,,,,,,,,,,,,,,,,,,,,,
A1S54RQW9FDK0X,ns,40-1,40.0,1000.0,8,13999.25,6050.041666666667,5037.0,8973.125,4519.375,5712.666666666666,5048.88888888889,,,,,,,,,,,,,,,,,,,,
A1S54RQW9FDK0X,ns,40-1,40.0,1000.0,9,3243.5,6712.75,3122.3333333333335,3378.3333333333335,4522.666666666667,6320.666666666667,9862.25,4797.5,,,,,,,,,,,,,,,,,,,
A1S54RQW9FDK0X,ns,40-1,40.0,1000.0,10,6179.4,7834.65,4672.2,4562.875,4491.791666666666,3902.9,4792.875,5556.833333333334,6411.541666666666,,,,,,,,,,,,,,,,,,
A1S54RQW9FDK0X,ns,40-1,40.0,1000.0,11,3616.25,4833.375,3977.4166666666665,4042.2222222222226,6917.416666666667,4032.444444444444,3459.25,2748.9166666666665,4155.333333333333,3082.3333333333335,,,,,,,,,,,,,,,,,
A1S54RQW9FDK0X,ns,40-1,40.0,1000.0,12,4107.083333333334,3301.4166666666665,5132.791666666667,3894.055555555556,3151.625,3376.777777777778,3266.7083333333335,3998.125,5544.375,3531.375,5421.75,,,,,,,,,,,,,,,,
A1S54RQW9FDK0X,ns,40-1,40.0,1000.0,13,3834.25,3012.0,4501.0,2361.5,4500.0,3363.0,3143.0,6867.5,3775.5,2726.5,4528.75,2672.25,,,,,,,,,,,,,,,
A1S54RQW9FDK0X,ns,40-1,40.0,1000.0,14,3789.0,4216.0,4687.0,3988.0,5032.5,7891.0,3463.0,3983.0,4278.0,3424.0,4323.5,2872.0,4138.5,,,,,,,,,,,,,,
A1S54RQW9FDK0X,ns,40-1,40.0,1000.0,15,3486.5,4057.5,3621.0,3252.0,4626.5,10211.0,5659.0,10936.25,3651.5,2499.75,3352.0,8715.0,4987.5,4087.25,,,,,,,,,,,,,
A1S54RQW9FDK0X,ns,40-1,40.0,1000.0,16,3082.0,3506.0,2411.0,2865.0,3367.0,8792.0,2673.0,4670.0,4259.0,,4961.0,2818.0,3445.0,2180.0,4320.0,,,,,,,,,,,,
A1S54RQW9FDK0X,ns,40-1,40.0,1000.0,21,2957.0,6112.0,4082.0,6527.0,6199.0,2734.0,5179.0,3322.0,4197.0,3526.0,4507.0,1537.0,3337.0,4516.0,3986.0,4257.0,3898.0,4213.0,2832.0,4701.0,,,,,,,
A1TG34GJ1WTN0C,prim,40-1,40.0,1000.0,2,,,,,,,,,,,,,,,,,,,,,,,,,,,
A1TG34GJ1WTN0C,prim,40-1,40.0,1000.0,3,,9148.49999988079,,,,,,,,,,,,,,,,,,,,,,,,,
A1TG34GJ1WTN0C,prim,40-1,40.0,1000.0,4,4974.966666678588,7411.333333383004,13833.700000057617,,,,,,,,,,,,,,,,,,,,,,,,
A1TG34GJ1WTN0C,prim,40-1,40.0,1000.0,5,5249.445833285649,5604.537500020117,5341.225000058612,4888.75,,,,,,,,,,,,,,,,,,,,,,,
A1TG34GJ1WTN0C,prim,40-1,40.0,1000.0,6,6693.075000047684,5381.783333341281,11891.437500074506,8177.025000050664,6681.75,,,,,,,,,,,,,,,,,,,,,,
A1TG34GJ1WTN0C,prim,40-1,40.0,1000.0,7,4958.316666622957,4934.850000033776,6243.166666671634,4732.011111179988,5418.677777585056,15082.788888967698,,,,,,,,,,,,,,,,,,,,,
A1TG34GJ1WTN0C,prim,40-1,40.0,1000.0,8,4409.900000095367,5555.200000286102,4114.0,5901.224999904633,5041.425000071526,4582.324999928474,4861.150000095367,,,,,,,,,,,,,,,,,,,,
A1TG34GJ1WTN0C,prim,40-1,40.0,1000.0,9,6695.800000071526,6858.083333402872,5451.844444404046,5854.911111063427,8662.166666785875,7064.7111110885935,6594.688888844517,5625.6999999980135,,,,,,,,,,,,,,,,,,,
A1TG34GJ1WTN0C,prim,40-1,40.0,1000.0,10,,2551.600000143051,6769.600000143051,6521.599999904633,,10681.700000047684,5298.299999952316,5425.799999952316,,,,,,,,,,,,,,,,,,,
A1TG34GJ1WTN0C,prim,40-1,40.0,1000.0,11,4742.649999991059,9658.899999856949,5291.79999999702,4058.875000104308,5747.95000000298,6172.575000040233,4797.649999804795,6700.4000000059605,4727.924999900162,6735.525000095367,,,,,,,,,,,,,,,,,
A1TG34GJ1WTN0C,prim,40-1,40.0,1000.0,12,,3386.0,4648.0,3969.599999904633,3473.099999904633,4464.5,,6832.300000190735,7832.400000095367,9478.800000190737,,,,,,,,,,,,,,,,,
A1UH6A625GF5MD,prim,40-1,40.0,1000.0,4,,5593.0,18084.0,,,,,,,,,,,,,,,,,,,,,,,,
A1UH6A625GF5MD,prim,40-1,40.0,1000.0,5,3739.0,4600.0,2818.0,,,,,,,,,,,,,,,,,,,,,,,,
A1UH6A625GF5MD,prim,40-1,40.0,1000.0,6,3460.0,3777.0,3971.0,2708.0,5360.0,,,,,,,,,,,,,,,,,,,,,,
A1UH6A625GF5MD,prim,40-1,40.0,1000.0,7,,19072.0,,,,6623.0,,,,,,,,,,,,,,,,,,,,,
A1UH6A625GF5MD,prim,40-1,40.0,1000.0,8,,4366.0,,3290.5,4382.0,3682.0,3226.0,,,,,,,,,,,,,,,,,,,,
A1UH6A625GF5MD,prim,40-1,40.0,1000.0,9,3389.0,3981.0,3228.0,3021.0,,5310.0,4167.0,,,,,,,,,,,,,,,,,,,,
A1UH6A625GF5MD,prim,40-1,40.0,1000.0,10,6109.444444444444,5126.333333333333,4936.11111111111,6461.472222222223,4283.333333333333,4942.166666666667,4733.388888888889,3673.5,4006.3111111111116,,,,,,,,,,,,,,,,,,
A1UH6A625GF5MD,prim,40-1,40.0,1000.0,11,2979.5,3600.1666666666665,3253.3333333333335,3287.833333333333,3386.222222222222,5332.5,3439.888888888889,4444.0,4498.444444444444,4343.666666666667,,,,,,,,,,,,,,,,,
A1UH6A625GF5MD,prim,40-1,40.0,1000.0,12,3338.0,3474.3333333333335,3381.0,6352.0,6343.0,4567.0,4962.0,3699.5,5631.0,3984.6666666666665,7164.0,,,,,,,,,,,,,,,,
A1UH6A625GF5MD,prim,40-1,40.0,1000.0,13,3296.777777777778,4149.5,4102.666666666667,4125.25,3548.5,3789.277777777778,3643.277777777778,4427.666666666667,3660.0,4023.0,3775.722222222222,3531.0833333333335,,,,,,,,,,,,,,,
A1UH6A625GF5MD,prim,40-1,40.0,1000.0,14,3605.0,3843.8333333333335,2487.3333333333335,5433.5,4229.5,3964.1666666666665,3864.6666666666665,5780.666666666667,3677.6666666666665,3762.6666666666665,3714.8333333333335,3200.5,4594.5,,,,,,,,,,,,,,
A1UH6A625GF5MD,prim,40-1,40.0,1000.0,15,4902.0,2936.5,3326.5,3472.0,2881.0,3459.0,4055.0,5289.5,3164.0,3132.0,3748.0,3157.5,4020.0,3588.0,,,,,,,,,,,,,
A1UH6A625GF5MD,prim,40-1,40.0,1000.0,16,2716.25,3079.0,3318.5,3367.0,5072.0,4447.5,3004.6666666666665,3326.5,3754.8333333333335,3881.3333333333335,3696.0,5123.75,4160.166666666667,3441.5,4142.0,,,,,,,,,,,,
A1UH6A625GF5MD,prim,40-1,40.0,1000.0,17,3042.0,2681.0,3471.0,6013.0,6281.0,,3166.0,3213.0,3673.0,,3289.0,3374.0,2918.0,8140.0,4119.0,4913.0,,,,,,,,,,,
A1UH6A625GF5MD,prim,40-1,40.0,1000.0,18,3115.0,,3269.0,2603.0,3127.5,3624.5,4137.0,2515.5,2833.0,3028.0,2426.0,2602.0,3334.0,3168.0,3139.5,3161.5,2880.0,,,,,,,,,,
A1UH6A625GF5MD,prim,40-1,40.0,1000.0,19,6068.0,2542.0,5643.0,4571.0,5709.0,2179.0,2041.0,2295.0,4360.0,2069.0,3790.0,4495.0,3085.0,2762.0,3743.0,3471.0,3550.0,6105.0,,,,,,,,,
A1VHK9OFD7H8ZH,rec,40-1,40.0,1000.0,8,2243.0,,,,3571.0,14306.0,9340.0,,,,,,,,,,,,,,,,,,,,
A1VHK9OFD7H8ZH,rec,40-1,40.0,1000.0,11,5285.0,10112.0,5121.0,,,4458.0,,2039.0,6420.0,1797.0,,,,,,,,,,,,,,,,,
A1VHK9OFD7H8ZH,rec,40-1,40.0,1000.0,12,2192.5,3574.75,10317.0,6086.0,5160.5,10961.25,2834.5,3661.75,3185.5,4128.75,3574.0,,,,,,,,,,,,,,,,
A1VHK9OFD7H8ZH,rec,40-1,40.0,1000.0,13,3547.0,3848.3333333333335,15115.0,5793.666666666667,5410.333333333333,4021.8333333333335,4206.5,4449.5,4245.666666666667,6007.333333333333,4868.666666666667,1875.5,,,,,,,,,,,,,,,
A1VHK9OFD7H8ZH,rec,40-1,40.0,1000.0,15,4107.5,7003.0,4089.5,3771.5,3985.5,3932.75,7736.75,5261.5,6517.5,3605.5,5557.25,5208.25,5802.75,2967.75,,,,,,,,,,,,,
A1VHK9OFD7H8ZH,rec,40-1,40.0,1000.0,16,2418.1666666666665,5110.5,4109.0,4486.166666666667,5727.166666666667,3337.8333333333335,3217.1666666666665,6350.833333333333,3259.3333333333335,3771.1666666666665,4342.666666666667,4345.0,8874.25,3470.1666666666665,4152.333333333333,,,,,,,,,,,,
A1VHK9OFD7H8ZH,rec,40-1,40.0,1000.0,17,3319.6,3704.911111111111,4810.466666666666,4030.7000000000003,5107.488888888889,4214.099999999999,4742.133333333333,4775.555555555556,3704.5,4006.194444444445,3815.1555555555556,4529.972222222222,3531.2666666666664,4454.955555555555,4146.866666666667,4229.177777777778,,,,,,,,,,,
A1VHK9OFD7H8ZH,rec,40-1,40.0,1000.0,18,3080.3333333333335,3842.6666666666665,2991.6666666666665,5745.0,2392.0,3297.3333333333335,6095.666666666667,4601.333333333333,3974.3333333333335,3990.0,3775.1666666666665,4200.5,4203.166666666667,5382.666666666667,3966.3333333333335,5029.333333333333,4901.5,,,,,,,,,,
A1VHK9OFD7H8ZH,rec,40-1,40.0,1000.0,19,3222.1666666666665,3228.5,3854.6666666666665,4002.125,7063.583333333333,3725.5,4901.166666666667,2997.4166666666665,4704.625,4373.666666666667,4089.208333333333,3729.9166666666665,4218.75,3351.875,4059.0416666666665,4818.541666666666,5944.958333333333,4234.25,,,,,,,,,
A1VHK9OFD7H8ZH,rec,40-1,40.0,1000.0,20,2683.25,5917.75,3984.875,4245.5,2609.875,3945.125,3170.375,3863.0,3224.125,3593.875,3926.75,6256.875,2956.5,3593.0,3521.5,3544.5,4046.625,3850.0,6045.625,,,,,,,,
A1VHK9OFD7H8ZH,rec,40-1,40.0,1000.0,21,3154.5,2800.5,2490.5,5392.5,3462.0,3947.0,2910.0,3901.5,4419.5,3402.5,3822.0,3909.0,2917.5,2789.5,4190.0,4476.5,4389.5,4479.5,3326.0,6037.5,,,,,,,
A1VHK9OFD7H8ZH,rec,40-1,40.0,1000.0,22,3582.25,3176.0,4832.25,2692.0,3500.5,3401.5,4629.0,4003.5,3249.25,3818.75,2853.0,4925.5,3420.25,3015.25,3781.75,3709.75,3972.75,3515.5,4029.75,4366.5,4115.75,,,,,,
A1ZLLYRW6GIVC7,rec,40-1,40.0,1000.0,2,3481.3000000000466,,,,,,,,,,,,,,,,,,,,,,,,,,
A1ZLLYRW6GIVC7,rec,40-1,40.0,1000.0,3,1482.0666666507411,1679.1750000044703,,,,,,,,,,,,,,,,,,,,,,,,,
A1ZLLYRW6GIVC7,rec,40-1,40.0,1000.0,4,1468.4999999975164,1469.9166666547146,2090.999999995576,,,,,,,,,,,,,,,,,,,,,,,,
A1ZLLYRW6GIVC7,rec,40-1,40.0,1000.0,5,1401.7000000014668,1740.1625000006945,4731.638888898823,14076.60000000894,,,,,,,,,,,,,,,,,,,,,,,
A1ZLLYRW6GIVC7,rec,40-1,40.0,1000.0,6,1658.5916666691382,1431.880555555509,2198.444444452723,4294.499999996042,4325.44999999553,,,,,,,,,,,,,,,,,,,,,,
A1ZLLYRW6GIVC7,rec,40-1,40.0,1000.0,7,1909.0916666692742,2015.8458333386034,3074.7888888816037,1186.1750000044703,9977.266666660707,4138.250000003027,,,,,,,,,,,,,,,,,,,,,
A1ZLLYRW6GIVC7,rec,40-1,40.0,1000.0,8,1204.8500000030035,1581.1500000000815,1922.6500000059605,4166.300000000279,,1192.199999988079,,,,,,,,,,,,,,,,,,,,,
A1ZLLYRW6GIVC7,rec,40-1,40.0,1000.0,9,2618.800000001987,5752.249999997516,1110.199999988079,1560.566666662693,2345.35000000149,4220.966666671136,1759.7000000029802,13402.099999999007,,,,,,,,,,,,,,,,,,,
A1ZLLYRW6GIVC7,rec,40-1,40.0,1000.0,11,1543.8999999910593,1225.7999999970198,1801.8999999910595,2420.800000011921,1611.0,3917.900000005961,,12919.09999999404,,,,,,,,,,,,,,,,,,,
A20GJP9C5KC2ZU,ns,40-1,40.0,1000.0,4,6482.5,6994.849999904633,5774.900000095367,,,,,,,,,,,,,,,,,,,,,,,,
A20GJP9C5KC2ZU,ns,40-1,40.0,1000.0,5,14357.0,,8868.800000190735,8093.900000095367,,,,,,,,,,,,,,,,,,,,,,,
A20GJP9C5KC2ZU,ns,40-1,40.0,1000.0,6,5961.0,9002.699999809265,7329.166666507721,5747.450000047684,9156.799999713898,,,,,,,,,,,,,,,,,,,,,,
A20GJP9C5KC2ZU,ns,40-1,40.0,1000.0,7,4033.300000190735,6312.0,4728.450000286102,3590.600000143051,6596.099999904633,3806.550000190735,,,,,,,,,,,,,,,,,,,,,
A20GJP9C5KC2ZU,ns,40-1,40.0,1000.0,8,5948.5,5213.049999952316,3760.550000190735,9542.724999785423,4852.775000214577,4207.599999904633,7684.299999713898,,,,,,,,,,,,,,,,,,,,
A20GJP9C5KC2ZU,ns,40-1,40.0,1000.0,9,4816.449999809265,5442.075000047684,4558.950000166893,6118.7500002384195,4785.399999976158,7517.799999952316,5904.800000190735,5051.074999928474,,,,,,,,,,,,,,,,,,,
A20GJP9C5KC2ZU,ns,40-1,40.0,1000.0,10,2943.050000190735,3926.2999998728433,3517.3666666348777,4958.566666762034,3724.566666762034,4336.550000190735,4894.599999904633,7141.39999961853,2540.9000000953674,,,,,,,,,,,,,,,,,,
A20GJP9C5KC2ZU,ns,40-1,40.0,1000.0,11,3093.600000143051,18412.299999952316,3707.9999997615814,3026.399999856949,4440.099999904633,5527.799999952316,,5413.350000143051,5507.450000047684,3505.649999856949,,,,,,,,,,,,,,,,,
A20GJP9C5KC2ZU,ns,40-1,40.0,1000.0,12,4647.400000095367,,4751.400000095367,3141.699999809265,3595.5,7360.099999904633,8205.39999961853,9503.0,6094.900000095367,4315.900000095367,,,,,,,,,,,,,,,,,
A20GJP9C5KC2ZU,ns,40-1,40.0,1000.0,13,5100.449999809265,3977.2499997615814,3988.4000000953674,7561.299999952316,2606.5,4917.650000095367,3833.4999997615814,4801.89999961853,2901.6500000953674,9044.5,3036.25,8992.799999713898,,,,,,,,,,,,,,,
A23W5HVE02LM0E,prim,40-1,40.0,1000.0,5,,,4125.299999952316,8067.700000047684,,,,,,,,,,,,,,,,,,,,,,,
A23W5HVE02LM0E,prim,40-1,40.0,1000.0,6,7055.816666603088,4470.400000095367,8025.08333337307,13103.799999952318,9417.966666618982,,,,,,,,,,,,,,,,,,,,,,
A23W5HVE02LM0E,prim,40-1,40.0,1000.0,7,,2887.0,9946.700000047684,10026.100000143051,4203.399999856949,8491.200000047684,,,,,,,,,,,,,,,,,,,,,
A23W5HVE02LM0E,prim,40-1,40.0,1000.0,8,4266.0,4529.800000190735,,,4957.299999952316,12267.0,,,,,,,,,,,,,,,,,,,,,
A23W5HVE02LM0E,prim,40-1,40.0,1000.0,9,5996.649999976158,4685.200000047684,2772.150000035763,3500.5750000476837,7582.899999976158,5433.650000035763,7154.966666618983,3520.0500000715256,,,,,,,,,,,,,,,,,,,
A23W5HVE02LM0E,prim,40-1,40.0,1000.0,10,5447.899999976158,5006.3999999165535,5111.649999976158,8738.024999976158,2250.5,5371.550000071526,3368.1750000715256,4394.1000000834465,3715.8666666348777,,,,,,,,,,,,,,,,,,
A23W5HVE02LM0E,prim,40-1,40.0,1000.0,11,2852.599999904633,3416.850000143051,3602.900000095368,3486.5,3111.2999999523163,,3835.25,3853.600000023842,,13547.200000047684,,,,,,,,,,,,,,,,,
A23W5HVE02LM0E,prim,40-1,40.0,1000.0,12,8245.100000063578,3118.600000023842,4860.800000011921,4929.75,3956.050000011921,4366.866666674614,3683.7625001072884,3429.425000011921,4367.099999964237,3243.0500000715256,3742.47500004371,,,,,,,,,,,,,,,,
A23W5HVE02LM0E,prim,40-1,40.0,1000.0,13,3163.8833332856498,3556.341666638851,3467.620000064373,4245.96666665872,3839.6875000596046,2747.908333301544,4793.800000071526,3553.175000011921,5403.308333317439,5234.520833333334,4036.4333333174386,3726.9583332737293,,,,,,,,,,,,,,,
A23W5HVE02LM0E,prim,40-1,40.0,1000.0,14,,3456.2999999523163,3573.8000000715256,3641.5499999523163,2947.2000000476837,3373.099999904633,,3605.4500000476837,5625.799999952316,2884.2500001192093,3190.3000000715256,3325.5500000715256,2412.7999999523163,,,,,,,,,,,,,,
A23W5HVE02LM0E,prim,40-1,40.0,1000.0,15,3716.1999999284744,3643.6666666666665,3802.2499999602637,3649.283333301544,4218.366666714351,3968.5666666030884,4469.399999936421,3455.533333222071,2955.925000011921,2775.9500000476837,3850.800000011921,5504.933333317439,4702.849999944369,3739.449999988079,,,,,,,,,,,,,
A23W5HVE02LM0E,prim,40-1,40.0,1000.0,16,2957.700000047684,,5035.500000119209,3325.4000000953674,4636.100000023842,3553.7999999523163,3806.7500001192093,2127.799999833107,4215.900000095367,3303.649999976158,5143.699999928474,3091.350000023842,3345.0,3294.75,2666.9000000953674,,,,,,,,,,,,
A23W5HVE02LM0E,prim,40-1,40.0,1000.0,17,2886.399999856949,4010.0249999165535,4097.350000023842,2789.4499999284744,2945.9249999523163,3800.4999998807907,3815.0750000476837,4025.2999999523163,4361.000000059605,3260.0,3306.350000023842,4214.899999976158,3083.775000035763,5023.975000143051,3212.2000000476837,4154.425000011921,,,,,,,,,,,
A23W5HVE02LM0E,prim,40-1,40.0,1000.0,18,2304.0,,3042.2999999523163,2776.5,,3437.0,,3810.700000047684,4064.799999952316,,3751.900000095368,3174.700000047684,3207.199999809265,4165.200000047684,3549.200000047684,,3825.799999952316,,,,,,,,,,
A23W5HVE02LM0E,prim,40-1,40.0,1000.0,19,4932.199999809265,2591.2999999523163,1823.700000047684,3196.600000143051,2266.699999809265,,,5191.0,,,2080.399999856949,3063.9000000953674,3104.600000143051,3949.899999856949,3078.9000000953674,,3860.100000143051,6758.899999856949,,,,,,,,,
A23W5HVE02LM0E,prim,40-1,40.0,1000.0,21,4685.300000190735,2511.7999999523163,2759.7999999523163,3152.0,2443.399999856949,2664.0,,2908.7999999523163,,4535.399999856949,3328.800000190735,3904.599999904633,2350.5,3185.700000047684,2421.100000143051,3031.200000047684,3514.300000190735,3203.599999904633,2678.9000000953674,3771.700000047684,,,,,,,
A2541C8MY0BYV3,rec,40-1,40.0,1000.0,5,2405.5,1224.5,5021.75,6639.5,,,,,,,,,,,,,,,,,,,,,,,
A2541C8MY0BYV3,rec,40-1,40.0,1000.0,6,1085.75,887.75,8707.75,17764.0,1636.5,,,,,,,,,,,,,,,,,,,,,,
A2541C8MY0BYV3,rec,40-1,40.0,1000.0,7,765.5,6108.333333333334,6995.333333333333,3398.0,8147.916666666667,7878.5,,,,,,,,,,,,,,,,,,,,,
A2541C8MY0BYV3,rec,40-1,40.0,1000.0,8,1347.7333333333333,2135.5,9582.125,7033.25,5463.033333333333,5215.366666666667,4393.566666666667,,,,,,,,,,,,,,,,,,,,
A2541C8MY0BYV3,rec,40-1,40.0,1000.0,9,1433.611111111111,4007.3888888888887,8415.166666666666,7180.5,3719.888888888889,5312.944444444444,4586.111111111111,9842.111111111111,,,,,,,,,,,,,,,,,,,
A2541C8MY0BYV3,rec,40-1,40.0,1000.0,10,1328.1999999980133,3062.800000001987,1209.1999999980133,10329.033333331347,3040.300000001987,4782.200000007947,4354.9000000059605,3130.0999999940395,5613.933333337307,,,,,,,,,,,,,,,,,,
A2541C8MY0BYV3,rec,40-1,40.0,1000.0,11,2071.5,1071.0,1327.25,10250.5,5690.0,3836.0,1638.0,7474.0,4912.0,2257.0,,,,,,,,,,,,,,,,,
A2541C8MY0BYV3,rec,40-1,40.0,1000.0,12,2456.9000000059605,1658.4000000059605,2685.199999988079,1513.199999988079,2598.600000023842,1622.0999999940395,2175.2999999821186,1267.5,801.6999999880791,1857.2000000178807,1158.4000000059605,,,,,,,,,,,,,,,,
A2541C8MY0BYV3,rec,40-1,40.0,1000.0,13,1143.7000000079472,1715.2666666607063,1790.866666674614,1044.8000000019867,1571.8666666646798,1291.5333333412807,1328.2666666706402,1539.0666666527588,1323.8333333333333,1396.6666666666667,1780.0333333313465,1238.5333333313465,,,,,,,,,,,,,,,
A2541C8MY0BYV3,rec,40-1,40.0,1000.0,14,1885.0000000099337,1358.8666666646798,1723.7000000079472,1681.8499999940395,1240.5333333313465,1154.4666666785877,1435.6666666567326,1632.7666666706402,1402.433333337307,1797.0333333313465,1301.2666666607063,1390.5333333412807,2286.2000000079474,,,,,,,,,,,,,,
A2541C8MY0BYV3,rec,40-1,40.0,1000.0,15,1092.2500000149012,1603.0000000149012,1731.199999988079,1679.5999999940395,1142.2999999970198,1440.4000000059605,1115.0000000149012,1223.4000000059605,1468.9500000029802,1693.2000000029802,1956.0,790.1999999880791,2444.5499999970198,717.7000000029802,,,,,,,,,,,,,
A2541C8MY0BYV3,rec,40-1,40.0,1000.0,16,1066.3999999910593,887.6500000059605,991.75,1531.6499999910593,1239.7000000029802,1054.3999999910593,1386.9999999850988,1588.2499999850988,734.9500000029802,2163.250000014901,1623.5000000149012,1230.0999999940395,1765.5,1132.7000000029802,3564.25,,,,,,,,,,,,
A271830PNYAI2G,rec,40-1,40.0,1000.0,3,1394.699999999255,2987.199999999255,,,,,,,,,,,,,,,,,,,,,,,,,
A271830PNYAI2G,rec,40-1,40.0,1000.0,4,2694.500000001242,1206.6500000003725,6537.6500000003725,,,,,,,,,,,,,,,,,,,,,,,,
A271830PNYAI2G,rec,40-1,40.0,1000.0,5,1854.699999999255,1431.550000000745,3072.150000002235,2306.25,,,,,,,,,,,,,,,,,,,,,,,
A271830PNYAI2G,rec,40-1,40.0,1000.0,6,1681.8500000005588,1974.6499999985099,2144.024999999441,1535.7749999994412,11502.699999999255,,,,,,,,,,,,,,,,,,,,,,
A271830PNYAI2G,rec,40-1,40.0,1000.0,7,1080.199999999255,983.9000000022352,1179.5999999977648,2313.300000000745,6783.60000000149,3404.599999997765,,,,,,,,,,,,,,,,,,,,,
A271830PNYAI2G,rec,40-1,40.0,1000.0,8,1591.4666666667908,1555.9833333337058,2328.6499999991306,1689.7499999990687,1313.2000000001863,7864.566666667351,6054.266666666915,,,,,,,,,,,,,,,,,,,,
A271830PNYAI2G,rec,40-1,40.0,1000.0,9,1434.0,1499.6250000018626,22013.766666668158,2271.099999997765,2599.125,2021.7000000011176,2036.0499999970198,3016.6500000003725,,,,,,,,,,,,,,,,,,,
A271830PNYAI2G,rec,40-1,40.0,1000.0,10,2495.9000000059605,1381.3999999985099,2921.5000000018626,1540.1500000003725,1667.2750000013039,1762.2499999990687,1375.8249999983236,1983.5749999973925,2227.39999999851,,,,,,,,,,,,,,,,,,
A271830PNYAI2G,rec,40-1,40.0,1000.0,11,2837.900000002235,2045.800000000745,980.1999999992548,2847.39999999851,2060.60000000149,2210.0,12515.300000000743,5988.800000000745,10953.199999999257,12822.599999997765,,,,,,,,,,,,,,,,,
A271830PNYAI2G,rec,40-1,40.0,1000.0,12,1793.6500000013039,2096.124999998836,1402.824999999022,1399.4249999998137,2750.2000000022817,1243.6750000016764,1830.2750000015367,2367.525000000838,1828.975000000326,1272.9000000013039,5083.700000000186,,,,,,,,,,,,,,,,
A271830PNYAI2G,rec,40-1,40.0,1000.0,14,2023.9000000003723,2023.550000002142,1920.7000000011176,2417.999999998603,2570.300000000745,1378.8999999994412,1575.5999999991618,1376.3999999985099,1683.5,1509.499999999069,1413.050000002142,6029.200000000186,1482.3000000016764,,,,,,,,,,,,,,
A271830PNYAI2G,rec,40-1,40.0,1000.0,15,1424.9000000003723,1810.3999999985097,2747.9000000003725,1010.7999999988824,2072.2999999988824,5082.4000000003725,,1373.0,1061.5,1167.39999999851,1157.699999999255,1816.7000000011176,1856.300000000745,,,,,,,,,,,,,,
A271830PNYAI2G,rec,40-1,40.0,1000.0,16,2644.0,2837.199999999255,,1043.0,1530.199999999255,1103.10000000149,1916.4000000003723,1058.10000000149,3528.7000000011176,1380.9000000003723,1647.4000000003723,1926.7999999988824,1612.7000000011176,623.7999999988824,1950.599999999628,,,,,,,,,,,,
A271830PNYAI2G,rec,40-1,40.0,1000.0,17,1789.800000000124,2198.149999999907,2102.5999999993946,3864.9499999997206,2290.6750000000466,1612.7750000006054,2471.850000000093,3399.8499999998603,1867.7500000002328,1735.0749999997206,1666.625,1491.0999999996275,1727.9249999998137,2609.4749999998603,1825.3999999997516,17303.100000000093,,,,,,,,,,,
A29JQ7VMQ1HKYP,ns,40-1,40.0,1000.0,2,5401.89999961853,,,,,,,,,,,,,,,,,,,,,,,,,,
A29JQ7VMQ1HKYP,ns,40-1,40.0,1000.0,3,5513.400000095367,,,,,,,,,,,,,,,,,,,,,,,,,,
A29JQ7VMQ1HKYP,ns,40-1,40.0,1000.0,5,,,12743.699999809263,8031.799999713898,,,,,,,,,,,,,,,,,,,,,,,
A29JQ7VMQ1HKYP,ns,40-1,40.0,1000.0,6,4425.199999809265,3449.5,2948.5,7214.599999904633,,,,,,,,,,,,,,,,,,,,,,,
A29JQ7VMQ1HKYP,ns,40-1,40.0,1000.0,7,4128.100000023842,2878.449999988079,5646.124999910593,3843.04999991258,9625.399999976158,3546.399999976158,,,,,,,,,,,,,,,,,,,,,
A29JQ7VMQ1HKYP,ns,40-1,40.0,1000.0,8,2820.9333332876363,3650.3999999165535,3987.9500000476837,3496.3333333532014,5370.799999942382,4078.800000011921,,,,,,,,,,,,,,,,,,,,,
A29JQ7VMQ1HKYP,ns,40-1,40.0,1000.0,9,3716.049999907613,4104.5,3375.2999999821186,1792.199999988079,4306.900000095367,4909.950000092387,4592.499999895692,6739.699999809265,,,,,,,,,,,,,,,,,,,
A29JQ7VMQ1HKYP,ns,40-1,40.0,1000.0,10,3425.9333333323398,2774.8000000715256,7314.133333355188,2429.9000000705323,5286.4000000059605,3606.2333333839974,3578.349999986589,4337.25,9880.899999976158,,,,,,,,,,,,,,,,,,
A29JQ7VMQ1HKYP,ns,40-1,40.0,1000.0,11,4548.9749999940395,6962.5999999940395,3062.5750000178814,2554.100000023842,3508.550000011921,4820.0,2716.3499999940395,4577.200000017881,6779.950000032783,3814.09999999404,,,,,,,,,,,,,,,,,
A29JQ7VMQ1HKYP,ns,40-1,40.0,1000.0,12,5134.250000014901,3733.500000014901,3754.5333333313465,5304.999999990066,3918.550000011921,4142.433333337307,4119.066666672627,3953.633333325386,3010.13333333532,2276.266666680574,7817.599999994039,,,,,,,,,,,,,,,,
A29JQ7VMQ1HKYP,ns,40-1,40.0,1000.0,13,2941.3749998807907,5305.400000095367,3147.8499999046326,3181.5750000476837,2277.949999809265,3073.4500000476837,2699.3999999761586,5571.650000095367,6300.299999952316,7256.550000071526,4838.075000166893,4941.825000047684,,,,,,,,,,,,,,,
A29JQ7VMQ1HKYP,ns,40-1,40.0,1000.0,14,3766.366666684548,3252.2666666905084,2998.866666671302,2795.2555555403233,3111.1833332959145,6103.166666636865,3686.5944444570273,3374.199999988079,4947.305555572112,2881.166666686535,2845.9999999776483,3275.18333334393,3589.7277778089046,,,,,,,,,,,,,,
A29JQ7VMQ1HKYP,ns,40-1,40.0,1000.0,15,2577.1555555363498,2155.1555555429723,3560.0111110806465,3516.67777774069,4078.8333333300216,3083.7888888484904,3866.5333333313465,3230.300000021855,5111.855555593967,3525.0166667103767,4078.155555529727,5460.266666630904,6956.233333349228,12476.75555558668,,,,,,,,,,,,,
A29JQ7VMQ1HKYP,ns,40-1,40.0,1000.0,16,4222.999999920527,2949.6333332856498,2832.9666666189837,2803.966666698456,3686.5666666825614,3787.6333333651223,3256.9000000158944,3987.466666698456,2889.399999856949,4707.3333332538605,2529.3666667143502,2850.966666698456,5340.533333381017,2997.6333333651223,2918.4333333174386,,,,,,,,,,,,
A29JQ7VMQ1HKYP,ns,40-1,40.0,1000.0,17,3210.0,3003.0,4731.5,,,3043.700000047684,2427.200000047684,4555.0,3354.599999904633,2748.5,2339.200000047684,3082.399999856949,8860.0,2755.2999999523163,2843.099999904633,1605.3000001907349,,,,,,,,,,,
A29JQ7VMQ1HKYP,ns,40-1,40.0,1000.0,18,5228.049999952316,3798.8000000715256,3296.6499999761586,2461.6999999284744,3096.5,4289.350000023842,2869.4499999284744,2683.7500000596046,6165.599999964237,3105.75,2804.800000011921,3345.050000011921,2841.4499999284744,4328.050000071526,5475.75,4339.050000011921,8497.599999964237,,,,,,,,,,
A2GUPBBFPPSXYR,prim,40-1,40.0,1000.0,4,4177.0,7167.0,3621.0,,,,,,,,,,,,,,,,,,,,,,,,
A2GUPBBFPPSXYR,prim,40-1,40.0,1000.0,6,4536.0,3566.0,,,21259.0,,,,,,,,,,,,,,,,,,,,,,
A2GUPBBFPPSXYR,prim,40-1,40.0,1000.0,8,3953.0,2896.0,,3681.0,6258.0,4231.0,4129.0,,,,,,,,,,,,,,,,,,,,
A2GUPBBFPPSXYR,prim,40-1,40.0,1000.0,9,3003.0,3211.5,2959.0,9038.0,4377.5,5333.0,4566.0,10453.0,,,,,,,,,,,,,,,,,,,
A2GUPBBFPPSXYR,prim,40-1,40.0,1000.0,10,8564.75,5496.333333333333,3997.5,4689.666666666667,4206.25,5080.333333333334,4489.75,5076.5,5601.666666666667,,,,,,,,,,,,,,,,,,
A2GUPBBFPPSXYR,prim,40-1,40.0,1000.0,11,3200.3333333333335,4066.0,5478.0,8260.0,4145.0,3899.0,4287.5,6436.0,6415.0,5564.0,,,,,,,,,,,,,,,,,
A2GUPBBFPPSXYR,prim,40-1,40.0,1000.0,12,3695.25,7638.666666666667,4937.75,4459.833333333333,5237.4375,4486.25,5182.375,9100.833333333334,5982.61111111111,4253.333333333333,9717.083333333334,,,,,,,,,,,,,,,,
A2GUPBBFPPSXYR,prim,40-1,40.0,1000.0,13,3393.25,7402.0,4048.5,3812.875,4288.5,5547.25,5455.5,4346.75,4890.375,5004.0,5376.5,4181.375,,,,,,,,,,,,,,,
A2GUPBBFPPSXYR,prim,40-1,40.0,1000.0,14,6406.0,4417.444444444444,4022.888888888889,5005.416666666666,5411.333333333334,4089.7777777777774,4388.11111111111,4545.916666666667,4770.777777777778,4681.333333333333,4195.166666666667,4181.777777777778,5887.916666666667,,,,,,,,,,,,,,
A2GUPBBFPPSXYR,prim,40-1,40.0,1000.0,15,6683.777777777778,3864.1111111111113,3970.555555555555,4016.777777777778,5140.611111111111,3748.25,4612.111111111111,5237.11111111111,4215.722222222223,5199.444444444444,4391.0,3647.6666666666665,5462.88888888889,4804.666666666667,,,,,,,,,,,,,
A2GUPBBFPPSXYR,prim,40-1,40.0,1000.0,16,3330.3333333333335,3625.3333333333335,4104.666666666667,5456.666666666667,4140.666666666667,5637.0,4448.0,3982.0,3677.0,4759.0,3740.6666666666665,4908.333333333333,7231.666666666667,6132.666666666667,5174.333333333333,,,,,,,,,,,,
A2GUPBBFPPSXYR,prim,40-1,40.0,1000.0,18,3869.0,3175.0,2795.0,3109.0,2897.0,4022.0,4973.0,4052.0,7361.0,3541.0,,8893.0,2872.0,3281.0,3544.0,3235.0,3576.0,,,,,,,,,,
A2HRUFTA09371Y,rec,40-1,40.0,1000.0,2,1290.3000011444092,,,,,,,,,,,,,,,,,,,,,,,,,,
A2HRUFTA09371Y,rec,40-1,40.0,1000.0,7,1082.099998474121,1306.7000007629397,1388.1999988555908,5465.299999237061,6641.89999961853,9352.30000114441,,,,,,,,,,,,,,,,,,,,,
A2HRUFTA09371Y,rec,40-1,40.0,1000.0,9,914.3999996185304,1435.6000003814695,1251.0,2665.900001525879,3235.7000007629395,9610.0,1610.3999996185305,9475.60000038147,,,,,,,,,,,,,,,,,,,
A2HRUFTA09371Y,rec,40-1,40.0,1000.0,10,,1493.900001525879,2035.1000003814693,,914.2999992370604,1837.400001525879,1061.0,4483.300001144409,2404.6000003814697,,,,,,,,,,,,,,,,,,
A2HRUFTA09371Y,rec,40-1,40.0,1000.0,12,1078.9500007629395,1753.14999961853,2431.8999996185303,3287.4000005722046,3694.7000007629395,2410.6499996185303,1810.2000007629395,4881.549999237061,1919.6499996185303,6738.699998855591,3730.799999237061,,,,,,,,,,,,,,,,
A2HRUFTA09371Y,rec,40-1,40.0,1000.0,13,1253.4499998092651,4197.575000286102,3626.449999809265,3999.0249996185303,3895.6000003814697,3911.6500005722046,3446.3749990463257,4984.47500038147,1754.7000002861023,2929.1749992370605,3970.8999996185303,3228.7000002861023,,,,,,,,,,,,,,,
A2HRUFTA09371Y,rec,40-1,40.0,1000.0,14,1471.8500001430511,1473.909999656677,3325.4999998092653,2447.8799999237062,2525.3000005722047,3564.0599994659424,5813.540000534058,3095.3499998092652,2960.712500333786,3292.3900007247926,2419.2599996566773,3722.740000915527,3368.580000305176,,,,,,,,,,,,,,
A2HRUFTA09371Y,rec,40-1,40.0,1000.0,15,5229.700000762939,1179.7999992370603,2560.8999996185303,971.1000003814696,3636.799999237061,1488.3999996185305,922.2000007629396,2330.699998855591,3621.39999961853,,7314.699998855591,1887.0,3213.7000007629395,33784.40000152588,,,,,,,,,,,,,
A2HRUFTA09371Y,rec,40-1,40.0,1000.0,16,2597.100000699361,1856.4250001907349,2690.808333714803,3761.5499998728433,3366.7083338101706,2675.0166667302447,3633.800000190735,2226.3250001271563,2213.216666698456,2169.2249994277954,2536.166666348775,3628.058333873749,4798.083333333333,3182.2999998728437,7578.608333269754,,,,,,,,,,,,
A2HRUFTA09371Y,rec,40-1,40.0,1000.0,17,1383.5499997138977,1474.3250002861023,3796.0750002861023,1674.675000667572,2843.7249999046326,1999.2000002861025,3210.0999999046326,2110.0,3437.7249999046326,2745.449999809265,3030.375,3702.5499997138977,4281.150000095367,3723.0750002861023,4415.850000858307,1722.4499998092651,,,,,,,,,,,
A2HRUFTA09371Y,rec,40-1,40.0,1000.0,18,2659.0,3602.7999992370605,1586.0,3618.89999961853,1803.20000076294,4473.700000762939,2090.1000003814697,3610.70000076294,5369.89999961853,3010.5,2107.2999992370605,4505.799999237061,2428.0,4203.0,2347.400001525879,1017.7999992370604,,,,,,,,,,,
A2HRUFTA09371Y,rec,40-1,40.0,1000.0,19,1163.0666669209797,1359.6333332061768,2470.7333335876465,5963.299999237061,1801.1333332061768,1360.8999996185303,2752.066666285197,1423.8000001907346,2298.2999998728433,3810.1666666666665,1789.3333333333333,3690.4666665395102,2202.166666030884,1848.3000005086262,5746.89999961853,2351.7999992370605,5083.9333330790205,3410.8999996185303,,,,,,,,,
A2HRUFTA09371Y,rec,40-1,40.0,1000.0,20,1295.7499995231628,1213.2500004768372,3130.925000190735,2692.3999996185303,3415.3499999046326,2877.425000190735,2322.9000000953674,2910.3500003814697,2341.5,2396.624999523163,2337.999999523163,2261.8999996185303,1960.9750003814697,1867.0250005722046,2661.3999996185303,5102.14999961853,3247.675000190735,3558.0250000953674,5904.0,,,,,,,,
A2HRUFTA09371Y,rec,40-1,40.0,1000.0,21,1002.8999996185304,2514.099998474121,2131.1000003814697,3227.300001144409,6657.89999961853,7203.39999961853,2340.1000003814697,2449.6000003814697,1804.20000076294,747.6000003814697,3298.099998474121,3731.900001525879,,2771.599998474121,,699.8999996185303,2754.8999996185303,3243.8999996185303,3985.299999237061,12955.0,,,,,,,
A2HRUFTA09371Y,rec,40-1,40.0,1000.0,22,2099.1000003814697,1491.6000003814695,2331.1000003814697,2060.2999992370605,1235.0,1500.0,1028.8999996185305,1499.400001525879,732.3999996185303,1988.1000003814693,2035.8000011444087,3306.1000003814697,2243.699998855591,1395.8999996185305,2619.6000003814697,723.2000007629395,1107.6000003814695,2419.5,1292.1000003814695,2179.3999996185303,2268.2000007629395,,,,,,
A2HRUFTA09371Y,rec,40-1,40.0,1000.0,23,1083.3999996185305,3140.1000003814697,1842.8999996185305,2539.7000007629395,3187.7999992370605,2674.7000007629395,3331.5,1459.5,2907.7999992370605,2235.699998855591,2002.3000011444087,3332.7000007629395,3419.2000007629395,1209.7999992370603,3475.7000007629395,2716.0,2547.2000007629395,1900.0,2331.2000007629395,,6867.599998474121,3610.0,,,,,
A2IK3H6MQ1QV6E,rec,40-1,40.0,1000.0,2,,,,,,,,,,,,,,,,,,,,,,,,,,,
A2IK3H6MQ1QV6E,rec,40-1,40.0,1000.0,9,3108.5,4180.700000047684,2647.7999999523163,,3436.0,2647.7999999523163,9079.700000047684,,,,,,,,,,,,,,,,,,,,
A2IK3H6MQ1QV6E,rec,40-1,40.0,1000.0,10,4250.166666719649,5920.722222222223,4586.505555523766,6480.4722222354685,4964.55555554231,3372.538888904783,7251.100000063579,5640.666666693157,6720.983333309491,,,,,,,,,,,,,,,,,,
A2IK3H6MQ1QV6E,rec,40-1,40.0,1000.0,11,3683.6375000079474,6956.224999964237,3725.6062500476837,4415.1874999552965,6105.362499937415,5938.874999970198,3582.2875000089407,5418.543750032783,3842.2208333313465,5089.524999976158,,,,,,,,,,,,,,,,,
A2IK3H6MQ1QV6E,rec,40-1,40.0,1000.0,12,3904.1812499910593,4327.862500041723,6420.699999943376,5637.0916666686535,5958.506250008941,3904.0312499552965,5445.499999970198,4363.925000001987,5859.450000032783,7211.14999995629,4987.856249973178,,,,,,,,,,,,,,,,
A2IK3H6MQ1QV6E,rec,40-1,40.0,1000.0,13,3644.90625,4594.441666692495,3691.983333359162,5533.049999982119,3937.558333337307,4285.320833295584,5586.57916667064,5263.504166722298,4221.599999964237,6016.827777783076,5536.700000023842,8059.569999957084,,,,,,,,,,,,,,,
A2IK3H6MQ1QV6E,rec,40-1,40.0,1000.0,14,4187.433333277702,4201.183333357175,2584.5,4821.366666714351,4032.4166667064032,5886.91666662693,5123.733333349228,4367.833333293597,4311.099999984105,4250.883333325386,5443.100000023842,5537.666666666667,7632.749999880791,,,,,,,,,,,,,,
A2IK3H6MQ1QV6E,rec,40-1,40.0,1000.0,15,2612.0499999523163,6964.700000047684,7243.200000047684,5338.800000071526,4136.350000023842,4698.450000047684,3064.25,5759.699999928474,4682.700000166893,5063.100000023842,7992.299999952316,3764.399999976158,5203.449999928474,7124.449999928474,,,,,,,,,,,,,
A2IK3H6MQ1QV6E,rec,40-1,40.0,1000.0,16,3618.3666666348777,4368.933333396912,4587.033333381017,4001.733333269755,4146.599999984105,3621.266666650772,3285.533333301544,3411.7000000476837,3984.033333301544,4248.766666730245,3880.499999920527,4793.599999984105,8847.899999936422,3778.4666665395102,7450.033333381017,,,,,,,,,,,,
A2L7RTYO4UMYDH,ns,40-1,40.0,1000.0,7,,2789.0,6415.0,5398.0,,,,,,,,,,,,,,,,,,,,,,,
A2L7RTYO4UMYDH,ns,40-1,40.0,1000.0,8,5483.333333333333,4957.5,4264.5,4204.666666666667,3256.3333333333335,3379.0,5039.666666666667,,,,,,,,,,,,,,,,,,,,
A2L7RTYO4UMYDH,ns,40-1,40.0,1000.0,9,4481.166666666666,5954.0,4509.0,5237.5,4783.0,4387.75,6088.5,8502.5,,,,,,,,,,,,,,,,,,,
A2L7RTYO4UMYDH,ns,40-1,40.0,1000.0,10,5650.833333333333,4921.5,5656.0,4192.0,5154.333333333333,8001.25,3281.25,3724.5,4314.0,,,,,,,,,,,,,,,,,,
A2L7RTYO4UMYDH,ns,40-1,40.0,1000.0,11,3140.75,4310.0,6712.5,5602.5,4746.166666666666,4264.5,10477.0,6028.0,6086.5,3878.75,,,,,,,,,,,,,,,,,
A2L7RTYO4UMYDH,ns,40-1,40.0,1000.0,12,,3808.0,3439.0,7149.0,5516.0,5782.0,4459.0,2507.0,,3798.0,11961.0,,,,,,,,,,,,,,,,
A2L7RTYO4UMYDH,ns,40-1,40.0,1000.0,13,4532.0,3415.0,5859.0,4588.0,3067.0,4199.0,3970.5,3092.5,6041.5,4386.0,5710.5,,,,,,,,,,,,,,,,
A2L7RTYO4UMYDH,ns,40-1,40.0,1000.0,14,7546.0,3494.0,5181.0,6775.0,5541.0,3154.0,6315.0,,4535.0,5468.0,5234.0,3660.0,5810.0,,,,,,,,,,,,,,
A2L7RTYO4UMYDH,ns,40-1,40.0,1000.0,15,,2993.0,3555.0,4458.0,4933.0,3061.0,4793.0,5401.0,3931.0,4971.0,2611.0,3360.0,3778.0,3820.0,,,,,,,,,,,,,
A2L7RTYO4UMYDH,ns,40-1,40.0,1000.0,16,4758.0,3320.0,5873.0,4112.0,,4971.0,4630.0,4031.0,3059.0,8375.0,6636.0,5345.0,,3291.0,3958.0,,,,,,,,,,,,
A2LI1OIR4BVJRW,prim,40-1,40.0,1000.0,6,2703.6000003814697,5411.099999427795,7621.699999809265,,,,,,,,,,,,,,,,,,,,,,,,
A2LI1OIR4BVJRW,prim,40-1,40.0,1000.0,7,3682.0999999046326,6314.599999427795,28028.0,4850.950000286102,3263.8999996185303,5593.000000476837,,,,,,,,,,,,,,,,,,,,,
A2LI1OIR4BVJRW,prim,40-1,40.0,1000.0,10,4425.500000238419,7157.775000333786,8741.649999856949,3887.7500002384186,4249.650000095367,6072.650000095367,11145.650000095367,3937.4000000953674,5091.300000190735,,,,,,,,,,,,,,,,,,
A2LI1OIR4BVJRW,prim,40-1,40.0,1000.0,11,5452.0166665712995,5208.349999745687,4429.266666889191,4332.666666348775,3909.433333237966,4842.7333334287005,4636.249999682109,6378.350000222524,4520.100000063579,4885.700000127156,,,,,,,,,,,,,,,,,
A2LI1OIR4BVJRW,prim,40-1,40.0,1000.0,12,4463.975000143051,2661.8249999284744,6530.166666984558,3898.4833335081735,4235.266666571299,4985.049999713898,8482.466666618982,4796.000000079473,3859.7333333757183,2997.2916663487754,4331.674999713898,,,,,,,,,,,,,,,,
A2LI1OIR4BVJRW,prim,40-1,40.0,1000.0,13,4109.5666669209795,5761.575000047684,4938.300000349681,5238.483333269755,4393.46666653951,5643.366666475932,5230.783332983653,7382.733333269755,2941.75,5114.383333047231,4222.399999936421,4313.066666603088,,,,,,,,,,,,,,,
A2LI1OIR4BVJRW,prim,40-1,40.0,1000.0,14,3628.6499996185303,3790.0750002861023,4079.8250000476837,5079.149999856949,4976.549999713898,5667.724999904633,3967.1249997615814,4762.174999952316,4904.475000143051,5902.775000095367,4732.500000238419,5182.47500038147,3115.824999809265,,,,,,,,,,,,,,
A2LI1OIR4BVJRW,prim,40-1,40.0,1000.0,15,3693.1699999332427,5749.066666666667,8694.025000015894,6547.677777820164,4757.112499753634,4146.854999732971,5001.245833237966,4634.216666817665,4957.055555608537,4315.925,3563.2083334525423,3887.015000009537,6588.820000028611,4469.550000111262,,,,,,,,,,,,,
A2LI1OIR4BVJRW,prim,40-1,40.0,1000.0,16,3631.800000190735,2471.5999994277954,3397.5,3307.199999809265,5148.200000762939,3014.699999809265,3874.5,,2650.1000003814697,4428.300000190735,4303.900000572205,4123.099999427795,10177.10000038147,6667.699999809265,2382.800000190735,,,,,,,,,,,,
A2LI1OIR4BVJRW,prim,40-1,40.0,1000.0,17,2969.0,3153.7999999523163,3209.2499995231633,6057.849999666214,3376.4249999523163,3681.5250000953674,8533.150000095367,4728.375,4334.600000143051,4745.850000143051,3586.8499999046326,3938.6250002384186,2870.1500000953674,2786.1249997615814,5671.400000095367,4405.924999713898,,,,,,,,,,,
A2LI1OIR4BVJRW,prim,40-1,40.0,1000.0,18,7528.75,3291.9500002861023,3969.0,4241.650000095367,4912.0,3889.249999523163,3518.5499997138977,2841.5500006675725,6119.400000095367,3349.1499996185303,3603.7000002861023,7070.60000038147,2235.25,3761.800000190735,4210.25,2485.550000190735,2681.050000190735,,,,,,,,,,
A2LI1OIR4BVJRW,prim,40-1,40.0,1000.0,19,4553.233333110809,3100.9749999046326,2630.5750002861023,3595.0916664600372,3313.2583334445953,5071.900000333786,4790.483333269754,4254.6083334287005,4099.241666634877,5904.641666650772,5313.774999936422,4189.325000286102,4350.875,3352.6999998887377,2811.8500000635786,3144.2166667779284,3846.0750000476837,3732.625000476837,,,,,,,,,
A2LI1OIR4BVJRW,prim,40-1,40.0,1000.0,20,3100.3999996185303,3194.5999994277954,1816.2999992370603,2787.8999996185303,,1471.3000001907349,4430.699999809265,3146.4000005722046,,5563.599999427795,2716.1000003814697,5211.800000190735,,3571.1000003814697,3661.699999809265,2864.800000190735,3404.6000003814697,6016.900000572205,4642.0,,,,,,,,
A2LI1OIR4BVJRW,prim,40-1,40.0,1000.0,21,4988.10000038147,2206.5,2690.300000190735,4052.0,2012.699999809265,3612.5,3145.5,3504.0,12517.400000572205,2293.0,1907.1000003814693,3758.199999809265,3046.0999994277954,4476.0,3732.699999809265,3731.699999809265,5126.5,3933.5999994277954,2574.5,3752.5,,,,,,,
A2NEFRREWF33YP,rec,40-1,40.0,1000.0,8,3069.3999999910593,2562.6500000059605,7097.949999988079,5090.799999982119,2799.300000011921,2727.899999976158,6095.350000023842,,,,,,,,,,,,,,,,,,,,
A2NEFRREWF33YP,rec,40-1,40.0,1000.0,9,3049.2166666666353,3146.083333333333,5358.866666666698,2250.083333333333,2433.500000005898,4956.666666654559,3571.325000005774,4404.466666666635,,,,,,,,,,,,,,,,,,,
A2NEFRREWF33YP,rec,40-1,40.0,1000.0,10,1864.4916666756487,2759.28111110787,4269.051111106782,4682.024444447602,3369.7022222215105,4574.0066666649445,4037.997777779152,3218.6511111166124,7409.708888892933,,,,,,,,,,,,,,,,,,
A2NEFRREWF33YP,rec,40-1,40.0,1000.0,11,2281.3225000075063,2608.4520833378388,3446.8733333283103,3219.636666665149,2312.5133333367917,3968.605000000773,3278.0583333358168,4618.694999999274,6080.625000006163,5099.535833338539,,,,,,,,,,,,,,,,,
A2NEFRREWF33YP,rec,40-1,40.0,1000.0,12,2026.6344444440472,2852.9288888891538,4001.849999997516,5699.395555557476,3008.7133333305524,3234.898888878359,4698.066666667329,2593.7933333406845,5243.076666674017,5044.776666666402,10746.379999993245,,,,,,,,,,,,,,,,
A2NEFRREWF33YP,rec,40-1,40.0,1000.0,13,2446.7999999970198,3688.7999999970198,2784.050000011921,2135.0499999970198,4374.29999999702,2503.3500000089407,2480.2999999970198,2872.1000000089407,1603.7000000029802,4332.700000017881,2969.0,6233.299999997021,,,,,,,,,,,,,,,
A2NEFRREWF33YP,rec,40-1,40.0,1000.0,14,2653.875000014901,3122.1750000044703,3348.1250000074506,4642.60000000149,7105.125000007451,2256.7749999910593,4268.774999991059,3688.25,2764.0750000029802,4918.72500000149,5955.7249999940395,6198.60000000149,9833.57500001043,,,,,,,,,,,,,,
A2NEFRREWF33YP,rec,40-1,40.0,1000.0,15,2197.7000000001863,2238.7999999998137,3007.0999999996275,2974.5,1564.5,2177.9000000003725,2041.5,1170.7999999998135,,2244.0999999996275,10010.400000000373,9091.5,13276.89999999944,4576.299999999814,,,,,,,,,,,,,
A2P8V5SKYLL5I4,rec,40-1,40.0,1000.0,10,1969.899999976158,2587.199999988079,3898.199999988079,4084.399999976158,2683.800000011921,3348.199999988079,2481.800000011921,10807.69999998808,6054.699999988079,,,,,,,,,,,,,,,,,,
A2P8V5SKYLL5I4,rec,40-1,40.0,1000.0,14,3626.0499999523163,2104.5,5991.849999904633,7415.149999976158,2730.75,2290.399999976158,2760.899999856949,3290.200000047684,4738.949999928474,5044.399999976158,2868.049999833107,2539.300000190735,9116.649999976158,,,,,,,,,,,,,,
A2P8V5SKYLL5I4,rec,40-1,40.0,1000.0,15,2376.3000000715256,4416.575000107288,4562.975000023842,4964.800000071526,4069.7000000476837,5761.924999952316,3069.4999998807907,3589.9499999284744,11964.724999964239,4016.5,3753.475000023842,3366.5500000715256,3965.0,5780.400000035763,,,,,,,,,,,,,
A2P8V5SKYLL5I4,rec,40-1,40.0,1000.0,16,3881.283333390951,5163.049999992053,3862.6333332856498,4687.1999999649,4186.361111104488,4412.877777834733,4601.255555593306,3353.949999908606,4284.233333309491,3605.516666660706,4454.41111113959,5577.6222222447395,4829.605555580722,4968.544444418615,7428.488888892863,,,,,,,,,,,,
A2P8V5SKYLL5I4,rec,40-1,40.0,1000.0,17,2200.872222274542,3132.299999965562,6032.1722222434155,4028.9555555482707,3260.2888889279634,4354.975000038743,2583.6944443914626,6603.188888847828,3978.966666628917,3595.2499999701977,3945.699999948343,3565.5944444702727,5116.277777781089,4382.216666688521,3483.9777777824133,4019.4833333790302,,,,,,,,,,,
A2P8V5SKYLL5I4,rec,40-1,40.0,1000.0,18,1715.1424999698997,2646.052500014007,4689.5775000035765,3387.6224999979136,3049.9900000095367,4070.687499962747,3962.619999986887,4292.0199999849,4263.215000005066,3655.155000001192,3908.4600000321866,3779.4549999400974,3654.2066666821643,3472.7849999964237,4621.091666678588,6152.912499956787,4709.922500014305,,,,,,,,,,
A2P8V5SKYLL5I4,rec,40-1,40.0,1000.0,19,2954.5625,2083.1875000074506,2935.262499988079,3578.43333333234,4146.712499983609,4947.8499999940395,3536.362499989569,2692.850000003974,4337.95000000298,3271.14999999851,3184.0333333512144,3221.6874999925494,3520.7374999821186,4061.424999989569,4274.487500011921,3775.52499999851,5172.7125000059605,4677.324999993047,,,,,,,,,
A2P8V5SKYLL5I4,rec,40-1,40.0,1000.0,20,2469.225000023842,2778.4500000178814,4071.6000000089407,3658.1500000059605,2982.7999999970198,3316.550000011921,2474.324999988079,3164.2750000059605,2355.125000014901,4095.425000011921,1839.25,3899.7000000029802,4198.074999988079,3325.8499999940395,4759.95000000298,4113.850000023842,3502.649999976158,3899.7000000178814,6268.92499999702,,,,,,,,
A2P8V5SKYLL5I4,rec,40-1,40.0,1000.0,21,2424.666666686535,2484.050000051657,3722.716666698456,2973.1833333571753,3696.416666686535,2870.783333400885,4477.983333349228,3200.2333332896233,3658.5333333412805,5176.700000047684,3871.2666666905084,3920.9333333969116,3116.033333301544,4414.116666615009,4395.98333332936,4056.8166666825614,4046.816666662693,3421.14999995629,3267.349999964237,5064.949999988079,,,,,,,
A2P8V5SKYLL5I4,rec,40-1,40.0,1000.0,22,2655.9000000059605,2973.199999988079,6486.25,3467.0499999821186,3182.7499999701977,5111.5999999940395,2648.7500000298023,3040.350000023842,4524.399999976158,3770.25,3880.5999999940395,4722.299999982119,5341.5,2855.550000011921,3218.9000000059605,2661.4000000059605,5058.850000023842,3693.550000011921,3357.6500000059605,5498.0999999940395,3698.449999988079,,,,,,
A2P8V5SKYLL5I4,rec,40-1,40.0,1000.0,23,2328.9249999970198,2239.499999985099,3502.7000000029802,4512.82500000298,2256.4749999940395,2810.999999985099,2754.7750000059605,3250.2999999970198,3864.625000014901,2763.1749999970198,2692.649999976158,4473.5,3840.0750000029802,3558.4249999821186,3867.949999988079,3203.0750000029802,3571.574999988079,2372.8250000029802,3614.8999999910593,3076.9000000208616,4304.249999970198,6083.675000011921,,,,,
A2P8V5SKYLL5I4,rec,40-1,40.0,1000.0,25,3377.900000035763,2723.300000011921,2993.699999988079,1913.5999999642368,2828.199999988079,2960.400000035763,1356.600000023842,4699.400000035763,2610.100000023842,3050.400000035763,2482.800000011921,3669.699999988079,2891.300000011921,2070.199999988079,5868.599999964237,1819.5,4674.0,2472.699999988079,2247.7999999523163,,3486.399999976158,2368.199999988079,5537.5,7383.399999976158,,,
A2PSU15S8ZI3V5,prim,40-1,40.0,1000.0,9,4169.099999904633,,2048.800000190735,,3127.800000190735,3160.8999996185303,4697.199999809265,,,,,,,,,,,,,,,,,,,,
A2PSU15S8ZI3V5,prim,40-1,40.0,1000.0,10,5304.5,4735.099999904633,6683.449999809265,4112.100000143051,3663.5,6357.599999904633,5278.799999713898,4584.299999713898,2683.9000000953674,,,,,,,,,,,,,,,,,,
A2PSU15S8ZI3V5,prim,40-1,40.0,1000.0,12,3999.900000095368,3279.9000000953674,5998.900000095367,,4871.0,3440.300000190735,4550.599999904633,,,,2200.5,,,,,,,,,,,,,,,,
A2PSU15S8ZI3V5,prim,40-1,40.0,1000.0,13,3283.9000000953674,6043.066666444142,4722.100000063579,5219.233333349228,3811.1250001192093,5181.650000015895,6700.600000143051,6548.024999856949,5025.316666523616,4346.125,4524.949999928474,5105.166666666667,,,,,,,,,,,,,,,
A2PSU15S8ZI3V5,prim,40-1,40.0,1000.0,14,5417.049999833107,4354.125,4663.624999880791,3075.508333325386,3938.4000000953674,5222.475000023842,4922.700000166893,5266.916666587194,4587.25,4695.525000174841,5200.274999976158,6285.774999976158,5577.858333269754,,,,,,,,,,,,,,
A2PSU15S8ZI3V5,prim,40-1,40.0,1000.0,15,4226.730833311875,4377.736249929667,4197.431249966225,4661.968750045697,4528.043750077486,4399.959999966622,4153.5625,4601.751250056425,4500.260000093778,4424.893750071526,4522.029166718324,4310.721249985695,4190.541666666667,4977.737499982119,,,,,,,,,,,,,
A2PSU15S8ZI3V5,prim,40-1,40.0,1000.0,16,4262.604166567326,4311.312500178814,4336.1333334247265,5398.587500095367,5246.266666611035,3811.058333516121,4973.15833346049,4669.0249999165535,3902.7083334525423,4524.116666634877,4618.4249999125805,4334.766666650772,3710.327777862549,4944.200000027816,4224.266666650772,,,,,,,,,,,,
A2PSU15S8ZI3V5,prim,40-1,40.0,1000.0,17,3890.437500089407,3971.3750001192093,4447.156249970198,3722.1625000834465,3771.7312500476837,3997.7750000059605,3874.016666571299,4724.949999988079,4427.450000007948,5128.433333317439,4379.112499982119,3726.8999998172126,4430.349999984106,5359.631250143051,5055.477777693007,4920.108333349228,,,,,,,,,,,
A2PSU15S8ZI3V5,prim,40-1,40.0,1000.0,18,3913.1666666666665,5147.96666653951,4185.966666698456,4869.000000158946,3250.0666666030884,3889.9999997615814,3989.8499999046326,4568.149999856949,4502.050000190735,4112.766666730245,4690.066666762034,4794.466666698456,3479.766666571299,3935.6333335240683,3979.899999936422,4371.133333365123,5625.999999761581,,,,,,,,,,
A2PSU15S8ZI3V5,prim,40-1,40.0,1000.0,19,3812.6666668256125,4514.699999968211,5376.433333396912,4885.400000095367,3996.5999999046326,3588.2999998728433,4502.666666666667,3663.6666666666665,3936.266666730245,3805.533333301544,4071.1333333651223,5061.166666666667,4086.8333333333335,3792.033333301544,4768.833333174388,4760.600000063579,4339.133333206177,5100.100000143051,,,,,,,,,
A2PSU15S8ZI3V5,prim,40-1,40.0,1000.0,20,6697.599999904633,4095.900000095368,3336.300000190735,3994.400000095368,4705.900000095367,4298.5,2969.4000000953674,2681.199999809265,2888.9000000953674,3714.0,7531.099999904633,4605.799999713898,4065.800000190735,4650.099999904633,5746.5,3512.099999904633,2975.0,3000.800000190735,3136.4000000953674,,,,,,,,
A2QUSCZS3RXGXE,ns,40-1,40.0,1000.0,8,3064.5,51333.800000190735,3717.0,2888.0,1888.6000003814693,2805.6000003814697,1805.8999996185305,,,,,,,,,,,,,,,,,,,,
A2QUSCZS3RXGXE,ns,40-1,40.0,1000.0,10,2459.9000000953674,3108.8499999046326,4737.5,4246.449999332428,2684.050000190735,4918.050000190735,2465.050000190735,1950.0999999046326,2091.6000003814697,,,,,,,,,,,,,,,,,,
A2QUSCZS3RXGXE,ns,40-1,40.0,1000.0,11,3295.4500001271563,3229.916666507721,2738.403333123525,3104.766666491826,3178.4000000158944,2897.0750001271563,3389.7916665871935,4764.591666618983,2395.586666742961,1984.800000031789,,,,,,,,,,,,,,,,,
A2QUSCZS3RXGXE,ns,40-1,40.0,1000.0,12,3652.766666730245,3880.099999745687,2732.583333492279,4062.6999999682107,2454.083333492279,2868.7166668574014,2052.5,2948.2999998728433,2561.8666667938232,3323.649999777476,2182.183333237966,,,,,,,,,,,,,,,,
A2QUSCZS3RXGXE,ns,40-1,40.0,1000.0,13,3649.770833214124,3775.149999976158,3535.220833381017,3282.350000063578,4019.4458333651223,4035.024999936422,3725.208333094915,3406.8812497258186,3675.649999896685,3869.2083336114883,3907.0291666587195,2737.2958333094916,,,,,,,,,,,,,,,
A2QUSCZS3RXGXE,ns,40-1,40.0,1000.0,14,2896.1999999682107,2053.266666730245,3486.1666666666665,2877.6999999682107,3385.983333269755,4873.21666653951,5434.416666507721,3068.266666571299,4046.5499998728433,2869.466666698456,3424.649999936422,3818.283333301544,2066.333333015442,,,,,,,,,,,,,,
A2QUSCZS3RXGXE,ns,40-1,40.0,1000.0,15,3552.849999666214,2787.725000143051,4157.700000286102,3692.7000000476837,4112.10000038147,2051.675000190735,5985.224999904633,2886.2249999046326,3750.0,2665.4749999046326,3094.2999999523163,3514.2000000476837,2504.850000143051,2879.4249999523163,,,,,,,,,,,,,
A2QUSCZS3RXGXE,ns,40-1,40.0,1000.0,16,2307.183333237966,3974.6833333969116,2639.8833335240683,2973.233333269755,4187.166666825612,2133.766666571299,2888.6333335240683,3174.7333331108093,3234.266666730245,2430.733333428701,2435.366666952769,3208.5999999046326,2642.600000063578,2873.8666667938232,1965.6333335240681,,,,,,,,,,,,
A2QUSCZS3RXGXE,ns,40-1,40.0,1000.0,17,4395.549999713898,2677.5750000476837,3872.9500000476837,2548.4500002861023,6014.800000190735,2959.225000143051,3458.975000143051,3937.1499996185303,2861.1500000953674,3308.2000000476837,3346.9500002861023,3951.725000143051,4217.64999961853,3016.4249999523163,3518.9500000476837,3086.2500002384186,,,,,,,,,,,
A2QUSCZS3RXGXE,ns,40-1,40.0,1000.0,18,1572.8999996185305,1533.5499997138977,3100.300000190735,2398.699999809265,2121.550000190735,1227.9500002861023,3949.5999999046326,5156.299999713898,3477.1499996185303,3493.1500000953674,3532.9000000953674,4753.699999809265,2655.3499999046326,6292.60000038147,2766.75,2897.5,3673.7000002861023,,,,,,,,,,
A2QUSCZS3RXGXE,ns,40-1,40.0,1000.0,19,2175.3666666348777,3926.199999968211,2963.5666666030884,5364.083333174388,2754.0166664123535,2291.916666348775,3463.3833338419595,2642.56666692098,3531.833333492279,2665.5666667620344,2379.4499999682107,2669.283333142598,3037.300000190735,2340.833333651225,2630.916666666667,3836.499999841054,5579.583333492279,2383.466666698456,,,,,,,,,
A2TUYGXQ15U6GO,prim,40-1,40.0,1000.0,5,,8092.0,6588.0,,,,,,,,,,,,,,,,,,,,,,,,
A2TUYGXQ15U6GO,prim,40-1,40.0,1000.0,7,3269.0,3142.0,4457.5,,3741.0,5659.0,,,,,,,,,,,,,,,,,,,,,
A2TUYGXQ15U6GO,prim,40-1,40.0,1000.0,9,5503.0,3853.5,4801.0,6750.0,4843.0,3971.3333333333335,3700.5,,,,,,,,,,,,,,,,,,,,
A2TUYGXQ15U6GO,prim,40-1,40.0,1000.0,10,3991.6666666666665,6539.0,4264.0,4280.333333333333,3798.0,5652.0,4324.0,3702.0,6712.0,,,,,,,,,,,,,,,,,,
A2TUYGXQ15U6GO,prim,40-1,40.0,1000.0,11,4191.666666666666,3686.3333333333335,3082.555555555556,4576.5,4936.666666666667,5400.75,4230.5,3607.25,5300.5,4176.0,,,,,,,,,,,,,,,,,
A2TUYGXQ15U6GO,prim,40-1,40.0,1000.0,12,3783.6666666666665,2852.0,3767.0,6516.0,3797.5,3014.0,6276.0,3912.5,,6103.5,3532.0,,,,,,,,,,,,,,,,
A2TUYGXQ15U6GO,prim,40-1,40.0,1000.0,13,6572.0,4096.0,4424.0,4051.25,5102.0,4038.75,4770.25,4582.25,3992.0,3921.0,5286.166666666667,6068.0,,,,,,,,,,,,,,,
A2TUYGXQ15U6GO,prim,40-1,40.0,1000.0,14,2500.0,3318.1666666666665,2718.666666666667,3866.0,4032.5,4604.5,2395.0,6056.333333333333,4788.166666666667,3737.3333333333335,3307.833333333333,3098.0,3772.0,,,,,,,,,,,,,,
A2TUYGXQ15U6GO,prim,40-1,40.0,1000.0,15,4191.222222222222,3644.25,3185.3333333333335,3898.0,3914.1666666666665,4170.777777777778,4191.416666666667,6766.5,3947.4166666666665,3527.6666666666665,5040.125,3669.5,4384.666666666667,6102.5,,,,,,,,,,,,,
A2UEVNT8VQD1SA,ns,40-1,40.0,1000.0,9,3819.649999987334,5186.4249999932945,18182.475000005215,6041.2500000130385,3486.450000010431,6008.025000011548,5300.499999991618,6674.550000000745,,,,,,,,,,,,,,,,,,,
A2UEVNT8VQD1SA,ns,40-1,40.0,1000.0,10,4830.400000000994,12402.358333330601,5131.549999999504,5234.775000000994,5458.05000000447,4045.199999999255,5365.683333337307,5857.42499999702,7172.227777779102,,,,,,,,,,,,,,,,,,
A2UEVNT8VQD1SA,ns,40-1,40.0,1000.0,11,4292.243333329013,6403.16666666766,4433.154166669896,5685.783333339107,6095.300000000124,6718.951666665823,6080.5233333359165,5620.759999999653,6752.730555557646,7924.055555557004,,,,,,,,,,,,,,,,,
A2UEVNT8VQD1SA,ns,40-1,40.0,1000.0,12,5164.079166664431,5825.670238095957,5028.7249999981195,6042.037499998696,5975.0958333344515,5780.283928572156,7674.514999998423,5683.55634920843,4602.562500000931,7822.2357142894925,6473.84714285545,,,,,,,,,,,,,,,,
A2UEVNT8VQD1SA,ns,40-1,40.0,1000.0,13,3952.0541666612653,7021.406250001863,4726.881250003353,5294.012499996927,5143.981250001118,6485.043750004843,4716.881249994971,6603.737499999348,5923.3187499954365,4354.399999999441,6221.345833336003,6915.999999996275,,,,,,,,,,,,,,,
A2UEVNT8VQD1SA,ns,40-1,40.0,1000.0,14,5328.899999991059,3344.5,4609.0,5520.699999988079,7352.0,4937.29999999702,4264.0,5809.09999999404,9872.30000001192,4249.29999999702,8049.0,7256.79999999702,6544.0,,,,,,,,,,,,,,
A2UEVNT8VQD1SA,ns,40-1,40.0,1000.0,15,3853.79999999702,4506.149999994785,2670.150000004098,3210.89999999851,4162.699999993667,3161.9500000029802,4454.250000001863,3906.399999992922,8490.450000001118,2718.2000000011176,3653.8999999966477,3946.3499999959026,6234.4000000059605,6250.39999999851,,,,,,,,,,,,,
A2VR9O234UCT9T,rec,40-1,40.0,1000.0,4,2313.10000000149,2479.5,10084.70000000298,,,,,,,,,,,,,,,,,,,,,,,,
A2VR9O234UCT9T,rec,40-1,40.0,1000.0,5,1571.116666667215,1687.6833333313052,2536.533333333313,8182.683333329856,,,,,,,,,,,,,,,,,,,,,,,
A2VR9O234UCT9T,rec,40-1,40.0,1000.0,6,1878.0125000005355,2305.337500001042,4076.7000000002445,4036.0750000008848,8898.774999999907,,,,,,,,,,,,,,,,,,,,,,
A2VR9O234UCT9T,rec,40-1,40.0,1000.0,7,2385.010416667666,2542.61874999915,2654.979166667307,2749.250000000194,7831.170833333463,7287.343749998652,,,,,,,,,,,,,,,,,,,,,
A2VR9O234UCT9T,rec,40-1,40.0,1000.0,8,3043.8041666659215,3310.450000000662,2539.1208333333198,2128.912499998114,3099.958333332237,4904.545833333299,9321.272222223173,,,,,,,,,,,,,,,,,,,,
A2VR9O234UCT9T,rec,40-1,40.0,1000.0,9,1917.6749999997846,2463.4875000010943,3000.8124999995052,3942.7874999973574,2917.549999999377,6999.812499999447,5587.087499999092,4729.862499999086,,,,,,,,,,,,,,,,,,,
A2VR9O234UCT9T,rec,40-1,40.0,1000.0,10,2543.716666666713,2588.633333332293,3446.5833333333335,2544.833333333372,1881.9666666667133,3105.13333333435,2176.3166666696393,8843.900000000993,7355.516666666644,,,,,,,,,,,,,,,,,,
A2VR9O234UCT9T,rec,40-1,40.0,1000.0,11,1398.500000001397,3585.399999999907,2059.999999998603,1930.6499999975786,4253.150000001537,3735.8999999978114,3066.4500000022817,4086.5,6228.54999999865,5855.25,,,,,,,,,,,,,,,,,
A2VR9O234UCT9T,rec,40-1,40.0,1000.0,12,1549.2000000000698,3107.7000000029802,3209.75,1731.5000000015134,1866.1500000059605,3010.49999999709,3516.04999999702,2473.200000006007,9861.95000000298,12487.000000001397,6348.3999999969965,,,,,,,,,,,,,,,,
A2VR9O234UCT9T,rec,40-1,40.0,1000.0,14,4230.199999999953,1719.7000000001865,1873.7999999998133,1491.0,2676.600000000093,1865.0,1956.6999999999528,3950.300000000047,2856.5,4987.800000000047,6436.5,3438.40000000014,2027.0999999998603,,,,,,,,,,,,,,
A2WCPERU8X385N,prim,40-1,40.0,1000.0,2,3727.599999904633,,,,,,,,,,,,,,,,,,,,,,,,,,
A2WCPERU8X385N,prim,40-1,40.0,1000.0,8,6967.300000190735,4759.599999904633,6173.549999952316,7579.399999856949,6164.350000023842,4023.9999998807907,3787.350000023842,,,,,,,,,,,,,,,,,,,,
A2WCPERU8X385N,prim,40-1,40.0,1000.0,9,6593.5,5887.024999976158,7632.133333285649,5111.033333381017,6192.749999880791,5477.4166665871935,6155.549999992053,4825.633333285649,,,,,,,,,,,,,,,,,,,
A2WCPERU8X385N,prim,40-1,40.0,1000.0,10,4209.716666599114,4905.825000047684,7578.558333297571,5887.374999930461,4514.041666666667,5139.524999946356,5301.637500007947,4994.691666682562,5319.700000007947,,,,,,,,,,,,,,,,,,
A2WCPERU8X385N,prim,40-1,40.0,1000.0,11,6033.312499970198,5324.833333306842,5222.491666694482,4832.425000011921,4747.074999958277,5797.199999958277,5010.638888849153,4439.958333333333,5039.266666611035,5752.391666650772,,,,,,,,,,,,,,,,,
A2WCPERU8X385N,prim,40-1,40.0,1000.0,12,4348.25,5799.612500011921,5651.062500029802,5713.900000095367,6150.650000035763,5806.766666650772,4978.024999976158,4867.0,4477.300000071526,5235.800000031789,4409.616666714351,,,,,,,,,,,,,,,,
A2WCPERU8X385N,prim,40-1,40.0,1000.0,13,4270.700000077486,4154.612500011921,5878.174999952316,5431.899999936421,4062.3333333730698,5383.425000011921,5668.150000035763,5598.049999952316,4619.849999964237,5505.125,4752.4625000059605,5047.049999952316,,,,,,,,,,,,,,,
A2WCPERU8X385N,prim,40-1,40.0,1000.0,14,3823.3166667024298,5688.437499970198,4402.141666730246,4528.574999968211,4282.608333349228,5503.674999992053,4863.23333332936,4503.725000053644,4381.874999980131,5313.47500004371,4777.937500039737,5612.325000047684,5505.454166630904,,,,,,,,,,,,,,
A2WCPERU8X385N,prim,40-1,40.0,1000.0,15,4977.25,2576.3666666348777,5902.0249999165535,3741.7000000476837,4571.325000047684,4251.733333349228,4678.666666666667,3486.6666666666665,3801.1499999165535,4179.150000035763,4691.025000035763,5389.300000011921,3864.849999964237,4041.8749999403954,,,,,,,,,,,,,
A2WCPERU8X385N,prim,40-1,40.0,1000.0,16,4925.050000190735,4210.199999928474,3743.9500000476837,5581.75,4584.649999856949,6909.299999952316,3701.600000143051,4688.850000023842,4086.350000023842,5419.400000095367,4595.650000095367,4916.0,3892.5500000715256,3262.200000047684,5615.249999880791,,,,,,,,,,,,
A33GZS6SU4O20M,ns,40-1,40.0,1000.0,7,,2030.0,4842.0,,3358.0,7080.0,,,,,,,,,,,,,,,,,,,,,
A33GZS6SU4O20M,ns,40-1,40.0,1000.0,8,,7155.5,7007.0,3472.0,,3924.0,,,,,,,,,,,,,,,,,,,,,
A33GZS6SU4O20M,ns,40-1,40.0,1000.0,9,11461.5,6090.0,3792.0,6361.0,3039.0,4703.0,4779.0,7098.0,,,,,,,,,,,,,,,,,,,
A33GZS6SU4O20M,ns,40-1,40.0,1000.0,10,4682.111111111111,4834.5,3934.708333333333,3563.5,4769.583333333333,3414.0,4723.0,4780.88888888889,3965.0,,,,,,,,,,,,,,,,,,
A33GZS6SU4O20M,ns,40-1,40.0,1000.0,11,3429.3333333333335,4508.222222222223,3631.25,4313.0,3832.875,4150.0,5482.944444444444,3620.25,3502.75,4362.5,,,,,,,,,,,,,,,,,
A33GZS6SU4O20M,ns,40-1,40.0,1000.0,12,3114.0,5377.041666666666,4059.6666666666665,3654.125,3985.5,2891.25,3891.708333333333,3590.444444444445,3212.6111111111113,4617.75,4919.083333333333,,,,,,,,,,,,,,,,
A33GZS6SU4O20M,ns,40-1,40.0,1000.0,13,4405.833333333333,3144.0,3366.0,3544.75,5595.5,3378.0,4518.0,3422.75,2824.0,2790.0,6511.0,5054.0,,,,,,,,,,,,,,,
A33GZS6SU4O20M,ns,40-1,40.0,1000.0,14,4593.5,3657.75,4830.75,4804.5,3626.5,3063.0,4566.0,3338.333333333333,2737.1666666666665,2808.8333333333335,3838.666666666667,3681.8333333333335,4093.3333333333335,,,,,,,,,,,,,,
A33GZS6SU4O20M,ns,40-1,40.0,1000.0,15,4131.75,2567.0,4943.5,6209.25,3930.75,2721.5,4492.0,3918.25,4160.25,4773.25,5004.5,,4585.0,5006.0,,,,,,,,,,,,,
A38I0E8UK53ME5,rec,40-1,40.0,1000.0,4,2709.25,7622.25,,,,,,,,,,,,,,,,,,,,,,,,,
A38I0E8UK53ME5,rec,40-1,40.0,1000.0,5,3292.5,4232.0,4140.0,3833.0,,,,,,,,,,,,,,,,,,,,,,,
A38I0E8UK53ME5,rec,40-1,40.0,1000.0,6,3637.0,2848.0,4221.0,24469.0,47644.0,,,,,,,,,,,,,,,,,,,,,,
A38I0E8UK53ME5,rec,40-1,40.0,1000.0,7,1958.5,3643.0,24739.75,3296.0,3505.75,17594.0,,,,,,,,,,,,,,,,,,,,,
A38I0E8UK53ME5,rec,40-1,40.0,1000.0,8,3631.0,3371.5,3309.5,4029.0,3328.5,15092.0,22155.5,,,,,,,,,,,,,,,,,,,,
A38I0E8UK53ME5,rec,40-1,40.0,1000.0,9,3779.25,2798.875,6722.375,3789.25,9372.875,4669.666666666667,10883.75,13341.5,,,,,,,,,,,,,,,,,,,
A38I0E8UK53ME5,rec,40-1,40.0,1000.0,10,1878.25,2306.25,2804.25,2016.0,6763.75,6866.0,6700.75,13042.25,5163.0,,,,,,,,,,,,,,,,,,
A38I0E8UK53ME5,rec,40-1,40.0,1000.0,11,2971.5,2371.0,4679.5,3041.0,5661.5,9543.5,24292.0,1636.5,20059.5,2123.0,,,,,,,,,,,,,,,,,
A38I0E8UK53ME5,rec,40-1,40.0,1000.0,12,2375.3333333333335,2442.5833333333335,2661.625,3711.6666666666665,3955.1666666666665,2541.0,3368.8333333333335,2817.2777777777774,7213.916666666667,22942.222222222223,7410.0,,,,,,,,,,,,,,,,
A38I0E8UK53ME5,rec,40-1,40.0,1000.0,13,4218.0,5132.5,3410.0,3299.0,4589.5,2846.5,2657.5,3937.0,7114.5,3512.5,12957.0,4034.0,,,,,,,,,,,,,,,
A38I0E8UK53ME5,rec,40-1,40.0,1000.0,14,2808.3333333333335,1963.3333333333333,6497.0,3416.0,2102.6666666666665,3979.3333333333335,1914.6666666666667,5527.666666666667,2513.0,4085.0,4490.666666666667,9000.666666666666,21043.0,,,,,,,,,,,,,,
A38I0E8UK53ME5,rec,40-1,40.0,1000.0,15,1734.0,2388.0,1628.0,1850.0,5512.0,4246.0,5474.0,12867.0,5555.0,2059.0,3394.0,2547.0,,9587.0,,,,,,,,,,,,,
A3BZH91MITQA5X,ns,40-1,40.0,1000.0,4,1807.0,29542.89999997616,,,,,,,,,,,,,,,,,,,,,,,,,
A3BZH91MITQA5X,ns,40-1,40.0,1000.0,8,2910.800000011921,2420.800000011921,2886.300000011921,11614.09999999404,9618.799999982119,18214.19999998808,12808.700000017881,,,,,,,,,,,,,,,,,,,,
A3BZH91MITQA5X,ns,40-1,40.0,1000.0,10,3929.5999999940395,2345.25,3853.4000000059605,4072.9000000059605,9276.899999976158,4789.899999976158,11981.949999988079,,4345.149999976158,,,,,,,,,,,,,,,,,,
A3BZH91MITQA5X,ns,40-1,40.0,1000.0,11,3971.699999988079,10333.19999998808,2437.599999964237,,,,3090.699999988079,4027.900000035763,1900.5999999642368,,,,,,,,,,,,,,,,,,
A3BZH91MITQA5X,ns,40-1,40.0,1000.0,12,2549.8888888557753,9528.611111091244,6568.5555555820465,5054.18333329757,5084.316666732231,6934.777777777777,4266.25,7157.077777783076,5209.766666650772,4787.833333280351,7807.383333325386,,,,,,,,,,,,,,,,
A3BZH91MITQA5X,ns,40-1,40.0,1000.0,13,3247.394444392787,4258.899999936421,4206.861111031638,4671.683333287637,6107.727777792348,5551.355555587345,5118.294444421927,4606.066666692495,5314.566666709053,8739.766666677262,7400.461111095216,10165.199999948343,,,,,,,,,,,,,,,
A3BZH91MITQA5X,ns,40-1,40.0,1000.0,14,3373.850000023842,4996.724999964237,2552.275000065565,2997.9500000178814,4510.424999982119,8573.300000011921,8314.625000059605,7063.700000017881,4383.024999976158,1943.125,4834.300000011921,6092.549999982119,7296.075000077486,,,,,,,,,,,,,,
A3BZH91MITQA5X,ns,40-1,40.0,1000.0,15,3367.550000011921,2062.4499999284744,3453.5499999523163,2149.349999934435,3410.7500000596046,4940.699999958277,3289.599999904633,2510.599999964237,7126.050000011921,4941.150000035763,8898.84999999404,5453.349999934435,5914.699999988079,5805.8500000834465,,,,,,,,,,,,,
A3BZH91MITQA5X,ns,40-1,40.0,1000.0,16,9588.299999952316,4132.900000095367,3693.5,1316.0999999046326,5164.099999904633,1884.700000047684,9883.0,6437.099999904633,2956.399999856949,3387.9000000953674,3678.299999952316,3529.899999856949,4805.399999856949,1811.0,6293.200000047684,,,,,,,,,,,,
A3BZH91MITQA5X,ns,40-1,40.0,1000.0,17,2460.5111110806465,2513.316666662693,5040.0277777844,2956.2222221957313,3052.811111152172,2644.10000004371,4300.25,3873.294444421927,3906.861111077997,4565.072222239441,7580.905555552908,4972.022222260634,8044.961111075349,6384.0,5340.877777775128,4927.594444407357,,,,,,,,,,,
A3BZH91MITQA5X,ns,40-1,40.0,1000.0,18,5623.249999940395,5527.600000023842,4107.300000011921,3188.2999998927116,2668.449999988079,2023.550000011921,7491.849999964237,4483.999999940395,8204.449999988079,2373.800000011921,6270.949999928474,5967.550000011921,5532.950000047684,3068.5000000596046,3523.4500000476837,2282.9499999284744,3267.7000001072884,,,,,,,,,,
A3BZH91MITQA5X,ns,40-1,40.0,1000.0,19,2902.5,4518.199999809265,2262.7999999523163,5223.599999904633,2365.7999999523163,5511.0,2790.100000143051,2574.300000190735,2439.399999856949,2071.7999999523163,,4061.899999856949,2550.4000000953674,2718.700000047684,4878.299999952316,2862.5,9694.5,2428.700000047684,,,,,,,,,
A3BZH91MITQA5X,ns,40-1,40.0,1000.0,20,2684.700000047684,4757.199999928474,1824.899999976158,2008.700000047684,4085.900000095368,16388.400000095367,1916.1000000238416,1977.6000000238416,2588.7999999523163,1996.1000000238416,2693.2999999523163,1980.5,4085.100000023842,6284.899999976158,3829.400000095368,1530.3000000715256,2356.7999999523163,4421.100000023842,3483.3000000715256,,,,,,,,
A3BZH91MITQA5X,ns,40-1,40.0,1000.0,21,3772.200000047684,3551.600000023842,3148.600000023842,2676.0,5523.5,2585.0,6460.0,3626.799999952316,4155.100000023842,4235.700000047684,2451.100000023842,1932.7999999523165,3548.2999999523163,2309.100000023842,1876.399999976158,2155.700000047684,2419.899999976158,6924.800000071526,3003.2999999523163,2424.8000000715256,,,,,,,
A3BZH91MITQA5X,ns,40-1,40.0,1000.0,24,2410.399999976158,4362.100000023842,1750.7000000476835,3812.399999976158,2168.099999904633,4586.899999976158,1591.4000000953674,1505.399999976158,4010.0,2970.5,2835.1999999284744,4208.699999928474,8003.5,2642.6999999284744,2393.5,2480.200000047684,11314.5,2186.5,3121.3000000715256,2940.099999904633,2481.399999976158,1383.100000023842,1906.700000047684,,,,
A3NX66U9RAY2GQ,prim,40-1,40.0,1000.0,4,,,,,,,,,,,,,,,,,,,,,,,,,,,
A3NX66U9RAY2GQ,prim,40-1,40.0,1000.0,5,2405.0,4072.0,3194.0,3881.0,,,,,,,,,,,,,,,,,,,,,,,
A3NX66U9RAY2GQ,prim,40-1,40.0,1000.0,6,3001.0,,1386.0,1931.0,2380.0,,,,,,,,,,,,,,,,,,,,,,
A3NX66U9RAY2GQ,prim,40-1,40.0,1000.0,7,3209.0,1507.0,3040.0,6638.5,5189.5,4522.0,,,,,,,,,,,,,,,,,,,,,
A3NX66U9RAY2GQ,prim,40-1,40.0,1000.0,8,2193.9583333333335,2629.222222222222,2920.875,2659.6666666666665,2832.0,4662.666666666667,3935.277777777778,,,,,,,,,,,,,,,,,,,,
A3NX66U9RAY2GQ,prim,40-1,40.0,1000.0,9,3630.8333333333335,2681.1666666666665,2153.0,3225.8888888888887,3891.5,2934.3333333333335,4067.0,2973.0,,,,,,,,,,,,,,,,,,,
A3NX66U9RAY2GQ,prim,40-1,40.0,1000.0,10,2932.6666666666665,3308.0,2857.0,3761.0,5183.0,2081.0,3900.3333333333335,2048.0,2869.0,,,,,,,,,,,,,,,,,,
A3NX66U9RAY2GQ,prim,40-1,40.0,1000.0,11,2364.5,3045.0,2345.0,2153.125,4218.25,3177.5,3007.3333333333335,4038.5,2772.5,2587.5,,,,,,,,,,,,,,,,,
A3NX66U9RAY2GQ,prim,40-1,40.0,1000.0,12,5531.375,4432.666666666667,2585.6666666666665,2764.75,2602.5,4371.0,2544.625,1673.0,2509.25,4119.166666666667,4298.5,,,,,,,,,,,,,,,,
A3NX66U9RAY2GQ,prim,40-1,40.0,1000.0,13,,2902.0,1970.0,2320.0,,,3544.0,,2597.0,2431.0,1922.0,4801.0,,,,,,,,,,,,,,,
A3NX66U9RAY2GQ,prim,40-1,40.0,1000.0,14,2015.75,2362.222222222222,2734.8333333333335,1744.1666666666667,2372.0,2152.6666666666665,2106.0,2173.0,3485.1666666666665,3188.666666666667,2074.8888888888887,3727.0,3252.6666666666665,,,,,,,,,,,,,,
A3NX66U9RAY2GQ,prim,40-1,40.0,1000.0,15,2866.0,2765.0,2272.0,2534.5,2510.5,3172.0,2138.5,3052.0,2231.0,2357.0,,1879.0,2314.5,4961.5,,,,,,,,,,,,,
A3NX66U9RAY2GQ,prim,40-1,40.0,1000.0,16,6834.5,2531.0,3539.0,914.0,1403.0,1187.0,3526.0,1995.5,1855.5,1783.5,3906.5,2374.0,1887.0,2492.5,1695.5,,,,,,,,,,,,
A3NX66U9RAY2GQ,prim,40-1,40.0,1000.0,17,3081.5,1580.0,1912.0,3814.5,2251.0,3027.0,4605.5,6365.0,3469.5,2395.0,855.0,3124.0,2906.5,2948.5,3521.5,1161.0,,,,,,,,,,,
A3NX66U9RAY2GQ,prim,40-1,40.0,1000.0,20,3979.0,2285.5,2683.5,2610.5,1625.5,3391.5,2521.0,2018.5,1745.5,5357.0,3621.5,4301.5,4098.0,2600.0,2321.5,3246.0,2027.0,3803.0,3272.0,,,,,,,,
A3O40YLW6MYU8C,prim,40-1,40.0,1000.0,6,4995.0,,,,5996.0,,,,,,,,,,,,,,,,,,,,,,
A3O40YLW6MYU8C,prim,40-1,40.0,1000.0,7,7099.0,3803.0,,6914.0,9852.0,,,,,,,,,,,,,,,,,,,,,,
A3O40YLW6MYU8C,prim,40-1,40.0,1000.0,8,5127.5,4002.0,4920.0,7209.5,4140.0,9392.0,8435.0,,,,,,,,,,,,,,,,,,,,
A3O40YLW6MYU8C,prim,40-1,40.0,1000.0,9,4097.833333333333,5510.0,5314.166666666667,6218.5,9542.5,8622.833333333334,7629.5,5538.0,,,,,,,,,,,,,,,,,,,
A3O40YLW6MYU8C,prim,40-1,40.0,1000.0,10,5769.0,5392.0,4988.0,3603.0,6639.0,4553.5,6248.0,6681.5,,,,,,,,,,,,,,,,,,,
A3O40YLW6MYU8C,prim,40-1,40.0,1000.0,11,5403.708333333333,5169.75,5008.375,5577.0,6215.125,5098.416666666667,5774.125,4793.916666666667,5038.166666666667,5797.875,,,,,,,,,,,,,,,,,
A3O40YLW6MYU8C,prim,40-1,40.0,1000.0,12,4749.5,4898.25,5839.38888888889,5134.833333333333,5370.333333333333,4999.0,8084.333333333334,5715.555555555556,5384.88888888889,5221.666666666667,5822.0,,,,,,,,,,,,,,,,
A3O40YLW6MYU8C,prim,40-1,40.0,1000.0,13,4863.5,4582.0,5047.0,5131.25,5900.5,5047.25,6459.75,6111.0,4848.25,5274.75,5736.5,8263.5,,,,,,,,,,,,,,,
A3O40YLW6MYU8C,prim,40-1,40.0,1000.0,14,5196.666666666667,5217.444444444444,5487.833333333333,4801.944444444444,5221.333333333333,4914.5,5203.222222222223,5813.277777777777,5324.166666666667,5273.305555555556,5067.694444444444,5424.25,3862.444444444444,,,,,,,,,,,,,,
A3O40YLW6MYU8C,prim,40-1,40.0,1000.0,15,3917.833333333333,5470.11111111111,5471.0,4743.0,4996.666666666667,4502.333333333333,4497.0,4786.5,5701.555555555556,4635.333333333333,5797.555555555556,5010.88888888889,5114.0,4458.777777777778,,,,,,,,,,,,,
A3O40YLW6MYU8C,prim,40-1,40.0,1000.0,16,3611.0,3918.0,4493.0,4492.0,3940.0,2696.0,7423.0,5107.0,6464.0,4671.0,,4649.0,3616.0,4959.0,6086.0,,,,,,,,,,,,
A3S2AUQWI7XWT4,prim,40-1,40.0,1000.0,6,6587.0,1953.0,,,,,,,,,,,,,,,,,,,,,,,,,
A3S2AUQWI7XWT4,prim,40-1,40.0,1000.0,8,,,,,4428.0,2546.0,,,,,,,,,,,,,,,,,,,,,
A3S2AUQWI7XWT4,prim,40-1,40.0,1000.0,9,1208.0,4957.0,9320.5,3077.0,2557.5,3948.0,4743.0,2502.0,,,,,,,,,,,,,,,,,,,
A3S2AUQWI7XWT4,prim,40-1,40.0,1000.0,10,,,1956.0,,,,6525.0,7840.0,,,,,,,,,,,,,,,,,,,
A3S2AUQWI7XWT4,prim,40-1,40.0,1000.0,11,,2959.0,5287.0,,,1822.0,6496.0,2882.0,2938.0,3277.0,,,,,,,,,,,,,,,,,
A3S2AUQWI7XWT4,prim,40-1,40.0,1000.0,12,2678.5,2350.0,3910.5,9998.0,3261.0,2346.0,,2898.0,1559.5,2072.0,1277.0,,,,,,,,,,,,,,,,
A3S2AUQWI7XWT4,prim,40-1,40.0,1000.0,13,3258.166666666667,4334.222222222222,3797.388888888889,7493.0,2672.0,2202.0,4451.666666666666,3983.0,3375.75,2089.6666666666665,,2459.0,,,,,,,,,,,,,,,
A3S2AUQWI7XWT4,prim,40-1,40.0,1000.0,14,1490.0,3870.6666666666665,3221.5,2526.0,5631.0,2011.5,4872.0,2530.0,2939.5,3727.3333333333335,3498.75,4495.0,4006.25,,,,,,,,,,,,,,
A3S2AUQWI7XWT4,prim,40-1,40.0,1000.0,15,6264.0,3068.6666666666665,4664.666666666667,3737.75,2339.0,3118.5,6028.0,2180.25,2096.0,2081.1666666666665,930.0,2433.5,2514.8333333333335,4455.0,,,,,,,,,,,,,
A3S2AUQWI7XWT4,prim,40-1,40.0,1000.0,16,1197.0,4523.0,1742.5,2632.0,3085.0,2784.0,1946.0,4919.0,2830.0,2299.0,4228.0,,2223.0,2070.0,1900.5,,,,,,,,,,,,
A3S2AUQWI7XWT4,prim,40-1,40.0,1000.0,17,2901.3333333333335,4081.1666666666665,2625.5,2402.0,1925.25,3599.1666666666665,3902.5,3520.8333333333335,2999.0,3780.5,2747.0,5769.5,2740.6666666666665,2222.8333333333335,2921.25,2779.1666666666665,,,,,,,,,,,
A3S2AUQWI7XWT4,prim,40-1,40.0,1000.0,18,2202.25,3163.0,2446.5,2032.0,5295.5,4946.5,5999.25,1892.0,3218.5,2457.5,2566.25,2469.0,1963.0,2327.0,4261.25,2269.5,3986.75,,,,,,,,,,
A3S2AUQWI7XWT4,prim,40-1,40.0,1000.0,19,2915.5,2734.3333333333335,2923.25,2939.3333333333335,3167.0,2500.666666666667,2266.222222222222,2347.5,1622.5,3101.8333333333335,3433.1666666666665,3847.1666666666665,3464.8333333333335,2231.1666666666665,2848.888888888889,2661.777777777778,2293.1666666666665,1798.5,,,,,,,,,
A3S2AUQWI7XWT4,prim,40-1,40.0,1000.0,21,4062.6666666666665,2663.3333333333335,2407.0,2273.0,3007.25,3202.0,2565.75,2700.3333333333335,2048.0,3423.6666666666665,2222.0,2214.3333333333335,3196.75,2572.25,1712.3333333333333,1691.3333333333333,4654.666666666667,3367.0,2068.0,9088.333333333334,,,,,,,
A3S2AUQWI7XWT4,prim,40-1,40.0,1000.0,23,1365.0,4370.0,2657.0,3770.0,,3503.0,1849.0,7081.0,1836.0,1616.0,1530.0,1605.0,,2246.0,2969.0,,,,1743.0,,1824.0,2082.0,,,,,
A3S2AUQWI7XWT4,prim,40-1,40.0,1000.0,24,1412.0,892.0,4538.0,2330.0,2570.0,,1734.0,1906.0,1279.0,1470.0,1550.0,1854.0,1383.0,,1607.0,1573.0,,1319.0,2379.0,1850.0,2291.0,,2074.0,,,,
A3SA9LY6RXKFOI,prim,40-1,40.0,1000.0,3,,,,,,,,,,,,,,,,,,,,,,,,,,,
A3SA9LY6RXKFOI,prim,40-1,40.0,1000.0,4,11893.0,3129.0,,,,,,,,,,,,,,,,,,,,,,,,,
A3SA9LY6RXKFOI,prim,40-1,40.0,1000.0,5,5342.0,,7423.5,7336.5,,,,,,,,,,,,,,,,,,,,,,,
A3SA9LY6RXKFOI,prim,40-1,40.0,1000.0,6,9921.333333333334,6232.166666666667,7735.5,13127.375,5644.75,,,,,,,,,,,,,,,,,,,,,,
A3SA9LY6RXKFOI,prim,40-1,40.0,1000.0,7,5355.75,9591.166666666666,8133.277777777777,8878.375,6625.875,6623.833333333333,,,,,,,,,,,,,,,,,,,,,
A3SA9LY6RXKFOI,prim,40-1,40.0,1000.0,8,5844.5,5361.444444444444,6841.444444444445,5351.722222222223,5494.5,7908.25,7077.25,,,,,,,,,,,,,,,,,,,,
A3SA9LY6RXKFOI,prim,40-1,40.0,1000.0,9,7062.833333333333,8213.0,7123.125,7660.458333333333,6862.375,9786.333333333332,6360.125,8978.083333333334,,,,,,,,,,,,,,,,,,,
A3SA9LY6RXKFOI,prim,40-1,40.0,1000.0,10,4553.75,5874.75,6859.75,9865.75,7826.75,7791.75,8005.5,6225.75,5655.5,,,,,,,,,,,,,,,,,,
A3SA9LY6RXKFOI,prim,40-1,40.0,1000.0,11,6147.5,6564.0,2899.0,8498.0,7932.5,5483.5,6462.25,6772.25,4437.0,6478.25,,,,,,,,,,,,,,,,,
A3SLT6KVF0NXPH,prim,40-1,40.0,1000.0,7,5394.0,,5048.0,4293.0,,6001.0,,,,,,,,,,,,,,,,,,,,,
A3SLT6KVF0NXPH,prim,40-1,40.0,1000.0,8,4555.0,6810.0,5102.0,7799.0,5783.0,4262.0,6899.0,,,,,,,,,,,,,,,,,,,,
A3SLT6KVF0NXPH,prim,40-1,40.0,1000.0,9,5914.5,4739.333333333333,4441.0,4306.25,5345.0,6195.0,5669.166666666667,6969.0,,,,,,,,,,,,,,,,,,,
A3SLT6KVF0NXPH,prim,40-1,40.0,1000.0,10,5343.5,5389.5,3215.0,4344.5,2653.0,4437.0,4393.25,4257.5,5038.0,,,,,,,,,,,,,,,,,,
A3SLT6KVF0NXPH,prim,40-1,40.0,1000.0,11,4804.88888888889,4462.666666666667,4446.666666666667,6292.11111111111,4562.0,4699.333333333333,4686.833333333333,4938.111111111111,4594.166666666667,4326.777777777777,,,,,,,,,,,,,,,,,
A3SLT6KVF0NXPH,prim,40-1,40.0,1000.0,12,5108.0,5026.333333333333,4952.333333333333,5171.333333333333,5888.0,6536.5,4248.5,4772.5,4316.333333333333,4663.25,5645.75,,,,,,,,,,,,,,,,
A3SLT6KVF0NXPH,prim,40-1,40.0,1000.0,13,5994.5,4383.833333333333,4913.083333333333,4617.625,4747.75,4969.25,4893.0,4287.5,4544.666666666666,4685.916666666667,4150.25,4884.583333333333,,,,,,,,,,,,,,,
A3SLT6KVF0NXPH,prim,40-1,40.0,1000.0,14,4000.75,3567.1875,5612.833333333334,4608.666666666666,4570.611111111111,4869.5,4539.583333333333,4012.75,4673.666666666667,5340.11111111111,4428.625,4968.75,5410.291666666667,,,,,,,,,,,,,,
A3SLT6KVF0NXPH,prim,40-1,40.0,1000.0,15,4951.0,4245.333333333333,4342.5,5490.666666666666,5627.666666666666,4306.5,4364.5,4223.666666666667,4182.833333333333,4270.5,4490.0,5076.25,3554.833333333333,4704.166666666666,,,,,,,,,,,,,
A3SLT6KVF0NXPH,prim,40-1,40.0,1000.0,16,4396.333333333333,5777.833333333333,3003.3333333333335,4831.0,4077.6666666666665,4634.833333333333,4757.833333333333,3713.0,4794.333333333333,3650.6666666666665,3734.6666666666665,4339.833333333333,4945.166666666667,4087.3333333333335,3971.5,,,,,,,,,,,,
A3SLT6KVF0NXPH,prim,40-1,40.0,1000.0,17,3924.0,4503.0,4774.5,3802.0,3954.0,3820.0,3902.0,4623.5,4213.5,5691.0,3609.0,4900.5,4364.0,5382.0,4543.5,5601.0,,,,,,,,,,,
A3SLT6KVF0NXPH,prim,40-1,40.0,1000.0,18,3166.0,2711.0,2879.0,3803.0,4627.0,3356.0,3447.0,14304.0,4710.0,4295.0,4173.0,3934.0,3505.0,4089.0,5854.0,2564.0,3597.0,,,,,,,,,,
A3TNSJSXI464IT,ns,40-1,40.0,1000.0,4,,,7728.0,,,,,,,,,,,,,,,,,,,,,,,,
A3TNSJSXI464IT,ns,40-1,40.0,1000.0,5,2586.5,5907.899999976158,2725.600000023842,,,,,,,,,,,,,,,,,,,,,,,,
A3TNSJSXI464IT,ns,40-1,40.0,1000.0,7,4091.8749999701977,4311.150000035763,3850.7999999821186,6519.300000071526,5665.5,3805.649999976158,,,,,,,,,,,,,,,,,,,,,
A3TNSJSXI464IT,ns,40-1,40.0,1000.0,8,3435.650000014032,3378.2249999940395,4895.9166666508345,5406.233333309491,4104.100000023842,3236.3249999973923,3129.25,,,,,,,,,,,,,,,,,,,,
A3TNSJSXI464IT,ns,40-1,40.0,1000.0,9,2570.550000006333,3212.4250000235625,3013.599999993574,5047.799999999814,5422.549999999814,4191.750000005588,5321.4000000003725,5404.899999976158,,,,,,,,,,,,,,,,,,,
A3TNSJSXI464IT,ns,40-1,40.0,1000.0,10,3625.216666638851,3733.9611111117733,2956.338888903459,4633.2249999940395,5537.1388889087575,4499.1666666766005,3991.2166666785874,5810.75,9306.050000011921,,,,,,,,,,,,,,,,,,
A3TNSJSXI464IT,ns,40-1,40.0,1000.0,11,5145.041666666666,2975.125,4175.0999999940395,2896.4000000009937,4153.266666675608,4434.175000016889,3369.9500000029802,4229.099999979138,3127.899999976158,2587.699999988079,,,,,,,,,,,,,,,,,
A3TNSJSXI464IT,ns,40-1,40.0,1000.0,12,4627.7125000045635,2954.8708333286145,4717.831249998417,2869.356250007404,4748.400000010384,3504.6333333333023,5606.441666676507,4417.2437499969965,3942.2574999956414,4235.300000001365,6195.516666654497,,,,,,,,,,,,,,,,
A3TNSJSXI464IT,ns,40-1,40.0,1000.0,13,3192.2999999821186,3267.399999976158,4077.7500000298023,4276.899999976158,3635.0999999791384,4403.925000011921,3611.5999999791384,7498.299999982118,6381.949999958277,4531.875000014901,4185.299999952316,4219.100000023842,,,,,,,,,,,,,,,
A3TNSJSXI464IT,ns,40-1,40.0,1000.0,14,3500.049999994226,3749.383333329422,3509.183333332961,4183.566666658968,3576.5500000199922,4086.866666674614,3594.1500000196197,4251.800000000124,4444.783333337245,3847.4500000122935,4386.550000012231,4481.000000023749,4455.699999988079,,,,,,,,,,,,,,
A3TNSJSXI464IT,ns,40-1,40.0,1000.0,15,3880.5,2483.850000023842,2761.899999976158,2318.199999988079,2610.199999988079,3633.100000023842,2684.8000000715256,4065.449999988079,3869.75,6674.350000023842,8135.5,2065.199999988079,4426.399999976158,2231.900000035763,,,,,,,,,,,,,
A3TNSJSXI464IT,ns,40-1,40.0,1000.0,16,2106.199999988079,,4665.899999976158,2131.899999976158,5843.100000023842,7457.100000023842,2484.699999988079,,,2506.7999999523163,4378.699999988079,2827.2999999523163,3514.600000023842,2730.0,3920.399999976158,,,,,,,,,,,,
A3TUJBPLJGTI5,rec,40-1,40.0,1000.0,3,1483.0,7825.0,,,,,,,,,,,,,,,,,,,,,,,,,
A3TUJBPLJGTI5,rec,40-1,40.0,1000.0,4,2321.4166666666665,1971.25,1747.125,,,,,,,,,,,,,,,,,,,,,,,,
A3TUJBPLJGTI5,rec,40-1,40.0,1000.0,5,1929.8541666666665,1557.7916666666667,1760.7916666666665,4001.3888888888887,,,,,,,,,,,,,,,,,,,,,,,
A3TUJBPLJGTI5,rec,40-1,40.0,1000.0,6,2317.9166666666665,1486.388888888889,1762.0833333333333,4174.666666666667,4392.0,,,,,,,,,,,,,,,,,,,,,,
A3TUJBPLJGTI5,rec,40-1,40.0,1000.0,7,1509.375,1985.375,2028.125,2048.75,2161.125,4167.0,,,,,,,,,,,,,,,,,,,,,
A3TUJBPLJGTI5,rec,40-1,40.0,1000.0,8,1764.5555555555554,2060.222222222222,4109.11111111111,3253.0,4016.0,4225.277777777778,4592.111111111111,,,,,,,,,,,,,,,,,,,,
A3TUJBPLJGTI5,rec,40-1,40.0,1000.0,9,1945.0,878.0,819.0,920.0,3295.0,4709.0,7887.0,,,,,,,,,,,,,,,,,,,,
A3TUJBPLJGTI5,rec,40-1,40.0,1000.0,10,1241.0,1878.0,1833.0,1874.0,1778.0,1652.0,1728.0,3614.0,2123.0,,,,,,,,,,,,,,,,,,
A3VL1CBZ3BGQK7,ns,40-1,40.0,1000.0,6,1792.2999999970198,1977.000000004967,2774.5,3103.6333333303533,12818.40000000596,,,,,,,,,,,,,,,,,,,,,,
A3VL1CBZ3BGQK7,ns,40-1,40.0,1000.0,7,1888.7249999903142,1918.7499999925496,1943.6249999962747,2363.52499999851,6068.3249999806285,15103.69999999553,,,,,,,,,,,,,,,,,,,,,
A3VL1CBZ3BGQK7,ns,40-1,40.0,1000.0,8,2180.3333333283663,1948.5749999955297,2456.8999999910593,2774.083333320916,6697.60000000149,3501.2833333313465,21626.983333326876,,,,,,,,,,,,,,,,,,,,
A3VL1CBZ3BGQK7,ns,40-1,40.0,1000.0,9,1763.900000013411,2547.8000000044703,1895.375,1686.8499999940395,2288.775000013411,6590.674999982119,8499.62499999255,5360.70000000298,,,,,,,,,,,,,,,,,,,
A3VL1CBZ3BGQK7,ns,40-1,40.0,1000.0,10,2348.8249999955297,2180.1875,2952.5624999925494,2859.9500000067055,2853.4874999970198,2636.4375000037253,8287.775000009686,9001.074999988079,4604.333333320916,,,,,,,,,,,,,,,,,,
A3VL1CBZ3BGQK7,ns,40-1,40.0,1000.0,12,1962.3999999910595,1978.1000000089407,1584.2000000029802,2328.79999999702,2259.4000000059605,4124.29999999702,,4528.09999999404,3668.3999999910593,4759.0,,,,,,,,,,,,,,,,,
A3VL1CBZ3BGQK7,ns,40-1,40.0,1000.0,13,2528.2499999925494,1876.5999999940395,3118.04999999702,1771.8499999940395,4198.749999985099,2950.9500000029802,1869.300000011921,4342.3000000193715,1232.7999999970198,6071.799999982119,4839.750000007451,4672.09999999404,,,,,,,,,,,,,,,
A3VL1CBZ3BGQK7,ns,40-1,40.0,1000.0,14,1552.2000000029802,1412.2999999970198,2742.699999988079,2901.70000000298,2481.5,,2141.5999999940395,,2215.199999988079,3310.5,8974.09999999404,1220.5999999940395,25193.09999999404,,,,,,,,,,,,,,
A3VL1CBZ3BGQK7,ns,40-1,40.0,1000.0,16,5757.699999988079,2199.0,4528.599999964237,2575.300000011921,1876.5,1862.200000047684,1536.300000011921,1977.800000011921,1690.399999976158,10649.100000023842,2266.199999988079,,7522.900000035763,11965.600000023842,8955.599999964237,,,,,,,,,,,,
A47VA451RDBV3,prim,40-1,40.0,1000.0,2,8251.899999976158,,,,,,,,,,,,,,,,,,,,,,,,,,
A47VA451RDBV3,prim,40-1,40.0,1000.0,6,,,,,15236.200000047684,,,,,,,,,,,,,,,,,,,,,,
A47VA451RDBV3,prim,40-1,40.0,1000.0,9,2958.7999999523163,,,3186.600000023842,4415.5,2929.6999999284744,,2930.599999904633,,,,,,,,,,,,,,,,,,,
A47VA451RDBV3,prim,40-1,40.0,1000.0,10,3135.3500000039735,2951.600000023842,5860.366666634877,3202.4500000079474,4820.316666662693,8531.883333325386,4705.400000015895,4330.5,2782.650000035763,,,,,,,,,,,,,,,,,,
A47VA451RDBV3,prim,40-1,40.0,1000.0,11,4003.700000047684,3703.5499999523163,3229.975000023842,4284.4000000059605,3144.2500000298023,2933.0666667024298,6327.099999944369,4956.0250000059605,4041.100000023842,3329.466666658719,,,,,,,,,,,,,,,,,
A47VA451RDBV3,prim,40-1,40.0,1000.0,12,2117.7999999523163,2740.449999988079,5062.799999952316,3110.5,2676.700000047684,6232.600000023842,5965.949999988079,4064.5,,3104.399999976158,3310.6999999284744,,,,,,,,,,,,,,,,
A47VA451RDBV3,prim,40-1,40.0,1000.0,13,5163.0,4929.400000015895,6592.249999940395,4347.233333349228,3497.849999964237,3996.2000000476837,,3303.7999999523163,3947.050000011921,3349.5333333412805,3318.966666698456,4336.766666690509,,,,,,,,,,,,,,,
A47VA451RDBV3,prim,40-1,40.0,1000.0,14,4150.850000023842,3533.7750000059605,3966.611111097866,3908.9166666467986,3484.472222281827,3559.6833332975707,4110.500000019868,3213.3000000317893,3352.1250000298023,3873.266666611036,3841.788888891538,3856.116666634877,3540.627777748638,,,,,,,,,,,,,,
A47VA451RDBV3,prim,40-1,40.0,1000.0,15,4712.356249958277,3138.4466666460035,2761.544444415304,3135.626666665077,2762.268750011921,2923.125,3276.6666667064032,3913.3916666209698,2806.3499999940395,3914.4150000154973,3067.400000023842,3235.0083333452544,3340.85,3289.074999973178,,,,,,,,,,,,,
A47VA451RDBV3,prim,40-1,40.0,1000.0,16,3188.9777778122166,2827.2833333214126,3552.0833333730698,3243.8666666944823,3743.800000005298,2774.7999999920526,3314.0333333412805,3280.0833332935968,3175.2111111481986,3185.9166666269302,3459.0611111323037,4196.644444439146,3681.1333333452544,3740.6166667143502,3852.0499999721847,,,,,,,,,,,,
A47VA451RDBV3,prim,40-1,40.0,1000.0,17,2672.074999988079,4607.766666650772,3033.5,3907.6500000953674,3707.2499999801316,3154.2750000059605,2580.6833333174386,3921.162500038743,2441.300000011921,3003.1250000447035,3209.8249999582767,2521.300000011921,2730.0000000397363,2468.616666595141,3629.4000000208616,3248.5499999523163,,,,,,,,,,,
A47VA451RDBV3,prim,40-1,40.0,1000.0,18,3216.7999999920526,3388.133333404859,2782.6666667461395,2507.399999976158,3607.600000023842,2294.349999964237,2944.533333381017,3487.5,3046.3333332935968,4061.1999999682107,3652.9666666587195,3873.649999976158,3384.2000000079474,4023.599999944369,2829.7999999523163,4722.33333337307,2930.0333333412805,,,,,,,,,,
A47VA451RDBV3,prim,40-1,40.0,1000.0,19,2689.9000000953674,2793.399999976158,3195.2999999523163,2713.700000047684,2812.399999976158,4326.200000047684,2540.0,3388.2999999523163,4309.700000047684,3466.100000023842,3958.399999976158,3659.100000023842,2042.400000095368,3690.899999976158,3112.700000047684,2559.7999999523163,2391.6999999284744,,,,,,,,,,
A47VA451RDBV3,prim,40-1,40.0,1000.0,22,2963.4000000953674,,3670.299999952316,2462.200000047684,2494.6999999284744,2354.8000000715256,4076.600000023842,3793.099999904633,2504.700000047684,4087.799999952316,3209.1999999284744,5191.0,2571.0,3548.600000023842,2996.0,,3077.100000023842,3196.899999976158,3837.799999952316,2984.600000023842,2993.100000023842,,,,,,
A92KVBM20ZTU4,rec,40-1,40.0,1000.0,8,3976.400000095368,3071.399999856949,3544.7999999523163,4146.699999809265,6655.400000095367,3721.700000047684,4147.700000047684,,,,,,,,,,,,,,,,,,,,
A92KVBM20ZTU4,rec,40-1,40.0,1000.0,9,3536.2000000079474,5519.549999942382,4523.399999946356,5002.41666662693,5706.766666690509,4825.249999990066,6622.324999988079,3645.0166666706405,,,,,,,,,,,,,,,,,,,
A92KVBM20ZTU4,rec,40-1,40.0,1000.0,10,3550.310000002384,4393.02000002265,5438.480000013113,7803.750000007451,4677.416666656733,3149.962500013411,4008.3,6937.133333345255,9045.5,,,,,,,,,,,,,,,,,,
A92KVBM20ZTU4,rec,40-1,40.0,1000.0,11,5959.600000143051,4945.474999934435,5039.175000026822,2997.199999988079,3834.1749999970198,4117.675000011921,2781.2250000089407,10756.25,4045.099999904633,4510.875000014901,,,,,,,,,,,,,,,,,
A92KVBM20ZTU4,rec,40-1,40.0,1000.0,12,3626.150000035763,4863.666666671634,3623.8166667123633,4050.149999976158,4952.5333333313465,7483.233333349228,3349.1916666676602,6447.458333368102,6378.491666704416,3518.708333298564,5837.258333305517,,,,,,,,,,,,,,,,
A92KVBM20ZTU4,rec,40-1,40.0,1000.0,13,3360.2999999523163,2453.850000023842,5335.600000023842,8223.950000047684,3200.75,4180.649999976158,5948.850000023842,4050.850000023842,4001.100000023842,3685.2000000476837,3366.7999999523163,4374.849999904633,,,,,,,,,,,,,,,
A92KVBM20ZTU4,rec,40-1,40.0,1000.0,14,3562.166666666667,3495.812499962747,4365.025000020862,3710.5749999657273,4717.091666609049,2157.400000065565,3039.1124999672174,4424.900000020862,4327.950000077486,6009.95000000298,6385.824999988079,5775.450000032783,4881.925000041723,,,,,,,,,,,,,,
A92KVBM20ZTU4,rec,40-1,40.0,1000.0,15,4397.66666662693,3775.0666666030884,4300.016666611035,4704.000000039737,4285.2833333313465,3489.949999988079,5200.733333319426,4335.816666682561,3884.3166666825614,5648.983333309491,4075.4333332975707,2989.166666636864,5681.5999999940395,3858.050000021855,,,,,,,,,,,,,
A92KVBM20ZTU4,rec,40-1,40.0,1000.0,16,3244.9999999552965,2999.0,4188.275000035763,3820.524999976158,4708.249999970198,3614.5500000566244,4626.950000017881,3380.4749999791384,3922.2249999791384,4282.374999925494,6044.449999988079,3731.5499999970198,12125.69999997318,6070.0999999940395,2893.8749999552965,,,,,,,,,,,,
A92KVBM20ZTU4,rec,40-1,40.0,1000.0,18,3161.699999988079,2546.400000035763,4047.800000011921,3578.300000011921,2940.600000023842,4017.100000023842,4753.300000011921,5943.0,7185.899999976158,3933.200000047684,,2200.300000011921,5482.200000047684,1617.199999988079,2923.600000023842,4702.400000035763,,,,,,,,,,,
AAF1SJ9FCBF75,rec,40-1,40.0,1000.0,3,5911.0,,,,,,,,,,,,,,,,,,,,,,,,,,
AAF1SJ9FCBF75,rec,40-1,40.0,1000.0,8,2970.0,2856.5,4977.166666666667,12982.5,4789.5,5868.0,13068.833333333334,,,,,,,,,,,,,,,,,,,,
AAF1SJ9FCBF75,rec,40-1,40.0,1000.0,9,3442.166666666667,3567.0,9472.0,8850.666666666668,5002.666666666666,5321.333333333333,9255.75,13576.25,,,,,,,,,,,,,,,,,,,
AAF1SJ9FCBF75,rec,40-1,40.0,1000.0,10,3318.5,3438.6666666666665,5223.0,4119.0,7341.166666666667,4653.666666666667,5974.666666666667,12859.0,7084.833333333333,,,,,,,,,,,,,,,,,,
AAF1SJ9FCBF75,rec,40-1,40.0,1000.0,11,3558.5,4444.833333333333,4345.166666666667,4162.166666666667,6064.333333333333,5464.5,7916.666666666667,6507.0,7370.0,8035.166666666667,,,,,,,,,,,,,,,,,
AAF1SJ9FCBF75,rec,40-1,40.0,1000.0,12,2305.3333333333335,3740.0,5275.833333333333,4505.833333333333,4047.3333333333335,5123.333333333333,4244.0,6128.666666666667,8386.5,6524.5,10648.333333333334,,,,,,,,,,,,,,,,
AAF1SJ9FCBF75,rec,40-1,40.0,1000.0,13,4564.333333333333,4453.666666666667,2438.0,4446.666666666667,3670.3333333333335,3444.0,6864.666666666667,9208.666666666666,10256.333333333334,5429.0,4553.0,4807.333333333333,,,,,,,,,,,,,,,
AAF1SJ9FCBF75,rec,40-1,40.0,1000.0,14,3278.0833333333335,3602.875,6269.666666666667,4299.5,3092.75,5542.25,4867.875,6572.555555555556,6158.277777777778,3569.291666666667,4612.166666666666,4896.625,5079.333333333334,,,,,,,,,,,,,,
AAF1SJ9FCBF75,rec,40-1,40.0,1000.0,15,2956.5,2788.0,3052.75,3391.75,3003.5,3702.5,4338.5,4292.25,3154.0,6575.0,7537.0,5227.75,12574.25,5930.5,,,,,,,,,,,,,
AAF1SJ9FCBF75,rec,40-1,40.0,1000.0,16,2425.4,2667.0,3294.6,3479.8,3789.4,3416.5,3341.6,3132.8,3866.25,4479.4,5916.5,3148.6,3830.6,6291.333333333333,9837.6,,,,,,,,,,,,
AAF1SJ9FCBF75,rec,40-1,40.0,1000.0,18,2690.25,4189.5,3222.75,3265.25,3963.0,4180.25,3444.0,5071.25,4690.5,4347.0,5168.5,6577.0,3940.0,4050.5,5542.75,8547.0,3989.5,,,,,,,,,,
AAF1SJ9FCBF75,rec,40-1,40.0,1000.0,19,,2808.0,3143.0,2597.0,3668.0,6057.0,4393.0,4788.0,3182.0,3194.0,2476.0,3102.0,3261.0,3762.0,3718.0,9036.0,5293.0,3955.0,,,,,,,,,
AAVFHZA708CSP,ns,40-1,40.0,1000.0,9,,,,,1777.0,,,,,,,,,,,,,,,,,,,,,,
AAVFHZA708CSP,ns,40-1,40.0,1000.0,10,2286.0,3319.0,2898.0,3319.0,1734.0,,,2118.0,,,,,,,,,,,,,,,,,,,
AAVFHZA708CSP,ns,40-1,40.0,1000.0,11,2547.0,3381.0,3140.0,,2481.0,3383.0,3390.5,2325.5,2588.0,6703.0,,,,,,,,,,,,,,,,,
AAVFHZA708CSP,ns,40-1,40.0,1000.0,12,4476.0,4040.0,,2649.6666666666665,3116.5,,4532.333333333333,4490.333333333333,7725.0,4299.666666666667,3092.5,,,,,,,,,,,,,,,,
AAVFHZA708CSP,ns,40-1,40.0,1000.0,13,3121.0,2601.0,2162.0,,1788.0,,3494.0,2359.0,5209.0,4903.0,2533.0,,,,,,,,,,,,,,,,
AAVFHZA708CSP,ns,40-1,40.0,1000.0,14,1853.5,4251.0,4274.0,4309.0,2723.25,3535.0,2499.0,2517.0,3038.25,4182.75,2854.75,7886.5,5801.25,,,,,,,,,,,,,,
AAVFHZA708CSP,ns,40-1,40.0,1000.0,15,3275.125,2627.75,2483.75,3604.3333333333335,2498.5,2989.6666666666665,3354.5,4895.375,4261.333333333333,3188.75,3386.625,2693.125,4039.25,4167.25,,,,,,,,,,,,,
AAVFHZA708CSP,ns,40-1,40.0,1000.0,16,2889.0,3816.0,4415.833333333333,2545.6666666666665,4314.0,3703.0,5261.166666666667,4579.0,4793.0,4164.5,4849.333333333333,4131.5,3415.1666666666665,3638.3333333333335,4148.0,,,,,,,,,,,,
AAVFHZA708CSP,ns,40-1,40.0,1000.0,17,3570.1111111111113,2906.8333333333335,3197.222222222222,2780.25,4615.75,3549.5833333333335,3132.25,4571.888888888889,3672.0,3805.6666666666665,3613.5,4695.777777777777,3696.8333333333335,3648.75,3534.277777777778,6271.75,,,,,,,,,,,
AAVFHZA708CSP,ns,40-1,40.0,1000.0,18,5158.0,2696.6666666666665,3188.8333333333335,2781.5,3085.5,3326.5,3722.0,4057.8333333333335,3415.8333333333335,3798.1666666666665,4136.0,3780.6666666666665,3038.3333333333335,2827.0,2958.5,2875.8333333333335,3716.3333333333335,,,,,,,,,,
AAVFHZA708CSP,ns,40-1,40.0,1000.0,19,4444.0,3544.8333333333335,3825.0,3093.75,3189.1666666666665,3013.1666666666665,3050.5,3311.0,4408.5,2775.3333333333335,2948.6666666666665,3220.0,2692.5,3026.5,3175.5,2431.5,3807.6666666666665,3637.0,,,,,,,,,
AAVFHZA708CSP,ns,40-1,40.0,1000.0,20,2720.75,2093.5,2215.5,3817.5,3684.75,4197.0,4890.5,2332.5,2876.5,3450.0,3325.5,3427.75,2782.75,3029.0,3408.5,2611.0,3804.0,2420.75,4038.0,,,,,,,,
AAVFHZA708CSP,ns,40-1,40.0,1000.0,21,2026.0,2828.5,3710.0,3279.0,2350.0,4776.5,2436.0,2094.0,2418.0,2621.5,2939.0,3025.0,5091.0,3062.0,2791.0,3576.0,4021.0,3524.0,3011.0,3832.0,,,,,,,
AAVFHZA708CSP,ns,40-1,40.0,1000.0,22,2969.0,3562.0,2876.0,2820.0,,1898.0,1792.0,2234.0,2753.0,2328.0,1736.0,2230.0,1706.0,2967.0,2040.0,2795.0,3648.0,2398.0,2711.0,6860.0,11655.0,,,,,,
AAVFHZA708CSP,ns,40-1,40.0,1000.0,25,3227.0,3438.0,2277.0,2524.0,,3233.0,,1378.0,,2267.0,5469.0,2452.0,2793.0,2039.0,2355.0,,2291.0,1626.0,2154.0,4180.0,2232.0,1824.0,2153.0,2705.0,,,
ADL9KYXZGHUFO,ns,40-1,40.0,1000.0,3,36351.0,7699.0,,,,,,,,,,,,,,,,,,,,,,,,,
ADL9KYXZGHUFO,ns,40-1,40.0,1000.0,5,16520.0,4272.0,5167.0,6276.5,,,,,,,,,,,,,,,,,,,,,,,
ADL9KYXZGHUFO,ns,40-1,40.0,1000.0,6,5972.25,,3748.75,6824.5,4669.0,,,,,,,,,,,,,,,,,,,,,,
ADL9KYXZGHUFO,ns,40-1,40.0,1000.0,7,12659.5,2874.0,3308.0,4479.0,3964.25,5630.0,,,,,,,,,,,,,,,,,,,,,
ADL9KYXZGHUFO,ns,40-1,40.0,1000.0,8,6427.0,6540.5,4696.5,2140.0,3585.5,8116.0,4423.5,,,,,,,,,,,,,,,,,,,,
ADL9KYXZGHUFO,ns,40-1,40.0,1000.0,9,2765.0,4525.5,2762.0,2420.0,5461.0,,5314.5,3599.6666666666665,,,,,,,,,,,,,,,,,,,
ADL9KYXZGHUFO,ns,40-1,40.0,1000.0,10,4698.5,3769.0,4714.5,3073.0,,3901.0,,4039.0,6968.0,,,,,,,,,,,,,,,,,,
ADL9KYXZGHUFO,ns,40-1,40.0,1000.0,12,4113.0,3970.6666666666665,3597.5,5316.0,7254.0,3284.0,4992.333333333333,7265.0,5314.0,3064.0,3643.5,,,,,,,,,,,,,,,,
ADL9KYXZGHUFO,ns,40-1,40.0,1000.0,13,3271.0,3566.0,,,,,6206.0,3616.0,7075.0,3940.0,,2736.0,,,,,,,,,,,,,,,
AFLRBB974KS6D,ns,40-1,40.0,1000.0,4,,,6973.700000762939,,,,,,,,,,,,,,,,,,,,,,,,
AFLRBB974KS6D,ns,40-1,40.0,1000.0,6,,4599.10000038147,,,,,,,,,,,,,,,,,,,,,,,,,
AFLRBB974KS6D,ns,40-1,40.0,1000.0,8,7117.5,,,,,,4735.5,,,,,,,,,,,,,,,,,,,,
AFLRBB974KS6D,ns,40-1,40.0,1000.0,9,4315.449999809265,,,3729.4000000953674,4579.60000038147,4714.699999809265,,4995.39999961853,,,,,,,,,,,,,,,,,,,
AFLRBB974KS6D,ns,40-1,40.0,1000.0,10,2934.1000003814697,3090.6250002384186,,3359.6500000953674,4005.8500006198883,3593.6500005722046,4491.975000143051,7330.950000286102,,,,,,,,,,,,,,,,,,,
AFLRBB974KS6D,ns,40-1,40.0,1000.0,11,5582.099999666214,3843.533333301544,3156.8333333333335,5462.449999809265,3255.3999996185307,5168.5,,1986.1000003814693,3569.9499995708466,4961.300000190735,,,,,,,,,,,,,,,,,
AFLRBB974KS6D,ns,40-1,40.0,1000.0,12,3963.3499999046326,3341.749999523163,6874.099999904633,3930.5999999046326,3295.9000005722046,6313.300000190735,3254.5999994277954,3193.6000003814697,5653.400000572205,3867.300000190735,5870.60000038147,,,,,,,,,,,,,,,,
AFLRBB974KS6D,ns,40-1,40.0,1000.0,13,4136.950000286102,3649.3499999046326,3629.300000190735,3764.1000003814697,7477.099999904632,3073.6000003814697,4232.099999904633,5616.774999856949,6710.099999904633,6629.150000095367,2109.6000003814697,3564.0499997138977,,,,,,,,,,,,,,,
AFLRBB974KS6D,ns,40-1,40.0,1000.0,14,1723.1000003814695,2853.6000003814697,,5671.900000572205,4051.199999809265,2137.0,,2092.300000190735,,3514.7999997138977,,5247.150000095367,5077.400000572205,,,,,,,,,,,,,,
AFLRBB974KS6D,ns,40-1,40.0,1000.0,15,2664.8666664759317,3307.0999999046326,4765.133333047231,4660.266667366028,3871.474999666214,4048.8499999046326,4159.299999713898,3335.024999856949,3897.1500000953674,4031.449999809265,3855.2333335876465,3209.4666665395102,3855.133333683014,8401.349999904633,,,,,,,,,,,,,
AFLRBB974KS6D,ns,40-1,40.0,1000.0,16,3120.000000476837,3101.000000476837,2752.6000003814697,2125.5,2451.5,3607.6500000953674,2677.6500000953674,,3605.1000003814697,5244.099999904633,3306.4000005722046,3377.733333269755,2591.300000190735,2312.6333335240683,3816.749999523163,,,,,,,,,,,,
AFLRBB974KS6D,ns,40-1,40.0,1000.0,18,4161.900000572205,2183.800000190735,3045.6000003814697,3995.0,2639.300000190735,3295.3999996185303,,2978.699999809265,,2265.0,2839.5,2025.5500001907349,1841.9499998092651,,2057.300000190735,2429.9000000953674,2072.8499994277954,,,,,,,,,,
AFLRBB974KS6D,ns,40-1,40.0,1000.0,19,2676.7333335876465,2174.25,2561.7333329518638,1989.8666667938232,2592.0666666030884,2118.300000190735,2266.9666665395102,2451.6166666348777,5118.89999961853,3184.25,2881.1000003814697,2485.199999809265,3249.6500000953674,2170.449999809265,,2632.8500003814697,1791.0,2749.0,,,,,,,,,
AFLRBB974KS6D,ns,40-1,40.0,1000.0,20,1564.5,2307.8999996185303,1903.5,,1953.0,1218.4000005722046,2553.1000003814697,3121.7999992370605,,,1927.8999996185305,2549.300000190735,,2121.3999996185303,2589.5,4558.0,,1977.3000001907349,3053.199999809265,,,,,,,,
AFLRBB974KS6D,ns,40-1,40.0,1000.0,21,3624.0999994277954,2533.8999996185303,2651.5999999046326,4123.199999809265,3197.5,2896.800000190735,2010.9499998092651,2848.5,1921.199999809265,2124.0499997138977,2478.9000005722046,,2152.949999809265,1569.8999996185305,2510.9500002861023,2734.0,1632.5,2673.6000003814697,2379.5999999046326,2314.699999809265,,,,,,,
AFLRBB974KS6D,ns,40-1,40.0,1000.0,22,2200.3999996185303,1819.199999809265,1550.8999996185305,1879.699999809265,1723.4249999523165,1934.9499998092651,2519.6000003814697,1690.8500003814693,2735.0,2229.5999994277954,3345.850000143051,,1948.9000000953674,2012.4500002861023,1908.9000000953674,1838.9249997138977,1837.3999996185305,2228.550000190735,1715.2999997138977,1946.8999998569489,3089.9000000953674,,,,,,
AFLRBB974KS6D,ns,40-1,40.0,1000.0,23,2397.199999809265,2683.800000190735,2202.7000000476837,2037.650000333786,2205.000000476837,2483.800000190735,2429.800000190735,2320.8499999046326,2701.0249996185303,2265.375,3369.949999809265,2381.0,2999.0,2961.699999809265,3513.6999995708466,2374.949999809265,1332.5999994277954,1457.25,,1966.0499997138977,3657.7999997138977,2894.9500000476837,,,,,
AFLRBB974KS6D,ns,40-1,40.0,1000.0,24,1774.5999994277954,2333.899999856949,1778.4333336088391,1838.788889143202,2500.699999809265,2985.6166669527693,2966.533333301544,1797.9166666666667,2041.3666664759319,2008.4333333969116,1887.449999570847,2566.1333338419595,2125.883333683014,2465.3888887829253,1887.9000000953674,2769.166666560703,1811.5833333333333,2125.7777778837412,2509.5,2368.2999999523163,2350.0500000317893,2494.599999745687,1814.4499998092651,,,,
AFLRBB974KS6D,ns,40-1,40.0,1000.0,26,1313.0,,,1702.8000001907349,,2085.300000190735,,2498.0,2621.7999992370605,1849.0,1996.5,2730.800000190735,1911.9000005722048,,2676.800000190735,,3588.5,1683.7000007629397,3547.300000190735,1650.8000001907349,2125.0,2434.0999994277954,1283.5999994277954,1882.699999809265,2653.1000003814697,,
AFLRBB974KS6D,ns,40-1,40.0,1000.0,28,2541.0,2701.0999994277954,1763.6999998092651,1979.199999809265,,1508.1999998092651,2143.699999809265,2804.3999996185303,1130.1999998092651,887.6000003814697,1745.8000001907349,2664.300000190735,,2368.5,2029.8000001907349,,1643.1999998092651,2372.7999992370605,1290.6999998092651,2089.800000190735,2043.3999996185305,1179.0999994277954,,1793.0999994277954,2020.9000005722048,2075.3999996185303,
AGB6853RIDWJ8,ns,40-1,40.0,1000.0,2,22252.72499997914,,,,,,,,,,,,,,,,,,,,,,,,,,
AGB6853RIDWJ8,ns,40-1,40.0,1000.0,3,4027.666666616996,7103.4000000059605,,,,,,,,,,,,,,,,,,,,,,,,,
AGB6853RIDWJ8,ns,40-1,40.0,1000.0,4,5324.45000000298,9200.300000146031,6137.949999898672,,,,,,,,,,,,,,,,,,,,,,,,
AGB6853RIDWJ8,ns,40-1,40.0,1000.0,5,4140.724999856204,4846.1333333700895,8655.074999999255,7987.537499975413,,,,,,,,,,,,,,,,,,,,,,,
AGB6853RIDWJ8,ns,40-1,40.0,1000.0,6,5810.699999978146,3460.433333317439,5631.399999856949,6209.116666679581,6410.300000011921,,,,,,,,,,,,,,,,,,,,,,
AGB6853RIDWJ8,ns,40-1,40.0,1000.0,7,6787.89999961853,,7941.0,6896.900000095367,5730.700000286102,10589.89999961853,,,,,,,,,,,,,,,,,,,,,
AGB6853RIDWJ8,ns,40-1,40.0,1000.0,8,2641.099999904633,1425.5999999046326,2369.300000190735,3258.099999904633,2216.699999809265,2785.300000190735,1746.1999998092651,,,,,,,,,,,,,,,,,,,,
AGB6853RIDWJ8,ns,40-1,40.0,1000.0,9,2382.7999999821186,4955.09999999404,3860.5,3886.2000000178814,3440.7999999821186,,,6817.600000023842,,,,,,,,,,,,,,,,,,,
AGB6853RIDWJ8,ns,40-1,40.0,1000.0,12,2735.599999904633,3264.2999999523163,2929.600000143051,3633.299999952316,3249.7999999523163,,3370.7999999523163,,4177.099999904633,4249.700000047684,2393.300000190735,,,,,,,,,,,,,,,,
AGB6853RIDWJ8,ns,40-1,40.0,1000.0,13,5063.449999988079,3187.6000000238414,4235.699999928474,3920.3000000715256,4145.149999976158,4480.350000023842,4757.800000011921,4712.75,3810.199999988079,4709.849999964237,4176.600000023842,5649.650000095367,,,,,,,,,,,,,,,
AGB6853RIDWJ8,ns,40-1,40.0,1000.0,14,2929.8333334326744,3055.400000035763,3978.199999988079,4810.13333328565,3683.033333301544,3547.233333349228,3877.9999999602637,4071.608333349228,3850.033333381017,3919.425000011921,5065.083333333333,3498.991666634877,5627.366666734219,,,,,,,,,,,,,,
AGB6853RIDWJ8,ns,40-1,40.0,1000.0,15,3240.5125000029802,5246.700000107288,4184.0875000059605,4213.925000026822,4561.7249999940395,4194.166666567326,3965.8833333849907,4386.225000023842,3730.5499999821186,3390.9166667064032,4513.983333388965,5306.616666754087,3864.0999999841056,4596.587499931455,,,,,,,,,,,,,
AGB6853RIDWJ8,ns,40-1,40.0,1000.0,16,5428.300000011921,3235.949999988079,,1813.0999999046328,3321.699999988079,2946.600000143051,7143.899999976158,3022.700000047684,3475.5,3474.300000190735,3769.1499999165535,4875.6499999165535,3135.350000023842,5142.6000000834465,3661.25,,,,,,,,,,,,
AGB6853RIDWJ8,ns,40-1,40.0,1000.0,17,2260.449999988079,3597.800000011921,2431.0499999523163,4265.099999964237,3480.399999976158,4433.25,3442.5,,4891.0,3868.9999999403954,4056.050000011921,4023.4999999403954,4701.850000023842,3360.4999999403954,5056.350000023842,4284.050000011921,,,,,,,,,,,
AGB6853RIDWJ8,ns,40-1,40.0,1000.0,18,3617.6833333571753,2920.3250000476837,3381.7666667103767,3974.5000001192093,3879.750000019869,3730.166666686535,4443.700000027816,4532.183333396912,3887.75,4881.949999988079,3989.650000035763,3938.766666650772,3991.175000011921,4731.683333297571,3777.199999988079,3358.099999984105,3846.4666666587195,,,,,,,,,,
AGB6853RIDWJ8,ns,40-1,40.0,1000.0,19,3312.600000143051,3401.800000190735,2946.599999904633,2919.899999856949,6747.5,4561.799999952316,3296.9000000953674,6729.299999952316,,3618.099999904633,3570.2999999523163,3113.0,3307.0,3562.5,,4224.799999952316,3386.800000190735,5728.900000095367,,,,,,,,,
AGLFNO1XKM8O8,rec,40-1,40.0,1000.0,4,3943.400000005961,3513.0999999940395,,,,,,,,,,,,,,,,,,,,,,,,,
AGLFNO1XKM8O8,rec,40-1,40.0,1000.0,6,5763.59999999404,5394.0,14013.70000001788,8605.0,,,,,,,,,,,,,,,,,,,,,,,
AGLFNO1XKM8O8,rec,40-1,40.0,1000.0,11,5817.29999999702,4039.299999982119,4530.0,20975.70000001788,4202.0,4318.750000014901,3463.7999999821186,4754.59999999404,5754.899999991059,3274.0999999940395,,,,,,,,,,,,,,,,,
AGLFNO1XKM8O8,rec,40-1,40.0,1000.0,12,6062.399999991059,4418.449999988079,4481.9000000059605,3401.7999999821186,,3951.799999982119,5360.3499999940395,5621.59999999404,,3599.6499999910593,4572.59999999404,,,,,,,,,,,,,,,,
AGLFNO1XKM8O8,rec,40-1,40.0,1000.0,13,3075.6500000208616,5653.200000017882,3830.300000011921,5980.999999910593,4033.0,5239.5,3831.600000023842,2221.149999961257,4242.899999976158,3302.399999976158,7775.25,9099.799999952316,,,,,,,,,,,,,,,
AGLFNO1XKM8O8,rec,40-1,40.0,1000.0,14,4136.45000000298,2297.3500000014906,4046.5500000044703,3933.29999999702,4296.9000000059605,3178.2000000178814,5755.09999999404,,2640.0999999940395,3675.4499999955306,,2342.5,6872.79999999702,,,,,,,,,,,,,,
AGLFNO1XKM8O8,rec,40-1,40.0,1000.0,15,4309.3888889087575,3688.3166666328907,3475.977777769996,4112.691666666418,5819.549999979635,4167.633333365123,2755.7611110756793,3268.250000014901,4097.6250000447035,3579.3500000163913,5103.488888881272,4355.183333372076,4936.9500000067055,4493.024999991059,,,,,,,,,,,,,
AGLFNO1XKM8O8,rec,40-1,40.0,1000.0,16,3557.3833333378043,4304.700000010431,3997.4277777605585,3533.82777778142,4105.81666666766,3875.2444444547095,3260.1999999806285,3503.666666664183,4687.875,4453.883333345254,3596.9333333306845,3965.316666652759,4066.133333337804,4340.2833333313465,5211.900000000994,,,,,,,,,,,,
AGLFNO1XKM8O8,rec,40-1,40.0,1000.0,17,2361.275000050664,4192.499999980132,3451.449999988079,3596.2666667203107,4196.47500000149,3900.283333311478,2905.983333354195,3249.4000000208616,2888.699999988079,4005.216666648785,4197.216666688521,3699.400000025829,4037.9833333094916,3653.3499999990067,4269.666666636865,4851.46666667362,,,,,,,,,,,
AGLFNO1XKM8O8,rec,40-1,40.0,1000.0,18,3508.144444447424,3926.9888888481596,3614.200000012914,3836.8083333546915,3061.1416666532555,4231.783333316445,3376.0833333532014,3651.4277777738043,3768.9611111515096,3306.5416666616998,2950.80833337456,4566.099999991556,4147.983333274722,2818.72499995927,3623.8999999935427,4566.23333332936,6054.974999939402,,,,,,,,,,
AGLFNO1XKM8O8,rec,40-1,40.0,1000.0,19,2679.161111132966,3281.3666666696467,3533.2833333561816,3450.9722222213945,3440.9750000151494,2977.8499999530613,3439.3333333515457,3991.2611111121046,3778.4333333149552,2841.983333324393,3004.372222243912,3067.7611111079655,4022.283333323896,3911.9777778122157,3638.50555553784,4359.450000030299,4065.1500000208616,5286.6500000101,,,,,,,,,
AGLFNO1XKM8O8,rec,40-1,40.0,1000.0,20,3316.1499999985103,4137.149999983609,3217.5499999970198,3749.29999999702,2629.9249999970198,3094.8500000089407,2911.7499999776483,,4109.80000000447,2899.4499999955297,4702.32500000298,3757.800000011921,3260.224999986589,2321.2999999821186,3494.125,4744.4749999940395,4089.8999999910593,2782.2250000089407,4994.499999992549,,,,,,,,
AGLFNO1XKM8O8,rec,40-1,40.0,1000.0,21,5077.0,4418.699999809265,2807.4500000476837,3427.0,4309.949999928474,3211.149999976158,3215.149999976158,3064.550000071526,2835.5,2876.7499998807907,3490.649999976158,1329.3999998569489,3390.800000190735,2852.0499999523163,4350.050000071526,4629.750000119209,4564.599999904633,3558.6999999284744,3650.350000023842,4604.299999952316,,,,,,,
AGLFNO1XKM8O8,rec,40-1,40.0,1000.0,22,1486.7999999523165,5117.400000095367,3063.0,1492.4000000953674,3522.4000000953674,3272.899999856949,4192.299999952316,8972.5,2542.099999904633,3041.5,3223.099999904633,2971.599999904633,4372.400000095367,3403.7999999523163,3441.399999856949,,5682.599999904633,2621.399999856949,3643.199999809265,4392.199999809265,3370.199999809265,,,,,,
AGLFNO1XKM8O8,rec,40-1,40.0,1000.0,23,2273.5,,3264.0999999940395,4043.6000000089407,3943.8999999910593,2903.4000000059605,3673.0,2964.5999999940395,3913.400000005961,3863.5,2304.39999999106,8594.199999988079,5472.0,3481.5999999940395,1845.4000000059605,2304.5,2974.6000000089407,2733.39999999106,4470.70000000298,3691.0,1836.70000000298,3314.0,,,,,
AH2C0LKV36ATT,prim,40-1,40.0,1000.0,4,,,,,,,,,,,,,,,,,,,,,,,,,,,
AH2C0LKV36ATT,prim,40-1,40.0,1000.0,7,2251.0,,9318.0,5076.0,,1973.0,,,,,,,,,,,,,,,,,,,,,
AH2C0LKV36ATT,prim,40-1,40.0,1000.0,8,3304.5,3062.0,4815.0,4171.0,5283.0,,2903.0,,,,,,,,,,,,,,,,,,,,
AH2C0LKV36ATT,prim,40-1,40.0,1000.0,9,3494.0,4204.0,3491.0,5005.75,3645.5,3953.166666666667,3879.6666666666665,4369.666666666667,,,,,,,,,,,,,,,,,,,
AH2C0LKV36ATT,prim,40-1,40.0,1000.0,10,4133.0,4062.5,3779.0,2932.0,2850.0,6119.0,4145.0,6266.0,8299.0,,,,,,,,,,,,,,,,,,
AH2C0LKV36ATT,prim,40-1,40.0,1000.0,11,3922.0,,,5204.5,4250.0,3536.0,3536.5,4930.0,5755.0,3318.0,,,,,,,,,,,,,,,,,
AH2C0LKV36ATT,prim,40-1,40.0,1000.0,12,,3210.0,3360.0,,3128.0,3851.0,4093.0,3383.0,4864.0,3849.0,2805.0,,,,,,,,,,,,,,,,
AH2C0LKV36ATT,prim,40-1,40.0,1000.0,13,4452.0,4618.5,3541.0,7287.0,4015.0,4462.0,5882.0,3541.5,3191.0,3125.0,2428.0,3856.5,,,,,,,,,,,,,,,
AH2C0LKV36ATT,prim,40-1,40.0,1000.0,14,4795.5,3802.5,3962.75,5299.0,5233.5,4510.5,3135.25,3204.0,4044.0,3806.0,4902.75,4473.75,4443.5,,,,,,,,,,,,,,
AH2C0LKV36ATT,prim,40-1,40.0,1000.0,15,4177.875,3420.75,3671.75,3398.75,4108.5,4157.166666666667,3346.333333333333,3795.7083333333335,5100.791666666666,3987.5,3494.833333333333,4215.916666666667,6520.333333333333,4756.583333333334,,,,,,,,,,,,,
AH2C0LKV36ATT,prim,40-1,40.0,1000.0,16,4283.75,3493.0,3314.666666666667,5596.25,4149.0,3964.1666666666665,4111.333333333333,3437.333333333333,3996.5,3986.5,3688.333333333333,3226.3333333333335,2771.5,4668.5,4362.0,,,,,,,,,,,,
AH2C0LKV36ATT,prim,40-1,40.0,1000.0,17,3713.666666666667,5044.666666666667,4480.375,3074.166666666667,3222.25,3113.375,3644.875,3872.875,6539.875,4035.25,4197.333333333334,4328.75,3996.875,3908.375,4344.833333333334,3463.25,,,,,,,,,,,
AH2C0LKV36ATT,prim,40-1,40.0,1000.0,18,4070.75,3479.0,5118.25,3633.5,3354.666666666667,3482.833333333333,3295.833333333333,4979.0,3994.75,4200.5,3534.5833333333335,3970.833333333333,3721.083333333333,4240.916666666667,3320.75,3479.25,3265.833333333333,,,,,,,,,,
AH2C0LKV36ATT,prim,40-1,40.0,1000.0,19,4616.5,3518.625,4266.0,4012.791666666667,3580.0,3509.458333333333,3194.166666666667,4198.625,4326.333333333333,3667.625,3190.916666666667,3082.291666666667,3609.875,4100.75,4069.4583333333335,4926.166666666666,3477.25,4204.0,,,,,,,,,
AKJN72HW14WTR,rec,40-1,40.0,1000.0,3,2146.0,9880.0,,,,,,,,,,,,,,,,,,,,,,,,,
AKJN72HW14WTR,rec,40-1,40.0,1000.0,4,4490.0,,7496.0,,,,,,,,,,,,,,,,,,,,,,,,
AKJN72HW14WTR,rec,40-1,40.0,1000.0,5,2622.5,5165.25,5191.0,6048.25,,,,,,,,,,,,,,,,,,,,,,,
AKJN72HW14WTR,rec,40-1,40.0,1000.0,6,2501.3125,4221.958333333333,3240.375,4830.777777777777,5191.833333333333,,,,,,,,,,,,,,,,,,,,,,
AKJN72HW14WTR,rec,40-1,40.0,1000.0,7,2207.125,2843.25,2998.0,4338.35,3021.6666666666665,8278.5,,,,,,,,,,,,,,,,,,,,,
AKJN72HW14WTR,rec,40-1,40.0,1000.0,8,2649.111111111111,2743.875,4339.75,6946.5,7154.666666666667,6590.0,11909.666666666666,,,,,,,,,,,,,,,,,,,,
AKJN72HW14WTR,rec,40-1,40.0,1000.0,9,2403.0,3450.0,7226.666666666667,5138.25,3787.1666666666665,5286.75,4567.375,9241.0,,,,,,,,,,,,,,,,,,,
AKJN72HW14WTR,rec,40-1,40.0,1000.0,10,3516.5,2141.6666666666665,1888.0,3438.0,4358.0,3614.0,2424.0,4824.0,4912.666666666667,,,,,,,,,,,,,,,,,,
AKJN72HW14WTR,rec,40-1,40.0,1000.0,11,2197.0,,2916.0,2067.0,2162.0,1433.0,2275.0,1072.0,,8356.0,,,,,,,,,,,,,,,,,
AKJN72HW14WTR,rec,40-1,40.0,1000.0,12,4478.0,3374.0,2861.0,2689.0,7641.0,4175.0,4093.0,5500.0,8537.0,7953.0,32070.0,,,,,,,,,,,,,,,,
AKJN72HW14WTR,rec,40-1,40.0,1000.0,13,2413.5,12791.0,2423.0,3063.0,2398.0,2271.5,1644.5,5534.5,5617.5,4560.0,8143.0,8844.5,,,,,,,,,,,,,,,
AMIQGW2E3WYO4,rec,40-1,40.0,1000.0,2,6586.0,,,,,,,,,,,,,,,,,,,,,,,,,,
AMIQGW2E3WYO4,rec,40-1,40.0,1000.0,3,1937.0,4084.0,,,,,,,,,,,,,,,,,,,,,,,,,
AMIQGW2E3WYO4,rec,40-1,40.0,1000.0,4,2645.6666666666665,5645.0,3168.0,,,,,,,,,,,,,,,,,,,,,,,,
AMIQGW2E3WYO4,rec,40-1,40.0,1000.0,6,3105.111111111111,3471.4166666666665,3944.0833333333335,3647.6666666666665,9057.25,,,,,,,,,,,,,,,,,,,,,,
AMIQGW2E3WYO4,rec,40-1,40.0,1000.0,7,3500.125,3176.3333333333335,4248.666666666667,8745.875,7138.875,10436.875,,,,,,,,,,,,,,,,,,,,,
AMIQGW2E3WYO4,rec,40-1,40.0,1000.0,8,6620.833333333333,3444.3333333333335,5418.375,4160.125,5250.916666666667,11144.541666666666,17192.5,,,,,,,,,,,,,,,,,,,,
AMIQGW2E3WYO4,rec,40-1,40.0,1000.0,9,5338.166666666667,3956.6666666666665,3505.8333333333335,5542.0,4614.166666666667,5241.583333333333,7513.333333333334,5995.333333333333,,,,,,,,,,,,,,,,,,,
AMIQGW2E3WYO4,rec,40-1,40.0,1000.0,10,3060.625,2642.5,4524.0,4164.583333333334,3554.3333333333335,3566.25,5480.791666666667,7369.125,12178.25,,,,,,,,,,,,,,,,,,
AMIQGW2E3WYO4,rec,40-1,40.0,1000.0,11,3817.0,2706.3333333333335,2944.0,3611.6666666666665,3099.0,6664.0,6807.0,4880.0,8100.333333333333,12395.0,,,,,,,,,,,,,,,,,
AMIQGW2E3WYO4,rec,40-1,40.0,1000.0,12,3067.5,4110.5,2832.5,3117.5,2960.5,3776.0,5333.0,4827.0,8678.5,6670.5,6411.0,,,,,,,,,,,,,,,,
AMIQGW2E3WYO4,rec,40-1,40.0,1000.0,13,3724.0,2504.0,2647.0,,3435.0,4239.0,3791.0,5369.0,4170.0,5262.0,8163.0,8953.0,,,,,,,,,,,,,,,
ANCTZADQC3D75,ns,40-1,40.0,1000.0,8,4021.0,,2438.0,,,7399.0,3235.0,,,,,,,,,,,,,,,,,,,,
ANCTZADQC3D75,ns,40-1,40.0,1000.0,9,6452.0,,6299.0,2914.0,2656.0,4449.0,4189.0,3551.0,,,,,,,,,,,,,,,,,,,
ANCTZADQC3D75,ns,40-1,40.0,1000.0,13,6524.75,3662.0,3729.1666666666665,4660.0,4497.833333333333,4012.3333333333335,3371.0,3151.0,4060.6666666666665,2884.0,5312.5,4507.833333333333,,,,,,,,,,,,,,,
ANCTZADQC3D75,ns,40-1,40.0,1000.0,14,4336.5625,4304.708333333333,3629.6666666666665,4300.0625,3957.777777777778,3904.166666666667,4793.425,3831.625,4146.108333333334,4994.277777777777,4635.875,4592.291666666667,4534.025,,,,,,,,,,,,,,
ANCTZADQC3D75,ns,40-1,40.0,1000.0,15,2920.5,2639.0,2505.5,4268.5,3005.5,7099.25,2658.5,6146.0,4828.75,3377.0,7183.0,4188.5,4406.0,3936.0,,,,,,,,,,,,,
ANCTZADQC3D75,ns,40-1,40.0,1000.0,16,4167.5,3362.0,3154.25,3400.5,4476.0,3847.75,3330.5,3156.5,3672.25,3560.0,3176.0,3873.5,4533.75,3689.0,4133.5,,,,,,,,,,,,
ANCTZADQC3D75,ns,40-1,40.0,1000.0,17,3569.3333333333335,2708.6666666666665,3102.3333333333335,6360.0,4064.5,4419.0,3708.0,2911.0,4230.0,4322.25,4662.333333333333,3407.25,4186.333333333333,3675.6666666666665,3627.6666666666665,3939.25,,,,,,,,,,,
ANCTZADQC3D75,ns,40-1,40.0,1000.0,18,3724.0,4448.0,2822.75,5797.0,3510.6666666666665,4361.333333333333,6253.0,3185.3333333333335,3685.5,2596.3333333333335,2938.3333333333335,3783.0,2731.6666666666665,3286.5,3250.5,4639.0,3307.0,,,,,,,,,,
ANCTZADQC3D75,ns,40-1,40.0,1000.0,19,6984.5,2793.6666666666665,3808.166666666667,2566.5,3675.0,3577.75,3496.777777777778,2393.1666666666665,3820.6666666666665,2847.166666666667,3832.6666666666665,2274.1666666666665,2767.8888888888887,3227.444444444445,3362.75,2601.555555555555,2898.6666666666665,4756.833333333333,,,,,,,,,
ANCTZADQC3D75,ns,40-1,40.0,1000.0,20,2530.5,3573.5,5478.0,2192.0,4131.0,3081.5,3638.0,2203.0,1723.0,1988.0,2574.0,6414.0,3405.0,3964.0,2659.0,,4941.0,2559.0,4311.0,,,,,,,,
ANCTZADQC3D75,ns,40-1,40.0,1000.0,21,2938.5,2763.5,3526.5,2671.25,2251.5,2400.25,2757.75,3711.5,2816.0,2106.75,3706.5,2138.0,2971.0,2282.0,3252.25,3788.5,3242.75,2674.5,3016.75,3304.75,,,,,,,
ANCTZADQC3D75,ns,40-1,40.0,1000.0,22,3637.75,2837.0,4376.5,3686.0,2146.5,2163.5,3305.75,2544.0,3554.5,2879.0,3359.75,4697.75,2929.0,2310.5,2900.75,2126.5,1969.0,1848.5,2677.0,2542.0,2775.0,,,,,,
AOQKJGXZ8QQD0,prim,40-1,40.0,1000.0,2,58904.20000000298,,,,,,,,,,,,,,,,,,,,,,,,,,
AOQKJGXZ8QQD0,prim,40-1,40.0,1000.0,3,,24074.10000002384,,,,,,,,,,,,,,,,,,,,,,,,,
AOQKJGXZ8QQD0,prim,40-1,40.0,1000.0,4,6243.6499999165535,11433.099999904633,,,,,,,,,,,,,,,,,,,,,,,,,
AOQKJGXZ8QQD0,prim,40-1,40.0,1000.0,5,6075.150000015895,10342.899999856949,3121.0499999299645,8157.16666662693,,,,,,,,,,,,,,,,,,,,,,,
AOQKJGXZ8QQD0,prim,40-1,40.0,1000.0,6,9425.600000023842,6313.750000029802,5108.100000023842,6690.6500000059605,7926.299999952316,,,,,,,,,,,,,,,,,,,,,,
AOQKJGXZ8QQD0,prim,40-1,40.0,1000.0,7,4641.649999950081,4947.849999997765,7318.525000048801,4725.799999998882,7358.724999953061,5716.6000000257045,,,,,,,,,,,,,,,,,,,,,
AOQKJGXZ8QQD0,prim,40-1,40.0,1000.0,8,4834.533333336313,6485.199999984354,5644.287500042468,5930.099999995902,4794.350000027567,6626.48749995511,9880.083333389213,,,,,,,,,,,,,,,,,,,,
AOQKJGXZ8QQD0,prim,40-1,40.0,1000.0,9,6839.7162500061095,6208.99166665102,5093.358750006929,5363.166666671261,4887.612499990687,6336.7800000045445,5294.222499986366,7834.254166672627,,,,,,,,,,,,,,,,,,,
AOQKJGXZ8QQD0,prim,40-1,40.0,1000.0,10,9036.333333286146,6007.766666674365,6737.008333396788,6005.71666665934,10454.100000039363,5452.058333357175,6162.308333341032,8900.883333326006,5809.941666650896,,,,,,,,,,,,,,,,,,
AOQKJGXZ8QQD0,prim,40-1,40.0,1000.0,11,6988.44999996821,4911.316666702429,4555.649999936422,3745.016666740179,3784.8666667143502,4279.316666593155,4978.9333333472405,4934.199999998013,4669.05000003179,5471.824999913573,,,,,,,,,,,,,,,,,
AOQKJGXZ8QQD0,prim,40-1,40.0,1000.0,13,8632.09999999404,6412.899999976158,5816.4000000059605,5177.649999976158,4969.949999958277,3541.300000011921,5513.25,5145.75,3452.599999964237,4123.949999958277,7855.5,3825.449999988079,,,,,,,,,,,,,,,
AOQKJGXZ8QQD0,prim,40-1,40.0,1000.0,14,3371.4666666785874,3573.625,4251.57500000298,4756.899999991059,5490.925000011921,5057.400000015895,5668.900000015895,4400.100000023842,5512.800000011921,4522.5999999940395,4393.024999991059,5395.0,4654.066666682561,,,,,,,,,,,,,,
AP3BTOBN8Y9EJ,rec,40-1,40.0,1000.0,6,,5912.0,12591.100000023842,3317.600000023842,12445.0,,,,,,,,,,,,,,,,,,,,,,
AP3BTOBN8Y9EJ,rec,40-1,40.0,1000.0,7,6286.804166654746,6170.1111110846205,8031.422222269906,7609.299999972185,6194.758333315453,8842.133333298894,,,,,,,,,,,,,,,,,,,,,
AP3BTOBN8Y9EJ,rec,40-1,40.0,1000.0,8,8375.433333317438,8934.900000035763,8394.599999964237,9658.416666666666,6125.016666690509,8589.066666622957,11840.883333345255,,,,,,,,,,,,,,,,,,,,
AP3BTOBN8Y9EJ,rec,40-1,40.0,1000.0,9,5473.225000023842,5866.9375,10970.925000011921,5955.787499979138,8061.2874999940395,6504.350000038743,9021.91249999404,8752.675000011921,,,,,,,,,,,,,,,,,,,
AP3BTOBN8Y9EJ,rec,40-1,40.0,1000.0,10,6598.952499958873,6639.207500007748,6189.948749986291,6608.137500017881,6975.959999963641,6790.285416667661,8939.099999979138,7813.250000017882,12278.895000031589,,,,,,,,,,,,,,,,,,
AP3BTOBN8Y9EJ,rec,40-1,40.0,1000.0,11,6956.656249985099,5317.768750034273,5725.374999970198,5609.7874999940395,7942.262499973178,8656.764583254853,6476.174999974668,7061.131249934435,6357.506250016391,10032.36250000447,,,,,,,,,,,,,,,,,
AP3BTOBN8Y9EJ,rec,40-1,40.0,1000.0,13,4841.300000011921,6495.199999988079,7344.949999988079,8551.550000011921,4714.550000011921,7353.600000023842,5793.149999976158,4667.250000059605,4212.299999952316,6022.949999988079,5890.299999952316,9898.900000035763,,,,,,,,,,,,,,,
AQSYWZJVVMCGJ,prim,40-1,40.0,1000.0,6,4564.0,2174.0,2772.0,,2268.5,,,,,,,,,,,,,,,,,,,,,,
AQSYWZJVVMCGJ,prim,40-1,40.0,1000.0,7,4821.0,3078.0,,3664.0,4407.0,3749.0,,,,,,,,,,,,,,,,,,,,,
AQSYWZJVVMCGJ,prim,40-1,40.0,1000.0,8,1763.0,3997.0,1874.0,3414.0,5838.5,,1954.0,,,,,,,,,,,,,,,,,,,,
AQSYWZJVVMCGJ,prim,40-1,40.0,1000.0,9,1638.5,3485.0,3404.0,2676.0,2516.6666666666665,5311.0,3422.6666666666665,3321.3333333333335,,,,,,,,,,,,,,,,,,,
AQSYWZJVVMCGJ,prim,40-1,40.0,1000.0,10,3074.8,6349.8,2998.133333333333,4059.1,4050.0,3467.0833333333335,2858.7,4098.0,2442.3333333333335,,,,,,,,,,,,,,,,,,
AQSYWZJVVMCGJ,prim,40-1,40.0,1000.0,11,3742.6666666666665,3098.7083333333335,3261.6875,3224.8333333333335,3439.75,3870.0416666666665,3162.5,3630.9375,2993.5,5475.166666666667,,,,,,,,,,,,,,,,,
AQSYWZJVVMCGJ,prim,40-1,40.0,1000.0,12,2917.0,3209.625,3282.5,3350.25,4509.125,4263.75,3977.375,3362.625,3547.75,3377.6666666666665,3203.875,,,,,,,,,,,,,,,,
AQSYWZJVVMCGJ,prim,40-1,40.0,1000.0,13,3722.055555555555,3135.416666666667,2283.777777777778,3193.5,3526.6111111111113,3941.0,3053.6388888888887,4167.611111111111,3675.0,4242.333333333333,3453.944444444445,4269.805555555556,,,,,,,,,,,,,,,
AQSYWZJVVMCGJ,prim,40-1,40.0,1000.0,14,3229.75,3156.8333333333335,2851.1666666666665,2869.0,3027.6666666666665,4225.833333333333,4611.333333333333,3418.0,2270.25,3248.6666666666665,4989.666666666667,4962.5,3125.25,,,,,,,,,,,,,,
AQSYWZJVVMCGJ,prim,40-1,40.0,1000.0,15,4216.0,2534.5,4591.75,3119.75,3346.5,2986.25,2688.5,3146.25,4688.25,3645.75,4342.5,5690.25,3223.0,3320.0,,,,,,,,,,,,,
AQSYWZJVVMCGJ,prim,40-1,40.0,1000.0,16,2882.0,3186.5,2387.75,6210.5,4644.0,2970.25,2419.25,4281.5,3250.75,8118.75,5057.75,4064.0,2876.5,3352.5,7622.0,,,,,,,,,,,,
AR1IWBDA7MC86,rec,40-1,40.0,1000.0,6,2068.7999999523163,1822.0,974.1000001430511,864.5,37055.5,,,,,,,,,,,,,,,,,,,,,,
AR1IWBDA7MC86,rec,40-1,40.0,1000.0,8,2293.7000000029802,3302.0000000298023,5940.649999991059,9457.124999977648,12145.774999983609,12028.324999980628,14672.50000000745,,,,,,,,,,,,,,,,,,,,
AR1IWBDA7MC86,rec,40-1,40.0,1000.0,9,1706.6000001430511,4632.399999856949,24832.0,16695.599999904633,2170.099999904633,1066.0,10885.399999856949,621.9000000953674,,,,,,,,,,,,,,,,,,,
AR1IWBDA7MC86,rec,40-1,40.0,1000.0,10,1135.5999999940395,682.5,2253.2999999821186,3509.0999999940395,14660.70000001788,1980.699999988079,3951.2000000178814,1565.699999988079,,,,,,,,,,,,,,,,,,,
AR1IWBDA7MC86,rec,40-1,40.0,1000.0,12,2677.666666696469,1846.0166666706402,1999.5499999870856,2520.800000021855,7861.783333346248,3089.3499999890723,3538.6333333551884,4259.75,8976.133333295584,6388.29999999702,20089.78333339095,,,,,,,,,,,,,,,,
AR1IWBDA7MC86,rec,40-1,40.0,1000.0,13,1970.300000031789,1661.8000000615914,1618.933333337307,1861.2666666805744,2177.7000000178814,10681.933333396912,7642.449999928474,3003.233333339294,4156.466666698456,5567.766666710377,5413.3000000019865,13559.000000014901,,,,,,,,,,,,,,,
AR1IWBDA7MC86,rec,40-1,40.0,1000.0,14,1210.4500000476837,1656.7499999701977,1763.925000011921,2260.849999964237,4263.549999952316,5307.449999988079,4180.125000029802,6697.150000095367,7668.0750000178805,1345.1000000238419,12153.100000023842,9170.050000011921,10849.67499998212,,,,,,,,,,,,,,
AR1IWBDA7MC86,rec,40-1,40.0,1000.0,15,1368.8999999215205,2080.0500000417233,2379.083333323399,3964.5500000417233,2509.6833334068456,5225.733333349228,3563.6000000039735,4521.283333321412,4501.2666667501135,2711.0833334177732,3652.333333323399,2477.3333334426084,5078.050000041723,9565.466666618982,,,,,,,,,,,,,
AR1IWBDA7MC86,rec,40-1,40.0,1000.0,16,1883.7166666984558,2769.583333323399,3559.649999966224,2715.0500000317893,3100.5333333412805,2230.9166666567326,4929.233333279689,5793.933333347241,2229.9000000059605,4912.416666666667,3672.3166666328907,3957.5750000178814,3064.3500000039735,10458.98333327969,8166.29999999702,,,,,,,,,,,,
AR1IWBDA7MC86,rec,40-1,40.0,1000.0,17,2229.699999809265,5315.799999952316,2899.7999999523163,,11183.800000190737,12899.900000095367,1750.0,2506.4000000953674,813.5,2673.099999904633,2142.700000047684,1548.5,1104.1000001430511,1007.0,3638.5,3390.099999904633,,,,,,,,,,,
AR1IWBDA7MC86,rec,40-1,40.0,1000.0,18,1572.9000000208616,1564.8499999865892,1570.7499999850988,1615.2999999672174,1852.8499999642372,3330.1000000089407,3276.2250000461936,2329.5000000298023,2745.225000038743,7854.575000040233,1676.8250000178814,5485.8249999806285,3239.024999983609,5361.8249999806285,11775.333333363136,5343.633333424727,15743.250000029802,,,,,,,,,,
AR1IWBDA7MC86,rec,40-1,40.0,1000.0,19,1629.0666667222977,1589.733333349228,2092.7000000278153,1612.433333337307,1804.6333332757156,5565.76666662097,5303.833333343268,1763.1500000208616,1703.9666666587193,1318.1499999165535,2952.8333333830037,2691.6666666169963,1860.699999968211,1304.799999942382,6380.966666648786,11608.300000021854,6231.500000039737,6892.66666662693,,,,,,,,,
AR1IWBDA7MC86,rec,40-1,40.0,1000.0,20,983.0000000331138,1666.1777777936725,1625.9555554588635,2145.966666599115,2602.34444441398,2290.488888939222,1607.066666636202,7768.9555555714505,3790.1777778135406,1810.5499999920528,3255.800000011921,4850.733333289623,3436.711111108462,3787.1000000039735,3051.533333400885,2323.3666666348777,3111.8499999145665,3267.5999999708597,7521.866666634877,,,,,,,,
AR1IWBDA7MC86,rec,40-1,40.0,1000.0,21,1356.4500000178814,1952.7250000536442,1580.1249999254942,1483.8999999761581,1853.724999949336,3214.149999976158,2201.3250000178814,1339.3500000238419,1235.975000038743,2010.0499999523163,3039.1249999403954,4521.275000095367,1214.4500000625849,1318.224999934435,3982.599999949336,2589.5499999821186,3031.274999946356,3040.975000053644,10041.025000020862,11255.07500000298,,,,,,,
AR1IWBDA7MC86,rec,40-1,40.0,1000.0,22,1617.89999995629,2041.566666722298,3009.8333333333335,1644.2999999920528,1548.9333332379658,1265.3499999940395,2225.7666666309037,1421.5000000397365,1424.6999999483426,1675.4666666587193,1774.2999999721844,3969.0666666428247,6034.249999910593,2607.2999999920526,4256.566666543484,2894.899999976158,2581.9333332975707,7411.933333317439,3522.9666666587195,3474.333333313465,11120.766666670641,,,,,,
AR1IWBDA7MC86,rec,40-1,40.0,1000.0,24,2015.6499999463558,1809.300000011921,2075.9499999582767,930.0999999344349,1580.4000000059605,1362.1000000536442,4482.800000011921,4439.949999898672,2579.349999964237,1111.7500000298023,2446.2999999821186,3272.0999999046326,2304.599999934435,4527.749999970198,2524.350000023842,3842.850000113249,2870.0499999523163,476.30000019073486,5142.499999910592,1346.9000000059605,10322.950000017881,1596.950000047684,4564.049999952316,,,,
AR1IWBDA7MC86,rec,40-1,40.0,1000.0,25,2236.0,1475.2999999821186,1049.0,1286.9000000059605,1168.5999999940395,882.2000000178814,3851.0,1885.7000000178807,1320.5,1540.800000011921,1198.2999999821186,,1804.7000000178807,1030.300000011921,1114.800000011921,3266.5999999940395,10102.19999998808,1236.2999999821186,7769.199999988079,2036.2999999821184,2262.899999976158,1470.5999999940395,18560.39999997616,10057.69999998808,,,
AR3MFFPQ39IXF,rec,40-1,40.0,1000.0,7,4106.599999904633,6209.799999952316,8586.5,11174.299999952316,3964.799999952316,8566.5,,,,,,,,,,,,,,,,,,,,,
AR3MFFPQ39IXF,rec,40-1,40.0,1000.0,9,3319.550000011921,4096.0,4027.75,5014.800000011921,7469.699999988079,3347.75,5966.699999958276,11826.649999976158,,,,,,,,,,,,,,,,,,,
AR3MFFPQ39IXF,rec,40-1,40.0,1000.0,10,3823.8749999403954,4154.200000047684,4975.649999976158,3838.350000113249,5413.474999964237,7146.800000071526,7264.5999999940395,7344.299999982118,11538.925000041723,,,,,,,,,,,,,,,,,,
AR3MFFPQ39IXF,rec,40-1,40.0,1000.0,11,5088.0,3410.9000000158944,6678.675000011921,5217.333333333333,5004.324999988079,6377.650000035763,6232.800000071526,6836.199999968211,8355.199999888739,11920.100000023842,,,,,,,,,,,,,,,,,
AR3MFFPQ39IXF,rec,40-1,40.0,1000.0,12,3106.0999999841056,10210.166666646799,8103.900000065566,5398.416666666667,4885.324999988079,5566.633333325386,5837.116666674614,5139.616666694482,6442.233333349228,5584.366666615009,5916.783333321412,,,,,,,,,,,,,,,,
AR3MFFPQ39IXF,rec,40-1,40.0,1000.0,13,5515.872222211626,6965.644444452391,5353.1999999980135,4308.575000047684,3790.8944444590147,5745.044444435173,4598.533333321412,4599.083333363135,4715.466666685211,5657.066666682561,6863.644444465637,8498.983333369097,,,,,,,,,,,,,,,
AR3MFFPQ39IXF,rec,40-1,40.0,1000.0,14,4088.34333332181,4192.330000001192,4507.5199999948345,7200.14999999851,5413.854166676601,4611.063333328565,6284.370000000795,6208.676666659117,5223.796666647991,5532.0041666726265,6362.436666665475,6891.436666659514,8314.5533333381,,,,,,,,,,,,,,
AR3MFFPQ39IXF,rec,40-1,40.0,1000.0,15,4773.966666665342,4795.877777801619,4937.444444444444,4866.811111066077,4689.122222158644,4666.577777756585,4410.433333337307,5734.433333317439,5714.10000004371,5737.049999962251,4787.466666652097,7228.777777791023,6024.088888876969,10382.416666656733,,,,,,,,,,,,,
AR3MFFPQ39IXF,rec,40-1,40.0,1000.0,16,2296.2999999821186,4324.100000023842,6273.25,3464.4500000178814,3380.2999999821186,2725.699999988079,4771.199999988079,6676.750000029802,3154.6500000059605,7966.049999982119,6317.949999988079,4311.4000000059605,7801.300000011921,8381.25,4829.449999988079,,,,,,,,,,,,
AR3MFFPQ39IXF,rec,40-1,40.0,1000.0,17,4552.300000011921,3107.300000011921,4008.400000035763,3631.899999976158,4098.699999988079,4330.300000011921,3353.699999988079,4337.800000011921,4451.400000035763,4520.400000035763,4327.5,3604.100000023842,4632.599999964237,9699.099999964235,8090.5,10145.69999998808,,,,,,,,,,,
ARL0T0MU9A65G,prim,40-1,40.0,1000.0,11,4748.166666666666,5323.25,5010.166666666666,5586.25,4972.666666666666,5949.25,6095.166666666666,5350.25,4726.0,5738.0,,,,,,,,,,,,,,,,,
ARL0T0MU9A65G,prim,40-1,40.0,1000.0,12,12909.25,5407.875,5780.666666666667,5303.291666666667,7868.666666666667,4783.38888888889,4887.055555555556,5664.333333333333,5134.375,4946.916666666667,5552.416666666667,,,,,,,,,,,,,,,,
ARL0T0MU9A65G,prim,40-1,40.0,1000.0,13,4625.888888888889,4970.777777777778,5300.555555555556,5035.38888888889,5830.805555555556,5550.972222222223,5787.666666666667,5511.111111111112,5087.833333333333,4791.166666666667,5385.416666666667,4897.083333333333,,,,,,,,,,,,,,,
ARL0T0MU9A65G,prim,40-1,40.0,1000.0,14,4785.400000000001,4890.3,4610.083333333333,5626.0,4857.599999999999,4852.583333333333,5379.25,4219.916666666667,4950.166666666667,6009.333333333333,5743.666666666667,4636.733333333334,5550.35,,,,,,,,,,,,,,
ARL0T0MU9A65G,prim,40-1,40.0,1000.0,15,5194.75,4633.125,5002.3125,5262.8125,5210.25,5049.6875,4937.6875,5718.375,5127.222222222223,5325.777777777777,4665.5625,5448.041666666667,4745.8125,4835.1875,,,,,,,,,,,,,
ARL0T0MU9A65G,prim,40-1,40.0,1000.0,16,4797.777777777777,5085.666666666667,5209.777777777777,5432.222222222223,4082.0,4362.555555555556,4597.444444444444,4968.666666666667,5152.5,5496.555555555556,4535.444444444444,4151.88888888889,5356.11111111111,4823.666666666667,5482.444444444444,,,,,,,,,,,,
ARL0T0MU9A65G,prim,40-1,40.0,1000.0,17,4887.0,4840.5,2678.0,6114.5,3468.5,5607.0,3898.0,4064.0,4621.0,4937.0,3965.5,4311.5,4274.0,6229.0,3055.0,4742.5,,,,,,,,,,,
ARL0T0MU9A65G,prim,40-1,40.0,1000.0,18,4409.5,4161.5,6091.5,4040.5,5041.5,4596.0,4603.0,4529.5,5375.0,4213.0,5158.5,4248.5,4424.5,4521.0,4081.5,4393.0,3947.5,,,,,,,,,,
ARL0T0MU9A65G,prim,40-1,40.0,1000.0,19,3766.0,11878.0,4754.0,4746.0,2945.0,4415.0,4261.0,4523.0,5433.0,2904.0,5091.0,3484.0,5755.0,3051.0,4714.0,4736.0,2227.0,4171.0,,,,,,,,,
ASVRLMDNQBUD9,rec,40-1,40.0,1000.0,3,,8785.300000071526,,,,,,,,,,,,,,,,,,,,,,,,,
ASVRLMDNQBUD9,rec,40-1,40.0,1000.0,4,3220.600000023842,,3269.099999964237,,,,,,,,,,,,,,,,,,,,,,,,
ASVRLMDNQBUD9,rec,40-1,40.0,1000.0,5,11150.72499999404,8014.849999979138,11271.275000065565,7487.433333357175,,,,,,,,,,,,,,,,,,,,,,,
ASVRLMDNQBUD9,rec,40-1,40.0,1000.0,6,4732.835555549463,3084.5588888433244,8002.386666636997,7692.30333336393,13673.297222203679,,,,,,,,,,,,,,,,,,,,,,
ASVRLMDNQBUD9,rec,40-1,40.0,1000.0,7,3326.276666628321,4700.333333359162,4419.825000082453,5443.741666666335,11202.950000017881,13420.516666670641,,,,,,,,,,,,,,,,,,,,,
ASVRLMDNQBUD9,rec,40-1,40.0,1000.0,8,4231.774999931455,3631.3250000178814,4076.0374999791384,3599.987500026822,6682.437500029802,13738.262500012916,15638.1875,,,,,,,,,,,,,,,,,,,,
ASVRLMDNQBUD9,rec,40-1,40.0,1000.0,9,3259.175000006954,2795.458333313465,3391.8083332975702,3838.083333298564,3942.0166667054095,6262.39166667064,7342.183333347241,24167.416666666668,,,,,,,,,,,,,,,,,,,
ASVRLMDNQBUD9,rec,40-1,40.0,1000.0,10,6046.949999988079,3877.25,3572.7999999821186,8192.799999922514,4736.499999970198,7683.949999988079,14212.500000000002,4869.300000190735,4363.8499999940395,,,,,,,,,,,,,,,,,,
ASVRLMDNQBUD9,rec,40-1,40.0,1000.0,11,3380.8499999940395,2699.024999946356,4092.8250000476837,4554.0,4714.824999958277,3424.2000000178814,6194.774999976158,7405.699999958277,8970.975000053644,32246.750000029802,,,,,,,,,,,,,,,,,
ASVRLMDNQBUD9,rec,40-1,40.0,1000.0,12,2526.700000047684,3629.700000047684,4569.599999904633,4371.5,2103.599999904633,3349.200000047684,2267.599999904633,3013.200000047684,4182.5,6224.700000047684,,,,,,,,,,,,,,,,,
ATRRW34VN38IX,rec,40-1,40.0,1000.0,3,,,,,,,,,,,,,,,,,,,,,,,,,,,
ATRRW34VN38IX,rec,40-1,40.0,1000.0,7,9204.900000095367,7247.89999961853,4775.949999809265,5217.099999904633,5633.849999904633,6918.049999952316,,,,,,,,,,,,,,,,,,,,,
ATRRW34VN38IX,rec,40-1,40.0,1000.0,8,5180.624999880791,3820.5250000953674,9377.499999761581,5275.975000143051,6381.475000023842,6809.900000095367,10329.700000286102,,,,,,,,,,,,,,,,,,,,
ATRRW34VN38IX,rec,40-1,40.0,1000.0,9,5456.700000047684,8324.25,5122.5666670799255,6511.066666841507,7498.449999570847,4460.8333335717525,8992.64999961853,14261.424999833107,,,,,,,,,,,,,,,,,,,
ATRRW34VN38IX,rec,40-1,40.0,1000.0,10,6274.020000267029,7474.574999570847,5343.980000114441,5774.660000038147,7175.199999809265,6357.239999961853,6056.040000152588,6998.375000238419,8201.520000076294,,,,,,,,,,,,,,,,,,
ATRRW34VN38IX,rec,40-1,40.0,1000.0,11,6023.383333206177,7403.912500023842,5613.962499976158,5150.60416662693,5120.149999976158,5728.574999928474,8130.962499856949,6099.974999944368,7979.637500127157,5472.549999833107,,,,,,,,,,,,,,,,,
ATRRW34VN38IX,rec,40-1,40.0,1000.0,13,4441.5,5816.299999713898,11721.0,6603.89999961853,4264.0,5540.5,4254.5,4946.099999904633,3125.2000002861023,3200.199999809265,2062.5,9480.60000038147,,,,,,,,,,,,,,,
AVSVIOR38JDM6,prim,40-1,40.0,1000.0,16,2663.2999999523163,7924.099999904633,2110.5,3022.099999904633,3806.2500002384186,1794.9000000953674,2561.0999999046326,2621.550000190735,2787.0499999523163,3594.7000000476837,2088.9999997615814,3911.9500000476837,2419.7999999523163,2956.2000000476837,3803.7000000476837,,,,,,,,,,,,
AVSVIOR38JDM6,prim,40-1,40.0,1000.0,18,3597.4666665395102,2222.25,2621.5833333333335,2314.449999968211,2799.766666730245,3087.833333174388,2453.3999999364214,2386.7500002384186,2279.475000143051,2883.6166666348777,3304.7666668891907,2883.5999999046326,4976.200000047684,2170.949999809265,2611.933333237966,4372.600000143051,2250.099999904633,,,,,,,,,,
AVSVIOR38JDM6,prim,40-1,40.0,1000.0,19,2732.662499964237,3039.283333381017,3421.0,3806.75,2960.4000000953674,3028.5499999523163,2434.2000000476837,2872.483333349228,2621.837499856949,3353.0500000715256,2732.5500000715256,3440.875,2711.4666668574014,2901.19999986887,3328.783333381017,2611.5166667302447,2655.474999964237,2316.5,,,,,,,,,
AVSVIOR38JDM6,prim,40-1,40.0,1000.0,20,3103.377777788374,3122.2000002066293,5523.650000015895,2531.8750001192093,2891.558333555857,3145.777777671814,2416.6999999947016,2822.4666668044197,2054.5,2959.222222407659,2934.699999915229,2509.125,2980.3499999046326,3171.3083333174386,4315.966666777929,2419.9722223016947,2881.033333301544,2846.733333269755,2368.0083334445953,,,,,,,,
AVSVIOR38JDM6,prim,40-1,40.0,1000.0,21,2947.200000166893,3115.7750000953674,4339.850000143051,2346.266666730245,2148.0750000476837,2554.100000063578,2382.25,2844.699999809265,2262.233333428701,3179.0666666030884,2759.850000143051,2995.174999833107,3114.25,2585.125,2144.4249997138977,2957.233333428701,1958.4666668574016,2107.774999976158,2164.3749998807907,2773.1333333651223,,,,,,,
AVSVIOR38JDM6,prim,40-1,40.0,1000.0,22,2976.941666841507,2329.2916667461395,2802.4250000317893,2815.6166667143507,2654.8999999629127,2463.7555556562215,3337.86111108462,2749.899999803967,3074.4166667461395,3538.7500001192093,2826.9666667514375,2769.322222179837,2325.350000063578,2382.091666698456,2775.7555555767485,3704.6250001589456,2530.475000143051,2232.2416665554047,2262.905555566152,2875.8666665156684,3725.1111108197106,,,,,,
AVSVIOR38JDM6,prim,40-1,40.0,1000.0,23,2499.625,3222.2750000953674,4225.099999904633,2380.699999809265,2480.774999856949,3119.3499997854233,2489.600000023842,2813.0250000953674,3258.6749999523163,2057.7999997138977,2050.2999999523163,2540.6500000953674,3199.8250000476837,3901.850000143051,2809.0,2972.925000190735,2306.9000000953674,2481.75,2155.25,2536.524999976158,2439.8750001192093,2314.2750000953674,,,,,
AVSVIOR38JDM6,prim,40-1,40.0,1000.0,24,2826.1500002145767,2580.100000143051,2619.100000143051,4655.27499973774,2685.7000000476837,2721.9000000953674,2684.6249997615814,2338.4000002145767,2456.0749999284744,3074.6500000953674,1949.0250002145765,2593.7500002384186,2305.975000023842,2264.324999809265,2542.4500002861023,3164.524999976158,2760.6749997138977,2656.350000143051,2555.1000003814697,2913.225000023842,3073.600000143051,2708.100000143051,3662.75,,,,
AVSVIOR38JDM6,prim,40-1,40.0,1000.0,25,2367.466666698456,2751.3333331743875,2933.149999936422,2642.399999936422,2464.183333237966,2409.1666666666665,3609.233333349228,2577.4666665395102,4029.5999999046326,2810.9833331108093,2753.3333331743875,2768.5,2329.550000111262,3909.6500000953674,2043.9833335876465,3583.649999856949,4006.9833331108093,3089.3666667938232,2472.750000079473,3056.816666762034,2227.0666666825614,2402.8666664759317,3442.2499998410544,2412.4166667461395,,,
AVSVIOR38JDM6,prim,40-1,40.0,1000.0,26,2219.1666666666665,2427.049999833107,2333.274999976158,2033.6500000953674,2090.733333269755,2965.375,2662.9250000715256,2786.7000000476837,2315.125,2338.7000000476837,2674.299999833107,2550.8000000715256,2494.699999809265,2582.475000023842,4277.225000023842,2558.4000000953674,2162.699999809265,2695.3000000317893,2252.274999976158,1952.0999999046326,2703.25,1999.666666507721,1787.9333333969116,1929.8500000238419,2457.625,,
AVSVIOR38JDM6,prim,40-1,40.0,1000.0,27,2871.7000000476837,2072.899999936422,3196.2999998728433,2321.5333333015446,2286.433333237966,2408.4000000953674,2964.100000063578,2928.766666730245,2774.6666666666665,2895.100000063578,3334.899999856949,2561.2999999523163,2674.2000001271567,2275.7666664123535,1867.800000031789,2271.0,1892.4333333969116,2403.1666668256125,2795.4666668574014,2658.4000000953674,2091.6999999682107,1990.9666666984558,2433.3666667938232,2348.6333333651223,6383.700000047684,2611.0999999046326,
AW0MG225VXWCN,rec,40-1,40.0,1000.0,4,1567.7999999523165,1242.5,13906.300000190737,,,,,,,,,,,,,,,,,,,,,,,,
AW0MG225VXWCN,rec,40-1,40.0,1000.0,5,1298.2999999523165,1234.8999998569489,1881.7999999523165,7794.700000047684,,,,,,,,,,,,,,,,,,,,,,,
AW0MG225VXWCN,rec,40-1,40.0,1000.0,7,2002.2999999523165,834.5,946.2999999523164,8042.899999856949,30858.0,42842.0,,,,,,,,,,,,,,,,,,,,,
AW0MG225VXWCN,rec,40-1,40.0,1000.0,8,1411.9722221692402,1129.3111110793218,1822.2111110157439,3864.8777777618834,8415.49999997351,8696.266666611034,16196.088888963064,,,,,,,,,,,,,,,,,,,,
AW0MG225VXWCN,rec,40-1,40.0,1000.0,9,1646.4249999721844,1271.5416666865349,1326.925000011921,4597.799999932448,4713.283333341281,4304.516666710377,24837.666666600442,14488.47222214275,,,,,,,,,,,,,,,,,,,
AW0MG225VXWCN,rec,40-1,40.0,1000.0,10,1530.949999968211,1104.550000031789,1332.4999998410542,1974.1833332379658,2784.0666666825614,4052.0833331743875,4571.316666603088,14461.69999996821,24827.98333319028,,,,,,,,,,,,,,,,,,
AW0MG225VXWCN,rec,40-1,40.0,1000.0,11,1298.8958333631356,1253.1125000615914,1812.641666650772,1486.8916666607063,2539.054166634877,2338.0500000417233,9245.137499958277,5754.175000011921,7294.791666716337,15725.579166700443,,,,,,,,,,,,,,,,,
AW0MG225VXWCN,rec,40-1,40.0,1000.0,12,1598.5500000715258,1303.1000000238419,1581.9500000476837,1931.1999999284744,2182.7999999523163,1498.1499999761581,4042.5499999523163,7854.850000023842,2266.449999928475,8275.700000047684,16935.10000014305,,,,,,,,,,,,,,,,
AW0MG225VXWCN,rec,40-1,40.0,1000.0,13,1090.4499998092651,1139.8250000476837,1018.5999999046326,1588.5499999523163,1589.1500000953674,3649.9250000715256,2517.950000166893,8919.549999952316,5200.349999904633,21866.400000095367,1254.9499999284744,1892.2500001192093,,,,,,,,,,,,,,,
AW0MG225VXWCN,rec,40-1,40.0,1000.0,14,1499.7374999523163,1366.2500000596046,1314.1500000357628,1695.800000011921,3551.583333174388,2842.8499999046326,5327.687499940395,2871.149999976158,3718.887499988079,7451.799999952317,9579.112499952316,6252.433333396912,14072.537499904633,,,,,,,,,,,,,,
AW0MG225VXWCN,rec,40-1,40.0,1000.0,15,1303.2999999523163,1535.7499998807907,1911.5000001192095,1835.7000001668932,891.8000000715256,1263.4500000476837,1880.5000001192095,1523.9500000476837,1044.1000001430511,18756.25,3596.0,12790.950000166893,8682.800000190735,9447.150000095367,,,,,,,,,,,,,
AW0MG225VXWCN,rec,40-1,40.0,1000.0,16,1511.3499997854235,2127.850000023842,1832.5499999523163,1239.950000166893,1659.8500000238419,1583.1500000953674,3711.7000000476837,1467.3000000715256,1696.3500001430511,3786.2999999523163,1827.5000002384186,7243.849999904633,7931.75,4419.800000190735,3202.899999976158,,,,,,,,,,,,
AW0MG225VXWCN,rec,40-1,40.0,1000.0,17,1706.8000001907349,1234.1999998092651,2034.7000002861023,915.6000003814696,1650.8999996185305,2346.8999996185303,3499.1000003814697,1498.8999996185305,10067.10000038147,1738.5,2531.099999904633,1874.2999997138977,8002.5,819.8999996185303,987.2000002861024,4563.699999809265,,,,,,,,,,,
AW0MG225VXWCN,rec,40-1,40.0,1000.0,18,1434.0999999046326,1499.9000000953674,1795.5,2996.0,2467.4000000953674,834.7999999523163,744.3000001907349,3843.0,2531.4000000953674,1154.7000000476835,1011.5,1748.8000001907349,996.2000000476836,1988.1000001430511,1690.7000000476835,15491.700000047684,6587.900000095367,,,,,,,,,,
AW0MG225VXWCN,rec,40-1,40.0,1000.0,19,1107.3999998569489,1396.1999998092651,1259.5,979.2999999523164,1084.0999999046326,586.7999999523163,740.0999999046326,2459.699999809265,2571.7999999523163,1179.7999999523165,1804.0,3740.0,5819.400000095367,1627.2999999523165,11404.099999904633,4891.699999809265,26490.700000047684,13075.800000190737,,,,,,,,,
AW4PTI9P13WUB,prim,40-1,40.0,1000.0,7,4508.791666860382,7464.32500000298,19010.24999962747,5768.699998855591,4691.799999803305,5976.85000038147,,,,,,,,,,,,,,,,,,,,,
AW4PTI9P13WUB,prim,40-1,40.0,1000.0,8,4388.350000008941,4382.7750000059605,3051.5,5979.266666650772,8615.25,6047.600000023842,6864.799999952316,,,,,,,,,,,,,,,,,,,,
AW4PTI9P13WUB,prim,40-1,40.0,1000.0,9,5534.824999928474,4702.874999970198,3145.3499999791384,4157.250000029802,4305.925000041723,8020.033333351214,5207.011111110449,4526.6666666617,,,,,,,,,,,,,,,,,,,
AW4PTI9P13WUB,prim,40-1,40.0,1000.0,10,3565.4750005677342,4310.20000000298,4125.216666301091,4888.200000762939,4294.375000014901,4986.066666275263,2791.5999998003244,4685.249999992549,5053.050000369549,,,,,,,,,,,,,,,,,,
AW4PTI9P13WUB,prim,40-1,40.0,1000.0,11,5432.60000023577,3294.099999745687,4149.299999922514,5246.912499730786,4989.704166274518,4541.825000204146,4079.783333135148,6763.150000264247,4910.487500367066,5429.899999996026,,,,,,,,,,,,,,,,,
AW4PTI9P13WUB,prim,40-1,40.0,1000.0,12,4451.244444449742,4113.616666654745,5053.499999900659,4524.016666531563,4754.93333319823,4097.183332959811,8601.650000154972,5718.24444456233,5097.183333516121,4987.866666515668,3821.199999988079,,,,,,,,,,,,,,,,
AW4PTI9P13WUB,prim,40-1,40.0,1000.0,13,6165.199998855591,4076.8500003814697,5414.39999961853,4377.750000953674,3559.0,4368.700000762939,4390.800000190735,4857.39999961853,3564.7000007629395,3951.1500005722046,5732.75,2729.5,,,,,,,,,,,,,,,
AW4PTI9P13WUB,prim,40-1,40.0,1000.0,14,4008.7999994307756,3638.1499996185303,3248.4500003904104,5057.116666297118,3096.7999994158745,4009.449999809265,8176.8666666646795,4008.3333335121474,3544.2999998033047,6793.966666618983,4346.199999988079,4045.1333333452544,3241.533333092928,,,,,,,,,,,,,,
AW4PTI9P13WUB,prim,40-1,40.0,1000.0,15,3474.050000011921,4349.149999976158,3762.8166666428247,3570.9666666785874,3818.5999999990067,3953.4000000059605,4059.355555574099,4416.950000017881,3770.255555596617,4353.555555558867,4533.122222224872,4220.41666662693,3284.066666652759,6620.5,,,,,,,,,,,,,
AW4PTI9P13WUB,prim,40-1,40.0,1000.0,16,4223.299999237061,4025.3499994277954,3115.9000005722046,4035.050000190735,3240.5000009536743,2698.5999994277954,7310.799999237061,4236.300001144409,3474.550000190735,3753.199998855591,3507.4000005722046,4699.10000038147,3885.0999994277954,8652.39999961853,7742.299999237061,,,,,,,,,,,,
AW4PTI9P13WUB,prim,40-1,40.0,1000.0,18,4223.199998855591,3918.39999961853,3326.099998474121,4222.400001525879,2906.7999992370605,4868.199998855591,3789.6000003814697,4719.300001144409,4428.799999237061,3236.7000007629395,4765.0,3936.0,5111.10000038147,5279.300001144409,8915.39999961853,3974.39999961853,5982.5,,,,,,,,,,
AXFCUZW85XUK1,ns,40-1,40.0,1000.0,5,4050.0,4215.39999999851,3119.199999999255,2699.5,,,,,,,,,,,,,,,,,,,,,,,
AXFCUZW85XUK1,ns,40-1,40.0,1000.0,7,2015.4000000022352,4056.39999999851,4126.000000001863,3023.349999997765,3363.5,5288.199999999255,,,,,,,,,,,,,,,,,,,,,
AXFCUZW85XUK1,ns,40-1,40.0,1000.0,9,4003.800000000745,3894.60000000149,,,,3604.10000000149,3399.39999999851,7134.0,,,,,,,,,,,,,,,,,,,
AXFCUZW85XUK1,ns,40-1,40.0,1000.0,10,3949.8999999649823,4007.550000000745,1919.2999999523165,3200.199999999255,4502.899999989197,4448.600000023842,2891.300000000745,2235.89999999851,2231.099999904633,,,,,,,,,,,,,,,,,,
AXFCUZW85XUK1,ns,40-1,40.0,1000.0,11,2841.469999999553,3543.3833333272487,4375.712499999907,2610.069999975711,4419.300000005402,5761.449999993667,3383.300000000745,4817.333333333333,2761.4500000122935,3905.7833333450058,,,,,,,,,,,,,,,,,
AXFCUZW85XUK1,ns,40-1,40.0,1000.0,12,2692.0,3233.199999988079,3395.7666666706405,2450.699999988079,3568.5000000298023,,3324.4333333571753,2739.300000011921,6013.600000023842,4889.466666678588,2554.5,,,,,,,,,,,,,,,,
AXFCUZW85XUK1,ns,40-1,40.0,1000.0,13,3414.4999999646093,3298.374999997206,3451.5,3175.066666690012,4597.200000019123,4145.7666667153435,3880.5250000031665,2397.3666666547456,3095.000000016143,10847.5,3459.8499999940395,2976.8333333333335,,,,,,,,,,,,,,,
AXFCUZW85XUK1,ns,40-1,40.0,1000.0,14,2823.100000023842,4423.299999952316,5887.799999952316,6074.399999976158,5380.0,4431.399999976158,,4661.299999952316,5705.700000047684,2323.600000023842,3094.0,,1414.6999999284744,,,,,,,,,,,,,,
AXFCUZW85XUK1,ns,40-1,40.0,1000.0,15,5343.7777777881265,5002.524999976158,3910.0500000297197,3785.18888890081,3579.4666666823127,3325.233333332464,3151.2333332983158,5407.6500000059605,5044.766666680574,3976.949999993667,4607.716666658719,3605.883333311727,3154.5500000081956,3322.3750000298023,,,,,,,,,,,,,
AXFCUZW85XUK1,ns,40-1,40.0,1000.0,16,1711.5,3062.8749999701977,3632.5900000035763,3798.5499999940394,2727.1833332975702,2946.2850000083445,3824.2500000298023,3317.26666667064,5478.316666642824,4216.183333307505,3287.8750000099344,3781.7500000298023,3813.491666674614,3320.5799999833107,3383.6333333651223,,,,,,,,,,,,
AXFCUZW85XUK1,ns,40-1,40.0,1000.0,17,2708.7833333412805,5322.28333329161,3030.683333330684,3778.4249999672174,2838.533333308167,3752.6000000039735,3124.6555555462837,3871.38333333532,4139.600000003974,3663.7833333214126,3272.2500000331142,4493.255555537012,3299.06666665607,3097.399999976158,3891.0666667024293,4467.366666634877,,,,,,,,,,,
AXFCUZW85XUK1,ns,40-1,40.0,1000.0,18,3286.649999976158,2913.9250000417233,3621.100000023842,3588.649999976158,3608.849999964237,2713.4999999403954,3481.949999988079,4217.449999988079,3345.399999976158,3692.5500000417233,5052.700000047684,2967.5499999821186,2536.350000023842,4291.675000011921,3237.0,4042.2500000298023,4232.749999940395,,,,,,,,,,
AXFCUZW85XUK1,ns,40-1,40.0,1000.0,19,4103.399999976158,4574.100000023842,5513.200000047684,2527.3000000715256,,3465.0,4608.5,4196.700000047684,2135.7999999523163,,3047.899999976158,5536.899999976158,3083.700000047684,,5423.100000023842,5115.200000047684,4432.699999928474,2803.5,,,,,,,,,
AXFCUZW85XUK1,ns,40-1,40.0,1000.0,21,2271.2999999523163,,1634.600000023842,,2415.8000000715256,3437.3000000715256,3222.1999999284744,2582.0,1841.6000000238416,2092.200000047684,,1973.2999999523165,,3513.8000000715256,,4953.899999976158,3972.299999952316,,4830.800000071526,3442.0,,,,,,,
AXFCUZW85XUK1,ns,40-1,40.0,1000.0,24,3780.5,3050.2999999523163,3600.3000000715256,2907.0,3025.399999976158,2693.100000023842,,2622.0,2323.200000047684,3340.200000047684,3022.5,3395.6999999284744,3840.099999904633,,2661.100000023842,3573.100000023842,3559.8000000715256,2103.7999999523163,3323.899999976158,2364.9000000953674,993.399999976158,4149.700000047684,4401.300000071526,,,,
AYF9WH3AQIT86,prim,40-1,40.0,1000.0,2,,,,,,,,,,,,,,,,,,,,,,,,,,,
AYF9WH3AQIT86,prim,40-1,40.0,1000.0,3,3091.0749999061227,4097.262500047684,,,,,,,,,,,,,,,,,,,,,,,,,
AYF9WH3AQIT86,prim,40-1,40.0,1000.0,4,4017.846666678455,4401.574999928474,3341.1916666411694,,,,,,,,,,,,,,,,,,,,,,,,
AYF9WH3AQIT86,prim,40-1,40.0,1000.0,5,4120.836666679382,4141.111666645606,3892.891666640838,3486.3333333532014,,,,,,,,,,,,,,,,,,,,,,,
AYF9WH3AQIT86,prim,40-1,40.0,1000.0,6,3586.874999985099,3533.7749999910593,3146.074999973178,7908.325000032782,4316.125000014901,,,,,,,,,,,,,,,,,,,,,,
AYF9WH3AQIT86,prim,40-1,40.0,1000.0,7,3369.3000000715256,,4138.700000047684,2257.6999999284744,3570.600000023842,3626.200000047684,,,,,,,,,,,,,,,,,,,,,
AYF9WH3AQIT86,prim,40-1,40.0,1000.0,8,3414.7000000079474,5327.099999964237,3472.733333349228,3969.3000000317893,3300.466666698456,4081.6666666269302,3160.033333301544,,,,,,,,,,,,,,,,,,,,
AYF9WH3AQIT86,prim,40-1,40.0,1000.0,10,7026.799999713898,3529.599999904633,6810.099999904633,3003.7000002861023,3713.7999997138977,4178.599999904633,8354.099999904633,,5458.800000190735,,,,,,,,,,,,,,,,,,
AYF9WH3AQIT86,prim,40-1,40.0,1000.0,11,4719.900000095367,5859.699999809265,25778.699999809265,11873.200000286102,6969.599999904633,7179.900000095367,5776.900000095367,2610.699999809265,5418.800000190735,6066.10000038147,,,,,,,,,,,,,,,,,
AYF9WH3AQIT86,prim,40-1,40.0,1000.0,12,3392.5,2706.300000190735,3835.1000003814697,3543.099999904633,5601.5,4761.299999713898,2712.5,3250.2000002861023,4370.0,3137.099999904633,2586.300000190735,,,,,,,,,,,,,,,,
AYF9WH3AQIT86,prim,40-1,40.0,1000.0,13,4545.599999904633,3266.0,3994.2000002861023,2586.1000003814697,2257.599999904633,3730.2999997138977,3904.400000095368,3073.2000002861023,3338.0,1689.8000001907349,,6417.5,,,,,,,,,,,,,,,
AYF9WH3AQIT86,prim,40-1,40.0,1000.0,14,,4840.199999809265,4328.800000190735,4562.699999809265,3817.5,6275.700000286102,6841.700000286102,6051.89999961853,4361.300000190735,4018.5,6342.799999713898,7305.099999904633,5682.0,,,,,,,,,,,,,,
AYF9WH3AQIT86,prim,40-1,40.0,1000.0,15,5073.199999809265,2350.699999809265,3863.400000095368,3680.900000095368,4880.800000190735,3925.900000095368,1792.4000000953674,4248.0,5176.400000095367,3223.8999996185303,3671.599999904633,3687.199999809265,4703.39999961853,13903.700000286102,,,,,,,,,,,,,
AYF9WH3AQIT86,prim,40-1,40.0,1000.0,16,4482.550000190735,4049.199999809265,3610.75,3824.7999997138977,3560.5,6264.5,7754.749999761581,5068.049999952316,2296.5000002384186,5117.299999952316,7196.75,4256.299999713898,3716.7999997138977,3073.199999809265,3892.3499999046326,,,,,,,,,,,,
AYF9WH3AQIT86,prim,40-1,40.0,1000.0,17,7777.599999904633,2881.2000002861023,5320.599999904633,3473.699999809265,4072.0,,5323.900000095367,3152.300000190735,4878.099999904633,2456.5,2658.2999997138977,2624.099999904633,3361.1000003814697,3374.5,5521.5,2985.0,,,,,,,,,,,
AYF9WH3AQIT86,prim,40-1,40.0,1000.0,18,2976.8499999046326,3570.800000190735,4952.899999856949,4729.5,6664.500000238419,4312.649999856949,3568.9500000476837,2969.4500002861023,2611.2000002861023,5515.899999856949,2852.350000143051,3252.0499999523163,3341.2000000476837,2753.550000190735,3800.1500000953674,3319.9000000953674,3287.7499997615814,,,,,,,,,,
AYF9WH3AQIT86,prim,40-1,40.0,1000.0,19,5670.300000190735,3583.0,3407.199999809265,8960.800000190735,2510.199999809265,3864.099999904633,3840.7999997138977,2511.8999996185303,5647.900000095367,7655.0,3478.2000002861023,3248.0,3941.699999809265,3366.800000190735,3064.699999809265,3374.7999997138977,4593.800000190735,2302.2999997138977,,,,,,,,,
