subject,strategy,condition,l_length,pres_rate,ncr,total_irt,irt_h1,irt_h2,irt_delta,ncr_bin
A10HW8JXM17XLD,rec,10-2,10.0,2000.0,5,23298.81666668256,3697.633333341529,16334.766666670641,12637.133333329111,2
A10HW8JXM17XLD,rec,10-2,10.0,2000.0,6,33665.92916666708,15169.870833332612,18496.058333334473,3326.1875000018626,3
A10HW8JXM17XLD,rec,10-2,10.0,2000.0,7,33866.33874999955,9150.55374999633,20192.84250000613,11042.288750009797,3
A10HW8JXM17XLD,rec,10-2,10.0,2000.0,8,35443.29999998212,19236.40000000596,16206.899999976158,-3029.5000000298023,4
A12K1ADYMRSWMJ,prim,10-2,10.0,2000.0,4,52357.800000000745,31575.200000001118,20782.599999999627,-10792.60000000149,2
A12K1ADYMRSWMJ,prim,10-2,10.0,2000.0,5,35696.74444401926,5677.394444359674,21092.599999831782,15415.205555472108,2
A12K1ADYMRSWMJ,prim,10-2,10.0,2000.0,6,35379.64166676268,18372.36458333675,17007.27708342594,-1365.0874999108105,3
A12K1ADYMRSWMJ,prim,10-2,10.0,2000.0,7,49892.47500013397,11996.629166772202,30612.616666764876,18615.987499992672,3
A12K1ADYMRSWMJ,prim,10-2,10.0,2000.0,8,46436.09999996284,23631.3874999315,22804.71250003134,-826.6749999001631,4
A12K1ADYMRSWMJ,prim,10-2,10.0,2000.0,9,36554.63333333222,12823.00000000062,17859.599999999005,5036.599999998386,4
A14E4ISXVJVY6F,prim,10-2,10.0,2000.0,6,24336.700001239777,15311.250000953674,9025.450000286102,-6285.800000667572,3
A14E4ISXVJVY6F,prim,10-2,10.0,2000.0,7,29317.416666269302,10395.379166682562,14766.504166483879,4371.124999801317,3
A14E4ISXVJVY6F,prim,10-2,10.0,2000.0,8,29560.450000504654,15929.002083261807,13631.447917242846,-2297.554166018963,4
A14E4ISXVJVY6F,prim,10-2,10.0,2000.0,9,32725.19375048081,12627.239583790302,16607.602083345253,3980.362499554952,4
A14E4ISXVJVY6F,prim,10-2,10.0,2000.0,10,35198.31666700046,19295.685416618984,15902.63125038147,-3393.054166237513,5
A169XTOCOMO1MV,ns,10-2,10.0,2000.0,3,12509.224999997765,0.0,6334.708333337058,6334.708333337058,1
A169XTOCOMO1MV,ns,10-2,10.0,2000.0,4,22686.999999995034,16660.93333332903,6026.066666666004,-10634.866666663025,2
A169XTOCOMO1MV,ns,10-2,10.0,2000.0,5,15112.31875000149,4159.812500001863,7211.962500002235,3052.1500000003725,2
A169XTOCOMO1MV,ns,10-2,10.0,2000.0,6,20229.922916653257,12698.350000000248,7531.572916653007,-5166.7770833472405,3
A169XTOCOMO1MV,ns,10-2,10.0,2000.0,7,19544.34999997914,6351.0999999940395,9515.599999964237,3164.4999999701977,3
A169XTOCOMO1MV,ns,10-2,10.0,2000.0,8,18462.200000047684,9134.800000011921,9327.400000035763,192.60000002384186,4
A18NXRDHQ0ZSOY,ns,10-2,10.0,2000.0,3,26101.39999985695,0.0,1940.5999999046326,1940.5999999046326,1
A18NXRDHQ0ZSOY,ns,10-2,10.0,2000.0,4,18451.80416662494,11402.683333287638,7049.120833337306,-4353.562499950331,2
A18NXRDHQ0ZSOY,ns,10-2,10.0,2000.0,5,24127.099999999005,6342.216666703423,13256.439583311478,6914.222916608056,2
A18NXRDHQ0ZSOY,ns,10-2,10.0,2000.0,6,31284.191249996424,14588.194999964038,16695.996250032385,2107.801250068347,3
A18NXRDHQ0ZSOY,ns,10-2,10.0,2000.0,7,34902.344444672264,9341.844444433847,20191.233333481683,10849.388889047836,3
A18NXRDHQ0ZSOY,ns,10-2,10.0,2000.0,8,33619.10000002384,21417.050000071526,12202.049999952316,-9215.00000011921,4
A18NXRDHQ0ZSOY,ns,10-2,10.0,2000.0,9,34394.333333333336,15562.433333317438,14527.633333365122,-1034.7999999523163,4
A1969Q0R4Y0E3J,rec,10-2,10.0,2000.0,3,6522.0,0.0,4479.0,4479.0,1
A1969Q0R4Y0E3J,rec,10-2,10.0,2000.0,4,10177.333333333334,5106.333333333333,5071.0,-35.333333333333336,2
A1969Q0R4Y0E3J,rec,10-2,10.0,2000.0,5,12789.216666666667,2309.6,6859.516666666666,4549.916666666667,2
A1969Q0R4Y0E3J,rec,10-2,10.0,2000.0,6,13689.070833333333,8068.7458333333325,5620.325,-2448.420833333333,3
A1969Q0R4Y0E3J,rec,10-2,10.0,2000.0,7,17182.633333333335,5635.216666666667,9754.666666666666,4119.45,3
A1AKL5YH9NLD2V,ns,10-2,10.0,2000.0,4,3499.699999999255,2234.5,1265.199999999255,-969.3000000007451,2
A1AKL5YH9NLD2V,ns,10-2,10.0,2000.0,5,16632.70000000205,1884.1000000005588,13474.700000001118,11590.600000000559,2
A1AKL5YH9NLD2V,ns,10-2,10.0,2000.0,6,17949.85000000149,4754.625,13195.22500000149,8440.60000000149,3
A1AKL5YH9NLD2V,ns,10-2,10.0,2000.0,7,20563.466666666012,5437.44999999941,13838.98333333324,8401.533333333831,3
A1AKL5YH9NLD2V,ns,10-2,10.0,2000.0,8,20749.283333333882,8259.772222222811,12489.51111111107,4229.738888888258,4
A1AKL5YH9NLD2V,ns,10-2,10.0,2000.0,9,18752.812499999458,4982.449999999488,12257.404166666558,7274.95416666707,4
A1AKL5YH9NLD2V,ns,10-2,10.0,2000.0,10,15548.416666667055,6548.300000000358,9000.116666666698,2451.8166666663406,5
A1ARWNTZHGFG8Y,prim,10-2,10.0,2000.0,3,22427.277778095668,0.0,12993.844444804721,12993.844444804721,1
A1ARWNTZHGFG8Y,prim,10-2,10.0,2000.0,4,22282.362500031788,14397.316666603088,7885.0458334287005,-6512.270833174388,2
A1ARWNTZHGFG8Y,prim,10-2,10.0,2000.0,5,30996.389583130676,6874.135416527589,17310.110416551433,10435.975000023842,2
A1ARWNTZHGFG8Y,prim,10-2,10.0,2000.0,6,33086.327778339386,18891.26111125946,14195.066667079926,-4696.194444179535,3
A1ARWNTZHGFG8Y,prim,10-2,10.0,2000.0,7,35378.30000114441,11545.700000762938,18503.800000190735,6958.099999427797,3
A1F0R1MSPTXHHV,ns,10-2,10.0,2000.0,3,14671.56041669473,0.0,6061.7104166590925,6061.7104166590925,1
A1F0R1MSPTXHHV,ns,10-2,10.0,2000.0,4,19354.52916670777,13263.785416670766,6090.743750037004,-7173.0416666337605,2
A1F0R1MSPTXHHV,ns,10-2,10.0,2000.0,5,17868.324999690056,3208.774999886751,10795.94999974966,7587.174999862909,2
A1F0R1MSPTXHHV,ns,10-2,10.0,2000.0,6,18273.049999952316,11096.399999856949,7176.650000095367,-3919.7499997615814,3
A1GRPIBHW72HDU,rec,10-2,10.0,2000.0,5,18060.25,1104.5,15197.0,14092.5,2
A1GRPIBHW72HDU,rec,10-2,10.0,2000.0,6,23081.100000000002,7330.45,15750.65,8420.199999999999,3
A1GRPIBHW72HDU,rec,10-2,10.0,2000.0,7,36641.6,3337.3916666666664,31155.258333333335,27817.866666666665,3
A1GRPIBHW72HDU,rec,10-2,10.0,2000.0,8,37497.10416666667,8634.625,28862.479166666668,20227.854166666668,4
A1GRPIBHW72HDU,rec,10-2,10.0,2000.0,9,31421.5,4187.0,25641.0,21454.0,4
A1I9RLJQ0BYN21,prim,10-2,10.0,2000.0,3,15008.149999856949,0.0,11756.949999928474,11756.949999928474,1
A1I9RLJQ0BYN21,prim,10-2,10.0,2000.0,4,10895.087499946356,6691.612499952316,4203.4749999940395,-2488.1374999582767,2
A1I9RLJQ0BYN21,prim,10-2,10.0,2000.0,5,13672.125,3614.275000035763,6595.712499946356,2981.437499910593,2
A1I9RLJQ0BYN21,prim,10-2,10.0,2000.0,6,13902.01666688919,8546.583333492279,5355.433333396912,-3191.1500000953674,3
A1I9RLJQ0BYN21,prim,10-2,10.0,2000.0,7,17452.400000095367,6403.799999952316,8717.799999952316,2314.0,3
A1NG504QI5LI62,prim,10-2,10.0,2000.0,3,22294.0,0.0,4726.0,4726.0,1
A1NG504QI5LI62,prim,10-2,10.0,2000.0,4,11793.0,8199.0,3594.0,-4605.0,2
A1NG504QI5LI62,prim,10-2,10.0,2000.0,5,29597.125,7100.375,17923.75,10823.375,2
A1NG504QI5LI62,prim,10-2,10.0,2000.0,6,32815.222222222226,23685.833333333332,9129.388888888889,-14556.444444444445,3
A1NG504QI5LI62,prim,10-2,10.0,2000.0,7,31165.625,10714.5625,14806.625,4092.0625,3
A1NG504QI5LI62,prim,10-2,10.0,2000.0,8,37273.3,22886.85,14386.45,-8500.4,4
A1NG504QI5LI62,prim,10-2,10.0,2000.0,9,45298.0,20146.5,22346.0,2199.5,4
A1NQ2A0UDW719R,prim,10-2,10.0,2000.0,3,21121.222222222223,0.0,6808.111111111112,6808.111111111112,1
A1NQ2A0UDW719R,prim,10-2,10.0,2000.0,4,23409.225,14695.675,8713.55,-5982.125,2
A1NQ2A0UDW719R,prim,10-2,10.0,2000.0,5,24554.125,6451.375,14061.5,7610.125,2
A1NQ2A0UDW719R,prim,10-2,10.0,2000.0,6,29496.0,11354.5,18141.5,6787.0,3
A1NQ2A0UDW719R,prim,10-2,10.0,2000.0,7,29964.0,15714.0,11293.0,-4421.0,3
A1P00XZZG7EEEM,prim,10-2,10.0,2000.0,3,23909.716666708387,0.0,9109.133333365124,9109.133333365124,1
A1P00XZZG7EEEM,prim,10-2,10.0,2000.0,4,24427.549999922514,14823.849999964235,9603.699999958277,-5220.150000005958,2
A1P00XZZG7EEEM,prim,10-2,10.0,2000.0,5,30739.56666660309,7219.916666636865,19547.066666652758,12327.150000015894,2
A1P00XZZG7EEEM,prim,10-2,10.0,2000.0,6,15332.249999999996,8831.749999999998,6500.499999999998,-2331.25,3
A1RFDB2WUV7QRO,ns,10-2,10.0,2000.0,4,13045.800000009749,7577.86666667182,5467.933333337928,-2109.933333333892,2
A1RFDB2WUV7QRO,ns,10-2,10.0,2000.0,5,20464.237500004936,3635.337500001071,13470.11250000191,9834.775000000838,2
A1RFDB2WUV7QRO,ns,10-2,10.0,2000.0,6,19980.549999997485,8454.424999998882,11526.124999998603,3071.6999999997206,3
A1RFDB2WUV7QRO,ns,10-2,10.0,2000.0,7,16832.5,4291.800000000745,8255.89999999851,3964.099999997765,3
A1V2H0UF94ATWY,ns,10-2,10.0,2000.0,4,16483.916666666668,6566.822222222316,9917.094444444352,3350.272222222036,2
A1V2H0UF94ATWY,ns,10-2,10.0,2000.0,5,19983.312499999778,2956.0291666667713,12385.970833333064,9429.941666666293,2
A1V2H0UF94ATWY,ns,10-2,10.0,2000.0,6,31037.32083333334,9978.766666666508,21058.554166666832,11079.787500000326,3
A1V2H0UF94ATWY,ns,10-2,10.0,2000.0,7,31932.71666666682,5437.21458333347,22665.377083333235,17228.162499999766,3
A1V2H0UF94ATWY,ns,10-2,10.0,2000.0,8,38995.30999999987,12642.509999999776,26352.800000000094,13710.290000000317,4
A1V2H0UF94ATWY,ns,10-2,10.0,2000.0,10,49931.50000000093,10515.300000000745,39416.200000000186,28900.89999999944,5
A1W7T8V97ZPUH0,ns,10-2,10.0,2000.0,3,23845.0,0.0,10604.666666666666,10604.666666666666,1
A1W7T8V97ZPUH0,ns,10-2,10.0,2000.0,4,28806.833333333332,14196.555555555557,14610.277777777776,413.722222222222,2
A1W7T8V97ZPUH0,ns,10-2,10.0,2000.0,5,27714.208333333336,5863.041666666667,11702.375,5839.333333333334,2
A1W7T8V97ZPUH0,ns,10-2,10.0,2000.0,6,31401.666666666664,19968.916666666668,11432.75,-8536.166666666666,3
A1W7T8V97ZPUH0,ns,10-2,10.0,2000.0,7,32487.5,11256.0,15151.875,3895.875,3
A1W7T8V97ZPUH0,ns,10-2,10.0,2000.0,8,32016.5,12909.0,19107.5,6198.5,4
A1W7T8V97ZPUH0,ns,10-2,10.0,2000.0,9,32584.0,11592.0,18102.0,6510.0,4
A1W7T8V97ZPUH0,ns,10-2,10.0,2000.0,10,36441.0,21774.0,14667.0,-7107.0,5
A1WJIRT360P5VB,rec,10-2,10.0,2000.0,4,11804.999999983856,7502.116666654746,4302.883333329111,-3199.2333333256342,2
A1WJIRT360P5VB,rec,10-2,10.0,2000.0,5,14493.599999992177,2944.4499999899417,8383.850000014529,5439.400000024587,2
A1WJIRT360P5VB,rec,10-2,10.0,2000.0,6,17430.38750001043,8492.42083333681,8937.966666673621,445.54583333681023,3
A1WJIRT360P5VB,rec,10-2,10.0,2000.0,7,27432.333333322156,4849.366666660644,20222.39583333892,15373.029166678278,3
A1WJIRT360P5VB,rec,10-2,10.0,2000.0,8,30055.43749999767,14632.549999998882,15422.88749999879,790.3374999999069,4
A1WJIRT360P5VB,rec,10-2,10.0,2000.0,9,30937.599999964237,6356.5,22774.599999964237,16418.099999964237,4
A1WJIRT360P5VB,rec,10-2,10.0,2000.0,10,55107.000000059605,13823.200000047684,41283.80000001192,27460.599999964237,5
A1WPGNK8Y65BV3,ns,10-2,10.0,2000.0,3,11051.300000000745,0.0,5094.60000000149,5094.60000000149,1
A1WPGNK8Y65BV3,ns,10-2,10.0,2000.0,4,13567.52499999851,7528.000000011176,6039.524999987334,-1488.4750000238419,2
A1WPGNK8Y65BV3,ns,10-2,10.0,2000.0,5,15397.258333262987,2476.183333348483,10720.89166657968,8244.7083332312,2
A1WPGNK8Y65BV3,ns,10-2,10.0,2000.0,6,14862.577619037378,7695.554642855882,7167.022976181496,-528.531666674385,3
A1WPGNK8Y65BV3,ns,10-2,10.0,2000.0,7,19609.35833332439,4254.183333329856,12945.566666662693,8691.383333332837,3
A1XMGLCK09Z0DW,ns,10-2,10.0,2000.0,3,15727.0,0.0,14237.0,14237.0,1
A1XMGLCK09Z0DW,ns,10-2,10.0,2000.0,4,9492.0,7577.0,1915.0,-5662.0,2
A1XMGLCK09Z0DW,ns,10-2,10.0,2000.0,5,16912.5,4110.0,9088.0,4978.0,2
A1XMGLCK09Z0DW,ns,10-2,10.0,2000.0,6,19800.0625,9657.625,10142.4375,484.8125,3
A1XMGLCK09Z0DW,ns,10-2,10.0,2000.0,7,24118.083333333332,6535.333333333333,13295.833333333334,6760.5,3
A1XMGLCK09Z0DW,ns,10-2,10.0,2000.0,8,19678.566666666666,8902.15,10776.416666666668,1874.2666666666667,4
A1XMGLCK09Z0DW,ns,10-2,10.0,2000.0,9,20766.625,9899.375,8329.5,-1569.875,4
A1YA2FCN3KEK36,prim,10-2,10.0,2000.0,3,14404.299999892712,0.0,9745.199999988079,9745.199999988079,1
A1YA2FCN3KEK36,prim,10-2,10.0,2000.0,4,20557.225000028808,15656.675000006953,4900.550000021855,-10756.124999985099,2
A1YA2FCN3KEK36,prim,10-2,10.0,2000.0,5,23856.883333414793,7894.8958333606515,10867.633333365122,2972.73750000447,2
A1YA2FCN3KEK36,prim,10-2,10.0,2000.0,6,23300.43749995902,14691.643749982119,8608.793749976903,-6082.850000005215,3
A1YA2FCN3KEK36,prim,10-2,10.0,2000.0,7,30691.53750012318,12156.341666698456,14569.30833343665,2412.9666667381925,3
A1YA2FCN3KEK36,prim,10-2,10.0,2000.0,8,32265.61249994735,19053.549999947347,13212.0625,-5841.487499947349,4
A1YA2FCN3KEK36,prim,10-2,10.0,2000.0,9,38729.875,14448.325000017881,14906.400000035763,458.0750000178823,4
A20GD3EBBTBYY2,rec,10-2,10.0,2000.0,3,26194.25,0.0,12626.5,12626.5,1
A20GD3EBBTBYY2,rec,10-2,10.0,2000.0,4,39312.5,28198.0,11114.5,-17083.5,2
A20GD3EBBTBYY2,rec,10-2,10.0,2000.0,5,32445.770833333336,6081.208333333333,19101.520833333336,13020.3125,2
A20GD3EBBTBYY2,rec,10-2,10.0,2000.0,6,35874.50833333333,23325.991666666665,12548.516666666666,-10777.475,3
A20GD3EBBTBYY2,rec,10-2,10.0,2000.0,7,39738.1875,11555.3125,23001.75,11446.4375,3
A20GD3EBBTBYY2,rec,10-2,10.0,2000.0,8,38496.666666666664,20237.333333333332,18259.333333333332,-1978.0,4
A24BRTWG07T53Z,prim,10-2,10.0,2000.0,3,11613.555555555555,0.0,4404.444444444444,4404.444444444444,1
A24BRTWG07T53Z,prim,10-2,10.0,2000.0,4,17342.0,12188.4375,5153.5625,-7034.875,2
A24BRTWG07T53Z,prim,10-2,10.0,2000.0,5,15774.291666666666,4183.041666666666,8017.395833333333,3834.354166666667,2
A24BRTWG07T53Z,prim,10-2,10.0,2000.0,6,21074.145833333332,11690.416666666666,9383.729166666666,-2306.6875,3
A24BRTWG07T53Z,prim,10-2,10.0,2000.0,7,18558.166666666668,6011.833333333333,9767.5,3755.6666666666665,3
A27QXQ22F9ODSP,prim,10-2,10.0,2000.0,4,32346.166666666668,17845.5,14500.666666666666,-3344.8333333333335,2
A27QXQ22F9ODSP,prim,10-2,10.0,2000.0,5,27972.777777777777,6186.444444444445,13902.77777777778,7716.333333333333,2
A27QXQ22F9ODSP,prim,10-2,10.0,2000.0,6,45053.666666666664,26018.166666666668,19035.5,-6982.666666666667,3
A27QXQ22F9ODSP,prim,10-2,10.0,2000.0,7,40226.525,15647.4,19980.5,4333.1,3
A27QXQ22F9ODSP,prim,10-2,10.0,2000.0,8,46030.416666666664,24155.5,21874.916666666668,-2280.583333333333,4
A27QXQ22F9ODSP,prim,10-2,10.0,2000.0,9,39381.5,13431.5,22290.0,8858.5,4
A27T2Z568L69U1,prim,10-2,10.0,2000.0,3,12476.0,0.0,7198.0,7198.0,1
A27T2Z568L69U1,prim,10-2,10.0,2000.0,4,21624.5,14990.5,6634.0,-8356.5,2
A27T2Z568L69U1,prim,10-2,10.0,2000.0,5,25646.125,6063.625,13950.625,7887.0,2
A27T2Z568L69U1,prim,10-2,10.0,2000.0,6,34001.525,20053.8,13947.725,-6106.075,3
A27T2Z568L69U1,prim,10-2,10.0,2000.0,7,38054.083333333336,13226.333333333334,19215.0,5988.666666666667,3
A27T2Z568L69U1,prim,10-2,10.0,2000.0,8,40274.833333333336,22226.333333333332,18048.5,-4177.833333333334,4
A27T2Z568L69U1,prim,10-2,10.0,2000.0,9,49422.5,20488.5,21909.5,1421.0,4
A282UM3NAIM0YO,ns,10-2,10.0,2000.0,3,14372.333333333334,0.0,6417.166666666667,6417.166666666667,1
A282UM3NAIM0YO,ns,10-2,10.0,2000.0,4,22177.55555555556,15885.0,6292.555555555556,-9592.444444444443,2
A282UM3NAIM0YO,ns,10-2,10.0,2000.0,5,29746.833333333332,5216.0,19372.833333333332,14156.833333333334,2
A282UM3NAIM0YO,ns,10-2,10.0,2000.0,6,27635.916666666668,14791.916666666668,12844.0,-1947.9166666666665,3
A282UM3NAIM0YO,ns,10-2,10.0,2000.0,7,35396.4375,11831.4375,18336.125,6504.6875,3
A282UM3NAIM0YO,ns,10-2,10.0,2000.0,8,35042.555555555555,17377.444444444445,17665.111111111113,287.6666666666667,4
A282UM3NAIM0YO,ns,10-2,10.0,2000.0,9,32553.0,10411.75,17615.5,7203.75,4
A2BREH6STESM0G,rec,10-2,10.0,2000.0,3,10523.320000058879,0.0,5051.71750001586,5051.71750001586,1
A2BREH6STESM0G,rec,10-2,10.0,2000.0,4,16253.67500001681,7749.750000002445,8503.925000014366,754.1750000119209,2
A2BREH6STESM0G,rec,10-2,10.0,2000.0,5,18140.70625004996,4637.775000025344,9751.87500002759,5114.100000002247,2
A2BREH6STESM0G,rec,10-2,10.0,2000.0,6,15863.724999956787,10489.949999988079,5373.774999968708,-5116.1750000193715,3
A2BREH6STESM0G,rec,10-2,10.0,2000.0,7,20950.825000047684,7842.774999991059,10426.100000046194,2583.3250000551343,3
A2FLBMZ38IZ2SQ,prim,10-2,10.0,2000.0,4,15229.900000095367,9167.949999809265,6061.950000286102,-3105.999999523163,2
A2FLBMZ38IZ2SQ,prim,10-2,10.0,2000.0,5,34658.716667334236,5853.5,23767.38333384196,17913.88333384196,2
A2FLBMZ38IZ2SQ,prim,10-2,10.0,2000.0,6,34746.78499941826,20636.66999950409,14110.114999914169,-6526.55499958992,3
A2FLBMZ38IZ2SQ,prim,10-2,10.0,2000.0,7,37040.11666695277,13208.720833301544,17759.42916683356,4550.708333532015,3
A2FLBMZ38IZ2SQ,prim,10-2,10.0,2000.0,8,41820.769999217984,23455.887499403954,18364.882499814034,-5091.00499958992,4
A2FLBMZ38IZ2SQ,prim,10-2,10.0,2000.0,9,42354.45000016689,15035.125000238419,21312.012500047684,6276.887499809265,4
A2FLBMZ38IZ2SQ,prim,10-2,10.0,2000.0,10,53724.80000040266,26798.894444995458,26925.905555407207,127.01111041174984,5
A2FM1N5AOMVTGL,prim,10-2,10.0,2000.0,3,23558.300000190735,0.0,13497.166666984558,13497.166666984558,1
A2FM1N5AOMVTGL,prim,10-2,10.0,2000.0,4,25483.025000452995,20259.550000429153,5223.475000023842,-15036.075000405312,2
A2FM1N5AOMVTGL,prim,10-2,10.0,2000.0,5,24150.64999981721,6675.62499966224,11122.654166817665,4447.029167155425,2
A2FM1N5AOMVTGL,prim,10-2,10.0,2000.0,6,35746.76666696866,19283.59583336115,16463.170833607513,-2820.4249997536344,3
A2FM1N5AOMVTGL,prim,10-2,10.0,2000.0,7,30585.19374963641,10676.86249986291,14121.656249821186,3444.7937499582767,3
A2FM1N5AOMVTGL,prim,10-2,10.0,2000.0,8,25777.075000127155,13145.916666706404,12631.158333420753,-514.7583332856497,4
A2FM1N5AOMVTGL,prim,10-2,10.0,2000.0,9,20900.000000476837,8715.89999961853,10358.400000572205,1642.5000009536743,4
A2FYFCD16Z3PCC,rec,10-2,10.0,2000.0,3,4913.300000000745,0.0,3508.60000000149,3508.60000000149,1
A2FYFCD16Z3PCC,rec,10-2,10.0,2000.0,5,13735.199999999255,6605.699999999255,5765.0,-840.6999999992549,2
A2FYFCD16Z3PCC,rec,10-2,10.0,2000.0,7,12375.600000023842,3200.600000023842,6985.9000000059605,3785.2999999821186,3
A2FYFCD16Z3PCC,rec,10-2,10.0,2000.0,8,22244.02499999649,10819.454166661017,11424.570833335476,605.1166666744588,4
A2FYFCD16Z3PCC,rec,10-2,10.0,2000.0,9,21145.40208333386,6356.416666663298,12059.065000003468,5702.648333340169,4
A2FYFCD16Z3PCC,rec,10-2,10.0,2000.0,10,20990.0749999946,8884.204166664742,12105.870833329856,3221.6666666651145,5
A2H8PEGI28NKZD,ns,10-2,10.0,2000.0,3,5405.0,0.0,3474.2000000001863,3474.2000000001863,1
A2H8PEGI28NKZD,ns,10-2,10.0,2000.0,4,8243.93749999971,5229.416666666269,3014.5208333334426,-2214.8958333328264,2
A2H8PEGI28NKZD,ns,10-2,10.0,2000.0,5,15434.34444444434,1808.5222222223465,10037.655555555377,8229.133333333031,2
A2H8PEGI28NKZD,ns,10-2,10.0,2000.0,6,17044.377083332976,9149.956249999947,7894.420833333029,-1255.5354166669176,3
A2H8PEGI28NKZD,ns,10-2,10.0,2000.0,7,19833.967500000024,5376.587500000174,11083.427499999747,5706.839999999572,3
A2H8PEGI28NKZD,ns,10-2,10.0,2000.0,8,23562.0,10966.449999999877,12595.550000000123,1629.1000000002484,4
A2H8PEGI28NKZD,ns,10-2,10.0,2000.0,10,28973.799999999814,12984.800000000745,15988.999999999069,3004.1999999983236,5
A2I6ZALE49CVSC,prim,10-2,10.0,2000.0,4,18646.88749999972,10493.668750000652,8153.218749999069,-2340.4500000015832,2
A2I6ZALE49CVSC,prim,10-2,10.0,2000.0,5,16630.868333334132,3435.5733333325325,9414.63500000043,5979.061666667896,2
A2I6ZALE49CVSC,prim,10-2,10.0,2000.0,6,19548.280000000686,9648.274166668098,9900.00583333259,251.73166666449197,3
A2I6ZALE49CVSC,prim,10-2,10.0,2000.0,7,20969.549999999814,7402.799999999814,10997.299999998882,3594.4999999990687,3
A2I6ZALE49CVSC,prim,10-2,10.0,2000.0,8,19442.000000001863,12832.10000000149,6609.9000000003725,-6222.200000001118,4
A2KPEUCEE2M05G,prim,10-2,10.0,2000.0,4,19519.299999952316,10244.449999958277,9274.84999999404,-969.5999999642372,2
A2KPEUCEE2M05G,prim,10-2,10.0,2000.0,5,16677.714999984204,2760.605000001192,10185.029999998213,7424.42499999702,2
A2KPEUCEE2M05G,prim,10-2,10.0,2000.0,6,16434.291666659712,8724.729999995729,7709.561666663984,-1015.1683333317438,3
A2KPEUCEE2M05G,prim,10-2,10.0,2000.0,7,22232.14999999106,5116.549999982119,12987.14999999106,7870.600000008941,3
A2KPEUCEE2M05G,prim,10-2,10.0,2000.0,8,24970.699999958277,15283.199999988079,9687.499999970198,-5595.700000017881,4
A2LJ1FRUYGW469,ns,10-2,10.0,2000.0,4,31324.249999523163,13995.64999961853,17328.599999904633,3332.950000286103,2
A2LJ1FRUYGW469,ns,10-2,10.0,2000.0,5,32280.0,13014.39999961853,13766.75,752.3500003814697,2
A2LJ1FRUYGW469,ns,10-2,10.0,2000.0,6,32974.08333312658,18504.166666682497,14469.91666644408,-4034.2500002384186,3
A2LJ1FRUYGW469,ns,10-2,10.0,2000.0,7,40671.86111081971,16930.24722192023,17625.41388906373,695.1666671435038,3
A2LJ1FRUYGW469,ns,10-2,10.0,2000.0,8,38770.90249993827,21700.45749973089,17070.44500020738,-4630.012499523512,4
A2LJ1FRUYGW469,ns,10-2,10.0,2000.0,9,46556.34166733455,16336.90833357225,26200.191667143255,9863.283333571006,4
A2M183CETUMR96,rec,10-2,10.0,2000.0,3,6062.0999999996275,0.0,4392.39999999851,4392.39999999851,1
A2M183CETUMR96,rec,10-2,10.0,2000.0,4,19744.900000000373,9448.800000000745,10296.099999999627,847.2999999988824,2
A2M183CETUMR96,rec,10-2,10.0,2000.0,5,16195.63333333501,2666.8666666665426,11062.300000001365,8395.433333334824,2
A2M183CETUMR96,rec,10-2,10.0,2000.0,6,21269.74166666732,11147.408333335226,10122.333333332092,-1025.0750000031355,3
A2M183CETUMR96,rec,10-2,10.0,2000.0,7,28787.722222221808,6640.9777777766185,20066.844444445025,13425.866666668406,3
A2M183CETUMR96,rec,10-2,10.0,2000.0,8,36255.77999999825,13125.282142856704,23130.49785714155,10005.215714284845,4
A2M183CETUMR96,rec,10-2,10.0,2000.0,9,33726.64999999944,6217.75,22925.099999999627,16707.349999999627,4
A2M183CETUMR96,rec,10-2,10.0,2000.0,10,50795.900000002235,23578.00000000093,27217.900000001304,3639.9000000003725,5
A2MUOD1JHWJ735,ns,10-2,10.0,2000.0,4,8299.599999904633,5811.900000095367,2487.699999809265,-3324.2000002861023,2
A2MUOD1JHWJ735,ns,10-2,10.0,2000.0,6,17982.749999284744,9444.699999570847,8538.049999713898,-906.6499998569489,3
A2MUOD1JHWJ735,ns,10-2,10.0,2000.0,7,23159.26666654812,6819.905555519792,12921.744444371927,6101.838888852132,3
A2MUOD1JHWJ735,ns,10-2,10.0,2000.0,8,34291.99999996358,13927.699999983111,20364.299999980463,6436.599999997351,4
A2MUOD1JHWJ735,ns,10-2,10.0,2000.0,9,31354.69374992326,6174.539583244671,21209.22291667263,15034.683333427954,4
A2MUOD1JHWJ735,ns,10-2,10.0,2000.0,10,30139.71111119456,10119.188888986906,20020.52222220765,9901.333333220748,5
A2NXMRPHG86N2T,ns,10-2,10.0,2000.0,4,9041.399999991063,6111.500000000001,2929.899999991061,-3181.60000000894,2
A2NXMRPHG86N2T,ns,10-2,10.0,2000.0,5,23297.550000002917,3704.7000000017383,16141.533333332898,12436.83333333116,2
A2NXMRPHG86N2T,ns,10-2,10.0,2000.0,6,29604.949999996305,11314.216666664151,18290.73333333215,6976.516666668002,3
A2NXMRPHG86N2T,ns,10-2,10.0,2000.0,7,28245.37958333587,7426.999999999976,17473.391666667994,10046.391666668018,3
A2NXMRPHG86N2T,ns,10-2,10.0,2000.0,8,28930.80000000245,12417.958333339904,16512.84166666255,4094.8833333226444,4
A2NXMRPHG86N2T,ns,10-2,10.0,2000.0,9,26051.19999998808,8310.09999999404,14869.699999988079,6559.5999999940395,4
A2PQDK3MLDFXYM,rec,10-2,10.0,2000.0,4,4471.199999988079,3077.2999999821186,1393.9000000059605,-1683.3999999761581,2
A2PQDK3MLDFXYM,rec,10-2,10.0,2000.0,5,26714.100000023842,2417.5999999940395,22846.400000035763,20428.800000041723,2
A2PQDK3MLDFXYM,rec,10-2,10.0,2000.0,6,14735.78749999497,5728.712499955669,9007.075000039302,3278.3625000836328,3
A2PQDK3MLDFXYM,rec,10-2,10.0,2000.0,7,29765.51916655687,4213.443333265372,23236.945833335816,19023.502500070445,3
A2PQDK3MLDFXYM,rec,10-2,10.0,2000.0,8,19827.91666671851,8882.316666686287,10945.600000032224,2063.2833333459375,4
A2PQDK3MLDFXYM,rec,10-2,10.0,2000.0,9,31612.737499997333,5742.37083331154,20774.304166665923,15031.93333335438,4
A2PQDK3MLDFXYM,rec,10-2,10.0,2000.0,10,27473.76250005793,7841.393750021234,19632.368750036694,11790.97500001546,5
A2QRJKXTK4JDD8,ns,10-2,10.0,2000.0,3,26183.0,0.0,17144.5,17144.5,1
A2QRJKXTK4JDD8,ns,10-2,10.0,2000.0,4,20885.125,15398.875,5486.25,-9912.625,2
A2QRJKXTK4JDD8,ns,10-2,10.0,2000.0,5,38697.833333333336,8178.972222222222,18252.222222222223,10073.25,2
A2QRJKXTK4JDD8,ns,10-2,10.0,2000.0,6,34908.75,23197.416666666668,11711.333333333334,-11486.083333333334,3
A2QRJKXTK4JDD8,ns,10-2,10.0,2000.0,7,41631.8125,15853.020833333334,20291.375,4438.354166666667,3
A2QRJKXTK4JDD8,ns,10-2,10.0,2000.0,8,50320.0,27550.0,22770.0,-4780.0,4
A2QRJKXTK4JDD8,ns,10-2,10.0,2000.0,9,44802.0,21354.0,19457.0,-1897.0,4
A2QRJKXTK4JDD8,ns,10-2,10.0,2000.0,10,38145.0,20573.0,17572.0,-3001.0,5
A2R970Q1Q2A6DJ,prim,10-2,10.0,2000.0,3,17048.66874999553,0.0,7364.0687499940395,7364.0687499940395,1
A2R970Q1Q2A6DJ,prim,10-2,10.0,2000.0,4,23250.339166733127,13938.513333346942,9311.825833386183,-4626.687499960761,2
A2R970Q1Q2A6DJ,prim,10-2,10.0,2000.0,5,27514.750000145705,5313.261111150186,12690.550000048346,7377.288888898161,2
A2R970Q1Q2A6DJ,prim,10-2,10.0,2000.0,6,32895.35000010332,22551.266666695476,10344.08333340784,-12207.183333287636,3
A2R970Q1Q2A6DJ,prim,10-2,10.0,2000.0,7,29225.499999940395,10673.449999928474,11933.749999940395,1260.300000011921,3
A2VIKZ73Y5ABHM,ns,10-2,10.0,2000.0,4,9548.0,7699.0,1849.0,-5850.0,2
A2VIKZ73Y5ABHM,ns,10-2,10.0,2000.0,6,20505.0,10033.375,10471.625,438.25,3
A2VIKZ73Y5ABHM,ns,10-2,10.0,2000.0,7,20764.683333333334,7070.15,11266.783333333333,4196.633333333333,3
A2VIKZ73Y5ABHM,ns,10-2,10.0,2000.0,8,17648.1875,10718.9375,6929.25,-3789.6875,4
A2VIKZ73Y5ABHM,ns,10-2,10.0,2000.0,9,23065.525,10132.9375,10221.1625,88.22499999999991,4
A2VIKZ73Y5ABHM,ns,10-2,10.0,2000.0,10,20923.333333333332,10759.0,10164.333333333334,-594.6666666666666,5
A2WYZLG8J526TQ,prim,10-2,10.0,2000.0,4,21975.0,7676.0,14299.0,6623.0,2
A2WYZLG8J526TQ,prim,10-2,10.0,2000.0,5,25272.0,2966.0,12426.0,9460.0,2
A2WYZLG8J526TQ,prim,10-2,10.0,2000.0,6,36598.333333333336,25574.666666666668,11023.666666666666,-14551.0,3
A2WYZLG8J526TQ,prim,10-2,10.0,2000.0,7,27656.7,8384.1,15420.6,7036.5,3
A2WYZLG8J526TQ,prim,10-2,10.0,2000.0,8,31922.0,14506.5,17415.5,2909.0,4
A2WYZLG8J526TQ,prim,10-2,10.0,2000.0,9,42562.5,12853.0,21892.5,9039.5,4
A33X52IN60MSOE,rec,10-2,10.0,2000.0,4,24366.989999996127,10294.089999999105,14072.89999999702,3778.809999997914,2
A33X52IN60MSOE,rec,10-2,10.0,2000.0,5,40869.541666671634,7555.5333333313465,24126.749999997515,16571.216666666172,2
A33X52IN60MSOE,rec,10-2,10.0,2000.0,6,42043.230000005664,16666.83000000417,25376.40000000149,8709.569999997319,3
A33X52IN60MSOE,rec,10-2,10.0,2000.0,7,25065.90000002086,3385.0000000000005,19211.80000001192,15826.800000011921,3
A33X52IN60MSOE,rec,10-2,10.0,2000.0,8,46290.80000000447,14216.649999983609,32074.15000002086,17857.500000037253,4
A348NEQKS6VNIB,rec,10-2,10.0,2000.0,3,41040.5,0.0,25262.099999964237,25262.099999964237,1
A348NEQKS6VNIB,rec,10-2,10.0,2000.0,4,25381.233333354194,16337.225000011424,9044.00833334277,-7293.2166666686535,2
A348NEQKS6VNIB,rec,10-2,10.0,2000.0,5,20447.23333332936,3172.616666674614,12816.116666659713,9643.499999985099,2
A348NEQKS6VNIB,rec,10-2,10.0,2000.0,6,32308.06666661799,14944.566666642824,17363.499999975164,2418.9333333323398,3
A348NEQKS6VNIB,rec,10-2,10.0,2000.0,7,35713.320833330356,10025.789583338425,20309.254166649655,10283.46458331123,3
A348NEQKS6VNIB,rec,10-2,10.0,2000.0,8,51142.70416665822,18927.329166658223,32215.375,13288.045833341777,4
A348NEQKS6VNIB,rec,10-2,10.0,2000.0,9,67560.69999998808,14669.599999904634,36994.000000059605,22324.400000154972,4
A349BBTU7L597J,ns,10-2,10.0,2000.0,3,17403.388333343715,0.0,9509.697500004495,9509.697500004495,1
A349BBTU7L597J,ns,10-2,10.0,2000.0,4,25119.450000012916,19676.72222220732,5442.727777805593,-14233.99444440173,2
A349BBTU7L597J,ns,10-2,10.0,2000.0,5,28470.350000321865,9116.45000000298,14047.850000321865,4931.400000318885,2
A349BBTU7L597J,ns,10-2,10.0,2000.0,6,54754.2000002861,30212.499999523163,24541.70000076294,-5670.799998760223,3
A3C8JI69WPTKWH,rec,10-2,10.0,2000.0,7,28527.649999916553,4551.849999934435,20781.34999997914,16229.500000044703,3
A3C8JI69WPTKWH,rec,10-2,10.0,2000.0,8,22189.195833270747,8894.470833294094,13294.724999976654,4400.254166682561,4
A3C8JI69WPTKWH,rec,10-2,10.0,2000.0,9,21093.614583279938,5483.247916662444,13437.43333328267,7954.185416620225,4
A3C8JI69WPTKWH,rec,10-2,10.0,2000.0,10,25088.775000029553,9909.295833354196,15179.479166675359,5270.183333321163,5
A3CE7DTHIB76UK,ns,10-2,10.0,2000.0,3,28066.91666671137,0.0,12919.600000003973,12919.600000003973,1
A3CE7DTHIB76UK,ns,10-2,10.0,2000.0,4,28418.133333330352,15095.70000000298,13322.433333327372,-1773.2666666756077,2
A3CE7DTHIB76UK,ns,10-2,10.0,2000.0,5,30911.770833372757,7878.797916692993,15928.677083336748,8049.879166643756,2
A3CE7DTHIB76UK,ns,10-2,10.0,2000.0,6,36280.30416664419,19780.370833310608,16499.93333333358,-3280.437499977027,3
A3CE7DTHIB76UK,ns,10-2,10.0,2000.0,7,37523.1250000149,10967.641666680574,19688.38333332911,8720.741666648537,3
A3CE7DTHIB76UK,ns,10-2,10.0,2000.0,8,47118.65000009537,26113.400000035763,21005.250000059605,-5108.149999976158,4
A3G55RJTW3BSGM,ns,10-2,10.0,2000.0,3,1989.2999999523167,0.0,922.5,922.5,1
A3G55RJTW3BSGM,ns,10-2,10.0,2000.0,4,5275.262500196695,2671.422916854421,2603.839583342274,-67.58333351214719,2
A3G55RJTW3BSGM,ns,10-2,10.0,2000.0,5,7092.261071386508,1341.4621428796222,4564.76107136522,3223.2989284855976,2
A3G55RJTW3BSGM,ns,10-2,10.0,2000.0,6,13882.93708354632,4409.027916896343,9473.909166649977,5064.881249753635,3
A3G55RJTW3BSGM,ns,10-2,10.0,2000.0,7,10323.900000333786,1978.7250001430511,6753.075000166893,4774.350000023842,3
A3GC5Q5CLI4NWZ,prim,10-2,10.0,2000.0,6,51865.0,33285.0,18580.0,-14705.0,3
A3GC5Q5CLI4NWZ,prim,10-2,10.0,2000.0,7,36576.725,11362.1,20883.25,9521.15,3
A3GC5Q5CLI4NWZ,prim,10-2,10.0,2000.0,8,44956.416666666664,27504.95,17451.466666666667,-10053.483333333334,4
A3GC5Q5CLI4NWZ,prim,10-2,10.0,2000.0,9,43381.0,14562.791666666666,23620.375,9057.583333333334,4
A3GC5Q5CLI4NWZ,prim,10-2,10.0,2000.0,10,39303.375,19394.75,19908.625,513.8750000000001,5
A3J55BJGV95JKH,ns,10-2,10.0,2000.0,3,20690.300000190735,0.0,16191.300000190735,16191.300000190735,1
A3J55BJGV95JKH,ns,10-2,10.0,2000.0,4,16902.799999952316,8755.616666674614,8147.183333277702,-608.4333333969116,2
A3J55BJGV95JKH,ns,10-2,10.0,2000.0,5,17058.59249996841,3357.089166650176,9943.919999972979,6586.830833322803,2
A3J55BJGV95JKH,ns,10-2,10.0,2000.0,6,21386.45416661228,12029.908333297819,9356.54583331446,-2673.3624999833605,3
A3J55BJGV95JKH,ns,10-2,10.0,2000.0,7,24779.100000023842,7108.0,14238.400000095367,7130.400000095367,3
A3MJQ51KN9CMQ4,prim,10-2,10.0,2000.0,3,22402.0,0.0,6733.5,6733.5,1
A3MJQ51KN9CMQ4,prim,10-2,10.0,2000.0,4,32268.5,25473.75,6794.75,-18679.0,2
A3MJQ51KN9CMQ4,prim,10-2,10.0,2000.0,5,35428.5625,12210.375,18283.5,6073.125,2
A3MJQ51KN9CMQ4,prim,10-2,10.0,2000.0,6,32374.958333333332,16181.291666666666,16193.666666666668,12.375,3
A3MJQ51KN9CMQ4,prim,10-2,10.0,2000.0,7,36822.27777777778,6374.666666666667,24590.05555555556,18215.38888888889,3
A3MJQ51KN9CMQ4,prim,10-2,10.0,2000.0,8,43543.63333333333,19436.5,24107.13333333333,4670.633333333333,4
A3MJQ51KN9CMQ4,prim,10-2,10.0,2000.0,9,66790.0,22263.0,38564.0,16301.0,4
A3MOL1L9V4BUGH,ns,10-2,10.0,2000.0,3,26101.066666722298,0.0,19710.566666841507,19710.566666841507,1
A3MOL1L9V4BUGH,ns,10-2,10.0,2000.0,4,18845.43333329757,13669.466666678587,5175.9666666189805,-8493.500000059606,2
A3MOL1L9V4BUGH,ns,10-2,10.0,2000.0,5,18417.880000033972,4257.2266667604445,8318.613333281379,4061.3866665209334,2
A3MOL1L9V4BUGH,ns,10-2,10.0,2000.0,6,24686.458333391074,11399.12500002856,13287.333333362514,1888.2083333339542,3
A3MOL1L9V4BUGH,ns,10-2,10.0,2000.0,7,32310.833928616452,10245.798214308918,16613.54464286832,6367.7464285594015,3
A3MOL1L9V4BUGH,ns,10-2,10.0,2000.0,8,29037.599999897182,15561.54999992624,13476.049999970943,-2085.4999999552965,4
A3MOL1L9V4BUGH,ns,10-2,10.0,2000.0,9,36719.81999976337,11859.959999904037,20690.829999882728,8830.869999978691,4
A3MOL1L9V4BUGH,ns,10-2,10.0,2000.0,10,43339.100000005215,21365.10000000149,21974.000000003725,608.9000000022352,5
A3NAONPCTVT6P1,ns,10-2,10.0,2000.0,3,8679.299999982119,0.0,3242.5,3242.5,1
A3NAONPCTVT6P1,ns,10-2,10.0,2000.0,4,10239.699999988079,5437.0999999940395,4802.5999999940395,-634.5,2
A3NAONPCTVT6P1,ns,10-2,10.0,2000.0,5,36815.500000039734,9420.650000015894,18853.96666670839,9433.316666692495,2
A3NAONPCTVT6P1,ns,10-2,10.0,2000.0,6,28273.935416656237,15506.041666677842,12767.893749978393,-2738.147916699449,3
A3NAONPCTVT6P1,ns,10-2,10.0,2000.0,7,26747.17500001813,8933.202083319426,13430.002083354939,4496.800000035514,3
A3NAONPCTVT6P1,ns,10-2,10.0,2000.0,8,27669.333333426053,17998.011111173368,9671.322222252687,-8326.68888892068,4
A3NAONPCTVT6P1,ns,10-2,10.0,2000.0,9,32299.10000014305,11826.300000190735,14401.899999976158,2575.5999997854233,4
A3PJY7THMUIR4M,ns,10-2,10.0,2000.0,3,17474.75,0.0,12063.25,12063.25,1
A3PJY7THMUIR4M,ns,10-2,10.0,2000.0,4,15926.88888888889,9774.27777777778,6152.611111111112,-3621.6666666666665,2
A3PJY7THMUIR4M,ns,10-2,10.0,2000.0,5,21552.166666666668,5162.333333333333,12708.666666666666,7546.333333333333,2
A3PJY7THMUIR4M,ns,10-2,10.0,2000.0,6,14792.666666666666,7169.0,7623.666666666667,454.6666666666667,3
A3PJY7THMUIR4M,ns,10-2,10.0,2000.0,7,25983.72222222222,10555.944444444443,13013.11111111111,2457.1666666666665,3
A3PJY7THMUIR4M,ns,10-2,10.0,2000.0,8,14610.0,6090.0,8520.0,2430.0,4
A3VV3MW68CALXS,prim,10-2,10.0,2000.0,3,19409.222222222223,0.0,8630.444444444443,8630.444444444443,1
A3VV3MW68CALXS,prim,10-2,10.0,2000.0,4,32754.458333333336,21307.0,11447.458333333334,-9859.541666666666,2
A3VV3MW68CALXS,prim,10-2,10.0,2000.0,5,42393.025,6999.85,17154.1,10154.25,2
A3VV3MW68CALXS,prim,10-2,10.0,2000.0,6,40114.77777777778,25032.666666666668,15082.111111111111,-9950.555555555555,3
A3VV3MW68CALXS,prim,10-2,10.0,2000.0,7,37983.0,18207.0,13029.0,-5178.0,3
A3VV3MW68CALXS,prim,10-2,10.0,2000.0,8,39561.0,17069.0,22492.0,5423.0,4
A489K1IFOM4JW,prim,10-2,10.0,2000.0,4,19995.0,14363.0,5632.0,-8731.0,2
A489K1IFOM4JW,prim,10-2,10.0,2000.0,5,21689.925,4026.675,11505.15,7478.475,2
A489K1IFOM4JW,prim,10-2,10.0,2000.0,6,24327.650793650795,14960.555555555555,9367.095238095239,-5593.460317460317,3
A489K1IFOM4JW,prim,10-2,10.0,2000.0,7,28305.25,8946.75,15008.583333333334,6061.833333333333,3
A489K1IFOM4JW,prim,10-2,10.0,2000.0,8,28956.0625,16763.5625,12192.5,-4571.0625,4
A489K1IFOM4JW,prim,10-2,10.0,2000.0,9,31300.0,12912.0,14712.0,1800.0,4
A49HPQ9P5AHU4,ns,10-2,10.0,2000.0,4,8163.100000023842,4862.600000023842,3300.5,-1562.1000000238419,2
A49HPQ9P5AHU4,ns,10-2,10.0,2000.0,5,10932.600000083447,4219.75,4019.9500000476837,-199.79999995231628,2
A49HPQ9P5AHU4,ns,10-2,10.0,2000.0,6,15642.249999920528,8195.533333321413,7446.716666599115,-748.8166667222977,3
A49HPQ9P5AHU4,ns,10-2,10.0,2000.0,7,13724.424999962252,4006.9416666328907,7613.241666684547,3606.3000000516577,3
A49HPQ9P5AHU4,ns,10-2,10.0,2000.0,8,15487.430000001192,9300.760000002385,6186.669999998808,-3114.0900000035763,4
A49HPQ9P5AHU4,ns,10-2,10.0,2000.0,9,17537.325000047684,6634.450000017881,9072.725000023842,2438.2750000059605,4
A49HPQ9P5AHU4,ns,10-2,10.0,2000.0,10,16965.49999976158,9995.599999785423,6969.899999976158,-3025.699999809265,5
A55MEA9LQASZH,rec,10-2,10.0,2000.0,3,40514.150000333786,0.0,34252.35000014305,34252.35000014305,1
A55MEA9LQASZH,rec,10-2,10.0,2000.0,4,35467.500000062086,23641.572222285802,11825.927777776285,-11815.644444509511,2
A55MEA9LQASZH,rec,10-2,10.0,2000.0,5,40715.494444424905,8929.349999965894,22712.672222392426,13783.322222426534,2
A55MEA9LQASZH,rec,10-2,10.0,2000.0,6,30820.837499890476,18142.587499989197,12678.24999990128,-5464.337500087917,3
A55MEA9LQASZH,rec,10-2,10.0,2000.0,7,43016.89166684821,11576.79375003775,23982.51666695997,12405.722916922221,3
A55MEA9LQASZH,rec,10-2,10.0,2000.0,8,34872.65000016615,20231.77499999851,14640.875000167638,-5590.899999830872,4
A55MEA9LQASZH,rec,10-2,10.0,2000.0,9,42192.49999984105,18671.43333339691,18951.583333094917,280.14999969800306,4
A5P12YJP805RG,ns,10-2,10.0,2000.0,3,4322.599999944368,0.0,2847.649999976158,2847.649999976158,1
A5P12YJP805RG,ns,10-2,10.0,2000.0,4,8046.7944444153045,3571.3388888637223,4475.455555551582,904.1166666878594,2
A5P12YJP805RG,ns,10-2,10.0,2000.0,5,12323.953333379824,1645.8316666662693,8947.408333381016,7301.576666714748,2
A5P12YJP805RG,ns,10-2,10.0,2000.0,6,11850.260416595886,5195.9020833012955,6654.35833329459,1458.4562499932945,3
A5P12YJP805RG,ns,10-2,10.0,2000.0,7,13349.283332983652,3101.6999999284744,8180.966666380565,5079.26666645209,3
A5TWD5QD99GZY,rec,10-2,10.0,2000.0,5,19605.69999998808,1515.6999999880786,16894.09999999404,15378.40000000596,2
A5TWD5QD99GZY,rec,10-2,10.0,2000.0,6,10252.20000000298,6421.449999988079,3830.750000014901,-2590.699999973178,3
A5TWD5QD99GZY,rec,10-2,10.0,2000.0,7,12950.399999996027,3593.9333333174386,7438.466666688521,3844.533333371083,3
A5TWD5QD99GZY,rec,10-2,10.0,2000.0,8,27778.83333333147,9866.90833333383,17911.92499999764,8045.016666663811,4
A5TWD5QD99GZY,rec,10-2,10.0,2000.0,9,29178.331250009436,6932.5000000130385,19498.416666660458,12565.91666664742,4
A5TWD5QD99GZY,rec,10-2,10.0,2000.0,10,35026.591666671135,10742.141666681817,24284.44999998932,13542.308333307505,5
A63UHNWYOV5LE,ns,10-2,10.0,2000.0,3,14910.966666666667,0.0,6427.099999999999,6427.099999999999,1
A63UHNWYOV5LE,ns,10-2,10.0,2000.0,4,26102.5,17303.0,8799.5,-8503.5,2
A63UHNWYOV5LE,ns,10-2,10.0,2000.0,5,29835.0,6338.0,16931.0,10593.0,2
A63UHNWYOV5LE,ns,10-2,10.0,2000.0,6,58362.0,29126.0,29236.0,110.0,3
A63UHNWYOV5LE,ns,10-2,10.0,2000.0,7,51364.0,12884.0,29581.0,16697.0,3
AEP8U373W5Q54,prim,10-2,10.0,2000.0,3,15826.899999856949,0.0,7325.200000047684,7325.200000047684,1
AEP8U373W5Q54,prim,10-2,10.0,2000.0,5,24748.43333307902,7132.666666984558,13651.066666285196,6518.399999300639,2
AEP8U373W5Q54,prim,10-2,10.0,2000.0,6,22651.70000008742,9827.704166849455,12823.995833237967,2996.2916663885117,3
AEP8U373W5Q54,prim,10-2,10.0,2000.0,7,23862.258333245914,7269.908333281676,13336.43958334128,6066.531250059605,3
AEP8U373W5Q54,prim,10-2,10.0,2000.0,8,29996.049999992054,15960.74166671435,14035.308333277702,-1925.4333334366481,4
AEP8U373W5Q54,prim,10-2,10.0,2000.0,9,31340.078333568574,11522.24000000159,16120.96833354632,4598.728333544731,4
AEP8U373W5Q54,prim,10-2,10.0,2000.0,10,27653.683333555855,13822.283333619434,13831.399999936422,9.116666316986084,5
AK2PMO5I7OCEK,prim,10-2,10.0,2000.0,3,14255.0,0.0,6068.0,6068.0,1
AK2PMO5I7OCEK,prim,10-2,10.0,2000.0,4,32344.0,20985.0,11359.0,-9626.0,2
AK2PMO5I7OCEK,prim,10-2,10.0,2000.0,5,26923.4,5175.375,14156.475,8981.1,2
AK2PMO5I7OCEK,prim,10-2,10.0,2000.0,6,32844.208333333336,18860.041666666668,13984.166666666666,-4875.875,3
AK2PMO5I7OCEK,prim,10-2,10.0,2000.0,7,36639.433333333334,14350.891666666666,16943.083333333332,2592.1916666666666,3
AK2PMO5I7OCEK,prim,10-2,10.0,2000.0,8,33761.875,22031.541666666668,11730.333333333334,-10301.208333333334,4
AK2PMO5I7OCEK,prim,10-2,10.0,2000.0,9,33928.0,12351.25,16930.5,4579.25,4
AKNU5D6QK7M72,prim,10-2,10.0,2000.0,4,22669.900000214577,19300.10000014305,3369.8000000715256,-15930.300000071526,2
AKNU5D6QK7M72,prim,10-2,10.0,2000.0,5,18312.76250008804,3763.408333400885,9271.262500033868,5507.854166632984,2
AKNU5D6QK7M72,prim,10-2,10.0,2000.0,6,24080.660833284383,14133.006666627836,9947.654166656546,-4185.352499971291,3
AKNU5D6QK7M72,prim,10-2,10.0,2000.0,7,26796.70555549239,9206.974999981208,13250.31944440926,4043.3444444280535,3
AKNU5D6QK7M72,prim,10-2,10.0,2000.0,8,29141.083333356928,14317.383333388096,14823.699999968832,506.3166665807369,4
AKNU5D6QK7M72,prim,10-2,10.0,2000.0,9,29789.500000476837,11605.200000286102,14410.900000095367,2805.699999809265,4
AKNU5D6QK7M72,prim,10-2,10.0,2000.0,10,30001.200000047684,16872.599999904633,13128.600000143051,-3743.9999997615814,5
AO5FQ7GY8DTR8,prim,10-2,10.0,2000.0,3,27075.799999952316,0.0,18707.399999976158,18707.399999976158,1
AO5FQ7GY8DTR8,prim,10-2,10.0,2000.0,4,40658.09999984503,33352.22499990463,7305.874999940395,-26046.349999964237,2
AO5FQ7GY8DTR8,prim,10-2,10.0,2000.0,5,45191.573333366716,9304.680000082652,27351.44999996821,18046.76999988556,2
AO5FQ7GY8DTR8,prim,10-2,10.0,2000.0,6,45493.46666677793,31888.7333334287,13604.733333349228,-18284.00000007947,3
AO5FQ7GY8DTR8,prim,10-2,10.0,2000.0,7,48459.80000054836,17088.200000166893,19033.400000214577,1945.2000000476837,3
ARIWYNIH12MLF,rec,10-2,10.0,2000.0,3,24291.699999999102,0.0,13310.258333332837,13310.258333332837,1
ARIWYNIH12MLF,rec,10-2,10.0,2000.0,4,26635.650000002235,15925.387500001118,10710.262500001118,-5215.125,2
ARIWYNIH12MLF,rec,10-2,10.0,2000.0,5,26201.385416666628,5492.331250001133,13862.862499999505,8370.53124999837,2
ARIWYNIH12MLF,rec,10-2,10.0,2000.0,6,43478.44999999894,17990.8333333324,25487.61666666654,7496.7833333341405,3
ARIWYNIH12MLF,rec,10-2,10.0,2000.0,7,44191.63000000082,19122.76999999946,18795.335000001454,-327.4349999980068,3
ARIWYNIH12MLF,rec,10-2,10.0,2000.0,8,33342.29999999702,19916.699999999255,13425.599999997765,-6491.10000000149,4
ARIWYNIH12MLF,rec,10-2,10.0,2000.0,9,41048.39999999851,12320.09999999963,25547.5,13227.40000000037,4
AS4FVWL91C6HR,prim,10-2,10.0,2000.0,4,29487.849999934435,15944.999999970198,13542.849999964237,-2402.1500000059605,2
AS4FVWL91C6HR,prim,10-2,10.0,2000.0,5,25945.65000000402,6166.333333343267,12673.983333317487,6507.649999974217,2
AS4FVWL91C6HR,prim,10-2,10.0,2000.0,6,31800.505555575146,21044.508333355887,10755.997222219257,-10288.51111113663,3
AS4FVWL91C6HR,prim,10-2,10.0,2000.0,7,37361.48958331366,11947.152083341227,18939.47499998624,6992.322916645013,3
AS4FVWL91C6HR,prim,10-2,10.0,2000.0,8,39428.0020833773,22815.985416674863,16612.016666702442,-6203.968749972421,4
AS4FVWL91C6HR,prim,10-2,10.0,2000.0,9,53518.07499997318,27039.100000038743,23100.499999940395,-3938.6000000983477,4
AS4FVWL91C6HR,prim,10-2,10.0,2000.0,10,76690.19999998808,22007.79999998212,54682.40000000596,32674.600000023842,5
AWJKR5GA7BS7V,ns,10-2,10.0,2000.0,3,18212.666666666668,0.0,6789.8,6789.8,1
AWJKR5GA7BS7V,ns,10-2,10.0,2000.0,4,19071.5,12788.333333333334,6283.166666666667,-6505.166666666667,2
AWJKR5GA7BS7V,ns,10-2,10.0,2000.0,5,34283.0875,6495.0375,15629.7375,9134.7,2
AWJKR5GA7BS7V,ns,10-2,10.0,2000.0,6,35719.625,19433.375,16286.25,-3147.125,3
AWJKR5GA7BS7V,ns,10-2,10.0,2000.0,7,44864.13888888888,17621.94444444444,21555.75,3933.805555555555,3
AWJKR5GA7BS7V,ns,10-2,10.0,2000.0,8,41146.23333333333,21291.133333333335,19855.100000000002,-1436.0333333333335,4
AZ69TBTDH7AZS,rec,10-2,10.0,2000.0,3,22913.400000035763,0.0,18296.400000035763,18296.400000035763,1
AZ69TBTDH7AZS,rec,10-2,10.0,2000.0,4,8575.490773802358,4005.036607137216,4570.454166665141,565.417559527925,2
AZ69TBTDH7AZS,rec,10-2,10.0,2000.0,5,11779.712500020862,2239.503333361943,7752.995833328367,5513.492499966424,2
AZ69TBTDH7AZS,rec,10-2,10.0,2000.0,6,12375.92083331446,5036.424999994536,7339.495833319923,2303.070833325386,3
AZ69TBTDH7AZS,rec,10-2,10.0,2000.0,7,23963.100000023842,3961.850000023842,18361.59999999404,14399.749999970198,3
AZ69TBTDH7AZS,rec,10-2,10.0,2000.0,8,14796.949999898672,7893.599999964237,6903.349999934435,-990.2500000298023,4
AZ8NNCT4AODDN,prim,10-2,10.0,2000.0,3,15573.050000011921,0.0,3866.1499999165535,3866.1499999165535,1
AZ8NNCT4AODDN,prim,10-2,10.0,2000.0,4,40616.30000042915,16344.100000143051,24272.200000286102,7928.100000143051,2
AZ8NNCT4AODDN,prim,10-2,10.0,2000.0,5,23652.399999916553,10414.324999988079,9203.424999892712,-1210.9000000953674,2
AZ8NNCT4AODDN,prim,10-2,10.0,2000.0,6,24833.19999998808,15694.674999952316,9138.525000035763,-6556.1499999165535,3
AZ8NNCT4AODDN,prim,10-2,10.0,2000.0,7,18276.412499845028,7080.649999946356,8327.949999928474,1247.2999999821186,3
AZ8NNCT4AODDN,prim,10-2,10.0,2000.0,8,19545.099999785423,11154.624999761581,8390.475000023842,-2764.1499997377396,4
AZ8NNCT4AODDN,prim,10-2,10.0,2000.0,9,24959.099999666214,5242.399999856949,12873.799999952316,7631.400000095367,4
A10JXOU89D5RXR,ns,20-1,20.0,1000.0,4,8035.900000095367,4008.5,4027.4000000953674,18.90000009536743,2
A10JXOU89D5RXR,ns,20-1,20.0,1000.0,5,24055.775000035763,3450.925000011921,15676.450000047684,12225.525000035763,2
A10JXOU89D5RXR,ns,20-1,20.0,1000.0,6,46092.64166675012,14901.291666706402,31191.35000004371,16290.058333337307,3
A10JXOU89D5RXR,ns,20-1,20.0,1000.0,7,52934.49791663885,7664.527083317438,39805.610416655734,32141.083333338298,3
A10JXOU89D5RXR,ns,20-1,20.0,1000.0,8,58186.4966666619,17518.97777774069,40667.51888892121,23148.54111118052,4
A10JXOU89D5RXR,ns,20-1,20.0,1000.0,9,58454.2999997139,10175.199999928474,45133.449999809265,34958.24999988079,4
A10JXOU89D5RXR,ns,20-1,20.0,1000.0,10,70762.48333326976,35431.3499998649,35331.13333340486,-100.21666646003723,5
A10JXOU89D5RXR,ns,20-1,20.0,1000.0,11,64315.199999809265,13123.799999713898,42178.09999990463,29054.300000190735,5
A10JXOU89D5RXR,ns,20-1,20.0,1000.0,13,84051.99999928474,17649.999999523163,62089.2999997139,44439.300000190735,6
A111FTKAAJ5UMC,prim,20-1,20.0,1000.0,7,66175.69999995083,13054.200000036508,28594.049999929965,15539.849999893457,3
A111FTKAAJ5UMC,prim,20-1,20.0,1000.0,8,44270.2499999702,23032.999999970198,21237.25,-1795.7499999701977,4
A111FTKAAJ5UMC,prim,20-1,20.0,1000.0,9,69790.77500006557,24941.275000065565,31288.07500001788,6346.799999952316,4
A111FTKAAJ5UMC,prim,20-1,20.0,1000.0,10,58149.02666667936,31932.36333332844,26216.663333350916,-5715.6999999775235,5
A111FTKAAJ5UMC,prim,20-1,20.0,1000.0,11,63244.09166660502,23891.939583268017,32994.445833339356,9102.50625007134,5
A111FTKAAJ5UMC,prim,20-1,20.0,1000.0,12,59750.32222221626,34269.305555559695,25481.016666656567,-8788.28888890313,6
A111FTKAAJ5UMC,prim,20-1,20.0,1000.0,13,75215.27500006184,34082.8750000149,37751.97500004992,3669.1000000350177,6
A111FTKAAJ5UMC,prim,20-1,20.0,1000.0,14,61469.316666704915,33365.75000001987,28103.566666685045,-5262.183333334823,7
A111FTKAAJ5UMC,prim,20-1,20.0,1000.0,15,75771.44999998808,33932.70000001788,32486.04999998212,-1446.6500000357628,7
A11EZAV2HRYKD5,prim,20-1,20.0,1000.0,4,33874.60000038147,21020.599999427795,12854.000000953674,-8166.599998474121,2
A11EZAV2HRYKD5,prim,20-1,20.0,1000.0,6,33666.900000572205,20024.0,13642.900000572205,-6381.099999427795,3
A11EZAV2HRYKD5,prim,20-1,20.0,1000.0,8,43161.05000114441,17279.200000286102,25881.850000858307,8602.650000572205,4
A11EZAV2HRYKD5,prim,20-1,20.0,1000.0,9,39902.900000572205,12117.95000076294,19769.349999904633,7651.399999141693,4
A11EZAV2HRYKD5,prim,20-1,20.0,1000.0,11,36693.70000076294,15449.266666412354,16746.000000635784,1296.7333342234288,5
A11EZAV2HRYKD5,prim,20-1,20.0,1000.0,12,43842.95333372752,26097.953333536785,17745.000000190736,-8352.95333334605,6
A11EZAV2HRYKD5,prim,20-1,20.0,1000.0,13,50433.73749856154,21032.98333267371,26241.0291659832,5208.04583330949,6
A11EZAV2HRYKD5,prim,20-1,20.0,1000.0,14,57297.38888920678,30176.533333354528,27120.855555852253,-3055.6777775022715,7
A11EZAV2HRYKD5,prim,20-1,20.0,1000.0,15,54045.2291658322,22014.429166475933,27970.837499340374,5956.408332864444,7
A11EZAV2HRYKD5,prim,20-1,20.0,1000.0,16,59921.35000014305,34244.32500052452,25677.02499961853,-8567.30000090599,8
A11EZAV2HRYKD5,prim,20-1,20.0,1000.0,18,63044.30000066757,29878.500000476837,33165.800000190735,3287.2999997138977,9
A11EZAV2HRYKD5,prim,20-1,20.0,1000.0,19,73023.49999904633,37118.79999876022,27827.60000038147,-9291.199998378754,9
A157L6Z8QU3SDE,rec,20-1,20.0,1000.0,4,24802.666666666668,11144.666666666666,13658.0,2513.3333333333335,2
A157L6Z8QU3SDE,rec,20-1,20.0,1000.0,5,14192.72222222222,1733.0555555555557,10257.888888888889,8524.833333333334,2
A157L6Z8QU3SDE,rec,20-1,20.0,1000.0,6,20597.25,10271.583333333334,10325.666666666666,54.083333333333336,3
A157L6Z8QU3SDE,rec,20-1,20.0,1000.0,7,24304.791666666668,4172.583333333334,16864.125,12691.541666666666,3
A157L6Z8QU3SDE,rec,20-1,20.0,1000.0,8,26748.0,9877.666666666666,16870.333333333332,6992.666666666667,4
A157L6Z8QU3SDE,rec,20-1,20.0,1000.0,9,24370.0,7769.0,11822.0,4053.0,4
A157L6Z8QU3SDE,rec,20-1,20.0,1000.0,10,23793.0,10472.0,13321.0,2849.0,5
A157L6Z8QU3SDE,rec,20-1,20.0,1000.0,14,39117.0,17179.0,21938.0,4759.0,7
A16GIPTDMJAFTK,ns,20-1,20.0,1000.0,5,14616.0,3883.0,7061.0,3178.0,2
A16GIPTDMJAFTK,ns,20-1,20.0,1000.0,6,18075.0,13625.0,4450.0,-9175.0,3
A16GIPTDMJAFTK,ns,20-1,20.0,1000.0,7,27589.0,8023.333333333333,15281.333333333334,7258.0,3
A16GIPTDMJAFTK,ns,20-1,20.0,1000.0,8,28904.270833333332,16898.666666666668,12005.604166666666,-4893.0625,4
A16GIPTDMJAFTK,ns,20-1,20.0,1000.0,9,31624.125,10591.854166666666,16565.5625,5973.708333333333,4
A16GIPTDMJAFTK,ns,20-1,20.0,1000.0,10,30471.416666666664,15759.875,14711.541666666666,-1048.3333333333335,5
A16GIPTDMJAFTK,ns,20-1,20.0,1000.0,11,34436.833333333336,13719.833333333334,17419.333333333332,3699.5,5
A16GIPTDMJAFTK,ns,20-1,20.0,1000.0,12,43541.0,27280.0,16261.0,-11019.0,6
A17R7WX5B0CKK6,rec,20-1,20.0,1000.0,8,48946.433333555855,18360.43333355586,30586.0,12225.566666444143,4
A17R7WX5B0CKK6,rec,20-1,20.0,1000.0,9,43994.20000013461,14143.716666733226,21952.38333337878,7808.666666645557,4
A17R7WX5B0CKK6,rec,20-1,20.0,1000.0,10,53215.29999996101,30108.066666644067,23107.23333331694,-7000.833333327125,5
A17R7WX5B0CKK6,rec,20-1,20.0,1000.0,11,50974.495833188295,19176.843750005588,27185.791666533798,8008.94791652821,5
A17R7WX5B0CKK6,rec,20-1,20.0,1000.0,12,55246.267500013855,25144.40666668117,30101.86083333269,4957.454166651517,6
A17R7WX5B0CKK6,rec,20-1,20.0,1000.0,13,62216.96666663388,27010.699999983113,25468.133333332837,-1542.5666666502755,6
A17R7WX5B0CKK6,rec,20-1,20.0,1000.0,14,52850.549999985844,29697.799999974668,23152.750000011176,-6545.049999963492,7
A17R7WX5B0CKK6,rec,20-1,20.0,1000.0,15,55345.850000053644,19853.800000026822,32085.150000050664,12231.350000023842,7
A17WB66BXX4R0J,prim,20-1,20.0,1000.0,4,37685.0,33275.0,4410.0,-28865.0,2
A17WB66BXX4R0J,prim,20-1,20.0,1000.0,5,32720.25,4628.5,16806.75,12178.25,2
A17WB66BXX4R0J,prim,20-1,20.0,1000.0,6,45624.0,26989.0,18635.0,-8354.0,3
A17WB66BXX4R0J,prim,20-1,20.0,1000.0,7,54045.5,11172.0,37875.0,26703.0,3
A17WB66BXX4R0J,prim,20-1,20.0,1000.0,8,43246.375,27269.458333333332,15976.916666666668,-11292.541666666666,4
A17WB66BXX4R0J,prim,20-1,20.0,1000.0,9,41037.25,14678.666666666668,20501.5,5822.833333333333,4
A17WB66BXX4R0J,prim,20-1,20.0,1000.0,10,48928.25,27512.666666666664,21415.583333333336,-6097.083333333334,5
A17WB66BXX4R0J,prim,20-1,20.0,1000.0,11,48860.333333333336,16004.666666666666,24464.0,8459.333333333334,5
A17WB66BXX4R0J,prim,20-1,20.0,1000.0,12,52598.944444444445,29538.333333333332,23060.61111111111,-6477.722222222222,6
A19QRXLWV5GKXN,rec,20-1,20.0,1000.0,4,18329.14999973774,6701.999999880792,11627.149999856949,4925.149999976157,2
A19QRXLWV5GKXN,rec,20-1,20.0,1000.0,5,37459.262500063516,6486.662500009872,23062.28750007879,16575.625000068918,2
A19QRXLWV5GKXN,rec,20-1,20.0,1000.0,6,48011.17083326929,20493.595833339263,27517.574999930024,7023.979166590764,3
A19QRXLWV5GKXN,rec,20-1,20.0,1000.0,7,40600.152083316665,10677.299999938346,22173.283333352145,11495.9833334138,3
A19QRXLWV5GKXN,rec,20-1,20.0,1000.0,8,38396.438888938064,15971.53333338764,22424.905555550427,6453.372222162783,4
A19QRXLWV5GKXN,rec,20-1,20.0,1000.0,9,49681.299999902025,15650.475000094622,30807.299999902956,15156.824999808334,4
A19QRXLWV5GKXN,rec,20-1,20.0,1000.0,10,55640.966666680135,21180.466666626744,34460.5000000534,13280.03333342665,5
A19QRXLWV5GKXN,rec,20-1,20.0,1000.0,11,54723.76666674266,18860.66666670392,31481.966666725773,12621.300000021854,5
A1CKIYN01NV9GJ,ns,20-1,20.0,1000.0,4,16318.350000053644,7038.200000047684,9280.15000000596,2241.9499999582767,2
A1CKIYN01NV9GJ,ns,20-1,20.0,1000.0,5,14464.565000009537,3083.975000011921,8954.079999995232,5870.10499998331,2
A1CKIYN01NV9GJ,ns,20-1,20.0,1000.0,6,20362.224999884762,9624.649999876816,10737.575000007946,1112.9250001311302,3
A1CKIYN01NV9GJ,ns,20-1,20.0,1000.0,7,26317.466666579247,4651.533333301544,19321.233333269753,14669.69999996821,3
A1CKIYN01NV9GJ,ns,20-1,20.0,1000.0,8,22902.39999985695,12593.399999856949,10309.0,-2284.399999856949,4
A1CKIYN01NV9GJ,ns,20-1,20.0,1000.0,9,37990.99999988079,9923.899999976158,25699.74999988079,15775.849999904633,4
A1HLDOM6JTYYI2,prim,20-1,20.0,1000.0,3,5210.0,0.0,3393.0,3393.0,1
A1HLDOM6JTYYI2,prim,20-1,20.0,1000.0,4,8328.666666666666,4772.0,3556.6666666666665,-1215.3333333333333,2
A1HLDOM6JTYYI2,prim,20-1,20.0,1000.0,5,6943.0,1831.0,3201.0,1370.0,2
A1HLDOM6JTYYI2,prim,20-1,20.0,1000.0,6,24038.350000000002,10747.699999999999,13290.65,2542.9500000000003,3
A1HLDOM6JTYYI2,prim,20-1,20.0,1000.0,7,17087.041666666668,3803.458333333333,11567.166666666666,7763.708333333333,3
A1HLDOM6JTYYI2,prim,20-1,20.0,1000.0,8,22233.958333333332,8464.291666666668,13769.666666666668,5305.375,4
A1HLDOM6JTYYI2,prim,20-1,20.0,1000.0,9,25804.88888888889,5284.777777777777,18010.888888888887,12726.111111111111,4
A1HLDOM6JTYYI2,prim,20-1,20.0,1000.0,10,32128.0,10976.75,21151.25,10174.5,5
A1HR8IRDC07FO9,prim,20-1,20.0,1000.0,3,6710.0,0.0,4035.0,4035.0,1
A1HR8IRDC07FO9,prim,20-1,20.0,1000.0,5,27863.5,5747.75,11676.75,5929.0,2
A1HR8IRDC07FO9,prim,20-1,20.0,1000.0,6,28038.166666666668,10799.333333333334,17238.833333333332,6439.5,3
A1HR8IRDC07FO9,prim,20-1,20.0,1000.0,7,33353.275,8949.45,17677.65,8728.2,3
A1HR8IRDC07FO9,prim,20-1,20.0,1000.0,8,41229.125,21332.25,19896.875,-1435.375,4
A1HR8IRDC07FO9,prim,20-1,20.0,1000.0,9,44045.777777777774,13144.0,26133.0,12989.0,4
A1HR8IRDC07FO9,prim,20-1,20.0,1000.0,10,48011.166666666664,22734.5,25276.666666666668,2542.1666666666665,5
A1HR8IRDC07FO9,prim,20-1,20.0,1000.0,11,37030.0,15952.0,17922.666666666668,1970.6666666666667,5
A1HR8IRDC07FO9,prim,20-1,20.0,1000.0,12,53355.0,27393.0,25962.0,-1431.0,6
A1J6CZ176U6GDT,rec,20-1,20.0,1000.0,4,37829.5,27369.0,10460.5,-16908.5,2
A1J6CZ176U6GDT,rec,20-1,20.0,1000.0,7,45627.40000001341,13373.30000000447,24070.65000000596,10697.35000000149,3
A1J6CZ176U6GDT,rec,20-1,20.0,1000.0,8,48687.28888917424,23620.411111078745,25066.877778095502,1446.4666670167614,4
A1J6CZ176U6GDT,rec,20-1,20.0,1000.0,9,48610.16666664846,15592.416666663355,26282.811111080562,10690.394444417208,4
A1J6CZ176U6GDT,rec,20-1,20.0,1000.0,10,52308.22083347244,27435.279166760854,24872.941666711587,-2562.337500049267,5
A1J6CZ176U6GDT,rec,20-1,20.0,1000.0,11,52563.28749989129,22753.393749868806,24837.325000016328,2083.9312501475215,5
A1J6CZ176U6GDT,rec,20-1,20.0,1000.0,12,52855.20208339378,28131.08333332992,24724.11875006386,-3406.964583266061,6
A1J6CZ176U6GDT,rec,20-1,20.0,1000.0,13,50701.650000333786,21061.050000190735,25107.00000023842,4045.9500000476837,6
A1J6CZ176U6GDT,rec,20-1,20.0,1000.0,14,62138.699999991804,33737.999999996275,28400.69999999553,-5337.300000000745,7
A1J6CZ176U6GDT,rec,20-1,20.0,1000.0,15,73264.89999961853,23880.699999809265,44390.699999809265,20510.0,7
A1J9VZ372FV2QZ,rec,20-1,20.0,1000.0,3,41463.09999958674,0.0,23576.366666475933,23576.366666475933,1
A1J9VZ372FV2QZ,rec,20-1,20.0,1000.0,4,45612.166666825615,17790.900000095367,27821.266666730244,10030.36666663488,2
A1J9VZ372FV2QZ,rec,20-1,20.0,1000.0,7,40782.25,8259.64999961853,24411.650000333786,16152.000000715256,3
A1J9VZ372FV2QZ,rec,20-1,20.0,1000.0,8,34271.65000009537,20286.85000014305,13984.799999952316,-6302.050000190736,4
A1J9VZ372FV2QZ,rec,20-1,20.0,1000.0,9,46910.83124998212,16022.612500041723,26340.762499928474,10318.149999886751,4
A1J9VZ372FV2QZ,rec,20-1,20.0,1000.0,10,40116.31666701369,21786.17222246859,18330.14444454511,-3456.0277779234784,5
A1J9VZ372FV2QZ,rec,20-1,20.0,1000.0,11,42739.16666634878,17545.533333222073,20388.616666555405,2843.0833333333335,5
A1J9VZ372FV2QZ,rec,20-1,20.0,1000.0,12,48528.71111109522,27300.677777820165,21228.033333275056,-6072.64444454511,6
A1J9VZ372FV2QZ,rec,20-1,20.0,1000.0,13,48842.17500054836,24263.375000357628,20614.450000286102,-3648.9250000715256,6
A1J9VZ372FV2QZ,rec,20-1,20.0,1000.0,14,57061.625,31395.87499976158,25665.75000023842,-5730.124999523163,7
A1J9VZ372FV2QZ,rec,20-1,20.0,1000.0,15,58739.0,22198.500000476837,33394.7999997139,11196.29999923706,7
A1JI19KPIVNL3Y,ns,20-1,20.0,1000.0,4,24199.25,11609.450000032783,12589.799999967217,980.3499999344353,2
A1JI19KPIVNL3Y,ns,20-1,20.0,1000.0,5,22094.32500002285,4749.383333345255,13086.983333334327,8337.599999989074,2
A1JI19KPIVNL3Y,ns,20-1,20.0,1000.0,6,27865.049999952316,16921.333333313465,10943.716666638851,-5977.616666674614,3
A1JI19KPIVNL3Y,ns,20-1,20.0,1000.0,7,32069.97777777314,7647.997777779235,18722.768888876173,11074.77111109694,3
A1JI19KPIVNL3Y,ns,20-1,20.0,1000.0,8,38964.25555553701,16620.700000004636,22343.555555532377,5722.855555527739,4
A1JI19KPIVNL3Y,ns,20-1,20.0,1000.0,9,44138.26249997318,11969.375000014901,27403.137499973178,15433.762499958277,4
A1JI19KPIVNL3Y,ns,20-1,20.0,1000.0,10,41561.40000003576,22326.900000035763,19234.5,-3092.400000035763,5
A1KH9VI2D0V43B,prim,20-1,20.0,1000.0,5,27588.0,6078.0,12523.0,6445.0,2
A1KH9VI2D0V43B,prim,20-1,20.0,1000.0,6,21450.0,17488.0,3962.0,-13526.0,3
A1KH9VI2D0V43B,prim,20-1,20.0,1000.0,7,36821.0,12848.0,18790.0,5942.0,3
A1KH9VI2D0V43B,prim,20-1,20.0,1000.0,8,46167.0,26370.25,19796.75,-6573.5,4
A1KH9VI2D0V43B,prim,20-1,20.0,1000.0,9,44067.166666666664,17869.722222222223,21364.0,3494.277777777778,4
A1KH9VI2D0V43B,prim,20-1,20.0,1000.0,10,43215.5,22446.4875,20769.0125,-1677.475,5
A1KH9VI2D0V43B,prim,20-1,20.0,1000.0,11,51383.958333333336,20624.0,26511.0,5887.0,5
A1KH9VI2D0V43B,prim,20-1,20.0,1000.0,12,51880.666666666664,29333.333333333332,22547.333333333332,-6786.0,6
A1KH9VI2D0V43B,prim,20-1,20.0,1000.0,13,58642.0,24459.5,30712.0,6252.5,6
A1KH9VI2D0V43B,prim,20-1,20.0,1000.0,14,66576.0,24929.0,41647.0,16718.0,7
A1LJ4WAEDGELVL,rec,20-1,20.0,1000.0,5,6677.499999928288,1674.34999995213,3556.0499999765307,1881.7000000244007,2
A1LJ4WAEDGELVL,rec,20-1,20.0,1000.0,6,18758.62499979697,6776.024999868125,11982.599999928847,5206.575000060722,3
A1LJ4WAEDGELVL,rec,20-1,20.0,1000.0,7,13868.350000030672,2990.1833333329605,9107.500000023283,6117.316666690322,3
A1LJ4WAEDGELVL,rec,20-1,20.0,1000.0,8,19817.0166666902,5749.50000011952,14067.516666570678,8318.01666645116,4
A1LJ4WAEDGELVL,rec,20-1,20.0,1000.0,9,27095.674999942385,6186.58333327435,18164.483333334327,11977.900000059977,4
A1LJ4WAEDGELVL,rec,20-1,20.0,1000.0,10,30682.60000000149,10668.70000000298,20013.89999999851,9345.19999999553,5
A1OOCYEFLAJD98,ns,20-1,20.0,1000.0,5,26119.79999998957,4575.02499999851,18560.52499999851,13985.5,2
A1OOCYEFLAJD98,ns,20-1,20.0,1000.0,6,24960.683333337307,6201.650000025828,18759.03333331148,12557.38333328565,3
A1OOCYEFLAJD98,ns,20-1,20.0,1000.0,7,26334.93333337539,4364.544444465802,20279.15555557112,15914.611111105316,3
A1OOCYEFLAJD98,ns,20-1,20.0,1000.0,8,34189.53541667263,9929.266666655118,24260.26875001751,14331.002083362391,4
A1OOCYEFLAJD98,ns,20-1,20.0,1000.0,9,31576.858333355434,8229.875000019869,19460.658333342522,11230.783333322655,4
A1OOCYEFLAJD98,ns,20-1,20.0,1000.0,10,44294.250000049666,19270.100000063576,25024.149999986093,5754.049999922514,5
A1OOCYEFLAJD98,ns,20-1,20.0,1000.0,11,30416.899999916553,12847.299999952316,13646.499999970198,799.2000000178814,5
A1OOCYEFLAJD98,ns,20-1,20.0,1000.0,12,38473.75,14603.950000017881,23869.79999998212,9265.849999964237,6
A1OOCYEFLAJD98,ns,20-1,20.0,1000.0,13,31943.699999928474,9786.999999940395,18032.899999976158,8245.900000035763,6
A1OW27AZS122X2,ns,20-1,20.0,1000.0,5,16175.199999988079,1543.0000000000005,13099.89999999106,11556.89999999106,2
A1OW27AZS122X2,ns,20-1,20.0,1000.0,6,25936.67499997653,15648.381250003353,10288.293749973178,-5360.087500030175,3
A1OW27AZS122X2,ns,20-1,20.0,1000.0,7,33067.99444445388,11546.027777781916,18808.18333332737,7262.155555545457,3
A1OW27AZS122X2,ns,20-1,20.0,1000.0,8,38608.21041667151,24164.272916658163,14443.93750001335,-9720.335416644812,4
A1OW27AZS122X2,ns,20-1,20.0,1000.0,9,43674.9083332469,14010.666666607063,25020.033333311476,11009.366666704416,4
A1OW27AZS122X2,ns,20-1,20.0,1000.0,10,43691.5833333532,27361.750000009935,16329.833333343267,-11031.916666666666,5
A1OW27AZS122X2,ns,20-1,20.0,1000.0,11,41880.90000003576,13992.899999976158,24966.800000071526,10973.900000095367,5
A1R5JNC2LO6X1S,prim,20-1,20.0,1000.0,10,48784.5,27224.0,21560.5,-5663.5,5
A1R5JNC2LO6X1S,prim,20-1,20.0,1000.0,11,55878.833333333336,16560.5,32362.166666666668,15801.666666666666,5
A1R5JNC2LO6X1S,prim,20-1,20.0,1000.0,12,48681.555555555555,25063.222222222223,23618.333333333332,-1444.8888888888887,6
A1R5JNC2LO6X1S,prim,20-1,20.0,1000.0,13,61636.166666666664,23901.0,30881.5,6980.5,6
A1R5JNC2LO6X1S,prim,20-1,20.0,1000.0,14,48036.666666666664,23433.0,24603.666666666668,1170.6666666666667,7
A1R5JNC2LO6X1S,prim,20-1,20.0,1000.0,15,53454.125,21827.5,27531.875,5704.375,7
A1R5JNC2LO6X1S,prim,20-1,20.0,1000.0,16,61083.166666666664,32279.75,28803.416666666668,-3476.333333333333,8
A1R5JNC2LO6X1S,prim,20-1,20.0,1000.0,18,55857.0,29965.0,25892.0,-4073.0,9
A1SUTNVLSFPXFK,ns,20-1,20.0,1000.0,5,60699.800000309944,21205.85000014305,28462.050000190735,7256.200000047684,2
A1SUTNVLSFPXFK,ns,20-1,20.0,1000.0,6,59429.19999996821,37885.2999997139,21543.900000254314,-16341.399999459585,3
A1SUTNVLSFPXFK,ns,20-1,20.0,1000.0,7,48358.200000047684,15355.350000143051,26689.299999952316,11333.949999809265,3
A1SUTNVLSFPXFK,ns,20-1,20.0,1000.0,8,62481.25277790759,32402.89722243282,30078.355555474758,-2324.541666958067,4
A1SUTNVLSFPXFK,ns,20-1,20.0,1000.0,9,64336.541666448116,23043.349999984104,32820.316666563354,9776.966666579247,4
A1SUTNVLSFPXFK,ns,20-1,20.0,1000.0,10,62318.1749997437,37981.80000010133,24336.374999642372,-13645.425000458956,5
A1SUTNVLSFPXFK,ns,20-1,20.0,1000.0,11,55757.47499978542,27856.22499972582,25118.200000047684,-2738.0249996781386,5
A1SUTNVLSFPXFK,ns,20-1,20.0,1000.0,12,58018.39999985695,15849.999999761581,42168.40000009537,26318.400000333786,6
A1SUTNVLSFPXFK,ns,20-1,20.0,1000.0,13,60109.51249995828,30933.287499785423,24315.30000013113,-6617.987499654293,6
A1SUTNVLSFPXFK,ns,20-1,20.0,1000.0,14,45595.95000040531,25583.550000071526,20012.400000333786,-5571.14999973774,7
A1SUTNVLSFPXFK,ns,20-1,20.0,1000.0,15,62081.60000038147,24280.00000023842,35765.10000014305,11485.099999904633,7
A1SUTNVLSFPXFK,ns,20-1,20.0,1000.0,16,41292.2999997139,20037.29999947548,21255.00000023842,1217.7000007629395,8
A1V91Z2CQKMR55,rec,20-1,20.0,1000.0,3,4771.016666668157,0.0,3212.53333333383,3212.53333333383,1
A1V91Z2CQKMR55,rec,20-1,20.0,1000.0,4,6996.13333333532,3716.958333353202,3279.1749999821186,-437.78333337108296,2
A1V91Z2CQKMR55,rec,20-1,20.0,1000.0,5,10499.283333339728,1734.8562500067055,6436.366666676787,4701.510416670081,2
A1V91Z2CQKMR55,rec,20-1,20.0,1000.0,6,10876.264583346434,5777.868750008134,5098.3958333383,-679.4729166698331,3
A1V91Z2CQKMR55,rec,20-1,20.0,1000.0,7,9578.500000029802,2414.800000011921,5627.100000016391,3212.3000000044703,3
A1V91Z2CQKMR55,rec,20-1,20.0,1000.0,8,14358.266666688025,7609.650000013411,6748.616666674614,-861.0333333387971,4
A1V91Z2CQKMR55,rec,20-1,20.0,1000.0,9,16707.500000029802,5633.5,9094.700000047684,3461.2000000476837,4
A1YFL5HXPZ7MVV,ns,20-1,20.0,1000.0,3,8738.0,0.0,3902.8999996185303,3902.8999996185303,1
A1YFL5HXPZ7MVV,ns,20-1,20.0,1000.0,4,19933.649999976158,12564.049999952316,7369.600000023842,-5194.449999928474,2
A1YFL5HXPZ7MVV,ns,20-1,20.0,1000.0,5,25501.199999729793,9476.38333328565,9021.816666444143,-454.56666684150696,2
A1YFL5HXPZ7MVV,ns,20-1,20.0,1000.0,6,26101.77777792348,17560.31111131774,8541.466666605738,-9018.844444712004,3
A1YFL5HXPZ7MVV,ns,20-1,20.0,1000.0,7,29861.51666672776,9568.800000050416,16440.474999920774,6871.67499987036,3
A1YFL5HXPZ7MVV,ns,20-1,20.0,1000.0,8,30740.683333337307,19524.683333337307,11216.0,-8308.683333337307,4
A1YFL5HXPZ7MVV,ns,20-1,20.0,1000.0,9,38414.67833349109,13819.173749987283,18851.16500008007,5031.991250092785,4
A1YFL5HXPZ7MVV,ns,20-1,20.0,1000.0,10,50496.0,23568.80000001192,26927.19999998808,3358.399999976158,5
A1YFL5HXPZ7MVV,ns,20-1,20.0,1000.0,11,48103.033333311476,18833.63333333532,24744.79999998212,5911.166666646798,5
A22UMPYYQBXT0F,rec,20-1,20.0,1000.0,3,6049.611111071375,0.0,4336.388888902135,4336.388888902135,1
A22UMPYYQBXT0F,rec,20-1,20.0,1000.0,4,10677.233333334327,3565.3888889087575,7111.844444425569,3546.455555516813,2
A22UMPYYQBXT0F,rec,20-1,20.0,1000.0,5,10184.412500020117,1615.699999973178,6646.687500007451,5030.987500034273,2
A22UMPYYQBXT0F,rec,20-1,20.0,1000.0,6,13868.774999947287,6831.624999947536,7037.149999999751,205.52500005221617,3
A22UMPYYQBXT0F,rec,20-1,20.0,1000.0,7,17953.47222221146,4219.422222196228,12079.54722223762,7860.125000041392,3
A22UMPYYQBXT0F,rec,20-1,20.0,1000.0,8,18058.900000000995,9647.300000001987,8411.599999999007,-1235.7000000029802,4
A22UMPYYQBXT0F,rec,20-1,20.0,1000.0,9,10911.600000143051,4568.100000143051,5038.200000047684,470.09999990463257,4
A22UMPYYQBXT0F,rec,20-1,20.0,1000.0,10,14692.100000023842,8577.600000023842,6114.5,-2463.100000023842,5
A26M997VYVK0E6,prim,20-1,20.0,1000.0,4,3765.0,2583.0,1182.0,-1401.0,2
A26M997VYVK0E6,prim,20-1,20.0,1000.0,10,19922.0,11054.0,8868.0,-2186.0,5
A26M997VYVK0E6,prim,20-1,20.0,1000.0,11,21042.0,8918.0,10926.0,2008.0,5
A26M997VYVK0E6,prim,20-1,20.0,1000.0,12,21514.44444444444,11976.27777777778,9538.166666666666,-2438.111111111111,6
A26M997VYVK0E6,prim,20-1,20.0,1000.0,13,23440.75,9914.5,11893.75,1979.25,6
A26M997VYVK0E6,prim,20-1,20.0,1000.0,14,25910.277777777777,14093.27777777778,11817.0,-2276.277777777778,7
A26M997VYVK0E6,prim,20-1,20.0,1000.0,15,23528.541666666664,9368.916666666666,12662.541666666666,3293.625,7
A26M997VYVK0E6,prim,20-1,20.0,1000.0,16,23672.666666666668,12406.5,11266.166666666666,-1140.3333333333333,8
A26M997VYVK0E6,prim,20-1,20.0,1000.0,17,25099.75,9487.75,14604.5,5116.75,8
A26M997VYVK0E6,prim,20-1,20.0,1000.0,18,23036.5,12154.0,10882.5,-1271.5,9
A277V4SHQB8JRS,rec,20-1,20.0,1000.0,6,24799.0,6732.0,18067.0,11335.0,3
A277V4SHQB8JRS,rec,20-1,20.0,1000.0,7,12137.0,2875.3333333333335,7659.333333333333,4784.0,3
A277V4SHQB8JRS,rec,20-1,20.0,1000.0,8,24606.0,7604.0,17002.0,9398.0,4
A277V4SHQB8JRS,rec,20-1,20.0,1000.0,9,20552.166666666668,4739.0,12875.333333333334,8136.333333333333,4
A277V4SHQB8JRS,rec,20-1,20.0,1000.0,10,34961.25,9147.833333333334,25813.416666666668,16665.583333333332,5
A277V4SHQB8JRS,rec,20-1,20.0,1000.0,11,39360.0,12050.0,26604.0,14554.0,5
A277V4SHQB8JRS,rec,20-1,20.0,1000.0,12,33030.875,14860.1875,18170.6875,3310.5,6
A277V4SHQB8JRS,rec,20-1,20.0,1000.0,13,85566.0,10859.0,69017.0,58158.0,6
A277V4SHQB8JRS,rec,20-1,20.0,1000.0,14,46831.0,22267.5,24563.5,2296.0,7
A277V4SHQB8JRS,rec,20-1,20.0,1000.0,15,32969.0,8579.0,21852.0,13273.0,7
A277V4SHQB8JRS,rec,20-1,20.0,1000.0,16,39089.5,14988.0,24101.5,9113.5,8
A2E5PV1BHNG67N,ns,20-1,20.0,1000.0,3,14149.10000038147,0.0,4549.599999904633,4549.599999904633,1
A2E5PV1BHNG67N,ns,20-1,20.0,1000.0,4,24182.533333142597,16235.066666603088,7947.46666653951,-8287.600000063578,2
A2E5PV1BHNG67N,ns,20-1,20.0,1000.0,5,25787.5333331426,5515.800000190735,13605.283333063126,8089.483332872391,2
A2E5PV1BHNG67N,ns,20-1,20.0,1000.0,6,31142.775000214577,17890.700000047684,13252.075000166893,-4638.624999880791,3
A2E5PV1BHNG67N,ns,20-1,20.0,1000.0,7,35224.2833331426,11574.08333357175,19010.29999979337,7436.216666221619,3
A2E5PV1BHNG67N,ns,20-1,20.0,1000.0,8,48312.599999427795,28685.200000286102,19627.399999141693,-9057.80000114441,4
A2E5PV1BHNG67N,ns,20-1,20.0,1000.0,9,40454.099999427795,19960.599999904633,16775.39999961853,-3185.2000002861023,4
A2FQVRBXJZQAWT,prim,20-1,20.0,1000.0,6,61470.5,45196.5,16274.0,-28922.5,3
A2FQVRBXJZQAWT,prim,20-1,20.0,1000.0,7,43710.25,17161.5,17910.25,748.75,3
A2FQVRBXJZQAWT,prim,20-1,20.0,1000.0,8,46618.5,29183.0,17435.5,-11747.5,4
A2FQVRBXJZQAWT,prim,20-1,20.0,1000.0,9,40878.83333333333,18470.833333333336,16947.0,-1523.8333333333333,4
A2FQVRBXJZQAWT,prim,20-1,20.0,1000.0,10,42173.75,23689.5,18484.25,-5205.25,5
A2FQVRBXJZQAWT,prim,20-1,20.0,1000.0,11,55701.0,18844.0,28881.0,10037.0,5
A2FQVRBXJZQAWT,prim,20-1,20.0,1000.0,12,56711.0,30017.0,26694.0,-3323.0,6
A2FQVRBXJZQAWT,prim,20-1,20.0,1000.0,13,57740.333333333336,24042.333333333332,30180.666666666668,6138.333333333333,6
A2FQVRBXJZQAWT,prim,20-1,20.0,1000.0,14,60264.5,29441.5,30823.0,1381.5,7
A2FQVRBXJZQAWT,prim,20-1,20.0,1000.0,15,57650.0,25877.0,29565.5,3688.5,7
A2GM1ZIBRBHBK7,ns,20-1,20.0,1000.0,3,13824.50000011921,0.0,7528.649999976158,7528.649999976158,1
A2GM1ZIBRBHBK7,ns,20-1,20.0,1000.0,5,18377.82083331545,4881.124999960263,8341.625000049671,3460.500000089407,2
A2GM1ZIBRBHBK7,ns,20-1,20.0,1000.0,6,20570.64166678985,12766.533333400885,7804.108333388965,-4962.425000011921,3
A2GM1ZIBRBHBK7,ns,20-1,20.0,1000.0,7,22775.077083170414,6768.906249985099,12113.206249942381,5344.299999957283,3
A2GM1ZIBRBHBK7,ns,20-1,20.0,1000.0,8,23532.39999992649,14130.949999968212,9401.449999958277,-4729.5000000099335,4
A2GM1ZIBRBHBK7,ns,20-1,20.0,1000.0,9,37012.699999809265,18423.99999976158,12869.5,-5554.499999761581,4
A2ONILC0LZKG6Y,rec,20-1,20.0,1000.0,8,43146.25,16381.75,26764.5,10382.75,4
A2ONILC0LZKG6Y,rec,20-1,20.0,1000.0,9,33773.0,9291.333333333334,22132.0,12840.666666666666,4
A2ONILC0LZKG6Y,rec,20-1,20.0,1000.0,10,57665.5,13262.0,44403.5,31141.5,5
A2ONILC0LZKG6Y,rec,20-1,20.0,1000.0,11,49178.5,12490.25,33835.916666666664,21345.666666666668,5
A2ONILC0LZKG6Y,rec,20-1,20.0,1000.0,12,47984.333333333336,14352.666666666666,33631.666666666664,19279.0,6
A2ONILC0LZKG6Y,rec,20-1,20.0,1000.0,13,61431.166666666664,15135.208333333332,42585.666666666664,27450.458333333332,6
A2ONILC0LZKG6Y,rec,20-1,20.0,1000.0,14,40885.75,16452.5,24433.25,7980.75,7
A2ONILC0LZKG6Y,rec,20-1,20.0,1000.0,15,62540.375,18362.25,41972.0,23609.75,7
A2ONILC0LZKG6Y,rec,20-1,20.0,1000.0,16,51933.0,19183.0,32750.0,13567.0,8
A2QX1SJXQN1NV1,prim,20-1,20.0,1000.0,3,40130.0,0.0,30393.0,30393.0,1
A2QX1SJXQN1NV1,prim,20-1,20.0,1000.0,4,36849.66666666667,23334.166666666664,13515.5,-9818.666666666666,2
A2QX1SJXQN1NV1,prim,20-1,20.0,1000.0,5,49093.833333333336,6361.166666666667,33303.833333333336,26942.666666666668,2
A2QX1SJXQN1NV1,prim,20-1,20.0,1000.0,6,52420.33333333333,18073.333333333336,34347.0,16273.666666666666,3
A2QX1SJXQN1NV1,prim,20-1,20.0,1000.0,7,55573.125,22624.5,25748.5,3124.0,3
A2QX1SJXQN1NV1,prim,20-1,20.0,1000.0,8,54880.0,29932.75,24947.25,-4985.5,4
A2QY653X9531JP,ns,20-1,20.0,1000.0,3,14514.399999380112,0.0,10371.799999713898,10371.799999713898,1
A2QY653X9531JP,ns,20-1,20.0,1000.0,4,21343.43333339691,16135.233333428701,5208.199999968211,-10927.03333346049,2
A2QY653X9531JP,ns,20-1,20.0,1000.0,5,24620.83333317439,6163.066666603089,12218.23333311081,6055.16666650772,2
A2QY653X9531JP,ns,20-1,20.0,1000.0,6,38743.75416666269,17739.458333432674,21004.29583323002,3264.837499797344,3
A2QY653X9531JP,ns,20-1,20.0,1000.0,7,39769.08124985695,11099.684583324193,22981.27041654388,11881.585833219688,3
A2QY653X9531JP,ns,20-1,20.0,1000.0,8,44556.44999965032,19124.849999745686,25431.599999904633,6306.750000158946,4
A2QY653X9531JP,ns,20-1,20.0,1000.0,9,45285.666667461395,14171.133333683014,26051.76666688919,11880.633333206177,4
A2QY653X9531JP,ns,20-1,20.0,1000.0,10,52886.70000052452,26433.85000038147,26452.85000014305,18.99999976158142,5
A2QY653X9531JP,ns,20-1,20.0,1000.0,11,47971.500000953674,16353.700000286102,28401.300000667572,12047.60000038147,5
A2QY653X9531JP,ns,20-1,20.0,1000.0,12,57562.300000190735,23188.900000572205,34373.39999961853,11184.499999046326,6
A2RBF3IIJP15IH,rec,20-1,20.0,1000.0,4,8575.700000286102,3845.300000190735,4730.400000095367,885.0999999046326,2
A2RBF3IIJP15IH,rec,20-1,20.0,1000.0,5,12356.54166696469,2062.141666730245,4535.383333444595,2473.2416667143502,2
A2RBF3IIJP15IH,rec,20-1,20.0,1000.0,6,25566.629166627925,8076.524999961257,17490.104166666668,9413.579166705409,3
A2RBF3IIJP15IH,rec,20-1,20.0,1000.0,7,14740.504375012964,3541.6656249336897,8649.982500039414,5108.316875105724,3
A2RBF3IIJP15IH,rec,20-1,20.0,1000.0,8,13987.575000315905,8306.537500202656,5681.037500113249,-2625.500000089407,4
A2RBF3IIJP15IH,rec,20-1,20.0,1000.0,9,44263.40000009537,5403.600000023842,32896.500000059605,27492.900000035763,4
A2RWLFIP23FZA7,prim,20-1,20.0,1000.0,4,20396.174999999814,12482.049999999814,7914.125,-4567.924999999814,2
A2RWLFIP23FZA7,prim,20-1,20.0,1000.0,6,28912.738888890173,13578.199999999566,15334.538888890607,1756.3388888910422,3
A2RWLFIP23FZA7,prim,20-1,20.0,1000.0,7,20988.406250001706,6771.0000000001555,11327.98125000174,4556.981250001583,3
A2RWLFIP23FZA7,prim,20-1,20.0,1000.0,8,32112.21250000072,13051.399999999907,19060.812500000815,6009.412500000908,4
A2RWLFIP23FZA7,prim,20-1,20.0,1000.0,9,30248.958333331782,9751.050000000434,16361.749999997826,6610.699999997392,4
A2RWLFIP23FZA7,prim,20-1,20.0,1000.0,10,24413.89999999975,11964.449999997392,12449.45000000236,485.00000000496703,5
A2RWLFIP23FZA7,prim,20-1,20.0,1000.0,11,27448.224999997532,10537.275000000605,13590.07499999716,3052.799999996554,5
A2RWLFIP23FZA7,prim,20-1,20.0,1000.0,13,26865.200000004843,11059.500000001863,13395.500000003725,2336.0000000018626,6
A2SBZCFAVT83GN,rec,20-1,20.0,1000.0,4,17655.0,14279.5,3375.5,-10904.0,2
A2SBZCFAVT83GN,rec,20-1,20.0,1000.0,5,12201.0,2671.0,5580.0,2909.0,2
A2SBZCFAVT83GN,rec,20-1,20.0,1000.0,6,35271.0,22697.5,12573.5,-10124.0,3
A2SBZCFAVT83GN,rec,20-1,20.0,1000.0,7,38176.38888888888,9180.666666666666,20806.611111111113,11625.944444444445,3
A2SBZCFAVT83GN,rec,20-1,20.0,1000.0,8,31378.333333333332,18690.166666666668,12688.166666666666,-6002.0,4
A2SBZCFAVT83GN,rec,20-1,20.0,1000.0,9,40786.41666666667,17066.25,19154.333333333336,2088.083333333333,4
A2SBZCFAVT83GN,rec,20-1,20.0,1000.0,10,35445.5,19809.25,15636.25,-4173.0,5
A2SBZCFAVT83GN,rec,20-1,20.0,1000.0,11,43636.333333333336,13634.0,26030.333333333332,12396.333333333334,5
A2SBZCFAVT83GN,rec,20-1,20.0,1000.0,12,48357.5,25843.75,22513.75,-3330.0,6
A2SQGKP2REXOTN,prim,20-1,20.0,1000.0,3,16141.25,0.0,7007.75,7007.75,1
A2SQGKP2REXOTN,prim,20-1,20.0,1000.0,4,16549.5,9921.0,6628.5,-3292.5,2
A2SQGKP2REXOTN,prim,20-1,20.0,1000.0,5,23118.63333333333,4699.833333333333,12750.300000000001,8050.466666666667,2
A2SQGKP2REXOTN,prim,20-1,20.0,1000.0,6,24714.375,14823.27777777778,9891.09722222222,-4932.180555555556,3
A2SQGKP2REXOTN,prim,20-1,20.0,1000.0,7,33683.166666666664,11782.0,16119.666666666666,4337.666666666667,3
A2SQGKP2REXOTN,prim,20-1,20.0,1000.0,9,41821.0,13400.0,23227.0,9827.0,4
A2SQTRNQWDLU4F,ns,20-1,20.0,1000.0,3,20907.0,0.0,16532.0,16532.0,1
A2SQTRNQWDLU4F,ns,20-1,20.0,1000.0,4,35228.75,24600.25,10628.5,-13971.75,2
A2SQTRNQWDLU4F,ns,20-1,20.0,1000.0,5,47226.5,18640.25,18535.0,-105.25,2
A2SQTRNQWDLU4F,ns,20-1,20.0,1000.0,6,40204.95,24019.35,16185.6,-7833.75,3
A2SQTRNQWDLU4F,ns,20-1,20.0,1000.0,7,50222.0,14957.5,27216.75,12259.25,3
A2SQTRNQWDLU4F,ns,20-1,20.0,1000.0,8,57772.25,37099.0,20673.25,-16425.75,4
A2SQTRNQWDLU4F,ns,20-1,20.0,1000.0,9,53094.0,14625.0,25280.0,10655.0,4
A2SWQM5X54P1O5,ns,20-1,20.0,1000.0,6,20575.699999928474,10830.699999988079,9744.999999940395,-1085.7000000476837,3
A2SWQM5X54P1O5,ns,20-1,20.0,1000.0,7,16302.266666740179,3759.716666728258,10570.049999992054,6810.333333263794,3
A2SWQM5X54P1O5,ns,20-1,20.0,1000.0,8,24798.780357221407,10920.694642919516,13878.085714301893,2957.391071382378,4
A2SWQM5X54P1O5,ns,20-1,20.0,1000.0,9,24653.486250014605,5918.1729166607065,15082.777916684248,9164.605000023545,4
A2SWQM5X54P1O5,ns,20-1,20.0,1000.0,10,31052.046666626135,14766.396666651965,16285.649999974172,1519.2533333222073,5
A2SWQM5X54P1O5,ns,20-1,20.0,1000.0,11,39104.72499996424,12371.549999967217,23996.22500000894,11624.675000041723,5
A2TG5ESEOPXAHI,prim,20-1,20.0,1000.0,4,19048.699999809265,9268.49999988079,9780.199999928474,511.7000000476837,2
A2TG5ESEOPXAHI,prim,20-1,20.0,1000.0,6,32208.250000357628,17227.40000027418,14980.850000083447,-2246.550000190735,3
A2TG5ESEOPXAHI,prim,20-1,20.0,1000.0,7,39042.42083333929,16569.816666687526,14447.720833311478,-2122.09583337605,3
A2TG5ESEOPXAHI,prim,20-1,20.0,1000.0,8,41757.93166670998,24542.260000044105,17215.671666665872,-7326.588333378236,4
A2TG5ESEOPXAHI,prim,20-1,20.0,1000.0,9,51242.695833424725,17124.466666693486,24618.737500046693,7494.270833353202,4
A2TG5ESEOPXAHI,prim,20-1,20.0,1000.0,10,47877.61666651566,31601.866666595142,16275.749999920527,-15326.116666674614,5
A2TG5ESEOPXAHI,prim,20-1,20.0,1000.0,11,50111.93750010431,23957.275000035763,22815.237500056624,-1142.0374999791384,5
A2TG5ESEOPXAHI,prim,20-1,20.0,1000.0,12,52761.95000010729,28727.900000154972,24034.049999952316,-4693.850000202656,6
A2TG5ESEOPXAHI,prim,20-1,20.0,1000.0,14,53124.22500002384,28434.900000035763,24689.32499998808,-3745.5750000476837,7
A2V6E7SGEU0EFD,ns,20-1,20.0,1000.0,4,4967.583333329608,2439.9333333323398,2527.649999997268,87.71666666492804,2
A2V6E7SGEU0EFD,ns,20-1,20.0,1000.0,5,8054.744444431531,939.5888888811072,6159.277777784401,5219.688888903293,2
A2V6E7SGEU0EFD,ns,20-1,20.0,1000.0,6,11709.499999981374,4273.066666649965,7436.433333331408,3163.3666666814433,3
A2V6E7SGEU0EFD,ns,20-1,20.0,1000.0,7,17217.410000011325,3054.921666678538,11839.31416666607,8784.392499987533,3
A2V6E7SGEU0EFD,ns,20-1,20.0,1000.0,8,18931.28958332973,5698.3791666670395,13232.910416662693,7534.5312499956535,4
A2V6E7SGEU0EFD,ns,20-1,20.0,1000.0,9,25139.349999997765,4014.049999989569,19417.75000000745,15403.700000017881,4
A2VXT33Y2TQPOQ,prim,20-1,20.0,1000.0,4,34007.0,25919.0,8088.0,-17831.0,2
A2VXT33Y2TQPOQ,prim,20-1,20.0,1000.0,6,41242.0,22334.0,18908.0,-3426.0,3
A2VXT33Y2TQPOQ,prim,20-1,20.0,1000.0,7,38835.0,8170.333333333333,25103.333333333332,16933.0,3
A2VXT33Y2TQPOQ,prim,20-1,20.0,1000.0,8,33925.5,21795.5,12130.0,-9665.5,4
A2VXT33Y2TQPOQ,prim,20-1,20.0,1000.0,9,37393.125,13922.916666666666,18168.5,4245.583333333334,4
A2VXT33Y2TQPOQ,prim,20-1,20.0,1000.0,10,42384.541666666664,25251.583333333332,17132.958333333332,-8118.625,5
A2VXT33Y2TQPOQ,prim,20-1,20.0,1000.0,11,42455.055555555555,16475.277777777777,21897.166666666668,5421.888888888889,5
A2VXT33Y2TQPOQ,prim,20-1,20.0,1000.0,12,45390.666666666664,26130.666666666668,19260.0,-6870.666666666667,6
A2VXT33Y2TQPOQ,prim,20-1,20.0,1000.0,13,60550.0,24635.0,32602.5,7967.5,6
A2VXT33Y2TQPOQ,prim,20-1,20.0,1000.0,14,49393.0,24504.0,24889.0,385.0,7
A2XDWB9NVYI3LQ,rec,20-1,20.0,1000.0,4,18610.0,8700.0,9910.0,1210.0,2
A2XDWB9NVYI3LQ,rec,20-1,20.0,1000.0,5,24141.5,4281.0,12128.0,7847.0,2
A2XDWB9NVYI3LQ,rec,20-1,20.0,1000.0,6,21699.166666666668,12666.916666666668,9032.25,-3634.666666666667,3
A2XDWB9NVYI3LQ,rec,20-1,20.0,1000.0,7,33048.6,9299.65,19452.45,10152.8,3
A2XDWB9NVYI3LQ,rec,20-1,20.0,1000.0,8,27781.125,13293.375,14487.75,1194.375,4
A2XDWB9NVYI3LQ,rec,20-1,20.0,1000.0,9,32805.61111111112,12582.22222222222,15684.444444444445,3102.222222222222,4
A2XDWB9NVYI3LQ,rec,20-1,20.0,1000.0,10,37309.833333333336,22328.5,14981.333333333334,-7347.166666666667,5
A2XDWB9NVYI3LQ,rec,20-1,20.0,1000.0,11,45824.5,18621.0,23755.25,5134.25,5
A2XDWB9NVYI3LQ,rec,20-1,20.0,1000.0,12,44384.0,25228.0,19156.0,-6072.0,6
A3026HLELYNW7U,rec,20-1,20.0,1000.0,6,31909.5,19925.5,11984.0,-7941.5,3
A3026HLELYNW7U,rec,20-1,20.0,1000.0,7,29566.5,9850.0,13984.833333333332,4134.833333333333,3
A3026HLELYNW7U,rec,20-1,20.0,1000.0,8,40184.5,21149.0,19035.5,-2113.5,4
A3026HLELYNW7U,rec,20-1,20.0,1000.0,9,31867.916666666668,11877.333333333334,16534.416666666668,4657.083333333333,4
A3026HLELYNW7U,rec,20-1,20.0,1000.0,10,44082.333333333336,24743.05555555555,19339.277777777777,-5403.777777777777,5
A3026HLELYNW7U,rec,20-1,20.0,1000.0,11,46015.75,15472.166666666666,26579.833333333336,11107.666666666668,5
A3026HLELYNW7U,rec,20-1,20.0,1000.0,12,50014.75,24484.175,25530.575,1046.4,6
A3026HLELYNW7U,rec,20-1,20.0,1000.0,13,45837.0,21635.875,21894.125,258.25,6
A3026HLELYNW7U,rec,20-1,20.0,1000.0,14,45462.0,22312.0,23150.0,838.0,7
A3026HLELYNW7U,rec,20-1,20.0,1000.0,15,51144.0,19495.0,24789.0,5294.0,7
A3026HLELYNW7U,rec,20-1,20.0,1000.0,16,43614.0,20651.0,22963.0,2312.0,8
A351P2O6QGTCS,rec,20-1,20.0,1000.0,3,15039.600000023842,0.0,8399.600000023842,8399.600000023842,1
A351P2O6QGTCS,rec,20-1,20.0,1000.0,4,14881.250000014901,4322.075000017881,10559.17499999702,6237.099999979138,2
A351P2O6QGTCS,rec,20-1,20.0,1000.0,5,34903.29999999205,2011.166666706403,29136.466666658718,27125.299999952316,2
A351P2O6QGTCS,rec,20-1,20.0,1000.0,6,30201.18833336234,8329.333333339293,21871.855000023046,13542.521666683753,3
A351P2O6QGTCS,rec,20-1,20.0,1000.0,7,52373.90000003576,3085.899999976158,40826.700000047684,37740.800000071526,3
A351P2O6QGTCS,rec,20-1,20.0,1000.0,8,48751.80000013113,23796.175000101328,24955.625000029802,1159.4499999284744,4
A351P2O6QGTCS,rec,20-1,20.0,1000.0,9,52297.53333322207,18431.83333337307,31540.533333222073,13108.699999849001,4
A351P2O6QGTCS,rec,20-1,20.0,1000.0,10,47799.56000002623,20325.760000026225,27473.8,7148.039999973774,5
A351P2O6QGTCS,rec,20-1,20.0,1000.0,11,60272.099999666214,19412.89999985695,35932.99999988079,16520.100000023842,5
A351P2O6QGTCS,rec,20-1,20.0,1000.0,13,77058.90000009537,21623.200000047684,53118.700000047684,31495.5,6
A39R5EBK7W916X,ns,20-1,20.0,1000.0,5,50532.699999928474,14207.75,22566.32499998808,8358.574999988079,2
A39R5EBK7W916X,ns,20-1,20.0,1000.0,6,41865.875,26893.099999934435,14972.775000065565,-11920.32499986887,3
A39R5EBK7W916X,ns,20-1,20.0,1000.0,7,45817.474999934435,17906.899999946356,21205.924999952316,3299.0250000059605,3
A39R5EBK7W916X,ns,20-1,20.0,1000.0,8,57660.10833328962,31940.99166663488,25719.116666654747,-6221.874999980131,4
A3D9PJ37U7LCHE,ns,20-1,20.0,1000.0,3,20691.125000047683,0.0,10921.49500001073,10921.49500001073,1
A3D9PJ37U7LCHE,ns,20-1,20.0,1000.0,4,24815.373333247506,12231.30000003179,12584.073333215712,352.77333318392465,2
A3D9PJ37U7LCHE,ns,20-1,20.0,1000.0,5,24834.972222235472,5360.699999954965,13011.783333354528,7651.0833333995615,2
A3D9PJ37U7LCHE,ns,20-1,20.0,1000.0,6,30521.5,17916.549999952316,12604.950000047684,-5311.599999904633,3
A3D9PJ37U7LCHE,ns,20-1,20.0,1000.0,7,34206.27499985695,8585.674999892712,18946.650000035763,10360.975000143051,3
A3D9PJ37U7LCHE,ns,20-1,20.0,1000.0,8,33636.06666662296,19128.950000027817,14507.116666595142,-4621.833333432674,4
A3D9PJ37U7LCHE,ns,20-1,20.0,1000.0,9,31593.912500292063,12581.95000013709,14451.037500202656,1869.087500065565,4
A3D9PJ37U7LCHE,ns,20-1,20.0,1000.0,10,35944.70000014703,18383.366666833557,17561.333333313465,-822.0333335200946,5
A3D9PJ37U7LCHE,ns,20-1,20.0,1000.0,11,43516.75000011921,13167.00000011921,25832.549999952316,12665.549999833107,5
A3EVXSWHYA1PTT,rec,20-1,20.0,1000.0,3,7003.4000000003725,0.0,4747.200000001118,4747.200000001118,1
A3EVXSWHYA1PTT,rec,20-1,20.0,1000.0,11,73777.70000000112,16273.699999999255,54389.00000000186,38115.30000000261,5
A3EVXSWHYA1PTT,rec,20-1,20.0,1000.0,13,36129.20000001788,20940.70000001788,13184.60000000894,-7756.100000008941,6
A3EVXSWHYA1PTT,rec,20-1,20.0,1000.0,14,43180.44999997318,21673.749999962747,21506.70000001043,-167.04999995231628,7
A3EVXSWHYA1PTT,rec,20-1,20.0,1000.0,15,53590.07499997411,23637.974999982398,28135.64999999199,4497.675000009593,7
A3EVXSWHYA1PTT,rec,20-1,20.0,1000.0,16,75592.17999999883,32655.31999999893,42936.8599999999,10281.540000000969,8
A3EVXSWHYA1PTT,rec,20-1,20.0,1000.0,17,63824.41249999078,23986.445833313435,34472.41666667055,10485.970833357114,8
A3EVXSWHYA1PTT,rec,20-1,20.0,1000.0,18,70183.97916668064,24592.20416667033,45591.775000010304,20999.570833339978,9
A3EVXSWHYA1PTT,rec,20-1,20.0,1000.0,19,71647.71666666982,23279.09888888556,46057.21444444963,22778.11555556407,9
A3EVXSWHYA1PTT,rec,20-1,20.0,1000.0,20,63417.45000003278,24605.92500001192,38811.52500002086,14205.60000000894,10
A3GIUDSA1IGTFV,ns,20-1,20.0,1000.0,3,64997.60000014305,0.0,26017.200000047684,26017.200000047684,1
A3GIUDSA1IGTFV,ns,20-1,20.0,1000.0,5,45234.39999985695,21008.09999990464,19230.099999904625,-1778.0000000000146,2
A3GIUDSA1IGTFV,ns,20-1,20.0,1000.0,6,52256.17500001192,24776.25,27479.92500001192,2703.675000011921,3
A3GIUDSA1IGTFV,ns,20-1,20.0,1000.0,7,58656.83333353996,25709.600000031787,25253.260000125567,-456.339999906222,3
A3GIUDSA1IGTFV,ns,20-1,20.0,1000.0,8,51350.04999987284,31556.68333331744,19793.366666555405,-11763.316666762033,4
A3GIUDSA1IGTFV,ns,20-1,20.0,1000.0,9,54413.60000008345,13725.999999940395,36311.625000178814,22585.62500023842,4
A3GIUDSA1IGTFV,ns,20-1,20.0,1000.0,10,57976.60000002384,24112.24999988079,33864.35000014305,9752.10000026226,5
A3GIUDSA1IGTFV,ns,20-1,20.0,1000.0,11,53853.74999988079,21497.799999952316,27651.024999916553,6153.224999964237,5
A3GIUDSA1IGTFV,ns,20-1,20.0,1000.0,12,39287.89999961853,20268.299999713898,19019.599999904633,-1248.6999998092651,6
A3GIUDSA1IGTFV,ns,20-1,20.0,1000.0,13,43269.10000038147,21387.10000014305,14105.500000357628,-7281.599999785423,6
A3GIUDSA1IGTFV,ns,20-1,20.0,1000.0,14,39752.15000009537,21142.200000166893,18609.949999928474,-2532.2500002384186,7
A3GIUDSA1IGTFV,ns,20-1,20.0,1000.0,15,46799.50000047684,18314.900000333786,26378.700000047684,8063.799999713898,7
A3HXK0UGS1YDMC,prim,20-1,20.0,1000.0,3,13571.999999761581,0.0,8997.799999952316,8997.799999952316,1
A3HXK0UGS1YDMC,prim,20-1,20.0,1000.0,4,19267.800000071526,14063.912500083447,5203.887499988079,-8860.025000095367,2
A3HXK0UGS1YDMC,prim,20-1,20.0,1000.0,5,21290.150000214577,4600.825000107288,10214.050000071526,5613.224999964237,2
A3HXK0UGS1YDMC,prim,20-1,20.0,1000.0,6,27081.411111341582,13949.977777732742,13131.433333608838,-818.5444441239039,3
A3HXK0UGS1YDMC,prim,20-1,20.0,1000.0,7,31384.13333316644,12685.433333277702,13125.158333281675,439.72500000397366,3
A3HXK0UGS1YDMC,prim,20-1,20.0,1000.0,8,33441.21000004609,20234.250000047683,13206.959999998411,-7027.290000049274,4
A3HXK0UGS1YDMC,prim,20-1,20.0,1000.0,9,42851.84000005722,16820.915000104906,20244.079999935628,3423.164999830723,4
A3HXK0UGS1YDMC,prim,20-1,20.0,1000.0,10,50951.52499989669,25884.825000067554,25066.699999829136,-818.1250002384186,5
A3HXK0UGS1YDMC,prim,20-1,20.0,1000.0,11,46318.99999940395,21288.299999713898,21701.39999973774,413.10000002384186,5
A3ITZNJQUTIZ4C,rec,20-1,20.0,1000.0,6,32301.4999999851,14459.0,17842.4999999851,3383.499999985099,3
A3ITZNJQUTIZ4C,rec,20-1,20.0,1000.0,7,45489.687500002605,13847.604999998957,23999.322500002756,10151.7175000038,3
A3ITZNJQUTIZ4C,rec,20-1,20.0,1000.0,8,52937.85000000149,23163.875,29773.97500000149,6610.100000001493,4
A3ITZNJQUTIZ4C,rec,20-1,20.0,1000.0,9,49292.4899999965,14193.469999995828,30723.740000001715,16530.270000005887,4
A3ITZNJQUTIZ4C,rec,20-1,20.0,1000.0,10,50796.59999997914,33547.29999998212,17249.29999999702,-16297.999999985099,5
A3ITZNJQUTIZ4C,rec,20-1,20.0,1000.0,11,53100.70000000298,16148.10000000894,30985.5,14837.39999999106,5
A3MHP4LZ3V88NF,prim,20-1,20.0,1000.0,5,46890.0,28764.0,9397.0,-19367.0,2
A3MHP4LZ3V88NF,prim,20-1,20.0,1000.0,7,35920.5,15050.5,16640.5,1590.0,3
A3MHP4LZ3V88NF,prim,20-1,20.0,1000.0,8,38062.25,15944.5,22117.75,6173.25,4
A3MHP4LZ3V88NF,prim,20-1,20.0,1000.0,9,35548.77777777778,12176.555555555555,17937.333333333332,5760.777777777778,4
A3MHP4LZ3V88NF,prim,20-1,20.0,1000.0,10,46053.0,30162.625,15890.375,-14272.25,5
A3MHP4LZ3V88NF,prim,20-1,20.0,1000.0,11,47093.3125,20665.666666666668,20720.895833333336,55.229166666666686,5
A3MHP4LZ3V88NF,prim,20-1,20.0,1000.0,12,49217.125,27724.25,21492.875,-6231.375,6
A3MHP4LZ3V88NF,prim,20-1,20.0,1000.0,13,43984.916666666664,19844.166666666668,20758.5,914.3333333333333,6
A3MHP4LZ3V88NF,prim,20-1,20.0,1000.0,14,43973.5,23735.0,20238.5,-3496.5,7
A3MHP4LZ3V88NF,prim,20-1,20.0,1000.0,15,55731.666666666664,25371.333333333332,27830.666666666668,2459.3333333333335,7
A3NRIEMOJVVX4A,rec,20-1,20.0,1000.0,3,6400.25,0.0,3394.4999999999995,3394.4999999999995,1
A3NRIEMOJVVX4A,rec,20-1,20.0,1000.0,4,10044.98611111587,5851.141666666088,4193.8444444497845,-1657.2972222163032,2
A3NRIEMOJVVX4A,rec,20-1,20.0,1000.0,5,8622.346666662303,1985.237916659882,4658.787083345582,2673.5491666856997,2
A3NRIEMOJVVX4A,rec,20-1,20.0,1000.0,6,10563.422916665362,5449.956250017586,5113.466666647776,-336.4895833698101,3
A3NRIEMOJVVX4A,rec,20-1,20.0,1000.0,7,15359.824999989942,5000.100000000559,8180.974999994971,3180.8749999944125,3
A3PEV3KN6F7JRG,ns,20-1,20.0,1000.0,3,34754.099999892525,0.0,25700.87499988079,25700.87499988079,1
A3PEV3KN6F7JRG,ns,20-1,20.0,1000.0,4,58155.287500015846,36120.133333317164,22035.15416669869,-14084.979166618472,2
A3PEV3KN6F7JRG,ns,20-1,20.0,1000.0,5,59049.32500014361,7083.95000002347,19115.900000072084,12031.950000048615,2
A3PEV3KN6F7JRG,ns,20-1,20.0,1000.0,6,60416.56666666642,35773.90000000037,24642.666666666046,-11131.233333334327,3
A3PEV3KN6F7JRG,ns,20-1,20.0,1000.0,7,74523.09999999963,30450.89999992773,36761.25,6310.350000072271,3
A3QKOYP52HYRH2,rec,20-1,20.0,1000.0,7,36482.0,17537.0,13232.0,-4305.0,3
A3QKOYP52HYRH2,rec,20-1,20.0,1000.0,8,43502.5,25350.25,18152.25,-7198.0,4
A3QKOYP52HYRH2,rec,20-1,20.0,1000.0,9,50786.666666666664,24331.5,23095.5,-1236.0,4
A3QKOYP52HYRH2,rec,20-1,20.0,1000.0,10,46366.58333333333,24631.625,21734.958333333332,-2896.666666666667,5
A3QKOYP52HYRH2,rec,20-1,20.0,1000.0,11,55452.5,18575.541666666668,32259.041666666664,13683.5,5
A3QKOYP52HYRH2,rec,20-1,20.0,1000.0,12,52709.375,27224.0,25485.375,-1738.625,6
A3QKOYP52HYRH2,rec,20-1,20.0,1000.0,13,57259.3125,20003.625,29190.375,9186.75,6
A3QKOYP52HYRH2,rec,20-1,20.0,1000.0,14,59063.75,25492.0,33571.75,8079.75,7
A3RFOODI4G4P4K,rec,20-1,20.0,1000.0,4,31010.299999952316,26709.299999952316,4301.0,-22408.299999952316,2
A3RFOODI4G4P4K,rec,20-1,20.0,1000.0,6,49989.50000126349,20164.933334080502,29824.566667182993,9659.633333102489,3
A3RFOODI4G4P4K,rec,20-1,20.0,1000.0,7,41727.016663730145,9251.399999817211,24816.549997627735,15565.149997810524,3
A3RFOODI4G4P4K,rec,20-1,20.0,1000.0,8,56076.55625038745,26133.893749529147,29942.662500858307,3808.7687513291603,4
A3RFOODI4G4P4K,rec,20-1,20.0,1000.0,9,57720.5500001437,23093.36250014277,28426.737499809824,5333.374999667052,4
A3RFOODI4G4P4K,rec,20-1,20.0,1000.0,10,54639.986667787845,28694.89166688941,25945.095000898433,-2749.796665990974,5
A3RFOODI4G4P4K,rec,20-1,20.0,1000.0,11,59332.416666666664,16346.766667239057,33791.31666603064,17444.54999879158,5
A3RFOODI4G4P4K,rec,20-1,20.0,1000.0,12,62028.01250064373,32895.48750033975,29132.525000303984,-3762.962500035763,6
A3RFOODI4G4P4K,rec,20-1,20.0,1000.0,14,73922.10000002384,34956.799999952316,38965.300000071526,4008.5000001192093,7
A3RFOODI4G4P4K,rec,20-1,20.0,1000.0,15,67472.89999961853,23264.60000228882,35439.79999732971,12175.199995040894,7
A3RHJEMZ4EGY2U,rec,20-1,20.0,1000.0,7,20446.79999998957,5742.299999989569,11027.0,5284.700000010431,3
A3RHJEMZ4EGY2U,rec,20-1,20.0,1000.0,8,42429.733333290555,16474.449999970384,25955.28333332017,9480.833333349787,4
A3RHJEMZ4EGY2U,rec,20-1,20.0,1000.0,9,33699.16214284893,8556.684999991718,20453.360952378145,11896.675952386426,4
A3RHJEMZ4EGY2U,rec,20-1,20.0,1000.0,10,35965.37500002771,16335.508333355343,19629.866666672362,3294.35833331702,5
A3RHJEMZ4EGY2U,rec,20-1,20.0,1000.0,11,42215.20166668508,10809.594999988345,27893.38500001741,17083.790000029065,5
A3RHJEMZ4EGY2U,rec,20-1,20.0,1000.0,12,38519.800000071526,15650.300000071526,22869.5,7219.199999928474,6
A3RHJEMZ4EGY2U,rec,20-1,20.0,1000.0,13,45109.89999999106,14542.39999999106,27674.19999999553,13131.80000000447,6
A3S76P3L3USWI1,prim,20-1,20.0,1000.0,3,22523.950000286102,0.0,11677.499999841053,11677.499999841053,1
A3S76P3L3USWI1,prim,20-1,20.0,1000.0,4,15351.550000190735,11441.550000190735,3910.0,-7531.550000190735,2
A3S76P3L3USWI1,prim,20-1,20.0,1000.0,5,20589.293750226498,4891.670833448569,12282.379166841507,7390.708333392939,2
A3S76P3L3USWI1,prim,20-1,20.0,1000.0,6,25061.17777845594,14503.477777798971,10557.700000656974,-3945.777777141995,3
A3S76P3L3USWI1,prim,20-1,20.0,1000.0,7,26070.97777779897,9089.53333346049,14358.655555513169,5269.122222052681,3
A3S76P3L3USWI1,prim,20-1,20.0,1000.0,8,31940.438887861037,11225.899999777475,20714.538888083564,9488.638888306088,4
A3S76P3L3USWI1,prim,20-1,20.0,1000.0,9,35726.30000114441,9629.100001335144,23359.5,13730.399998664856,4
A3S76P3L3USWI1,prim,20-1,20.0,1000.0,10,26312.775000095367,14352.125000476837,11960.64999961853,-2391.475000858307,5
A3S76P3L3USWI1,prim,20-1,20.0,1000.0,11,38443.69999949137,12018.600000063578,22373.43333307902,10354.833333015442,5
A3USPFFWN1G5PF,rec,20-1,20.0,1000.0,5,27774.0,4816.0,17939.0,13123.0,2
A3USPFFWN1G5PF,rec,20-1,20.0,1000.0,6,24227.222222222223,14160.666666666666,10066.555555555557,-4094.1111111111113,3
A3USPFFWN1G5PF,rec,20-1,20.0,1000.0,7,29272.8125,9457.791666666668,16123.541666666666,6665.75,3
A3USPFFWN1G5PF,rec,20-1,20.0,1000.0,8,35826.2625,21444.5,14381.7625,-7062.7375,4
A3USPFFWN1G5PF,rec,20-1,20.0,1000.0,9,36761.2,11033.05,19019.85,7986.8,4
A3USPFFWN1G5PF,rec,20-1,20.0,1000.0,10,40564.5,22576.0,17988.5,-4587.5,5
A50UY1556VDIA,ns,20-1,20.0,1000.0,3,29939.833333333336,0.0,9765.333333333332,9765.333333333332,1
A50UY1556VDIA,ns,20-1,20.0,1000.0,4,23967.791666666668,16834.125,7133.666666666667,-9700.458333333332,2
A50UY1556VDIA,ns,20-1,20.0,1000.0,5,28964.208333333332,5822.854166666667,16063.895833333334,10241.041666666668,2
A50UY1556VDIA,ns,20-1,20.0,1000.0,6,28643.2,17026.0,11617.199999999999,-5408.8,3
A50UY1556VDIA,ns,20-1,20.0,1000.0,7,35298.0,10648.0,16875.0,6227.0,3
A50UY1556VDIA,ns,20-1,20.0,1000.0,8,49448.0,21274.0,28174.0,6900.0,4
A7R1OLLU1Z6RA,rec,20-1,20.0,1000.0,4,4642.599999964237,3200.399999976158,1442.199999988079,-1758.199999988079,2
A7R1OLLU1Z6RA,rec,20-1,20.0,1000.0,5,13689.050000071526,1100.100000023842,10992.949999928474,9892.849999904633,2
A7R1OLLU1Z6RA,rec,20-1,20.0,1000.0,6,16401.980555531052,6869.80555554231,9532.174999988742,2662.3694444464313,3
A7R1OLLU1Z6RA,rec,20-1,20.0,1000.0,7,13335.77500011772,2703.4500000476837,9169.57500013709,6466.125000089407,3
A7R1OLLU1Z6RA,rec,20-1,20.0,1000.0,8,26211.59999999404,9546.066666662693,16665.533333331347,7119.4666666686535,4
A7R1OLLU1Z6RA,rec,20-1,20.0,1000.0,9,32714.983333587646,6160.549999992053,18046.550000111263,11886.00000011921,4
A7R1OLLU1Z6RA,rec,20-1,20.0,1000.0,10,24338.666666610374,11068.194444401395,13270.472222208977,2202.27777780758,5
A7R1OLLU1Z6RA,rec,20-1,20.0,1000.0,11,41506.65555561914,9296.008333444595,29672.441666616334,20376.43333317174,5
A7R1OLLU1Z6RA,rec,20-1,20.0,1000.0,12,35310.30000042915,16937.10000038147,18373.200000047684,1436.099999666214,6
A7R1OLLU1Z6RA,rec,20-1,20.0,1000.0,13,43841.29999983311,11487.049999833107,30377.699999928474,18890.650000095367,6
A7R1OLLU1Z6RA,rec,20-1,20.0,1000.0,14,37357.700000077486,8780.000000059605,28577.70000001788,19797.699999958277,7
AEJU0MCYOQC77,prim,20-1,20.0,1000.0,5,30296.0,16782.0,10661.0,-6121.0,2
AEJU0MCYOQC77,prim,20-1,20.0,1000.0,6,56299.0,20766.0,35533.0,14767.0,3
AEJU0MCYOQC77,prim,20-1,20.0,1000.0,7,36802.04166666667,13696.666666666668,17889.041666666664,4192.375,3
AEJU0MCYOQC77,prim,20-1,20.0,1000.0,8,38756.555555555555,21439.01111111111,17317.544444444444,-4121.466666666666,4
AEJU0MCYOQC77,prim,20-1,20.0,1000.0,9,41779.555555555555,16702.44444444444,17919.88888888889,1217.4444444444446,4
AEJU0MCYOQC77,prim,20-1,20.0,1000.0,10,42422.0,24953.0,17469.0,-7484.0,5
AEJU0MCYOQC77,prim,20-1,20.0,1000.0,11,48295.0,18913.0,24612.0,5699.0,5
AEJU0MCYOQC77,prim,20-1,20.0,1000.0,12,51140.5,30093.0,21047.5,-9045.5,6
AEJU0MCYOQC77,prim,20-1,20.0,1000.0,13,53029.0,31258.0,19569.0,-11689.0,6
AHU3EE2Q05E18,prim,20-1,20.0,1000.0,4,28442.79999947548,18037.449999570847,10405.349999904633,-7632.099999666214,2
AHU3EE2Q05E18,prim,20-1,20.0,1000.0,5,30621.31250023842,6003.749999940395,15712.47500026226,9708.725000321865,2
AHU3EE2Q05E18,prim,20-1,20.0,1000.0,6,42417.08750003576,23802.79999998212,18614.287500053644,-5188.512499928476,3
AHU3EE2Q05E18,prim,20-1,20.0,1000.0,7,44897.758333309495,13494.29208312432,23263.942500148216,9769.650417023897,3
AHU3EE2Q05E18,prim,20-1,20.0,1000.0,8,45161.64333326419,27431.81499997775,17729.828333286445,-9701.986666691304,4
AHU3EE2Q05E18,prim,20-1,20.0,1000.0,9,46306.844444221926,15090.60000011656,25990.077777597642,10899.47777748108,4
AHU3EE2Q05E18,prim,20-1,20.0,1000.0,10,59418.50000047684,35481.60000038147,23936.900000095367,-11544.700000286102,5
AJD90361AJO80,ns,20-1,20.0,1000.0,3,35847.0,0.0,23939.333333333332,23939.333333333332,1
AJD90361AJO80,ns,20-1,20.0,1000.0,4,44210.0,33575.0,10635.0,-22940.0,2
AJD90361AJO80,ns,20-1,20.0,1000.0,5,46174.0,8005.0,20440.5,12435.5,2
AJD90361AJO80,ns,20-1,20.0,1000.0,6,56845.555555555555,36503.277777777774,20342.277777777777,-16161.0,3
AJD90361AJO80,ns,20-1,20.0,1000.0,7,57349.6875,20523.0625,28310.25,7787.1875,3
AJD90361AJO80,ns,20-1,20.0,1000.0,8,64156.0,35009.7,29146.3,-5863.4,4
AJD90361AJO80,ns,20-1,20.0,1000.0,9,62860.166666666664,21116.166666666668,34693.0,13576.833333333334,4
AJD90361AJO80,ns,20-1,20.0,1000.0,10,65052.0,32566.375,32485.625,-80.75,5
AK52RXEJKR81A,ns,20-1,20.0,1000.0,4,26919.75,22435.89999961853,4483.85000038147,-17952.04999923706,2
AK52RXEJKR81A,ns,20-1,20.0,1000.0,5,15876.70000076294,4345.099999427795,6250.10000038147,1905.0000009536743,2
AK52RXEJKR81A,ns,20-1,20.0,1000.0,6,24535.466667175293,14787.61666727066,9747.849999904633,-5039.766667366028,3
AK52RXEJKR81A,ns,20-1,20.0,1000.0,7,29157.42222245534,9631.577778286404,14887.888888570998,5256.311110284593,3
AK52RXEJKR81A,ns,20-1,20.0,1000.0,8,30387.984444554648,14841.74222238329,15546.242222171359,704.4999997880726,4
AK52RXEJKR81A,ns,20-1,20.0,1000.0,9,33235.894443670906,11665.449999332428,17092.422222243415,5426.972222910987,4
AK52RXEJKR81A,ns,20-1,20.0,1000.0,10,32273.541666905086,17300.308333476383,14973.233333428701,-2327.0750000476837,5
AK52RXEJKR81A,ns,20-1,20.0,1000.0,11,34427.800000190735,11220.900000572205,20156.800000190735,8935.89999961853,5
AMJAZPJBO936R,prim,20-1,20.0,1000.0,6,72711.25,57709.64999997616,15001.600000023842,-42708.049999952316,3
AMJAZPJBO936R,prim,20-1,20.0,1000.0,8,72185.74999976158,44148.449999809265,28037.299999952316,-16111.149999856949,4
AMJAZPJBO936R,prim,20-1,20.0,1000.0,9,71680.4249998331,27976.02499985695,32049.574999928474,4073.5500000715256,4
AMJAZPJBO936R,prim,20-1,20.0,1000.0,10,75461.50000023842,45363.25000011921,30098.25000011921,-15265.0,5
AMJAZPJBO936R,prim,20-1,20.0,1000.0,11,75848.56666660309,29848.533333142597,38096.56666692098,8248.033333778381,5
AMJAZPJBO936R,prim,20-1,20.0,1000.0,12,62856.50000059605,33196.00000047684,29660.50000011921,-3535.500000357628,6
AMJAZPJBO936R,prim,20-1,20.0,1000.0,13,73829.00000024836,29914.364583363134,37838.529166936874,7924.164583573738,6
AMJAZPJBO936R,prim,20-1,20.0,1000.0,14,74631.35625015695,37833.287500073515,36798.06875008345,-1035.2187499900658,7
AMJAZPJBO936R,prim,20-1,20.0,1000.0,15,74055.29166660705,32677.12916648388,36728.395833432674,4051.2666669487953,7
AMJAZPJBO936R,prim,20-1,20.0,1000.0,16,73477.36666679382,38825.43333307902,34651.933333714805,-4173.499999364217,8
AMJAZPJBO936R,prim,20-1,20.0,1000.0,17,69898.39999961853,33996.0,33117.39999961853,-878.6000003814697,8
AMJAZPJBO936R,prim,20-1,20.0,1000.0,18,73087.2000002861,35198.60000038147,37888.59999990463,2689.999999523163,9
AOQZVAH5FSKGE,prim,20-1,20.0,1000.0,3,26442.5,0.0,19728.5,19728.5,1
AOQZVAH5FSKGE,prim,20-1,20.0,1000.0,4,16609.777777777777,8801.0,7808.777777777778,-992.2222222222221,2
AOQZVAH5FSKGE,prim,20-1,20.0,1000.0,5,24810.166666666668,3977.5,10631.666666666666,6654.166666666667,2
AOQZVAH5FSKGE,prim,20-1,20.0,1000.0,6,27132.88888888889,15839.111111111111,11293.77777777778,-4545.333333333333,3
AOQZVAH5FSKGE,prim,20-1,20.0,1000.0,7,29929.55555555556,10327.388888888889,13424.166666666666,3096.7777777777774,3
AOQZVAH5FSKGE,prim,20-1,20.0,1000.0,8,32950.958333333336,18022.270833333332,14928.6875,-3093.583333333333,4
AOQZVAH5FSKGE,prim,20-1,20.0,1000.0,9,38552.5,13014.0,22781.5,9767.5,4
AOQZVAH5FSKGE,prim,20-1,20.0,1000.0,10,36869.5,19867.5,17002.0,-2865.5,5
AQCJI23U1VBYD,prim,20-1,20.0,1000.0,4,44086.22499996424,32516.950000047684,11569.274999916553,-20947.67500013113,2
AQCJI23U1VBYD,prim,20-1,20.0,1000.0,5,18264.900000095367,6824.100000143051,8360.099999904633,1535.9999997615814,2
AQCJI23U1VBYD,prim,20-1,20.0,1000.0,6,51985.633333444595,38209.166666587196,13776.466666857401,-24432.699999729793,3
AQCJI23U1VBYD,prim,20-1,20.0,1000.0,7,48859.76999988556,14174.399999856949,25865.625000007945,11691.225000150998,3
AQCJI23U1VBYD,prim,20-1,20.0,1000.0,8,53350.325000047684,31479.67499998212,21870.650000065565,-9609.024999916553,4
AQCJI23U1VBYD,prim,20-1,20.0,1000.0,9,55097.85555574629,19614.37777788109,23844.861111150847,4230.483333269755,4
AQCJI23U1VBYD,prim,20-1,20.0,1000.0,10,35852.56666632493,18754.436666464804,17098.129999860128,-1656.306666604678,5
AQCJI23U1VBYD,prim,20-1,20.0,1000.0,11,37216.84999990463,13210.5,21554.149999976158,8343.649999976158,5
AQCJI23U1VBYD,prim,20-1,20.0,1000.0,12,41154.20000052452,20624.650000095367,20529.550000429153,-95.09999966621399,6
AQCJI23U1VBYD,prim,20-1,20.0,1000.0,13,59548.69999933243,21594.39999961853,34266.699999809265,12672.300000190735,6
AQCJI23U1VBYD,prim,20-1,20.0,1000.0,14,33348.50000023842,17416.200000286102,15932.299999952316,-1483.900000333786,7
AQCJI23U1VBYD,prim,20-1,20.0,1000.0,15,35587.09999990463,14864.349999785423,18001.950000047684,3137.6000002622604,7
AQCJI23U1VBYD,prim,20-1,20.0,1000.0,17,37170.200000047684,15615.599999904633,19247.400000095367,3631.800000190735,8
AQPFTUIJ0PW2N,prim,20-1,20.0,1000.0,3,30348.355555555554,0.0,12387.466666666667,12387.466666666667,1
AQPFTUIJ0PW2N,prim,20-1,20.0,1000.0,4,33702.0,22374.222222222223,11327.777777777776,-11046.444444444445,2
AQPFTUIJ0PW2N,prim,20-1,20.0,1000.0,5,29333.95,4873.9,18850.55,13976.65,2
AQPFTUIJ0PW2N,prim,20-1,20.0,1000.0,6,37242.833333333336,25293.666666666668,11949.166666666666,-13344.5,3
AXFCUZ1WQC2WY,ns,20-1,20.0,1000.0,3,66198.0,0.0,38413.0,38413.0,1
AXFCUZ1WQC2WY,ns,20-1,20.0,1000.0,4,29085.0,22624.0,6461.0,-16163.0,2
AXFCUZ1WQC2WY,ns,20-1,20.0,1000.0,5,26153.0,4298.5,10560.25,6261.75,2
AXFCUZ1WQC2WY,ns,20-1,20.0,1000.0,6,59894.0,23835.0,36059.0,12224.0,3
AXFCUZ1WQC2WY,ns,20-1,20.0,1000.0,7,51548.555555555555,17707.444444444445,26133.11111111111,8425.666666666666,3
AXFCUZ1WQC2WY,ns,20-1,20.0,1000.0,8,43151.0,24772.666666666668,18378.333333333332,-6394.333333333333,4
AXFCUZ1WQC2WY,ns,20-1,20.0,1000.0,9,49373.22222222222,20777.333333333332,22663.55555555555,1886.2222222222224,4
AXFCUZ1WQC2WY,ns,20-1,20.0,1000.0,10,40068.0,22029.0,18039.0,-3990.0,5
AXFCUZ1WQC2WY,ns,20-1,20.0,1000.0,11,42592.5,15188.0,22331.0,7143.0,5
AXFCUZ1WQC2WY,ns,20-1,20.0,1000.0,12,44061.0,23003.0,21058.0,-1945.0,6
AY7M9MOLNXIIK,ns,20-1,20.0,1000.0,3,31724.449999928474,0.0,9477.300000011921,9477.300000011921,1
AY7M9MOLNXIIK,ns,20-1,20.0,1000.0,4,37999.14999997616,16777.69999998808,21221.44999998808,4443.75,2
AY7M9MOLNXIIK,ns,20-1,20.0,1000.0,5,36987.4166666468,12879.033333321411,15232.141666650772,2353.1083333293595,2
AY7M9MOLNXIIK,ns,20-1,20.0,1000.0,6,36033.9,16295.85,19738.05,3442.2,3
AY7M9MOLNXIIK,ns,20-1,20.0,1000.0,7,38977.4375000298,10480.312500014901,20297.71250000596,9817.39999999106,3
AY7M9MOLNXIIK,ns,20-1,20.0,1000.0,8,42450.299999999996,23032.066666666666,19418.233333333334,-3613.8333333333335,4
AY7M9MOLNXIIK,ns,20-1,20.0,1000.0,9,38524.5,14126.25,19933.25,5807.0,4
AY7M9MOLNXIIK,ns,20-1,20.0,1000.0,10,48068.5,27223.5,20845.0,-6378.5,5
AZZA3J049G7R5,rec,20-1,20.0,1000.0,6,24240.900000002235,15618.400000002235,8622.5,-6995.900000002235,3
AZZA3J049G7R5,rec,20-1,20.0,1000.0,8,26952.949999998324,12883.499999999534,14069.44999999879,1185.949999999255,4
AZZA3J049G7R5,rec,20-1,20.0,1000.0,9,31843.966666668653,6765.408333333829,20905.758333334234,14140.350000000404,4
AZZA3J049G7R5,rec,20-1,20.0,1000.0,10,32823.49999999255,13268.099999997765,19555.399999994785,6287.29999999702,5
AZZA3J049G7R5,rec,20-1,20.0,1000.0,11,50303.83333333286,15505.05000000028,31395.516666665826,15890.46666666555,5
AZZA3J049G7R5,rec,20-1,20.0,1000.0,12,54736.09999999963,25245.199999999877,29490.89999999975,4245.699999999876,6
AZZA3J049G7R5,rec,20-1,20.0,1000.0,13,61409.5,10891.80000000028,45155.54999999935,34263.74999999907,6
AZZA3J049G7R5,rec,20-1,20.0,1000.0,15,71350.89999999711,19345.47499999823,45804.42499999865,26458.95000000042,7
AZZA3J049G7R5,rec,20-1,20.0,1000.0,17,45581.99999999814,14090.099999998696,27429.799999998882,13339.700000000186,8
A102RSV009OCUW,prim,15-2,15.0,2000.0,5,25230.0,3515.0,7662.0,4147.0,2
A102RSV009OCUW,prim,15-2,15.0,2000.0,6,47651.0,11462.5,36188.5,24726.0,3
A102RSV009OCUW,prim,15-2,15.0,2000.0,7,31277.75,12566.5,11973.0,-593.5,3
A102RSV009OCUW,prim,15-2,15.0,2000.0,8,40700.375,24092.375,16608.0,-7484.375,4
A102RSV009OCUW,prim,15-2,15.0,2000.0,9,43141.583333333336,14835.0,23183.166666666664,8348.166666666666,4
A102RSV009OCUW,prim,15-2,15.0,2000.0,10,42763.375,23117.833333333332,19645.541666666668,-3472.291666666667,5
A102RSV009OCUW,prim,15-2,15.0,2000.0,11,41116.625,16402.375,20061.75,3659.375,5
A102RSV009OCUW,prim,15-2,15.0,2000.0,12,44632.5,25120.666666666668,19511.833333333332,-5608.833333333333,6
A102RSV009OCUW,prim,15-2,15.0,2000.0,13,49990.0,23600.5,22823.0,-777.5,6
A11BHGAKU0RIH8,rec,15-2,15.0,2000.0,3,53652.79999999702,0.0,14134.5,14134.5,1
A11BHGAKU0RIH8,rec,15-2,15.0,2000.0,4,40214.37499999255,29636.274999994785,10578.099999997765,-19058.17499999702,2
A11BHGAKU0RIH8,rec,15-2,15.0,2000.0,5,63716.55000000354,12795.262500006706,37282.312499988824,24487.04999998212,2
A11BHGAKU0RIH8,rec,15-2,15.0,2000.0,6,73258.89166666381,43240.55000000137,30018.341666662447,-13222.208333338922,3
A11BHGAKU0RIH8,rec,15-2,15.0,2000.0,7,72405.1333333378,20364.46666666617,41872.50000000497,21508.033333338797,3
A11BHGAKU0RIH8,rec,15-2,15.0,2000.0,8,73982.30000001192,42764.70000001788,31217.59999999404,-11547.100000023842,4
A13GBA16BNTN1A,rec,15-2,15.0,2000.0,4,17798.5,11920.5,5878.0,-6042.5,2
A13GBA16BNTN1A,rec,15-2,15.0,2000.0,5,18317.333333333332,4214.333333333333,10012.77777777778,5798.444444444444,2
A13GBA16BNTN1A,rec,15-2,15.0,2000.0,6,23625.50793650794,13491.692063492063,10133.815873015874,-3357.8761904761905,3
A13GBA16BNTN1A,rec,15-2,15.0,2000.0,7,25483.75,9650.170833333334,12532.029166666667,2881.8583333333336,3
A13GBA16BNTN1A,rec,15-2,15.0,2000.0,8,24832.388888888887,13774.88888888889,11057.5,-2717.3888888888887,4
A13GBA16BNTN1A,rec,15-2,15.0,2000.0,9,28626.5,8278.0,17315.0,9037.0,4
A13THDIE8LTQ11,ns,15-2,15.0,2000.0,3,9339.449999988079,0.0,6620.75,6620.75,1
A13THDIE8LTQ11,ns,15-2,15.0,2000.0,4,17510.15000001341,12012.912500023842,5497.237499989569,-6515.675000034273,2
A13THDIE8LTQ11,ns,15-2,15.0,2000.0,5,20243.14999996374,8307.716666648785,7940.145833318433,-367.5708333303537,2
A13THDIE8LTQ11,ns,15-2,15.0,2000.0,6,22776.31250000298,14402.333333334824,8373.979166668156,-6028.354166666666,3
A13THDIE8LTQ11,ns,15-2,15.0,2000.0,7,21543.56249997951,7842.449999993667,10517.712499989197,2675.2624999955297,3
A13THDIE8LTQ11,ns,15-2,15.0,2000.0,8,25415.374999947846,15541.974999990314,9873.399999957532,-5668.575000032783,4
A13THDIE8LTQ11,ns,15-2,15.0,2000.0,9,37880.89999997616,18460.30000001192,16742.999999970198,-1717.3000000417233,4
A150QX2OXHGK8P,rec,15-2,15.0,2000.0,3,16684.0,0.0,4934.0,4934.0,1
A150QX2OXHGK8P,rec,15-2,15.0,2000.0,4,29881.416666666668,18235.291666666668,11646.125,-6589.166666666667,2
A150QX2OXHGK8P,rec,15-2,15.0,2000.0,5,37025.375,8285.5,21180.0625,12894.5625,2
A150QX2OXHGK8P,rec,15-2,15.0,2000.0,6,39135.041666666664,24453.791666666668,14681.25,-9772.541666666666,3
A150QX2OXHGK8P,rec,15-2,15.0,2000.0,7,43253.833333333336,16672.333333333332,21246.833333333332,4574.5,3
A150QX2OXHGK8P,rec,15-2,15.0,2000.0,8,52219.0,26508.75,25710.25,-798.5,4
A150QX2OXHGK8P,rec,15-2,15.0,2000.0,9,44542.0,15474.0,20190.0,4716.0,4
A151XA53WYXVD7,prim,15-2,15.0,2000.0,4,36306.0,5032.0,31274.0,26242.0,2
A151XA53WYXVD7,prim,15-2,15.0,2000.0,5,32538.0,7733.333333333333,14644.666666666666,6911.333333333333,2
A151XA53WYXVD7,prim,15-2,15.0,2000.0,6,33675.75,21297.0,12378.75,-8918.25,3
A151XA53WYXVD7,prim,15-2,15.0,2000.0,7,32613.0,10840.0,14701.5,3861.5,3
A151XA53WYXVD7,prim,15-2,15.0,2000.0,8,43998.0,24234.222222222223,19763.777777777777,-4470.444444444444,4
A151XA53WYXVD7,prim,15-2,15.0,2000.0,9,47244.395833333336,13603.604166666668,28722.9375,15119.333333333334,4
A151XA53WYXVD7,prim,15-2,15.0,2000.0,10,60492.4375,30603.25,29889.1875,-714.0625,5
A151XA53WYXVD7,prim,15-2,15.0,2000.0,11,57534.33333333333,27115.333333333336,27415.333333333336,300.0,5
A151XA53WYXVD7,prim,15-2,15.0,2000.0,12,50112.66666666667,28104.0,22008.666666666664,-6095.333333333333,6
A151XA53WYXVD7,prim,15-2,15.0,2000.0,13,55742.0,21670.5,28505.5,6835.0,6
A1618RA11ZOD8Y,rec,15-2,15.0,2000.0,6,17489.199999809265,9122.999999761581,8366.200000047684,-756.7999997138977,3
A1618RA11ZOD8Y,rec,15-2,15.0,2000.0,7,44584.70000076294,17695.300000190735,24832.300000667572,7137.000000476837,3
A1618RA11ZOD8Y,rec,15-2,15.0,2000.0,8,38323.449999928474,21355.700000047684,16967.74999988079,-4387.950000166893,4
A1618RA11ZOD8Y,rec,15-2,15.0,2000.0,9,39715.350000063576,15525.577777756584,20459.19444444444,4933.61666668786,4
A1618RA11ZOD8Y,rec,15-2,15.0,2000.0,10,47948.461111042234,26007.544444534517,21940.91666650772,-4066.6277780267933,5
A1618RA11ZOD8Y,rec,15-2,15.0,2000.0,11,41778.09833323426,15052.806666510636,21364.813888981607,6312.007222470972,5
A1618RA11ZOD8Y,rec,15-2,15.0,2000.0,12,45363.67222207122,25365.163888785577,19998.50833328565,-5366.655555499925,6
A1618RA11ZOD8Y,rec,15-2,15.0,2000.0,13,48713.81111107932,21281.68888892068,23801.44444444444,2519.7555555237664,6
A1618RA11ZOD8Y,rec,15-2,15.0,2000.0,14,48069.76666736603,27763.033333619434,20306.733333746593,-7456.299999872844,7
A1618RA11ZOD8Y,rec,15-2,15.0,2000.0,15,59469.29999947548,20713.099999666214,34832.99999976158,14119.900000095367,7
A19X8IA9EKC3XH,ns,15-2,15.0,2000.0,4,51091.0000000149,19304.70000001788,31786.29999999702,12481.599999979138,2
A19X8IA9EKC3XH,ns,15-2,15.0,2000.0,5,26993.49999999255,5678.45000000298,12800.199999980628,7121.749999977648,2
A19X8IA9EKC3XH,ns,15-2,15.0,2000.0,6,13696.800000011921,7925.600000023842,5771.199999988079,-2154.400000035763,3
A19X8IA9EKC3XH,ns,15-2,15.0,2000.0,7,23615.949999978144,5405.683333312471,11359.050000001987,5953.366666689515,3
A19X8IA9EKC3XH,ns,15-2,15.0,2000.0,8,20260.537500024773,11254.731250021607,9005.806250003166,-2248.92500001844,4
A19X8IA9EKC3XH,ns,15-2,15.0,2000.0,9,37870.966666671135,6898.516666668157,28118.233333331842,21219.716666663688,4
A19X8IA9EKC3XH,ns,15-2,15.0,2000.0,10,32257.9958333193,13788.783333330106,18469.212499989197,4680.4291666590925,5
A19X8IA9EKC3XH,ns,15-2,15.0,2000.0,11,45304.1833332777,13589.616666644812,29831.23333331446,16241.616666669646,5
A19X8IA9EKC3XH,ns,15-2,15.0,2000.0,12,38174.42222222023,18734.66111112469,19439.761111095548,705.0999999708598,6
A1CFMY4CEYOM8Y,rec,15-2,15.0,2000.0,3,13416.075000000885,0.0,10767.250000000233,10767.250000000233,1
A1CFMY4CEYOM8Y,rec,15-2,15.0,2000.0,4,19452.995833332167,5723.529166666034,13729.46666666613,8005.937500000097,2
A1CFMY4CEYOM8Y,rec,15-2,15.0,2000.0,5,16585.799999998573,2561.483333333085,10954.6166666653,8393.133333332216,2
A1CFMY4CEYOM8Y,rec,15-2,15.0,2000.0,6,24651.500000003725,12458.400000002235,12193.10000000149,-265.30000000074506,3
A1E0K2VGY2684V,ns,15-2,15.0,2000.0,3,24199.166666666668,0.0,13862.666666666666,13862.666666666666,1
A1E0K2VGY2684V,ns,15-2,15.0,2000.0,4,28153.0,13309.555555555557,14843.444444444445,1533.8888888888887,2
A1E0K2VGY2684V,ns,15-2,15.0,2000.0,5,27362.5,4917.333333333334,14989.833333333334,10072.5,2
A1E0K2VGY2684V,ns,15-2,15.0,2000.0,6,39608.833333333336,20801.666666666668,18807.166666666668,-1994.5,3
A1E0K2VGY2684V,ns,15-2,15.0,2000.0,7,30502.5,10171.5,14579.5,4408.0,3
A1E0K2VGY2684V,ns,15-2,15.0,2000.0,8,34364.25,22823.75,11540.5,-11283.25,4
A1E0K2VGY2684V,ns,15-2,15.0,2000.0,9,29075.0,8532.0,17449.0,8917.0,4
A1E0K2VGY2684V,ns,15-2,15.0,2000.0,10,39262.333333333336,22407.666666666668,16854.666666666668,-5553.0,5
A1E0K2VGY2684V,ns,15-2,15.0,2000.0,11,34812.0,14141.0,18342.0,4201.0,5
A1E0K2VGY2684V,ns,15-2,15.0,2000.0,12,47036.5,29163.5,17873.0,-11290.5,6
A1NQOR4RQJJDMW,ns,15-2,15.0,2000.0,7,26416.625,2984.1249999701977,19418.625000029802,16434.500000059605,3
A1NQOR4RQJJDMW,ns,15-2,15.0,2000.0,8,30734.80000000298,11337.899999986588,19396.90000001639,8059.000000029802,4
A1NQOR4RQJJDMW,ns,15-2,15.0,2000.0,9,26053.33888887697,8077.111111085448,15090.994444452226,7013.883333366779,4
A1NQOR4RQJJDMW,ns,15-2,15.0,2000.0,10,37320.95666664488,10370.601666658993,26950.354999985888,16579.753333326895,5
A1NQOR4RQJJDMW,ns,15-2,15.0,2000.0,11,32615.374999982614,7766.566666645308,22214.54999998957,14447.98333334426,5
A1NQOR4RQJJDMW,ns,15-2,15.0,2000.0,12,32759.228571425858,12697.342857141846,20061.88571428401,7364.542857142165,6
A1NQOR4RQJJDMW,ns,15-2,15.0,2000.0,13,26616.849999997765,8535.349999997765,16798.75,8263.400000002235,6
A1PZIN8H1VI6SY,prim,15-2,15.0,2000.0,3,16503.700000286102,0.0,6487.5,6487.5,1
A1PZIN8H1VI6SY,prim,15-2,15.0,2000.0,4,16462.100000083447,8919.25000011921,7542.849999964237,-1376.400000154972,2
A1PZIN8H1VI6SY,prim,15-2,15.0,2000.0,5,32082.19999986887,4199.000000178814,22213.7999997437,18014.799999564886,2
A1PZIN8H1VI6SY,prim,15-2,15.0,2000.0,6,27241.716666817665,15059.716666847467,12181.999999970198,-2877.7166668772697,3
A1PZIN8H1VI6SY,prim,15-2,15.0,2000.0,7,22993.399999976158,7186.8499999940395,12505.699999988079,5318.8499999940395,3
A1PZIN8H1VI6SY,prim,15-2,15.0,2000.0,8,33918.950000074175,21362.55555558536,12556.394444488817,-8806.16111109654,4
A1PZIN8H1VI6SY,prim,15-2,15.0,2000.0,9,32145.43749988079,12141.812499836087,15894.487499974668,3752.675000138581,4
A1PZIN8H1VI6SY,prim,15-2,15.0,2000.0,10,33832.599999666214,15957.499999761581,17875.099999904633,1917.6000001430511,5
A1PZIN8H1VI6SY,prim,15-2,15.0,2000.0,11,35721.30000042915,17743.550000190735,15281.300000190735,-2462.25,5
A1PZIN8H1VI6SY,prim,15-2,15.0,2000.0,12,44204.80000066757,25289.400000572205,18915.400000095367,-6374.000000476837,6
A1PZIN8H1VI6SY,prim,15-2,15.0,2000.0,13,59737.900000572205,18049.800000190735,39325.60000038147,21275.800000190735,6
A1QRIZY9WJW3R1,prim,15-2,15.0,2000.0,4,18562.5,12162.833333333334,6399.666666666667,-5763.166666666667,2
A1QRIZY9WJW3R1,prim,15-2,15.0,2000.0,5,24129.666666666668,4123.0,16621.0,12498.0,2
A1QRIZY9WJW3R1,prim,15-2,15.0,2000.0,6,26661.25,13067.25,13594.0,526.75,3
A1QRIZY9WJW3R1,prim,15-2,15.0,2000.0,7,23367.222222222223,7961.0,10171.0,2210.0,3
A1QRIZY9WJW3R1,prim,15-2,15.0,2000.0,8,30064.5,16565.94444444444,13498.555555555555,-3067.388888888889,4
A1QRIZY9WJW3R1,prim,15-2,15.0,2000.0,9,33058.96666666667,11480.988888888889,16531.56111111111,5050.572222222222,4
A1QRIZY9WJW3R1,prim,15-2,15.0,2000.0,10,38195.333333333336,20503.833333333332,17691.5,-2812.3333333333335,5
A1QRIZY9WJW3R1,prim,15-2,15.0,2000.0,11,37385.0,12929.75,20978.5,8048.75,5
A1QRIZY9WJW3R1,prim,15-2,15.0,2000.0,12,36440.5,20192.0,16248.5,-3943.5,6
A1QRIZY9WJW3R1,prim,15-2,15.0,2000.0,13,61070.0,29826.0,28498.0,-1328.0,6
A1QXJZFA5NVGM3,prim,15-2,15.0,2000.0,8,35125.25,13448.75,21676.5,8227.75,4
A1QXJZFA5NVGM3,prim,15-2,15.0,2000.0,9,39293.75,17189.25,16046.75,-1142.5,4
A1QXJZFA5NVGM3,prim,15-2,15.0,2000.0,10,43200.8,21772.15,21428.65,-343.5,5
A1QXJZFA5NVGM3,prim,15-2,15.0,2000.0,11,44579.875,15918.625,24437.0,8518.375,5
A1QXJZFA5NVGM3,prim,15-2,15.0,2000.0,12,46796.75,29692.25,17104.5,-12587.75,6
A1QXJZFA5NVGM3,prim,15-2,15.0,2000.0,13,48262.0,22502.0,20647.5,-1854.5,6
A1ROEDVMTO9Y3X,ns,15-2,15.0,2000.0,5,8535.59999999404,3169.1999999955297,3255.89999999851,86.70000000298023,2
A1ROEDVMTO9Y3X,ns,15-2,15.0,2000.0,7,14780.79999999539,6099.2499999979045,6924.599999996135,825.3499999982305,3
A1ROEDVMTO9Y3X,ns,15-2,15.0,2000.0,8,25585.224999998405,16878.79999999923,8706.424999999173,-8172.375000000058,4
A1ROEDVMTO9Y3X,ns,15-2,15.0,2000.0,9,23418.62666667104,8859.220000005886,10708.196666663885,1848.9766666579992,4
A1ROEDVMTO9Y3X,ns,15-2,15.0,2000.0,10,17543.216666671447,10334.050000012774,7209.1666666586725,-3124.883333354102,5
A1ROEDVMTO9Y3X,ns,15-2,15.0,2000.0,11,25055.432142858484,9775.302678571648,13190.147321428654,3414.8446428570064,5
A1ROEDVMTO9Y3X,ns,15-2,15.0,2000.0,12,28189.038888898987,14779.194444442839,13409.844444456148,-1369.3499999866924,6
A1ROEDVMTO9Y3X,ns,15-2,15.0,2000.0,13,25937.525000008638,11891.699999999837,12276.29999999993,384.6000000000927,6
A1SCF3L6LTFQHF,prim,15-2,15.0,2000.0,7,38860.99999952316,18280.799999952316,17872.49999976158,-408.30000019073486,3
A1SCF3L6LTFQHF,prim,15-2,15.0,2000.0,8,38410.09999996424,28395.150000035763,10014.949999928474,-18380.20000010729,4
A1SCF3L6LTFQHF,prim,15-2,15.0,2000.0,9,29476.799999872845,11785.216666579247,15923.049999952316,4137.83333337307,4
A1SCF3L6LTFQHF,prim,15-2,15.0,2000.0,10,38514.92499986291,22195.69999998808,16319.22499987483,-5876.475000113249,5
A1SCF3L6LTFQHF,prim,15-2,15.0,2000.0,11,37785.272916821144,16303.431250050664,18013.34583344807,1709.9145833974085,5
A1SCF3L6LTFQHF,prim,15-2,15.0,2000.0,12,33732.50833338499,19654.766666710377,14077.741666674614,-5577.025000035763,6
A1SCF3L6LTFQHF,prim,15-2,15.0,2000.0,13,41595.43333323797,18196.049999972183,20799.199999968212,2603.1499999960265,6
A1SCF3L6LTFQHF,prim,15-2,15.0,2000.0,14,42136.08333289623,25156.749999841057,16979.33333305518,-8177.416666785875,7
A1T7EB1WEDCMXV,ns,15-2,15.0,2000.0,3,24713.679999999003,0.0,4908.679999998771,4908.679999998771,1
A1T7EB1WEDCMXV,ns,15-2,15.0,2000.0,7,51554.50083333278,13630.666388888792,31574.89694444418,17944.230555555387,3
A1T7EB1WEDCMXV,ns,15-2,15.0,2000.0,8,57338.28718750051,26591.86125000025,30746.42593750026,4154.564687500009,4
A1T7EB1WEDCMXV,ns,15-2,15.0,2000.0,9,59277.69312499884,15396.326374999633,35334.63633333272,19938.309958333084,4
A1T7EB1WEDCMXV,ns,15-2,15.0,2000.0,10,67110.51843749991,29299.66218750055,37810.85624999936,8511.194062498806,5
A1T7EB1WEDCMXV,ns,15-2,15.0,2000.0,11,56213.73499999925,16498.20166666472,34000.09166666734,17501.890000002615,5
A1TR2AOKWGQ78A,ns,15-2,15.0,2000.0,3,10268.0,0.0,7210.666666666667,7210.666666666667,1
A1TR2AOKWGQ78A,ns,15-2,15.0,2000.0,4,21495.166666666664,13811.833333333332,7683.333333333334,-6128.5,2
A1TR2AOKWGQ78A,ns,15-2,15.0,2000.0,5,19165.722222222223,5123.88888888889,9574.75,4450.86111111111,2
A1TR2AOKWGQ78A,ns,15-2,15.0,2000.0,6,19544.36666666667,11561.966666666667,7982.4,-3579.5666666666666,3
A1TR2AOKWGQ78A,ns,15-2,15.0,2000.0,7,32177.0,10341.0,17737.0,7396.0,3
A1TR2AOKWGQ78A,ns,15-2,15.0,2000.0,8,28554.0,14779.5,13774.5,-1005.0,4
A1UOP419O6P55R,prim,15-2,15.0,2000.0,4,41086.0,21359.666666666668,19726.333333333332,-1633.3333333333333,2
A1UOP419O6P55R,prim,15-2,15.0,2000.0,6,51390.0,33035.0,18355.0,-14680.0,3
A1UOP419O6P55R,prim,15-2,15.0,2000.0,7,61442.0,15551.0,30350.5,14799.5,3
A1UOP419O6P55R,prim,15-2,15.0,2000.0,8,66549.94444444444,37190.38888888888,29359.55555555556,-7830.833333333333,4
A1UOP419O6P55R,prim,15-2,15.0,2000.0,9,65463.0,22749.75,33919.25,11169.5,4
A1UOP419O6P55R,prim,15-2,15.0,2000.0,10,72577.38888888889,40776.72222222222,31800.666666666668,-8976.055555555557,5
A1UOP419O6P55R,prim,15-2,15.0,2000.0,11,70048.61111111111,32656.61111111111,30535.97222222222,-2120.6388888888887,5
A1UOP419O6P55R,prim,15-2,15.0,2000.0,12,64572.75,37429.75,27143.0,-10286.75,6
A1UOP419O6P55R,prim,15-2,15.0,2000.0,13,76557.0,28403.0,40874.5,12471.5,6
A1UOP419O6P55R,prim,15-2,15.0,2000.0,14,81772.0,47101.0,34671.0,-12430.0,7
A1WM3INNDW2776,ns,15-2,15.0,2000.0,3,15013.5,0.0,5457.0,5457.0,1
A1WM3INNDW2776,ns,15-2,15.0,2000.0,4,24976.13888888889,15439.722222222224,9536.416666666666,-5903.305555555556,2
A1WM3INNDW2776,ns,15-2,15.0,2000.0,5,33157.375,6156.75,18011.0,11854.25,2
A1WM3INNDW2776,ns,15-2,15.0,2000.0,6,30183.166666666668,15831.833333333334,14351.333333333334,-1480.5,3
A1WM3INNDW2776,ns,15-2,15.0,2000.0,7,36873.769841269845,11996.238095238097,18978.095238095237,6981.857142857142,3
A1WM3INNDW2776,ns,15-2,15.0,2000.0,8,32074.0,19352.0,12722.0,-6630.0,4
A1Z82Y9E6YWY80,ns,15-2,15.0,2000.0,3,47055.250000059605,0.0,18712.800000071526,18712.800000071526,1
A1Z82Y9E6YWY80,ns,15-2,15.0,2000.0,4,42078.15555546019,26292.94444456365,15785.211110896535,-10507.73333366712,2
A1Z82Y9E6YWY80,ns,15-2,15.0,2000.0,5,50908.625000039734,16061.90833334128,21838.02500005563,5776.116666714351,2
A1Z82Y9E6YWY80,ns,15-2,15.0,2000.0,6,52121.19999953111,27172.84999994437,24948.349999586742,-2224.500000357628,3
A1Z82Y9E6YWY80,ns,15-2,15.0,2000.0,7,56333.566666815015,21139.194444417953,26285.927777820165,5146.73333340221,3
A1Z82Y9E6YWY80,ns,15-2,15.0,2000.0,8,54758.949999690056,36871.874999801315,17887.07499988874,-18984.79999991258,4
A1Z82Y9E6YWY80,ns,15-2,15.0,2000.0,9,59274.75555578867,24137.244444476233,23318.111111243565,-819.1333332326667,4
A1Z82Y9E6YWY80,ns,15-2,15.0,2000.0,10,51317.099999427795,27012.29999947548,24304.799999952316,-2707.499999523163,5
A2113B699TVADG,prim,15-2,15.0,2000.0,6,41458.0,22676.0,18782.0,-3894.0,3
A2113B699TVADG,prim,15-2,15.0,2000.0,7,42590.5,15694.5,15480.5,-214.0,3
A2113B699TVADG,prim,15-2,15.0,2000.0,8,49865.5,22289.5,27576.0,5286.5,4
A2113B699TVADG,prim,15-2,15.0,2000.0,9,59006.0,28044.0,23020.5,-5023.5,4
A2113B699TVADG,prim,15-2,15.0,2000.0,10,43372.0,24897.166666666664,18474.833333333336,-6422.333333333333,5
A2113B699TVADG,prim,15-2,15.0,2000.0,11,52948.625,21999.25,26810.75,4811.5,5
A2113B699TVADG,prim,15-2,15.0,2000.0,12,64430.9,36195.9,28235.0,-7960.9,6
A2113B699TVADG,prim,15-2,15.0,2000.0,13,76833.0,26858.0,44973.0,18115.0,6
A219SZBLCCCXN9,prim,15-2,15.0,2000.0,3,53180.16666650772,0.0,32606.99999988079,32606.99999988079,1
A219SZBLCCCXN9,prim,15-2,15.0,2000.0,4,53640.633333696256,43283.55555584696,10357.077777849305,-32926.47777799765,2
A219SZBLCCCXN9,prim,15-2,15.0,2000.0,5,45328.46666647328,15041.722222195729,21014.011111007796,5972.288888812065,2
A219SZBLCCCXN9,prim,15-2,15.0,2000.0,6,41094.15000015497,27878.8833335042,13215.266666650772,-14663.616666853428,3
A219SZBLCCCXN9,prim,15-2,15.0,2000.0,7,54500.833333571754,20216.655555857553,26118.788888891537,5902.133333033987,3
A219SZBLCCCXN9,prim,15-2,15.0,2000.0,8,32345.099999904633,21889.800000667572,10455.29999923706,-11434.500001430511,4
A219SZBLCCCXN9,prim,15-2,15.0,2000.0,9,58120.34999997914,27649.69999998808,21833.69999998808,-5816.0,4
A219SZBLCCCXN9,prim,15-2,15.0,2000.0,10,58540.799999922514,28790.199999958277,29750.599999964237,960.4000000059605,5
A219SZBLCCCXN9,prim,15-2,15.0,2000.0,11,67856.34999997914,27187.9999999851,33041.15000000596,5853.150000020862,5
A219SZBLCCCXN9,prim,15-2,15.0,2000.0,12,52725.19999995828,28797.999999970198,23927.19999998808,-4870.799999982119,6
A219SZBLCCCXN9,prim,15-2,15.0,2000.0,13,59107.67500001192,25353.6250000149,28523.57499999553,3169.9499999806285,6
A219SZBLCCCXN9,prim,15-2,15.0,2000.0,14,48304.40000002086,25460.54999999702,22843.850000023842,-2616.699999973178,7
A22GYYJXTS5KBH,ns,15-2,15.0,2000.0,3,7466.149999994785,0.0,5559.64999999851,5559.64999999851,1
A22GYYJXTS5KBH,ns,15-2,15.0,2000.0,4,13303.5,8059.14999999851,5244.35000000149,-2814.7999999970198,2
A22GYYJXTS5KBH,ns,15-2,15.0,2000.0,5,18637.183333337307,2220.0083333328366,12304.083333338302,10084.075000005463,2
A22GYYJXTS5KBH,ns,15-2,15.0,2000.0,6,17102.10000002881,10918.000000024836,6184.100000003973,-4733.900000020862,3
A22GYYJXTS5KBH,ns,15-2,15.0,2000.0,7,23854.825396817003,4429.033333327326,16806.371428573886,12377.338095246561,3
A22GYYJXTS5KBH,ns,15-2,15.0,2000.0,8,28264.616666688275,15573.816666680077,12690.800000008196,-2883.016666671882,4
A22GYYJXTS5KBH,ns,15-2,15.0,2000.0,9,45090.60000008345,10364.5,33504.300000071526,23139.800000071526,4
A22GYYJXTS5KBH,ns,15-2,15.0,2000.0,10,34347.70000000298,17333.10000000894,17014.59999999404,-318.50000001490116,5
A22GYYJXTS5KBH,ns,15-2,15.0,2000.0,13,40948.800000071526,12065.100000083447,26068.399999976158,14003.299999892712,6
A22Y78RVB8UFTD,ns,15-2,15.0,2000.0,4,28845.900000035763,8298.099999964237,20547.800000071526,12249.700000107288,2
A22Y78RVB8UFTD,ns,15-2,15.0,2000.0,5,25710.71666663885,5430.88333328565,17888.43333331744,12457.550000031788,2
A22Y78RVB8UFTD,ns,15-2,15.0,2000.0,6,17534.349999934435,10585.499999925494,6948.850000008941,-3636.6499999165535,3
A22Y78RVB8UFTD,ns,15-2,15.0,2000.0,7,21466.900000035763,6742.950000047684,12581.550000011921,5838.599999964237,3
A22Y78RVB8UFTD,ns,15-2,15.0,2000.0,8,39229.85000008345,13598.400000035763,25631.450000047684,12033.050000011921,4
A22Y78RVB8UFTD,ns,15-2,15.0,2000.0,9,33921.5833332936,7873.366666615009,22390.241666674614,14516.875000059605,4
A22Y78RVB8UFTD,ns,15-2,15.0,2000.0,10,45689.699999809265,24464.699999928474,21224.99999988079,-3239.7000000476837,5
A233LLG8YAXWF,rec,15-2,15.0,2000.0,3,7678.866666667785,0.0,4494.783333331968,4494.783333331968,1
A233LLG8YAXWF,rec,15-2,15.0,2000.0,4,26891.53333333383,10066.733333334638,16824.79999999919,6758.066666664556,2
A233LLG8YAXWF,rec,15-2,15.0,2000.0,5,31796.520833336435,3746.6583333361586,24984.974999999784,21238.316666663624,2
A233LLG8YAXWF,rec,15-2,15.0,2000.0,6,29875.070833333535,11747.139583335258,18127.931249998277,6380.791666663019,3
A233LLG8YAXWF,rec,15-2,15.0,2000.0,7,31167.47222222512,4729.327777781006,22395.799999997438,17666.472222216427,3
A233LLG8YAXWF,rec,15-2,15.0,2000.0,8,44282.19999999553,12327.89999999851,31954.29999999702,19626.39999999851,4
A233LLG8YAXWF,rec,15-2,15.0,2000.0,9,51192.59999997914,14812.699999988079,32577.70000000298,17765.0000000149,4
A24GX1OZE6AY04,ns,15-2,15.0,2000.0,8,45209.29999999562,8733.199999997392,36476.09999999823,27742.90000000084,4
A24GX1OZE6AY04,ns,15-2,15.0,2000.0,9,18838.65000000072,4616.199999999488,12043.925000000861,7427.725000001374,4
A24GX1OZE6AY04,ns,15-2,15.0,2000.0,10,19542.90000000076,9256.26666666676,10286.633333334,1030.366666667241,5
A24GX1OZE6AY04,ns,15-2,15.0,2000.0,11,34144.2708333331,7316.862500000163,23631.045833333086,16314.183333332921,5
A24GX1OZE6AY04,ns,15-2,15.0,2000.0,12,47465.54166666628,11463.720833333326,36001.82083333295,24538.099999999627,6
A24GX1OZE6AY04,ns,15-2,15.0,2000.0,13,39446.88666666636,10740.05555555567,26445.13888888853,15705.083333332863,6
A24GX1OZE6AY04,ns,15-2,15.0,2000.0,14,57200.49999999907,12650.0,44550.49999999907,31900.49999999907,7
A24GX1OZE6AY04,ns,15-2,15.0,2000.0,15,59215.87499999709,11334.59999999858,45008.37499999895,33673.77500000037,7
A26MT7KJ7NJLRN,ns,15-2,15.0,2000.0,3,22214.55000001192,0.0,16812.049999952316,16812.049999952316,1
A26MT7KJ7NJLRN,ns,15-2,15.0,2000.0,4,11480.811111132303,6610.561111145548,4870.249999986754,-1740.3111111587948,2
A26MT7KJ7NJLRN,ns,15-2,15.0,2000.0,5,24280.49999994834,3697.003333282471,16442.026666649184,12745.023333366713,2
A26MT7KJ7NJLRN,ns,15-2,15.0,2000.0,6,36543.799999952316,15047.122222158643,21496.677777793673,6449.555555635029,3
A26MT7KJ7NJLRN,ns,15-2,15.0,2000.0,7,43878.12222235732,6263.388888994853,26062.15555555291,19798.76666655805,3
A26MT7KJ7NJLRN,ns,15-2,15.0,2000.0,8,39349.58055563105,15089.208333346578,24260.372222284477,9171.163888937897,4
A26MT7KJ7NJLRN,ns,15-2,15.0,2000.0,9,54329.30000042915,9169.225000143051,34325.85000026226,25156.62500011921,4
A26T0U2Y6LZOF3,rec,15-2,15.0,2000.0,3,37215.5,0.0,16301.333333333334,16301.333333333334,1
A26T0U2Y6LZOF3,rec,15-2,15.0,2000.0,4,48663.666666666664,14806.666666666666,33857.0,19050.333333333332,2
A26T0U2Y6LZOF3,rec,15-2,15.0,2000.0,5,40972.25,7767.75,18647.25,10879.5,2
A26T0U2Y6LZOF3,rec,15-2,15.0,2000.0,6,35646.416666666664,15694.083333333334,19952.333333333332,4258.25,3
A26T0U2Y6LZOF3,rec,15-2,15.0,2000.0,7,51201.5,27095.5,18203.5,-8892.0,3
A26T0U2Y6LZOF3,rec,15-2,15.0,2000.0,8,44656.5,26568.5,18088.0,-8480.5,4
A26T0U2Y6LZOF3,rec,15-2,15.0,2000.0,9,54427.5,17069.0,32726.5,15657.5,4
A29J4LL0MQL3AC,prim,15-2,15.0,2000.0,5,33833.700000047684,2923.6000001430507,25914.400000095367,22990.799999952316,2
A29J4LL0MQL3AC,prim,15-2,15.0,2000.0,6,25626.333333412807,14683.333333412806,10943.0,-3740.333333412806,3
A29J4LL0MQL3AC,prim,15-2,15.0,2000.0,7,27935.207142863954,9985.896428585052,14076.932142862252,4091.0357142772004,3
A29J4LL0MQL3AC,prim,15-2,15.0,2000.0,8,30748.700000030298,17853.400000044454,12895.299999985844,-4958.100000058611,4
A29J4LL0MQL3AC,prim,15-2,15.0,2000.0,9,39419.32222217612,15219.18888885238,18111.444444434095,2892.2555555817157,4
A29J4LL0MQL3AC,prim,15-2,15.0,2000.0,10,42053.20833325634,21775.82499996635,20277.383333289996,-1498.441666676352,5
A29J4LL0MQL3AC,prim,15-2,15.0,2000.0,11,56986.12499998417,21578.600000027567,31699.999999956228,10121.39999992866,5
A29J4LL0MQL3AC,prim,15-2,15.0,2000.0,12,52940.03333332327,27234.399999991678,25705.633333331592,-1528.7666666600853,6
A29J4LL0MQL3AC,prim,15-2,15.0,2000.0,14,54132.39999999851,25965.54999999702,28166.85000000149,2201.3000000044703,7
A2G4R0GS677RC2,rec,15-2,15.0,2000.0,3,18195.0,0.0,6848.0,6848.0,1
A2G4R0GS677RC2,rec,15-2,15.0,2000.0,4,18862.75,15902.5,2960.25,-12942.25,2
A2G4R0GS677RC2,rec,15-2,15.0,2000.0,5,23849.3,7212.9,13079.35,5866.45,2
A2G4R0GS677RC2,rec,15-2,15.0,2000.0,6,28416.0,14401.0,14015.0,-386.0,3
A2G4R0GS677RC2,rec,15-2,15.0,2000.0,7,30609.6,12177.2,15615.1,3437.8999999999996,3
A2G4R0GS677RC2,rec,15-2,15.0,2000.0,8,31986.5,14407.0,17579.5,3172.5,4
A2IV3SSVTU90BN,ns,15-2,15.0,2000.0,5,35193.14999985695,6846.749999940395,20588.099999964237,13741.350000023842,2
A2IV3SSVTU90BN,ns,15-2,15.0,2000.0,6,38197.95000010729,24583.475000023842,13614.475000083447,-10968.999999940395,3
A2IV3SSVTU90BN,ns,15-2,15.0,2000.0,7,37490.174999803305,12211.912499830127,21069.300000056624,8857.387500226498,3
A2IV3SSVTU90BN,ns,15-2,15.0,2000.0,8,37649.722222195735,20282.333333306844,17367.38888888889,-2914.9444444179535,4
A2IV3SSVTU90BN,ns,15-2,15.0,2000.0,9,39674.65749984582,12782.057499986888,21120.801666529973,8338.744166543087,4
A2IV3SSVTU90BN,ns,15-2,15.0,2000.0,10,36616.94166684151,17410.158333381016,19206.783333460487,1796.6250000794728,5
A2IV3SSVTU90BN,ns,15-2,15.0,2000.0,11,37411.94999963045,15141.174999892712,18538.924999833107,3397.7499999403954,5
A2IV3SSVTU90BN,ns,15-2,15.0,2000.0,12,53707.2000002861,27422.499999523163,26284.70000076294,-1137.7999987602234,6
A2KZN3UH5NGC9,rec,15-2,15.0,2000.0,7,36765.500000953674,17152.500000953674,9105.39999961853,-8047.100001335144,3
A2KZN3UH5NGC9,rec,15-2,15.0,2000.0,8,31253.049998998642,18371.999999523163,12881.04999947548,-5490.950000047684,4
A2KZN3UH5NGC9,rec,15-2,15.0,2000.0,9,36179.01666704814,11215.950000445047,20574.90833322207,9358.958332777023,4
A2KZN3UH5NGC9,rec,15-2,15.0,2000.0,10,41785.518749415874,16897.431249439716,24888.087499976158,7990.656250536442,5
A2KZN3UH5NGC9,rec,15-2,15.0,2000.0,11,47218.083333381015,18837.968333371482,23967.803333473206,5129.835000101725,5
A2KZN3UH5NGC9,rec,15-2,15.0,2000.0,12,44799.83749985695,25234.283333102863,19565.554166754086,-5668.729166348775,6
A2KZN3UH5NGC9,rec,15-2,15.0,2000.0,13,37954.82500052452,16784.949999809265,17831.250000476837,1046.300000667572,6
A2KZN3UH5NGC9,rec,15-2,15.0,2000.0,14,41762.30000114441,18722.400000572205,23039.900000572205,4317.5,7
A2MBFIAGBPU5NG,prim,15-2,15.0,2000.0,3,9569.0,0.0,4884.5,4884.5,1
A2MBFIAGBPU5NG,prim,15-2,15.0,2000.0,4,14184.75,8513.5,5671.25,-2842.25,2
A2MBFIAGBPU5NG,prim,15-2,15.0,2000.0,5,21113.1,3945.225,13916.725,9971.5,2
A2MBFIAGBPU5NG,prim,15-2,15.0,2000.0,6,19989.09375,12003.875,7985.21875,-4018.65625,3
A2MBFIAGBPU5NG,prim,15-2,15.0,2000.0,7,24231.45,8497.35,11137.15,2639.8,3
A2MBFIAGBPU5NG,prim,15-2,15.0,2000.0,8,29058.5,16221.833333333334,12836.666666666668,-3385.1666666666665,4
A2MBFIAGBPU5NG,prim,15-2,15.0,2000.0,9,33094.333333333336,14439.0,15371.333333333334,932.3333333333334,4
A2MBFIAGBPU5NG,prim,15-2,15.0,2000.0,10,40899.0,17746.0,23153.0,5407.0,5
A2MBFIAGBPU5NG,prim,15-2,15.0,2000.0,12,46608.0,26847.0,19761.0,-7086.0,6
A2O86E23R5T4YO,prim,15-2,15.0,2000.0,4,42084.800000071526,29872.800000071526,12212.0,-17660.800000071526,2
A2O86E23R5T4YO,prim,15-2,15.0,2000.0,5,40774.25000011921,18675.800000071526,12546.450000017881,-6129.350000053644,2
A2O86E23R5T4YO,prim,15-2,15.0,2000.0,6,48181.25833334526,33588.266666690506,14592.991666654745,-18995.275000035763,3
A2O86E23R5T4YO,prim,15-2,15.0,2000.0,7,49281.58750001341,17885.750000052154,23142.549999952316,5256.799999900162,3
A2O86E23R5T4YO,prim,15-2,15.0,2000.0,8,57127.68333325783,32479.849999904633,24647.833333353203,-7832.016666551431,4
A2O86E23R5T4YO,prim,15-2,15.0,2000.0,9,55401.17041666607,18071.774583362043,27787.26374998838,9715.489166626334,4
A2O86E23R5T4YO,prim,15-2,15.0,2000.0,10,62996.375000201166,37326.10000015795,25670.275000043213,-11655.825000114739,5
A2O86E23R5T4YO,prim,15-2,15.0,2000.0,12,62363.699999928474,32494.033333341282,29869.666666587193,-2624.366666754087,6
A2PTABUVOUYAH5,ns,15-2,15.0,2000.0,3,7130.700000047684,0.0,4659.300000011921,4659.300000011921,1
A2PTABUVOUYAH5,ns,15-2,15.0,2000.0,4,8763.800000071526,6749.0,2014.8000000715256,-4734.199999928474,2
A2PTABUVOUYAH5,ns,15-2,15.0,2000.0,5,13605.969999980927,2855.45,6920.139999979734,4064.6899999797342,2
A2PTABUVOUYAH5,ns,15-2,15.0,2000.0,6,12730.933333316198,8125.562499982616,4605.370833333582,-3520.191666649034,3
A2PTABUVOUYAH5,ns,15-2,15.0,2000.0,7,12458.083333333334,3901.6666666567326,6851.800000011921,2950.1333333551884,3
A2PTABUVOUYAH5,ns,15-2,15.0,2000.0,8,20755.875833341976,7749.659166655441,13006.216666686534,5256.557500031094,4
A2PTABUVOUYAH5,ns,15-2,15.0,2000.0,9,16419.975000023842,5227.07500000298,9038.150000020862,3811.0750000178814,4
A2PTABUVOUYAH5,ns,15-2,15.0,2000.0,10,24241.649999961257,13433.34999999404,10808.299999967217,-2625.050000026822,5
A2R75YFKVALBXE,rec,15-2,15.0,2000.0,5,11863.900000035763,2140.400000035763,7319.199999988079,5178.799999952316,2
A2R75YFKVALBXE,rec,15-2,15.0,2000.0,6,37835.000000059605,17135.233333369095,20699.76666669051,3564.5333333214126,3
A2R75YFKVALBXE,rec,15-2,15.0,2000.0,7,42035.54583328466,9288.92916664978,26611.583333323397,17322.654166673623,3
A2R75YFKVALBXE,rec,15-2,15.0,2000.0,8,45592.19583334525,20137.21250002583,25454.983333319426,5317.770833293597,4
A2R75YFKVALBXE,rec,15-2,15.0,2000.0,9,53909.190000003575,11017.520000010729,36708.79999998808,25691.27999997735,4
A2RU1Q3C9VHBAO,prim,15-2,15.0,2000.0,3,11579.0,0.0,4110.0,4110.0,1
A2RU1Q3C9VHBAO,prim,15-2,15.0,2000.0,5,24009.5,3128.5,17778.5,14650.0,2
A2RU1Q3C9VHBAO,prim,15-2,15.0,2000.0,6,36219.5,24770.5,11449.0,-13321.5,3
A2RU1Q3C9VHBAO,prim,15-2,15.0,2000.0,7,26994.041666666668,10426.916666666666,12640.916666666666,2214.0,3
A2RU1Q3C9VHBAO,prim,15-2,15.0,2000.0,8,26207.958333333332,15051.291666666666,11156.666666666666,-3894.625,4
A2RU1Q3C9VHBAO,prim,15-2,15.0,2000.0,9,32146.111111111113,13116.11111111111,16857.0,3740.8888888888887,4
A2RU1Q3C9VHBAO,prim,15-2,15.0,2000.0,10,33577.08333333333,19884.458333333336,13692.625,-6191.833333333334,5
A2RU1Q3C9VHBAO,prim,15-2,15.0,2000.0,11,33152.333333333336,10640.22222222222,18902.55555555556,8262.333333333334,5
A2RVG8Y97DE0GM,prim,15-2,15.0,2000.0,5,41147.05000003427,13522.300000004472,12201.050000026822,-1321.24999997765,2
A2RVG8Y97DE0GM,prim,15-2,15.0,2000.0,6,34502.79999971483,20378.149999882095,14124.649999832734,-6253.50000004936,3
A2RVG8Y97DE0GM,prim,15-2,15.0,2000.0,7,43794.199999928474,14053.400000035763,22860.899999916553,8807.49999988079,3
A2RVG8Y97DE0GM,prim,15-2,15.0,2000.0,8,40694.95000009565,23185.42500009574,17509.524999999907,-5675.900000095833,4
A2RVG8Y97DE0GM,prim,15-2,15.0,2000.0,9,43441.90000004073,13948.38333338499,23928.01666667064,9979.63333328565,4
A2RVG8Y97DE0GM,prim,15-2,15.0,2000.0,10,48006.837500048336,27872.312500035856,20134.52500001248,-7737.787500023376,5
A2RVG8Y97DE0GM,prim,15-2,15.0,2000.0,11,52009.69722225879,20918.263888909638,25215.25833335151,4296.994444441879,5
A2RVG8Y97DE0GM,prim,15-2,15.0,2000.0,12,52733.79999979399,24682.024999893503,28051.77499990049,3369.750000006985,6
A2RVG8Y97DE0GM,prim,15-2,15.0,2000.0,13,46008.737499995856,19758.824999980396,22875.937499994645,3117.1125000142492,6
A2RVG8Y97DE0GM,prim,15-2,15.0,2000.0,14,46459.23333311081,27812.433333213132,18646.799999897677,-9165.633333315453,7
A2UJ9GDNVPX99C,prim,15-2,15.0,2000.0,3,13964.0,0.0,7374.75,7374.75,1
A2UJ9GDNVPX99C,prim,15-2,15.0,2000.0,4,16818.25,11608.5,5209.75,-6398.75,2
A2UJ9GDNVPX99C,prim,15-2,15.0,2000.0,5,20634.958333333332,6033.208333333334,9944.291666666666,3911.083333333333,2
A2UJ9GDNVPX99C,prim,15-2,15.0,2000.0,6,22227.083333333332,12909.958333333334,9317.125,-3592.8333333333335,3
A2UJ9GDNVPX99C,prim,15-2,15.0,2000.0,7,24931.75,10460.5,9966.75,-493.75,3
A2UJ9GDNVPX99C,prim,15-2,15.0,2000.0,8,31380.4375,18637.3125,12743.125,-5894.1875,4
A2UJ9GDNVPX99C,prim,15-2,15.0,2000.0,9,36207.375,10619.875,21384.625,10764.75,4
A2UJ9GDNVPX99C,prim,15-2,15.0,2000.0,10,41175.5,23760.5,17415.0,-6345.5,5
A2UJ9GDNVPX99C,prim,15-2,15.0,2000.0,11,35647.0,13423.333333333334,19391.333333333332,5968.0,5
A2UYZFH5VT5R3H,rec,15-2,15.0,2000.0,4,23504.099999964237,15031.0,8473.099999964237,-6557.900000035763,2
A2UYZFH5VT5R3H,rec,15-2,15.0,2000.0,5,23017.399999996025,4529.049999982119,15206.433333337307,10677.383333355188,2
A2UYZFH5VT5R3H,rec,15-2,15.0,2000.0,6,27791.306250047684,11186.731666692347,16604.574583355337,5417.842916662991,3
A2UYZFH5VT5R3H,rec,15-2,15.0,2000.0,7,28184.70083332956,6486.703333333631,18385.423333350816,11898.720000017187,3
A2UYZFH5VT5R3H,rec,15-2,15.0,2000.0,8,35923.57777771354,13448.877777765194,22474.69999994834,9025.822222183147,4
A2UYZFH5VT5R3H,rec,15-2,15.0,2000.0,9,41071.79444445504,9875.183333324063,24858.72777779897,14983.54444447491,4
A2UYZFH5VT5R3H,rec,15-2,15.0,2000.0,10,41349.799999952316,12710.599999904633,28639.200000047684,15928.600000143051,5
A2Y8LZS5C81O25,prim,15-2,15.0,2000.0,4,22021.5,15670.0,6351.5,-9318.5,2
A2Y8LZS5C81O25,prim,15-2,15.0,2000.0,5,23819.916666666668,5784.25,12546.333333333334,6762.083333333333,2
A2Y8LZS5C81O25,prim,15-2,15.0,2000.0,6,29725.482142857145,16306.214285714286,13419.267857142857,-2886.9464285714284,3
A2Y8LZS5C81O25,prim,15-2,15.0,2000.0,7,28271.0,9262.5,13565.166666666666,4302.666666666667,3
A2Y8LZS5C81O25,prim,15-2,15.0,2000.0,8,42518.625,22830.375,19688.25,-3142.125,4
A2Y8LZS5C81O25,prim,15-2,15.0,2000.0,9,45083.0,21727.0,19603.0,-2124.0,4
A2Y8LZS5C81O25,prim,15-2,15.0,2000.0,10,45983.0,25065.5,20917.5,-4148.0,5
A30NL5N71G2YAU,ns,15-2,15.0,2000.0,4,41355.125,28617.224999904633,12737.900000095367,-15879.324999809265,2
A30NL5N71G2YAU,ns,15-2,15.0,2000.0,5,31707.733333746593,4684.100000222524,21563.650000254314,16879.55000003179,2
A30NL5N71G2YAU,ns,15-2,15.0,2000.0,6,34778.80833323796,17589.07499988874,17189.733333349228,-399.3416665395101,3
A30NL5N71G2YAU,ns,15-2,15.0,2000.0,7,51176.9833334287,11441.116666634878,32435.466666698456,20994.35000006358,3
A30NL5N71G2YAU,ns,15-2,15.0,2000.0,8,45292.913332642456,25742.914443948535,19549.998888693914,-6192.915555254618,4
A30NL5N71G2YAU,ns,15-2,15.0,2000.0,9,52469.56874972582,17431.356249928474,29051.58749973774,11620.231249809265,4
A30NL5N71G2YAU,ns,15-2,15.0,2000.0,10,51494.05833276113,29179.666666229565,22314.391666531563,-6865.274999698004,5
A30NL5N71G2YAU,ns,15-2,15.0,2000.0,11,65295.7166668574,22729.783333142597,36001.816667079926,13272.033333937326,5
A310Y949ILSN3P,prim,15-2,15.0,2000.0,6,41512.0,31408.0,10104.0,-21304.0,3
A310Y949ILSN3P,prim,15-2,15.0,2000.0,8,22679.5,12171.75,10507.75,-1664.0,4
A310Y949ILSN3P,prim,15-2,15.0,2000.0,9,40348.0,16407.083333333336,21133.166666666668,4726.083333333333,4
A310Y949ILSN3P,prim,15-2,15.0,2000.0,10,36510.833333333336,18511.222222222223,17999.611111111113,-511.6111111111113,5
A310Y949ILSN3P,prim,15-2,15.0,2000.0,11,34907.291666666664,14787.458333333334,18248.708333333332,3461.25,5
A310Y949ILSN3P,prim,15-2,15.0,2000.0,12,43511.9,21929.61666666667,21582.283333333333,-347.33333333333337,6
A310Y949ILSN3P,prim,15-2,15.0,2000.0,13,37454.583333333336,17685.5,16787.333333333332,-898.1666666666666,6
A310Y949ILSN3P,prim,15-2,15.0,2000.0,14,33060.0,17523.0,15537.0,-1986.0,7
A31P78W9ZCQXCS,ns,15-2,15.0,2000.0,3,17097.82222222222,0.0,10891.244444444446,10891.244444444446,1
A31P78W9ZCQXCS,ns,15-2,15.0,2000.0,4,31733.5,21004.333333333336,10729.166666666666,-10275.166666666666,2
A31P78W9ZCQXCS,ns,15-2,15.0,2000.0,5,46547.333333333336,11520.5,18836.583333333332,7316.083333333333,2
A31P78W9ZCQXCS,ns,15-2,15.0,2000.0,6,37868.0,27703.0,10165.0,-17538.0,3
A31P78W9ZCQXCS,ns,15-2,15.0,2000.0,7,51720.5,7306.0,29672.5,22366.5,3
A31P78W9ZCQXCS,ns,15-2,15.0,2000.0,8,52575.5,37530.25,15045.25,-22485.0,4
A31P78W9ZCQXCS,ns,15-2,15.0,2000.0,9,48934.666666666664,21477.0,19037.333333333332,-2439.6666666666665,4
A31P78W9ZCQXCS,ns,15-2,15.0,2000.0,10,65385.0,49320.0,16065.0,-33255.0,5
A347RDI3HZOUCY,prim,15-2,15.0,2000.0,4,21387.333333333332,10960.666666666666,10426.666666666666,-534.0,2
A347RDI3HZOUCY,prim,15-2,15.0,2000.0,5,30363.0,3479.0,24732.0,21253.0,2
A347RDI3HZOUCY,prim,15-2,15.0,2000.0,6,18220.0,12756.0,5464.0,-7292.0,3
A347RDI3HZOUCY,prim,15-2,15.0,2000.0,7,26405.333333333332,6635.166666666667,15284.666666666666,8649.5,3
A347RDI3HZOUCY,prim,15-2,15.0,2000.0,8,30562.475,16882.05,13680.425,-3201.625,4
A347RDI3HZOUCY,prim,15-2,15.0,2000.0,9,32544.972222222223,13491.611111111111,15002.361111111111,1510.75,4
A347RDI3HZOUCY,prim,15-2,15.0,2000.0,10,31720.625,18533.0,13187.625,-5345.375,5
A347RDI3HZOUCY,prim,15-2,15.0,2000.0,11,35880.38888888889,15012.72222222222,17446.833333333332,2434.1111111111113,5
A347RDI3HZOUCY,prim,15-2,15.0,2000.0,12,33159.0,18074.0,15085.0,-2989.0,6
A347RDI3HZOUCY,prim,15-2,15.0,2000.0,13,44516.0,19393.0,22113.0,2720.0,6
A34HQHGLIW1FYS,ns,15-2,15.0,2000.0,5,56289.249999940395,15789.199999958277,21440.650000035763,5651.450000077486,2
A34HQHGLIW1FYS,ns,15-2,15.0,2000.0,6,61936.389999908206,43483.22999992967,18453.159999978543,-25030.069999951123,3
A34HQHGLIW1FYS,ns,15-2,15.0,2000.0,7,41137.27499999106,10768.57500000298,25115.79999998957,14347.224999986589,3
A34HQHGLIW1FYS,ns,15-2,15.0,2000.0,8,53281.6874999702,29111.175000026822,24170.512499943376,-4940.6625000834465,4
A34HQHGLIW1FYS,ns,15-2,15.0,2000.0,9,61587.69999996076,18778.550000006955,34503.54166661948,15724.991666612526,4
A34HQHGLIW1FYS,ns,15-2,15.0,2000.0,10,51660.08333335817,27732.961111164757,23927.122222193415,-3805.838888971342,5
A34HQHGLIW1FYS,ns,15-2,15.0,2000.0,11,58763.19999986887,27260.733333289623,27835.333333273727,574.5999999841055,5
A34HQHGLIW1FYS,ns,15-2,15.0,2000.0,12,51019.566666695806,27631.54444443517,23388.022222260635,-4243.522222174538,6
A34HQHGLIW1FYS,ns,15-2,15.0,2000.0,13,61167.44999986887,22189.349999785423,35492.15000003576,13302.80000025034,6
A34IPEKX5WXJIN,prim,15-2,15.0,2000.0,3,12034.0,0.0,2541.0,2541.0,1
A34IPEKX5WXJIN,prim,15-2,15.0,2000.0,4,34167.5,25589.5,8578.0,-17011.5,2
A34IPEKX5WXJIN,prim,15-2,15.0,2000.0,5,49057.0,10873.0,32239.5,21366.5,2
A34IPEKX5WXJIN,prim,15-2,15.0,2000.0,6,20611.5,11743.0,8868.5,-2874.5,3
A34IPEKX5WXJIN,prim,15-2,15.0,2000.0,7,20124.0,5614.944444444444,12152.5,6537.555555555556,3
A34IPEKX5WXJIN,prim,15-2,15.0,2000.0,8,16987.25,9417.25,7570.0,-1847.25,4
A34IPEKX5WXJIN,prim,15-2,15.0,2000.0,9,24935.104166666668,9759.6875,12789.645833333332,3029.958333333333,4
A34IPEKX5WXJIN,prim,15-2,15.0,2000.0,10,29052.5,15135.0,13917.5,-1217.5,5
A34IPEKX5WXJIN,prim,15-2,15.0,2000.0,11,28696.0,12314.0,12075.0,-239.0,5
A34YNEN8UUI3CD,ns,15-2,15.0,2000.0,3,6103.629166650276,0.0,4297.041666663563,4297.041666663563,1
A34YNEN8UUI3CD,ns,15-2,15.0,2000.0,4,6830.950000011828,4414.362500010058,2416.5875000017695,-1997.7750000082888,2
A34YNEN8UUI3CD,ns,15-2,15.0,2000.0,5,9562.229166680947,1828.2479166650833,5886.516666683989,4058.268750018906,2
A34YNEN8UUI3CD,ns,15-2,15.0,2000.0,6,13314.227777755093,4946.911111096541,8367.316666658553,3420.405555562013,3
A34YNEN8UUI3CD,ns,15-2,15.0,2000.0,7,11899.787499975413,3079.4624999854714,6842.174999995157,3762.7125000096858,3
A34YNEN8UUI3CD,ns,15-2,15.0,2000.0,8,11173.600000053644,5292.650000065565,5880.949999988079,588.299999922514,4
A35VI4SE31HD17,prim,15-2,15.0,2000.0,3,25141.29999996419,0.0,13157.687499985797,13157.687499985797,1
A35VI4SE31HD17,prim,15-2,15.0,2000.0,4,33063.26250001113,21911.52500000177,11151.73750000936,-10759.78749999241,2
A35VI4SE31HD17,prim,15-2,15.0,2000.0,5,35915.49999997672,7313.387499994831,23442.84999998659,16129.462499991758,2
A35VI4SE31HD17,prim,15-2,15.0,2000.0,6,38171.04374999367,24541.256250005215,13629.787499988452,-10911.468750016764,3
A35VI4SE31HD17,prim,15-2,15.0,2000.0,7,49711.637500012446,15610.337499995483,24054.308333345612,8443.97083335013,3
A35VI4SE31HD17,prim,15-2,15.0,2000.0,8,65733.44999995828,36983.59999997914,28749.84999997914,-8233.75,4
A35VI4SE31HD17,prim,15-2,15.0,2000.0,9,61238.09999998659,25595.64999999851,32781.04999998957,7185.399999991059,4
A35VI4SE31HD17,prim,15-2,15.0,2000.0,10,49159.43333336214,30100.000000024836,19059.433333337307,-11040.566666687528,5
A36S0DI86PL4J6,prim,15-2,15.0,2000.0,4,40737.0,25968.0,14769.0,-11199.0,2
A36S0DI86PL4J6,prim,15-2,15.0,2000.0,5,33827.5,4146.5,18621.5,14475.0,2
A36S0DI86PL4J6,prim,15-2,15.0,2000.0,6,70884.0,36998.5,33885.5,-3113.0,3
A36S0DI86PL4J6,prim,15-2,15.0,2000.0,7,61155.75,18562.25,34913.75,16351.5,3
A36S0DI86PL4J6,prim,15-2,15.0,2000.0,8,59943.333333333336,32718.933333333334,27224.399999999998,-5494.533333333333,4
A36S0DI86PL4J6,prim,15-2,15.0,2000.0,9,70686.97916666667,27548.375,34048.833333333336,6500.458333333334,4
A36S0DI86PL4J6,prim,15-2,15.0,2000.0,10,66281.9375,37753.8125,28528.125,-9225.6875,5
A36S0DI86PL4J6,prim,15-2,15.0,2000.0,11,69385.16666666667,31635.0,31687.5,52.5,5
A36S0DI86PL4J6,prim,15-2,15.0,2000.0,12,74046.0,47346.0,26700.0,-20646.0,6
A36S0DI86PL4J6,prim,15-2,15.0,2000.0,13,82842.0,38297.0,36802.0,-1495.0,6
A384KX8MUIJSTJ,ns,15-2,15.0,2000.0,4,27326.500000476837,14081.300000190735,13245.200000286102,-836.0999999046326,2
A384KX8MUIJSTJ,ns,15-2,15.0,2000.0,5,43365.499999046326,4045.7999997138977,35864.19999933243,31818.39999961853,2
A384KX8MUIJSTJ,ns,15-2,15.0,2000.0,6,41080.81249976158,20963.44999974966,20117.36250001192,-846.0874997377391,3
A384KX8MUIJSTJ,ns,15-2,15.0,2000.0,7,48729.800000071526,17043.75,24979.62499988079,7935.87499988079,3
A384KX8MUIJSTJ,ns,15-2,15.0,2000.0,8,47981.27499953906,23084.08749973774,24897.187499801315,1813.1000000635784,4
A384KX8MUIJSTJ,ns,15-2,15.0,2000.0,9,47772.958333969116,18575.27916707595,24437.575000047684,5862.295832971732,4
A384KX8MUIJSTJ,ns,15-2,15.0,2000.0,10,50228.29166613022,25454.593749622505,24773.69791650772,-680.8958331147829,5
A384KX8MUIJSTJ,ns,15-2,15.0,2000.0,11,50451.52499961853,22525.020833412804,23784.51249953111,1259.491666118304,5
A384KX8MUIJSTJ,ns,15-2,15.0,2000.0,12,42773.15000009537,20754.45000076294,22018.699999332428,1264.2499985694885,6
A384KX8MUIJSTJ,ns,15-2,15.0,2000.0,13,54663.349999427795,22717.64999938011,28881.400000095367,6163.750000715254,6
A38DHLB88V8DL8,rec,15-2,15.0,2000.0,7,21345.84999999404,7774.799999982119,10764.850000053644,2990.0500000715256,3
A38DHLB88V8DL8,rec,15-2,15.0,2000.0,8,23632.700000047684,10656.0,12976.700000047684,2320.7000000476837,4
A38DHLB88V8DL8,rec,15-2,15.0,2000.0,9,33932.40000000596,11696.000000029802,17882.174999967217,6186.174999937415,4
A38DHLB88V8DL8,rec,15-2,15.0,2000.0,10,33083.83749987185,16944.256249926984,16139.581249944866,-804.6749999821186,5
A38DHLB88V8DL8,rec,15-2,15.0,2000.0,11,31972.408750013263,11812.387500081211,17604.274999937414,5791.887499856204,5
A38DHLB88V8DL8,rec,15-2,15.0,2000.0,12,32326.606250047684,16120.681250050664,16205.92499999702,85.24374994635582,6
A38DHLB88V8DL8,rec,15-2,15.0,2000.0,13,32789.19166677197,12395.750000059605,17929.783333341282,5534.033333281676,6
A38DHLB88V8DL8,rec,15-2,15.0,2000.0,14,36638.25000011921,18928.649999976158,17709.60000014305,-1219.049999833107,7
A3AWQ3AACIPXM2,ns,15-2,15.0,2000.0,3,29772.875,0.0,17457.375,17457.375,1
A3AWQ3AACIPXM2,ns,15-2,15.0,2000.0,4,51730.0,35845.0,15885.0,-19960.0,2
A3AWQ3AACIPXM2,ns,15-2,15.0,2000.0,5,40852.5,16974.0,17838.666666666664,864.666666666667,2
A3AWQ3AACIPXM2,ns,15-2,15.0,2000.0,7,49173.0,9648.0,32075.0,22427.0,3
A3AWQ3AACIPXM2,ns,15-2,15.0,2000.0,8,53303.0,36029.0,17274.0,-18755.0,4
A3BA2WMGN6KHUU,ns,15-2,15.0,2000.0,3,45275.29999999702,0.0,8548.60000000894,8548.60000000894,1
A3BA2WMGN6KHUU,ns,15-2,15.0,2000.0,4,49504.116666833565,38544.88333336513,10959.233333468437,-27585.649999896683,2
A3BA2WMGN6KHUU,ns,15-2,15.0,2000.0,5,60443.21111104679,9884.777777738042,29475.577777800878,19590.800000062834,2
A3BA2WMGN6KHUU,ns,15-2,15.0,2000.0,6,58139.00833325833,38851.2458331706,19287.76250008773,-19563.48333308287,3
A3BA2WMGN6KHUU,ns,15-2,15.0,2000.0,7,44177.30625005253,16890.487500012852,15072.656250011176,-1817.8312500016764,3
A3BA2WMGN6KHUU,ns,15-2,15.0,2000.0,8,64150.008333428035,32990.44444449081,31159.563888937235,-1830.8805555535685,4
A3BA2WMGN6KHUU,ns,15-2,15.0,2000.0,9,65520.38333330738,33936.04999997405,25966.266666653257,-7969.783333320792,4
A3BA2WMGN6KHUU,ns,15-2,15.0,2000.0,10,55815.25000009127,30586.15000006929,25229.10000002198,-5357.050000047311,5
A3BN69Q9D7RQGR,ns,15-2,15.0,2000.0,3,25443.333333333332,0.0,16528.333333333332,16528.333333333332,1
A3BN69Q9D7RQGR,ns,15-2,15.0,2000.0,4,39586.125,20366.916666666668,19219.208333333332,-1147.7083333333335,2
A3BN69Q9D7RQGR,ns,15-2,15.0,2000.0,5,31558.888888888887,12961.77777777778,11047.444444444445,-1914.3333333333333,2
A3BN69Q9D7RQGR,ns,15-2,15.0,2000.0,6,44905.941666666666,23936.808333333334,20969.133333333335,-2967.675,3
A3BN69Q9D7RQGR,ns,15-2,15.0,2000.0,7,44842.833333333336,9012.833333333334,27149.333333333332,18136.5,3
A3BN69Q9D7RQGR,ns,15-2,15.0,2000.0,8,45333.833333333336,24196.5,21137.333333333332,-3059.1666666666665,4
A3BN69Q9D7RQGR,ns,15-2,15.0,2000.0,9,45984.25,16227.25,21326.75,5099.5,4
A3BN69Q9D7RQGR,ns,15-2,15.0,2000.0,10,64338.75,33253.5,31085.25,-2168.25,5
A3C25IBTLB60RQ,prim,15-2,15.0,2000.0,3,23312.20000076294,0.0,7687.199999809265,7687.199999809265,1
A3C25IBTLB60RQ,prim,15-2,15.0,2000.0,4,21463.599999427795,16100.999999046326,5362.60000038147,-10738.399998664856,2
A3C25IBTLB60RQ,prim,15-2,15.0,2000.0,5,25102.0,3358.7000002861023,11670.449999809265,8311.749999523163,2
A3C25IBTLB60RQ,prim,15-2,15.0,2000.0,6,17797.549998760223,8148.849998950958,9648.699999809265,1499.8500008583069,3
A3C25IBTLB60RQ,prim,15-2,15.0,2000.0,7,29588.599997520447,8535.10000038147,11719.399998664856,3184.2999982833862,3
A3C25IBTLB60RQ,prim,15-2,15.0,2000.0,9,31418.56666692098,9396.800000190735,18513.133333206177,9116.333333015442,4
A3C25IBTLB60RQ,prim,15-2,15.0,2000.0,10,29753.199999809265,18020.39999961853,11732.800000190735,-6287.599999427795,5
A3C25IBTLB60RQ,prim,15-2,15.0,2000.0,11,39269.52500009537,14497.674999713898,21551.424999952316,7053.750000238419,5
A3C25IBTLB60RQ,prim,15-2,15.0,2000.0,12,39376.68333244324,19507.466666380562,19869.216666062675,361.7499996821085,6
A3C25IBTLB60RQ,prim,15-2,15.0,2000.0,13,37894.50000047684,16433.700000286102,19306.150000095367,2872.449999809265,6
A3C25IBTLB60RQ,prim,15-2,15.0,2000.0,14,54725.350001335144,28544.70000076294,26180.650000572205,-2364.050000190735,7
A3FOKP72T5I4FR,ns,15-2,15.0,2000.0,3,6412.0,0.0,4053.5,4053.5,1
A3FOKP72T5I4FR,ns,15-2,15.0,2000.0,4,8864.766666591167,4510.091666599115,4354.674999992053,-155.4166666070621,2
A3FOKP72T5I4FR,ns,15-2,15.0,2000.0,5,9102.230000066756,2170.400000011921,5043.975000011921,2873.575,2
A3FOKP72T5I4FR,ns,15-2,15.0,2000.0,6,13457.733333508173,6895.400000254313,6562.3333332538605,-333.0666670004527,3
A3FOKP72T5I4FR,ns,15-2,15.0,2000.0,7,15419.183333237965,4330.583333214124,9620.20000008742,5289.616666873296,3
A3FOKP72T5I4FR,ns,15-2,15.0,2000.0,8,12648.500000238419,7518.000000238419,5130.5,-2387.5000002384186,4
A3HBB9JT9WVZS4,ns,15-2,15.0,2000.0,4,50706.30000027021,33888.36666703224,16817.933333237965,-17070.433333794277,2
A3HBB9JT9WVZS4,ns,15-2,15.0,2000.0,5,33454.66666690508,4202.300000111262,19559.66666674614,15357.366666634878,2
A3HBB9JT9WVZS4,ns,15-2,15.0,2000.0,6,39103.483333190285,24870.533333261807,14232.949999928474,-10637.583333333334,3
A3HBB9JT9WVZS4,ns,15-2,15.0,2000.0,7,37628.700000047684,16354.016666650772,13791.650000015894,-2562.3666666348777,3
A3HBB9JT9WVZS4,ns,15-2,15.0,2000.0,8,50833.508333295584,27716.620833377045,23116.88749991854,-4599.733333458507,4
A3HBB9JT9WVZS4,ns,15-2,15.0,2000.0,9,50529.40833336115,11944.983333269754,34280.500000099346,22335.516666829586,4
A3HBB9JT9WVZS4,ns,15-2,15.0,2000.0,10,38080.21111109522,21967.977777772478,16112.233333322738,-5855.744444449742,5
A3HBB9JT9WVZS4,ns,15-2,15.0,2000.0,11,39734.22499990463,15647.274999976158,21384.42500001192,5737.150000035763,5
A3HBB9JT9WVZS4,ns,15-2,15.0,2000.0,12,36024.70000016689,15159.250000059605,20865.45000010729,5706.200000047684,6
A3HBB9JT9WVZS4,ns,15-2,15.0,2000.0,13,67396.59999966621,19022.299999952316,43816.99999976158,24794.699999809265,6
A3HOPYBWSR1TWR,prim,15-2,15.0,2000.0,3,21610.0,0.0,16785.0,16785.0,1
A3HOPYBWSR1TWR,prim,15-2,15.0,2000.0,4,26978.0,25259.0,1719.0,-23540.0,2
A3HOPYBWSR1TWR,prim,15-2,15.0,2000.0,5,23764.333333333332,5931.333333333334,12419.333333333332,6488.0,2
A3HOPYBWSR1TWR,prim,15-2,15.0,2000.0,6,27047.458333333332,12620.625,14426.833333333334,1806.2083333333335,3
A3HOPYBWSR1TWR,prim,15-2,15.0,2000.0,7,30669.0,9402.699999999999,15703.666666666666,6300.966666666667,3
A3HOPYBWSR1TWR,prim,15-2,15.0,2000.0,8,33347.08333333333,19804.25,13542.833333333334,-6261.416666666667,4
A3HOPYBWSR1TWR,prim,15-2,15.0,2000.0,9,36673.833333333336,14939.166666666666,17511.333333333332,2572.1666666666665,4
A3HOPYBWSR1TWR,prim,15-2,15.0,2000.0,10,35148.5,22033.5,13115.0,-8918.5,5
A3IBDJ12CRTQQN,prim,15-2,15.0,2000.0,4,35392.666666666664,27681.0,7711.666666666667,-19969.333333333332,2
A3IBDJ12CRTQQN,prim,15-2,15.0,2000.0,5,46234.5,4610.0,24321.0,19711.0,2
A3IBDJ12CRTQQN,prim,15-2,15.0,2000.0,6,36728.25,21477.25,15251.0,-6226.25,3
A3IBDJ12CRTQQN,prim,15-2,15.0,2000.0,7,39357.166666666664,15973.416666666666,17765.416666666668,1792.0,3
A3IBDJ12CRTQQN,prim,15-2,15.0,2000.0,8,46188.5625,26528.875,19659.6875,-6869.1875,4
A3IBDJ12CRTQQN,prim,15-2,15.0,2000.0,9,43504.25,15468.041666666668,18441.333333333332,2973.2916666666665,4
A3IBDJ12CRTQQN,prim,15-2,15.0,2000.0,10,48608.5,26831.125,21777.375,-5053.75,5
A3IBDJ12CRTQQN,prim,15-2,15.0,2000.0,11,55482.75,20786.5,30789.5,10003.0,5
A3IBDJ12CRTQQN,prim,15-2,15.0,2000.0,12,52751.5,28492.0,24259.5,-4232.5,6
A3IBDJ12CRTQQN,prim,15-2,15.0,2000.0,13,54491.5,18480.5,31753.5,13273.0,6
A3IHTJXHWPQ2JR,rec,15-2,15.0,2000.0,5,68769.0,23013.0,41796.0,18783.0,2
A3IHTJXHWPQ2JR,rec,15-2,15.0,2000.0,6,55346.5,28309.5,27037.0,-1272.5,3
A3IHTJXHWPQ2JR,rec,15-2,15.0,2000.0,8,38973.555555555555,21627.333333333332,17346.222222222223,-4281.111111111111,4
A3IHTJXHWPQ2JR,rec,15-2,15.0,2000.0,9,47536.75,19296.416666666668,23945.916666666668,4649.5,4
A3IHTJXHWPQ2JR,rec,15-2,15.0,2000.0,10,40360.0,18967.222222222223,21392.777777777777,2425.5555555555557,5
A3IHTJXHWPQ2JR,rec,15-2,15.0,2000.0,11,53239.79166666667,20354.625,29022.666666666668,8668.041666666666,5
A3IHTJXHWPQ2JR,rec,15-2,15.0,2000.0,12,47344.166666666664,25532.916666666668,21811.25,-3721.6666666666665,6
A3IHTJXHWPQ2JR,rec,15-2,15.0,2000.0,13,40438.25,18079.5,19621.25,1541.75,6
A3IHTJXHWPQ2JR,rec,15-2,15.0,2000.0,14,54258.0,21589.0,32669.0,11080.0,7
A3MWLHSW9B9RHU,prim,15-2,15.0,2000.0,5,24165.30000000447,8463.60000000149,13333.20000000298,4869.60000000149,2
A3MWLHSW9B9RHU,prim,15-2,15.0,2000.0,6,36517.533333328865,24134.233333331842,12383.29999999702,-11750.933333334824,3
A3MWLHSW9B9RHU,prim,15-2,15.0,2000.0,7,45504.65000009164,8487.099999998696,28948.750000116415,20461.65000011772,3
A3MWLHSW9B9RHU,prim,15-2,15.0,2000.0,8,47538.2000002861,34308.200000047684,13230.000000238419,-21078.199999809265,4
A3MWLHSW9B9RHU,prim,15-2,15.0,2000.0,9,44167.633333303034,15951.033333351215,23861.9666666314,7910.933333280186,4
A3MWLHSW9B9RHU,prim,15-2,15.0,2000.0,10,47257.35000012629,21888.69375004666,25368.656250079628,3479.962500032969,5
A3MWLHSW9B9RHU,prim,15-2,15.0,2000.0,11,46425.48125005979,17008.850000023376,25734.204166708358,8725.354166684983,5
A3MWLHSW9B9RHU,prim,15-2,15.0,2000.0,12,55518.625000130385,34229.47500010859,21289.150000021793,-12940.3250000868,6
A3MWLHSW9B9RHU,prim,15-2,15.0,2000.0,13,48004.83611116765,19337.12500002442,23848.55555558784,4511.43055556342,6
A3MWLHSW9B9RHU,prim,15-2,15.0,2000.0,14,52086.60000003874,26124.000000029802,25962.60000000894,-161.40000002086163,7
A3ORKXM3WG8QJ9,prim,15-2,15.0,2000.0,6,32642.0,18473.0,14169.0,-4304.0,3
A3ORKXM3WG8QJ9,prim,15-2,15.0,2000.0,8,56108.0,32303.0,23805.0,-8498.0,4
A3ORKXM3WG8QJ9,prim,15-2,15.0,2000.0,9,52141.333333333336,9952.333333333334,39557.666666666664,29605.333333333332,4
A3ORKXM3WG8QJ9,prim,15-2,15.0,2000.0,11,59996.58333333333,28078.166666666664,27179.75,-898.416666666667,5
A3ORKXM3WG8QJ9,prim,15-2,15.0,2000.0,12,54570.25,32056.5,22513.75,-9542.75,6
A3ORKXM3WG8QJ9,prim,15-2,15.0,2000.0,13,53519.4,26791.0,23784.3,-3006.7,6
A3P52W1SBJUT5N,ns,15-2,15.0,2000.0,3,25950.1375,0.0,12858.3375,12858.3375,1
A3P52W1SBJUT5N,ns,15-2,15.0,2000.0,4,27075.875,15548.708333333332,11527.166666666666,-4021.5416666666665,2
A3P52W1SBJUT5N,ns,15-2,15.0,2000.0,5,32976.75,8011.0,19131.625,11120.625,2
A3P52W1SBJUT5N,ns,15-2,15.0,2000.0,6,35211.61111111111,20329.277777777777,14882.333333333334,-5446.944444444444,3
A3P52W1SBJUT5N,ns,15-2,15.0,2000.0,7,42090.0,13328.0,23104.0,9776.0,3
A3P52W1SBJUT5N,ns,15-2,15.0,2000.0,9,46097.0,15134.0,25817.0,10683.0,4
A3U27ZHUGOPIAN,prim,15-2,15.0,2000.0,3,50336.0,0.0,12770.0,12770.0,1
A3U27ZHUGOPIAN,prim,15-2,15.0,2000.0,4,56276.0,32011.5,24264.5,-7747.0,2
A3U27ZHUGOPIAN,prim,15-2,15.0,2000.0,5,44450.333333333336,7144.166666666667,25013.5,17869.333333333332,2
A3U27ZHUGOPIAN,prim,15-2,15.0,2000.0,6,45652.375,27424.208333333332,18228.166666666668,-9196.041666666666,3
A3U27ZHUGOPIAN,prim,15-2,15.0,2000.0,7,43660.125,15170.666666666666,23771.708333333332,8601.041666666666,3
A3U27ZHUGOPIAN,prim,15-2,15.0,2000.0,8,56551.5,33675.416666666664,22876.083333333332,-10799.333333333334,4
A3U27ZHUGOPIAN,prim,15-2,15.0,2000.0,9,45830.1875,16074.625,23211.5625,7136.9375,4
A3U27ZHUGOPIAN,prim,15-2,15.0,2000.0,10,70217.5,47494.5,22723.0,-24771.5,5
A3U27ZHUGOPIAN,prim,15-2,15.0,2000.0,11,57441.0,16879.0,34557.0,17678.0,5
A3U27ZHUGOPIAN,prim,15-2,15.0,2000.0,12,59499.5,29898.5,29601.0,-297.5,6
A3U27ZHUGOPIAN,prim,15-2,15.0,2000.0,13,77711.0,27263.0,40651.0,13388.0,6
A3UA50A6GKNAMR,prim,15-2,15.0,2000.0,4,39062.0,7746.0,31316.0,23570.0,2
A3UA50A6GKNAMR,prim,15-2,15.0,2000.0,5,45732.75,11281.25,25956.75,14675.5,2
A3UA50A6GKNAMR,prim,15-2,15.0,2000.0,6,31461.75,17595.5,13866.25,-3729.25,3
A3UA50A6GKNAMR,prim,15-2,15.0,2000.0,7,53817.833333333336,10899.666666666666,36400.0,25500.333333333332,3
A3UA50A6GKNAMR,prim,15-2,15.0,2000.0,8,46754.916666666664,28678.5,18076.416666666668,-10602.083333333334,4
A3UA50A6GKNAMR,prim,15-2,15.0,2000.0,9,57035.833333333336,17041.777777777777,31295.94444444445,14254.166666666666,4
A3UA50A6GKNAMR,prim,15-2,15.0,2000.0,10,56117.875,26193.75,29924.125,3730.375,5
A3UA50A6GKNAMR,prim,15-2,15.0,2000.0,11,44409.541666666664,17456.458333333332,23527.583333333336,6071.125,5
A3UA50A6GKNAMR,prim,15-2,15.0,2000.0,12,63101.0,35522.0,27579.0,-7943.0,6
A3UE8ANAIM7F15,ns,15-2,15.0,2000.0,3,40649.06666652361,0.0,23116.13333328565,23116.13333328565,1
A3UE8ANAIM7F15,ns,15-2,15.0,2000.0,5,48565.61250013113,7388.799999952316,33286.40000009537,25897.60000014305,2
A3UE8ANAIM7F15,ns,15-2,15.0,2000.0,6,51892.58958333731,33632.92291661601,18259.666666721303,-15373.256249894699,3
A3UE8ANAIM7F15,ns,15-2,15.0,2000.0,7,49166.856250062585,16292.13124999404,26104.13124997914,9811.999999985099,3
A3UE8ANAIM7F15,ns,15-2,15.0,2000.0,8,49411.40555575159,24068.566666854753,25342.838888896837,1274.2722220420844,4
A3UE8ANAIM7F15,ns,15-2,15.0,2000.0,9,58220.93333339691,18749.900000015896,33135.133333444595,14385.233333428701,4
A3UGB3B1S74HR9,prim,15-2,15.0,2000.0,4,12910.850000143051,6065.850000143051,6845.0,779.1499998569489,2
A3UGB3B1S74HR9,prim,15-2,15.0,2000.0,5,26124.911110930974,9725.65555553966,9540.633333232669,-185.02222230699317,2
A3UGB3B1S74HR9,prim,15-2,15.0,2000.0,6,34411.88333362341,20856.250000158947,13555.633333464464,-7300.616666694482,3
A3UGB3B1S74HR9,prim,15-2,15.0,2000.0,7,32164.383333245914,14734.920833249887,13134.816666603088,-1600.1041666467984,3
A3UGB3B1S74HR9,prim,15-2,15.0,2000.0,8,34295.6666667064,19820.141666685544,14475.525000020862,-5344.6166666646795,4
A3UGB3B1S74HR9,prim,15-2,15.0,2000.0,9,44518.24166659514,15455.820833265781,23018.487500051655,7562.666666785876,4
A3UGB3B1S74HR9,prim,15-2,15.0,2000.0,10,42269.29999959469,18361.599999904633,23907.699999690056,5546.099999785423,5
A3UUW04QL49RSC,prim,15-2,15.0,2000.0,3,16598.5,0.0,9943.0,9943.0,1
A3UUW04QL49RSC,prim,15-2,15.0,2000.0,4,17239.05555555556,12303.666666666666,4935.38888888889,-7368.277777777777,2
A3UUW04QL49RSC,prim,15-2,15.0,2000.0,5,25113.125,10239.833333333334,9962.25,-277.58333333333326,2
A3UUW04QL49RSC,prim,15-2,15.0,2000.0,6,27618.222222222223,15898.555555555555,11719.666666666666,-4178.88888888889,3
A3UUW04QL49RSC,prim,15-2,15.0,2000.0,7,33769.0,9373.0,15185.0,5812.0,3
A3UUW04QL49RSC,prim,15-2,15.0,2000.0,8,43699.444444444445,24846.333333333332,18853.11111111111,-5993.222222222223,4
A3UUW04QL49RSC,prim,15-2,15.0,2000.0,9,46636.5,13249.0,28430.0,15181.0,4
A3UUW04QL49RSC,prim,15-2,15.0,2000.0,10,54556.75,31172.75,23384.0,-7788.75,5
A3UUW04QL49RSC,prim,15-2,15.0,2000.0,11,63484.0,27133.5,32249.0,5115.5,5
A6HDSE80LQPR8,rec,15-2,15.0,2000.0,3,7898.0,0.0,4223.0,4223.0,1
A6HDSE80LQPR8,rec,15-2,15.0,2000.0,4,28156.5,10589.5,17567.0,6977.5,2
A6HDSE80LQPR8,rec,15-2,15.0,2000.0,5,10772.5,2163.0,6641.0,4478.0,2
A6HDSE80LQPR8,rec,15-2,15.0,2000.0,6,27403.0,6034.916666666666,21368.083333333336,15333.166666666668,3
A6HDSE80LQPR8,rec,15-2,15.0,2000.0,8,40815.0,11125.0,29690.0,18565.0,4
A6HDSE80LQPR8,rec,15-2,15.0,2000.0,9,75982.0,12721.0,61971.0,49250.0,4
A6HDSE80LQPR8,rec,15-2,15.0,2000.0,11,75826.0,8761.0,64894.0,56133.0,5
AAOOH6P4HHSCS,prim,15-2,15.0,2000.0,4,23257.199999809265,10656.49999988079,12600.699999928474,1944.2000000476837,2
AAOOH6P4HHSCS,prim,15-2,15.0,2000.0,5,19864.80000001192,2918.5499999523163,11541.100000023842,8622.550000071526,2
AAOOH6P4HHSCS,prim,15-2,15.0,2000.0,6,34990.39999997616,19257.049999952316,15733.350000023842,-3523.6999999284744,3
AAOOH6P4HHSCS,prim,15-2,15.0,2000.0,7,27092.712499996025,9737.35416662693,12254.62500004967,2517.27083342274,3
AAOOH6P4HHSCS,prim,15-2,15.0,2000.0,8,40108.250000039734,20362.33333337307,19745.916666666668,-616.4166667064031,4
AAOOH6P4HHSCS,prim,15-2,15.0,2000.0,9,39073.742083347344,15328.87416668137,19439.61291666478,4110.73874998341,4
AAOOH6P4HHSCS,prim,15-2,15.0,2000.0,10,39070.29999997219,20989.649999976158,18080.649999996025,-2908.9999999801316,5
AAOOH6P4HHSCS,prim,15-2,15.0,2000.0,11,44319.01666673025,18625.083333432674,21396.516666611034,2771.4333331783614,5
AAOOH6P4HHSCS,prim,15-2,15.0,2000.0,12,39314.09999984503,20579.80000001192,18734.299999833107,-1845.500000178814,6
ADGJXUEMPLTMS,prim,15-2,15.0,2000.0,3,19142.90555548668,0.0,10855.472222248713,10855.472222248713,1
ADGJXUEMPLTMS,prim,15-2,15.0,2000.0,4,25325.93333343665,14386.07500008742,10939.858333349228,-3446.216666738192,2
ADGJXUEMPLTMS,prim,15-2,15.0,2000.0,5,24034.699999928474,4712.216666678587,13748.287500003975,9036.070833325386,2
ADGJXUEMPLTMS,prim,15-2,15.0,2000.0,6,30933.23916663726,16884.86499994596,14048.374166691305,-2836.490833254655,3
ADGJXUEMPLTMS,prim,15-2,15.0,2000.0,7,18972.100000095368,6960.120000076294,8405.779999923707,1445.659999847412,3
ADGJXUEMPLTMS,prim,15-2,15.0,2000.0,8,36321.199999809265,20133.10000038147,16188.099999427795,-3945.0000009536743,4
AEF1G6YE8RIB8,prim,15-2,15.0,2000.0,3,24717.099999904633,0.0,19442.199999928474,19442.199999928474,1
AEF1G6YE8RIB8,prim,15-2,15.0,2000.0,4,57921.10000001639,26988.69999999553,30932.40000002086,3943.700000025332,2
AEF1G6YE8RIB8,prim,15-2,15.0,2000.0,5,39333.05000001192,12965.50000011921,13552.349999904633,586.8499997854233,2
AEF1G6YE8RIB8,prim,15-2,15.0,2000.0,6,41893.33333290368,23850.14999974519,18043.183333158493,-5806.966666586697,3
AEF1G6YE8RIB8,prim,15-2,15.0,2000.0,7,49883.34583335121,15509.96875005588,28563.574999959517,13053.606249903638,3
AEF1G6YE8RIB8,prim,15-2,15.0,2000.0,8,54955.04249987863,30148.381249840557,24806.661250038072,-5341.719999802485,4
AEF1G6YE8RIB8,prim,15-2,15.0,2000.0,9,45914.25,16764.44999998808,25426.15000000596,8661.700000017881,4
AEF1G6YE8RIB8,prim,15-2,15.0,2000.0,10,58919.00000007152,30742.520000052453,28176.480000019073,-2566.0400000333784,5
AEF1G6YE8RIB8,prim,15-2,15.0,2000.0,12,60184.34999990463,30697.799999952316,29486.549999952316,-1211.25,6
AERGHZBQFT309,ns,15-2,15.0,2000.0,5,14755.000000476837,996.2000000476837,12885.400000333786,11889.200000286102,2
AERGHZBQFT309,ns,15-2,15.0,2000.0,6,27514.14583329732,5162.066666644067,22352.079166653253,17190.01250000919,3
AERGHZBQFT309,ns,15-2,15.0,2000.0,7,20678.55000001937,3339.5250000152737,15033.924999995157,11694.399999979883,3
AERGHZBQFT309,ns,15-2,15.0,2000.0,8,32904.50000004967,12275.377777788373,20629.122222261296,8353.74444447292,4
AERGHZBQFT309,ns,15-2,15.0,2000.0,9,43484.343749924876,3778.5541666063173,37424.74375001155,33646.189583405234,4
AERGHZBQFT309,ns,15-2,15.0,2000.0,10,47585.54999998212,18750.89999998361,28834.64999999851,10083.750000014901,5
AESZJEZTZEW01,ns,15-2,15.0,2000.0,3,41124.25000011921,0.0,15576.5,15576.5,1
AESZJEZTZEW01,ns,15-2,15.0,2000.0,4,30520.225000023842,20217.750000059605,10302.474999964237,-9915.275000095367,2
AESZJEZTZEW01,ns,15-2,15.0,2000.0,5,61577.79999947548,4423.0,39545.2999997139,35122.2999997139,2
AESZJEZTZEW01,ns,15-2,15.0,2000.0,6,32248.900000214577,21549.900000214577,10699.0,-10850.900000214577,3
AESZJEZTZEW01,ns,15-2,15.0,2000.0,7,34202.72499996424,14319.750000059605,12193.824999988079,-2125.9250000715256,3
AESZJEZTZEW01,ns,15-2,15.0,2000.0,8,67572.99999952316,47813.89999985695,19759.099999666214,-28054.800000190735,4
AESZJEZTZEW01,ns,15-2,15.0,2000.0,9,38567.90000009537,13988.0,21728.400000095367,7740.400000095367,4
AESZJEZTZEW01,ns,15-2,15.0,2000.0,10,30217.10000038147,16315.900000095367,13901.200000286102,-2414.699999809265,5
AESZJEZTZEW01,ns,15-2,15.0,2000.0,11,35382.56666660309,13230.499999761581,19062.2333334287,5831.733333667119,5
AEX1I7K7OVHHC,rec,15-2,15.0,2000.0,3,36919.5,0.0,8442.5,8442.5,1
AEX1I7K7OVHHC,rec,15-2,15.0,2000.0,4,32021.875,18493.75,13528.125,-4965.625,2
AEX1I7K7OVHHC,rec,15-2,15.0,2000.0,5,26878.5,13190.5,9755.5,-3435.0,2
AEX1I7K7OVHHC,rec,15-2,15.0,2000.0,6,29658.5,17414.5,12244.0,-5170.5,3
AEX1I7K7OVHHC,rec,15-2,15.0,2000.0,7,33835.5,10776.5,19670.0,8893.5,3
AEX1I7K7OVHHC,rec,15-2,15.0,2000.0,8,38183.95833333333,22084.5,16099.458333333332,-5985.041666666667,4
AEX1I7K7OVHHC,rec,15-2,15.0,2000.0,9,42389.33333333333,18513.583333333336,19940.75,1427.1666666666665,4
AEX1I7K7OVHHC,rec,15-2,15.0,2000.0,10,51096.0,35601.0,15495.0,-20106.0,5
AEX1I7K7OVHHC,rec,15-2,15.0,2000.0,12,49723.0,23516.0,26207.0,2691.0,6
AEXRVIK8SKB4V,prim,15-2,15.0,2000.0,3,38793.65000009537,0.0,9003.600000143051,9003.600000143051,1
AEXRVIK8SKB4V,prim,15-2,15.0,2000.0,4,23923.599999997765,10326.39999999851,13597.199999999255,3270.800000000745,2
AEXRVIK8SKB4V,prim,15-2,15.0,2000.0,5,30038.60000014305,10179.950000166893,11036.449999928474,856.4999997615814,2
AEXRVIK8SKB4V,prim,15-2,15.0,2000.0,6,37012.33333333271,22215.050000000123,14797.283333332589,-7417.766666667536,3
AEXRVIK8SKB4V,prim,15-2,15.0,2000.0,7,34776.99999999907,10901.000000000931,16388.77499999851,5487.774999997579,3
AEXRVIK8SKB4V,prim,15-2,15.0,2000.0,8,44205.84999993567,23953.433333269008,20252.416666666664,-3701.0166666023433,4
AF0W4ZBY7VXOU,rec,15-2,15.0,2000.0,4,47887.349999934435,30436.999999940395,17450.34999999404,-12986.649999946356,2
AF0W4ZBY7VXOU,rec,15-2,15.0,2000.0,5,14513.799999982119,2345.0999999940395,6993.5999999940395,4648.5,2
AF0W4ZBY7VXOU,rec,15-2,15.0,2000.0,6,21582.63333333532,7651.133333345254,13931.499999990066,6280.366666644812,3
AF0W4ZBY7VXOU,rec,15-2,15.0,2000.0,7,35271.566666682564,8732.416666696468,23058.95000001788,14326.533333321413,3
AF0W4ZBY7VXOU,rec,15-2,15.0,2000.0,8,49605.16666665673,11996.433333337307,37608.733333319426,25612.29999998212,4
AF0W4ZBY7VXOU,rec,15-2,15.0,2000.0,9,38457.39999997864,7005.827777776453,28059.380555539494,21053.552777763045,4
AF0W4ZBY7VXOU,rec,15-2,15.0,2000.0,10,40495.31111112237,16029.261111093894,24466.050000028477,8436.788888934585,5
AF0W4ZBY7VXOU,rec,15-2,15.0,2000.0,11,39526.24999999503,9538.56666659812,25622.78333338598,16084.216666787863,5
AF0W4ZBY7VXOU,rec,15-2,15.0,2000.0,13,54400.90000000596,15883.300000011921,34643.59999999404,18760.29999998212,6
AF0W4ZBY7VXOU,rec,15-2,15.0,2000.0,14,42531.0,17869.600000023842,24661.399999976158,6791.799999952316,7
AFZGUWYLC0NG0,ns,15-2,15.0,2000.0,3,11226.356250057619,0.0,5709.856250017881,5709.856250017881,1
AFZGUWYLC0NG0,ns,15-2,15.0,2000.0,4,17815.9739583234,8550.843750029802,9265.130208293596,714.2864582637943,2
AFZGUWYLC0NG0,ns,15-2,15.0,2000.0,5,24738.949999809265,5450.499999880791,14866.12499988079,9415.625,2
AFZGUWYLC0NG0,ns,15-2,15.0,2000.0,6,42592.24999964237,28215.14999961853,14377.100000023842,-13838.049999594688,3
AFZGUWYLC0NG0,ns,15-2,15.0,2000.0,7,20427.099999427795,7659.699999809265,11069.39999961853,3409.699999809265,3
AFZGUWYLC0NG0,ns,15-2,15.0,2000.0,8,25750.750000953674,16050.650000572205,9700.10000038147,-6350.550000190735,4
AGANKP4PUZ4NC,prim,15-2,15.0,2000.0,3,14171.94845238697,0.0,7860.6836904778365,7860.6836904778365,1
AGANKP4PUZ4NC,prim,15-2,15.0,2000.0,4,12114.391666650772,8603.649999996027,3510.7416666547456,-5092.908333341281,2
AGANKP4PUZ4NC,prim,15-2,15.0,2000.0,5,17410.00000023842,7859.5,6638.400000095367,-1221.0999999046326,2
AGANKP4PUZ4NC,prim,15-2,15.0,2000.0,6,32232.400000095367,20532.700000047684,11699.700000047684,-8833.0,3
AGANKP4PUZ4NC,prim,15-2,15.0,2000.0,7,26036.024999797344,9154.749999940395,12605.149999916553,3450.399999976158,3
AGANKP4PUZ4NC,prim,15-2,15.0,2000.0,8,27617.116666595142,13196.799999952316,14420.316666642824,1223.5166666905088,4
AGANKP4PUZ4NC,prim,15-2,15.0,2000.0,10,38855.89999961853,22084.89999961853,16771.0,-5313.89999961853,5
AHY3YAYJLTW32,rec,15-2,15.0,2000.0,4,25012.77777777778,6019.833333333333,18992.944444444445,12973.111111111111,2
AHY3YAYJLTW32,rec,15-2,15.0,2000.0,5,25322.016666666666,2388.1458333333335,20527.170833333334,18139.025,2
AHY3YAYJLTW32,rec,15-2,15.0,2000.0,6,25680.166666666668,6170.833333333333,19509.333333333332,13338.5,3
AHY3YAYJLTW32,rec,15-2,15.0,2000.0,7,34707.0,4282.5,27434.5,23152.0,3
AHY3YAYJLTW32,rec,15-2,15.0,2000.0,8,48048.0,6320.0,41728.0,35408.0,4
AHY3YAYJLTW32,rec,15-2,15.0,2000.0,9,26556.0,5984.0,18075.0,12091.0,4
AL9SYQEUTNJXT,prim,15-2,15.0,2000.0,4,42089.10000026226,19543.600000023842,22545.50000023842,3001.9000002145767,2
AL9SYQEUTNJXT,prim,15-2,15.0,2000.0,5,46542.86666647593,5364.933333277702,33323.7666665713,27958.833333293598,2
AL9SYQEUTNJXT,prim,15-2,15.0,2000.0,6,70652.73333323002,56866.39999985695,13786.33333337307,-43080.06666648388,3
AL9SYQEUTNJXT,prim,15-2,15.0,2000.0,7,47278.512500077486,14332.162500023842,26409.050000041723,12076.887500017881,3
AL9SYQEUTNJXT,prim,15-2,15.0,2000.0,8,50354.20416674515,28137.40416670094,22216.800000044208,-5920.604166656733,4
AL9SYQEUTNJXT,prim,15-2,15.0,2000.0,9,59398.8500000106,18712.56111114886,32976.39999999603,14263.838888847165,4
AL9SYQEUTNJXT,prim,15-2,15.0,2000.0,10,55165.79375001788,30725.275000028312,24440.51874998957,-6284.756250038743,5
AL9SYQEUTNJXT,prim,15-2,15.0,2000.0,11,58195.74999990066,22822.083333333332,28946.983333249886,6124.8999999165535,5
AL9SYQEUTNJXT,prim,15-2,15.0,2000.0,12,52321.89999997616,35320.5,17001.399999976158,-18319.100000023842,6
ALDQRWYZ8KQ9A,rec,15-2,15.0,2000.0,8,64223.800000000745,10803.300000000745,53420.5,42617.199999999255,4
ALDQRWYZ8KQ9A,rec,15-2,15.0,2000.0,9,17517.500000003725,4150.79999999702,12017.40000000596,7866.600000008941,4
ALDQRWYZ8KQ9A,rec,15-2,15.0,2000.0,10,30926.04999999702,6968.75,23957.29999999702,16988.54999999702,5
ALDQRWYZ8KQ9A,rec,15-2,15.0,2000.0,11,53459.92499999795,10217.150000001304,39131.32499999832,28914.17499999702,5
ALDQRWYZ8KQ9A,rec,15-2,15.0,2000.0,12,45771.487499999814,11462.187499998603,34309.30000000121,22847.112500002608,6
ALDQRWYZ8KQ9A,rec,15-2,15.0,2000.0,13,45678.2499999969,9699.608333331998,33371.920833331686,23672.31249999969,6
ALDQRWYZ8KQ9A,rec,15-2,15.0,2000.0,14,43999.52499999696,14042.883333330352,29956.641666666605,15913.758333336253,7
ALDQRWYZ8KQ9A,rec,15-2,15.0,2000.0,15,42729.95000000857,10471.100000005215,30715.700000004843,20244.599999999627,7
AM65LGXJBTJ0I,ns,15-2,15.0,2000.0,4,7753.012499898672,4101.799999952316,3651.212499946356,-450.58750000596046,2
AM65LGXJBTJ0I,ns,15-2,15.0,2000.0,5,7904.504999939601,1150.36833324035,5105.420000056425,3955.051666816076,2
AM65LGXJBTJ0I,ns,15-2,15.0,2000.0,6,8330.28437499702,3859.496874988079,4470.787500008941,611.2906250208616,3
AM65LGXJBTJ0I,ns,15-2,15.0,2000.0,7,11283.05000003179,2967.341666698456,6828.300000031789,3860.9583333333335,3
AM65LGXJBTJ0I,ns,15-2,15.0,2000.0,8,12638.699999809265,6762.499999761581,5876.200000047684,-886.2999997138977,4
AOIR8V07FYMH5,rec,15-2,15.0,2000.0,6,18574.550000037998,9527.249999995964,9047.300000042034,-479.94999995393056,3
AOIR8V07FYMH5,rec,15-2,15.0,2000.0,7,20770.9666667132,5773.321666655969,11671.115000035894,5897.793333379925,3
AOIR8V07FYMH5,rec,15-2,15.0,2000.0,8,20377.479166664183,11035.572916666357,9341.906249997828,-1693.6666666685292,4
AOIR8V07FYMH5,rec,15-2,15.0,2000.0,9,23177.644999991917,6997.0533333208405,14082.895000008742,7085.8416666879,4
AOIR8V07FYMH5,rec,15-2,15.0,2000.0,10,20473.550000041723,9923.775000065565,10549.774999976158,625.999999910593,5
AR0VJ5XRG16UJ,rec,15-2,15.0,2000.0,8,40324.0,23766.333333333332,16557.666666666668,-7208.666666666667,4
AR0VJ5XRG16UJ,rec,15-2,15.0,2000.0,9,45175.66666666667,14989.333333333332,23714.0,8724.666666666666,4
AR0VJ5XRG16UJ,rec,15-2,15.0,2000.0,10,49366.0,29634.5,19731.5,-9903.0,5
AR0VJ5XRG16UJ,rec,15-2,15.0,2000.0,11,51695.375,20112.0,28122.0,8010.0,5
AR0VJ5XRG16UJ,rec,15-2,15.0,2000.0,12,61336.58333333333,29227.833333333336,32108.75,2880.9166666666665,6
AR0VJ5XRG16UJ,rec,15-2,15.0,2000.0,13,63064.5,27915.0,31932.5,4017.5,6
AU5UJIZ3TLI5M,rec,15-2,15.0,2000.0,3,2849.9500000001863,0.0,1332.6500000003725,1332.6500000003725,1
AU5UJIZ3TLI5M,rec,15-2,15.0,2000.0,4,15233.791666666977,10440.508333333148,4793.28333333383,-5647.224999999317,2
AU5UJIZ3TLI5M,rec,15-2,15.0,2000.0,5,10608.016666667225,1912.099999999938,4256.233333333395,2344.133333333458,2
AU5UJIZ3TLI5M,rec,15-2,15.0,2000.0,6,16436.39999999851,9530.649999999441,6905.749999999069,-2624.9000000003725,3
AU5UJIZ3TLI5M,rec,15-2,15.0,2000.0,7,11832.300000000745,1427.60000000149,8913.5,7485.89999999851,3
AU5UJIZ3TLI5M,rec,15-2,15.0,2000.0,8,19576.199999998946,6384.366666666232,13191.833333332712,6807.466666666481,4
AU5UJIZ3TLI5M,rec,15-2,15.0,2000.0,9,24861.833333332714,6578.316666666728,16603.766666666914,10025.450000000186,4
AU5UJIZ3TLI5M,rec,15-2,15.0,2000.0,10,28014.89444444556,11746.855555555578,16268.038888889985,4521.183333334409,5
AU5UJIZ3TLI5M,rec,15-2,15.0,2000.0,11,38734.300000000745,4311.050000000745,9054.599999999627,4743.549999998882,5
AU5UJIZ3TLI5M,rec,15-2,15.0,2000.0,12,40945.36666666934,14490.700000001429,26454.66666666791,11963.96666666648,6
AU5UJIZ3TLI5M,rec,15-2,15.0,2000.0,14,28756.90000000596,11912.699999999255,16844.200000006706,4931.500000007451,7
AW2UVK63OLFW,ns,15-2,15.0,2000.0,4,11701.350000023842,7991.850000143051,3709.4999998807907,-4282.35000026226,2
AW2UVK63OLFW,ns,15-2,15.0,2000.0,5,26413.10000014305,7436.10000038147,13228.799999952316,5792.699999570847,2
AW2UVK63OLFW,ns,15-2,15.0,2000.0,6,65276.80000066757,36489.2000002861,28787.60000038147,-7701.599999904633,3
AW2UVK63OLFW,ns,15-2,15.0,2000.0,7,41066.14999985695,17734.85000014305,18857.89999985695,1123.0499997138977,3
AW2UVK63OLFW,ns,15-2,15.0,2000.0,8,33862.37500026822,16681.62708336115,17180.747916907072,499.120833545923,4
AW2UVK63OLFW,ns,15-2,15.0,2000.0,9,31833.20833310485,10234.202083269754,17542.762499888737,7308.560416618982,4
AW2UVK63OLFW,ns,15-2,15.0,2000.0,10,41467.47444453769,23839.35222220156,17628.122222336133,-6211.229999865426,5
AW2UVK63OLFW,ns,15-2,15.0,2000.0,11,52528.199999809265,21350.97500014305,27605.52499973774,6254.549999594688,5
AW2UVK63OLFW,ns,15-2,15.0,2000.0,12,72539.0,25711.5,46827.5,21116.0,6
AW2UVK63OLFW,ns,15-2,15.0,2000.0,13,46037.70000052452,16300.45000052452,25754.900000095367,9454.449999570847,6
AW2UVK63OLFW,ns,15-2,15.0,2000.0,14,34640.099999427795,20126.299998760223,14513.800000667572,-5612.499998092651,7
AW5O1RK3W60FC,rec,15-2,15.0,2000.0,5,13403.266666645804,2539.466666651269,8745.266666669399,6205.80000001813,2
AW5O1RK3W60FC,rec,15-2,15.0,2000.0,6,20906.800000000745,6893.60000000149,14013.199999999255,7119.599999997765,3
AW5O1RK3W60FC,rec,15-2,15.0,2000.0,7,41250.433333334,4857.366666653091,33346.88888889386,28489.522222240765,3
AW5O1RK3W60FC,rec,15-2,15.0,2000.0,8,38259.78749997821,17363.174999977462,20896.612500000745,3533.437500023283,4
AW5O1RK3W60FC,rec,15-2,15.0,2000.0,9,37600.93750002235,8883.075000009965,23905.875000005122,15022.799999995157,4
AW5O1RK3W60FC,rec,15-2,15.0,2000.0,10,44230.86249999236,13984.48750000773,30246.374999984633,16261.887499976903,5
AW5O1RK3W60FC,rec,15-2,15.0,2000.0,11,50151.400000001304,12649.275000002235,34395.1999999946,21745.924999992363,5
AW5O1RK3W60FC,rec,15-2,15.0,2000.0,12,48598.4750000108,16646.174999993294,31952.30000001751,15306.125000024214,6
AWRY5SC68T0DC,prim,15-2,15.0,2000.0,4,22856.0,18845.05555555556,4010.944444444445,-14834.111111111111,2
AWRY5SC68T0DC,prim,15-2,15.0,2000.0,5,21967.0,8418.666666666666,7644.333333333333,-774.3333333333334,2
AWRY5SC68T0DC,prim,15-2,15.0,2000.0,6,28481.125,15448.958333333332,13032.166666666666,-2416.791666666667,3
AWRY5SC68T0DC,prim,15-2,15.0,2000.0,7,33100.25,15443.416666666666,13787.416666666666,-1656.0,3
AWRY5SC68T0DC,prim,15-2,15.0,2000.0,8,30953.125,19468.4375,11484.6875,-7983.75,4
AWRY5SC68T0DC,prim,15-2,15.0,2000.0,9,36500.625,13456.75,17559.5,4102.75,4
AWRY5SC68T0DC,prim,15-2,15.0,2000.0,10,33564.66666666667,21358.666666666664,12206.0,-9152.666666666666,5
AWTCGY2CL1T68,prim,15-2,15.0,2000.0,5,37302.0,9263.0,16717.333333333332,7454.333333333333,2
AWTCGY2CL1T68,prim,15-2,15.0,2000.0,6,36434.0,14774.5,21659.5,6885.0,3
AWTCGY2CL1T68,prim,15-2,15.0,2000.0,7,32567.0,11491.5,10062.5,-1429.0,3
AWTCGY2CL1T68,prim,15-2,15.0,2000.0,8,37002.125,21945.25,15056.875,-6888.375,4
AWTCGY2CL1T68,prim,15-2,15.0,2000.0,9,39423.6,14194.125,19484.241666666665,5290.116666666667,4
AWTCGY2CL1T68,prim,15-2,15.0,2000.0,10,43612.944444444445,20692.833333333332,22920.11111111111,2227.277777777778,5
AWTCGY2CL1T68,prim,15-2,15.0,2000.0,11,41054.916666666664,16077.5,21216.75,5139.25,5
AWTCGY2CL1T68,prim,15-2,15.0,2000.0,12,40214.0,22658.0,17556.0,-5102.0,6
AXSBX0MCQNG3A,prim,15-2,15.0,2000.0,4,20267.5,14836.333333333334,5431.166666666667,-9405.166666666666,2
AXSBX0MCQNG3A,prim,15-2,15.0,2000.0,5,32597.0,13698.5,9412.0,-4286.5,2
AXSBX0MCQNG3A,prim,15-2,15.0,2000.0,6,29434.2,15634.2,13800.0,-1834.2,3
AXSBX0MCQNG3A,prim,15-2,15.0,2000.0,7,35064.25,13595.208333333332,12716.791666666666,-878.4166666666667,3
AXSBX0MCQNG3A,prim,15-2,15.0,2000.0,8,41057.458333333336,25402.5625,15654.895833333334,-9747.666666666666,4
AXSBX0MCQNG3A,prim,15-2,15.0,2000.0,9,39127.75,13390.125,20752.0,7361.875,4
AXSBX0MCQNG3A,prim,15-2,15.0,2000.0,10,41089.11111111112,23510.722222222223,17578.38888888889,-5932.333333333333,5
AXSBX0MCQNG3A,prim,15-2,15.0,2000.0,11,45036.0,14658.5,26545.0,11886.5,5
AXSBX0MCQNG3A,prim,15-2,15.0,2000.0,12,48438.0,28918.0,19520.0,-9398.0,6
AXSBX0MCQNG3A,prim,15-2,15.0,2000.0,13,51649.0,18989.0,22821.0,3832.0,6
A14WLAP6TCEKO0,rec,30-1,30.0,1000.0,4,14004.944444465968,8964.922222228515,5040.022222237454,-3924.8999999910593,2
A14WLAP6TCEKO0,rec,30-1,30.0,1000.0,5,31471.76666670417,4354.341666702181,21315.783333331347,16961.441666629165,2
A14WLAP6TCEKO0,rec,30-1,30.0,1000.0,6,40360.09166665375,16167.783333331347,24192.308333322406,8024.524999991059,3
A14WLAP6TCEKO0,rec,30-1,30.0,1000.0,7,38277.20000000877,9697.422222263283,23216.644444408517,13519.222222145232,3
A14WLAP6TCEKO0,rec,30-1,30.0,1000.0,8,38653.69999997318,17858.9999999851,20794.69999998808,2935.7000000029802,4
A14WLAP6TCEKO0,rec,30-1,30.0,1000.0,9,35713.96666659912,13684.966666638851,14835.333333313465,1150.366666674614,4
A14WLAP6TCEKO0,rec,30-1,30.0,1000.0,10,48912.77500010654,27002.100000005215,21910.675000101328,-5091.4249999038875,5
A14WLAP6TCEKO0,rec,30-1,30.0,1000.0,11,62030.89999985695,25062.39999985695,26317.900000095367,1255.5000002384186,5
A14WLAP6TCEKO0,rec,30-1,30.0,1000.0,12,62051.200000047684,38463.5,23587.700000047684,-14875.799999952316,6
A14WLAP6TCEKO0,rec,30-1,30.0,1000.0,13,60709.22000002861,23938.759999990463,30938.580000019072,6999.820000028611,6
A14WLAP6TCEKO0,rec,30-1,30.0,1000.0,14,76022.99999952316,48251.49999952316,27771.5,-20479.999999523163,7
A14WLAP6TCEKO0,rec,30-1,30.0,1000.0,15,73714.84999978542,31806.89999985695,36797.74999988079,4990.850000023842,7
A14WLAP6TCEKO0,rec,30-1,30.0,1000.0,16,66131.39999961853,34403.89999985695,31727.49999976158,-2676.4000000953674,8
A15V9BXNJXZXZX,ns,30-1,30.0,1000.0,12,74601.30000000261,21002.900000002235,53598.40000000037,32595.499999998137,6
A15V9BXNJXZXZX,ns,30-1,30.0,1000.0,14,73561.5,35360.19999999995,38201.30000000005,2841.100000000093,7
A15V9BXNJXZXZX,ns,30-1,30.0,1000.0,15,67850.01666666628,28197.183333333,33935.533333333166,5738.35000000017,7
A15V9BXNJXZXZX,ns,30-1,30.0,1000.0,16,76215.30000000139,40073.03750000085,36142.262500000536,-3930.7750000003143,8
A15V9BXNJXZXZX,ns,30-1,30.0,1000.0,17,74850.40000000007,29433.83333333307,41255.97777777786,11822.144444444786,8
A15V9BXNJXZXZX,ns,30-1,30.0,1000.0,18,73949.54166666641,35593.53,38356.0116666664,2762.4816666664087,9
A15V9BXNJXZXZX,ns,30-1,30.0,1000.0,19,77057.56666666688,33019.6333333333,40112.43333333358,7092.800000000279,9
A15V9BXNJXZXZX,ns,30-1,30.0,1000.0,20,76310.91666666661,38259.13888888899,38051.77777777763,-207.36111111136975,10
A15V9BXNJXZXZX,ns,30-1,30.0,1000.0,21,76464.95000000065,29580.40000000084,42202.57499999972,12622.174999998882,10
A15V9BXNJXZXZX,ns,30-1,30.0,1000.0,22,75725.79999999981,31947.900000000373,43777.89999999944,11829.999999999069,11
A16335MOISDG1F,rec,30-1,30.0,1000.0,4,7795.5,5665.0999999996275,2130.4000000003725,-3534.699999999255,2
A16335MOISDG1F,rec,30-1,30.0,1000.0,5,10542.499999999534,1313.625,7022.599999999162,5708.974999999162,2
A16335MOISDG1F,rec,30-1,30.0,1000.0,6,19724.488888889373,8827.788888889107,10896.700000000264,2068.9111111111574,3
A16335MOISDG1F,rec,30-1,30.0,1000.0,7,22310.57500000036,3676.625,16511.7250000005,12835.1000000005,3
A16335MOISDG1F,rec,30-1,30.0,1000.0,8,31797.049999999734,8484.61666666636,23312.433333333378,14827.816666667019,4
A16335MOISDG1F,rec,30-1,30.0,1000.0,9,47914.266666665826,6645.700000000031,39312.67499999923,32666.974999999202,4
A16335MOISDG1F,rec,30-1,30.0,1000.0,10,38984.31666666658,12750.533333333364,26233.78333333321,13483.249999999845,5
A17FJLW818UEQU,rec,30-1,30.0,1000.0,7,31665.5,9128.0,13457.5,4329.5,3
A17FJLW818UEQU,rec,30-1,30.0,1000.0,8,35195.0,19163.5,16031.5,-3132.0,4
A17FJLW818UEQU,rec,30-1,30.0,1000.0,9,38601.416666666664,13201.0,20119.0,6918.0,4
A17FJLW818UEQU,rec,30-1,30.0,1000.0,10,37313.5,20196.083333333332,17117.416666666668,-3078.6666666666665,5
A17FJLW818UEQU,rec,30-1,30.0,1000.0,11,42454.38888888888,16229.944444444445,22277.94444444444,6048.0,5
A17FJLW818UEQU,rec,30-1,30.0,1000.0,12,45665.25,20734.416666666664,24930.833333333336,4196.416666666667,6
A17FJLW818UEQU,rec,30-1,30.0,1000.0,13,44952.5,18556.5,23058.0,4501.5,6
A17FJLW818UEQU,rec,30-1,30.0,1000.0,14,51002.5,31933.5,19069.0,-12864.5,7
A186PT9ZLO5EJD,prim,30-1,30.0,1000.0,6,30775.099999997765,18336.300000000745,12438.79999999702,-5897.500000003725,3
A186PT9ZLO5EJD,prim,30-1,30.0,1000.0,9,63637.88749999739,22762.537500000093,35332.5374999973,12569.999999997206,4
A186PT9ZLO5EJD,prim,30-1,30.0,1000.0,11,62346.80000000447,26096.70000000298,32841.900000002235,6745.199999999255,5
A186PT9ZLO5EJD,prim,30-1,30.0,1000.0,12,66905.80000000075,37848.22499999963,29057.575000001118,-8790.64999999851,6
A186PT9ZLO5EJD,prim,30-1,30.0,1000.0,13,67766.4749999959,34173.24999999814,29150.599999998696,-5022.649999999441,6
A186PT9ZLO5EJD,prim,30-1,30.0,1000.0,14,77832.38333333781,41638.18333333668,36194.20000000112,-5443.983333335569,7
A186PT9ZLO5EJD,prim,30-1,30.0,1000.0,16,74009.57500000112,42550.22500000242,31459.349999998696,-11090.875000003725,8
A186PT9ZLO5EJD,prim,30-1,30.0,1000.0,17,64680.200000006706,31494.80000000447,29920.400000002235,-1574.4000000022352,8
A1AS1H21O9896X,ns,30-1,30.0,1000.0,3,42660.200000047684,0.0,33175.200000047684,33175.200000047684,1
A1AS1H21O9896X,ns,30-1,30.0,1000.0,4,33473.0,13652.5,19820.5,6168.0,2
A1AS1H21O9896X,ns,30-1,30.0,1000.0,5,32248.34999995927,7366.283333321412,18933.366666639846,11567.083333318433,2
A1AS1H21O9896X,ns,30-1,30.0,1000.0,6,34442.97500004371,20567.5958333537,13875.379166690012,-6692.216666663687,3
A1AS1H21O9896X,ns,30-1,30.0,1000.0,7,40694.344444407354,13992.627777765194,19434.766666664018,5442.138888898823,3
A1AS1H21O9896X,ns,30-1,30.0,1000.0,8,46610.52499997119,27611.266666668158,18999.258333303034,-8612.008333365122,4
A1AS1H21O9896X,ns,30-1,30.0,1000.0,9,53540.766666700445,17747.81666668256,24450.200000027817,6702.383333345254,4
A1AS1H21O9896X,ns,30-1,30.0,1000.0,10,50666.32500016689,24463.662500068545,26202.662500098348,1739.0000000298023,5
A1AS1H21O9896X,ns,30-1,30.0,1000.0,15,73986.29999995232,31055.899999946363,38667.99999999999,7612.10000005363,7
A1AYTKAQT201ZV,prim,30-1,30.0,1000.0,6,60363.0,29781.5,30581.5,800.0,3
A1AYTKAQT201ZV,prim,30-1,30.0,1000.0,7,57806.5,37762.0,13783.0,-23979.0,3
A1AYTKAQT201ZV,prim,30-1,30.0,1000.0,8,64477.0,46595.0,17882.0,-28713.0,4
A1AYTKAQT201ZV,prim,30-1,30.0,1000.0,9,65548.83333333333,35548.61111111111,23977.38888888889,-11571.22222222222,4
A1AYTKAQT201ZV,prim,30-1,30.0,1000.0,10,67548.66666666667,39274.11111111112,28274.55555555556,-10999.555555555557,5
A1AYTKAQT201ZV,prim,30-1,30.0,1000.0,11,64828.72222222222,24477.277777777777,32494.25,8016.972222222223,5
A1AYTKAQT201ZV,prim,30-1,30.0,1000.0,12,62776.5625,31155.0,31621.5625,466.5625,6
A1AYTKAQT201ZV,prim,30-1,30.0,1000.0,13,70774.16666666667,30364.5,30811.666666666668,447.1666666666667,6
A1AYTKAQT201ZV,prim,30-1,30.0,1000.0,15,71752.33333333333,29411.166666666668,35952.5,6541.333333333333,7
A1AYTKAQT201ZV,prim,30-1,30.0,1000.0,17,71927.0,33441.0,35210.0,1769.0,8
A1EII5EWOTBDK9,rec,30-1,30.0,1000.0,6,41010.0,22975.0,18035.0,-4940.0,3
A1EII5EWOTBDK9,rec,30-1,30.0,1000.0,7,64410.944444444445,24158.277777777777,29465.333333333332,5307.055555555556,3
A1EII5EWOTBDK9,rec,30-1,30.0,1000.0,8,69631.66666666667,35496.0,34135.666666666664,-1360.333333333333,4
A1EII5EWOTBDK9,rec,30-1,30.0,1000.0,9,67198.875,27621.666666666668,33559.54166666667,5937.875,4
A1EII5EWOTBDK9,rec,30-1,30.0,1000.0,10,67283.91666666667,34533.166666666664,32750.75,-1782.4166666666667,5
A1EII5EWOTBDK9,rec,30-1,30.0,1000.0,11,67351.0,24500.5625,36025.25,11524.6875,5
A1EII5EWOTBDK9,rec,30-1,30.0,1000.0,12,76206.66666666667,40804.333333333336,35402.333333333336,-5402.0,6
A1EII5EWOTBDK9,rec,30-1,30.0,1000.0,13,71128.5,28493.5,37122.0,8628.5,6
A1EII5EWOTBDK9,rec,30-1,30.0,1000.0,14,75316.0,42504.0,32812.0,-9692.0,7
A1F9KLZGHE9DTA,rec,30-1,30.0,1000.0,11,24411.800000000745,8144.800000000745,14926.0,6781.199999999255,5
A1F9KLZGHE9DTA,rec,30-1,30.0,1000.0,13,48422.14999998547,20307.799999998882,24940.54999997653,4632.749999977648,6
A1F9KLZGHE9DTA,rec,30-1,30.0,1000.0,14,34806.499999988824,15495.287499990314,19311.21249999851,3815.9250000081956,7
A1F9KLZGHE9DTA,rec,30-1,30.0,1000.0,15,36618.15416669597,15560.345833337555,18528.44583335581,2968.100000018254,7
A1F9KLZGHE9DTA,rec,30-1,30.0,1000.0,16,38811.53958332104,15636.17499998468,23175.364583336363,7539.189583351681,8
A1F9KLZGHE9DTA,rec,30-1,30.0,1000.0,17,35408.77166668375,14133.838333334774,19110.788333348682,4976.950000013908,8
A1F9KLZGHE9DTA,rec,30-1,30.0,1000.0,18,39628.983333344266,18649.183333344758,20979.7999999995,2330.6166666547456,9
A1F9KLZGHE9DTA,rec,30-1,30.0,1000.0,19,55269.39999999603,16866.866666634876,36183.466666688524,19316.600000053644,9
A1F9KLZGHE9DTA,rec,30-1,30.0,1000.0,20,37996.09999978542,14818.599999904633,23177.49999988079,8358.899999976158,10
A1IGKJ200N82S9,rec,30-1,30.0,1000.0,6,20087.75,9759.0,10328.75,569.75,3
A1IGKJ200N82S9,rec,30-1,30.0,1000.0,7,25816.25,6742.375,16445.875,9703.5,3
A1IGKJ200N82S9,rec,30-1,30.0,1000.0,8,25862.333333333332,11264.666666666666,14597.666666666666,3333.0,4
A1IGKJ200N82S9,rec,30-1,30.0,1000.0,9,42401.0,21131.5,17758.25,-3373.25,4
A1IGKJ200N82S9,rec,30-1,30.0,1000.0,10,40959.333333333336,20850.666666666668,20108.666666666668,-742.0,5
A1IGKJ200N82S9,rec,30-1,30.0,1000.0,11,38153.7625,14236.8625,19437.5375,5200.675,5
A1IGKJ200N82S9,rec,30-1,30.0,1000.0,12,47103.27777777778,24839.027777777777,22264.25,-2574.777777777778,6
A1IGKJ200N82S9,rec,30-1,30.0,1000.0,13,49814.666666666664,18589.333333333332,25490.666666666668,6901.333333333333,6
A1KGUJMWDCPSYG,rec,30-1,30.0,1000.0,4,28143.5,16059.0,12084.5,-3974.5,2
A1KGUJMWDCPSYG,rec,30-1,30.0,1000.0,5,29831.0,7660.0,11257.0,3597.0,2
A1KGUJMWDCPSYG,rec,30-1,30.0,1000.0,6,60305.5,25464.0,34841.5,9377.5,3
A1KGUJMWDCPSYG,rec,30-1,30.0,1000.0,7,54790.833333333336,15903.583333333334,34068.25,18164.666666666668,3
A1KGUJMWDCPSYG,rec,30-1,30.0,1000.0,8,56581.166666666664,31782.333333333332,24798.833333333332,-6983.5,4
A1KGUJMWDCPSYG,rec,30-1,30.0,1000.0,9,67252.66666666667,19452.833333333332,38222.166666666664,18769.333333333332,4
A1KGUJMWDCPSYG,rec,30-1,30.0,1000.0,10,73325.0,31904.0,41421.0,9517.0,5
A1KGUJMWDCPSYG,rec,30-1,30.0,1000.0,11,71829.33333333333,34800.166666666664,31943.833333333332,-2856.3333333333335,5
A1KGUJMWDCPSYG,rec,30-1,30.0,1000.0,12,63826.125,33222.875,30603.25,-2619.625,6
A1KGUJMWDCPSYG,rec,30-1,30.0,1000.0,13,70653.27777777777,26091.333333333332,40434.333333333336,14343.0,6
A1KGUJMWDCPSYG,rec,30-1,30.0,1000.0,14,73581.0,28642.5,44938.5,16296.0,7
A1KGUJMWDCPSYG,rec,30-1,30.0,1000.0,15,80600.0,35413.0,39621.0,4208.0,7
A1KGUJMWDCPSYG,rec,30-1,30.0,1000.0,16,64150.0,37863.0,26287.0,-11576.0,8
A1KGUJMWDCPSYG,rec,30-1,30.0,1000.0,17,82151.0,30870.0,48176.0,17306.0,8
A1KGUJMWDCPSYG,rec,30-1,30.0,1000.0,18,60281.0,31213.0,29068.0,-2145.0,9
A1M1E62KXCDNL0,ns,30-1,30.0,1000.0,4,16658.800000000745,13909.200000001118,2749.5999999996275,-11159.60000000149,2
A1M1E62KXCDNL0,ns,30-1,30.0,1000.0,6,21718.900000000373,11440.055555537137,10278.844444463235,-1161.2111110739,3
A1M1E62KXCDNL0,ns,30-1,30.0,1000.0,7,35209.43333332954,8378.966666547582,19774.56666677383,11395.60000022625,3
A1M1E62KXCDNL0,ns,30-1,30.0,1000.0,8,30205.09583332436,19008.13749997613,11196.958333348235,-7811.179166627892,4
A1M1E62KXCDNL0,ns,30-1,30.0,1000.0,9,26979.24583340576,8133.012500042716,16270.32500001206,8137.312499969345,4
A1M1E62KXCDNL0,ns,30-1,30.0,1000.0,10,32029.424999968847,16832.44999995525,15196.975000013597,-1635.474999941653,5
A1M1E62KXCDNL0,ns,30-1,30.0,1000.0,11,31281.299999773502,7493.099999934435,19861.899999797344,12368.79999986291,5
A1M1E62KXCDNL0,ns,30-1,30.0,1000.0,12,43825.366666704416,14948.066666791838,28877.299999912582,13929.233333120743,6
A1M1E62KXCDNL0,ns,30-1,30.0,1000.0,13,61021.750000059605,15770.250000029802,40183.45000001788,24413.19999998808,6
A1MG8KNVSVZ365,prim,30-1,30.0,1000.0,3,25823.0,0.0,15772.0,15772.0,1
A1MG8KNVSVZ365,prim,30-1,30.0,1000.0,4,33662.666666666664,25653.0,8009.666666666667,-17643.333333333332,2
A1MG8KNVSVZ365,prim,30-1,30.0,1000.0,5,51906.0,17278.75,27311.25,10032.5,2
A1MG8KNVSVZ365,prim,30-1,30.0,1000.0,6,42730.333333333336,27095.0,15635.333333333334,-11459.666666666666,3
A1MG8KNVSVZ365,prim,30-1,30.0,1000.0,7,59282.5,27604.75,26715.5,-889.25,3
A1MG8KNVSVZ365,prim,30-1,30.0,1000.0,8,51978.799999999996,32418.899999999998,19559.899999999998,-12859.0,4
A1MG8KNVSVZ365,prim,30-1,30.0,1000.0,9,52346.0,13083.5,34309.333333333336,21225.833333333332,4
A1MG8KNVSVZ365,prim,30-1,30.0,1000.0,10,41736.5,23779.0,17957.5,-5821.5,5
A1MG8KNVSVZ365,prim,30-1,30.0,1000.0,11,59219.583333333336,22582.458333333332,31924.75,9342.291666666668,5
A1MG8KNVSVZ365,prim,30-1,30.0,1000.0,12,49077.66666666667,24665.833333333336,24411.833333333336,-254.0,6
A1MG8KNVSVZ365,prim,30-1,30.0,1000.0,13,53299.0,25954.0,23069.0,-2885.0,6
A1MG8KNVSVZ365,prim,30-1,30.0,1000.0,14,64599.25,27344.5,37254.75,9910.25,7
A1MKEILXWWLBW2,rec,30-1,30.0,1000.0,3,10671.60000000149,0.0,5080.1500000003725,5080.1500000003725,1
A1MKEILXWWLBW2,rec,30-1,30.0,1000.0,4,20342.545833332617,10764.189583332667,9578.356249999953,-1185.8333333327123,2
A1MKEILXWWLBW2,rec,30-1,30.0,1000.0,5,18123.70555555567,3575.7194444440925,10937.413888889105,7361.694444445013,2
A1MKEILXWWLBW2,rec,30-1,30.0,1000.0,6,20450.126250000125,11460.169374999987,8989.956875000138,-2470.2124999998487,3
A1MKEILXWWLBW2,rec,30-1,30.0,1000.0,7,25524.508333331905,7982.2416666660765,13846.183333332496,5863.941666666418,3
A1O67YS3DU0ZHX,rec,30-1,30.0,1000.0,8,17381.0,6112.666666666667,11268.333333333334,5155.666666666667,4
A1O67YS3DU0ZHX,rec,30-1,30.0,1000.0,9,48748.5,5913.0,37880.5,31967.5,4
A1O67YS3DU0ZHX,rec,30-1,30.0,1000.0,10,37151.575,9274.075,27877.5,18603.425,5
A1O67YS3DU0ZHX,rec,30-1,30.0,1000.0,11,37879.666666666664,6709.0,30003.333333333332,23294.333333333332,5
A1O67YS3DU0ZHX,rec,30-1,30.0,1000.0,12,35321.25,11812.5,23508.75,11696.25,6
A1O67YS3DU0ZHX,rec,30-1,30.0,1000.0,13,57270.5,11881.5,42286.0,30404.5,6
A1O67YS3DU0ZHX,rec,30-1,30.0,1000.0,14,61271.0,11304.5,49966.5,38662.0,7
A1O67YS3DU0ZHX,rec,30-1,30.0,1000.0,15,64209.5,8207.0,54669.0,46462.0,7
A1O67YS3DU0ZHX,rec,30-1,30.0,1000.0,16,61998.666666666664,22180.666666666668,39818.0,17637.333333333332,8
A1Q0G8JA5EZ8EI,rec,30-1,30.0,1000.0,12,53589.799999952316,25496.77500000596,28093.024999946356,2596.2499999403954,6
A1Q0G8JA5EZ8EI,rec,30-1,30.0,1000.0,13,76242.40000009537,17986.00000023842,56052.39999985695,38066.39999961853,6
A1Q0G8JA5EZ8EI,rec,30-1,30.0,1000.0,14,67668.8833334148,27843.14999999603,39825.73333341877,11982.583333422739,7
A1Q0G8JA5EZ8EI,rec,30-1,30.0,1000.0,15,70910.79999992251,24036.616666654743,42930.08333334327,18893.46666668852,7
A1Q0G8JA5EZ8EI,rec,30-1,30.0,1000.0,16,63794.68333331744,31681.69999998808,32112.98333332936,431.28333334128047,8
A1Q0G8JA5EZ8EI,rec,30-1,30.0,1000.0,17,70941.95000020662,29128.04166675607,38232.908333450556,9104.866666694483,8
A1Q0G8JA5EZ8EI,rec,30-1,30.0,1000.0,18,55941.500000178814,31884.700000166893,24056.80000001192,-7827.900000154972,9
A1SLJKNSNHOJRN,rec,30-1,30.0,1000.0,4,11657.899999976158,4633.899999976158,7024.0,2390.100000023842,2
A1SLJKNSNHOJRN,rec,30-1,30.0,1000.0,5,12399.749999970198,1468.7833333313465,5603.466666648786,4134.683333317439,2
A1SLJKNSNHOJRN,rec,30-1,30.0,1000.0,6,22853.416666701436,10760.366666673373,12093.050000028063,1332.683333354692,3
A1SLJKNSNHOJRN,rec,30-1,30.0,1000.0,7,29475.54833333716,3294.463333313664,22356.94416667024,19062.480833356578,3
A1SLJKNSNHOJRN,rec,30-1,30.0,1000.0,8,24660.155555561185,8136.599999999006,16523.55555556218,8386.955555563172,4
A1SLJKNSNHOJRN,rec,30-1,30.0,1000.0,9,16866.412500038743,5046.512500017881,9192.662500023842,4146.1500000059605,4
A1SLJKNSNHOJRN,rec,30-1,30.0,1000.0,10,14396.049999907613,6763.249999985099,7632.799999922514,869.5499999374151,5
A1SLJKNSNHOJRN,rec,30-1,30.0,1000.0,11,29326.13333328565,6153.900000015895,21378.199999928474,15224.29999991258,5
A1SLJKNSNHOJRN,rec,30-1,30.0,1000.0,12,42235.00000011921,25873.5,16361.50000011921,-9511.99999988079,6
A1SLJKNSNHOJRN,rec,30-1,30.0,1000.0,13,32631.69999974966,15331.399999916553,15331.299999833107,-0.10000008344650269,6
A1T2P6E67251U5,prim,30-1,30.0,1000.0,12,53668.59999990463,25807.25,27861.349999904633,2054.0999999046326,6
A1T2P6E67251U5,prim,30-1,30.0,1000.0,13,51084.533333182335,21638.283333420753,26052.183332959812,4413.899999539058,6
A1T2P6E67251U5,prim,30-1,30.0,1000.0,14,60067.466666698456,30613.549999952316,29453.91666674614,-1159.6333332061768,7
A1T2P6E67251U5,prim,30-1,30.0,1000.0,15,58112.10666640997,24214.027500166496,30033.50291622281,5819.475416056314,7
A1T2P6E67251U5,prim,30-1,30.0,1000.0,16,57613.41249936819,28358.549999698997,29254.862499669194,896.3124999701977,8
A1T2P6E67251U5,prim,30-1,30.0,1000.0,17,64610.10000002384,30964.600000023842,30501.075000047684,-463.52499997615814,8
A1T2P6E67251U5,prim,30-1,30.0,1000.0,18,67444.7999997139,38742.716666539505,28702.08333317439,-10040.633333365122,9
A1T2P6E67251U5,prim,30-1,30.0,1000.0,19,70871.40000009537,37445.50000023842,28876.09999990463,-8569.40000033379,9
A1T2P6E67251U5,prim,30-1,30.0,1000.0,20,67016.15000081062,33907.90000081062,33108.25,-799.6500008106232,10
A1T2P6E67251U5,prim,30-1,30.0,1000.0,22,65769.85000061989,33814.80000090599,31955.049999713898,-1859.750001192093,11
A1T2P6E67251U5,prim,30-1,30.0,1000.0,23,69660.79999923706,29153.999999523163,36420.599999427795,7266.599999904633,11
A1U4WS9KJMADV,rec,30-1,30.0,1000.0,5,27024.10000026226,5141.800000071526,17280.400000214577,12138.600000143051,2
A1U4WS9KJMADV,rec,30-1,30.0,1000.0,6,31569.99999988079,17490.299999952316,14079.699999928474,-3410.600000023842,3
A1U4WS9KJMADV,rec,30-1,30.0,1000.0,8,55764.099999308586,26426.433332562447,29337.66666674614,2911.233334183693,4
A1U4WS9KJMADV,rec,30-1,30.0,1000.0,9,58389.99999937415,12478.849999815226,40170.34999939799,27691.499999582767,4
A1U4WS9KJMADV,rec,30-1,30.0,1000.0,10,57829.23749984056,28090.674999713898,29738.56250012666,1647.8875004127622,5
A1U4WS9KJMADV,rec,30-1,30.0,1000.0,11,58120.97499972085,22332.96249992152,28419.418749632932,6086.456249711414,5
A1U4WS9KJMADV,rec,30-1,30.0,1000.0,12,57002.89999986192,25749.016666526593,31253.883333335318,5504.866666808724,6
A1U4WS9KJMADV,rec,30-1,30.0,1000.0,13,59575.52500018974,22477.68333351612,33865.13333327075,11387.449999754626,6
A1U4WS9KJMADV,rec,30-1,30.0,1000.0,15,56435.19999790192,24727.89999961853,26928.19999885559,2200.2999992370605,7
A1X4T3QSIE8YYX,prim,30-1,30.0,1000.0,13,63674.75,22872.0,37649.25,14777.25,6
A1X4T3QSIE8YYX,prim,30-1,30.0,1000.0,14,73407.5,37010.0,36397.5,-612.5,7
A1X4T3QSIE8YYX,prim,30-1,30.0,1000.0,15,66491.5,31597.833333333336,31781.0,183.16666666666666,7
A1X4T3QSIE8YYX,prim,30-1,30.0,1000.0,16,73704.0,41103.0,32601.0,-8502.0,8
A1X4T3QSIE8YYX,prim,30-1,30.0,1000.0,17,72494.5,35448.83333333333,33202.91666666667,-2245.9166666666665,8
A1X4T3QSIE8YYX,prim,30-1,30.0,1000.0,18,65870.0,35957.0,29913.0,-6044.0,9
A1X4T3QSIE8YYX,prim,30-1,30.0,1000.0,19,76871.5,38822.0,35382.0,-3440.0,9
A1X4T3QSIE8YYX,prim,30-1,30.0,1000.0,20,65621.5,30663.5,34958.0,4294.5,10
A1X4T3QSIE8YYX,prim,30-1,30.0,1000.0,21,68406.0,28232.0,37083.0,8851.0,10
A1X4T3QSIE8YYX,prim,30-1,30.0,1000.0,22,68847.0,36063.0,32784.0,-3279.0,11
A225J5T6WHO2MG,prim,30-1,30.0,1000.0,3,8524.0,0.0,4823.0,4823.0,1
A225J5T6WHO2MG,prim,30-1,30.0,1000.0,4,30903.0,18917.333333333332,11985.666666666666,-6931.666666666667,2
A225J5T6WHO2MG,prim,30-1,30.0,1000.0,5,29863.94444444444,5831.0,17553.277777777777,11722.27777777778,2
A225J5T6WHO2MG,prim,30-1,30.0,1000.0,6,37141.125,21627.104166666668,15514.020833333332,-6113.083333333333,3
A225J5T6WHO2MG,prim,30-1,30.0,1000.0,7,49145.75,10488.125,29813.5,19325.375,3
A225J5T6WHO2MG,prim,30-1,30.0,1000.0,8,50037.0,27401.166666666668,22635.833333333336,-4765.333333333333,4
A225J5T6WHO2MG,prim,30-1,30.0,1000.0,9,69211.0,25025.5,31122.5,6097.0,4
A225J5T6WHO2MG,prim,30-1,30.0,1000.0,10,66822.0,39637.0,27185.0,-12452.0,5
A225J5T6WHO2MG,prim,30-1,30.0,1000.0,11,71876.5,23076.0,38450.0,15374.0,5
A225J5T6WHO2MG,prim,30-1,30.0,1000.0,12,68651.0,35202.0,33449.0,-1753.0,6
A23KDD6OPM4NJ0,prim,30-1,30.0,1000.0,3,9024.416666706404,0.0,4388.233333388965,4388.233333388965,1
A23KDD6OPM4NJ0,prim,30-1,30.0,1000.0,4,16297.349999977481,9814.024999962914,6483.32500001457,-3330.699999948343,2
A23KDD6OPM4NJ0,prim,30-1,30.0,1000.0,5,29703.39999985695,11046.83333337307,15637.83333325386,4590.999999880791,2
A23KDD6OPM4NJ0,prim,30-1,30.0,1000.0,6,20754.255555576747,11759.844444500077,8994.411111076673,-2765.433333423403,3
A23KDD6OPM4NJ0,prim,30-1,30.0,1000.0,7,53616.63333320618,26131.199999928474,18393.199999968212,-7737.999999960263,3
A23KDD6OPM4NJ0,prim,30-1,30.0,1000.0,8,67439.84999966621,51468.950000047684,15970.89999961853,-35498.05000042915,4
A23KDD6OPM4NJ0,prim,30-1,30.0,1000.0,9,44866.300000309944,19924.866666754086,21373.700000246365,1448.833333492279,4
A23KDD6OPM4NJ0,prim,30-1,30.0,1000.0,10,53072.300000190735,27878.699999809265,25193.60000038147,-2685.0999994277954,5
A23KDD6OPM4NJ0,prim,30-1,30.0,1000.0,11,73863.50000095367,49091.50000143051,19529.199999809265,-29562.300001621246,5
A23KDD6OPM4NJ0,prim,30-1,30.0,1000.0,13,67058.19999957085,23581.899999141693,39943.40000009537,16361.500000953674,6
A23KDD6OPM4NJ0,prim,30-1,30.0,1000.0,14,66887.80000042915,37808.75,29079.050000429153,-8729.699999570847,7
A23KDD6OPM4NJ0,prim,30-1,30.0,1000.0,16,65190.750000953674,33406.000000715256,31784.75000023842,-1621.2500004768372,8
A23KDD6OPM4NJ0,prim,30-1,30.0,1000.0,19,75476.79999923706,26529.599999904633,46751.599999427795,20221.999999523163,9
A25Y3D2Y2DR8WM,prim,30-1,30.0,1000.0,10,71299.5,35053.83333333333,36245.666666666664,1191.833333333333,5
A25Y3D2Y2DR8WM,prim,30-1,30.0,1000.0,11,68238.58333333334,27411.083333333336,34980.66666666667,7569.583333333334,5
A25Y3D2Y2DR8WM,prim,30-1,30.0,1000.0,12,70217.875,37953.0,32264.875,-5688.125,6
A25Y3D2Y2DR8WM,prim,30-1,30.0,1000.0,13,73700.625,30616.458333333332,35990.333333333336,5373.875,6
A25Y3D2Y2DR8WM,prim,30-1,30.0,1000.0,14,76818.85416666667,40066.75,36752.104166666664,-3314.645833333333,7
A25Y3D2Y2DR8WM,prim,30-1,30.0,1000.0,15,74046.0,31597.166666666664,37065.16666666667,5468.0,7
A25Y3D2Y2DR8WM,prim,30-1,30.0,1000.0,16,75819.0,40742.25,35076.75,-5665.5,8
A25Y3D2Y2DR8WM,prim,30-1,30.0,1000.0,17,77707.0,33249.0,41874.0,8625.0,8
A26XKTGGGYBI4J,prim,30-1,30.0,1000.0,5,25389.0,4448.0,13745.0,9297.0,2
A26XKTGGGYBI4J,prim,30-1,30.0,1000.0,6,66319.66666666667,46789.666666666664,19530.0,-27259.666666666668,3
A26XKTGGGYBI4J,prim,30-1,30.0,1000.0,7,55678.375,18394.75,24157.625,5762.875,3
A26XKTGGGYBI4J,prim,30-1,30.0,1000.0,8,60502.5,29112.0,31390.5,2278.5,4
A26XKTGGGYBI4J,prim,30-1,30.0,1000.0,9,64796.475,26116.675,31112.025,4995.35,4
A26XKTGGGYBI4J,prim,30-1,30.0,1000.0,10,54526.25,29067.75,25458.5,-3609.25,5
A26XKTGGGYBI4J,prim,30-1,30.0,1000.0,11,72639.83333333334,23886.416666666664,42577.0,18690.583333333332,5
A26XKTGGGYBI4J,prim,30-1,30.0,1000.0,12,68214.0,36953.5,31260.5,-5693.0,6
A26XKTGGGYBI4J,prim,30-1,30.0,1000.0,13,66125.0,27293.5,33517.16666666667,6223.666666666666,6
A26XKTGGGYBI4J,prim,30-1,30.0,1000.0,14,76441.0,36228.0,40213.0,3985.0,7
A26XKTGGGYBI4J,prim,30-1,30.0,1000.0,15,64198.0,26172.0,27057.0,885.0,7
A26XKTGGGYBI4J,prim,30-1,30.0,1000.0,16,74422.0,36851.0,37571.0,720.0,8
A28OD52SMLYQ16,rec,30-1,30.0,1000.0,6,58253.0,46374.0,11879.0,-34495.0,3
A28OD52SMLYQ16,rec,30-1,30.0,1000.0,7,46241.0,12711.0,28743.0,16032.0,3
A28OD52SMLYQ16,rec,30-1,30.0,1000.0,8,54829.0,37137.0,17692.0,-19445.0,4
A28OD52SMLYQ16,rec,30-1,30.0,1000.0,9,64871.0,21520.0,33605.5,12085.5,4
A28OD52SMLYQ16,rec,30-1,30.0,1000.0,10,54896.9375,27039.0625,27857.875,818.8125,5
A28OD52SMLYQ16,rec,30-1,30.0,1000.0,11,59969.666666666664,21640.777777777777,34569.61111111112,12928.833333333334,5
A28OD52SMLYQ16,rec,30-1,30.0,1000.0,12,63085.11111111112,35346.0,27739.11111111111,-7606.88888888889,6
A28OD52SMLYQ16,rec,30-1,30.0,1000.0,13,58418.58333333333,22876.166666666664,31548.583333333332,8672.416666666668,6
A28OD52SMLYQ16,rec,30-1,30.0,1000.0,14,68929.5,28547.875,40381.625,11833.75,7
A28OD52SMLYQ16,rec,30-1,30.0,1000.0,15,59955.5,27374.75,29905.0,2530.25,7
A28OD52SMLYQ16,rec,30-1,30.0,1000.0,16,62690.0,31504.0,31186.0,-318.0,8
A28TA25NJGLL3Y,prim,30-1,30.0,1000.0,3,43619.25,0.0,20010.5,20010.5,1
A28TA25NJGLL3Y,prim,30-1,30.0,1000.0,4,48145.5,38094.5,10051.0,-28043.5,2
A28TA25NJGLL3Y,prim,30-1,30.0,1000.0,5,45142.25,6273.0,19484.5,13211.5,2
A28TA25NJGLL3Y,prim,30-1,30.0,1000.0,6,56275.08333333333,32086.666666666668,24188.416666666664,-7898.25,3
A28TA25NJGLL3Y,prim,30-1,30.0,1000.0,7,65185.83333333333,24938.166666666664,30542.833333333336,5604.666666666666,3
A28TA25NJGLL3Y,prim,30-1,30.0,1000.0,8,48755.0,31717.0,17038.0,-14679.0,4
A28TA25NJGLL3Y,prim,30-1,30.0,1000.0,9,53539.666666666664,23505.0,24062.0,557.0,4
A28TA25NJGLL3Y,prim,30-1,30.0,1000.0,10,60622.16666666667,37219.833333333336,23402.333333333336,-13817.5,5
A28TA25NJGLL3Y,prim,30-1,30.0,1000.0,11,63747.625,17009.0,30969.125,13960.125,5
A28TA25NJGLL3Y,prim,30-1,30.0,1000.0,12,62255.66666666667,30874.0,31381.666666666664,507.6666666666665,6
A28TA25NJGLL3Y,prim,30-1,30.0,1000.0,13,82716.0,38129.0,41785.0,3656.0,6
A28TA25NJGLL3Y,prim,30-1,30.0,1000.0,14,71577.0,32898.0,38679.0,5781.0,7
A28TA25NJGLL3Y,prim,30-1,30.0,1000.0,15,65717.0,25354.0,36731.5,11377.5,7
A28ZPY6D5AS7GZ,ns,30-1,30.0,1000.0,4,7593.449999999255,4594.800000000745,2998.64999999851,-1596.1500000022352,2
A28ZPY6D5AS7GZ,ns,30-1,30.0,1000.0,5,8615.699999988079,964.6999999955297,4749.499999992549,3784.7999999970198,2
A28ZPY6D5AS7GZ,ns,30-1,30.0,1000.0,6,11018.12499999938,5617.825000001118,5400.299999998261,-217.52500000285613,3
A28ZPY6D5AS7GZ,ns,30-1,30.0,1000.0,7,12128.252777780095,3582.5583333314084,7014.083333336127,3431.5250000047185,3
A28ZPY6D5AS7GZ,ns,30-1,30.0,1000.0,8,11337.050000005918,6281.25555556102,5055.794444444899,-1225.4611111161196,4
A2ASRB2MTHDHPD,prim,30-1,30.0,1000.0,13,49582.19999999553,19266.39999999851,22125.39999999851,2859.0,6
A2ASRB2MTHDHPD,prim,30-1,30.0,1000.0,15,51218.7250000108,25002.77500000503,22291.425000006333,-2711.349999998696,7
A2ASRB2MTHDHPD,prim,30-1,30.0,1000.0,16,56274.47499995679,34485.02499997616,21789.44999998063,-12695.57499999553,8
A2ASRB2MTHDHPD,prim,30-1,30.0,1000.0,17,61305.519999981916,25677.046666653205,31125.839999992153,5448.793333338946,8
A2ASRB2MTHDHPD,prim,30-1,30.0,1000.0,18,68436.01666665885,36112.06666667014,32323.9499999887,-3788.116666681444,9
A2ASRB2MTHDHPD,prim,30-1,30.0,1000.0,19,64912.76666664332,29761.666666639347,31543.566666662693,1781.9000000233452,9
A2ASRB2MTHDHPD,prim,30-1,30.0,1000.0,20,74284.87500009686,42371.100000068545,31913.775000028312,-10457.325000040233,10
A2ASRB2MTHDHPD,prim,30-1,30.0,1000.0,21,75365.26666664146,36279.083333321534,33404.76666665698,-2874.3166666645557,10
A2ASRB2MTHDHPD,prim,30-1,30.0,1000.0,22,72667.22499997604,38426.3791666509,34240.84583332514,-4185.533333325759,11
A2ASRB2MTHDHPD,prim,30-1,30.0,1000.0,23,74200.3333333445,32548.0166666992,38980.66666665549,6432.64999995629,11
A2ASRB2MTHDHPD,prim,30-1,30.0,1000.0,24,75477.99999998882,41215.099999997765,34262.89999999106,-6952.2000000067055,12
A2ASRB2MTHDHPD,prim,30-1,30.0,1000.0,25,71420.49999992053,32915.23333328962,36026.73333328962,3111.5,12
A2BUHMLNE3LUU0,ns,30-1,30.0,1000.0,6,22592.10000000149,13814.80000000447,8777.29999999702,-5037.500000007451,3
A2BUHMLNE3LUU0,ns,30-1,30.0,1000.0,7,63291.09999999404,16151.79999999702,31905.39999999851,15753.60000000149,3
A2BUHMLNE3LUU0,ns,30-1,30.0,1000.0,8,66539.86249999733,29165.787499999627,37374.074999997705,8208.287499998076,4
A2BUHMLNE3LUU0,ns,30-1,30.0,1000.0,9,64452.94226190403,18825.094642856602,38725.04761904722,19899.952976190616,4
A2BUHMLNE3LUU0,ns,30-1,30.0,1000.0,10,66151.88750000577,33287.28125000512,32864.60625000065,-422.67500000447035,5
A2BUHMLNE3LUU0,ns,30-1,30.0,1000.0,11,73073.54999999888,23637.775000000373,41157.94999999739,17520.17499999702,5
A2BUHMLNE3LUU0,ns,30-1,30.0,1000.0,12,71295.62499999814,35889.599999997765,35406.02500000037,-483.5749999973923,6
A2E2SLXF4KQ3S1,prim,30-1,30.0,1000.0,7,35084.09999847412,18455.69999885559,12269.39999961853,-6186.299999237061,3
A2E2SLXF4KQ3S1,prim,30-1,30.0,1000.0,12,52157.90000152588,29567.900000095367,22590.00000143051,-6977.899998664856,6
A2E2SLXF4KQ3S1,prim,30-1,30.0,1000.0,14,65074.900000572205,35328.60000038147,29746.300000190735,-5582.300000190735,7
A2E2SLXF4KQ3S1,prim,30-1,30.0,1000.0,15,63820.629167199135,27564.229167381924,32447.47083290418,4883.241665522258,7
A2E2SLXF4KQ3S1,prim,30-1,30.0,1000.0,16,67387.67777866787,37917.57777871026,29470.099999957616,-8447.477778752645,8
A2E2SLXF4KQ3S1,prim,30-1,30.0,1000.0,17,64704.85833350817,26127.2666670084,32843.3833330075,6716.116665999095,8
A2E2SLXF4KQ3S1,prim,30-1,30.0,1000.0,18,62045.24583272139,30224.83749949932,31820.40833322207,1595.5708337227502,9
A2E2SLXF4KQ3S1,prim,30-1,30.0,1000.0,19,60470.30833427112,24940.433333714805,32403.175000270207,7462.741666555405,9
A2E2SLXF4KQ3S1,prim,30-1,30.0,1000.0,20,63165.383331775665,34436.49999920527,28728.883332570396,-5707.616666634877,10
A2E2SLXF4KQ3S1,prim,30-1,30.0,1000.0,21,66906.10000228882,29582.200002670288,33716.5,4134.299997329712,10
A2E2SLXF4KQ3S1,prim,30-1,30.0,1000.0,22,70390.03333290419,35889.29166547458,34500.74166742961,-1388.5499980449677,11
A2FJIZUHR6E4EZ,prim,30-1,30.0,1000.0,5,65143.099999934435,12727.600000053644,23749.999999970198,11022.399999916553,2
A2FJIZUHR6E4EZ,prim,30-1,30.0,1000.0,6,22390.200000047684,12822.100000143051,9568.099999904633,-3254.0000002384186,3
A2FJIZUHR6E4EZ,prim,30-1,30.0,1000.0,7,70703.04999999702,24170.324999973178,30341.524999961257,6171.199999988079,3
A2FJIZUHR6E4EZ,prim,30-1,30.0,1000.0,8,69869.44999992847,32582.299999833107,37287.15000009537,4704.85000026226,4
A2FJIZUHR6E4EZ,prim,30-1,30.0,1000.0,9,62299.16666663686,19019.69999998808,37319.83333330353,18300.13333331545,4
A2FJIZUHR6E4EZ,prim,30-1,30.0,1000.0,10,68839.51249996324,35978.39999997119,32861.11249999206,-3117.2874999791384,5
A2FJIZUHR6E4EZ,prim,30-1,30.0,1000.0,11,72258.71666697662,25074.350000023842,39369.76666689912,14295.416666875282,5
A2FJIZUHR6E4EZ,prim,30-1,30.0,1000.0,12,76477.32500004768,37674.85000002384,38802.47500002384,1127.625,6
A2FJIZUHR6E4EZ,prim,30-1,30.0,1000.0,13,72988.93333312869,26941.066666464012,38681.41666659713,11740.350000133118,6
A2FJIZUHR6E4EZ,prim,30-1,30.0,1000.0,14,74294.93333343665,39396.16666678587,34898.76666665077,-4497.400000135104,7
A2FJIZUHR6E4EZ,prim,30-1,30.0,1000.0,15,74245.29999992251,29713.27500000596,39897.92500001192,10184.65000000596,7
A2FJIZUHR6E4EZ,prim,30-1,30.0,1000.0,16,73761.70000004768,42310.49999988079,31451.200000166893,-10859.299999713898,8
A2FJIZUHR6E4EZ,prim,30-1,30.0,1000.0,17,79513.40000012517,31033.100000083447,43901.500000059605,12868.399999976158,8
A2G2T6EMXAOKMS,rec,30-1,30.0,1000.0,5,23702.60000000149,5401.300000000745,12291.400000002235,6890.10000000149,2
A2G2T6EMXAOKMS,rec,30-1,30.0,1000.0,6,17937.03333331148,5800.933333322406,12136.099999989072,6335.166666666667,3
A2G2T6EMXAOKMS,rec,30-1,30.0,1000.0,7,35519.70000003154,5445.533333345006,25791.433333358418,20345.90000001341,3
A2G2T6EMXAOKMS,rec,30-1,30.0,1000.0,8,52502.75555554323,8565.955555530058,43936.800000013165,35370.844444483104,4
A2G2T6EMXAOKMS,rec,30-1,30.0,1000.0,9,40117.125000011176,6255.749999987893,30575.42500004731,24319.67500005942,4
A2G2T6EMXAOKMS,rec,30-1,30.0,1000.0,10,53439.05555553031,11967.799999985844,41471.25555554446,29503.455555558616,5
A2G2T6EMXAOKMS,rec,30-1,30.0,1000.0,11,48990.54999993617,7516.399999990438,39261.166666595884,31744.766666605447,5
A2G2T6EMXAOKMS,rec,30-1,30.0,1000.0,12,44436.37500000838,14928.324999990873,29508.05000001751,14579.725000026636,6
A2GRA6N98ZPIQ1,prim,30-1,30.0,1000.0,12,52639.5,31222.0,21417.5,-9804.5,6
A2GRA6N98ZPIQ1,prim,30-1,30.0,1000.0,13,64954.5,35800.0,26706.5,-9093.5,6
A2GRA6N98ZPIQ1,prim,30-1,30.0,1000.0,14,72106.0,42614.0,29492.0,-13122.0,7
A2GRA6N98ZPIQ1,prim,30-1,30.0,1000.0,15,68940.5,40962.0,25622.0,-15340.0,7
A2GRA6N98ZPIQ1,prim,30-1,30.0,1000.0,16,64582.0,36745.0,27837.0,-8908.0,8
A2GRA6N98ZPIQ1,prim,30-1,30.0,1000.0,17,50653.0,25020.0,23429.0,-1591.0,8
A2GRA6N98ZPIQ1,prim,30-1,30.0,1000.0,18,76769.0,47097.0,29672.0,-17425.0,9
A2GRA6N98ZPIQ1,prim,30-1,30.0,1000.0,19,67449.5,32697.0,32429.5,-267.5,9
A2GRA6N98ZPIQ1,prim,30-1,30.0,1000.0,20,69413.125,36917.5,32495.625,-4421.875,10
A2GRA6N98ZPIQ1,prim,30-1,30.0,1000.0,22,59665.0,33822.0,25843.0,-7979.0,11
A2GRA6N98ZPIQ1,prim,30-1,30.0,1000.0,23,68710.0,32351.5,33767.5,1416.0,11
A2IKLJWU2OJ1YX,prim,30-1,30.0,1000.0,3,6476.799999713898,0.0,3470.5999999046326,3470.5999999046326,1
A2IKLJWU2OJ1YX,prim,30-1,30.0,1000.0,5,28857.550000041723,13261.65000000596,6969.000000014901,-6292.649999991059,2
A2IKLJWU2OJ1YX,prim,30-1,30.0,1000.0,6,30467.600000023842,19680.20000001788,10787.40000000596,-8892.800000011921,3
A2IKLJWU2OJ1YX,prim,30-1,30.0,1000.0,8,27406.650000154972,15589.300000101328,11817.350000053644,-3771.950000047683,4
A2IKLJWU2OJ1YX,prim,30-1,30.0,1000.0,9,27815.491666605074,11021.524999946356,13464.258333305517,2442.733333359162,4
A2IKLJWU2OJ1YX,prim,30-1,30.0,1000.0,10,37435.80833326528,19427.570833218593,18008.23750004669,-1419.3333331719048,5
A2IKLJWU2OJ1YX,prim,30-1,30.0,1000.0,11,45337.262499928474,17417.024999953806,22027.699999973178,4610.675000019371,5
A2IKLJWU2OJ1YX,prim,30-1,30.0,1000.0,12,40553.80000000695,19796.766666660707,20757.033333346248,960.2666666855406,6
A2IKLJWU2OJ1YX,prim,30-1,30.0,1000.0,13,46427.89999983708,14927.46666665872,25796.29999989271,10868.833333233992,6
A2IKLJWU2OJ1YX,prim,30-1,30.0,1000.0,15,72008.0,19960.000000029802,49368.59999999404,29408.599999964237,7
A2K5AXCSY703CU,ns,30-1,30.0,1000.0,4,31493.0,18419.0,13074.0,-5345.0,2
A2K5AXCSY703CU,ns,30-1,30.0,1000.0,5,31217.0,5246.5,17827.0,12580.5,2
A2K5AXCSY703CU,ns,30-1,30.0,1000.0,6,34656.0,22546.5,12109.5,-10437.0,3
A2K5AXCSY703CU,ns,30-1,30.0,1000.0,7,48062.72222222222,16796.444444444445,24038.166666666668,7241.722222222223,3
A2K5AXCSY703CU,ns,30-1,30.0,1000.0,8,57702.75,30142.333333333332,27560.416666666668,-2581.9166666666665,4
A2K5AXCSY703CU,ns,30-1,30.0,1000.0,9,52712.5,18154.583333333336,28044.75,9890.166666666668,4
A2K5AXCSY703CU,ns,30-1,30.0,1000.0,10,61653.833333333336,35343.11111111112,26310.722222222223,-9032.388888888889,5
A2K5AXCSY703CU,ns,30-1,30.0,1000.0,11,54675.0,22108.0,27802.5,5694.5,5
A2K5AXCSY703CU,ns,30-1,30.0,1000.0,12,63648.0,36045.0,27603.0,-8442.0,6
A2K5AXCSY703CU,ns,30-1,30.0,1000.0,13,65788.0,29128.0,33320.0,4192.0,6
A2MV1R6YYOIO30,prim,30-1,30.0,1000.0,4,18883.43333339691,9493.758333268264,9389.675000128647,-104.08333313961764,2
A2MV1R6YYOIO30,prim,30-1,30.0,1000.0,5,19216.239999714493,5548.929999998212,8723.979999762774,3175.0499997645616,2
A2MV1R6YYOIO30,prim,30-1,30.0,1000.0,6,27689.033333435655,16623.250000099342,11065.783333336314,-5557.466666763027,3
A2MV1R6YYOIO30,prim,30-1,30.0,1000.0,7,31393.393333351614,9644.359999940792,16355.62000011603,6711.260000175237,3
A2MV1R6YYOIO30,prim,30-1,30.0,1000.0,8,25544.899999797344,15653.975000023842,9890.924999773502,-5763.0500002503395,4
A2MV1R6YYOIO30,prim,30-1,30.0,1000.0,9,32480.49999976158,12259.899999856949,15558.049999952316,3298.1500000953674,4
A2MV1R6YYOIO30,prim,30-1,30.0,1000.0,11,32327.799999713898,11112.5,18829.299999713898,7716.799999713898,5
A2NU82V08QSPCC,prim,30-1,30.0,1000.0,8,39959.10000014305,23411.200000166893,16547.899999976158,-6863.300000190735,4
A2NU82V08QSPCC,prim,30-1,30.0,1000.0,9,34430.15000021458,11902.850000023842,19276.950000166893,7374.100000143051,4
A2NU82V08QSPCC,prim,30-1,30.0,1000.0,10,41212.58888893657,25753.666666706402,15458.92222223017,-10294.744444476233,5
A2NU82V08QSPCC,prim,30-1,30.0,1000.0,11,42886.59000018438,18080.72500004371,19625.911666735014,1545.1866666913031,5
A2NU82V08QSPCC,prim,30-1,30.0,1000.0,12,45494.08888901605,24021.438889013396,21472.650000002654,-2548.7888890107447,6
A2NU82V08QSPCC,prim,30-1,30.0,1000.0,13,47864.30000003179,19589.766666730244,24269.033333381016,4679.266666650772,6
A2NU82V08QSPCC,prim,30-1,30.0,1000.0,14,52301.29999983311,29804.949999928474,22496.349999904633,-7308.600000023842,7
A2NU82V08QSPCC,prim,30-1,30.0,1000.0,15,70975.39999961853,44312.39999985695,23115.89999985695,-21196.5,7
A2NY0VWEWDULC6,rec,30-1,30.0,1000.0,4,21316.550000190735,14840.650000095367,6475.900000095367,-8364.75,2
A2NY0VWEWDULC6,rec,30-1,30.0,1000.0,5,27503.624999910593,5025.72500000149,14136.575000047684,9110.850000046194,2
A2NY0VWEWDULC6,rec,30-1,30.0,1000.0,6,32558.075000077486,19891.77499999851,12666.300000078976,-7225.474999919534,3
A2NY0VWEWDULC6,rec,30-1,30.0,1000.0,7,35205.50833320618,12048.850000103315,16793.866666485865,4745.016666382551,3
A2NY0VWEWDULC6,rec,30-1,30.0,1000.0,8,40106.60000022749,24714.31666687131,15392.283333356181,-9322.033333515128,4
A2NY0VWEWDULC6,rec,30-1,30.0,1000.0,9,45106.83416674534,15376.925833348432,23807.70583338539,8430.780000036953,4
A2NY0VWEWDULC6,rec,30-1,30.0,1000.0,10,46529.34166659167,25569.304166533053,20960.037500058614,-4609.266666474442,5
A2NY0VWEWDULC6,rec,30-1,30.0,1000.0,11,51543.16666678587,21953.73333344857,25377.000000039738,3423.2666665911674,5
A2NY0VWEWDULC6,rec,30-1,30.0,1000.0,12,50719.50000041723,27004.250000208616,23715.250000208616,-3289.0,6
A2NY0VWEWDULC6,rec,30-1,30.0,1000.0,14,52966.89999961853,28840.39999961853,24126.5,-4713.89999961853,7
A2OFVEA8BEJDZN,ns,30-1,30.0,1000.0,5,33442.883333047226,5628.049999872843,19294.516666730247,13666.466666857403,2
A2OFVEA8BEJDZN,ns,30-1,30.0,1000.0,6,45107.23333334923,29629.475000023842,15477.758333325386,-14151.716666698456,3
A2OFVEA8BEJDZN,ns,30-1,30.0,1000.0,7,50123.28333282471,16693.216666380566,22401.166666666668,5707.950000286102,3
A2OFVEA8BEJDZN,ns,30-1,30.0,1000.0,8,46236.83541713158,26130.039583404858,20106.795833726723,-6023.243749678135,4
A2OFVEA8BEJDZN,ns,30-1,30.0,1000.0,9,50401.24583256245,17798.529166460037,28031.97083298365,10233.441666523617,4
A2OFVEA8BEJDZN,ns,30-1,30.0,1000.0,10,50997.96666638056,28479.433332761128,22518.533333619434,-5960.899999141693,5
A2OFVEA8BEJDZN,ns,30-1,30.0,1000.0,11,44189.25000047684,19123.60000014305,21707.025000333786,2583.425000190735,5
A2OFVEA8BEJDZN,ns,30-1,30.0,1000.0,12,71900.0,23385.999999046326,48514.000000953674,25128.00000190735,6
A2P83PY6P7ECM5,ns,30-1,30.0,1000.0,4,50859.65000003576,41874.85000002384,8984.800000011921,-32890.05000001192,2
A2P83PY6P7ECM5,ns,30-1,30.0,1000.0,5,46445.200000047684,9264.700000017881,21373.300000041723,12108.600000023842,2
A2P83PY6P7ECM5,ns,30-1,30.0,1000.0,6,62669.299999917544,39286.166666567326,23383.13333335022,-15903.033333217105,3
A2P83PY6P7ECM5,ns,30-1,30.0,1000.0,7,58173.76666665077,14971.233333269754,21476.599999984104,6505.366666714351,3
A2P83PY6P7ECM5,ns,30-1,30.0,1000.0,8,73882.44999957085,46253.449999928474,27628.999999642372,-18624.450000286102,4
A2P83PY6P7ECM5,ns,30-1,30.0,1000.0,9,79705.60000014305,39263.50000047684,36987.49999976158,-2276.0000007152557,4
A2P83PY6P7ECM5,ns,30-1,30.0,1000.0,10,65230.900000333786,36349.85000026226,28881.050000071526,-7468.800000190735,5
A2P83PY6P7ECM5,ns,30-1,30.0,1000.0,11,48502.89999961853,12988.399999856949,32567.74999976158,19579.349999904633,5
A2P83PY6P7ECM5,ns,30-1,30.0,1000.0,13,50637.22499978542,17047.375000059605,25630.599999904633,8583.224999845028,6
A2P83PY6P7ECM5,ns,30-1,30.0,1000.0,16,59131.63333360354,33198.56666684151,25933.066666762035,-7265.500000079473,8
A2P83PY6P7ECM5,ns,30-1,30.0,1000.0,17,55220.2999997139,30719.39999985695,19168.0,-11551.399999856949,8
A2P83PY6P7ECM5,ns,30-1,30.0,1000.0,18,74585.59999990463,46512.5,28073.099999904633,-18439.400000095367,9
A2P83PY6P7ECM5,ns,30-1,30.0,1000.0,22,53463.99999976158,24546.5,28917.49999976158,4370.999999761581,11
A2PUL3ZDXOW0VZ,rec,30-1,30.0,1000.0,4,33842.59999996424,21088.59999996424,12754.0,-8334.59999996424,2
A2PUL3ZDXOW0VZ,rec,30-1,30.0,1000.0,5,49968.40000009537,6581.700000047684,26337.799999952316,19756.099999904633,2
A2PUL3ZDXOW0VZ,rec,30-1,30.0,1000.0,6,57030.5277778705,24204.9277778301,32825.600000040395,8620.6722222103,3
A2PUL3ZDXOW0VZ,rec,30-1,30.0,1000.0,7,67434.76187500134,15359.649374997989,42502.41687499247,27142.767499994487,3
A2PUL3ZDXOW0VZ,rec,30-1,30.0,1000.0,8,72453.58541667958,32306.322916679084,40147.2625000005,7840.939583321412,4
A2PUL3ZDXOW0VZ,rec,30-1,30.0,1000.0,9,69659.50833340485,18033.116666783888,44374.42500001192,26341.308333228033,4
A2PUL3ZDXOW0VZ,rec,30-1,30.0,1000.0,10,73991.52499999106,27407.82499998808,46583.70000000298,19175.8750000149,5
A2PUL3ZDXOW0VZ,rec,30-1,30.0,1000.0,11,77181.80000007153,23593.80000001192,40362.700000047684,16768.900000035763,5
A2ROI30AQITC3V,ns,30-1,30.0,1000.0,3,30270.10000014305,0.0,22558.425000071526,22558.425000071526,1
A2ROI30AQITC3V,ns,30-1,30.0,1000.0,4,45925.900000572205,26781.400000572205,19144.5,-7636.900000572205,2
A2ROI30AQITC3V,ns,30-1,30.0,1000.0,5,43045.199999809265,22013.89999961853,11146.400000095367,-10867.499999523163,2
A2ROI30AQITC3V,ns,30-1,30.0,1000.0,6,53264.366666555405,23878.166666686535,29386.19999986887,5508.033333182335,3
A2ROI30AQITC3V,ns,30-1,30.0,1000.0,7,50728.17499983311,14821.650000095367,28265.674999833107,13444.02499973774,3
A2ROI30AQITC3V,ns,30-1,30.0,1000.0,8,56470.066667079926,25746.00000031789,30724.066666762035,4978.066666444142,4
A2ROI30AQITC3V,ns,30-1,30.0,1000.0,9,55597.15833326181,18505.577083279688,30416.039583325386,11910.462500045696,4
A2ROI30AQITC3V,ns,30-1,30.0,1000.0,10,58474.52916661898,30300.154166579247,28174.375000039738,-2125.77916653951,5
A2ROI30AQITC3V,ns,30-1,30.0,1000.0,11,65571.77500006557,20568.45000010729,39928.2500000298,19359.799999922514,5
A2ROI30AQITC3V,ns,30-1,30.0,1000.0,12,77991.19999980927,36932.7999997139,41058.40000009537,4125.60000038147,6
A2ROI30AQITC3V,ns,30-1,30.0,1000.0,13,71775.4500001669,23275.849999845028,44319.750000178814,21043.900000333786,6
A2ROI30AQITC3V,ns,30-1,30.0,1000.0,14,68614.89999997616,28395.50000011921,40219.39999985695,11823.89999973774,7
A2VZN8J53Y5WYR,prim,30-1,30.0,1000.0,10,65446.5,38696.0,26750.5,-11945.5,5
A2VZN8J53Y5WYR,prim,30-1,30.0,1000.0,12,59281.09999978542,37785.699999809265,21495.399999976158,-16290.299999833107,6
A2VZN8J53Y5WYR,prim,30-1,30.0,1000.0,13,62475.200000047684,24422.725000023842,32776.80000001192,8354.074999988079,6
A2VZN8J53Y5WYR,prim,30-1,30.0,1000.0,14,67945.90333331873,38088.272499920924,29857.630833397805,-8230.641666523119,7
A2VZN8J53Y5WYR,prim,30-1,30.0,1000.0,15,68175.03333351348,30350.844444519942,32651.205555644305,2300.3611111243567,7
A2VZN8J53Y5WYR,prim,30-1,30.0,1000.0,16,69263.75833325088,36848.61666660507,32415.141666645803,-4433.4749999592705,8
A2VZN8J53Y5WYR,prim,30-1,30.0,1000.0,17,67438.46666649978,27184.09999994437,36855.89999991655,9671.799999972185,8
A2VZN8J53Y5WYR,prim,30-1,30.0,1000.0,18,71826.83333317439,40602.86666665474,31223.966666519642,-9378.900000135103,9
A2VZN8J53Y5WYR,prim,30-1,30.0,1000.0,19,67711.91666678587,25636.483333269753,36675.20000024636,11038.71666697661,9
A2VZN8J53Y5WYR,prim,30-1,30.0,1000.0,20,73268.46666671832,38618.2666666309,34650.20000008742,-3968.0666665434837,10
A2VZN8J53Y5WYR,prim,30-1,30.0,1000.0,22,80736.89999973774,44061.49999976158,36675.39999997616,-7386.099999785423,11
A2VZN8J53Y5WYR,prim,30-1,30.0,1000.0,26,73817.00000023842,45606.30000042915,28210.699999809265,-17395.60000061989,13
A2XMRJKCNKLL4E,ns,30-1,30.0,1000.0,4,19277.14999975264,12861.962499886751,6415.18749986589,-6446.775000020862,2
A2XMRJKCNKLL4E,ns,30-1,30.0,1000.0,5,16550.599999964237,5180.749999985099,7190.624999970198,2009.8749999850988,2
A2XMRJKCNKLL4E,ns,30-1,30.0,1000.0,6,24710.49166668455,15122.125000009934,9588.366666674614,-5533.7583333353205,3
A2XMRJKCNKLL4E,ns,30-1,30.0,1000.0,7,21864.904166686036,6911.564583321412,11962.13333332787,5050.568750006457,3
A2XMRJKCNKLL4E,ns,30-1,30.0,1000.0,8,30292.716666847467,20196.7583334893,10095.958333358169,-10100.80000013113,4
A2XMRJKCNKLL4E,ns,30-1,30.0,1000.0,9,29770.624999664724,14159.599999807775,12966.624999813735,-1192.9749999940395,4
A2XMRJKCNKLL4E,ns,30-1,30.0,1000.0,10,38517.383333603546,21786.96666701635,16730.416666587196,-5056.550000429153,5
A2XMRJKCNKLL4E,ns,30-1,30.0,1000.0,11,43636.4999999702,16103.200000017881,25172.499999970198,9069.299999952316,5
A2XMRJKCNKLL4E,ns,30-1,30.0,1000.0,12,33226.0,21358.200000286102,11867.799999713898,-9490.400000572205,6
A2XMRJKCNKLL4E,ns,30-1,30.0,1000.0,13,35057.699999809265,13986.5,18284.699999809265,4298.199999809265,6
A2XMRJKCNKLL4E,ns,30-1,30.0,1000.0,14,39258.099999427795,21958.299999713898,17299.799999713898,-4658.5,7
A2Y0VM8BAF0RMT,ns,30-1,30.0,1000.0,10,59705.5,42750.0,16955.5,-25794.5,5
A2Y0VM8BAF0RMT,ns,30-1,30.0,1000.0,11,35940.5,19288.5,13946.0,-5342.5,5
A2Y0VM8BAF0RMT,ns,30-1,30.0,1000.0,12,43315.875,24026.25,19289.625,-4736.625,6
A2Y0VM8BAF0RMT,ns,30-1,30.0,1000.0,13,39505.5,15585.75,20515.25,4929.5,6
A2Y0VM8BAF0RMT,ns,30-1,30.0,1000.0,14,49517.75,24207.5,25310.25,1102.75,7
A2Y0VM8BAF0RMT,ns,30-1,30.0,1000.0,15,48105.5,22635.25,22746.25,111.0,7
A2ZGAH6NOSU2PO,rec,30-1,30.0,1000.0,6,38037.65000021458,16748.950000166893,21288.700000047684,4539.749999880791,3
A2ZGAH6NOSU2PO,rec,30-1,30.0,1000.0,8,40527.55000042915,19502.650000333786,21024.900000095367,1522.2499997615814,4
A2ZGAH6NOSU2PO,rec,30-1,30.0,1000.0,9,48415.10000014305,9790.600000143051,32069.700000047684,22279.099999904633,4
A2ZGAH6NOSU2PO,rec,30-1,30.0,1000.0,10,72059.06666644414,20588.23333319028,51470.83333325386,30882.60000006358,5
A2ZGAH6NOSU2PO,rec,30-1,30.0,1000.0,11,66086.900000453,14219.799999952316,45000.00000035763,30780.20000040531,5
A2ZGAH6NOSU2PO,rec,30-1,30.0,1000.0,12,64678.91666654746,25133.599999984108,39545.316666563354,14411.716666579247,6
A2ZGAH6NOSU2PO,rec,30-1,30.0,1000.0,13,52842.866666316986,11269.599999904633,37712.666666428246,26443.066666523617,6
A2ZGAH6NOSU2PO,rec,30-1,30.0,1000.0,14,71821.45000052452,26375.500000357628,45445.95000016689,19070.449999809265,7
A2ZGAH6NOSU2PO,rec,30-1,30.0,1000.0,16,50405.89999985695,25726.199999809265,24679.700000047684,-1046.4999997615814,8
A30DHHAL100LZR,ns,30-1,30.0,1000.0,8,66549.0,25500.0,41049.0,15549.0,4
A30DHHAL100LZR,ns,30-1,30.0,1000.0,9,73015.0,29151.0,24611.666666666668,-4539.333333333333,4
A30DHHAL100LZR,ns,30-1,30.0,1000.0,10,75208.33333333333,37407.0,37801.333333333336,394.3333333333333,5
A30DHHAL100LZR,ns,30-1,30.0,1000.0,11,74605.0,31490.666666666664,36781.0,5290.333333333333,5
A30DHHAL100LZR,ns,30-1,30.0,1000.0,12,82562.66666666667,42439.666666666664,40123.0,-2316.6666666666665,6
A30DHHAL100LZR,ns,30-1,30.0,1000.0,13,82914.0,35952.0,42027.5,6075.5,6
A30DHHAL100LZR,ns,30-1,30.0,1000.0,14,83673.0,48278.0,35395.0,-12883.0,7
A30DHHAL100LZR,ns,30-1,30.0,1000.0,15,79010.75,33676.25,39192.25,5516.0,7
A31SZFE8M7YK0S,ns,30-1,30.0,1000.0,5,24355.666666666668,5437.444444444444,13699.444444444445,8262.0,2
A31SZFE8M7YK0S,ns,30-1,30.0,1000.0,6,33556.333333333336,18039.333333333332,15517.0,-2522.3333333333335,3
A31SZFE8M7YK0S,ns,30-1,30.0,1000.0,7,40924.666666666664,15026.333333333334,20322.333333333332,5296.0,3
A31SZFE8M7YK0S,ns,30-1,30.0,1000.0,8,35158.166666666664,21298.166666666668,13860.0,-7438.166666666667,4
A31SZFE8M7YK0S,ns,30-1,30.0,1000.0,9,40908.833333333336,13754.666666666666,22348.5,8593.833333333334,4
A31SZFE8M7YK0S,ns,30-1,30.0,1000.0,10,47722.58333333333,25932.916666666664,21789.666666666664,-4143.25,5
A31SZFE8M7YK0S,ns,30-1,30.0,1000.0,11,49369.83333333333,20113.416666666664,25016.25,4902.833333333333,5
A31SZFE8M7YK0S,ns,30-1,30.0,1000.0,12,52144.0,25366.0,26778.0,1412.0,6
A34DYM8J0X5VK,rec,30-1,30.0,1000.0,4,10129.350000083447,6353.650000035763,3775.7000000476837,-2577.949999988079,2
A34DYM8J0X5VK,rec,30-1,30.0,1000.0,5,23830.100000023842,3090.3000000715256,17232.89999985695,14142.599999785423,2
A34DYM8J0X5VK,rec,30-1,30.0,1000.0,6,35163.2750000755,11928.222916712362,23235.052083363134,11306.829166650772,3
A34DYM8J0X5VK,rec,30-1,30.0,1000.0,7,39981.07500009736,6936.7958333740635,29498.745833391946,22561.95000001788,3
A34DYM8J0X5VK,rec,30-1,30.0,1000.0,8,31656.824999958277,11690.562500014901,19966.262499943376,8275.699999928474,4
A34DYM8J0X5VK,rec,30-1,30.0,1000.0,9,56927.42500001192,7051.8499999940395,46276.15000003576,39224.30000004172,4
A34DYM8J0X5VK,rec,30-1,30.0,1000.0,10,39770.550000091396,12188.000000059605,27582.550000031788,15394.549999972185,5
A34DYM8J0X5VK,rec,30-1,30.0,1000.0,11,46984.10000014305,12877.600000023842,32153.00000011921,19275.400000095367,5
A34DYM8J0X5VK,rec,30-1,30.0,1000.0,12,61055.500000178814,16998.350000083447,44057.15000009537,27058.80000001192,6
A34DYM8J0X5VK,rec,30-1,30.0,1000.0,14,53847.699999809265,19091.199999809265,34756.5,15665.300000190735,7
A36IB78C6MVA3,prim,30-1,30.0,1000.0,4,21271.0,11818.0,9453.0,-2365.0,2
A36IB78C6MVA3,prim,30-1,30.0,1000.0,5,25982.0,7471.0,10925.0,3454.0,2
A36IB78C6MVA3,prim,30-1,30.0,1000.0,6,28578.0,22165.0,6413.0,-15752.0,3
A36IB78C6MVA3,prim,30-1,30.0,1000.0,7,39860.5,18315.0,13760.5,-4554.5,3
A36IB78C6MVA3,prim,30-1,30.0,1000.0,8,38490.5,19268.5,19222.0,-46.5,4
A36IB78C6MVA3,prim,30-1,30.0,1000.0,9,42024.33333333333,17673.833333333336,18808.333333333336,1134.5,4
A36IB78C6MVA3,prim,30-1,30.0,1000.0,10,47538.25,26630.5,20907.75,-5722.75,5
A36IB78C6MVA3,prim,30-1,30.0,1000.0,11,46560.0,17856.5,26247.0,8390.5,5
A36IB78C6MVA3,prim,30-1,30.0,1000.0,12,49939.0,29513.0,20426.0,-9087.0,6
A36IB78C6MVA3,prim,30-1,30.0,1000.0,15,65663.0,30860.0,28101.0,-2759.0,7
A36IB78C6MVA3,prim,30-1,30.0,1000.0,16,64394.0,25864.0,38530.0,12666.0,8
A389Y151TAJ4XG,ns,30-1,30.0,1000.0,4,14963.800000190735,8740.5,6223.300000190735,-2517.199999809265,2
A389Y151TAJ4XG,ns,30-1,30.0,1000.0,5,67492.80000019073,23411.50000023842,40007.59999990463,16596.099999666214,2
A389Y151TAJ4XG,ns,30-1,30.0,1000.0,8,65307.699999809265,40605.7000002861,24701.999999523163,-15903.70000076294,4
A389Y151TAJ4XG,ns,30-1,30.0,1000.0,9,55773.94999957085,12070.349999904633,36092.54999983311,24022.199999928474,4
A389Y151TAJ4XG,ns,30-1,30.0,1000.0,10,45970.799999952316,30180.600000023842,15790.199999928474,-14390.400000095367,5
A389Y151TAJ4XG,ns,30-1,30.0,1000.0,11,60929.516666293144,21084.199999809265,34565.89999985695,13481.700000047684,5
A389Y151TAJ4XG,ns,30-1,30.0,1000.0,12,69594.28333334129,33376.19999988874,36218.083333452545,2841.8833335638046,6
A389Y151TAJ4XG,ns,30-1,30.0,1000.0,13,63247.066666563354,26286.072222265935,33010.658333182335,6724.5861109164025,6
A389Y151TAJ4XG,ns,30-1,30.0,1000.0,14,73051.89166659117,34295.43333325783,38756.458333333336,4461.0250000754995,7
A389Y151TAJ4XG,ns,30-1,30.0,1000.0,15,72080.9249998331,22961.774999976158,43106.999999821186,20145.224999845028,7
A389Y151TAJ4XG,ns,30-1,30.0,1000.0,16,69137.83333341281,34621.93333339691,34515.90000001589,-106.03333338101704,8
A389Y151TAJ4XG,ns,30-1,30.0,1000.0,17,78606.80000007153,35844.04999983311,40085.85000026226,4241.800000429153,8
A389Y151TAJ4XG,ns,30-1,30.0,1000.0,18,63177.50000023842,37824.7000002861,25352.799999952316,-12471.900000333786,9
A389Y151TAJ4XG,ns,30-1,30.0,1000.0,19,71174.24999976158,30542.849999785423,34806.09999990463,4263.250000119209,9
A3AY0315YWWNXY,rec,30-1,30.0,1000.0,6,17469.150000065565,6681.949999988079,10787.200000077486,4105.250000089407,3
A3AY0315YWWNXY,rec,30-1,30.0,1000.0,7,22921.0,3495.699999988079,16553.19999998808,13057.5,3
A3AY0315YWWNXY,rec,30-1,30.0,1000.0,11,28953.600000083447,7214.400000035763,11094.400000095367,3880.0000000596046,5
A3AY0315YWWNXY,rec,30-1,30.0,1000.0,15,45342.80000003179,16675.533333381016,24773.69999998808,8098.166666607062,7
A3AY0315YWWNXY,rec,30-1,30.0,1000.0,16,48965.699999928474,30378.299999967217,18587.399999961257,-11790.90000000596,8
A3AY0315YWWNXY,rec,30-1,30.0,1000.0,17,49280.00000003725,19455.7500000149,27563.47500000149,8107.724999986589,8
A3AY0315YWWNXY,rec,30-1,30.0,1000.0,18,50884.691666667655,24841.583333303533,26043.10833336413,1201.525000060598,9
A3AY0315YWWNXY,rec,30-1,30.0,1000.0,19,54751.083333313465,24519.666666657977,26991.08333332588,2471.4166666679084,9
A3AY0315YWWNXY,rec,30-1,30.0,1000.0,20,53134.525000050664,27446.17500001192,25688.350000038743,-1757.824999973178,10
A3AY0315YWWNXY,rec,30-1,30.0,1000.0,21,54438.2666666011,20678.166666644316,32137.916666636866,11459.74999999255,10
A3AY0315YWWNXY,rec,30-1,30.0,1000.0,22,48333.44444447922,24699.400000015896,23634.044444463318,-1065.3555555525752,11
A3AY0315YWWNXY,rec,30-1,30.0,1000.0,23,55130.349999934435,21266.499999962747,31427.199999973178,10160.70000001043,11
A3AY0315YWWNXY,rec,30-1,30.0,1000.0,24,54157.483333336815,27573.933333312474,26583.55000002434,-990.3833332881331,12
A3AY0315YWWNXY,rec,30-1,30.0,1000.0,25,58295.90000003576,19546.600000023842,33902.80000001192,14356.199999988079,12
A3EUH97BRHRSI6,rec,30-1,30.0,1000.0,5,31801.75,9187.5,13632.0,4444.5,2
A3EUH97BRHRSI6,rec,30-1,30.0,1000.0,6,54883.125,36633.375,18249.75,-18383.625,3
A3EUH97BRHRSI6,rec,30-1,30.0,1000.0,7,57105.5,19699.145833333332,28104.1875,8405.041666666666,3
A3EUH97BRHRSI6,rec,30-1,30.0,1000.0,8,61536.0,34770.77777777778,26765.222222222223,-8005.555555555556,4
A3EUH97BRHRSI6,rec,30-1,30.0,1000.0,9,63357.33333333333,23643.708333333336,33391.375,9747.666666666666,4
A3EUH97BRHRSI6,rec,30-1,30.0,1000.0,10,72336.3125,41513.375,30822.9375,-10690.4375,5
A3EUH97BRHRSI6,rec,30-1,30.0,1000.0,12,76165.0,44254.0,31911.0,-12343.0,6
A3I97794CB5SUO,rec,30-1,30.0,1000.0,5,29270.5,3470.5,22511.5,19041.0,2
A3I97794CB5SUO,rec,30-1,30.0,1000.0,6,26514.375,11216.75,15297.625,4080.875,3
A3I97794CB5SUO,rec,30-1,30.0,1000.0,7,29309.5,5973.0,19331.5,13358.5,3
A3I97794CB5SUO,rec,30-1,30.0,1000.0,8,36734.5,16768.25,19966.25,3198.0,4
A3I97794CB5SUO,rec,30-1,30.0,1000.0,9,66467.25,11747.5,50879.0,39131.5,4
A3I97794CB5SUO,rec,30-1,30.0,1000.0,10,55714.83333333333,16865.5,38849.333333333336,21983.833333333332,5
A3I97794CB5SUO,rec,30-1,30.0,1000.0,11,60161.0,14318.166666666666,42894.0,28575.833333333332,5
A3I97794CB5SUO,rec,30-1,30.0,1000.0,12,56008.666666666664,20801.5,35207.166666666664,14405.666666666666,6
A3RVHUY67SVXQV,ns,30-1,30.0,1000.0,11,47340.0,26245.0,16914.0,-9331.0,5
A3RVHUY67SVXQV,ns,30-1,30.0,1000.0,15,51583.23333321015,19463.500000039738,29065.388888710073,9601.888888670337,7
A3RVHUY67SVXQV,ns,30-1,30.0,1000.0,16,48863.59999990463,26172.699999928474,22690.899999976158,-3481.7999999523163,8
A3RVHUY67SVXQV,ns,30-1,30.0,1000.0,17,51109.04166660706,20731.191666662693,25546.733333289623,4815.54166662693,8
A3RVHUY67SVXQV,ns,30-1,30.0,1000.0,18,54631.866666565336,27203.149999966223,27428.716666599114,225.5666666328907,9
A3RVHUY67SVXQV,ns,30-1,30.0,1000.0,19,54167.44999995828,20397.674999922514,31767.975000023842,11370.300000101328,9
A3RVHUY67SVXQV,ns,30-1,30.0,1000.0,20,50733.98333360752,25739.31666687131,24994.666666736204,-744.6500001351038,10
A3RVHUY67SVXQV,ns,30-1,30.0,1000.0,21,68168.06666670906,34690.677777826786,29667.122222211623,-5023.55555561516,10
A3RVHUY67SVXQV,ns,30-1,30.0,1000.0,22,64797.649999946356,30305.04999998212,34492.59999996424,4187.549999982119,11
A3RVHUY67SVXQV,ns,30-1,30.0,1000.0,23,73618.19999969006,28315.199999928474,43047.04999983311,14731.849999904633,11
A3RVHUY67SVXQV,ns,30-1,30.0,1000.0,24,65540.32777782943,33918.7722222805,31621.55555554893,-2297.216666731569,12
A3RVHUY67SVXQV,ns,30-1,30.0,1000.0,25,74736.77499997616,32759.199999928474,38646.100000053644,5886.90000012517,12
A3RVHUY67SVXQV,ns,30-1,30.0,1000.0,26,75171.9000005722,33136.50000023842,42035.400000333786,8898.900000095367,13
A3TX84QHD321M7,prim,30-1,30.0,1000.0,4,40055.0,35304.0,4751.0,-30553.0,2
A3TX84QHD321M7,prim,30-1,30.0,1000.0,5,31158.0,4388.0,8176.0,3788.0,2
A3TX84QHD321M7,prim,30-1,30.0,1000.0,6,34055.0,19159.0,14896.0,-4263.0,3
A3TX84QHD321M7,prim,30-1,30.0,1000.0,7,48721.25,16551.5,23090.75,6539.25,3
A3TX84QHD321M7,prim,30-1,30.0,1000.0,8,63469.25,38097.375,25371.875,-12725.5,4
A3TX84QHD321M7,prim,30-1,30.0,1000.0,9,62760.916666666664,24086.13888888889,32067.083333333332,7980.944444444445,4
A3TX84QHD321M7,prim,30-1,30.0,1000.0,10,63359.75,40487.5,22872.25,-17615.25,5
A3TX84QHD321M7,prim,30-1,30.0,1000.0,11,64173.5625,24096.875,33313.75,9216.875,5
A3TX84QHD321M7,prim,30-1,30.0,1000.0,12,65057.25,34847.25,30210.0,-4637.249999999999,6
A3TX84QHD321M7,prim,30-1,30.0,1000.0,13,62727.0,21696.5,34853.5,13157.0,6
A3TX84QHD321M7,prim,30-1,30.0,1000.0,14,64294.0,35298.333333333336,28995.666666666668,-6302.666666666667,7
A3UCN8EJI08X2P,ns,30-1,30.0,1000.0,7,39970.833333333336,8596.5,25379.5,16783.0,3
A3UCN8EJI08X2P,ns,30-1,30.0,1000.0,8,31788.5,16581.375,15207.125,-1374.25,4
A3UCN8EJI08X2P,ns,30-1,30.0,1000.0,9,29731.25,10009.0,15614.0,5605.0,4
A3UCN8EJI08X2P,ns,30-1,30.0,1000.0,10,35352.683333333334,20294.55,15058.133333333333,-5236.416666666666,5
A3UCN8EJI08X2P,ns,30-1,30.0,1000.0,11,37276.708333333336,14508.666666666668,18807.125,4298.458333333333,5
A3UCN8EJI08X2P,ns,30-1,30.0,1000.0,12,40003.5,22167.0,17836.5,-4330.5,6
A3UCN8EJI08X2P,ns,30-1,30.0,1000.0,13,36744.0,11809.0,21392.0,9583.0,6
A3UQ5DF8VVD975,rec,30-1,30.0,1000.0,4,15243.200000047684,4853.0,10390.200000047684,5537.200000047684,2
A3UQ5DF8VVD975,rec,30-1,30.0,1000.0,6,36735.300000190735,9068.700000047684,27666.60000014305,18597.900000095367,3
A3UQ5DF8VVD975,rec,30-1,30.0,1000.0,7,43876.033333301544,5246.433333396912,33698.19999996821,28451.7666665713,3
A3UQ5DF8VVD975,rec,30-1,30.0,1000.0,8,57083.422222455345,24106.650000108613,32976.772222346735,8870.122222238117,4
A3UQ5DF8VVD975,rec,30-1,30.0,1000.0,9,59478.7999997735,9101.700000166893,43394.524999678135,34292.82499951124,4
A3UQ5DF8VVD975,rec,30-1,30.0,1000.0,10,63419.00833334526,18769.437499990065,44649.57083335519,25880.133333365124,5
A3UQ5DF8VVD975,rec,30-1,30.0,1000.0,11,54960.49444451597,16064.594444553057,32661.42222220368,16596.827777650622,5
A3UQ5DF8VVD975,rec,30-1,30.0,1000.0,12,76342.57222217984,23400.638888835907,52941.933333343935,29541.29444450802,6
A3UQ5DF8VVD975,rec,30-1,30.0,1000.0,13,81121.79999995232,23732.799999952316,40929.700000047684,17196.900000095367,6
A3UQ5DF8VVD975,rec,30-1,30.0,1000.0,15,63774.05000054836,22129.45000040531,38526.85000014305,16397.39999973774,7
A3V71NT2X4HD1I,prim,30-1,30.0,1000.0,7,62406.333333333336,17585.333333333332,35654.666666666664,18069.333333333332,3
A3V71NT2X4HD1I,prim,30-1,30.0,1000.0,8,51117.0,31542.0,19575.0,-11967.0,4
A3V71NT2X4HD1I,prim,30-1,30.0,1000.0,9,66527.0,24676.0,34826.5,10150.5,4
A3V71NT2X4HD1I,prim,30-1,30.0,1000.0,10,56077.25,33482.0,22595.25,-10886.75,5
A3V71NT2X4HD1I,prim,30-1,30.0,1000.0,11,62060.25,24650.8125,31363.8125,6713.0,5
A3V71NT2X4HD1I,prim,30-1,30.0,1000.0,12,63969.6,33859.35,30110.25,-3749.1,6
A3V71NT2X4HD1I,prim,30-1,30.0,1000.0,13,70657.125,33395.25,31818.625,-1576.625,6
A3V71NT2X4HD1I,prim,30-1,30.0,1000.0,14,63437.5,37530.5,25907.0,-11623.5,7
A3V71NT2X4HD1I,prim,30-1,30.0,1000.0,15,66941.0,30272.666666666668,29583.0,-689.6666666666666,7
A3V71NT2X4HD1I,prim,30-1,30.0,1000.0,16,72972.0,41960.0,31012.0,-10948.0,8
A3V71NT2X4HD1I,prim,30-1,30.0,1000.0,17,68396.5,32071.5,33188.25,1116.75,8
A3V71NT2X4HD1I,prim,30-1,30.0,1000.0,18,71241.5,40037.0,31204.5,-8832.5,9
A3V71NT2X4HD1I,prim,30-1,30.0,1000.0,19,76253.0,32196.0,39898.0,7702.0,9
A3V71NT2X4HD1I,prim,30-1,30.0,1000.0,21,80816.0,34444.0,36436.0,1992.0,10
A51TGVVYJF7T0,prim,30-1,30.0,1000.0,4,43714.0,35388.0,8326.0,-27062.0,2
A51TGVVYJF7T0,prim,30-1,30.0,1000.0,5,60492.0,25185.0,14665.0,-10520.0,2
A51TGVVYJF7T0,prim,30-1,30.0,1000.0,6,57400.833333333336,38596.666666666664,18804.166666666668,-19792.5,3
A51TGVVYJF7T0,prim,30-1,30.0,1000.0,7,54077.125,18061.25,25266.75,7205.5,3
A51TGVVYJF7T0,prim,30-1,30.0,1000.0,8,63374.4375,35597.75,27776.6875,-7821.0625,4
A51TGVVYJF7T0,prim,30-1,30.0,1000.0,9,65735.23214285714,26151.303571428572,30791.696428571428,4640.392857142857,4
A51TGVVYJF7T0,prim,30-1,30.0,1000.0,10,64731.333333333336,34257.333333333336,30474.0,-3783.3333333333335,5
A51TGVVYJF7T0,prim,30-1,30.0,1000.0,11,69705.5,25842.0,39266.0,13424.0,5
A51TGVVYJF7T0,prim,30-1,30.0,1000.0,12,77083.5,39542.0,37541.5,-2000.5,6
A7USTT4KU1ZBO,ns,30-1,30.0,1000.0,3,27849.266666670643,0.0,15760.316666672628,15760.316666672628,1
A7USTT4KU1ZBO,ns,30-1,30.0,1000.0,4,30154.675000006955,14559.258333310485,15595.416666696468,1036.1583333859853,2
A7USTT4KU1ZBO,ns,30-1,30.0,1000.0,5,24118.391666730244,6832.225000013907,12372.875000039736,5540.650000025829,2
A7USTT4KU1ZBO,ns,30-1,30.0,1000.0,6,37346.856249928474,18964.956249974668,18381.899999953806,-583.0562500208616,3
A7USTT4KU1ZBO,ns,30-1,30.0,1000.0,7,39659.437500003725,14986.037499964237,16384.98749998957,1398.950000025332,3
A7USTT4KU1ZBO,ns,30-1,30.0,1000.0,8,42886.525000080466,27559.550000064075,15326.975000016391,-12232.575000047684,4
A7USTT4KU1ZBO,ns,30-1,30.0,1000.0,9,68635.95000001788,22707.54999998212,38595.300000056624,15887.750000074506,4
AB5WBMZGLX57B,ns,30-1,30.0,1000.0,3,47966.0,0.0,17541.0,17541.0,1
AB5WBMZGLX57B,ns,30-1,30.0,1000.0,4,56140.333333333336,16564.666666666668,39575.666666666664,23011.0,2
AB5WBMZGLX57B,ns,30-1,30.0,1000.0,5,53749.333333333336,9852.333333333334,38145.666666666664,28293.333333333332,2
AB5WBMZGLX57B,ns,30-1,30.0,1000.0,6,36140.5,18784.0,17356.5,-1427.5,3
AB5WBMZGLX57B,ns,30-1,30.0,1000.0,7,42187.25,12960.25,16007.5,3047.25,3
AB5WBMZGLX57B,ns,30-1,30.0,1000.0,8,64568.0,21048.0,43520.0,22472.0,4
AB5WBMZGLX57B,ns,30-1,30.0,1000.0,9,64692.16666666667,20659.5,38817.33333333333,18157.833333333332,4
AB5WBMZGLX57B,ns,30-1,30.0,1000.0,10,57341.833333333336,27354.0,29987.833333333332,2633.8333333333335,5
AB5WBMZGLX57B,ns,30-1,30.0,1000.0,11,63610.416666666664,22780.972222222223,36037.63888888889,13256.666666666666,5
AB5WBMZGLX57B,ns,30-1,30.0,1000.0,12,59753.333333333336,31418.166666666668,28335.166666666668,-3083.0,6
AB5WBMZGLX57B,ns,30-1,30.0,1000.0,13,62748.0,26995.0,31284.0,4289.0,6
AB5WBMZGLX57B,ns,30-1,30.0,1000.0,14,63307.333333333336,33166.666666666664,30140.666666666668,-3026.0,7
AB5WBMZGLX57B,ns,30-1,30.0,1000.0,15,62024.0,30452.0,28067.5,-2384.5,7
AB5WBMZGLX57B,ns,30-1,30.0,1000.0,16,70194.5,30410.0,39784.5,9374.5,8
AB5WBMZGLX57B,ns,30-1,30.0,1000.0,20,73327.0,38507.0,34820.0,-3687.0,10
ACBROX4H8BSW3,rec,30-1,30.0,1000.0,3,29921.399999994785,0.0,28308.499999996275,28308.499999996275,1
ACBROX4H8BSW3,rec,30-1,30.0,1000.0,5,79982.80000000447,1998.199999999255,76425.2000000067,74427.00000000745,2
ACBROX4H8BSW3,rec,30-1,30.0,1000.0,6,37487.64999999665,10848.099999997765,26639.549999998882,15791.450000001118,3
ACBROX4H8BSW3,rec,30-1,30.0,1000.0,9,37883.95000000484,7120.974999982864,27583.125000005588,20462.150000022724,4
ACBROX4H8BSW3,rec,30-1,30.0,1000.0,10,49731.0,18791.69999998808,30939.30000001192,12147.600000023842,5
ACBROX4H8BSW3,rec,30-1,30.0,1000.0,11,60649.84999997604,10119.616666664679,48764.88333331607,38645.26666665139,5
ACBROX4H8BSW3,rec,30-1,30.0,1000.0,12,61075.799999952316,15439.599999934435,45636.20000001788,30196.600000083447,6
ACBROX4H8BSW3,rec,30-1,30.0,1000.0,13,63084.900000019,17964.10000001453,42160.900000002235,24196.799999987707,6
ACBROX4H8BSW3,rec,30-1,30.0,1000.0,14,62548.94999997504,20110.39999992773,42438.55000004731,22328.15000011958,7
ADJ9I7ZBFYFH7,rec,30-1,30.0,1000.0,8,16392.100000023842,7593.25,8798.850000023842,1205.6000000238419,4
ADJ9I7ZBFYFH7,rec,30-1,30.0,1000.0,9,30721.3750000149,7371.149999976158,21057.400000050664,13686.250000074506,4
ADJ9I7ZBFYFH7,rec,30-1,30.0,1000.0,10,36467.950000067554,9954.766666700441,26513.18333336711,16558.416666666668,5
ADJ9I7ZBFYFH7,rec,30-1,30.0,1000.0,11,38378.18333339691,11386.849999984106,24490.61666673422,13103.766666750114,5
ADJ9I7ZBFYFH7,rec,30-1,30.0,1000.0,12,48989.299999922514,14908.799999952316,34080.4999999702,19171.70000001788,6
ADJ9I7ZBFYFH7,rec,30-1,30.0,1000.0,13,37769.80000001192,7238.800000011921,28938.599999964237,21699.799999952316,6
ADJ9I7ZBFYFH7,rec,30-1,30.0,1000.0,15,37595.00000047684,15418.000000476837,19179.10000014305,3761.099999666214,7
AGILQEFEPEK7N,ns,30-1,30.0,1000.0,3,4759.800000011922,0.0,2175.600000023842,2175.600000023842,1
AGILQEFEPEK7N,ns,30-1,30.0,1000.0,4,10683.850000023842,6952.475000038743,3731.374999985099,-3221.100000053644,2
AGILQEFEPEK7N,ns,30-1,30.0,1000.0,5,11445.018750023097,2462.1375000122935,6034.762500019744,3572.6250000074506,2
AGILQEFEPEK7N,ns,30-1,30.0,1000.0,6,16070.454166655738,8593.879999990017,7476.574166665723,-1117.3058333242934,3
AGILQEFEPEK7N,ns,30-1,30.0,1000.0,7,18597.18055554728,5347.258333323731,10300.877777771817,4953.619444448087,3
AGILQEFEPEK7N,ns,30-1,30.0,1000.0,8,18710.40000000596,9722.900000020862,8987.499999985099,-735.4000000357628,4
AGILQEFEPEK7N,ns,30-1,30.0,1000.0,9,27515.799999833107,5567.949999928474,19015.399999916553,13447.449999988079,4
AGILQEFEPEK7N,ns,30-1,30.0,1000.0,10,32874.5,13694.100000023842,19180.399999976158,5486.299999952316,5
AH7HACNNRSIPO,ns,30-1,30.0,1000.0,3,17824.199999809265,0.0,16262.39999961853,16262.39999961853,1
AH7HACNNRSIPO,ns,30-1,30.0,1000.0,4,24680.060714449202,17499.78928583009,7180.271428619112,-10319.517857210976,2
AH7HACNNRSIPO,ns,30-1,30.0,1000.0,5,20503.49999988079,4943.649999976158,9905.199999809265,4961.549999833107,2
AH7HACNNRSIPO,ns,30-1,30.0,1000.0,6,18544.133332853515,12023.116666381558,6521.016666471958,-5502.099999909599,3
AH7HACNNRSIPO,ns,30-1,30.0,1000.0,7,24161.28888880213,8493.788888865047,12835.383333287304,4341.594444422259,3
AH7HACNNRSIPO,ns,30-1,30.0,1000.0,8,25449.714444417754,16728.914444354177,8720.800000063578,-8008.114444290598,4
AH7HACNNRSIPO,ns,30-1,30.0,1000.0,9,21670.159999909996,7833.989999955893,11077.679999935626,3243.6899999797342,4
AH7HACNNRSIPO,ns,30-1,30.0,1000.0,10,22562.975000053644,12267.22499999404,10295.750000059605,-1971.474999934435,5
AH7HACNNRSIPO,ns,30-1,30.0,1000.0,11,33940.09999999404,14169.699999988079,17959.30000001192,3789.600000023842,5
AIDU49N2KO05N,ns,30-1,30.0,1000.0,9,75463.60000002384,25795.700000047684,43991.09999990463,18195.39999985695,4
AIDU49N2KO05N,ns,30-1,30.0,1000.0,10,65192.44999957085,35357.09999990463,29835.349999666214,-5521.750000238419,5
AIDU49N2KO05N,ns,30-1,30.0,1000.0,11,63463.60000038147,20011.2000002563,40889.50000011921,20878.29999986291,5
AIDU49N2KO05N,ns,30-1,30.0,1000.0,12,56382.5000000447,26143.125000089407,30239.374999955297,4096.24999986589,6
AIDU49N2KO05N,ns,30-1,30.0,1000.0,13,70496.69999991357,26618.008333300553,39485.683333312474,12867.67500001192,6
AIDU49N2KO05N,ns,30-1,30.0,1000.0,14,67633.71875011548,33807.8312500529,33825.887500062585,18.056250009685755,7
AIDU49N2KO05N,ns,30-1,30.0,1000.0,15,71815.2666666905,35193.1249999702,32810.75833337009,-2382.366666600108,7
AIDU49N2KO05N,ns,30-1,30.0,1000.0,16,79038.9500001967,30612.000000059605,48426.95000013709,17814.950000077486,8
AIDU49N2KO05N,ns,30-1,30.0,1000.0,17,70110.766666366,31670.58888875114,33794.022222055326,2123.4333333041936,8
AIDU49N2KO05N,ns,30-1,30.0,1000.0,18,60820.69999998808,22245.899999916553,38574.800000071526,16328.900000154972,9
AIDU49N2KO05N,ns,30-1,30.0,1000.0,19,67298.09999987483,26109.949999913573,38472.04999996722,12362.100000053644,9
AIDU49N2KO05N,ns,30-1,30.0,1000.0,20,76676.40000009537,37755.800000071526,38920.60000002384,1164.7999999523163,10
AIDU49N2KO05N,ns,30-1,30.0,1000.0,21,72954.50000017881,29768.100000083447,41218.40000009537,11450.300000011921,10
AJUVX0E4OPTAO,prim,30-1,30.0,1000.0,5,30229.0,3151.0,19265.0,16114.0,2
AJUVX0E4OPTAO,prim,30-1,30.0,1000.0,6,42231.0,25816.5,16414.5,-9402.0,3
AJUVX0E4OPTAO,prim,30-1,30.0,1000.0,7,33519.0,12671.5,14692.25,2020.75,3
AJUVX0E4OPTAO,prim,30-1,30.0,1000.0,8,46455.33333333333,20789.166666666664,25666.166666666664,4877.0,4
AJUVX0E4OPTAO,prim,30-1,30.0,1000.0,9,41520.9375,16525.3125,19792.25,3266.9375,4
AJUVX0E4OPTAO,prim,30-1,30.0,1000.0,10,50522.083333333336,29071.75,21450.333333333332,-7621.416666666667,5
AJUVX0E4OPTAO,prim,30-1,30.0,1000.0,11,50026.416666666664,18706.666666666668,25956.458333333336,7249.791666666666,5
AJUVX0E4OPTAO,prim,30-1,30.0,1000.0,12,49395.125,28134.875,21260.25,-6874.625,6
AJUVX0E4OPTAO,prim,30-1,30.0,1000.0,14,70714.0,45336.0,25378.0,-19958.0,7
AJUVX0E4OPTAO,prim,30-1,30.0,1000.0,15,54962.0,25915.5,25520.0,-395.5,7
AJUVX0E4OPTAO,prim,30-1,30.0,1000.0,16,63628.0,35232.0,28396.0,-6836.0,8
AK3GAHRZ6M6WM,rec,30-1,30.0,1000.0,5,59768.89999997616,12944.799999952316,36079.299999952316,23134.5,2
AK3GAHRZ6M6WM,rec,30-1,30.0,1000.0,6,67899.44999992847,22856.799999952316,45042.64999997616,22185.850000023842,3
AK3GAHRZ6M6WM,rec,30-1,30.0,1000.0,7,58115.22499999404,17378.574999958277,34258.27500000596,16879.700000047684,3
AK3GAHRZ6M6WM,rec,30-1,30.0,1000.0,8,63375.39999989669,25458.016666611038,37917.38333328565,12459.366666674614,4
AK3GAHRZ6M6WM,rec,30-1,30.0,1000.0,9,54016.499999960266,16286.96666665872,29593.899999976158,13306.933333317438,4
AK3GAHRZ6M6WM,rec,30-1,30.0,1000.0,10,57943.1249999702,25943.937499940395,31999.187500029802,6055.250000089407,5
AK3GAHRZ6M6WM,rec,30-1,30.0,1000.0,11,72525.44999992847,20099.999999940395,44729.14999997616,24629.150000035763,5
AK3GAHRZ6M6WM,rec,30-1,30.0,1000.0,12,56520.7000002861,35227.800000190735,21292.900000095367,-13934.900000095367,6
AKE4AYF86KJVU,rec,30-1,30.0,1000.0,5,11460.400000035765,2723.5,7734.700000017883,5011.200000017883,2
AKE4AYF86KJVU,rec,30-1,30.0,1000.0,7,14262.599999964237,2303.399999976158,10963.800000011921,8660.400000035763,3
AKE4AYF86KJVU,rec,30-1,30.0,1000.0,9,20562.400000050664,5914.350000023842,12088.250000014901,6173.899999991059,4
AKE4AYF86KJVU,rec,30-1,30.0,1000.0,10,24700.12083330502,8387.520833335817,16312.599999969205,7925.079166633387,5
AKE4AYF86KJVU,rec,30-1,30.0,1000.0,11,32261.239583301667,6947.597916666418,23558.791666636243,16611.193749969825,5
AKE4AYF86KJVU,rec,30-1,30.0,1000.0,12,28149.84000003735,10128.368333378434,18021.47166665892,7893.103333280484,6
AKE4AYF86KJVU,rec,30-1,30.0,1000.0,13,39092.76666673024,7078.266666685541,30399.450000047684,23321.183333362143,6
AKE4AYF86KJVU,rec,30-1,30.0,1000.0,14,33645.141666660704,14587.525000030795,19057.61666662991,4470.091666599114,7
AKE4AYF86KJVU,rec,30-1,30.0,1000.0,15,28349.19999986887,7728.299999952316,19330.29999989271,11601.999999940395,7
AKE4AYF86KJVU,rec,30-1,30.0,1000.0,16,23326.90000000596,9907.500000029802,13419.399999976158,3511.899999946356,8
AKNBC1TE88NDO,rec,30-1,30.0,1000.0,3,10977.866666654745,0.0,5486.833333308498,5486.833333308498,1
AKNBC1TE88NDO,rec,30-1,30.0,1000.0,4,21307.720000024885,12623.53999998793,8684.180000036955,-3939.359999950975,2
AKNBC1TE88NDO,rec,30-1,30.0,1000.0,5,30826.354166640278,5736.979166658595,17942.591666673932,12205.612500015335,2
AKNBC1TE88NDO,rec,30-1,30.0,1000.0,6,38569.10833326603,18609.17499991879,19959.933333347242,1350.7583334284525,3
AKNBC1TE88NDO,rec,30-1,30.0,1000.0,7,36107.33611114158,8855.236111094555,21762.39166670044,12907.155555605888,3
AKNBC1TE88NDO,rec,30-1,30.0,1000.0,8,46189.67500001192,24336.700000047684,21852.974999964237,-2483.7250000834465,4
AKNBC1TE88NDO,rec,30-1,30.0,1000.0,13,63006.5000000298,29929.90000000596,29540.40000000596,-389.5,6
AKX4H8RT7BL7H,rec,30-1,30.0,1000.0,6,20442.49999988079,16336.600000023842,4105.899999856949,-12230.700000166893,3
AKX4H8RT7BL7H,rec,30-1,30.0,1000.0,7,36159.15000003576,2455.300000011921,31328.149999976158,28872.849999964237,3
AKX4H8RT7BL7H,rec,30-1,30.0,1000.0,8,47814.11111108462,12545.911111103165,35268.19999998146,22722.288888878295,4
AKX4H8RT7BL7H,rec,30-1,30.0,1000.0,9,80788.59999984503,5234.25,51751.39999991655,46517.14999991655,4
AKX4H8RT7BL7H,rec,30-1,30.0,1000.0,10,52129.47999995947,20270.10999994278,31859.37000001669,11589.26000007391,5
AKX4H8RT7BL7H,rec,30-1,30.0,1000.0,11,48341.84444448021,10133.150000022519,34229.51111110714,24096.36111108462,5
AKX4H8RT7BL7H,rec,30-1,30.0,1000.0,12,60991.09999984503,20793.349999904633,40197.749999940395,19404.400000035763,6
AKX4H8RT7BL7H,rec,30-1,30.0,1000.0,15,77432.44999986887,15314.24999988079,58254.200000047684,42939.95000016689,7
AKX4H8RT7BL7H,rec,30-1,30.0,1000.0,17,80675.7000001669,15177.799999952316,64292.40000021458,49114.60000026226,8
AOYDGVOZUIHII,prim,30-1,30.0,1000.0,8,40691.199999928474,16141.999999999996,24549.199999928474,8407.199999928478,4
AOYDGVOZUIHII,prim,30-1,30.0,1000.0,9,44604.76666667064,16495.59999994437,21801.033333381016,5305.4333334366465,4
AOYDGVOZUIHII,prim,30-1,30.0,1000.0,10,59972.124999940395,28394.349999934435,31577.77500000596,3183.4250000715247,5
AOYDGVOZUIHII,prim,30-1,30.0,1000.0,11,43332.39999961853,14066.849999904633,24612.099999785423,10545.24999988079,5
AOYDGVOZUIHII,prim,30-1,30.0,1000.0,12,53108.512500047684,24953.625,28154.887500047684,3201.2625000476837,6
AOYDGVOZUIHII,prim,30-1,30.0,1000.0,13,54609.02083340784,21925.96250000596,27770.095833381016,5844.133333375057,6
AOYDGVOZUIHII,prim,30-1,30.0,1000.0,14,53179.24374996871,26049.86041661352,27129.38333335519,1079.5229167416683,7
AOYDGVOZUIHII,prim,30-1,30.0,1000.0,15,59946.6166664958,24944.783333212137,30987.249999900658,6042.466666688521,7
AOYDGVOZUIHII,prim,30-1,30.0,1000.0,16,55892.73333323002,27801.46666663885,28091.266666591167,289.7999999523163,8
AOYDGVOZUIHII,prim,30-1,30.0,1000.0,17,67103.7499999404,30692.050000071526,32561.79999989271,1869.749999821186,8
AOYDGVOZUIHII,prim,30-1,30.0,1000.0,18,59335.60000002384,32927.700000047684,26407.899999976158,-6519.800000071526,9
AP4B1GJIT3HYF,ns,30-1,30.0,1000.0,3,37074.0,0.0,16463.0,16463.0,1
AP4B1GJIT3HYF,ns,30-1,30.0,1000.0,4,32491.75,19395.875,13095.875,-6300.0,2
AP4B1GJIT3HYF,ns,30-1,30.0,1000.0,5,46016.944444444445,7858.444444444444,30433.0,22574.55555555556,2
AP4B1GJIT3HYF,ns,30-1,30.0,1000.0,6,46619.666666666664,24026.916666666668,22592.75,-1434.1666666666667,3
AP4B1GJIT3HYF,ns,30-1,30.0,1000.0,7,52278.0625,15337.770833333332,26497.770833333332,11160.0,3
AP4B1GJIT3HYF,ns,30-1,30.0,1000.0,8,56593.708333333336,32089.75,24503.958333333336,-7585.791666666667,4
AP4B1GJIT3HYF,ns,30-1,30.0,1000.0,9,59032.0,18159.25,35828.25,17669.0,4
AP4B1GJIT3HYF,ns,30-1,30.0,1000.0,10,63287.0,37407.0,25880.0,-11527.0,5
AXFH1DT8PR0K2,prim,30-1,30.0,1000.0,6,14997.60000038147,9264.20000076294,5733.39999961853,-3530.800001144409,3
AXFH1DT8PR0K2,prim,30-1,30.0,1000.0,7,27574.975000858307,10878.60000038147,11095.925000190735,217.3249998092656,3
AXFH1DT8PR0K2,prim,30-1,30.0,1000.0,8,34524.79999907812,19471.749999682106,15053.049999396007,-4418.700000286102,4
AXFH1DT8PR0K2,prim,30-1,30.0,1000.0,10,44070.45000052452,23044.66250038147,21025.78750014305,-2018.8750002384186,5
AXFH1DT8PR0K2,prim,30-1,30.0,1000.0,11,49934.59999847412,19967.39999961853,22118.19999885559,2150.7999992370605,5
AXFH1DT8PR0K2,prim,30-1,30.0,1000.0,12,37130.2000002861,22116.900000095367,15013.300000190735,-7103.599999904633,6
AXFH1DT8PR0K2,prim,30-1,30.0,1000.0,13,40162.300000190735,18288.14999961853,19171.050000190735,882.9000005722046,6
AXFH1DT8PR0K2,prim,30-1,30.0,1000.0,14,48404.2500038147,22857.250002861023,25547.000000953674,2689.7499980926514,7
AXFP50XOZD2NI,rec,30-1,30.0,1000.0,4,28266.333333333332,19459.5,8806.833333333334,-10652.666666666666,2
AXFP50XOZD2NI,rec,30-1,30.0,1000.0,5,30023.5,6438.5,13890.0,7451.5,2
AXFP50XOZD2NI,rec,30-1,30.0,1000.0,6,26231.666666666668,13651.38888888889,12580.27777777778,-1071.111111111111,3
AXFP50XOZD2NI,rec,30-1,30.0,1000.0,7,28250.375,7792.75,15715.75,7923.0,3
AXFP50XOZD2NI,rec,30-1,30.0,1000.0,8,36039.2625,20017.775,16021.4875,-3996.2875,4
AXFP50XOZD2NI,rec,30-1,30.0,1000.0,9,38545.291666666664,15189.166666666668,19735.041666666668,4545.875,4
AXFP50XOZD2NI,rec,30-1,30.0,1000.0,10,45110.5,21311.5,23799.0,2487.5,5
AXFP50XOZD2NI,rec,30-1,30.0,1000.0,11,54030.0,21186.0,27346.0,6160.0,5
A12LX24NC3FP2U,ns,20-2,20.0,2000.0,4,35097.7499999851,20038.14999999106,15059.59999999404,-4978.54999999702,2
A12LX24NC3FP2U,ns,20-2,20.0,2000.0,5,46767.60000000149,14575.29999999702,22521.14999999851,7945.85000000149,2
A12LX24NC3FP2U,ns,20-2,20.0,2000.0,6,44635.074999999255,24104.424999998882,20530.650000000373,-3573.77499999851,3
A12LX24NC3FP2U,ns,20-2,20.0,2000.0,7,45991.875000003725,14883.19999999553,21959.575000006706,7076.375000011176,3
A12LX24NC3FP2U,ns,20-2,20.0,2000.0,8,57317.45000001788,33904.25000000745,23413.20000001043,-10491.04999999702,4
A12LX24NC3FP2U,ns,20-2,20.0,2000.0,9,65232.324999991804,17582.35000000149,30243.549999993294,12661.199999991804,4
A12LX24NC3FP2U,ns,20-2,20.0,2000.0,10,63603.175000008196,34419.450000006706,29183.72500000149,-5235.725000005215,5
A161VPQSXLLV8U,ns,20-2,20.0,2000.0,7,42883.39999999991,14822.899999999909,16045.5,1222.6000000000913,3
A161VPQSXLLV8U,ns,20-2,20.0,2000.0,8,65243.833333367016,23874.333333355065,41369.500000011954,17495.16666665689,4
A161VPQSXLLV8U,ns,20-2,20.0,2000.0,9,55324.70000000298,9633.70000000298,39167.09999999404,29533.39999999106,4
A161VPQSXLLV8U,ns,20-2,20.0,2000.0,10,65886.74999999825,31707.225000004226,34179.52499999403,2472.299999989802,5
A161VPQSXLLV8U,ns,20-2,20.0,2000.0,11,77820.19999999925,44061.22499999404,29900.625,-14160.59999999404,5
A161VPQSXLLV8U,ns,20-2,20.0,2000.0,12,71082.42222221263,36529.97222221498,34552.44999999765,-1977.5222222173277,6
A161VPQSXLLV8U,ns,20-2,20.0,2000.0,13,70309.2500000021,25116.59999999999,38859.48611111212,13742.88611111213,6
A161VPQSXLLV8U,ns,20-2,20.0,2000.0,14,69765.40222221032,38490.99111109903,31274.41111111129,-7216.579999987739,7
A161VPQSXLLV8U,ns,20-2,20.0,2000.0,15,70177.26666667934,30480.266666665517,35197.50000001319,4717.233333347675,7
A161VPQSXLLV8U,ns,20-2,20.0,2000.0,16,71412.00000000116,35465.000000000466,35947.0000000007,482.00000000023283,8
A161VPQSXLLV8U,ns,20-2,20.0,2000.0,17,76517.10000002664,30319.44999999972,38809.250000035856,8489.800000036135,8
A166P9BSWIFF32,prim,20-2,20.0,2000.0,6,35129.0,21855.0,13274.0,-8581.0,3
A166P9BSWIFF32,prim,20-2,20.0,2000.0,8,28051.0,17472.5,10578.5,-6894.0,4
A166P9BSWIFF32,prim,20-2,20.0,2000.0,9,24238.0,10458.5,9986.0,-472.5,4
A166P9BSWIFF32,prim,20-2,20.0,2000.0,10,45527.33333333333,28104.583333333336,17422.75,-10681.833333333334,5
A166P9BSWIFF32,prim,20-2,20.0,2000.0,11,44980.46666666667,17293.3,22476.666666666664,5183.366666666667,5
A166P9BSWIFF32,prim,20-2,20.0,2000.0,13,36173.5,13036.5,20733.5,7697.0,6
A166P9BSWIFF32,prim,20-2,20.0,2000.0,14,59595.0,26555.0,33040.0,6485.0,7
A17IPELR5NC2LZ,prim,20-2,20.0,2000.0,3,13253.0,0.0,8712.0,8712.0,1
A17IPELR5NC2LZ,prim,20-2,20.0,2000.0,4,37778.33333333333,24411.0,13367.333333333334,-11043.666666666666,2
A17IPELR5NC2LZ,prim,20-2,20.0,2000.0,5,44054.25,9171.0,24316.25,15145.25,2
A17IPELR5NC2LZ,prim,20-2,20.0,2000.0,6,53557.0,31732.0,21825.0,-9907.0,3
A17IPELR5NC2LZ,prim,20-2,20.0,2000.0,7,48502.5,19251.666666666668,20693.666666666668,1442.0,3
A17IPELR5NC2LZ,prim,20-2,20.0,2000.0,8,45083.33333333333,21887.666666666664,23195.666666666664,1308.0,4
A17IPELR5NC2LZ,prim,20-2,20.0,2000.0,9,44764.66666666667,16016.333333333334,21595.166666666664,5578.833333333333,4
A17IPELR5NC2LZ,prim,20-2,20.0,2000.0,10,49395.5,25047.5,24348.0,-699.5,5
A17IPELR5NC2LZ,prim,20-2,20.0,2000.0,11,54953.0,29207.0,22652.333333333332,-6554.666666666667,5
A17IPELR5NC2LZ,prim,20-2,20.0,2000.0,12,67448.0,26719.0,40729.0,14010.0,6
A17IPELR5NC2LZ,prim,20-2,20.0,2000.0,13,51727.0,19632.25,27272.5,7640.25,6
A17IPELR5NC2LZ,prim,20-2,20.0,2000.0,14,69709.0,33004.0,36705.0,3701.0,7
A17IPELR5NC2LZ,prim,20-2,20.0,2000.0,15,64503.0,24258.0,36059.0,11801.0,7
A17TMQWTCJVOV5,rec,20-2,20.0,2000.0,5,30853.0,5108.0,18352.0,13244.0,2
A17TMQWTCJVOV5,rec,20-2,20.0,2000.0,6,25222.75,14520.5,10702.25,-3818.25,3
A17TMQWTCJVOV5,rec,20-2,20.0,2000.0,7,32262.916666666664,11991.5,15060.25,3068.75,3
A17TMQWTCJVOV5,rec,20-2,20.0,2000.0,8,30461.7,17019.75,13441.95,-3577.8,4
A17TMQWTCJVOV5,rec,20-2,20.0,2000.0,9,31870.575,11275.5625,17049.3125,5773.75,4
A17TMQWTCJVOV5,rec,20-2,20.0,2000.0,10,34868.72222222222,18232.833333333332,16635.888888888887,-1596.9444444444443,5
A17TMQWTCJVOV5,rec,20-2,20.0,2000.0,11,49074.75,18554.0,26010.25,7456.25,5
A17TMQWTCJVOV5,rec,20-2,20.0,2000.0,12,46653.0,25443.0,21210.0,-4233.0,6
A1CB9NR3SN4VMY,prim,20-2,20.0,2000.0,5,32418.39999999851,17971.799999998882,12436.299999998882,-5535.5,2
A1CB9NR3SN4VMY,prim,20-2,20.0,2000.0,7,35112.09999997169,11919.94999999553,19880.799999974668,7960.849999979138,3
A1CB9NR3SN4VMY,prim,20-2,20.0,2000.0,8,39236.400000333786,29822.700000286102,9413.700000047684,-20409.00000023842,4
A1CB9NR3SN4VMY,prim,20-2,20.0,2000.0,9,42040.55000002496,16815.35000000894,20464.04999998957,3648.6999999806285,4
A1CB9NR3SN4VMY,prim,20-2,20.0,2000.0,10,37037.750000178814,20417.7333333691,16620.016666809715,-3797.716666559378,5
A1CB9NR3SN4VMY,prim,20-2,20.0,2000.0,11,46886.633333306345,15130.466666663893,27137.294444421615,12006.827777757724,5
A1CB9NR3SN4VMY,prim,20-2,20.0,2000.0,12,49848.36944441994,25694.783333324725,24153.58611109522,-1541.1972222295071,6
A1CB9NR3SN4VMY,prim,20-2,20.0,2000.0,13,48606.91944441199,19056.783333302166,25437.62500001428,6380.8416667121155,6
A1CB9NR3SN4VMY,prim,20-2,20.0,2000.0,14,55308.82222220406,28723.13333332166,26585.68888888239,-2137.4444444392707,7
A1CB9NR3SN4VMY,prim,20-2,20.0,2000.0,15,59130.89999999851,22450.799999998882,33321.59999999963,10870.800000000745,7
A1FM638CHGPC1M,ns,20-2,20.0,2000.0,5,12394.600000023842,4248.100000023842,4999.200000047684,751.1000000238419,2
A1FM638CHGPC1M,ns,20-2,20.0,2000.0,6,45589.20000001788,27103.100000023842,18486.09999999404,-8617.000000029802,3
A1FM638CHGPC1M,ns,20-2,20.0,2000.0,7,55955.89999997616,34179.699999928474,18597.700000047684,-15581.99999988079,3
A1FM638CHGPC1M,ns,20-2,20.0,2000.0,8,60889.40000003576,39831.34999999404,21058.050000041723,-18773.299999952316,4
A1FM638CHGPC1M,ns,20-2,20.0,2000.0,9,42842.87499990221,18370.174999979325,21081.712499919813,2711.537499940488,4
A1FM638CHGPC1M,ns,20-2,20.0,2000.0,10,44477.601249983534,23266.501249972218,21211.100000011316,-2055.401249960903,5
A1FM638CHGPC1M,ns,20-2,20.0,2000.0,11,47526.30000003841,16857.311111137893,26044.14444446005,9186.833333322158,5
A1FM638CHGPC1M,ns,20-2,20.0,2000.0,12,43460.50000011921,23357.55000013113,20102.94999998808,-3254.600000143051,6
A1FM638CHGPC1M,ns,20-2,20.0,2000.0,13,61782.40000005687,25917.499999980133,31431.433333421748,5513.933333441615,6
A1FM638CHGPC1M,ns,20-2,20.0,2000.0,14,58512.500000059605,33654.42500001192,24858.075000047684,-8796.349999964237,7
A1FM638CHGPC1M,ns,20-2,20.0,2000.0,16,55215.60000026226,24824.00000011921,30391.60000014305,5567.600000023842,8
A1HENLDLQEO5BZ,prim,20-2,20.0,2000.0,10,37363.70000076294,27585.300000190735,9778.400000572205,-17806.89999961853,5
A1HENLDLQEO5BZ,prim,20-2,20.0,2000.0,11,35489.699999809265,15397.299999833107,14720.5,-676.799999833107,5
A1HENLDLQEO5BZ,prim,20-2,20.0,2000.0,12,46111.09999990463,21521.599999904633,24589.5,3067.9000000953674,6
A1HENLDLQEO5BZ,prim,20-2,20.0,2000.0,13,43687.85000014305,17442.849999845028,21694.475000202656,4251.625000357628,6
A1HENLDLQEO5BZ,prim,20-2,20.0,2000.0,14,43953.5,24612.918749809265,19340.581250190735,-5272.33749961853,7
A1HENLDLQEO5BZ,prim,20-2,20.0,2000.0,15,49853.918750077486,18885.012500166893,26871.75624999404,7986.7437498271465,7
A1HENLDLQEO5BZ,prim,20-2,20.0,2000.0,16,51656.00555560324,30153.905555499925,21502.100000103314,-8651.80555539661,8
A1HENLDLQEO5BZ,prim,20-2,20.0,2000.0,17,50582.291666944824,21652.60833354791,26018.61666673422,4366.008333186309,8
A1HENLDLQEO5BZ,prim,20-2,20.0,2000.0,18,48948.199999809265,25643.624999940395,23304.57499986887,-2339.0500000715256,9
A1HENLDLQEO5BZ,prim,20-2,20.0,2000.0,19,51617.700000445046,21943.833333333332,26741.01666712761,4797.183333794276,9
A1J39RAV7TKEMF,ns,20-2,20.0,2000.0,3,18993.23333330949,0.0,5837.949999968211,5837.949999968211,1
A1J39RAV7TKEMF,ns,20-2,20.0,2000.0,4,33223.34999984503,25113.849999845028,8109.499999999998,-17004.34999984503,2
A1J39RAV7TKEMF,ns,20-2,20.0,2000.0,5,39562.46666673819,8078.916666785876,23258.900000015896,15179.983333230019,2
A1J39RAV7TKEMF,ns,20-2,20.0,2000.0,6,26464.516666928925,16148.833333452543,10315.683333476383,-5833.149999976158,3
A1J39RAV7TKEMF,ns,20-2,20.0,2000.0,7,43144.70000016689,11446.199999928474,24284.550000190735,12838.35000026226,3
A1J39RAV7TKEMF,ns,20-2,20.0,2000.0,8,42292.950000047684,24162.849999904633,18130.10000014305,-6032.749999761581,4
A1J39RAV7TKEMF,ns,20-2,20.0,2000.0,9,57068.63333320618,26635.96666653951,25514.43333339691,-1121.5333331425984,4
A1JL3HCA0MK9UI,prim,20-2,20.0,2000.0,3,26490.172222243415,0.0,11033.627777470481,11033.627777470481,1
A1JL3HCA0MK9UI,prim,20-2,20.0,2000.0,4,37369.75416676204,23850.720833420753,13519.03333334128,-10331.687500079472,2
A1JL3HCA0MK9UI,prim,20-2,20.0,2000.0,5,32491.527777777777,7613.64444425371,17116.31111150318,9502.666667249467,2
A1JL3HCA0MK9UI,prim,20-2,20.0,2000.0,6,34509.6812505126,19102.356250226498,15407.325000286102,-3695.0312499403954,3
A1JL3HCA0MK9UI,prim,20-2,20.0,2000.0,7,37842.80833347639,15781.250000238419,16761.041666825615,979.7916665871944,3
A1JL3HCA0MK9UI,prim,20-2,20.0,2000.0,8,44248.627777311536,28121.505555576747,16127.122221734788,-11994.383333841959,4
A1JL3HCA0MK9UI,prim,20-2,20.0,2000.0,9,65867.70000076294,20465.900000572205,39459.400000572205,18993.5,4
A1JL3HCA0MK9UI,prim,20-2,20.0,2000.0,10,64451.89999771118,29106.299998283386,35345.599999427795,6239.300001144409,5
A1L5A88C9PPK5L,prim,20-2,20.0,2000.0,9,68746.75,26517.25,36471.5,9954.25,4
A1L5A88C9PPK5L,prim,20-2,20.0,2000.0,10,68698.25,39328.75,29369.5,-9959.25,5
A1L5A88C9PPK5L,prim,20-2,20.0,2000.0,11,68041.5,31277.0,32280.25,1003.25,5
A1L5A88C9PPK5L,prim,20-2,20.0,2000.0,12,70086.83333333333,33212.5,36874.333333333336,3661.8333333333335,6
A1L5A88C9PPK5L,prim,20-2,20.0,2000.0,13,69607.5,33107.5,31373.25,-1734.25,6
A1L5A88C9PPK5L,prim,20-2,20.0,2000.0,14,61635.0,32005.5,29629.5,-2376.0,7
A1L5A88C9PPK5L,prim,20-2,20.0,2000.0,15,73733.5,35420.5,35457.0,36.5,7
A1L5A88C9PPK5L,prim,20-2,20.0,2000.0,16,73240.0,41804.0,31436.0,-10368.0,8
A1LA6CIGBNDOH9,rec,20-2,20.0,2000.0,5,38083.80000000168,3074.2000000001863,24735.50000000093,21661.300000000745,2
A1LA6CIGBNDOH9,rec,20-2,20.0,2000.0,6,36265.16666666915,6666.2166666686535,29598.950000000495,22932.733333331842,3
A1LA6CIGBNDOH9,rec,20-2,20.0,2000.0,7,32470.799999999814,4934.483333332464,25416.53333333414,20482.050000001676,3
A1LA6CIGBNDOH9,rec,20-2,20.0,2000.0,8,35929.349999997605,9238.533333330106,26690.816666667502,17452.2833333374,4
A1LA6CIGBNDOH9,rec,20-2,20.0,2000.0,9,35817.80000000168,6392.975000000636,26093.958333334962,19700.983333334327,4
A1LA6CIGBNDOH9,rec,20-2,20.0,2000.0,10,38677.75333333239,10158.013333332725,28519.739999999667,18361.726666666942,5
A1LA6CIGBNDOH9,rec,20-2,20.0,2000.0,11,44805.37500000093,10654.050000001056,32248.96666666803,21594.916666666977,5
A1LA6CIGBNDOH9,rec,20-2,20.0,2000.0,12,46340.09999999404,20351.199999993667,25988.900000000373,5637.7000000067055,6
A1MD74JPL7E9PK,prim,20-2,20.0,2000.0,6,40432.10000038147,28681.800000190735,11750.300000190735,-16931.5,3
A1MD74JPL7E9PK,prim,20-2,20.0,2000.0,7,53848.21666646004,16166.649999856949,28473.25,12306.600000143051,3
A1MD74JPL7E9PK,prim,20-2,20.0,2000.0,8,42877.56666612625,20238.23333311081,22639.333333015442,2401.0999999046326,4
A1MD74JPL7E9PK,prim,20-2,20.0,2000.0,9,52536.350000209284,16898.716666857403,28080.48333344195,11181.766666584545,4
A1MD74JPL7E9PK,prim,20-2,20.0,2000.0,10,53625.091666698456,25840.416666706402,27784.674999992054,1944.258333285649,5
A1MD74JPL7E9PK,prim,20-2,20.0,2000.0,11,55441.516666968666,20464.566666762035,29450.366666873295,8985.800000111261,5
A1MD74JPL7E9PK,prim,20-2,20.0,2000.0,12,63487.300000190735,38098.700000047684,25388.60000014305,-12710.099999904633,6
A1MD74JPL7E9PK,prim,20-2,20.0,2000.0,13,50113.300000190735,19647.199999809265,27193.500000476837,7546.300000667572,6
A1O0K8V58YRL4A,ns,20-2,20.0,2000.0,3,19647.166666666664,0.0,8224.5,8224.5,1
A1O0K8V58YRL4A,ns,20-2,20.0,2000.0,4,14844.333333333334,9870.5,4973.833333333333,-4896.666666666667,2
A1O0K8V58YRL4A,ns,20-2,20.0,2000.0,5,24403.833333333332,6229.722222222223,12562.388888888889,6332.666666666667,2
A1O0K8V58YRL4A,ns,20-2,20.0,2000.0,6,34605.222222222226,20486.36111111111,14118.861111111111,-6367.5,3
A1O0K8V58YRL4A,ns,20-2,20.0,2000.0,7,33572.166666666664,10570.5,16271.5,5701.0,3
A1O0K8V58YRL4A,ns,20-2,20.0,2000.0,8,55163.0,25988.0,29175.0,3187.0,4
A1O0K8V58YRL4A,ns,20-2,20.0,2000.0,9,46118.0,12165.0,25996.5,13831.5,4
A1PTX4IB9R34LI,rec,20-2,20.0,2000.0,3,7724.0,0.0,3036.6666666666665,3036.6666666666665,1
A1PTX4IB9R34LI,rec,20-2,20.0,2000.0,4,11503.520833333332,6503.479166666666,5000.041666666666,-1503.4375,2
A1PTX4IB9R34LI,rec,20-2,20.0,2000.0,5,16785.416666666668,2402.4791666666665,10150.620833333334,7748.141666666666,2
A1PTX4IB9R34LI,rec,20-2,20.0,2000.0,6,19520.666666666664,9258.520833333334,10262.145833333334,1003.625,3
A1S2EXYEG5I8HW,rec,20-2,20.0,2000.0,3,4014.0,0.0,1651.0,1651.0,1
A1S2EXYEG5I8HW,rec,20-2,20.0,2000.0,4,6544.0,4184.0,2360.0,-1824.0,2
A1S2EXYEG5I8HW,rec,20-2,20.0,2000.0,5,18241.5,2579.0,12515.25,9936.25,2
A1S2EXYEG5I8HW,rec,20-2,20.0,2000.0,6,30605.0,11259.75,19345.25,8085.5,3
A1S2EXYEG5I8HW,rec,20-2,20.0,2000.0,7,14686.0,3625.0,8734.0,5109.0,3
A1S2EXYEG5I8HW,rec,20-2,20.0,2000.0,8,30169.5,9305.0,20864.5,11559.5,4
A1S2EXYEG5I8HW,rec,20-2,20.0,2000.0,9,26414.0,7807.5,16370.75,8563.25,4
A1S2EXYEG5I8HW,rec,20-2,20.0,2000.0,10,35390.0,15933.0,19457.0,3524.0,5
A1S2EXYEG5I8HW,rec,20-2,20.0,2000.0,11,37658.0,9435.0,25876.5,16441.5,5
A1S2EXYEG5I8HW,rec,20-2,20.0,2000.0,13,39597.0,13253.333333333332,23942.666666666664,10689.333333333332,6
A1S2EXYEG5I8HW,rec,20-2,20.0,2000.0,14,44760.0,18536.0,26224.0,7688.0,7
A1S2EXYEG5I8HW,rec,20-2,20.0,2000.0,15,38372.25,11567.75,24292.5,12724.75,7
A1S2EXYEG5I8HW,rec,20-2,20.0,2000.0,16,68903.33333333333,25403.333333333332,43500.0,18096.666666666668,8
A1S2EXYEG5I8HW,rec,20-2,20.0,2000.0,17,49960.0,13555.0,29517.0,15962.0,8
A1SJLXB0XFCJ97,prim,20-2,20.0,2000.0,3,14948.041666651765,0.0,10709.208333313465,10709.208333313465,1
A1SJLXB0XFCJ97,prim,20-2,20.0,2000.0,4,20510.537499997765,12379.737499991432,8130.800000006333,-4248.937499985099,2
A1SJLXB0XFCJ97,prim,20-2,20.0,2000.0,5,22528.633333340287,4885.9666666686535,12053.466666668653,7167.5,2
A1SJLXB0XFCJ97,prim,20-2,20.0,2000.0,7,32380.599999964237,15567.599999964237,11573.599999964237,-3994.0,3
A1SJLXB0XFCJ97,prim,20-2,20.0,2000.0,10,46380.45000005762,23621.033333351217,22759.416666706406,-861.6166666448116,5
A1SJLXB0XFCJ97,prim,20-2,20.0,2000.0,11,43445.14000000954,15695.620000004768,24382.499999991058,8686.879999986291,5
A1SJLXB0XFCJ97,prim,20-2,20.0,2000.0,13,53931.1900000155,21585.964999967815,29474.070000049473,7888.1050000816585,6
A1SJLXB0XFCJ97,prim,20-2,20.0,2000.0,14,45762.04999989271,26286.324999958277,19475.724999934435,-6810.600000023842,7
A1SJLXB0XFCJ97,prim,20-2,20.0,2000.0,15,44565.40000003576,17357.69999998808,24997.400000035763,7639.700000047684,7
A1SJLXB0XFCJ97,prim,20-2,20.0,2000.0,16,57653.80000001192,34998.90000003576,22654.899999976158,-12344.000000059605,8
A1SJLXB0XFCJ97,prim,20-2,20.0,2000.0,18,54812.800000071526,29349.80000001192,25463.000000059605,-3886.7999999523163,9
A1TPGXT718D68E,rec,20-2,20.0,2000.0,4,14716.350000023842,7174.425000026822,7541.92499999702,367.4999999701977,2
A1TPGXT718D68E,rec,20-2,20.0,2000.0,5,14378.437499988824,2494.712500012014,8382.31249997951,5887.599999967497,2
A1TPGXT718D68E,rec,20-2,20.0,2000.0,6,24182.999999942258,12640.162499974482,11542.837499967776,-1097.3250000067055,3
A1TPGXT718D68E,rec,20-2,20.0,2000.0,7,50978.33124996303,7643.743749980349,37947.481249999255,30303.737500018906,3
A1TPGXT718D68E,rec,20-2,20.0,2000.0,8,47661.70000003589,11977.11111111918,35684.5888889167,23707.47777779752,4
A1TPGXT718D68E,rec,20-2,20.0,2000.0,9,49299.455555549095,11389.24444443029,33729.591666677756,22340.34722224747,4
A1TPGXT718D68E,rec,20-2,20.0,2000.0,10,37214.19999998808,12156.90000000596,25057.29999998212,12900.399999976158,5
A1TPGXT718D68E,rec,20-2,20.0,2000.0,11,57598.69999999553,21868.399999996647,33177.0,11308.600000003353,5
A1TPGXT718D68E,rec,20-2,20.0,2000.0,14,71039.45000000019,20841.85000000149,50197.599999998696,29355.749999997206,7
A1TVWMWE03AWAW,rec,20-2,20.0,2000.0,3,20039.25,0.0,8820.75,8820.75,1
A1TVWMWE03AWAW,rec,20-2,20.0,2000.0,4,35390.666666666664,22003.333333333332,13387.333333333334,-8616.0,2
A1TVWMWE03AWAW,rec,20-2,20.0,2000.0,5,40210.799999999996,6235.066666666667,19050.100000000002,12815.033333333333,2
A1TVWMWE03AWAW,rec,20-2,20.0,2000.0,6,42348.91666666667,24930.166666666664,17418.75,-7511.416666666667,3
A1TVWMWE03AWAW,rec,20-2,20.0,2000.0,7,46928.0,16910.5,25729.0,8818.5,3
A1TVWMWE03AWAW,rec,20-2,20.0,2000.0,9,69621.5,16536.5,48984.5,32448.0,4
A1TVWMWE03AWAW,rec,20-2,20.0,2000.0,10,55943.0,31341.0,24602.0,-6739.0,5
A1TVWMWE03AWAW,rec,20-2,20.0,2000.0,11,58807.75,25240.75,26351.0,1110.25,5
A1TVWMWE03AWAW,rec,20-2,20.0,2000.0,12,68985.0,37052.5,31932.5,-5120.0,6
A1TVWMWE03AWAW,rec,20-2,20.0,2000.0,13,52993.0,21017.0,27606.0,6589.0,6
A1TVWMWE03AWAW,rec,20-2,20.0,2000.0,14,66882.0,40015.0,26867.0,-13148.0,7
A1VEOI1H4AE1T3,prim,20-2,20.0,2000.0,9,62121.70000000298,16357.89999999106,41426.10000000894,25068.20000001788,4
A1VEOI1H4AE1T3,prim,20-2,20.0,2000.0,11,57023.80000002682,18518.25,35635.45000001788,17117.20000001788,5
A1VEOI1H4AE1T3,prim,20-2,20.0,2000.0,12,69289.5000000596,43383.200000077486,25906.29999998212,-17476.900000095367,6
A1VEOI1H4AE1T3,prim,20-2,20.0,2000.0,13,63384.149999931455,24339.649999961257,30030.549999972183,5690.900000010927,6
A1VEOI1H4AE1T3,prim,20-2,20.0,2000.0,14,67621.6000000108,34137.81250000931,33483.78750000149,-654.0250000078231,7
A1VEOI1H4AE1T3,prim,20-2,20.0,2000.0,15,69845.20555556152,26412.319444447756,38320.60833333847,11908.288888890711,7
A1VEOI1H4AE1T3,prim,20-2,20.0,2000.0,16,64596.71250000596,33260.787500005215,31335.925000000745,-1924.8625000044703,8
A1VEOI1H4AE1T3,prim,20-2,20.0,2000.0,17,70278.3866666827,29792.495555568898,35424.23666666779,5631.741111098893,8
A1VEOI1H4AE1T3,prim,20-2,20.0,2000.0,18,68799.29999998212,36327.27499996498,32472.025000017136,-3855.249999947846,9
A1VEOI1H4AE1T3,prim,20-2,20.0,2000.0,19,65719.95000000298,26943.37500000745,35334.29999999702,8390.92499998957,9
A1WT2CM71Z9MP3,prim,20-2,20.0,2000.0,5,58007.0,24392.0,29480.0,5088.0,2
A1WT2CM71Z9MP3,prim,20-2,20.0,2000.0,6,42616.75,18830.25,23786.5,4956.25,3
A1WT2CM71Z9MP3,prim,20-2,20.0,2000.0,7,61609.25,10858.75,38958.5,28099.75,3
A1WT2CM71Z9MP3,prim,20-2,20.0,2000.0,8,65307.5,47378.0,17929.5,-29448.5,4
A1WT2CM71Z9MP3,prim,20-2,20.0,2000.0,9,64353.083333333336,22291.25,36468.916666666664,14177.666666666666,4
A1WT2CM71Z9MP3,prim,20-2,20.0,2000.0,10,64546.125,37572.75,26973.375,-10599.375,5
A1WT2CM71Z9MP3,prim,20-2,20.0,2000.0,11,67044.875,24140.5,34165.604166666664,10025.104166666666,5
A1WT2CM71Z9MP3,prim,20-2,20.0,2000.0,12,64488.222222222226,36293.0,28195.22222222222,-8097.777777777778,6
A1WT2CM71Z9MP3,prim,20-2,20.0,2000.0,13,74673.33333333334,26850.666666666664,44279.58333333333,17428.916666666668,6
A1WT2CM71Z9MP3,prim,20-2,20.0,2000.0,14,69809.66666666667,40798.0,29011.666666666668,-11786.333333333334,7
A20YXCVKHSTSPC,prim,20-2,20.0,2000.0,13,74186.0,18155.0,32857.0,14702.0,6
A20YXCVKHSTSPC,prim,20-2,20.0,2000.0,14,68712.0,34245.75,34466.25,220.5,7
A20YXCVKHSTSPC,prim,20-2,20.0,2000.0,15,71297.33333333334,23174.5,44285.33333333333,21110.833333333332,7
A20YXCVKHSTSPC,prim,20-2,20.0,2000.0,16,68943.5,37587.66666666667,31355.833333333332,-6231.833333333334,8
A20YXCVKHSTSPC,prim,20-2,20.0,2000.0,17,76351.0,30734.0,39500.25,8766.25,8
A20YXCVKHSTSPC,prim,20-2,20.0,2000.0,18,72626.25,37567.0,35059.25,-2507.75,9
A20YXCVKHSTSPC,prim,20-2,20.0,2000.0,19,73969.0,31411.0,38239.0,6828.0,9
A2147HO7VBGJCU,prim,20-2,20.0,2000.0,3,35152.0,0.0,19785.0,19785.0,1
A2147HO7VBGJCU,prim,20-2,20.0,2000.0,5,50159.666666666664,15443.666666666666,22675.333333333332,7231.666666666667,2
A2147HO7VBGJCU,prim,20-2,20.0,2000.0,6,36619.0,21409.5,15209.5,-6200.0,3
A2147HO7VBGJCU,prim,20-2,20.0,2000.0,7,40424.5,8033.0,29024.5,20991.5,3
A2147HO7VBGJCU,prim,20-2,20.0,2000.0,8,38195.25,20260.0,17935.25,-2324.75,4
A2147HO7VBGJCU,prim,20-2,20.0,2000.0,9,58450.5,26545.5,23591.5,-2954.0,4
A2147HO7VBGJCU,prim,20-2,20.0,2000.0,10,44500.6,24104.7,20395.9,-3708.8,5
A2147HO7VBGJCU,prim,20-2,20.0,2000.0,12,45860.0,28311.5,17548.5,-10763.0,6
A2147HO7VBGJCU,prim,20-2,20.0,2000.0,13,36865.0,15104.0,18097.0,2993.0,6
A2147HO7VBGJCU,prim,20-2,20.0,2000.0,16,57336.0,33212.0,24124.0,-9088.0,8
A248QG4DPULP46,ns,20-2,20.0,2000.0,3,5402.349999979138,0.0,2780.925000011921,2780.925000011921,1
A248QG4DPULP46,ns,20-2,20.0,2000.0,4,15741.216666638851,7363.316666672627,8377.899999966225,1014.5833332935969,2
A248QG4DPULP46,ns,20-2,20.0,2000.0,5,16864.075000012916,2950.758333350221,10432.366666644812,7481.60833329459,2
A248QG4DPULP46,ns,20-2,20.0,2000.0,6,18930.900000000995,9336.441666657725,9594.458333343267,258.01666668554145,3
A248QG4DPULP46,ns,20-2,20.0,2000.0,7,26865.560833393534,6851.0733333617445,16887.190000023445,10036.1166666617,3
A248QG4DPULP46,ns,20-2,20.0,2000.0,8,38608.54999998212,19014.46666665872,19594.083333323397,579.6166666646798,4
A248QG4DPULP46,ns,20-2,20.0,2000.0,9,29545.89999988675,7799.799999922514,18952.899999976158,11153.100000053644,4
A25S9Y5DZ9OR16,prim,20-2,20.0,2000.0,3,11926.0,0.0,9753.0,9753.0,1
A25S9Y5DZ9OR16,prim,20-2,20.0,2000.0,4,16690.0,11100.0,5590.0,-5510.0,2
A25S9Y5DZ9OR16,prim,20-2,20.0,2000.0,5,21298.1875,4567.5625,7225.0,2657.4375,2
A25S9Y5DZ9OR16,prim,20-2,20.0,2000.0,6,16112.3125,9342.916666666666,6769.395833333333,-2573.5208333333335,3
A25S9Y5DZ9OR16,prim,20-2,20.0,2000.0,7,16743.125,5359.625,7952.2,2592.575,3
A25S9Y5DZ9OR16,prim,20-2,20.0,2000.0,8,13461.5,8068.5,5393.0,-2675.5,4
A25S9Y5DZ9OR16,prim,20-2,20.0,2000.0,10,21716.5,12395.5,9321.0,-3074.5,5
A25S9Y5DZ9OR16,prim,20-2,20.0,2000.0,11,36696.0,18751.0,11902.0,-6849.0,5
A25VK411P03A5T,rec,20-2,20.0,2000.0,10,51420.0,29114.5,22305.5,-6809.0,5
A25VK411P03A5T,rec,20-2,20.0,2000.0,11,54082.5,22091.5,27272.0,5180.5,5
A25VK411P03A5T,rec,20-2,20.0,2000.0,12,55504.666666666664,25238.333333333332,30266.333333333332,5028.0,6
A25VK411P03A5T,rec,20-2,20.0,2000.0,13,62763.94444444444,23992.722222222223,32129.333333333332,8136.611111111112,6
A25VK411P03A5T,rec,20-2,20.0,2000.0,14,61525.5,30516.75,31008.75,492.0,7
A25VK411P03A5T,rec,20-2,20.0,2000.0,15,59191.875,24569.708333333332,31513.208333333336,6943.5,7
A25VK411P03A5T,rec,20-2,20.0,2000.0,16,65995.08333333334,31890.416666666664,34104.66666666667,2214.25,8
A25VK411P03A5T,rec,20-2,20.0,2000.0,17,59068.875,26422.875,28477.75,2054.875,8
A25VK411P03A5T,rec,20-2,20.0,2000.0,18,63887.333333333336,32616.833333333332,31270.5,-1346.3333333333333,9
A289D98Z4GAZ28,prim,20-2,20.0,2000.0,4,11684.89999999851,8489.10000000149,3195.7999999970198,-5293.30000000447,2
A289D98Z4GAZ28,prim,20-2,20.0,2000.0,5,20745.92500000447,4456.350000000559,11822.425000003539,7366.07500000298,2
A289D98Z4GAZ28,prim,20-2,20.0,2000.0,6,30335.391666667743,16525.65833333383,13809.733333333912,-2715.9249999999174,3
A289D98Z4GAZ28,prim,20-2,20.0,2000.0,7,30532.60446428682,11798.348214285958,14494.064880952028,2695.71666666607,3
A289D98Z4GAZ28,prim,20-2,20.0,2000.0,8,36629.05,19363.91000000164,17265.139999998362,-2098.7700000032783,4
A2BTEQA95MCIHU,prim,20-2,20.0,2000.0,3,27171.566667079926,0.0,14093.183333396912,14093.183333396912,1
A2BTEQA95MCIHU,prim,20-2,20.0,2000.0,4,40367.86666711171,22550.466666976612,17817.400000135105,-4733.066666841507,2
A2BTEQA95MCIHU,prim,20-2,20.0,2000.0,5,43268.683333555855,10608.34999982516,25533.758333683014,14925.408333857855,2
A2BTEQA95MCIHU,prim,20-2,20.0,2000.0,6,49113.125000198685,24776.004166642826,24337.12083355586,-438.88333308696747,3
A2BTEQA95MCIHU,prim,20-2,20.0,2000.0,7,47561.900000333786,13623.85000038147,18778.325000047684,5154.474999666214,3
A2BTEQA95MCIHU,prim,20-2,20.0,2000.0,8,56773.91250002384,37210.7625002861,19563.14999973774,-17647.612500548363,4
A2E8PL8ZWIZVJ0,prim,20-2,20.0,2000.0,7,40803.400000572205,7884.800000190735,28885.10000038147,21000.300000190735,3
A2E8PL8ZWIZVJ0,prim,20-2,20.0,2000.0,8,57815.20833349228,28304.10416654746,29511.10416694482,1207.0000003973644,4
A2E8PL8ZWIZVJ0,prim,20-2,20.0,2000.0,9,50051.81666660309,21147.561110443537,18964.51111157735,-2183.0499988661873,4
A2E8PL8ZWIZVJ0,prim,20-2,20.0,2000.0,10,58135.18333307902,31534.416665951412,26600.76666712761,-4933.649998823802,5
A2E8PL8ZWIZVJ0,prim,20-2,20.0,2000.0,11,60126.78888951408,28047.894444412654,26370.094445016646,-1677.7999993960063,5
A2E8PL8ZWIZVJ0,prim,20-2,20.0,2000.0,12,66615.60000038147,35756.158333341285,30859.441667040188,-4896.716666301091,6
A2E8PL8ZWIZVJ0,prim,20-2,20.0,2000.0,13,54426.16666730245,22002.73333422343,28056.033333142597,6053.299998919169,6
A2E8PL8ZWIZVJ0,prim,20-2,20.0,2000.0,14,61092.949999809265,30056.499999523163,31036.450000286102,979.9500007629395,7
A2E8PL8ZWIZVJ0,prim,20-2,20.0,2000.0,15,77890.50000095367,31732.70000076294,42707.599999427795,10974.899998664856,7
A2I6HVUDBTGD1,prim,20-2,20.0,2000.0,5,17627.0,5435.299999713898,9493.200000286102,4057.9000005722046,2
A2I6HVUDBTGD1,prim,20-2,20.0,2000.0,6,30778.699999809265,16081.799999952316,14696.899999856949,-1384.9000000953674,3
A2I6HVUDBTGD1,prim,20-2,20.0,2000.0,7,40718.3833340009,17671.566667079926,19064.70000012716,1393.133333047231,3
A2I6HVUDBTGD1,prim,20-2,20.0,2000.0,8,40993.17499983311,20291.349999666214,20701.825000166893,410.475000500679,4
A2I6HVUDBTGD1,prim,20-2,20.0,2000.0,9,42944.78888862663,17802.416666640176,20108.89999988344,2306.483333243264,4
A2I6HVUDBTGD1,prim,20-2,20.0,2000.0,10,51706.81111150317,27503.133333524067,24203.677777979112,-3299.455555544959,5
A2I6HVUDBTGD1,prim,20-2,20.0,2000.0,11,46896.333333810166,17046.900000254314,23746.816666841507,6699.916666587192,5
A2I6HVUDBTGD1,prim,20-2,20.0,2000.0,12,49099.66666730245,25783.733333269756,23315.933334032696,-2467.7999992370605,6
A2I6HVUDBTGD1,prim,20-2,20.0,2000.0,13,51410.094444672264,19674.07222207387,28327.233333667118,8653.161111593246,6
A2I6HVUDBTGD1,prim,20-2,20.0,2000.0,14,49696.34999990463,25672.049999713898,24024.300000190735,-1647.7499995231628,7
A2I6HVUDBTGD1,prim,20-2,20.0,2000.0,15,60379.300000190735,27235.699999809265,28782.900000572205,1547.2000007629395,7
A2KHR0GTA0DBWI,rec,20-2,20.0,2000.0,4,33733.0,12095.0,21638.0,9543.0,2
A2KHR0GTA0DBWI,rec,20-2,20.0,2000.0,5,36368.0,9697.0,21946.0,12249.0,2
A2KHR0GTA0DBWI,rec,20-2,20.0,2000.0,6,52117.25,24596.25,27521.0,2924.75,3
A2KHR0GTA0DBWI,rec,20-2,20.0,2000.0,7,49333.75,16275.25,17609.125,1333.875,3
A2KHR0GTA0DBWI,rec,20-2,20.0,2000.0,8,46998.71666666667,25332.377777777776,21666.338888888888,-3666.038888888889,4
A2KHR0GTA0DBWI,rec,20-2,20.0,2000.0,9,44965.375,16770.583333333332,23161.625,6391.041666666667,4
A2KHR0GTA0DBWI,rec,20-2,20.0,2000.0,10,48160.166666666664,27476.77777777778,20683.38888888889,-6793.388888888888,5
A2KHR0GTA0DBWI,rec,20-2,20.0,2000.0,11,52359.83333333333,20589.5,24484.583333333336,3895.0833333333335,5
A2KHR0GTA0DBWI,rec,20-2,20.0,2000.0,12,57098.0,33121.0,23977.0,-9144.0,6
A2KHR0GTA0DBWI,rec,20-2,20.0,2000.0,13,62233.0,19874.0,38146.0,18272.0,6
A2KT30RCVX67ZS,prim,20-2,20.0,2000.0,4,41714.79999983311,10173.399999856949,31541.399999976158,21368.00000011921,2
A2KT30RCVX67ZS,prim,20-2,20.0,2000.0,5,46572.700000047684,26850.100000023842,7990.400000095367,-18859.699999928474,2
A2KT30RCVX67ZS,prim,20-2,20.0,2000.0,6,38886.22500003874,28035.150000043213,10851.07499999553,-17184.075000047684,3
A2KT30RCVX67ZS,prim,20-2,20.0,2000.0,7,44306.150000033274,13053.954166669399,22345.916666666664,9291.962499997268,3
A2KT30RCVX67ZS,prim,20-2,20.0,2000.0,8,49298.83333341612,26604.105555587346,22694.72777782877,-3909.3777777585724,4
A2KT30RCVX67ZS,prim,20-2,20.0,2000.0,9,49335.391666683056,18754.479166651767,23557.412499964237,4802.933333312471,4
A2KT30RCVX67ZS,prim,20-2,20.0,2000.0,10,53157.42500003427,31390.475000046194,21766.94999998808,-9623.525000058115,5
A2KT30RCVX67ZS,prim,20-2,20.0,2000.0,11,53265.06111095349,20594.899999903308,27529.5777776738,6934.677777770493,5
A2KT30RCVX67ZS,prim,20-2,20.0,2000.0,12,56148.70000016689,26870.975000083447,29277.725000083447,2406.75,6
A2KT30RCVX67ZS,prim,20-2,20.0,2000.0,13,56315.80000090599,26008.400000333786,27075.900000572205,1067.5000002384186,6
A2KT30RCVX67ZS,prim,20-2,20.0,2000.0,14,62849.4000000755,35535.73333332936,27313.66666674614,-8222.06666658322,7
A2MMGDAA7JJKIE,prim,20-2,20.0,2000.0,4,26086.199999570847,20797.999999523163,5288.200000047684,-15509.79999947548,2
A2MMGDAA7JJKIE,prim,20-2,20.0,2000.0,5,50914.088889042534,11191.044444587495,22414.455555544962,11223.411110957464,2
A2MMGDAA7JJKIE,prim,20-2,20.0,2000.0,6,61710.674999952316,43125.625,18585.049999952316,-24540.575000047684,3
A2MMGDAA7JJKIE,prim,20-2,20.0,2000.0,7,58655.59583302339,14934.520833154518,32387.299999872845,17452.779166718326,3
A2MMGDAA7JJKIE,prim,20-2,20.0,2000.0,8,72243.17777779367,42426.011111206484,29817.166666587193,-12608.844444619286,4
A2MMGDAA7JJKIE,prim,20-2,20.0,2000.0,9,78041.00000035763,17663.400000333786,50884.199999928474,33220.79999959469,4
A2MMGDAA7JJKIE,prim,20-2,20.0,2000.0,10,62409.966666777924,40093.89999989668,22316.06666688124,-17777.833333015442,5
A2MMGDAA7JJKIE,prim,20-2,20.0,2000.0,11,74633.3125000596,25416.512500345707,41205.17499965429,15788.662499308586,5
A2MMGDAA7JJKIE,prim,20-2,20.0,2000.0,12,68113.28333338103,34330.60000010331,33782.6833332777,-547.9166668256121,6
A2MMGDAA7JJKIE,prim,20-2,20.0,2000.0,13,75901.60000014305,41603.75,30855.650000095367,-10748.099999904633,6
A2MOKIEQZ0OF2M,prim,20-2,20.0,2000.0,10,68541.6499999999,35738.866666667236,32802.78333333266,-2936.0833333345754,5
A2MOKIEQZ0OF2M,prim,20-2,20.0,2000.0,11,53239.33333333302,20422.166666668374,29162.233333331224,8740.066666662848,5
A2MOKIEQZ0OF2M,prim,20-2,20.0,2000.0,12,57840.177777777164,33806.5833333338,24033.59444444337,-9772.988888890432,6
A2MOKIEQZ0OF2M,prim,20-2,20.0,2000.0,13,53059.28888888998,22921.088888888145,25363.000000001342,2441.911111113202,6
A2MOKIEQZ0OF2M,prim,20-2,20.0,2000.0,14,53193.90000000014,30136.716666667722,23057.183333332418,-7079.533333335305,7
A2MOKIEQZ0OF2M,prim,20-2,20.0,2000.0,15,36055.300000000745,17229.19999999553,16089.000000003725,-1140.1999999918044,7
A2MOKIEQZ0OF2M,prim,20-2,20.0,2000.0,16,24025.599999995902,12084.899999996647,11940.699999999255,-144.1999999973923,8
A2MOKIEQZ0OF2M,prim,20-2,20.0,2000.0,17,36046.200000001736,17329.200000000495,16818.833333334576,-510.3666666659228,8
A2NZ783AY1LBPW,prim,20-2,20.0,2000.0,6,77540.84999997914,30324.40000002086,47216.44999995828,16892.049999937415,3
A2NZ783AY1LBPW,prim,20-2,20.0,2000.0,7,57774.64166664581,17512.141666648287,27098.72499999901,9586.583333350718,3
A2NZ783AY1LBPW,prim,20-2,20.0,2000.0,8,59486.41666674614,40505.450000047684,18980.966666698456,-21524.483333349228,4
A2NZ783AY1LBPW,prim,20-2,20.0,2000.0,9,63128.60000002384,21493.84999999404,33612.70000001788,12118.850000023842,4
A2NZ783AY1LBPW,prim,20-2,20.0,2000.0,10,62122.5,33683.69999998808,28438.80000001192,-5244.899999976158,5
A2NZ783AY1LBPW,prim,20-2,20.0,2000.0,11,71798.74444444313,24302.74999999338,37905.505555560194,13602.755555566815,5
A2NZ783AY1LBPW,prim,20-2,20.0,2000.0,12,64013.95000000546,35844.883333312966,28169.066666692495,-7675.816666620473,6
A2NZ783AY1LBPW,prim,20-2,20.0,2000.0,13,67497.24999999255,24259.44999999553,38257.14999999851,13997.70000000298,6
A2NZ783AY1LBPW,prim,20-2,20.0,2000.0,14,72750.70833332589,43868.05833332364,28882.650000002235,-14985.408333321413,7
A2NZ783AY1LBPW,prim,20-2,20.0,2000.0,15,65561.76666667312,29529.016666673124,30468.216666666172,939.1999999930458,7
A2NZ783AY1LBPW,prim,20-2,20.0,2000.0,16,67876.94999999553,38061.15000000596,29815.79999998957,-8245.350000016391,8
A2NZ783AY1LBPW,prim,20-2,20.0,2000.0,17,73090.29999998212,38200.79999998212,31007.20000000298,-7193.599999979138,8
A2NZ783AY1LBPW,prim,20-2,20.0,2000.0,18,79905.0,40208.0,39697.0,-511.0,9
A2NZAL7KHOR6VF,rec,20-2,20.0,2000.0,6,11373.799999892712,6042.699999928474,5331.099999964237,-711.5999999642372,3
A2NZAL7KHOR6VF,rec,20-2,20.0,2000.0,7,27605.70000000298,8964.59999999404,16498.60000000894,7534.000000014901,3
A2NZAL7KHOR6VF,rec,20-2,20.0,2000.0,8,27458.999999962747,8775.84999993071,18683.150000032037,9907.300000101328,4
A2NZAL7KHOR6VF,rec,20-2,20.0,2000.0,9,39217.66666666046,7429.949999976903,27830.683333355933,20400.73333337903,4
A2NZAL7KHOR6VF,rec,20-2,20.0,2000.0,10,51836.01249997504,13210.312499986961,38625.69999998808,25415.387500001118,5
A2NZAL7KHOR6VF,rec,20-2,20.0,2000.0,11,44291.266666675605,9408.333333333334,32591.51666667064,23183.183333337307,5
A2NZAL7KHOR6VF,rec,20-2,20.0,2000.0,12,46551.925000000745,17253.225000020117,29298.69999998063,12045.474999960512,6
A2NZAL7KHOR6VF,rec,20-2,20.0,2000.0,13,50621.666666568315,12395.379999973376,35592.673333274324,23197.293333300946,6
A2NZAL7KHOR6VF,rec,20-2,20.0,2000.0,14,46719.48333335916,16757.183333337307,29962.300000021856,13205.116666684547,7
A2NZAL7KHOR6VF,rec,20-2,20.0,2000.0,15,59820.77499996871,16553.07499999553,40842.74999997765,24289.67499998212,7
A2NZAL7KHOR6VF,rec,20-2,20.0,2000.0,16,55729.2500000149,29079.699999999255,26649.550000015646,-2430.1499999836087,8
A2OOS7IXSKJFFI,ns,20-2,20.0,2000.0,3,19813.400000095367,0.0,12338.549999713898,12338.549999713898,1
A2OOS7IXSKJFFI,ns,20-2,20.0,2000.0,4,25184.83333269755,10976.333333015442,14208.499999682108,3232.1666666666665,2
A2OOS7IXSKJFFI,ns,20-2,20.0,2000.0,5,26545.062500309945,4796.277499973774,17206.232500195503,12409.95500022173,2
A2OOS7IXSKJFFI,ns,20-2,20.0,2000.0,6,55853.199999809265,33585.60000038147,22267.599999427795,-11318.000000953674,3
A2OOS7IXSKJFFI,ns,20-2,20.0,2000.0,7,22729.300000190735,8444.10000038147,10580.199999809265,2136.0999994277954,3
A2OOS7IXSKJFFI,ns,20-2,20.0,2000.0,8,51794.533333301544,25315.633333524067,26478.899999777477,1163.2666662534077,4
A2OOS7IXSKJFFI,ns,20-2,20.0,2000.0,9,47994.35000014305,14725.200000047684,29166.700000047684,14441.5,4
A2OOS7IXSKJFFI,ns,20-2,20.0,2000.0,10,39701.59999990463,18578.950000047684,21122.64999985695,2543.699999809265,5
A2P2YEHX1FXD20,rec,20-2,20.0,2000.0,3,39320.333333333336,0.0,28643.5,28643.5,1
A2P2YEHX1FXD20,rec,20-2,20.0,2000.0,4,29272.0,20334.5,8937.5,-11397.0,2
A2P2YEHX1FXD20,rec,20-2,20.0,2000.0,5,59111.0,4872.0,32182.0,27310.0,2
A2P2YEHX1FXD20,rec,20-2,20.0,2000.0,6,48483.166666666664,29666.0,18817.166666666668,-10848.833333333334,3
A2P2YEHX1FXD20,rec,20-2,20.0,2000.0,7,50798.85,19366.35,18908.3,-458.0500000000002,3
A2P2YEHX1FXD20,rec,20-2,20.0,2000.0,8,48453.5,27510.833333333332,20942.666666666668,-6568.166666666667,4
A2P2YEHX1FXD20,rec,20-2,20.0,2000.0,9,62755.5,23304.666666666668,30236.166666666668,6931.5,4
A2P2YEHX1FXD20,rec,20-2,20.0,2000.0,10,59619.5,36543.0,23076.5,-13466.5,5
A2P2YEHX1FXD20,rec,20-2,20.0,2000.0,11,54310.0,23372.0,26093.0,2721.0,5
A2P2YEHX1FXD20,rec,20-2,20.0,2000.0,12,61834.0,33014.5,28819.5,-4195.0,6
A2QHI85LQPJZYP,prim,20-2,20.0,2000.0,5,21105.0,4099.333333333333,9344.666666666666,5245.333333333333,2
A2QHI85LQPJZYP,prim,20-2,20.0,2000.0,6,47451.0,18807.0,28644.0,9837.0,3
A2QHI85LQPJZYP,prim,20-2,20.0,2000.0,7,28462.0,13835.0,8961.0,-4874.0,3
A2QHI85LQPJZYP,prim,20-2,20.0,2000.0,8,49251.75,32343.75,16908.0,-15435.75,4
A2QHI85LQPJZYP,prim,20-2,20.0,2000.0,9,58281.0,24209.0,30574.25,6365.25,4
A2QHI85LQPJZYP,prim,20-2,20.0,2000.0,10,48009.5,23763.583333333336,24245.916666666664,482.33333333333326,5
A2QHI85LQPJZYP,prim,20-2,20.0,2000.0,11,44374.666666666664,19721.333333333332,20235.333333333332,514.0,5
A2QHI85LQPJZYP,prim,20-2,20.0,2000.0,12,48797.16666666667,30176.333333333332,18620.833333333332,-11555.5,6
A2QHI85LQPJZYP,prim,20-2,20.0,2000.0,13,56234.0,20676.0,29000.0,8324.0,6
A2QHI85LQPJZYP,prim,20-2,20.0,2000.0,14,48598.1,25617.6,22980.5,-2637.1,7
A2QHI85LQPJZYP,prim,20-2,20.0,2000.0,15,49227.0,24541.0,20467.0,-4074.0,7
A2QHI85LQPJZYP,prim,20-2,20.0,2000.0,19,38714.0,17975.0,19381.0,1406.0,9
A2SSY7MHPDQVUS,prim,20-2,20.0,2000.0,5,12082.5,2992.399999976158,6492.399999976158,3500.0,2
A2SSY7MHPDQVUS,prim,20-2,20.0,2000.0,6,12239.099999666214,8971.89999961853,3267.2000000476837,-5704.699999570847,3
A2SSY7MHPDQVUS,prim,20-2,20.0,2000.0,7,17887.041666716337,6309.683333357175,9623.833333343267,3314.149999986092,3
A2SSY7MHPDQVUS,prim,20-2,20.0,2000.0,8,17463.087500015892,9664.454166680574,7798.6333333353205,-1865.8208333452542,4
A2SSY7MHPDQVUS,prim,20-2,20.0,2000.0,9,17474.43333331744,6196.999999920527,8231.366666793823,2034.366666873296,4
A2SSY7MHPDQVUS,prim,20-2,20.0,2000.0,10,25324.87000015974,12415.110000038147,12909.760000121594,494.65000008344646,5
A2SSY7MHPDQVUS,prim,20-2,20.0,2000.0,12,27157.800000071526,17260.00000023842,9897.799999833107,-7362.200000405312,6
A2UX2W49R55PH4,prim,20-2,20.0,2000.0,3,17897.25,0.0,8855.75,8855.75,1
A2UX2W49R55PH4,prim,20-2,20.0,2000.0,4,30664.0,23947.375,6716.625,-17230.75,2
A2UX2W49R55PH4,prim,20-2,20.0,2000.0,5,32143.416666666664,8515.666666666666,13281.833333333334,4766.166666666667,2
A2UX2W49R55PH4,prim,20-2,20.0,2000.0,6,35718.59375,21063.21875,14655.375,-6407.84375,3
A2UX2W49R55PH4,prim,20-2,20.0,2000.0,7,43463.0,9801.75,23290.5,13488.75,3
A2UX2W49R55PH4,prim,20-2,20.0,2000.0,8,43111.0,23112.0,19999.0,-3113.0,4
A2UX2W49R55PH4,prim,20-2,20.0,2000.0,9,45759.0,12389.0,28617.0,16228.0,4
A2VIKCIM9TZL22,rec,20-2,20.0,2000.0,4,7638.399999976158,6080.800000071526,1557.5999999046326,-4523.200000166893,2
A2VIKCIM9TZL22,rec,20-2,20.0,2000.0,5,7984.827777806256,1452.2166666984558,4716.661111119721,3264.4444444212645,2
A2VIKCIM9TZL22,rec,20-2,20.0,2000.0,6,19181.288888987565,6943.650000097024,12237.638888890544,5293.988888793522,3
A2VIKCIM9TZL22,rec,20-2,20.0,2000.0,7,24316.49166674415,3039.458333387971,18433.0250000606,15393.566666672628,3
A2VIKCIM9TZL22,rec,20-2,20.0,2000.0,8,29798.511110903488,8737.499999913904,21061.011110989584,12323.511111075679,4
A2VIKCIM9TZL22,rec,20-2,20.0,2000.0,9,29721.733333478373,5368.600000013907,22976.96666687727,17608.366666863363,4
A2VIKCIM9TZL22,rec,20-2,20.0,2000.0,11,38350.199999809265,5389.699999928474,31757.099999904633,26367.399999976158,5
A2XGHLVP2C1FVA,ns,20-2,20.0,2000.0,8,50340.56666663289,29041.399999996025,21299.166666636866,-7742.233333359162,4
A2XGHLVP2C1FVA,ns,20-2,20.0,2000.0,9,48133.32499989867,19129.949999898672,25640.72499999404,6510.775000095367,4
A2XGHLVP2C1FVA,ns,20-2,20.0,2000.0,10,59786.750000039734,31568.838888969683,28217.911111070047,-3350.9277778996366,5
A2XGHLVP2C1FVA,ns,20-2,20.0,2000.0,11,54942.56249996275,21224.368749968708,28015.26874999702,6790.900000028312,5
A2XGHLVP2C1FVA,ns,20-2,20.0,2000.0,12,57567.137499943376,31157.44374997914,26409.693749964237,-4747.750000014901,6
A2XGHLVP2C1FVA,ns,20-2,20.0,2000.0,13,60514.68333336214,27415.63333333532,28429.883333360154,1014.2500000248352,6
A2XGHLVP2C1FVA,ns,20-2,20.0,2000.0,14,59106.0111112131,30282.000000046362,28824.01111116674,-1457.988888879617,7
A2XGHLVP2C1FVA,ns,20-2,20.0,2000.0,15,57089.85000003874,24004.400000035763,30632.35000000894,6627.949999973178,7
A2XVLOZY7FJCC2,rec,20-2,20.0,2000.0,4,25895.09999990463,18773.399999976155,7121.699999928474,-11651.70000004768,2
A2XVLOZY7FJCC2,rec,20-2,20.0,2000.0,5,33663.79999998212,6352.299999982119,11232.799999982119,4880.5,2
A2XVLOZY7FJCC2,rec,20-2,20.0,2000.0,6,57887.500000059605,31373.000000059605,26514.5,-4858.500000059605,3
A2XVLOZY7FJCC2,rec,20-2,20.0,2000.0,7,50200.81111110581,15166.766666654084,29500.522222237454,14333.755555583373,3
A2XVLOZY7FJCC2,rec,20-2,20.0,2000.0,8,54134.731250006706,27233.843749993794,26900.887500012916,-332.9562499808767,4
A2XVLOZY7FJCC2,rec,20-2,20.0,2000.0,9,57892.37708334377,19829.893749999505,32462.32083335519,12632.427083355686,4
A2XVLOZY7FJCC2,rec,20-2,20.0,2000.0,10,61829.704166680574,30400.333333340783,31429.370833339788,1029.0374999990067,5
A2XVLOZY7FJCC2,rec,20-2,20.0,2000.0,11,73312.35000002384,25710.999999940395,41460.85000008345,15749.850000143051,5
A2XVLOZY7FJCC2,rec,20-2,20.0,2000.0,12,60906.599999934435,35060.09999996424,25846.499999970198,-9213.59999999404,6
A2ZVBFH732LYXQ,prim,20-2,20.0,2000.0,6,31212.800000001676,21832.400000001304,9380.400000000373,-12452.000000000931,3
A2ZVBFH732LYXQ,prim,20-2,20.0,2000.0,7,69839.79999999702,18589.39999999851,39123.400000002235,20534.000000003725,3
A2ZVBFH732LYXQ,prim,20-2,20.0,2000.0,8,70312.6499999999,35493.45000000112,34819.19999999879,-674.2500000023283,4
A2ZVBFH732LYXQ,prim,20-2,20.0,2000.0,9,76913.0000000028,33053.800000000745,36356.00000000093,3302.2000000001863,4
A2ZVBFH732LYXQ,prim,20-2,20.0,2000.0,10,79340.80000000726,40284.05000000633,39056.75000000093,-1227.3000000054017,5
A2ZVBFH732LYXQ,prim,20-2,20.0,2000.0,11,68096.60000000091,28489.77500000084,33917.550000000396,5427.774999999558,5
A2ZVBFH732LYXQ,prim,20-2,20.0,2000.0,12,75614.19999999553,41956.29999999702,33657.89999999851,-8298.39999999851,6
A2ZVBFH732LYXQ,prim,20-2,20.0,2000.0,13,74388.42499999814,30144.650000000023,34234.84249999937,4090.1924999993525,6
A2ZVBFH732LYXQ,prim,20-2,20.0,2000.0,14,71215.35000000072,36008.325000000186,35207.025000000525,-801.2999999996584,7
A2ZVBFH732LYXQ,prim,20-2,20.0,2000.0,15,73711.86666666695,31435.994444444983,35270.12222222228,3834.1277777773016,7
A2ZVBFH732LYXQ,prim,20-2,20.0,2000.0,16,67473.2749999999,32450.80000000121,35022.474999998696,2571.6749999974854,8
A2ZVBFH732LYXQ,prim,20-2,20.0,2000.0,17,79023.30000000075,35017.29999999702,40495.10000000149,5477.80000000447,8
A304UJAE051J89,rec,20-2,20.0,2000.0,9,24739.811111165418,7245.366666684548,13392.80000003179,6147.433333347241,4
A304UJAE051J89,rec,20-2,20.0,2000.0,10,28360.51249993841,15452.199999906123,12908.312500032285,-2543.887499873837,5
A304UJAE051J89,rec,20-2,20.0,2000.0,11,30717.387500026573,9841.92500002434,17322.08541667213,7480.160416647792,5
A304UJAE051J89,rec,20-2,20.0,2000.0,12,36005.116666709386,19166.912500041224,16838.204166668154,-2328.7083333730698,6
A304UJAE051J89,rec,20-2,20.0,2000.0,13,35213.737499952316,12553.443749964237,20976.45624998957,8423.012500025332,6
A304UJAE051J89,rec,20-2,20.0,2000.0,14,31303.300000071526,16082.299999952316,15221.00000011921,-861.299999833107,7
A312HQ3OU0EYTB,rec,20-2,20.0,2000.0,4,17351.0,14272.0,3079.0,-11193.0,2
A312HQ3OU0EYTB,rec,20-2,20.0,2000.0,5,31809.25,3619.25,24789.75,21170.5,2
A312HQ3OU0EYTB,rec,20-2,20.0,2000.0,6,34774.25,12966.166666666668,21808.083333333336,8841.916666666666,3
A312HQ3OU0EYTB,rec,20-2,20.0,2000.0,7,35992.416666666664,8342.833333333334,23815.583333333336,15472.75,3
A312HQ3OU0EYTB,rec,20-2,20.0,2000.0,8,52115.0,13132.0,38983.0,25851.0,4
A312HQ3OU0EYTB,rec,20-2,20.0,2000.0,9,52157.0,8000.5,39737.5,31737.0,4
A312HQ3OU0EYTB,rec,20-2,20.0,2000.0,10,51166.666666666664,25657.333333333332,25509.333333333332,-148.0,5
A312HQ3OU0EYTB,rec,20-2,20.0,2000.0,11,51457.0,22225.0,24992.0,2767.0,5
A312HQ3OU0EYTB,rec,20-2,20.0,2000.0,13,52743.0,21397.5,27550.0,6152.5,6
A312HQ3OU0EYTB,rec,20-2,20.0,2000.0,14,68993.0,33460.5,35532.5,2072.0,7
A312HQ3OU0EYTB,rec,20-2,20.0,2000.0,15,69578.5,27429.5,37572.0,10142.5,7
A35S8HPY0V445,ns,20-2,20.0,2000.0,4,42256.74999958277,16116.39999961853,26140.349999964234,10023.950000345703,2
A35S8HPY0V445,ns,20-2,20.0,2000.0,5,43617.10000038147,6302.5,19600.099999904633,13297.599999904633,2
A35S8HPY0V445,ns,20-2,20.0,2000.0,6,56551.07777780129,32760.277777701616,23790.800000099673,-8969.477777601945,3
A35S8HPY0V445,ns,20-2,20.0,2000.0,7,50062.37124998569,17201.761666656534,24368.222083333632,7166.460416677098,3
A35S8HPY0V445,ns,20-2,20.0,2000.0,8,55504.8416668127,28134.16666684548,27370.674999967217,-763.4916668782632,4
A35S8HPY0V445,ns,20-2,20.0,2000.0,9,45840.11666660508,17639.249999960262,20875.250000004966,3236.0000000447035,4
A35S8HPY0V445,ns,20-2,20.0,2000.0,10,51831.333333383,29442.033333420753,22389.29999996225,-7052.733333458503,5
A35S8HPY0V445,ns,20-2,20.0,2000.0,11,43377.9999999702,18436.2499999851,21248.75,2812.500000014901,5
A35S8HPY0V445,ns,20-2,20.0,2000.0,12,44455.800000071526,21118.400000035763,23337.400000035763,2219.0,6
A37GOI3N77WX21,ns,20-2,20.0,2000.0,7,35322.99999999255,14954.0,17299.39999999106,2345.3999999910593,3
A37GOI3N77WX21,ns,20-2,20.0,2000.0,8,23529.400000001304,14965.500000000931,8563.900000000373,-6401.600000000559,4
A37GOI3N77WX21,ns,20-2,20.0,2000.0,9,31421.174999991432,11699.02500000014,14801.249999992782,3102.2249999926426,4
A37GOI3N77WX21,ns,20-2,20.0,2000.0,10,33387.239583334376,18265.091666668945,15122.147916665437,-3142.9437500035083,5
A37GOI3N77WX21,ns,20-2,20.0,2000.0,11,34116.20833333131,15690.397916669182,15784.493749995096,94.09583332591376,5
A37GOI3N77WX21,ns,20-2,20.0,2000.0,12,43858.705833330256,26962.89791666752,16895.807916662732,-10067.090000004788,6
A37GOI3N77WX21,ns,20-2,20.0,2000.0,13,42541.01666667344,18692.483333326567,21110.000000012416,2417.5166666858518,6
A37GOI3N77WX21,ns,20-2,20.0,2000.0,14,44562.249999996275,26752.47499999404,17809.775000002235,-8942.699999991804,7
A37GOI3N77WX21,ns,20-2,20.0,2000.0,15,61861.19999998808,26982.70000000298,33030.9999999851,6048.299999982119,7
A389UA2GRCJ6,prim,20-2,20.0,2000.0,3,10260.25,0.0,4663.5,4663.5,1
A389UA2GRCJ6,prim,20-2,20.0,2000.0,4,16398.25,10265.0,6133.25,-4131.75,2
A389UA2GRCJ6,prim,20-2,20.0,2000.0,5,22321.38888888889,6809.38888888889,9370.388888888889,2561.0,2
A389UA2GRCJ6,prim,20-2,20.0,2000.0,6,22193.675,13422.816666666666,8770.858333333334,-4651.958333333334,3
A389UA2GRCJ6,prim,20-2,20.0,2000.0,7,30646.666666666668,10620.0,15712.666666666666,5092.666666666667,3
A389UA2GRCJ6,prim,20-2,20.0,2000.0,8,30094.44444444445,17898.777777777777,12195.666666666666,-5703.11111111111,4
A389UA2GRCJ6,prim,20-2,20.0,2000.0,9,45721.25,11342.75,27018.5,15675.75,4
A389UA2GRCJ6,prim,20-2,20.0,2000.0,10,39042.0,22264.0,16778.0,-5486.0,5
A3A7XOKH39SYOI,prim,20-2,20.0,2000.0,3,10564.599999904633,0.0,8389.700000286102,8389.700000286102,1
A3A7XOKH39SYOI,prim,20-2,20.0,2000.0,4,25948.10000038147,8840.29999923706,17107.80000114441,8267.500001907349,2
A3A7XOKH39SYOI,prim,20-2,20.0,2000.0,5,22606.816667000454,7327.250000476837,10131.516666491827,2804.2666660149894,2
A3A7XOKH39SYOI,prim,20-2,20.0,2000.0,6,17895.275000572205,11684.32500076294,6210.949999809265,-5473.375000953674,3
A3A7XOKH39SYOI,prim,20-2,20.0,2000.0,7,40604.53333324857,18925.583333545263,17805.238887998792,-1120.344445546468,3
A3A7XOKH39SYOI,prim,20-2,20.0,2000.0,8,30749.974999745686,17122.816666523617,13627.15833322207,-3495.658333301544,4
A3A7XOKH39SYOI,prim,20-2,20.0,2000.0,9,34044.78749980529,13581.858333190283,15424.512499829132,1842.6541666388507,4
A3A7XOKH39SYOI,prim,20-2,20.0,2000.0,10,44308.09999847412,23749.89999961853,20558.19999885559,-3191.7000007629395,5
A3A7XOKH39SYOI,prim,20-2,20.0,2000.0,11,42482.449999809265,13907.499999523163,25762.950000286102,11855.45000076294,5
A3B0CMCBWAND7,rec,20-2,20.0,2000.0,7,28859.04999998212,14999.149999946356,10579.15000000596,-4419.999999940395,3
A3B0CMCBWAND7,rec,20-2,20.0,2000.0,8,39224.18333335718,16504.100000028808,22720.083333328366,6215.983333299558,4
A3B0CMCBWAND7,rec,20-2,20.0,2000.0,9,35956.023333344856,10219.216666668653,21007.060000006357,10787.843333337705,4
A3B0CMCBWAND7,rec,20-2,20.0,2000.0,10,38242.2450000157,17693.125000011176,20549.12000000452,2855.9949999933438,5
A3B0CMCBWAND7,rec,20-2,20.0,2000.0,11,36486.67083325485,12038.23333333681,20292.574999922264,8254.341666585457,5
A3B0CMCBWAND7,rec,20-2,20.0,2000.0,12,37013.59999999404,19223.09999997914,17790.5000000149,-1432.5999999642372,6
A3B0CMCBWAND7,rec,20-2,20.0,2000.0,13,45029.01666672528,19628.233333324395,22402.350000053644,2774.1166667292514,6
A3C4WGE4SOGM1,ns,20-2,20.0,2000.0,3,26849.461904775526,0.0,14440.061904725573,14440.061904725573,1
A3C4WGE4SOGM1,ns,20-2,20.0,2000.0,4,24416.199999928474,14234.724999904633,10181.475000023842,-4053.2499998807907,2
A3C4WGE4SOGM1,ns,20-2,20.0,2000.0,5,27466.150000492733,9318.716666857401,13489.21666677793,4170.499999920527,2
A3C4WGE4SOGM1,ns,20-2,20.0,2000.0,6,26672.95000052452,11675.250000238419,14997.700000286102,3322.4500000476837,3
A3C4WGE4SOGM1,ns,20-2,20.0,2000.0,8,34862.73333374659,18025.500000476837,16837.233333269756,-1188.266667207082,4
A3C4WGE4SOGM1,ns,20-2,20.0,2000.0,9,35284.75000011921,13079.825000047684,17541.825000047684,4462.0,4
A3C4WGE4SOGM1,ns,20-2,20.0,2000.0,10,37880.33749938011,22236.13749963045,15644.19999974966,-6591.937499880791,5
A3C4WGE4SOGM1,ns,20-2,20.0,2000.0,11,46049.89166669051,16844.266666531563,24785.808333476387,7941.541666944821,5
A3C4WGE4SOGM1,ns,20-2,20.0,2000.0,12,47464.950000047684,25663.650000095367,21801.299999952316,-3862.350000143051,6
A3C4WGE4SOGM1,ns,20-2,20.0,2000.0,13,44438.49999952316,18899.800000190735,23258.799999713898,4358.999999523163,6
A3CKVVGWBS4NGU,prim,20-2,20.0,2000.0,7,24650.099999666214,7294.400000095367,11586.499999761581,4292.099999666214,3
A3CKVVGWBS4NGU,prim,20-2,20.0,2000.0,8,45887.99999976158,23448.199999570847,22439.800000190735,-1008.3999993801117,4
A3CKVVGWBS4NGU,prim,20-2,20.0,2000.0,9,47265.70000016689,19115.275000154972,24446.92500001192,5331.649999856949,4
A3CKVVGWBS4NGU,prim,20-2,20.0,2000.0,10,45295.07777748505,27357.847222063272,17937.230555421775,-9420.616666641501,5
A3CKVVGWBS4NGU,prim,20-2,20.0,2000.0,11,56182.09999982516,25697.566666470633,24461.58888888359,-1235.9777775870432,5
A3CKVVGWBS4NGU,prim,20-2,20.0,2000.0,12,52144.483333309494,28771.64999999603,23372.833333313465,-5398.816666682562,6
A3CKVVGWBS4NGU,prim,20-2,20.0,2000.0,13,61200.18333323797,23252.595833212137,32633.612500031788,9381.01666681965,6
A3CKVVGWBS4NGU,prim,20-2,20.0,2000.0,14,58711.43749988079,33011.71250003576,25699.724999845028,-7311.987500190735,7
A3CKVVGWBS4NGU,prim,20-2,20.0,2000.0,15,55718.300000190735,20157.500000476837,31232.799999713898,11075.29999923706,7
A3GDVKIN7ZGUG9,rec,20-2,20.0,2000.0,5,49382.0,3697.0,42099.0,38402.0,2
A3GDVKIN7ZGUG9,rec,20-2,20.0,2000.0,6,28665.75,16818.25,11847.5,-4970.75,3
A3GDVKIN7ZGUG9,rec,20-2,20.0,2000.0,8,76404.5,44593.0,31811.5,-12781.5,4
A3GDVKIN7ZGUG9,rec,20-2,20.0,2000.0,9,68939.0,19711.0,36751.0,17040.0,4
A3GDVKIN7ZGUG9,rec,20-2,20.0,2000.0,10,74301.5,36622.0,37679.5,1057.5,5
A3GDVKIN7ZGUG9,rec,20-2,20.0,2000.0,11,71025.70833333334,29527.083333333336,36738.25,7211.166666666667,5
A3GDVKIN7ZGUG9,rec,20-2,20.0,2000.0,12,61955.5,33749.5,28206.0,-5543.5,6
A3GDVKIN7ZGUG9,rec,20-2,20.0,2000.0,14,78723.0,46076.0,32647.0,-13429.0,7
A3HE29W5IDR394,rec,20-2,20.0,2000.0,6,19313.0,7712.5,11600.5,3888.0,3
A3HE29W5IDR394,rec,20-2,20.0,2000.0,7,31635.25,4505.5,25496.0,20990.5,3
A3HE29W5IDR394,rec,20-2,20.0,2000.0,8,56284.0,16688.25,39595.75,22907.5,4
A3HE29W5IDR394,rec,20-2,20.0,2000.0,9,19305.0,9794.0,7917.0,-1877.0,4
A3HE29W5IDR394,rec,20-2,20.0,2000.0,10,41200.5,14812.166666666666,26388.333333333332,11576.166666666666,5
A3HE29W5IDR394,rec,20-2,20.0,2000.0,11,55455.27777777778,9578.555555555555,43860.166666666664,34281.61111111111,5
A3HE29W5IDR394,rec,20-2,20.0,2000.0,12,62861.0,14764.166666666666,48096.833333333336,33332.666666666664,6
A3HE29W5IDR394,rec,20-2,20.0,2000.0,13,59575.666666666664,15308.333333333334,42119.333333333336,26811.0,6
A3HE29W5IDR394,rec,20-2,20.0,2000.0,14,59585.0,19268.5,40316.5,21048.0,7
A3HE29W5IDR394,rec,20-2,20.0,2000.0,15,57303.25,12081.75,41987.75,29906.0,7
A3HE29W5IDR394,rec,20-2,20.0,2000.0,16,68313.75,20201.75,48112.0,27910.25,8
A3I1SGVY37KR4A,ns,20-2,20.0,2000.0,3,26711.0,0.0,4378.0,4378.0,1
A3I1SGVY37KR4A,ns,20-2,20.0,2000.0,4,38142.833333333336,27118.333333333332,11024.5,-16093.833333333334,2
A3I1SGVY37KR4A,ns,20-2,20.0,2000.0,5,59955.333333333336,18771.5,21455.5,2684.0,2
A3I1SGVY37KR4A,ns,20-2,20.0,2000.0,6,53456.42222222222,29535.64444444444,23920.777777777777,-5614.866666666666,3
A3I1SGVY37KR4A,ns,20-2,20.0,2000.0,7,57226.22222222222,16804.222222222223,27077.11111111111,10272.888888888889,3
A3I1SGVY37KR4A,ns,20-2,20.0,2000.0,8,55990.5,34459.5,21531.0,-12928.5,4
A3I1SGVY37KR4A,ns,20-2,20.0,2000.0,9,58550.0,20569.5,34504.0,13934.5,4
A3I1SGVY37KR4A,ns,20-2,20.0,2000.0,10,81097.0,32896.0,48201.0,15305.0,5
A3J5HRXH4F64SP,ns,20-2,20.0,2000.0,4,26353.75,14077.75,12276.0,-1801.75,2
A3J5HRXH4F64SP,ns,20-2,20.0,2000.0,5,26197.583333333336,5561.083333333334,14227.416666666668,8666.333333333332,2
A3J5HRXH4F64SP,ns,20-2,20.0,2000.0,6,35559.375,17348.125,18211.25,863.125,3
A3LVLZS8S41ZD7,rec,20-2,20.0,2000.0,7,19999.5,3343.0,14590.0,11247.0,3
A3LVLZS8S41ZD7,rec,20-2,20.0,2000.0,8,22702.0,9566.0,13136.0,3570.0,4
A3LVLZS8S41ZD7,rec,20-2,20.0,2000.0,9,21869.0,6405.0,13529.0,7124.0,4
A3LVLZS8S41ZD7,rec,20-2,20.0,2000.0,10,29237.0,10574.0,18663.0,8089.0,5
A3LVLZS8S41ZD7,rec,20-2,20.0,2000.0,11,30535.0,10203.5,18516.5,8313.0,5
A3LVLZS8S41ZD7,rec,20-2,20.0,2000.0,12,46027.791666666664,18501.583333333336,27526.208333333332,9024.625,6
A3LVLZS8S41ZD7,rec,20-2,20.0,2000.0,13,47662.0625,12249.8125,31284.6875,19034.875,6
A3LVLZS8S41ZD7,rec,20-2,20.0,2000.0,14,36649.5,17239.666666666668,19409.833333333332,2170.1666666666665,7
A3LVLZS8S41ZD7,rec,20-2,20.0,2000.0,15,47683.5,16122.5,29906.5,13784.0,7
A3LVLZS8S41ZD7,rec,20-2,20.0,2000.0,16,55161.88888888888,21915.666666666668,33246.222222222226,11330.555555555555,8
A3LVLZS8S41ZD7,rec,20-2,20.0,2000.0,17,51770.0,15126.25,32793.5,17667.25,8
A3LVLZS8S41ZD7,rec,20-2,20.0,2000.0,18,82368.0,19753.0,62615.0,42862.0,9
A3LXARU55PR281,ns,20-2,20.0,2000.0,3,35220.0,0.0,16127.666666666666,16127.666666666666,1
A3LXARU55PR281,ns,20-2,20.0,2000.0,4,49755.0,18086.0,31669.0,13583.0,2
A3LXARU55PR281,ns,20-2,20.0,2000.0,5,35285.0,10326.25,20334.75,10008.5,2
A3LXARU55PR281,ns,20-2,20.0,2000.0,6,31278.0,18906.5,12371.5,-6535.0,3
A3LXARU55PR281,ns,20-2,20.0,2000.0,7,32504.666666666668,11064.666666666666,16997.333333333332,5932.666666666667,3
A3LXARU55PR281,ns,20-2,20.0,2000.0,8,33713.5,17507.166666666668,16206.333333333334,-1300.8333333333333,4
A3LXARU55PR281,ns,20-2,20.0,2000.0,9,39103.166666666664,10815.833333333334,24311.5,13495.666666666666,4
A3LXARU55PR281,ns,20-2,20.0,2000.0,10,43478.5,22780.166666666668,20698.333333333332,-2081.8333333333335,5
A3LXARU55PR281,ns,20-2,20.0,2000.0,11,45189.0,17247.0,23304.75,6057.75,5
A3LXARU55PR281,ns,20-2,20.0,2000.0,12,64461.75,39928.25,24533.5,-15394.75,6
A3LXARU55PR281,ns,20-2,20.0,2000.0,14,55301.91666666667,29461.666666666664,25840.25,-3621.4166666666665,7
A3LXARU55PR281,ns,20-2,20.0,2000.0,15,61615.75,21668.75,35622.25,13953.5,7
A3TR3KIRG5PCZ8,prim,20-2,20.0,2000.0,5,9247.0,1642.0,5086.0,3444.0,2
A3TR3KIRG5PCZ8,prim,20-2,20.0,2000.0,6,12846.3125,7953.875,4892.4375,-3061.4375,3
A3TR3KIRG5PCZ8,prim,20-2,20.0,2000.0,7,16025.0,5309.5125,7864.975,2555.4625,3
A3TR3KIRG5PCZ8,prim,20-2,20.0,2000.0,8,18345.604166666668,10921.260416666666,7424.34375,-3496.916666666667,4
A3TR3KIRG5PCZ8,prim,20-2,20.0,2000.0,9,19357.333333333332,6963.916666666667,9103.416666666666,2139.5,4
A3U2A632YWEX7B,prim,20-2,20.0,2000.0,5,68352.19999694824,12484.050000190735,44616.54999732971,32132.499997138977,2
A3U2A632YWEX7B,prim,20-2,20.0,2000.0,6,38214.60000419617,30102.900003433228,8111.700000762939,-21991.200002670288,3
A3U2A632YWEX7B,prim,20-2,20.0,2000.0,7,72301.35000038147,21403.000000953674,45188.79999923706,23785.799998283386,3
A3U2A632YWEX7B,prim,20-2,20.0,2000.0,8,51080.099999427795,29428.44999885559,21651.650000572205,-7776.799998283386,4
A3U2A632YWEX7B,prim,20-2,20.0,2000.0,9,65442.08749914169,24029.550000667572,34538.849999427795,10509.299998760223,4
A3U2A632YWEX7B,prim,20-2,20.0,2000.0,10,69252.84374976158,39355.83750009537,29897.006249666214,-9458.831250429153,5
A3U2A632YWEX7B,prim,20-2,20.0,2000.0,11,67599.47499966621,28721.962500333786,33586.48749923706,4864.5249989032745,5
A3U2A632YWEX7B,prim,20-2,20.0,2000.0,12,61828.50000190735,37926.00000190735,23902.5,-14023.500001907349,6
A3U2A632YWEX7B,prim,20-2,20.0,2000.0,13,70700.02222315471,26026.605556382074,40478.62222173479,14452.016665352718,6
A3U2A632YWEX7B,prim,20-2,20.0,2000.0,14,76070.92500138283,36048.0,40022.92500138283,3974.9250013828278,7
A3U2A632YWEX7B,prim,20-2,20.0,2000.0,15,72226.99999872844,34578.466665267944,33144.56666692098,-1433.8999983469646,7
A3U2A632YWEX7B,prim,20-2,20.0,2000.0,17,75482.39999961853,35648.59999847412,35508.50000190735,-140.09999656677246,8
A3U69MNO1JC7V4,rec,20-2,20.0,2000.0,8,44374.0,20572.0,23802.0,3230.0,4
A3U69MNO1JC7V4,rec,20-2,20.0,2000.0,9,31937.0,16736.0,11616.0,-5120.0,4
A3U69MNO1JC7V4,rec,20-2,20.0,2000.0,10,59051.0,23245.0,35806.0,12561.0,5
A3U69MNO1JC7V4,rec,20-2,20.0,2000.0,11,52353.666666666664,18558.833333333332,28289.5,9730.666666666666,5
A3U69MNO1JC7V4,rec,20-2,20.0,2000.0,12,52577.0,32948.0,19629.0,-13319.0,6
A3U69MNO1JC7V4,rec,20-2,20.0,2000.0,13,58055.4,23547.68888888889,29068.022222222222,5520.333333333333,6
A3U69MNO1JC7V4,rec,20-2,20.0,2000.0,14,60354.125,29605.875,30748.25,1142.375,7
A3U69MNO1JC7V4,rec,20-2,20.0,2000.0,15,66113.125,26117.5,34968.875,8851.375,7
A3U69MNO1JC7V4,rec,20-2,20.0,2000.0,16,65813.33333333333,31608.22222222222,34205.11111111112,2596.888888888889,8
A3U69MNO1JC7V4,rec,20-2,20.0,2000.0,17,68971.125,33897.25,30683.625,-3213.625,8
A3U69MNO1JC7V4,rec,20-2,20.0,2000.0,18,67759.5,35162.0,32597.5,-2564.5,9
A3UMHUWJKRGKNR,rec,20-2,20.0,2000.0,5,51910.39999997616,24052.0,23283.599999964237,-768.4000000357628,2
A3UMHUWJKRGKNR,rec,20-2,20.0,2000.0,6,68827.89999997616,50291.700000047684,18536.199999928474,-31755.50000011921,3
A3UMHUWJKRGKNR,rec,20-2,20.0,2000.0,7,52438.499999821186,19228.0,23876.39999985695,4648.399999856949,3
A3UMHUWJKRGKNR,rec,20-2,20.0,2000.0,8,67969.3999999538,33520.81249996275,34448.58749999106,927.7750000283127,4
A3UMHUWJKRGKNR,rec,20-2,20.0,2000.0,9,51953.35000000397,17953.616666674614,26293.30000001192,8339.683333337307,4
A3UMHUWJKRGKNR,rec,20-2,20.0,2000.0,10,69201.99166665475,36408.09583336612,32793.89583328863,-3614.200000077486,5
A3UMHUWJKRGKNR,rec,20-2,20.0,2000.0,11,64289.71250003825,25244.55833330502,33964.94583336512,8720.387500060102,5
A3UMHUWJKRGKNR,rec,20-2,20.0,2000.0,12,71682.16666652758,34865.46666659912,36816.699999928474,1951.2333333293598,6
A3UMHUWJKRGKNR,rec,20-2,20.0,2000.0,13,68851.59166661899,25789.77222218778,36771.52500000596,10981.752777818176,6
A3UMHUWJKRGKNR,rec,20-2,20.0,2000.0,15,69871.80000007153,25723.100000023842,40466.60000002384,14743.5,7
A3UMHUWJKRGKNR,rec,20-2,20.0,2000.0,16,80126.2999997735,33720.69999986887,46405.59999990463,12684.900000035763,8
A3VW5PI9ZX9DOD,ns,20-2,20.0,2000.0,3,16762.25000023842,0.0,12296.400000095367,12296.400000095367,1
A3VW5PI9ZX9DOD,ns,20-2,20.0,2000.0,4,34112.89999961853,19504.699999968212,14608.19999965032,-4896.500000317891,2
A3VW5PI9ZX9DOD,ns,20-2,20.0,2000.0,5,26664.049999952316,7213.200000047684,15971.799999952316,8758.599999904633,2
A3VW5PI9ZX9DOD,ns,20-2,20.0,2000.0,6,58264.800000190735,43620.09999990463,14644.700000286102,-28975.39999961853,3
A3VW5PI9ZX9DOD,ns,20-2,20.0,2000.0,7,33101.34999982516,16137.98333311081,13964.999999841053,-2172.983333269755,3
A3VW5PI9ZX9DOD,ns,20-2,20.0,2000.0,8,46406.812499940395,28308.88749974966,18097.925000190735,-10210.962499558926,4
A3VW5PI9ZX9DOD,ns,20-2,20.0,2000.0,9,55587.37500011921,22212.525000333786,29331.999999642372,7119.474999308586,4
A3VW5PI9ZX9DOD,ns,20-2,20.0,2000.0,10,45622.82500064373,23165.950000286102,22456.875000357628,-709.0749999284744,5
A3VW5PI9ZX9DOD,ns,20-2,20.0,2000.0,11,50023.10000085831,26566.70000076294,21209.5,-5357.200000762939,5
A4HWADFPGP45G,ns,20-2,20.0,2000.0,4,60934.199999809265,42788.74999988079,18145.449999928474,-24643.299999952316,2
A4HWADFPGP45G,ns,20-2,20.0,2000.0,5,42658.29999947548,13502.200000047684,21144.099999666214,7641.89999961853,2
A4HWADFPGP45G,ns,20-2,20.0,2000.0,6,50053.977777693006,30686.022222095064,19367.955555597942,-11318.066666497127,3
A4HWADFPGP45G,ns,20-2,20.0,2000.0,7,58104.867499861124,21335.14083336095,29094.08208319346,7758.941249832511,3
A4HWADFPGP45G,ns,20-2,20.0,2000.0,8,63047.27499970794,40121.98749986291,22925.287499845028,-17196.70000001788,4
A4HWADFPGP45G,ns,20-2,20.0,2000.0,9,66343.46249994636,27013.024999976158,34285.23750001192,7272.212500035763,4
A4HWADFPGP45G,ns,20-2,20.0,2000.0,10,61531.025000313915,40572.791666944824,20958.233333369095,-19614.558333575726,5
A4HWADFPGP45G,ns,20-2,20.0,2000.0,11,63914.67500001192,32454.049999952316,26494.825000047684,-5959.224999904633,5
A4HWADFPGP45G,ns,20-2,20.0,2000.0,12,55391.07499986887,34014.950000047684,21376.124999821186,-12638.825000226498,6
A4HWADFPGP45G,ns,20-2,20.0,2000.0,13,52312.59999990463,17719.200000047684,23320.900000095367,5601.700000047684,6
A4HWADFPGP45G,ns,20-2,20.0,2000.0,15,70300.09999990463,33500.799999952316,33528.5,27.700000047683716,7
AFRKVRPZ2RHY8,rec,20-2,20.0,2000.0,6,23041.000000357628,12974.000000238419,10067.00000011921,-2907.0000001192093,3
AFRKVRPZ2RHY8,rec,20-2,20.0,2000.0,9,20573.15000000596,4668.900000035763,13599.924999952316,8931.024999916553,4
AFRKVRPZ2RHY8,rec,20-2,20.0,2000.0,10,21088.716666713357,9661.058333342273,11427.658333371084,1766.600000028809,5
AFRKVRPZ2RHY8,rec,20-2,20.0,2000.0,11,26592.525000095367,7659.033333361149,16481.25833342473,8822.225000063578,5
AFRKVRPZ2RHY8,rec,20-2,20.0,2000.0,12,24649.033333341282,10774.799999992052,13874.233333349228,3099.4333333571753,6
AHZCC2V399WUN,ns,20-2,20.0,2000.0,4,11920.900000035763,9329.149999976158,2591.7500000596046,-6737.3999999165535,2
AHZCC2V399WUN,ns,20-2,20.0,2000.0,5,21396.683928774935,5204.921428684678,12715.207142825637,7510.285714140959,2
AHZCC2V399WUN,ns,20-2,20.0,2000.0,6,21443.993749976158,13296.793750047684,8147.199999928474,-5149.593750119209,3
AHZCC2V399WUN,ns,20-2,20.0,2000.0,7,23326.899999827147,7272.074999928474,12898.793749943376,5626.718750014901,3
AHZCC2V399WUN,ns,20-2,20.0,2000.0,8,27418.37500011921,16396.60000014305,11021.774999976158,-5374.825000166894,4
AHZCC2V399WUN,ns,20-2,20.0,2000.0,9,34357.72500026226,13154.675000071526,17208.175000190735,4053.5000001192093,4
AHZCC2V399WUN,ns,20-2,20.0,2000.0,10,45179.89999914169,27374.699999332428,17805.199999809265,-9569.499999523163,5
AJABAPM32ETMN,rec,20-2,20.0,2000.0,5,29410.0,4744.0,14184.0,9440.0,2
AJABAPM32ETMN,rec,20-2,20.0,2000.0,6,25074.5,16423.5,8651.0,-7772.5,3
AJABAPM32ETMN,rec,20-2,20.0,2000.0,7,31302.333333333332,8482.055555555555,14101.055555555557,5619.0,3
AJABAPM32ETMN,rec,20-2,20.0,2000.0,8,38867.77777777778,22863.833333333332,16003.944444444443,-6859.88888888889,4
AJABAPM32ETMN,rec,20-2,20.0,2000.0,9,44906.16666666667,15946.833333333332,25344.833333333336,9398.0,4
AJABAPM32ETMN,rec,20-2,20.0,2000.0,10,51729.25,27029.5,24699.75,-2329.75,5
AJABAPM32ETMN,rec,20-2,20.0,2000.0,11,47736.0,18587.5,24515.75,5928.25,5
AJABAPM32ETMN,rec,20-2,20.0,2000.0,12,55061.5,28050.0,27011.5,-1038.5,6
AK1EF4NACR1UJ,prim,20-2,20.0,2000.0,6,61374.124999940395,39287.524999797344,22086.60000014305,-17200.924999654293,3
AK1EF4NACR1UJ,prim,20-2,20.0,2000.0,8,68472.85555526946,35425.6444445716,33047.211110697855,-2378.433333873749,4
AK1EF4NACR1UJ,prim,20-2,20.0,2000.0,9,54832.82499921322,27143.474999547005,18665.674999952316,-8477.799999594688,4
AK1EF4NACR1UJ,prim,20-2,20.0,2000.0,10,64360.69166700045,39904.23333325982,24456.458333740633,-15447.77499951919,5
AK1EF4NACR1UJ,prim,20-2,20.0,2000.0,11,62765.940000003575,24536.12500013113,32290.437499970198,7754.312499839068,5
AK1EF4NACR1UJ,prim,20-2,20.0,2000.0,12,62113.581250190735,38201.60000017285,23911.98125001788,-14289.618750154972,6
AK1EF4NACR1UJ,prim,20-2,20.0,2000.0,13,57327.487500309944,26380.91250014305,24233.537500083447,-2147.3750000596046,6
AK1EF4NACR1UJ,prim,20-2,20.0,2000.0,14,63135.699999809265,29472.900000095367,33662.7999997139,4189.89999961853,7
AK1EF4NACR1UJ,prim,20-2,20.0,2000.0,16,60866.59999990463,34383.50000047684,26483.099999427795,-7900.400001049042,8
AKIT35WR8HEQ3,prim,20-2,20.0,2000.0,3,7506.60000000149,0.0,4313.200000001118,4313.200000001118,1
AKIT35WR8HEQ3,prim,20-2,20.0,2000.0,5,37986.80624999215,9276.981249902554,18726.12083340576,9449.139583503205,2
AKIT35WR8HEQ3,prim,20-2,20.0,2000.0,6,25888.069999928277,15785.303333281352,10102.766666646923,-5682.536666634431,3
AKIT35WR8HEQ3,prim,20-2,20.0,2000.0,7,42623.75833346384,10887.133333325386,24833.716666782275,13946.583333456889,3
AKIT35WR8HEQ3,prim,20-2,20.0,2000.0,8,47936.70000013858,23747.8283334439,24188.871666694682,441.0433332507807,4
AKIT35WR8HEQ3,prim,20-2,20.0,2000.0,9,44403.94166660309,16069.049999982119,21517.91666661948,5448.866666637361,4
AKIT35WR8HEQ3,prim,20-2,20.0,2000.0,10,70243.5000000298,35205.5000000298,35038.0,-167.50000002980232,5
AKIT35WR8HEQ3,prim,20-2,20.0,2000.0,11,63956.10000000894,18894.60000000894,35849.5,16954.89999999106,5
AKIT35WR8HEQ3,prim,20-2,20.0,2000.0,12,39275.90000000596,25855.09999999404,13420.800000011921,-12434.299999982119,6
AKIT35WR8HEQ3,prim,20-2,20.0,2000.0,13,66152.90000000596,17890.09999999404,32846.0,14955.90000000596,6
AP9WIQ4P78XLH,rec,20-2,20.0,2000.0,4,7759.0,4288.333333333333,3470.6666666666665,-817.6666666666666,2
AP9WIQ4P78XLH,rec,20-2,20.0,2000.0,5,28122.44999999553,3446.2999999970198,22518.10000000149,19071.80000000447,2
AP9WIQ4P78XLH,rec,20-2,20.0,2000.0,6,27168.991666669648,7157.866666665922,20011.125000003725,12853.258333337804,3
AP9WIQ4P78XLH,rec,20-2,20.0,2000.0,7,22215.13333333598,3665.6444444451067,16463.400000000995,12797.755555555887,3
AP9WIQ4P78XLH,rec,20-2,20.0,2000.0,8,28874.162500003975,10681.712500002235,18192.450000001736,7510.737499999503,4
AP9WIQ4P78XLH,rec,20-2,20.0,2000.0,9,28858.0,5721.5,20233.0,14511.5,4
AP9WIQ4P78XLH,rec,20-2,20.0,2000.0,10,51649.1166666771,11011.300000011921,40637.81666666518,29626.516666653253,5
AP9WIQ4P78XLH,rec,20-2,20.0,2000.0,11,58386.0,8064.0,48518.0,40454.0,5
AR9AU5FY1S3RO,rec,20-2,20.0,2000.0,5,15711.649999976158,1803.7000000029802,11916.749999970198,10113.049999967217,2
AR9AU5FY1S3RO,rec,20-2,20.0,2000.0,6,25586.891666658223,13307.116666667163,12279.77499999106,-1027.341666676104,3
AR9AU5FY1S3RO,rec,20-2,20.0,2000.0,7,39303.20000003775,3870.383333350221,33250.53333335618,29380.15000000596,3
AR9AU5FY1S3RO,rec,20-2,20.0,2000.0,8,47252.39999996623,20826.466666668653,26425.93333329757,5599.466666628917,4
AR9AU5FY1S3RO,rec,20-2,20.0,2000.0,9,49813.375000003725,8215.475000005215,37608.024999994785,29392.54999998957,4
AR9AU5FY1S3RO,rec,20-2,20.0,2000.0,10,36501.12222220335,13049.411111111442,23451.711111091903,10402.299999980463,5
AR9AU5FY1S3RO,rec,20-2,20.0,2000.0,11,39766.08888889352,9232.888888885578,27700.855555550923,18467.966666665343,5
AR9AU5FY1S3RO,rec,20-2,20.0,2000.0,13,40864.79999996722,10769.399999976158,27687.44999998808,16918.05000001192,6
AR9AU5FY1S3RO,rec,20-2,20.0,2000.0,14,63479.30000004172,24498.600000023842,38980.70000001788,14482.09999999404,7
AXCDKBG1R43GE,ns,20-2,20.0,2000.0,6,40532.499999999534,22952.899999999907,17579.599999999627,-5373.300000000279,3
AXCDKBG1R43GE,ns,20-2,20.0,2000.0,7,34386.000000000466,13035.0,17059.900000000373,4024.9000000003725,3
AXCDKBG1R43GE,ns,20-2,20.0,2000.0,8,43263.17916667735,19434.770833336825,23828.408333340525,4393.637500003698,4
AXCDKBG1R43GE,ns,20-2,20.0,2000.0,9,55961.59999999116,25240.77499999754,24469.43333332637,-771.3416666711664,4
AXCDKBG1R43GE,ns,20-2,20.0,2000.0,10,56675.049999995856,28194.02333332111,28481.026666674745,287.0033333536312,5
AXCDKBG1R43GE,ns,20-2,20.0,2000.0,11,56328.11666670835,19692.37777778035,32109.455555587698,12417.07777780734,5
AXCDKBG1R43GE,ns,20-2,20.0,2000.0,12,51904.89999999385,27873.033333331347,24031.866666662507,-3841.1666666688393,6
AXCDKBG1R43GE,ns,20-2,20.0,2000.0,13,59147.42500004172,26265.900000080466,28926.599999949336,2660.699999868869,6
A102WSFN62OS6I,ns,40-1,40.0,1000.0,10,31667.5,16235.5,15432.0,-803.5,5
A102WSFN62OS6I,ns,40-1,40.0,1000.0,11,51544.5,19156.5,26459.5,7303.0,5
A102WSFN62OS6I,ns,40-1,40.0,1000.0,12,48588.666666666664,24721.0,23867.666666666668,-853.3333333333334,6
A102WSFN62OS6I,ns,40-1,40.0,1000.0,13,54041.0,19218.875,31291.875,12073.0,6
A102WSFN62OS6I,ns,40-1,40.0,1000.0,14,57718.8,32828.6,24890.2,-7938.4,7
A102WSFN62OS6I,ns,40-1,40.0,1000.0,15,57229.77777777778,22776.88888888889,29086.88888888889,6310.0,7
A102WSFN62OS6I,ns,40-1,40.0,1000.0,16,53025.166666666664,27140.333333333332,25884.833333333332,-1255.5,8
A102WSFN62OS6I,ns,40-1,40.0,1000.0,17,64151.25,27952.25,32719.75,4767.5,8
A102WSFN62OS6I,ns,40-1,40.0,1000.0,18,60019.0,29637.0,30382.0,745.0,9
A13WTEQ06V3B6D,rec,40-1,40.0,1000.0,14,46815.399999987334,20406.59999999404,26408.799999993294,6002.199999999255,7
A13WTEQ06V3B6D,rec,40-1,40.0,1000.0,16,67783.60000002384,46316.700000047684,21466.899999976158,-24849.800000071526,8
A13WTEQ06V3B6D,rec,40-1,40.0,1000.0,17,68564.60000008345,16457.000000029802,48159.600000053644,31702.600000023842,8
A13WTEQ06V3B6D,rec,40-1,40.0,1000.0,18,62515.699999999255,39649.399999994785,22866.30000000447,-16783.099999990314,9
A13WTEQ06V3B6D,rec,40-1,40.0,1000.0,19,54060.27499999385,25209.274999999907,26058.062499994412,848.7874999945052,9
A13WTEQ06V3B6D,rec,40-1,40.0,1000.0,20,59502.370833343055,29451.42916667927,30050.941666663777,599.5124999845091,10
A13WTEQ06V3B6D,rec,40-1,40.0,1000.0,21,64884.858333326876,26681.016666647047,35491.73333335047,8810.716666703423,10
A13WTEQ06V3B6D,rec,40-1,40.0,1000.0,22,69102.17222219995,34302.927777734476,34799.244444465476,496.31666673099,11
A13WTEQ06V3B6D,rec,40-1,40.0,1000.0,23,75112.87999998704,32237.613333337504,39315.573333319524,7077.959999982019,11
A13WTEQ06V3B6D,rec,40-1,40.0,1000.0,24,75721.69999957085,31996.299999713898,43725.39999985695,11729.100000143051,12
A13WTEQ06V3B6D,rec,40-1,40.0,1000.0,25,78221.20000004768,32310.300000026822,44878.60000002384,12568.29999999702,12
A178HXQENEAI65,rec,40-1,40.0,1000.0,11,44066.849999308586,16573.525000214577,24080.07499921322,7506.549998998642,5
A178HXQENEAI65,rec,40-1,40.0,1000.0,12,46517.2666665713,24137.866666634876,22379.39999993642,-1758.4666666984558,6
A178HXQENEAI65,rec,40-1,40.0,1000.0,13,52234.91666648123,24022.822222259307,24419.844444341128,397.0222220818202,6
A178HXQENEAI65,rec,40-1,40.0,1000.0,14,52468.3555552827,31562.28611091773,20906.06944436497,-10656.216666552757,7
A178HXQENEAI65,rec,40-1,40.0,1000.0,15,58928.85666689078,25769.496666908264,29690.12666668097,3920.6299997727074,7
A178HXQENEAI65,rec,40-1,40.0,1000.0,16,53508.25625002384,30452.500000059605,23055.756249964237,-7396.743750095367,8
A178HXQENEAI65,rec,40-1,40.0,1000.0,17,60945.03333335452,24597.252777576447,30900.897222386466,6303.644444810019,8
A178HXQENEAI65,rec,40-1,40.0,1000.0,18,53268.699999809265,27731.599999904633,25537.099999904633,-2194.5,9
A178HXQENEAI65,rec,40-1,40.0,1000.0,19,59477.09999990463,26220.60000014305,30519.349999666214,4298.749999523163,9
A1BLHM2IDH7DH4,prim,40-1,40.0,1000.0,6,48035.0,33389.0,14646.0,-18743.0,3
A1BLHM2IDH7DH4,prim,40-1,40.0,1000.0,7,68880.0,33082.75,30932.75,-2150.0,3
A1BLHM2IDH7DH4,prim,40-1,40.0,1000.0,8,63369.0,42251.0,21118.0,-21133.0,4
A1BLHM2IDH7DH4,prim,40-1,40.0,1000.0,9,56348.0,32194.0,19150.0,-13044.0,4
A1BLHM2IDH7DH4,prim,40-1,40.0,1000.0,10,57355.0,28962.0,28393.0,-569.0,5
A1BLHM2IDH7DH4,prim,40-1,40.0,1000.0,11,63659.5,20228.0,38177.5,17949.5,5
A1BLHM2IDH7DH4,prim,40-1,40.0,1000.0,12,67058.5,36061.0,30997.5,-5063.5,6
A1BLHM2IDH7DH4,prim,40-1,40.0,1000.0,13,80604.0,26471.0,46884.0,20413.0,6
A1BLHM2IDH7DH4,prim,40-1,40.0,1000.0,14,71218.25,38111.5,33106.75,-5004.75,7
A1BLHM2IDH7DH4,prim,40-1,40.0,1000.0,15,74006.29166666667,33535.333333333336,35787.541666666664,2252.2083333333335,7
A1BLHM2IDH7DH4,prim,40-1,40.0,1000.0,16,78384.69444444444,38792.77777777778,39591.916666666664,799.138888888889,8
A1BLHM2IDH7DH4,prim,40-1,40.0,1000.0,17,78750.66666666666,33905.08333333333,39497.16666666667,5592.083333333334,8
A1BLHM2IDH7DH4,prim,40-1,40.0,1000.0,18,79911.83333333333,37448.0,42463.833333333336,5015.833333333333,9
A1BLHM2IDH7DH4,prim,40-1,40.0,1000.0,19,80768.0,29887.0,48231.0,18344.0,9
A1BLHM2IDH7DH4,prim,40-1,40.0,1000.0,20,78684.0,41638.0,37046.0,-4592.0,10
A1DJB12ZI46GPX,prim,40-1,40.0,1000.0,3,26756.0,0.0,16966.0,16966.0,1
A1DJB12ZI46GPX,prim,40-1,40.0,1000.0,4,16955.0,10877.0,6078.0,-4799.0,2
A1DJB12ZI46GPX,prim,40-1,40.0,1000.0,5,77387.0,13771.0,10634.0,-3137.0,2
A1DJB12ZI46GPX,prim,40-1,40.0,1000.0,6,60748.0,51588.0,9160.0,-42428.0,3
A1DJB12ZI46GPX,prim,40-1,40.0,1000.0,7,44478.5,12214.5,17572.0,5357.5,3
A1DJB12ZI46GPX,prim,40-1,40.0,1000.0,8,53638.875,31295.625,22343.25,-8952.375,4
A1DJB12ZI46GPX,prim,40-1,40.0,1000.0,9,53510.833333333336,17210.666666666668,30392.0,13181.333333333334,4
A1DJB12ZI46GPX,prim,40-1,40.0,1000.0,10,54665.88888888888,29462.55555555556,25203.333333333332,-4259.222222222222,5
A1DJB12ZI46GPX,prim,40-1,40.0,1000.0,11,65628.0,23034.416666666664,36516.583333333336,13482.166666666666,5
A1DJB12ZI46GPX,prim,40-1,40.0,1000.0,12,63982.666666666664,34478.83333333333,29503.833333333336,-4975.0,6
A1DJB12ZI46GPX,prim,40-1,40.0,1000.0,13,63910.16666666667,25290.416666666664,34452.666666666664,9162.25,6
A1DJB12ZI46GPX,prim,40-1,40.0,1000.0,14,66831.0,37866.333333333336,28964.666666666668,-8901.666666666666,7
A1DJB12ZI46GPX,prim,40-1,40.0,1000.0,15,76941.0,23797.0,48755.0,24958.0,7
A1DZMZTXWOM9MR,rec,40-1,40.0,1000.0,4,46508.300000000745,7856.200000001118,38652.09999999963,30795.89999999851,2
A1DZMZTXWOM9MR,rec,40-1,40.0,1000.0,5,38929.658333333675,3506.000000000543,30233.72916666651,26727.729166665966,2
A1DZMZTXWOM9MR,rec,40-1,40.0,1000.0,6,41293.56666666549,19583.666666666046,21709.89999999944,2126.2333333333954,3
A1DZMZTXWOM9MR,rec,40-1,40.0,1000.0,7,50480.511111110856,7844.7055555558245,36796.972222221906,28952.26666666609,3
A1DZMZTXWOM9MR,rec,40-1,40.0,1000.0,8,55280.93749999977,21070.59999999986,34210.33749999991,13139.737500000047,4
A1DZMZTXWOM9MR,rec,40-1,40.0,1000.0,9,67194.76250000321,11665.750000001164,52423.97500000126,40758.22500000009,4
A1DZMZTXWOM9MR,rec,40-1,40.0,1000.0,10,72058.46666666183,24236.399999997888,47822.06666666394,23585.666666666046,5
A1DZMZTXWOM9MR,rec,40-1,40.0,1000.0,11,77087.99999999627,21396.399999994785,52379.400000002235,30983.00000000745,5
A1EU59VMI8GL4K,rec,40-1,40.0,1000.0,7,37374.75,14465.5,18528.083333333336,4062.5833333333335,3
A1EU59VMI8GL4K,rec,40-1,40.0,1000.0,8,34461.416666666664,18408.416666666668,16053.0,-2355.4166666666665,4
A1EU59VMI8GL4K,rec,40-1,40.0,1000.0,9,44111.60833333334,14057.858333333334,22422.38333333333,8364.525000000001,4
A1EU59VMI8GL4K,rec,40-1,40.0,1000.0,10,46047.083333333336,22250.75,23796.333333333332,1545.5833333333333,5
A1EU59VMI8GL4K,rec,40-1,40.0,1000.0,11,48156.5,19840.333333333332,24585.083333333332,4744.75,5
A1EU59VMI8GL4K,rec,40-1,40.0,1000.0,12,45461.0,22528.5,22932.5,404.0,6
A1EU59VMI8GL4K,rec,40-1,40.0,1000.0,13,51188.5,18638.0,29270.0,10632.0,6
A1F0VEHWK3IAF4,ns,40-1,40.0,1000.0,3,22170.599999904633,0.0,8336.400000095367,8336.400000095367,1
A1F0VEHWK3IAF4,ns,40-1,40.0,1000.0,4,31102.40000006888,23665.522222310305,7436.877777758571,-16228.644444551734,2
A1F0VEHWK3IAF4,ns,40-1,40.0,1000.0,5,37634.37499991804,8909.487499967217,22628.63749998808,13719.150000020862,2
A1F0VEHWK3IAF4,ns,40-1,40.0,1000.0,6,33440.889999953906,20004.02999996046,13436.859999993443,-6567.169999967019,3
A1F0VEHWK3IAF4,ns,40-1,40.0,1000.0,7,41039.34166675558,12945.108333341777,22344.641666715346,9399.533333373565,3
A1F0VEHWK3IAF4,ns,40-1,40.0,1000.0,8,47479.86250004172,24244.00000004843,23235.862499993294,-1008.1375000551343,4
A1F0VEHWK3IAF4,ns,40-1,40.0,1000.0,9,57840.19999971986,15668.450000062585,36238.94999974966,20570.499999687076,4
A1F0VEHWK3IAF4,ns,40-1,40.0,1000.0,10,79044.00000047684,45526.10000038147,33517.90000009537,-12008.200000286102,5
A1F0VEHWK3IAF4,ns,40-1,40.0,1000.0,14,74645.90000006557,39269.10000002384,35376.80000004172,-3892.2999999821186,7
A1HGWCCIWP7AO0,ns,40-1,40.0,1000.0,8,47758.4500002861,30222.5,17535.950000286102,-12686.549999713898,4
A1HGWCCIWP7AO0,ns,40-1,40.0,1000.0,10,57013.68333244324,30460.483332633972,26553.199999809265,-3907.283332824707,5
A1HGWCCIWP7AO0,ns,40-1,40.0,1000.0,11,68086.26666752498,25443.0,35663.616667429604,10220.616667429607,5
A1HGWCCIWP7AO0,ns,40-1,40.0,1000.0,12,59733.75000047684,33379.84999974568,26353.900000731148,-7025.949999014537,6
A1HGWCCIWP7AO0,ns,40-1,40.0,1000.0,13,66135.68333323796,26075.98333422343,31933.716665585835,5857.733331362407,6
A1HGWCCIWP7AO0,ns,40-1,40.0,1000.0,14,68666.14444319408,40295.33333206177,28370.811111132305,-11924.522220929464,7
A1HGWCCIWP7AO0,ns,40-1,40.0,1000.0,15,64081.09999895096,25898.949999809265,34112.39999914169,8213.449999332428,7
A1HGWCCIWP7AO0,ns,40-1,40.0,1000.0,16,68249.50000095367,34897.60000085831,33351.90000009537,-1545.7000007629395,8
A1IL5P5H5VRW0D,prim,40-1,40.0,1000.0,3,28537.700000047687,0.0,12813.5,12813.5,1
A1IL5P5H5VRW0D,prim,40-1,40.0,1000.0,5,26323.650000035763,7266.700000047684,14726.350000023842,7459.649999976158,2
A1IL5P5H5VRW0D,prim,40-1,40.0,1000.0,6,31590.233333339293,23111.799999992054,8478.43333334724,-14633.366666644812,3
A1IL5P5H5VRW0D,prim,40-1,40.0,1000.0,7,33317.75000012318,10974.850000051658,18210.010000069935,7235.160000018278,3
A1IL5P5H5VRW0D,prim,40-1,40.0,1000.0,8,55638.16666673621,30967.466666728258,24670.700000007946,-6296.766666720311,4
A1IL5P5H5VRW0D,prim,40-1,40.0,1000.0,9,41552.087500045694,14267.945833310485,20756.779166730743,6488.833333420257,4
A1IL5P5H5VRW0D,prim,40-1,40.0,1000.0,10,50903.4399998039,29347.905833218,21555.5341665859,-7792.371666632096,5
A1IL5P5H5VRW0D,prim,40-1,40.0,1000.0,11,54397.949999950826,21468.724999971688,27357.900000035763,5889.175000064075,5
A1IL5P5H5VRW0D,prim,40-1,40.0,1000.0,12,57734.0499997735,29679.54999987036,28054.499999903142,-1625.0499999672174,6
A1J5OW12TRQSOW,ns,40-1,40.0,1000.0,7,28079.700000286102,11935.700000047684,13862.200000047684,1926.5,3
A1J5OW12TRQSOW,ns,40-1,40.0,1000.0,9,59751.199999809265,15057.099999904633,35440.299999952316,20383.200000047684,4
A1J5OW12TRQSOW,ns,40-1,40.0,1000.0,11,56882.69999988377,19403.799999922514,29846.299999937415,10442.500000014901,5
A1J5OW12TRQSOW,ns,40-1,40.0,1000.0,12,65686.11666684847,30161.733333463468,35524.38333338499,5362.64999992152,6
A1J5OW12TRQSOW,ns,40-1,40.0,1000.0,13,57956.80000009388,22455.725000046194,30401.050000034273,7945.32499998808,6
A1J5OW12TRQSOW,ns,40-1,40.0,1000.0,14,67406.30000003675,28188.05000006159,39218.24999997516,11030.199999913573,7
A1J5OW12TRQSOW,ns,40-1,40.0,1000.0,15,66365.42499998212,24021.049999952316,38215.7500000298,14194.700000077486,7
A1J5OW12TRQSOW,ns,40-1,40.0,1000.0,16,54442.699999809265,26460.60000026226,27982.099999547005,1521.4999992847443,8
A1J5OW12TRQSOW,ns,40-1,40.0,1000.0,18,65557.69999980927,28871.199999570847,36686.50000023842,7815.300000667572,9
A1KCSGTT6Y26LH,prim,40-1,40.0,1000.0,6,52114.0,27246.0,24868.0,-2378.0,3
A1KCSGTT6Y26LH,prim,40-1,40.0,1000.0,7,29641.25,10637.5,13925.25,3287.75,3
A1KCSGTT6Y26LH,prim,40-1,40.0,1000.0,8,34534.75,22230.041666666664,12304.708333333334,-9925.333333333332,4
A1KCSGTT6Y26LH,prim,40-1,40.0,1000.0,9,29244.5,8471.0,17474.0,9003.0,4
A1KCSGTT6Y26LH,prim,40-1,40.0,1000.0,10,46885.725,27939.725,18946.0,-8993.725,5
A1KCSGTT6Y26LH,prim,40-1,40.0,1000.0,11,54588.77777777778,19305.55555555556,31761.88888888889,12456.333333333334,5
A1KCSGTT6Y26LH,prim,40-1,40.0,1000.0,12,48595.375,27943.0,20652.375,-7290.625,6
A1KCSGTT6Y26LH,prim,40-1,40.0,1000.0,13,50142.333333333336,21942.0,24112.0,2170.0,6
A1KCSGTT6Y26LH,prim,40-1,40.0,1000.0,14,35855.0,26101.0,9754.0,-16347.0,7
A1KCSGTT6Y26LH,prim,40-1,40.0,1000.0,16,58062.72222222222,31908.277777777777,26154.44444444444,-5753.833333333333,8
A1RQ8PX7A0CH3C,rec,40-1,40.0,1000.0,7,74593.0,13953.0,47768.0,33815.0,3
A1RQ8PX7A0CH3C,rec,40-1,40.0,1000.0,8,74257.0,31971.666666666668,42285.333333333336,10313.666666666666,4
A1RQ8PX7A0CH3C,rec,40-1,40.0,1000.0,9,65497.75,20951.75,29471.0,8519.25,4
A1RQ8PX7A0CH3C,rec,40-1,40.0,1000.0,10,68491.5,39273.5,29218.0,-10055.5,5
A1RQ8PX7A0CH3C,rec,40-1,40.0,1000.0,11,67279.22916666667,21277.020833333332,41110.708333333336,19833.6875,5
A1RQ8PX7A0CH3C,rec,40-1,40.0,1000.0,12,73000.75,42798.5,30202.25,-12596.25,6
A1RQ8PX7A0CH3C,rec,40-1,40.0,1000.0,13,71171.0,26036.5,40661.5,14625.0,6
A1RQ8PX7A0CH3C,rec,40-1,40.0,1000.0,14,75043.55555555556,37159.38888888888,37884.166666666664,724.7777777777774,7
A1RQ8PX7A0CH3C,rec,40-1,40.0,1000.0,15,78455.0,31246.5,44024.25,12777.75,7
A1RQ8PX7A0CH3C,rec,40-1,40.0,1000.0,16,71171.16666666667,35411.0,35760.166666666664,349.1666666666667,8
A1RQ8PX7A0CH3C,rec,40-1,40.0,1000.0,18,81106.5,39791.0,41315.5,1524.5,9
A1RQ8PX7A0CH3C,rec,40-1,40.0,1000.0,19,77197.0,32807.0,41370.0,8563.0,9
A1RQ8PX7A0CH3C,rec,40-1,40.0,1000.0,24,43410.0,23423.0,19987.0,-3436.0,12
A1RY1N37JYUHBU,prim,40-1,40.0,1000.0,5,51606.40000009537,27519.5,16122.100000143051,-11397.399999856949,2
A1RY1N37JYUHBU,prim,40-1,40.0,1000.0,6,65301.10000014305,52409.60000014305,12891.5,-39518.10000014305,3
A1RY1N37JYUHBU,prim,40-1,40.0,1000.0,7,73778.55000007153,38444.75,26742.650000095367,-11702.099999904633,3
A1RY1N37JYUHBU,prim,40-1,40.0,1000.0,8,60662.32500016689,37628.000000178814,23034.32499998808,-14593.675000190735,4
A1RY1N37JYUHBU,prim,40-1,40.0,1000.0,9,70513.17500025034,23109.849999845028,37371.475000321865,14261.625000476837,4
A1RY1N37JYUHBU,prim,40-1,40.0,1000.0,10,66506.8133333842,36155.410000093776,30351.40333329042,-5804.0066668033605,5
A1RY1N37JYUHBU,prim,40-1,40.0,1000.0,11,73029.82499986887,35730.67500036955,33901.599999547005,-1829.075000822544,5
A1RY1N37JYUHBU,prim,40-1,40.0,1000.0,12,66790.82222245798,29553.477777878445,37237.344444579554,7683.866666701105,6
A1RY1N37JYUHBU,prim,40-1,40.0,1000.0,13,74972.23333311081,27177.13333328565,43628.96666653951,16451.83333325386,6
A1RY1N37JYUHBU,prim,40-1,40.0,1000.0,14,73014.40000017484,39650.499999920525,33363.90000025431,-6286.599999666214,7
A1RY1N37JYUHBU,prim,40-1,40.0,1000.0,16,77501.29999923706,41624.2999997139,35876.99999952316,-5747.300000190735,8
A1S54RQW9FDK0X,ns,40-1,40.0,1000.0,7,36405.0,9537.5,23701.0,14163.5,3
A1S54RQW9FDK0X,ns,40-1,40.0,1000.0,8,49290.5,30073.75,19216.75,-10857.0,4
A1S54RQW9FDK0X,ns,40-1,40.0,1000.0,9,44129.666666666664,13531.0,26300.666666666668,12769.666666666666,4
A1S54RQW9FDK0X,ns,40-1,40.0,1000.0,10,50987.73333333334,28910.8,22076.933333333334,-6833.866666666667,5
A1S54RQW9FDK0X,ns,40-1,40.0,1000.0,11,48058.22222222222,21163.777777777777,19049.222222222223,-2114.5555555555557,5
A1S54RQW9FDK0X,ns,40-1,40.0,1000.0,12,49854.791666666664,28131.166666666668,21723.625,-6407.541666666666,6
A1S54RQW9FDK0X,ns,40-1,40.0,1000.0,13,47469.5,19042.0,23713.5,4671.5,6
A1S54RQW9FDK0X,ns,40-1,40.0,1000.0,14,63434.0,37248.0,26186.0,-11062.0,7
A1S54RQW9FDK0X,ns,40-1,40.0,1000.0,15,78401.75,31633.75,41109.0,9475.25,7
A1S54RQW9FDK0X,ns,40-1,40.0,1000.0,16,62356.0,31366.0,30990.0,-376.0,8
A1S54RQW9FDK0X,ns,40-1,40.0,1000.0,21,82619.0,41309.0,37784.0,-3525.0,10
A1TG34GJ1WTN0C,prim,40-1,40.0,1000.0,3,17772.400000095367,0.0,5902.299999713898,5902.299999713898,1
A1TG34GJ1WTN0C,prim,40-1,40.0,1000.0,4,28911.500000059605,22454.233333398897,6457.2666666607065,-15996.966666738192,2
A1TG34GJ1WTN0C,prim,40-1,40.0,1000.0,5,37359.34999997541,6036.062499992549,20735.637499973178,14699.574999980628,2
A1TG34GJ1WTN0C,prim,40-1,40.0,1000.0,6,47652.27500011027,26492.075000151992,21160.199999958277,-5331.875000193715,3
A1TG34GJ1WTN0C,prim,40-1,40.0,1000.0,7,48310.033333294916,16315.466666668653,25233.477777732744,8918.01111106409,3
A1TG34GJ1WTN0C,prim,40-1,40.0,1000.0,8,55660.55000066757,29368.900000214577,26291.650000452995,-3077.2499997615796,4
A1TG34GJ1WTN0C,prim,40-1,40.0,1000.0,9,57547.61111102171,21827.333333283663,29865.366666674614,8038.033333390951,4
A1TG34GJ1WTN0C,prim,40-1,40.0,1000.0,10,77205.00000023842,41404.50000023842,35800.5,-5604.000000238419,5
A1TG34GJ1WTN0C,prim,40-1,40.0,1000.0,11,67580.25000003725,27352.799999810755,30788.524999938905,3435.72500012815,5
A1TG34GJ1WTN0C,prim,40-1,40.0,1000.0,12,76102.20000123978,33762.5,42339.70000123978,8577.200001239777,6
A1UH6A625GF5MD,prim,40-1,40.0,1000.0,4,40901.0,22817.0,18084.0,-4733.0,2
A1UH6A625GF5MD,prim,40-1,40.0,1000.0,5,25065.0,3739.0,16726.0,12987.0,2
A1UH6A625GF5MD,prim,40-1,40.0,1000.0,7,74217.0,27508.0,33753.0,6245.0,3
A1UH6A625GF5MD,prim,40-1,40.0,1000.0,8,44943.0,30398.0,14545.0,-15853.0,4
A1UH6A625GF5MD,prim,40-1,40.0,1000.0,9,37696.0,10598.0,24077.0,13479.0,4
A1UH6A625GF5MD,prim,40-1,40.0,1000.0,10,56223.555555555555,28959.61111111111,27263.94444444444,-1695.6666666666667,5
A1UH6A625GF5MD,prim,40-1,40.0,1000.0,11,51714.055555555555,19464.5,27874.833333333332,8410.333333333334,5
A1UH6A625GF5MD,prim,40-1,40.0,1000.0,12,60250.666666666664,32750.333333333332,27500.333333333332,-5250.0,6
A1UH6A625GF5MD,prim,40-1,40.0,1000.0,13,56394.5,21487.25,30731.5,9244.25,6
A1UH6A625GF5MD,prim,40-1,40.0,1000.0,14,58780.0,33027.166666666664,25752.833333333332,-7274.333333333333,7
A1UH6A625GF5MD,prim,40-1,40.0,1000.0,15,58595.0,26235.0,26099.0,-136.0,7
A1UH6A625GF5MD,prim,40-1,40.0,1000.0,16,64701.666666666664,34400.5,30301.166666666668,-4099.333333333333,8
A1UH6A625GF5MD,prim,40-1,40.0,1000.0,17,79761.0,32501.0,44047.0,11546.0,8
A1UH6A625GF5MD,prim,40-1,40.0,1000.0,18,68601.0,39952.0,28649.0,-11303.0,9
A1UH6A625GF5MD,prim,40-1,40.0,1000.0,19,68478.0,31048.0,33070.0,2022.0,9
A1VHK9OFD7H8ZH,rec,40-1,40.0,1000.0,11,74552.0,34712.0,27398.0,-7314.0,5
A1VHK9OFD7H8ZH,rec,40-1,40.0,1000.0,12,66076.75,42889.0,23187.75,-19701.25,6
A1VHK9OFD7H8ZH,rec,40-1,40.0,1000.0,13,69613.0,29569.75,35679.0,6109.25,6
A1VHK9OFD7H8ZH,rec,40-1,40.0,1000.0,15,75481.0,32823.75,34920.5,2096.75,7
A1VHK9OFD7H8ZH,rec,40-1,40.0,1000.0,16,69237.33333333333,34757.5,34479.833333333336,-277.6666666666667,8
A1VHK9OFD7H8ZH,rec,40-1,40.0,1000.0,17,71055.24444444444,32509.622222222224,33448.86666666667,939.2444444444445,8
A1VHK9OFD7H8ZH,rec,40-1,40.0,1000.0,18,75999.16666666667,40304.666666666664,35694.5,-4610.166666666667,9
A1VHK9OFD7H8ZH,rec,40-1,40.0,1000.0,19,77695.41666666667,33195.958333333336,39794.833333333336,6598.875,9
A1VHK9OFD7H8ZH,rec,40-1,40.0,1000.0,20,76361.625,38056.5,38305.125,248.625,10
A1VHK9OFD7H8ZH,rec,40-1,40.0,1000.0,21,76217.5,32478.0,40337.0,7859.0,10
A1VHK9OFD7H8ZH,rec,40-1,40.0,1000.0,22,80165.0,41312.25,38852.75,-2459.5,11
A1ZLLYRW6GIVC7,rec,40-1,40.0,1000.0,3,15066.161111100731,0.0,12932.494444447957,12932.494444447957,1
A1ZLLYRW6GIVC7,rec,40-1,40.0,1000.0,4,10039.349999992954,3761.9999999979823,6277.349999994971,2515.3499999969886,2
A1ZLLYRW6GIVC7,rec,40-1,40.0,1000.0,5,34848.34583334531,2364.9624999992375,29879.383333344373,27514.420833345135,2
A1ZLLYRW6GIVC7,rec,40-1,40.0,1000.0,6,50025.46250000218,13882.425000005169,36143.03749999701,22260.61249999184,3
A1ZLLYRW6GIVC7,rec,40-1,40.0,1000.0,7,37367.03333331947,3924.9375000078776,29281.404166650416,25356.466666642536,3
A1ZLLYRW6GIVC7,rec,40-1,40.0,1000.0,8,60028.700000007695,9152.200000015146,50876.49999999255,41724.299999977404,4
A1ZLLYRW6GIVC7,rec,40-1,40.0,1000.0,9,36577.14999999106,7808.399999991059,27092.04999999702,19283.65000000596,4
A1ZLLYRW6GIVC7,rec,40-1,40.0,1000.0,11,71662.40000000596,6992.399999991058,63059.0000000149,56066.60000002384,5
A20GJP9C5KC2ZU,ns,40-1,40.0,1000.0,4,21673.200000047684,15898.299999952316,5774.900000095367,-10123.399999856949,2
A20GJP9C5KC2ZU,ns,40-1,40.0,1000.0,5,51610.90000009536,14357.0,16962.700000286095,2605.700000286095,2
A20GJP9C5KC2ZU,ns,40-1,40.0,1000.0,6,47583.066666444145,27511.56666644414,20071.5,-7440.066666444142,3
A20GJP9C5KC2ZU,ns,40-1,40.0,1000.0,7,46089.35000061989,21818.950000286102,19541.950000047684,-2277.0000002384186,3
A20GJP9C5KC2ZU,ns,40-1,40.0,1000.0,8,51668.49999988079,29740.050000071526,21928.44999980926,-7811.600000262264,4
A20GJP9C5KC2ZU,ns,40-1,40.0,1000.0,9,61042.575000047684,17894.525000214577,34538.224999547005,16643.699999332428,4
A20GJP9C5KC2ZU,ns,40-1,40.0,1000.0,10,64253.60000038147,20505.100000222523,43748.50000015894,23243.39999993642,5
A20GJP9C5KC2ZU,ns,40-1,40.0,1000.0,11,50917.699999809265,12307.89999961853,33877.2000002861,21569.300000667572,5
A20GJP9C5KC2ZU,ns,40-1,40.0,1000.0,12,76135.5,34415.300000190735,41720.199999809265,7304.89999961853,6
A20GJP9C5KC2ZU,ns,40-1,40.0,1000.0,13,67279.44999885559,26113.349999427795,36248.44999933243,10135.099999904633,6
A23W5HVE02LM0E,prim,40-1,40.0,1000.0,5,54026.5,16676.99999976158,12193.0,-4483.999999761581,2
A23W5HVE02LM0E,prim,40-1,40.0,1000.0,6,54938.84999990463,29818.100000023842,25120.74999988079,-4697.350000143051,3
A23W5HVE02LM0E,prim,40-1,40.0,1000.0,7,64273.5,31606.099999904633,22720.700000047684,-8885.399999856949,3
A23W5HVE02LM0E,prim,40-1,40.0,1000.0,8,68476.10000014305,39404.60000014305,29071.5,-10333.100000143051,4
A23W5HVE02LM0E,prim,40-1,40.0,1000.0,9,68808.21666689713,30667.51666688919,33242.03333334128,2574.51666645209,4
A23W5HVE02LM0E,prim,40-1,40.0,1000.0,10,64808.79999991258,43756.46666653951,21052.33333337307,-22704.13333316644,5
A23W5HVE02LM0E,prim,40-1,40.0,1000.0,11,78368.00000011921,26227.050000071526,47382.700000047684,21155.649999976158,5
A23W5HVE02LM0E,prim,40-1,40.0,1000.0,12,70289.31250011921,41703.062500059605,28586.250000059605,-13116.8125,6
A23W5HVE02LM0E,prim,40-1,40.0,1000.0,13,68913.90333347321,23987.87666671276,40417.656666715935,16429.78000000318,6
A23W5HVE02LM0E,prim,40-1,40.0,1000.0,14,67042.10000061989,39893.50000035763,27148.60000026226,-12744.900000095367,7
A23W5HVE02LM0E,prim,40-1,40.0,1000.0,15,75619.0333332618,29605.783333341282,40672.399999936424,11066.61666659514,7
A23W5HVE02LM0E,prim,40-1,40.0,1000.0,16,72177.39999997616,40773.550000190735,31403.849999785423,-9369.700000405312,8
A23W5HVE02LM0E,prim,40-1,40.0,1000.0,17,73400.39999991655,33218.82499963045,36156.275000333786,2937.450000703335,8
A23W5HVE02LM0E,prim,40-1,40.0,1000.0,18,75374.70000004768,39167.40000009537,36207.299999952316,-2960.100000143051,9
A23W5HVE02LM0E,prim,40-1,40.0,1000.0,19,83046.60000014305,35928.599999666214,41599.400000333786,5670.800000667572,9
A23W5HVE02LM0E,prim,40-1,40.0,1000.0,21,78508.30000042915,42582.5,31390.400000572205,-11192.099999427795,10
A2541C8MY0BYV3,rec,40-1,40.0,1000.0,5,16886.75,6419.25,9243.0,2823.75,2
A2541C8MY0BYV3,rec,40-1,40.0,1000.0,6,8634.0,1999.0,6635.0,4636.0,3
A2541C8MY0BYV3,rec,40-1,40.0,1000.0,7,36530.66666666667,6873.833333333333,22661.5,15787.666666666668,3
A2541C8MY0BYV3,rec,40-1,40.0,1000.0,8,39369.96666666667,24298.0,15071.966666666667,-9226.033333333333,4
A2541C8MY0BYV3,rec,40-1,40.0,1000.0,9,44329.94444444444,13688.388888888889,23461.05555555556,9772.666666666666,4
A2541C8MY0BYV3,rec,40-1,40.0,1000.0,10,36967.50000000993,19086.36666666468,17881.133333345253,-1205.2333333194256,5
A2541C8MY0BYV3,rec,40-1,40.0,1000.0,11,41697.0,14720.25,21286.75,6566.5,5
A2541C8MY0BYV3,rec,40-1,40.0,1000.0,12,19794.5,12534.40000000596,7260.0999999940395,-5274.300000011921,6
A2541C8MY0BYV3,rec,40-1,40.0,1000.0,13,17164.433333337307,7266.500000009934,8606.399999986092,1339.8999999761581,6
A2541C8MY0BYV3,rec,40-1,40.0,1000.0,14,20689.16666669647,10878.93333334724,9810.233333349228,-1068.6999999980133,7
A2541C8MY0BYV3,rec,40-1,40.0,1000.0,15,25909.850000053644,8688.750000014901,16106.100000023842,7417.350000008941,7
A2541C8MY0BYV3,rec,40-1,40.0,1000.0,16,21961.04999998212,9746.799999952316,12214.250000029802,2467.450000077486,8
A271830PNYAI2G,rec,40-1,40.0,1000.0,3,4381.89999999851,0.0,2987.199999999255,2987.199999999255,1
A271830PNYAI2G,rec,40-1,40.0,1000.0,4,12429.400000002235,4529.566666668902,7899.833333333333,3370.2666666644313,2
A271830PNYAI2G,rec,40-1,40.0,1000.0,5,8664.650000002235,1854.699999999255,5378.400000002235,3523.7000000029802,2
A271830PNYAI2G,rec,40-1,40.0,1000.0,6,20570.199999997392,7505.64999999851,13064.549999998882,5558.9000000003725,3
A271830PNYAI2G,rec,40-1,40.0,1000.0,7,15745.199999999255,2064.10000000149,12501.5,10437.39999999851,3
A271830PNYAI2G,rec,40-1,40.0,1000.0,8,25109.083333334263,7612.199999997702,17496.883333336562,9884.683333338859,4
A271830PNYAI2G,rec,40-1,40.0,1000.0,9,17392.79999999702,5959.56666666766,8760.199999998013,2800.6333333303533,4
A271830PNYAI2G,rec,40-1,40.0,1000.0,10,20212.824999998324,11408.900000004098,8803.924999994226,-2604.975000009872,5
A271830PNYAI2G,rec,40-1,40.0,1000.0,11,55261.800000000745,8711.300000000745,44489.89999999851,35778.599999997765,5
A271830PNYAI2G,rec,40-1,40.0,1000.0,12,23860.57500000694,10685.900000002934,13174.675000004005,2488.775000001071,6
A271830PNYAI2G,rec,40-1,40.0,1000.0,14,28533.750000001863,15039.80000000028,13493.950000001583,-1545.8499999986961,7
A271830PNYAI2G,rec,40-1,40.0,1000.0,15,29705.099999997765,14148.699999997392,12827.599999999627,-1321.0999999977648,7
A271830PNYAI2G,rec,40-1,40.0,1000.0,16,30277.900000004098,17607.000000003725,12670.900000000373,-4936.100000003353,8
A271830PNYAI2G,rec,40-1,40.0,1000.0,17,41094.46666666493,18798.10000000025,18323.29999999826,-474.8000000019868,8
A29JQ7VMQ1HKYP,ns,40-1,40.0,1000.0,3,39619.300000190735,0.0,34105.90000009537,34105.90000009537,1
A29JQ7VMQ1HKYP,ns,40-1,40.0,1000.0,5,56310.49999952316,12576.0,20775.499999523163,8199.499999523163,2
A29JQ7VMQ1HKYP,ns,40-1,40.0,1000.0,6,44442.299999952316,18894.449999809265,25547.85000014305,6653.400000333786,3
A29JQ7VMQ1HKYP,ns,40-1,40.0,1000.0,7,53335.58333267768,13528.033333202202,32361.71666624149,18833.683333039284,3
A29JQ7VMQ1HKYP,ns,40-1,40.0,1000.0,8,42102.766666581236,14912.166666587194,27190.59999999404,12278.433333406845,4
A29JQ7VMQ1HKYP,ns,40-1,40.0,1000.0,9,48181.7999997437,19156.699999898672,23344.649999946356,4187.950000047684,4
A29JQ7VMQ1HKYP,ns,40-1,40.0,1000.0,10,63353.65000014504,28887.116666788857,34466.53333335618,5579.416666567326,5
A29JQ7VMQ1HKYP,ns,40-1,40.0,1000.0,11,57266.69999998808,20424.325000032783,31547.949999943376,11123.624999910593,5
A29JQ7VMQ1HKYP,ns,40-1,40.0,1000.0,12,57841.333333333336,30116.966666658718,27724.366666674614,-2392.5999999841056,6
A29JQ7VMQ1HKYP,ns,40-1,40.0,1000.0,13,62102.47499978542,24064.124999523163,32757.500000357628,8693.375000834467,6
A29JQ7VMQ1HKYP,ns,40-1,40.0,1000.0,14,53646.53333338432,26063.36111108131,27583.17222230302,1519.811111221711,7
A29JQ7VMQ1HKYP,ns,40-1,40.0,1000.0,15,70035.48888882995,18971.62222207917,45877.14444452193,26905.522222442756,7
A29JQ7VMQ1HKYP,ns,40-1,40.0,1000.0,16,52768.466666698456,27528.13333328565,25240.333333412807,-2287.799999872846,8
A29JQ7VMQ1HKYP,ns,40-1,40.0,1000.0,17,60117.199999809265,27973.799999952316,27588.39999985695,-385.40000009536743,8
A29JQ7VMQ1HKYP,ns,40-1,40.0,1000.0,18,70133.79999989271,35396.29999989271,34737.5,-658.7999998927116,9
A2GUPBBFPPSXYR,prim,40-1,40.0,1000.0,4,14965.0,11344.0,3621.0,-7723.0,2
A2GUPBBFPPSXYR,prim,40-1,40.0,1000.0,6,61396.0,27321.0,34075.0,6754.0,3
A2GUPBBFPPSXYR,prim,40-1,40.0,1000.0,9,58137.0,9202.0,44002.0,34800.0,4
A2GUPBBFPPSXYR,prim,40-1,40.0,1000.0,10,60074.16666666667,33034.0,27040.166666666664,-5993.833333333333,5
A2GUPBBFPPSXYR,prim,40-1,40.0,1000.0,11,60574.0,24282.5,29757.5,5475.0,5
A2GUPBBFPPSXYR,prim,40-1,40.0,1000.0,12,73558.3125,37559.9375,35998.375,-1561.5625,6
A2GUPBBFPPSXYR,prim,40-1,40.0,1000.0,13,69990.875,28227.125,35033.875,6806.75,6
A2GUPBBFPPSXYR,prim,40-1,40.0,1000.0,14,69832.47222222223,38539.77777777778,31292.69444444444,-7247.083333333333,7
A2GUPBBFPPSXYR,prim,40-1,40.0,1000.0,15,69598.0,29578.77777777778,35407.11111111112,5828.333333333333,7
A2GUPBBFPPSXYR,prim,40-1,40.0,1000.0,16,74975.33333333333,36805.333333333336,38170.0,1364.6666666666667,8
A2GUPBBFPPSXYR,prim,40-1,40.0,1000.0,18,74767.0,36253.0,38514.0,2261.0,9
A2HRUFTA09371Y,rec,40-1,40.0,1000.0,7,25236.49999809265,2388.7999992370605,21459.5,19070.70000076294,3
A2HRUFTA09371Y,rec,40-1,40.0,1000.0,9,30198.60000228882,3601.0,23931.70000076294,20330.70000076294,4
A2HRUFTA09371Y,rec,40-1,40.0,1000.0,10,20370.700004577637,10584.400001525879,9786.300003051758,-798.0999984741211,5
A2HRUFTA09371Y,rec,40-1,40.0,1000.0,12,34122.650000572205,14656.750000953674,19465.89999961853,4809.149998664856,6
A2HRUFTA09371Y,rec,40-1,40.0,1000.0,13,44359.34999895096,16737.72500038147,20713.399998664856,3975.6749982833862,6
A2HRUFTA09371Y,rec,40-1,40.0,1000.0,14,44505.43000183105,24995.670000076294,19509.76000175476,-5485.909998321533,7
A2HRUFTA09371Y,rec,40-1,40.0,1000.0,16,51530.133333841964,24296.125001112618,27234.00833272934,2937.8833316167193,8
A2HRUFTA09371Y,rec,40-1,40.0,1000.0,17,57261.0,20878.85000038147,34272.14999961853,13393.29999923706,8
A2HRUFTA09371Y,rec,40-1,40.0,1000.0,18,56437.79999923706,28814.30000114441,27623.49999809265,-1190.8000030517578,9
A2HRUFTA09371Y,rec,40-1,40.0,1000.0,19,57304.76666323344,20106.933332443237,34899.53333091736,14792.599998474121,9
A2HRUFTA09371Y,rec,40-1,40.0,1000.0,20,56417.75,24596.474999904633,31821.275000095367,7224.800000190735,10
A2HRUFTA09371Y,rec,40-1,40.0,1000.0,21,75415.79999732971,29330.60000038147,45337.59999656677,16006.999996185303,10
A2HRUFTA09371Y,rec,40-1,40.0,1000.0,22,37557.0000038147,18001.700002670288,19555.30000114441,1553.599998474121,11
A2HRUFTA09371Y,rec,40-1,40.0,1000.0,23,63116.40000152588,24403.09999847412,36711.00000190735,12307.900003433228,11
A2IK3H6MQ1QV6E,rec,40-1,40.0,1000.0,9,44470.59999990463,9936.999999999998,20415.5,10478.500000000002,4
A2IK3H6MQ1QV6E,rec,40-1,40.0,1000.0,10,54408.95555565092,28054.972222208977,26353.98333344195,-1700.9888887670306,5
A2IK3H6MQ1QV6E,rec,40-1,40.0,1000.0,11,49921.49999983609,19502.799999937415,24583.299999967217,5080.500000029802,5
A2IK3H6MQ1QV6E,rec,40-1,40.0,1000.0,12,60003.5312499702,30794.95624998212,29208.57499998808,-1586.38124999404,6
A2IK3H6MQ1QV6E,rec,40-1,40.0,1000.0,13,63968.966666678585,21895.795833388966,37787.84999999404,15892.054166605076,6
A2IK3H6MQ1QV6E,rec,40-1,40.0,1000.0,14,63031.31666652361,31487.983333349228,31543.33333317439,55.349999825159706,7
A2IK3H6MQ1QV6E,rec,40-1,40.0,1000.0,15,72956.65000009537,30302.300000190735,39590.09999990463,9287.799999713898,7
A2IK3H6MQ1QV6E,rec,40-1,40.0,1000.0,16,68024.46666646004,31041.166666666668,36983.29999979337,5942.133333126704,8
A2L7RTYO4UMYDH,ns,40-1,40.0,1000.0,7,49163.0,21860.0,20888.0,-972.0,3
A2L7RTYO4UMYDH,ns,40-1,40.0,1000.0,8,44471.0,24115.0,20356.0,-3759.0,4
A2L7RTYO4UMYDH,ns,40-1,40.0,1000.0,9,63330.5,30810.0,25849.5,-4960.5,4
A2L7RTYO4UMYDH,ns,40-1,40.0,1000.0,10,56476.25,30139.75,26336.5,-3803.25,5
A2L7RTYO4UMYDH,ns,40-1,40.0,1000.0,11,63015.83333333333,25244.333333333336,33025.333333333336,7781.0,5
A2L7RTYO4UMYDH,ns,40-1,40.0,1000.0,12,68026.0,35512.0,32514.0,-2998.0,6
A2L7RTYO4UMYDH,ns,40-1,40.0,1000.0,13,67548.0,26947.0,34958.5,8011.5,6
A2L7RTYO4UMYDH,ns,40-1,40.0,1000.0,14,78903.0,38006.0,40897.0,2891.0,7
A2L7RTYO4UMYDH,ns,40-1,40.0,1000.0,15,60088.0,27423.0,27872.0,449.0,7
A2L7RTYO4UMYDH,ns,40-1,40.0,1000.0,16,76784.0,39320.0,37464.0,-1856.0,8
A2LI1OIR4BVJRW,prim,40-1,40.0,1000.0,6,36714.800000190735,15736.39999961853,20978.400000572205,5242.000000953674,3
A2LI1OIR4BVJRW,prim,40-1,40.0,1000.0,7,55874.19999885559,10115.19999885559,17731.0,7615.800001144409,3
A2LI1OIR4BVJRW,prim,40-1,40.0,1000.0,10,54709.32500123978,28462.32500076294,26247.000000476837,-2215.3250002861023,5
A2LI1OIR4BVJRW,prim,40-1,40.0,1000.0,11,50725.7999997139,19993.599999427795,25773.76666688919,5780.166667461395,5
A2LI1OIR4BVJRW,prim,40-1,40.0,1000.0,12,66562.28333441417,40058.28333449364,26503.99999992053,-13554.28333457311,6
A2LI1OIR4BVJRW,prim,40-1,40.0,1000.0,13,63759.483332951866,25371.70000044505,32744.416666030884,7372.7166655858355,6
A2LI1OIR4BVJRW,prim,40-1,40.0,1000.0,14,73150.5750002861,41297.0499997139,31853.525000572205,-9443.524999141693,7
A2LI1OIR4BVJRW,prim,40-1,40.0,1000.0,15,74849.89166649182,35044.42499947548,34804.22083377838,-240.20416569709778,7
A2LI1OIR4BVJRW,prim,40-1,40.0,1000.0,16,74719.50000095367,39986.5,34733.000000953674,-5253.499999046326,8
A2LI1OIR4BVJRW,prim,40-1,40.0,1000.0,17,74461.32499909401,33759.44999933243,35973.49999976158,2214.0500004291534,8
A2LI1OIR4BVJRW,prim,40-1,40.0,1000.0,18,75825.10000133514,43760.60000085831,32064.500000476837,-11696.10000038147,9
A2LI1OIR4BVJRW,prim,40-1,40.0,1000.0,19,77189.62500007948,33061.966666539505,40028.41666690509,6966.450000365575,9
A2LI1OIR4BVJRW,prim,40-1,40.0,1000.0,20,81411.59999847412,42539.79999637604,38871.80000209808,-3667.999994277954,10
A2LI1OIR4BVJRW,prim,40-1,40.0,1000.0,21,77060.89999961853,38729.000000953674,36038.899998664856,-2690.1000022888184,10
A2NEFRREWF33YP,rec,40-1,40.0,1000.0,8,31588.34999997914,17820.799999967217,13767.550000011921,-4053.2499999552965,4
A2NEFRREWF33YP,rec,40-1,40.0,1000.0,9,31565.033333332896,11554.166666666668,17760.783333332896,6206.616666666232,4
A2NEFRREWF33YP,rec,40-1,40.0,1000.0,10,39914.048888899786,18904.77333333511,21009.27555556467,2104.502222229561,5
A2NEFRREWF33YP,rec,40-1,40.0,1000.0,11,41848.682500028284,11851.220833338797,24832.21083335195,12980.990000013153,5
A2NEFRREWF33YP,rec,40-1,40.0,1000.0,12,49623.42333333326,21734.60444443292,27888.818888900347,6154.214444467426,6
A2NEFRREWF33YP,rec,40-1,40.0,1000.0,13,40291.05000002682,15429.0,22358.70000001788,6929.700000017881,6
A2NEFRREWF33YP,rec,40-1,40.0,1000.0,14,62121.25000002235,27397.45000001788,34723.80000000447,7326.349999986589,7
A2NEFRREWF33YP,rec,40-1,40.0,1000.0,15,65209.299999999814,14160.5,49007.299999999814,34846.799999999814,7
A2P8V5SKYLL5I4,rec,40-1,40.0,1000.0,10,37915.89999991655,15223.499999940395,22692.399999976158,7468.900000035763,5
A2P8V5SKYLL5I4,rec,40-1,40.0,1000.0,14,60037.349999427795,30193.499999523163,29843.849999904633,-349.6499996185303,7
A2P8V5SKYLL5I4,rec,40-1,40.0,1000.0,15,72103.60000020266,27205.17500025034,41828.925000071526,14623.749999821186,7
A2P8V5SKYLL5I4,rec,40-1,40.0,1000.0,16,71938.83333334989,35351.18333334724,36587.65000000265,1236.4666666554078,8
A2P8V5SKYLL5I4,rec,40-1,40.0,1000.0,17,71131.41666664019,29146.377777871156,34957.34999992119,5810.972222050031,8
A2P8V5SKYLL5I4,rec,40-1,40.0,1000.0,18,72638.11999995113,34136.65999995768,38501.45999999344,4364.800000035762,9
A2P8V5SKYLL5I4,rec,40-1,40.0,1000.0,19,70733.21249996871,28805.262499965727,37590.0,8784.737500034273,9
A2P8V5SKYLL5I4,rec,40-1,40.0,1000.0,20,75262.1250000745,32487.225000083447,42774.89999999106,10287.674999907613,10
A2P8V5SKYLL5I4,rec,40-1,40.0,1000.0,21,76570.55000013113,29900.066666861374,41493.78333322207,11593.716666360697,10
A2P8V5SKYLL5I4,rec,40-1,40.0,1000.0,22,81847.34999999404,41741.09999996424,40106.2500000298,-1634.849999934435,11
A2P8V5SKYLL5I4,rec,40-1,40.0,1000.0,23,77933.89999993145,30284.29999998212,44956.94999997318,14672.64999999106,11
A2P8V5SKYLL5I4,rec,40-1,40.0,1000.0,25,80684.59999996424,30996.400000154972,46018.499999821186,15022.099999666214,12
A2PSU15S8ZI3V5,prim,40-1,40.0,1000.0,10,65873.44999933243,33498.949999809265,32374.499999523163,-1124.4500002861023,5
A2PSU15S8ZI3V5,prim,40-1,40.0,1000.0,12,77100.39999961853,33948.300000190735,43152.099999427795,9203.79999923706,6
A2PSU15S8ZI3V5,prim,40-1,40.0,1000.0,13,74566.53333330154,25949.25,43435.63333328565,17486.38333328565,6
A2PSU15S8ZI3V5,prim,40-1,40.0,1000.0,14,75322.63333304724,38086.04166642825,37236.59166661899,-849.4499998092651,7
A2PSU15S8ZI3V5,prim,40-1,40.0,1000.0,15,75300.18791664044,29850.390416588387,40391.13291669488,10540.742500106493,7
A2PSU15S8ZI3V5,prim,40-1,40.0,1000.0,16,73885.81250069539,38535.13333380222,35350.67916689316,-3184.454166909059,8
A2PSU15S8ZI3V5,prim,40-1,40.0,1000.0,17,78655.4375000894,33859.68750029802,40070.799999803305,6211.112499505281,8
A2PSU15S8ZI3V5,prim,40-1,40.0,1000.0,18,79699.33333285649,43551.799999396004,36147.53333346049,-7404.266665935516,9
A2PSU15S8ZI3V5,prim,40-1,40.0,1000.0,19,79834.23333326976,34340.43333339691,41557.5333331426,7217.099999745687,9
A2PSU15S8ZI3V5,prim,40-1,40.0,1000.0,20,78605.7000002861,39382.10000038147,39223.59999990463,-158.50000047683716,10
A2QUSCZS3RXGXE,ns,40-1,40.0,1000.0,10,32129.700000286102,20704.89999961853,11424.800000667572,-9280.099998950958,5
A2QUSCZS3RXGXE,ns,40-1,40.0,1000.0,11,31827.491666316986,12450.20833293597,16198.883333365122,3748.6750004291534,5
A2QUSCZS3RXGXE,ns,40-1,40.0,1000.0,12,35235.33333349228,19731.466667016346,15503.866666475931,-4227.600000540416,6
A2QUSCZS3RXGXE,ns,40-1,40.0,1000.0,13,43843.712499578796,18261.9375,21546.749999642372,3284.812499642372,6
A2QUSCZS3RXGXE,ns,40-1,40.0,1000.0,14,45448.28333250681,25006.94999965032,20441.333332856495,-4565.616666793823,7
A2QUSCZS3RXGXE,ns,40-1,40.0,1000.0,15,49555.50000047684,22275.800000667572,21294.474999904633,-981.3250007629395,7
A2QUSCZS3RXGXE,ns,40-1,40.0,1000.0,16,44990.25000111262,24624.083333651226,20366.166667461395,-4257.91666618983,8
A2QUSCZS3RXGXE,ns,40-1,40.0,1000.0,17,58479.17500042915,27234.72500038147,27307.300000429153,72.57500004768372,8
A2QUSCZS3RXGXE,ns,40-1,40.0,1000.0,18,54603.64999961853,24537.999999046326,30065.650000572205,5527.650001525879,9
A2QUSCZS3RXGXE,ns,40-1,40.0,1000.0,19,57132.75000063579,26078.016666730247,27522.90000041326,1444.883333683014,9
A2TUYGXQ15U6GO,prim,40-1,40.0,1000.0,5,45185.0,20624.0,16469.0,-4155.0,2
A2TUYGXQ15U6GO,prim,40-1,40.0,1000.0,7,49866.0,17794.5,27614.0,9819.5,3
A2TUYGXQ15U6GO,prim,40-1,40.0,1000.0,9,69526.83333333333,29914.666666666668,32862.166666666664,2947.5,4
A2TUYGXQ15U6GO,prim,40-1,40.0,1000.0,10,72231.0,37364.0,34867.0,-2497.0,5
A2TUYGXQ15U6GO,prim,40-1,40.0,1000.0,11,75739.72222222223,24358.777777777777,44489.72222222222,20130.94444444444,5
A2TUYGXQ15U6GO,prim,40-1,40.0,1000.0,12,69904.66666666667,28588.666666666668,41316.0,12727.333333333334,6
A2TUYGXQ15U6GO,prim,40-1,40.0,1000.0,13,74988.83333333334,34773.08333333333,35766.666666666664,993.5833333333335,6
A2TUYGXQ15U6GO,prim,40-1,40.0,1000.0,14,73793.77777777777,41988.333333333336,31805.44444444445,-10182.888888888889,7
A2TUYGXQ15U6GO,prim,40-1,40.0,1000.0,15,75522.91666666667,29293.25,42038.25,12745.0,7
A2UEVNT8VQD1SA,ns,40-1,40.0,1000.0,9,52129.60000000149,11586.399999994785,36747.30000000447,25160.900000009686,4
A2UEVNT8VQD1SA,ns,40-1,40.0,1000.0,10,62451.050000005715,35056.75833333656,27394.29166666915,-7662.466666667412,5
A2UEVNT8VQD1SA,ns,40-1,40.0,1000.0,11,67397.3966666778,24264.815000005314,36485.8033333391,12220.98833333378,5
A2UEVNT8VQD1SA,ns,40-1,40.0,1000.0,12,68936.42738095312,34565.51369047289,34370.91369048023,-194.59999999266483,6
A2UEVNT8VQD1SA,ns,40-1,40.0,1000.0,13,69972.01874999376,28257.712499999907,35229.26249998901,6971.5499999891035,6
A2UEVNT8VQD1SA,ns,40-1,40.0,1000.0,14,77136.89999997616,35356.39999997616,41780.5,6424.100000023842,7
A2UEVNT8VQD1SA,ns,40-1,40.0,1000.0,15,64176.199999991804,24521.849999997765,35200.09999999218,10678.249999994412,7
A2VR9O234UCT9T,rec,40-1,40.0,1000.0,4,14877.30000000447,4792.60000000149,10084.70000000298,5292.10000000149,2
A2VR9O234UCT9T,rec,40-1,40.0,1000.0,5,14678.677777775303,1571.1166666672152,11419.877777776785,9848.76111110957,2
A2VR9O234UCT9T,rec,40-1,40.0,1000.0,6,19138.900000003312,7962.212500003312,11176.6875,3214.474999996688,3
A2VR9O234UCT9T,rec,40-1,40.0,1000.0,7,32699.147916665148,5152.633333333855,24891.535416663985,19738.902083330126,3
A2VR9O234UCT9T,rec,40-1,40.0,1000.0,8,36349.999999997744,11963.75416666473,24386.24583333301,12422.49166666828,4
A2VR9O234UCT9T,rec,40-1,40.0,1000.0,9,31863.24999999549,7381.975000000384,20234.312499997002,12852.337499996618,4
A2VR9O234UCT9T,rec,40-1,40.0,1000.0,10,34486.60000000405,13005.733333332426,21480.866666671627,8475.133333339201,5
A2VR9O234UCT9T,rec,40-1,40.0,1000.0,11,35696.89999999851,7143.39999999851,26785.79999999702,19642.39999999851,5
A2VR9O234UCT9T,rec,40-1,40.0,1000.0,12,49161.400000012014,14474.800000007614,34686.6000000044,20211.799999996787,6
A2VR9O234UCT9T,rec,40-1,40.0,1000.0,14,39509.60000000009,15813.0,23696.600000000093,7883.600000000093,7
A2WCPERU8X385N,prim,40-1,40.0,1000.0,8,50935.14999985695,36959.449999928474,13975.699999928474,-22983.75,4
A2WCPERU8X385N,prim,40-1,40.0,1000.0,9,64851.39999973774,28535.866666634876,26812.766666412354,-1723.100000222524,4
A2WCPERU8X385N,prim,40-1,40.0,1000.0,10,64938.73749975363,35218.18749987086,29720.549999882776,-5497.637499988079,5
A2WCPERU8X385N,prim,40-1,40.0,1000.0,11,65346.18333310883,28407.087499996025,31456.179166475933,3049.091666479905,5
A2WCPERU8X385N,prim,40-1,40.0,1000.0,12,72925.48750019073,40614.98750013113,32310.500000059605,-8304.487500071526,6
A2WCPERU8X385N,prim,40-1,40.0,1000.0,13,71416.94999995828,25443.6875,40589.837499946356,15146.149999946356,6
A2WCPERU8X385N,prim,40-1,40.0,1000.0,14,68748.26250012717,35557.116666684546,33191.145833442606,-2365.9708332419395,7
A2WCPERU8X385N,prim,40-1,40.0,1000.0,15,67246.87499988079,30457.124999940395,30718.39999985695,261.2749999165535,7
A2WCPERU8X385N,prim,40-1,40.0,1000.0,16,78629.75000023842,42226.89999997616,36402.85000026226,-5824.049999713898,8
A33GZS6SU4O20M,ns,40-1,40.0,1000.0,7,56840.0,22915.5,29082.5,6167.0,3
A33GZS6SU4O20M,ns,40-1,40.0,1000.0,8,59367.0,30129.0,29238.0,-891.0,4
A33GZS6SU4O20M,ns,40-1,40.0,1000.0,9,64716.0,33095.25,25800.25,-7295.0,4
A33GZS6SU4O20M,ns,40-1,40.0,1000.0,10,69230.42222222222,34744.799999999996,34485.62222222222,-259.17777777777764,5
A33GZS6SU4O20M,ns,40-1,40.0,1000.0,11,65475.416666666664,22879.75,36711.416666666664,13831.666666666666,5
A33GZS6SU4O20M,ns,40-1,40.0,1000.0,12,69922.58333333334,36561.125,33361.45833333333,-3199.6666666666665,6
A33GZS6SU4O20M,ns,40-1,40.0,1000.0,13,74050.66666666667,31266.0,38548.666666666664,7282.666666666667,6
A33GZS6SU4O20M,ns,40-1,40.0,1000.0,14,72753.44444444444,42163.88888888888,30589.55555555555,-11574.333333333334,7
A33GZS6SU4O20M,ns,40-1,40.0,1000.0,15,77839.75,29708.5,42897.0,13188.5,7
A38I0E8UK53ME5,rec,40-1,40.0,1000.0,4,37943.0,22316.0,15627.0,-6689.0,2
A38I0E8UK53ME5,rec,40-1,40.0,1000.0,5,13426.0,4217.0,6767.0,2550.0,2
A38I0E8UK53ME5,rec,40-1,40.0,1000.0,7,36061.5,3571.0,30938.0,27367.0,3
A38I0E8UK53ME5,rec,40-1,40.0,1000.0,8,40990.0,15364.0,25626.0,10262.0,4
A38I0E8UK53ME5,rec,40-1,40.0,1000.0,9,61911.75,13537.833333333332,44873.16666666667,31335.333333333336,4
A38I0E8UK53ME5,rec,40-1,40.0,1000.0,10,57841.25,15935.0,41906.25,25971.25,5
A38I0E8UK53ME5,rec,40-1,40.0,1000.0,11,72458.0,12358.0,51245.0,38887.0,5
A38I0E8UK53ME5,rec,40-1,40.0,1000.0,12,57404.625,20154.375,37250.25,17095.875,6
A38I0E8UK53ME5,rec,40-1,40.0,1000.0,13,68465.0,20649.0,44969.5,24320.5,6
A38I0E8UK53ME5,rec,40-1,40.0,1000.0,14,68453.0,25003.0,43450.0,18447.0,7
A38I0E8UK53ME5,rec,40-1,40.0,1000.0,15,72775.0,17358.0,49943.0,32585.0,7
A3BZH91MITQA5X,ns,40-1,40.0,1000.0,4,54555.59999996424,31349.899999976158,23205.69999998808,-8144.199999988079,2
A3BZH91MITQA5X,ns,40-1,40.0,1000.0,8,67318.70000004768,26203.650000035763,41115.05000001192,14911.399999976158,4
A3BZH91MITQA5X,ns,40-1,40.0,1000.0,10,73431.69999992847,23478.04999998212,49953.649999946356,26475.599999964237,5
A3BZH91MITQA5X,ns,40-1,40.0,1000.0,11,61889.39999991655,24999.099999964237,30797.899999976158,5798.800000011921,5
A3BZH91MITQA5X,ns,40-1,40.0,1000.0,12,71081.92222214407,40939.83333332671,30142.08888881736,-10797.744444509348,6
A3BZH91MITQA5X,ns,40-1,40.0,1000.0,13,72738.60555534893,23845.54999976688,43341.69999999471,19496.150000227823,6
A3BZH91MITQA5X,ns,40-1,40.0,1000.0,14,66931.92500019073,35319.15000012517,31612.775000065565,-3706.3750000596046,7
A3BZH91MITQA5X,ns,40-1,40.0,1000.0,15,64119.649999797344,19384.349999845028,40650.55000001192,21266.200000166893,7
A3BZH91MITQA5X,ns,40-1,40.0,1000.0,16,68561.79999947548,42099.699999809265,26462.099999666214,-15637.600000143051,8
A3BZH91MITQA5X,ns,40-1,40.0,1000.0,17,74918.04444442193,25322.455555611188,45722.29444438882,20399.838888777627,8
A3BZH91MITQA5X,ns,40-1,40.0,1000.0,18,75606.59999990463,43318.74999976158,32287.85000014305,-11030.89999961853,9
A3BZH91MITQA5X,ns,40-1,40.0,1000.0,19,74939.89999961853,28148.299999952316,44352.199999809265,16203.899999856949,9
A3BZH91MITQA5X,ns,40-1,40.0,1000.0,20,70893.10000038147,40228.40000021458,30664.700000166893,-9563.700000047684,10
A3BZH91MITQA5X,ns,40-1,40.0,1000.0,21,68780.7000001669,35498.800000071526,29046.200000047684,-6452.600000023842,10
A3BZH91MITQA5X,ns,40-1,40.0,1000.0,24,77065.2999998331,36211.79999983311,40853.5,4641.700000166893,12
A3NX66U9RAY2GQ,prim,40-1,40.0,1000.0,4,43156.0,26336.0,16820.0,-9516.0,2
A3NX66U9RAY2GQ,prim,40-1,40.0,1000.0,5,15220.0,4073.0,7075.0,3002.0,2
A3NX66U9RAY2GQ,prim,40-1,40.0,1000.0,6,14472.0,10161.0,4311.0,-5850.0,3
A3NX66U9RAY2GQ,prim,40-1,40.0,1000.0,7,22372.0,9172.0,10070.0,898.0,3
A3NX66U9RAY2GQ,prim,40-1,40.0,1000.0,8,39607.75,16300.8125,23306.9375,7006.125,4
A3NX66U9RAY2GQ,prim,40-1,40.0,1000.0,9,43135.77777777778,18442.222222222223,21467.666666666668,3025.444444444445,4
A3NX66U9RAY2GQ,prim,40-1,40.0,1000.0,10,42316.0,23579.0,18737.0,-4842.0,5
A3NX66U9RAY2GQ,prim,40-1,40.0,1000.0,11,44626.5,13585.375,26190.875,12605.5,5
A3NX66U9RAY2GQ,prim,40-1,40.0,1000.0,12,56809.5,33235.5,23574.0,-9661.5,6
A3NX66U9RAY2GQ,prim,40-1,40.0,1000.0,13,47692.0,17911.0,21188.0,3277.0,6
A3NX66U9RAY2GQ,prim,40-1,40.0,1000.0,14,45824.666666666664,19512.44444444444,26312.222222222223,6799.777777777777,7
A3NX66U9RAY2GQ,prim,40-1,40.0,1000.0,15,50742.5,19747.5,28856.5,9109.0,7
A3NX66U9RAY2GQ,prim,40-1,40.0,1000.0,16,48498.5,32504.0,15994.5,-16509.5,8
A3NX66U9RAY2GQ,prim,40-1,40.0,1000.0,17,55614.0,22514.0,26735.0,4221.0,8
A3NX66U9RAY2GQ,prim,40-1,40.0,1000.0,20,59265.0,27398.5,31866.5,4468.0,10
A3O40YLW6MYU8C,prim,40-1,40.0,1000.0,6,53359.0,31997.0,21362.0,-10635.0,3
A3O40YLW6MYU8C,prim,40-1,40.0,1000.0,7,64847.0,14068.5,39122.5,25054.0,3
A3O40YLW6MYU8C,prim,40-1,40.0,1000.0,8,70743.5,34055.0,36688.5,2633.5,4
A3O40YLW6MYU8C,prim,40-1,40.0,1000.0,9,74925.16666666667,21284.0,46988.666666666664,25704.666666666668,4
A3O40YLW6MYU8C,prim,40-1,40.0,1000.0,10,71336.75,40329.5,31007.25,-9322.25,5
A3O40YLW6MYU8C,prim,40-1,40.0,1000.0,11,70072.41666666667,25987.958333333336,36841.5,10853.541666666668,5
A3O40YLW6MYU8C,prim,40-1,40.0,1000.0,12,75710.5,40065.833333333336,35644.666666666664,-4421.166666666667,6
A3O40YLW6MYU8C,prim,40-1,40.0,1000.0,13,76173.0,29746.0,40049.75,10303.75,6
A3O40YLW6MYU8C,prim,40-1,40.0,1000.0,14,78827.94444444444,43839.52777777778,34988.416666666664,-8851.111111111111,7
A3O40YLW6MYU8C,prim,40-1,40.0,1000.0,15,79859.0,33652.77777777778,40719.88888888888,7067.11111111111,7
A3O40YLW6MYU8C,prim,40-1,40.0,1000.0,16,77091.0,35680.0,41411.0,5731.0,8
A3S2AUQWI7XWT4,prim,40-1,40.0,1000.0,6,53913.0,20649.0,33264.0,12615.0,3
A3S2AUQWI7XWT4,prim,40-1,40.0,1000.0,8,60557.0,41621.0,18936.0,-22685.0,4
A3S2AUQWI7XWT4,prim,40-1,40.0,1000.0,9,58702.0,30189.5,20055.5,-10134.0,4
A3S2AUQWI7XWT4,prim,40-1,40.0,1000.0,10,78446.0,48930.0,29516.0,-19414.0,5
A3S2AUQWI7XWT4,prim,40-1,40.0,1000.0,11,52664.0,19173.0,17415.0,-1758.0,5
A3S2AUQWI7XWT4,prim,40-1,40.0,1000.0,12,64052.0,41548.0,22504.0,-19044.0,6
A3S2AUQWI7XWT4,prim,40-1,40.0,1000.0,13,61435.833333333336,28143.722222222223,29817.888888888887,1674.1666666666667,6
A3S2AUQWI7XWT4,prim,40-1,40.0,1000.0,14,60334.25,30029.0,30305.25,276.25,7
A3S2AUQWI7XWT4,prim,40-1,40.0,1000.0,15,63945.75,28541.375,28444.25,-97.125,7
A3S2AUQWI7XWT4,prim,40-1,40.0,1000.0,16,71486.0,44277.0,27209.0,-17068.0,8
A3S2AUQWI7XWT4,prim,40-1,40.0,1000.0,17,66313.5,30022.666666666668,32075.0,2052.3333333333335,8
A3S2AUQWI7XWT4,prim,40-1,40.0,1000.0,18,69131.75,38494.5,30637.25,-7857.25,9
A3S2AUQWI7XWT4,prim,40-1,40.0,1000.0,19,65463.5,30474.722222222223,31303.55555555556,828.8333333333334,9
A3S2AUQWI7XWT4,prim,40-1,40.0,1000.0,21,67896.75,28167.75,36076.75,7909.0,10
A3S2AUQWI7XWT4,prim,40-1,40.0,1000.0,23,68617.0,34645.0,32442.0,-2203.0,11
A3S2AUQWI7XWT4,prim,40-1,40.0,1000.0,24,66142.0,26327.0,39815.0,13488.0,12
A3SA9LY6RXKFOI,prim,40-1,40.0,1000.0,3,57095.5,0.0,24181.5,24181.5,1
A3SA9LY6RXKFOI,prim,40-1,40.0,1000.0,4,51523.666666666664,31727.833333333332,19795.833333333332,-11932.0,2
A3SA9LY6RXKFOI,prim,40-1,40.0,1000.0,5,62816.666666666664,21440.666666666668,21895.0,454.3333333333333,2
A3SA9LY6RXKFOI,prim,40-1,40.0,1000.0,6,54672.5,35697.125,18975.375,-16721.75,3
A3SA9LY6RXKFOI,prim,40-1,40.0,1000.0,7,65310.075,23612.475,28044.125,4431.65,3
A3SA9LY6RXKFOI,prim,40-1,40.0,1000.0,8,65860.88888888889,33807.22222222222,32053.666666666668,-1753.5555555555559,4
A3SA9LY6RXKFOI,prim,40-1,40.0,1000.0,9,71332.95833333333,25127.5,37398.0,12270.5,4
A3SA9LY6RXKFOI,prim,40-1,40.0,1000.0,10,72794.25,42960.5,29833.75,-13126.75,5
A3SA9LY6RXKFOI,prim,40-1,40.0,1000.0,11,74649.75,27987.5,38729.75,10742.25,5
A3SLT6KVF0NXPH,prim,40-1,40.0,1000.0,7,49969.0,21357.0,23564.0,2207.0,3
A3SLT6KVF0NXPH,prim,40-1,40.0,1000.0,8,59580.0,31806.5,27773.5,-4033.0,4
A3SLT6KVF0NXPH,prim,40-1,40.0,1000.0,9,56753.333333333336,22434.5,26720.0,4285.5,4
A3SLT6KVF0NXPH,prim,40-1,40.0,1000.0,10,66646.25,31298.75,35347.5,4048.75,5
A3SLT6KVF0NXPH,prim,40-1,40.0,1000.0,11,63608.02777777778,24533.30555555556,29544.027777777777,5010.722222222222,5
A3SLT6KVF0NXPH,prim,40-1,40.0,1000.0,12,69845.83333333333,36050.333333333336,33795.5,-2254.8333333333335,6
A3SLT6KVF0NXPH,prim,40-1,40.0,1000.0,13,63592.83333333333,26813.083333333332,31120.875,4307.791666666667,6
A3SLT6KVF0NXPH,prim,40-1,40.0,1000.0,14,68955.125,35002.375,33952.75,-1049.625,7
A3SLT6KVF0NXPH,prim,40-1,40.0,1000.0,15,67308.33333333334,30390.0,31201.166666666668,811.1666666666665,7
A3SLT6KVF0NXPH,prim,40-1,40.0,1000.0,16,68233.83333333333,35928.0,32305.833333333332,-3622.1666666666665,8
A3SLT6KVF0NXPH,prim,40-1,40.0,1000.0,17,75538.5,32610.5,38304.5,5694.0,8
A3SLT6KVF0NXPH,prim,40-1,40.0,1000.0,18,75014.0,43003.0,32011.0,-10992.0,9
A3TNSJSXI464IT,ns,40-1,40.0,1000.0,4,42083.300000000745,34355.300000000745,7728.0,-26627.300000000745,2
A3TNSJSXI464IT,ns,40-1,40.0,1000.0,7,42250.97500002384,9085.199999988079,29314.975000053644,20229.775000065565,3
A3TNSJSXI464IT,ns,40-1,40.0,1000.0,8,39861.91666661327,18810.64999997833,21051.26666663494,2240.6166666566082,4
A3TNSJSXI464IT,ns,40-1,40.0,1000.0,9,50230.92500005942,8796.57500002347,34849.40000005392,26052.825000030454,4
A3TNSJSXI464IT,ns,40-1,40.0,1000.0,10,58913.88333338168,26045.400000025827,32868.483333355856,6823.0833333300225,5
A3TNSJSXI464IT,ns,40-1,40.0,1000.0,11,57268.30000000198,19185.766666660707,33237.44999998808,14051.683333327373,5
A3TNSJSXI464IT,ns,40-1,40.0,1000.0,12,70253.61250001006,30485.38250002358,39768.22999998648,9282.847499962896,6
A3TNSJSXI464IT,ns,40-1,40.0,1000.0,13,71081.1249999255,21224.924999937415,45452.27499997616,24227.350000038743,6
A3TNSJSXI464IT,ns,40-1,40.0,1000.0,14,68544.66666673093,28564.21666669442,39980.45000003651,11416.233333342088,7
A3TNSJSXI464IT,ns,40-1,40.0,1000.0,15,61439.249999940395,21318.549999952316,33760.69999998808,12442.150000035763,7
A3TNSJSXI464IT,ns,40-1,40.0,1000.0,16,68304.99999982119,40632.199999928474,27672.79999989271,-12959.400000035763,8
A3TUJBPLJGTI5,rec,40-1,40.0,1000.0,3,9269.5,0.0,5864.0,5864.0,1
A3TUJBPLJGTI5,rec,40-1,40.0,1000.0,4,8952.0,4783.583333333333,4168.416666666667,-615.1666666666666,2
A3TUJBPLJGTI5,rec,40-1,40.0,1000.0,5,11996.75,1929.8541666666665,8509.104166666666,6579.25,2
A3TUJBPLJGTI5,rec,40-1,40.0,1000.0,6,15826.166666666666,6713.111111111112,9113.055555555555,2399.944444444445,3
A3TUJBPLJGTI5,rec,40-1,40.0,1000.0,7,15400.625,3494.75,9877.75,6383.0,3
A3TUJBPLJGTI5,rec,40-1,40.0,1000.0,8,27604.55555555555,11832.888888888889,15771.666666666666,3938.7777777777774,4
A3TUJBPLJGTI5,rec,40-1,40.0,1000.0,9,26595.0,3642.0,22033.0,18391.0,4
A3TUJBPLJGTI5,rec,40-1,40.0,1000.0,10,17721.0,8604.0,9117.0,513.0,5
A3VL1CBZ3BGQK7,ns,40-1,40.0,1000.0,6,22031.89999999851,7314.54999999702,14717.35000000149,7402.80000000447,3
A3VL1CBZ3BGQK7,ns,40-1,40.0,1000.0,7,36506.14999995381,3807.4749999828637,30755.049999974668,26947.574999991804,3
A3VL1CBZ3BGQK7,ns,40-1,40.0,1000.0,8,37933.77499997616,10881.274999976158,27052.5,16171.225000023842,4
A3VL1CBZ3BGQK7,ns,40-1,40.0,1000.0,9,30633.70000000298,6207.075000017881,22739.77499999106,16532.699999973178,4
A3VL1CBZ3BGQK7,ns,40-1,40.0,1000.0,10,43580.674999985844,14746.762499988079,28833.912499997765,14087.150000009686,5
A3VL1CBZ3BGQK7,ns,40-1,40.0,1000.0,12,53446.29999996722,14237.20000000298,39209.09999996424,24971.899999961257,6
A3VL1CBZ3BGQK7,ns,40-1,40.0,1000.0,13,52531.19999998808,13493.499999962747,36086.75000002235,22593.250000059605,6
A3VL1CBZ3BGQK7,ns,40-1,40.0,1000.0,14,66722.09999994934,21975.69999998808,44746.39999996126,22770.699999973178,7
A3VL1CBZ3BGQK7,ns,40-1,40.0,1000.0,16,80820.60000002384,22313.400000035763,58507.19999998808,36193.799999952316,8
A47VA451RDBV3,prim,40-1,40.0,1000.0,6,59367.90000021458,30498.00000011921,28869.900000095367,-1628.1000000238419,3
A47VA451RDBV3,prim,40-1,40.0,1000.0,9,43223.2999997139,22197.799999952316,17838.89999973774,-4358.900000214577,4
A47VA451RDBV3,prim,40-1,40.0,1000.0,10,59339.70000010729,30633.94999998808,28705.75000011921,-1928.1999998688698,5
A47VA451RDBV3,prim,40-1,40.0,1000.0,11,57489.78333340088,26028.066666702427,27749.183333337307,1721.1166666348777,5
A47VA451RDBV3,prim,40-1,40.0,1000.0,12,65764.84999966621,39087.29999989271,26677.549999773495,-12409.75000011922,6
A47VA451RDBV3,prim,40-1,40.0,1000.0,13,68419.93333331744,34117.09999990463,28257.033333341282,-5860.066666563352,6
A47VA451RDBV3,prim,40-1,40.0,1000.0,14,62978.54999982649,34958.76666667064,28019.783333155847,-6938.983333514797,7
A47VA451RDBV3,prim,40-1,40.0,1000.0,15,58699.259999907015,22691.949999958277,32093.534999912976,9401.5849999547,7
A47VA451RDBV3,prim,40-1,40.0,1000.0,16,65155.64444451199,37115.944444444445,28039.70000006755,-9076.244444376893,8
A47VA451RDBV3,prim,40-1,40.0,1000.0,17,67631.52500005066,26474.337500080466,37236.024999931455,10761.687499850988,8
A47VA451RDBV3,prim,40-1,40.0,1000.0,18,64219.03333346049,31785.633333484333,32433.399999976158,647.7666664918264,9
A47VA451RDBV3,prim,40-1,40.0,1000.0,19,72861.20000004768,24459.200000047684,44092.299999952316,19633.099999904633,9
A47VA451RDBV3,prim,40-1,40.0,1000.0,22,76726.59999978542,37124.29999983311,39602.299999952316,2478.0000001192093,11
A92KVBM20ZTU4,rec,40-1,40.0,1000.0,8,29264.099999904633,14739.299999713898,14524.800000190735,-214.49999952316284,4
A92KVBM20ZTU4,rec,40-1,40.0,1000.0,9,54045.816666553415,16180.033333232006,32590.150000025827,16410.116666793823,4
A92KVBM20ZTU4,rec,40-1,40.0,1000.0,10,67131.3700000286,27422.630000036956,39708.73999999165,12286.1099999547,5
A92KVBM20ZTU4,rec,40-1,40.0,1000.0,11,61936.45000010729,26207.55000013113,31894.72499997914,5687.174999848008,5
A92KVBM20ZTU4,rec,40-1,40.0,1000.0,12,65223.724999949336,39692.61666660508,25531.108333344262,-14161.50833326081,6
A92KVBM20ZTU4,rec,40-1,40.0,1000.0,13,55004.550000071526,25396.25000011921,25427.649999976158,31.399999856948853,6
A92KVBM20ZTU4,rec,40-1,40.0,1000.0,14,66178.1875000745,30434.612499952316,35743.57500012219,5308.962500169873,7
A92KVBM20ZTU4,rec,40-1,40.0,1000.0,15,63211.31666645408,27701.43333317836,30309.14999995629,2607.716666777929,7
A92KVBM20ZTU4,rec,40-1,40.0,1000.0,16,71930.77499979734,32860.4999999851,39070.274999812245,6209.7749998271465,8
A92KVBM20ZTU4,rec,40-1,40.0,1000.0,18,80078.00000023842,38174.10000008345,41903.90000015497,3729.8000000715256,9
AAF1SJ9FCBF75,rec,40-1,40.0,1000.0,3,13238.0,0.0,7327.0,7327.0,1
AAF1SJ9FCBF75,rec,40-1,40.0,1000.0,8,57819.0,23330.0,34489.0,11159.0,4
AAF1SJ9FCBF75,rec,40-1,40.0,1000.0,9,66921.5,21302.666666666664,36768.16666666667,15465.5,4
AAF1SJ9FCBF75,rec,40-1,40.0,1000.0,10,58558.666666666664,23440.333333333332,35118.333333333336,11678.0,5
AAF1SJ9FCBF75,rec,40-1,40.0,1000.0,11,66953.83333333333,16510.666666666668,44378.833333333336,27868.166666666668,5
AAF1SJ9FCBF75,rec,40-1,40.0,1000.0,12,62972.166666666664,26615.5,36356.666666666664,9741.166666666666,6
AAF1SJ9FCBF75,rec,40-1,40.0,1000.0,13,65654.33333333333,21091.333333333332,41119.0,20027.666666666668,6
AAF1SJ9FCBF75,rec,40-1,40.0,1000.0,14,63381.16666666667,32229.875,31151.291666666664,-1078.5833333333335,7
AAF1SJ9FCBF75,rec,40-1,40.0,1000.0,15,74288.5,19627.75,50322.25,30694.5,7
AAF1SJ9FCBF75,rec,40-1,40.0,1000.0,16,68407.6,26467.0,41940.6,15473.6,8
AAF1SJ9FCBF75,rec,40-1,40.0,1000.0,18,80738.5,38576.25,42162.25,3586.0,9
AAF1SJ9FCBF75,rec,40-1,40.0,1000.0,19,74197.0,33218.0,37797.0,4579.0,9
AAVFHZA708CSP,ns,40-1,40.0,1000.0,9,68556.0,26829.0,36152.0,9323.0,4
AAVFHZA708CSP,ns,40-1,40.0,1000.0,10,36512.0,13556.0,22956.0,9400.0,5
AAVFHZA708CSP,ns,40-1,40.0,1000.0,11,61810.0,32502.0,23553.5,-8948.5,5
AAVFHZA708CSP,ns,40-1,40.0,1000.0,12,68288.0,42134.0,26154.0,-15980.0,6
AAVFHZA708CSP,ns,40-1,40.0,1000.0,13,47067.0,16435.0,25080.0,8645.0,6
AAVFHZA708CSP,ns,40-1,40.0,1000.0,14,65568.5,35503.75,30064.75,-5439.0,7
AAVFHZA708CSP,ns,40-1,40.0,1000.0,15,69538.41666666667,30502.708333333336,35237.79166666667,4735.083333333333,7
AAVFHZA708CSP,ns,40-1,40.0,1000.0,16,73537.66666666667,39879.0,33658.666666666664,-6220.333333333333,8
AAVFHZA708CSP,ns,40-1,40.0,1000.0,17,73785.0,27505.75,40548.5,13042.75,8
AAVFHZA708CSP,ns,40-1,40.0,1000.0,18,73973.16666666667,40765.666666666664,33207.5,-7558.166666666667,9
AAVFHZA708CSP,ns,40-1,40.0,1000.0,19,72319.0,30958.833333333332,36985.333333333336,6026.5,9
AAVFHZA708CSP,ns,40-1,40.0,1000.0,20,73423.75,38063.75,35360.0,-2703.75,10
AAVFHZA708CSP,ns,40-1,40.0,1000.0,21,78324.5,35473.5,40229.5,4756.0,10
AAVFHZA708CSP,ns,40-1,40.0,1000.0,22,70103.0,31093.0,39010.0,7917.0,11
AAVFHZA708CSP,ns,40-1,40.0,1000.0,25,72413.0,40145.0,29816.0,-10329.0,12
ADL9KYXZGHUFO,ns,40-1,40.0,1000.0,5,60793.5,31425.5,17482.0,-13943.5,2
ADL9KYXZGHUFO,ns,40-1,40.0,1000.0,6,51604.16666666667,36761.0,14843.166666666666,-21917.833333333332,3
ADL9KYXZGHUFO,ns,40-1,40.0,1000.0,7,54908.25,23414.75,26915.0,3500.25,3
ADL9KYXZGHUFO,ns,40-1,40.0,1000.0,8,52129.25,36643.5,15485.75,-21157.75,4
ADL9KYXZGHUFO,ns,40-1,40.0,1000.0,9,65427.333333333336,20524.0,40372.666666666664,19848.666666666668,4
ADL9KYXZGHUFO,ns,40-1,40.0,1000.0,10,64443.5,27747.5,36696.0,8948.5,5
ADL9KYXZGHUFO,ns,40-1,40.0,1000.0,12,65363.666666666664,38021.0,27342.666666666668,-10678.333333333334,6
ADL9KYXZGHUFO,ns,40-1,40.0,1000.0,13,69329.0,30118.0,31368.0,1250.0,6
AFLRBB974KS6D,ns,40-1,40.0,1000.0,4,65142.800000190735,58169.099999427795,6973.700000762939,-51195.399998664856,2
AFLRBB974KS6D,ns,40-1,40.0,1000.0,6,74076.40000152588,54483.200001716614,19593.199999809265,-34890.00000190735,3
AFLRBB974KS6D,ns,40-1,40.0,1000.0,8,84069.70000076294,47164.900000572205,36904.800000190735,-10260.10000038147,4
AFLRBB974KS6D,ns,40-1,40.0,1000.0,9,79147.69999980927,31403.949999809265,44014.34999990463,12610.400000095367,4
AFLRBB974KS6D,ns,40-1,40.0,1000.0,10,74608.82500267029,42058.72500157356,32550.100001096725,-9508.625000476837,5
AFLRBB974KS6D,ns,40-1,40.0,1000.0,11,70415.2666665713,24056.35000006358,41682.216666698456,17625.866666634876,5
AFLRBB974KS6D,ns,40-1,40.0,1000.0,12,74432.44999885559,38504.499999046326,35927.949999809265,-2576.5499992370605,6
AFLRBB974KS6D,ns,40-1,40.0,1000.0,13,80116.69999909401,27961.5,45211.724999427795,17250.224999427795,6
AFLRBB974KS6D,ns,40-1,40.0,1000.0,14,67622.65000152588,37801.85000085831,29820.800000667572,-7981.050000190735,7
AFLRBB974KS6D,ns,40-1,40.0,1000.0,15,71123.81666723886,27360.200000603996,38494.866666952774,11134.666666348774,7
AFLRBB974KS6D,ns,40-1,40.0,1000.0,16,68491.53333409627,33936.9000008901,34554.63333320618,617.7333323160807,8
AFLRBB974KS6D,ns,40-1,40.0,1000.0,18,78290.49999713898,50511.75,27778.749997138977,-22733.000002861023,9
AFLRBB974KS6D,ns,40-1,40.0,1000.0,19,74989.2666665713,26361.18333307902,41452.266667207085,15091.083334128061,9
AFLRBB974KS6D,ns,40-1,40.0,1000.0,20,79423.39999866486,39680.29999923706,39743.099999427795,62.80000019073486,10
AFLRBB974KS6D,ns,40-1,40.0,1000.0,21,75989.75,38833.49999952316,35032.20000076294,-3801.2999987602234,10
AFLRBB974KS6D,ns,40-1,40.0,1000.0,22,63482.15000081062,32353.575000286102,31128.57500052452,-1224.9999997615814,11
AFLRBB974KS6D,ns,40-1,40.0,1000.0,23,74419.87500047684,30080.175002098083,40969.74999856949,10889.574996471405,11
AFLRBB974KS6D,ns,40-1,40.0,1000.0,24,71324.18888939753,37310.03333399031,34014.155555407204,-3295.8777785831026,12
AFLRBB974KS6D,ns,40-1,40.0,1000.0,26,72345.29999828339,38479.79999923706,33865.499999046326,-4614.300000190735,13
AFLRBB974KS6D,ns,40-1,40.0,1000.0,28,67164.79999637604,36547.79999923706,30616.999997138977,-5930.8000020980835,14
AGB6853RIDWJ8,ns,40-1,40.0,1000.0,3,17339.249999905627,0.0,13311.583333288629,13311.583333288629,1
AGB6853RIDWJ8,ns,40-1,40.0,1000.0,4,20451.12499999255,14313.175000093877,6137.949999898672,-8175.225000195205,2
AGB6853RIDWJ8,ns,40-1,40.0,1000.0,5,30979.0458333008,5896.224999856204,18156.587500077985,12260.362500221778,2
AGB6853RIDWJ8,ns,40-1,40.0,1000.0,6,27772.033333177365,15152.616666485865,12619.4166666915,-2533.1999997943644,3
AGB6853RIDWJ8,ns,40-1,40.0,1000.0,7,52482.69999933243,21324.199999332428,23217.5,1893.300000667572,3
AGB6853RIDWJ8,ns,40-1,40.0,1000.0,8,16442.299999713898,9694.099999904633,6748.199999809265,-2945.9000000953674,4
AGB6853RIDWJ8,ns,40-1,40.0,1000.0,9,41830.39999997616,11198.399999976158,26745.79999998212,15547.40000000596,4
AGB6853RIDWJ8,ns,40-1,40.0,1000.0,12,60196.40000009537,39764.39999985695,20432.00000023842,-19332.39999961853,6
AGB6853RIDWJ8,ns,40-1,40.0,1000.0,13,69200.89999991655,27052.37499988079,35378.92500001192,8326.55000013113,6
AGB6853RIDWJ8,ns,40-1,40.0,1000.0,14,66880.23333338897,35605.78333336115,31274.450000027813,-4331.333333333333,7
AGB6853RIDWJ8,ns,40-1,40.0,1000.0,15,74003.00000013411,28084.55000001192,41273.512500077486,13188.962500065565,7
AGB6853RIDWJ8,ns,40-1,40.0,1000.0,16,76733.54999989271,43439.84999990463,33293.69999998808,-10146.149999916553,8
AGB6853RIDWJ8,ns,40-1,40.0,1000.0,17,70521.69999974966,27470.249999940395,34242.29999989271,6772.049999952316,8
AGB6853RIDWJ8,ns,40-1,40.0,1000.0,18,77163.10000026226,40778.433333575726,36384.666666686535,-4393.766666889191,9
AGB6853RIDWJ8,ns,40-1,40.0,1000.0,19,78777.10000038147,33916.40000009537,37586.60000038147,3670.2000002861023,9
AGLFNO1XKM8O8,rec,40-1,40.0,1000.0,11,71777.9999999702,29973.34999999404,30238.09999999404,264.75,5
AGLFNO1XKM8O8,rec,40-1,40.0,1000.0,12,76397.19999992847,41561.949999943376,34835.2499999851,-6726.699999958277,6
AGLFNO1XKM8O8,rec,40-1,40.0,1000.0,13,65565.54999990761,25324.44999988377,33865.10000002384,8540.650000140071,6
AGLFNO1XKM8O8,rec,40-1,40.0,1000.0,14,72272.5000000149,29145.70000001788,43126.79999999702,13981.099999979138,7
AGLFNO1XKM8O8,rec,40-1,40.0,1000.0,15,77104.02777773804,31303.333333344097,43044.933333318266,11741.59999997417,7
AGLFNO1XKM8O8,rec,40-1,40.0,1000.0,16,76176.61111109455,37242.57777773341,38934.03333336115,1691.4555556277435,8
AGLFNO1XKM8O8,rec,40-1,40.0,1000.0,17,72637.11666677892,33916.550000076495,34874.88333338002,958.333333303531,8
AGLFNO1XKM8O8,rec,40-1,40.0,1000.0,18,78172.9166667064,40234.05833339194,37938.858333314456,-2295.200000077486,9
AGLFNO1XKM8O8,rec,40-1,40.0,1000.0,19,76610.88333346695,31570.388888940215,40672.76111119323,9102.372222253018,9
AGLFNO1XKM8O8,rec,40-1,40.0,1000.0,20,77367.375,38962.40000001341,38404.97499998659,-557.4250000268221,10
AGLFNO1XKM8O8,rec,40-1,40.0,1000.0,21,77651.75,35643.75,39131.25000011921,3487.5000001192093,10
AGLFNO1XKM8O8,rec,40-1,40.0,1000.0,22,79376.3999991417,39926.39999985695,39449.999999284744,-476.4000005722046,11
AGLFNO1XKM8O8,rec,40-1,40.0,1000.0,23,80883.09999997914,37860.59999999404,40718.09999999404,2857.5,11
AH2C0LKV36ATT,prim,40-1,40.0,1000.0,4,38323.0,29368.0,8955.0,-20413.0,2
AH2C0LKV36ATT,prim,40-1,40.0,1000.0,7,39958.0,14100.0,16540.0,2440.0,3
AH2C0LKV36ATT,prim,40-1,40.0,1000.0,9,53207.666666666664,17690.333333333332,26809.44444444444,9119.111111111111,4
AH2C0LKV36ATT,prim,40-1,40.0,1000.0,10,57397.0,23403.5,33993.5,10590.0,5
AH2C0LKV36ATT,prim,40-1,40.0,1000.0,11,71002.0,36416.0,30336.0,-6080.0,5
AH2C0LKV36ATT,prim,40-1,40.0,1000.0,12,47149.0,28155.0,18994.0,-9161.0,6
AH2C0LKV36ATT,prim,40-1,40.0,1000.0,13,64102.5,26287.0,33353.5,7066.5,6
AH2C0LKV36ATT,prim,40-1,40.0,1000.0,14,69181.75,36738.5,32443.25,-4295.25,7
AH2C0LKV36ATT,prim,40-1,40.0,1000.0,15,69053.33333333334,30905.25,34117.0,3211.75,7
AH2C0LKV36ATT,prim,40-1,40.0,1000.0,16,67281.33333333333,36747.5,30533.833333333336,-6213.666666666666,8
AH2C0LKV36ATT,prim,40-1,40.0,1000.0,17,69025.75,27918.0,37234.875,9316.875,8
AH2C0LKV36ATT,prim,40-1,40.0,1000.0,18,69928.66666666667,38319.0,31609.666666666664,-6709.333333333334,9
AH2C0LKV36ATT,prim,40-1,40.0,1000.0,19,72952.29166666666,32677.541666666664,35948.41666666667,3270.875,9
AKJN72HW14WTR,rec,40-1,40.0,1000.0,3,21682.5,0.0,17137.0,17137.0,1
AKJN72HW14WTR,rec,40-1,40.0,1000.0,4,31559.0,24063.0,7496.0,-16567.0,2
AKJN72HW14WTR,rec,40-1,40.0,1000.0,5,20631.0,3313.5,11461.5,8148.0,2
AKJN72HW14WTR,rec,40-1,40.0,1000.0,6,34783.041666666664,10581.708333333334,24201.333333333332,13619.625,3
AKJN72HW14WTR,rec,40-1,40.0,1000.0,7,38679.6875,5166.5,30346.9375,25180.4375,3
AKJN72HW14WTR,rec,40-1,40.0,1000.0,8,45980.1875,17603.3125,28376.875,10773.5625,4
AKJN72HW14WTR,rec,40-1,40.0,1000.0,9,54923.125,15911.5,33873.375,17961.875,4
AKJN72HW14WTR,rec,40-1,40.0,1000.0,10,49101.0,21603.666666666668,27497.333333333332,5893.666666666667,5
AKJN72HW14WTR,rec,40-1,40.0,1000.0,11,42148.0,12984.0,27002.0,14018.0,5
AKJN72HW14WTR,rec,40-1,40.0,1000.0,13,83051.5,46436.0,34344.0,-12092.0,6
AMIQGW2E3WYO4,rec,40-1,40.0,1000.0,3,6021.0,0.0,4084.0,4084.0,1
AMIQGW2E3WYO4,rec,40-1,40.0,1000.0,4,25660.333333333332,8290.666666666666,17369.666666666668,9079.0,2
AMIQGW2E3WYO4,rec,40-1,40.0,1000.0,6,32516.25,16163.833333333334,16352.416666666666,188.58333333333334,3
AMIQGW2E3WYO4,rec,40-1,40.0,1000.0,7,42283.0,8315.625,24384.25,16068.625,3
AMIQGW2E3WYO4,rec,40-1,40.0,1000.0,8,39957.666666666664,18677.11111111111,21280.55555555556,2603.444444444445,4
AMIQGW2E3WYO4,rec,40-1,40.0,1000.0,9,51702.416666666664,13895.333333333334,30573.166666666668,16677.833333333332,4
AMIQGW2E3WYO4,rec,40-1,40.0,1000.0,10,52240.25,19566.208333333332,32674.041666666664,13107.833333333334,5
AMIQGW2E3WYO4,rec,40-1,40.0,1000.0,11,64430.0,13079.0,44350.666666666664,31271.666666666668,5
AMIQGW2E3WYO4,rec,40-1,40.0,1000.0,12,69996.5,19864.5,50132.0,30267.5,6
AMIQGW2E3WYO4,rec,40-1,40.0,1000.0,13,58066.0,18119.0,35708.0,17589.0,6
ANCTZADQC3D75,ns,40-1,40.0,1000.0,8,64111.0,33267.0,30844.0,-2423.0,4
ANCTZADQC3D75,ns,40-1,40.0,1000.0,9,46261.0,28502.0,14845.0,-13657.0,4
ANCTZADQC3D75,ns,40-1,40.0,1000.0,13,72818.5,29723.333333333332,39082.833333333336,9359.5,6
ANCTZADQC3D75,ns,40-1,40.0,1000.0,14,71882.05,37374.625,34507.425,-2867.2,7
ANCTZADQC3D75,ns,40-1,40.0,1000.0,15,78737.5,30137.75,44133.5,13995.75,7
ANCTZADQC3D75,ns,40-1,40.0,1000.0,16,78703.5,36783.75,41919.75,5136.0,8
ANCTZADQC3D75,ns,40-1,40.0,1000.0,17,75052.5,34757.5,34087.25,-670.25,8
ANCTZADQC3D75,ns,40-1,40.0,1000.0,18,77928.5,48451.333333333336,29477.166666666668,-18974.166666666668,9
ANCTZADQC3D75,ns,40-1,40.0,1000.0,19,73045.11111111111,35532.0,33729.77777777778,-1802.222222222222,9
ANCTZADQC3D75,ns,40-1,40.0,1000.0,20,78206.5,33643.0,44563.5,10920.5,10
ANCTZADQC3D75,ns,40-1,40.0,1000.0,21,72192.5,34543.0,35542.75,999.75,10
ANCTZADQC3D75,ns,40-1,40.0,1000.0,22,74295.0,38988.0,35307.0,-3681.0,11
AOQKJGXZ8QQD0,prim,40-1,40.0,1000.0,4,47760.14999985695,18388.399999916553,29371.74999994039,10983.350000023838,2
AOQKJGXZ8QQD0,prim,40-1,40.0,1000.0,5,36499.49999986341,6075.150000015895,15443.749999904385,9368.599999888489,2
AOQKJGXZ8QQD0,prim,40-1,40.0,1000.0,6,35113.200000047684,22124.900000095367,12988.299999952316,-9136.600000143051,3
AOQKJGXZ8QQD0,prim,40-1,40.0,1000.0,7,39915.849999977276,14796.199999950826,17801.12499997765,3004.925000026822,3
AOQKJGXZ8QQD0,prim,40-1,40.0,1000.0,8,47780.78750006482,26322.850000046194,21457.937500018626,-4864.912500027567,4
AOQKJGXZ8QQD0,prim,40-1,40.0,1000.0,9,56763.533333295585,23962.151666665075,27059.031666624545,3096.879999959469,4
AOQKJGXZ8QQD0,prim,40-1,40.0,1000.0,10,66951.51666666567,39270.29166664928,27681.22500001639,-11589.06666663289,5
AOQKJGXZ8QQD0,prim,40-1,40.0,1000.0,11,49193.649999946356,20200.43333334724,25208.349999884762,5007.916666537523,5
AOQKJGXZ8QQD0,prim,40-1,40.0,1000.0,13,72154.7999997735,33466.199999928474,29916.499999910593,-3549.7000000178814,6
AOQKJGXZ8QQD0,prim,40-1,40.0,1000.0,14,67858.02500003576,35279.70000001788,32578.32500001788,-2701.375,7
AP3BTOBN8Y9EJ,rec,40-1,40.0,1000.0,6,51470.10000014305,35707.50000011921,15762.600000023842,-19944.900000095367,3
AP3BTOBN8Y9EJ,rec,40-1,40.0,1000.0,7,49745.733333279684,14200.991666654745,25463.658333261807,11262.666666607061,3
AP3BTOBN8Y9EJ,rec,40-1,40.0,1000.0,8,66751.21666665871,36856.59999998411,29894.616666674614,-6961.983333309491,4
AP3BTOBN8Y9EJ,rec,40-1,40.0,1000.0,9,63931.71250002086,24841.537500023842,33134.38750001788,8292.84999999404,4
AP3BTOBN8Y9EJ,rec,40-1,40.0,1000.0,10,70238.13249995708,33739.90249992311,36498.230000033975,2758.3275001108645,5
AP3BTOBN8Y9EJ,rec,40-1,40.0,1000.0,11,70228.69999980927,23609.58749998361,38676.84999985248,15067.26249986887,5
AP3BTOBN8Y9EJ,rec,40-1,40.0,1000.0,13,75786.0,31947.55000001192,36484.84999996424,4537.299999952316,6
AQSYWZJVVMCGJ,prim,40-1,40.0,1000.0,6,21966.5,12810.0,9156.5,-3653.5,3
AQSYWZJVVMCGJ,prim,40-1,40.0,1000.0,7,29033.0,7899.0,11820.0,3921.0,3
AQSYWZJVVMCGJ,prim,40-1,40.0,1000.0,8,42086.0,19254.0,22832.0,3578.0,4
AQSYWZJVVMCGJ,prim,40-1,40.0,1000.0,9,29956.0,12708.333333333334,14571.666666666666,1863.3333333333333,4
AQSYWZJVVMCGJ,prim,40-1,40.0,1000.0,10,54740.93333333333,31026.2,23714.733333333334,-7311.466666666667,5
AQSYWZJVVMCGJ,prim,40-1,40.0,1000.0,11,40403.8125,15147.25,21122.1875,5974.9375,5
AQSYWZJVVMCGJ,prim,40-1,40.0,1000.0,12,47360.25,27698.25,19662.0,-8036.25,6
AQSYWZJVVMCGJ,prim,40-1,40.0,1000.0,13,49038.22222222222,19075.416666666668,25234.86111111111,6159.444444444445,6
AQSYWZJVVMCGJ,prim,40-1,40.0,1000.0,14,51043.166666666664,25211.0,25832.166666666668,621.1666666666666,7
AQSYWZJVVMCGJ,prim,40-1,40.0,1000.0,15,53964.25,23219.75,28056.0,4836.25,7
AQSYWZJVVMCGJ,prim,40-1,40.0,1000.0,16,64443.5,30101.25,34342.25,4241.0,8
AR1IWBDA7MC86,rec,40-1,40.0,1000.0,8,66467.59999994934,24017.4999999851,42450.09999996424,18432.59999997914,4
AR1IWBDA7MC86,rec,40-1,40.0,1000.0,9,62609.99999976158,31171.0,14743.399999856949,-16427.60000014305,4
AR1IWBDA7MC86,rec,40-1,40.0,1000.0,10,35686.69999995828,22241.19999998808,13445.499999970198,-8795.700000017881,5
AR1IWBDA7MC86,rec,40-1,40.0,1000.0,12,62585.95000016689,25478.200000092387,37107.750000074506,11629.549999982119,6
AR1IWBDA7MC86,rec,40-1,40.0,1000.0,13,57551.90000021458,9290.000000129143,37579.966666688524,28289.96666655938,6
AR1IWBDA7MC86,rec,40-1,40.0,1000.0,14,78650.65000006557,20643.099999964237,58007.55000010133,37364.45000013709,7
AR1IWBDA7MC86,rec,40-1,40.0,1000.0,15,58853.53333366414,18941.8166667521,35512.333333566785,16570.516666814685,7
AR1IWBDA7MC86,rec,40-1,40.0,1000.0,16,68273.73333338897,28523.266666779917,39750.46666660905,11227.199999829134,8
AR1IWBDA7MC86,rec,40-1,40.0,1000.0,17,60324.299999952316,41500.39999985695,16317.5,-25182.89999985695,8
AR1IWBDA7MC86,rec,40-1,40.0,1000.0,18,82440.40000021458,22040.000000059605,60400.40000015497,38360.40000009537,9
AR1IWBDA7MC86,rec,40-1,40.0,1000.0,19,69041.83333319426,24317.400000015896,43020.46666651964,18703.066666503746,9
AR1IWBDA7MC86,rec,40-1,40.0,1000.0,20,67668.25555521912,27256.83333317439,40411.422222044734,13154.588888870343,10
AR1IWBDA7MC86,rec,40-1,40.0,1000.0,21,70402.97500003874,17735.90000000596,50083.850000068545,32347.950000062585,10
AR1IWBDA7MC86,rec,40-1,40.0,1000.0,22,68013.6999994119,20668.66666640838,47345.03333300352,26676.366666595142,11
AR1IWBDA7MC86,rec,40-1,40.0,1000.0,24,77616.89999973774,28105.749999701977,49511.15000003576,21405.400000333786,12
AR1IWBDA7MC86,rec,40-1,40.0,1000.0,25,84981.19999992847,17894.30000001192,60711.99999991059,42817.69999989867,12
AR3MFFPQ39IXF,rec,40-1,40.0,1000.0,9,57522.599999934435,16354.200000017881,28610.799999922514,12256.599999904633,4
AR3MFFPQ39IXF,rec,40-1,40.0,1000.0,10,69516.45000001788,27880.19999998808,41636.2500000298,13756.050000041723,5
AR3MFFPQ39IXF,rec,40-1,40.0,1000.0,11,72820.72500002384,24381.250000059605,43435.14999997616,19053.899999916553,5
AR3MFFPQ39IXF,rec,40-1,40.0,1000.0,12,75009.98333334923,46089.866666694485,28920.116666654747,-17169.750000039738,6
AR3MFFPQ39IXF,rec,40-1,40.0,1000.0,13,75850.87777792745,30359.088888963062,39746.74444452921,9387.655555566153,6
AR3MFFPQ39IXF,rec,40-1,40.0,1000.0,14,77281.0533332785,38072.756666640445,39208.29666663805,1135.5399999976157,7
AR3MFFPQ39IXF,rec,40-1,40.0,1000.0,15,79990.59999985165,28729.79999989271,46850.36666662164,18120.566666728922,7
AR3MFFPQ39IXF,rec,40-1,40.0,1000.0,16,78094.75,33912.05000001192,44182.69999998808,10270.649999976158,8
AR3MFFPQ39IXF,rec,40-1,40.0,1000.0,17,80891.70000004768,27082.600000023842,49471.30000001192,22388.69999998808,8
ARL0T0MU9A65G,prim,40-1,40.0,1000.0,11,74666.25,26604.416666666664,41920.41666666667,15316.0,5
ARL0T0MU9A65G,prim,40-1,40.0,1000.0,12,73139.125,45756.916666666664,27382.208333333332,-18374.708333333336,6
ARL0T0MU9A65G,prim,40-1,40.0,1000.0,13,74647.33333333333,31710.63888888889,36379.055555555555,4668.416666666667,6
ARL0T0MU9A65G,prim,40-1,40.0,1000.0,14,74305.56666666667,37898.73333333333,36406.833333333336,-1491.8999999999999,7
ARL0T0MU9A65G,prim,40-1,40.0,1000.0,15,78114.0,32443.625,40353.5625,7909.9375,7
ARL0T0MU9A65G,prim,40-1,40.0,1000.0,16,75467.77777777777,39379.77777777778,36088.0,-3291.7777777777774,8
ARL0T0MU9A65G,prim,40-1,40.0,1000.0,17,77809.0,34891.5,38853.5,3962.0,8
ARL0T0MU9A65G,prim,40-1,40.0,1000.0,18,77835.5,42848.0,34987.5,-7860.5,9
ARL0T0MU9A65G,prim,40-1,40.0,1000.0,19,82854.0,41288.0,36133.0,-5155.0,9
ASVRLMDNQBUD9,rec,40-1,40.0,1000.0,3,29875.200000047684,0.0,8785.300000071526,8785.300000071526,1
ASVRLMDNQBUD9,rec,40-1,40.0,1000.0,4,15253.5,11984.400000035763,3269.099999964237,-8715.300000071526,2
ASVRLMDNQBUD9,rec,40-1,40.0,1000.0,5,39685.650000065565,11150.72499999404,20520.075000092387,9369.350000098348,2
ASVRLMDNQBUD9,rec,40-1,40.0,1000.0,6,42229.563333241145,18551.219999884237,23678.343333356912,5127.123333472676,3
ASVRLMDNQBUD9,rec,40-1,40.0,1000.0,7,43053.78611115614,7830.802777760558,26741.708333339953,18910.905555579397,3
ASVRLMDNQBUD9,rec,40-1,40.0,1000.0,8,51847.3749999702,15539.124999955297,36308.2500000149,20769.125000059605,4
ASVRLMDNQBUD9,rec,40-1,40.0,1000.0,9,45190.33333339294,10410.099999964237,31170.000000139076,20759.90000017484,4
ASVRLMDNQBUD9,rec,40-1,40.0,1000.0,10,59073.599999934435,26426.29999986291,32647.300000071526,6221.000000208616,5
ASVRLMDNQBUD9,rec,40-1,40.0,1000.0,11,78504.64999997616,15170.399999976158,59523.00000011921,44352.60000014305,5
ASVRLMDNQBUD9,rec,40-1,40.0,1000.0,12,65833.99999976158,20550.299999952316,45283.699999809265,24733.39999985695,6
ATRRW34VN38IX,rec,40-1,40.0,1000.0,3,58210.89999914169,0.0,26858.699999332428,26858.699999332428,1
ATRRW34VN38IX,rec,40-1,40.0,1000.0,7,56514.40000009537,23675.800000190735,28973.800000190735,5298.0,3
ATRRW34VN38IX,rec,40-1,40.0,1000.0,8,64147.199999809265,38771.62499976158,25375.575000047684,-13396.049999713898,4
ATRRW34VN38IX,rec,40-1,40.0,1000.0,9,68260.1166665554,22374.23333366712,39374.81666604678,17000.583332379658,4
ATRRW34VN38IX,rec,40-1,40.0,1000.0,10,63205.375000715256,32159.27499985695,31046.100000858307,-1113.174998998642,5
ATRRW34VN38IX,rec,40-1,40.0,1000.0,11,68265.4249995152,25996.724999785423,35398.66666638851,9401.941666603088,5
ATRRW34VN38IX,rec,40-1,40.0,1000.0,13,65456.2999997139,32846.69999933243,27069.10000038147,-5777.599998950958,6
AVSVIOR38JDM6,prim,40-1,40.0,1000.0,16,54158.75,32596.35000014305,21562.39999985695,-11033.950000286102,8
AVSVIOR38JDM6,prim,40-1,40.0,1000.0,18,62036.016666173935,29179.899999539055,32856.11666663487,3676.2166670958204,9
AVSVIOR38JDM6,prim,40-1,40.0,1000.0,19,68187.25000035763,31999.562500059605,33565.850000441074,1566.2875003814697,9
AVSVIOR38JDM6,prim,40-1,40.0,1000.0,20,70274.65000033379,37740.56666700045,32534.083333333332,-5206.483333667119,10
AVSVIOR38JDM6,prim,40-1,40.0,1000.0,21,67290.6750010252,32225.750000953674,31246.700000047684,-979.0500009059906,10
AVSVIOR38JDM6,prim,40-1,40.0,1000.0,22,65038.40833353996,35008.80000034968,30029.60833319028,-4979.191667159398,11
AVSVIOR38JDM6,prim,40-1,40.0,1000.0,23,68530.6749997139,31640.649999260902,34839.72500050068,3199.0750012397766,11
AVSVIOR38JDM6,prim,40-1,40.0,1000.0,24,68347.2500011921,35806.65000081062,32540.60000038147,-3266.0500004291534,12
AVSVIOR38JDM6,prim,40-1,40.0,1000.0,25,73037.19999957085,34586.06666572889,35467.43333387375,881.3666681448618,12
AVSVIOR38JDM6,prim,40-1,40.0,1000.0,26,68911.24999952316,35256.77499961853,33654.47499990463,-1602.2999997138977,13
AVSVIOR38JDM6,prim,40-1,40.0,1000.0,27,74702.30000066757,37232.800000190735,34795.30000034968,-2437.4999998410544,13
AW0MG225VXWCN,rec,40-1,40.0,1000.0,4,16716.60000014305,2810.2999999523163,13906.300000190735,11096.000000238419,2
AW0MG225VXWCN,rec,40-1,40.0,1000.0,5,12209.699999809265,1298.2999999523163,9676.5,8378.200000047684,2
AW0MG225VXWCN,rec,40-1,40.0,1000.0,8,44146.09999978542,7495.4499997496605,36650.65000003576,29155.200000286102,4
AW0MG225VXWCN,rec,40-1,40.0,1000.0,9,38253.58333353202,4355.633333285649,26483.550000151,22127.91666686535,4
AW0MG225VXWCN,rec,40-1,40.0,1000.0,10,34974.599999427795,13122.349999666214,21852.24999976158,8729.900000095367,5
AW0MG225VXWCN,rec,40-1,40.0,1000.0,11,46643.45000010729,6174.791666766008,38916.96666671833,32742.174999952316,5
AW0MG225VXWCN,rec,40-1,40.0,1000.0,12,58504.99999988079,10095.75,48409.24999988079,38313.49999988079,6
AW0MG225VXWCN,rec,40-1,40.0,1000.0,13,43022.25000023842,6426.574999809265,32945.75000035763,26519.175000548363,6
AW0MG225VXWCN,rec,40-1,40.0,1000.0,14,62291.31249958277,18177.299999773502,44114.012499809265,25936.712500035763,7
AW0MG225VXWCN,rec,40-1,40.0,1000.0,15,74476.90000104904,8741.500000238419,63854.900000691414,55113.400000452995,7
AW0MG225VXWCN,rec,40-1,40.0,1000.0,16,45242.150000572205,15133.700000166893,30108.45000040531,14974.750000238419,8
AW0MG225VXWCN,rec,40-1,40.0,1000.0,17,45471.39999961853,13388.200000286102,30584.299999713898,17196.099999427795,8
AW0MG225VXWCN,rec,40-1,40.0,1000.0,19,82217.69999909401,9613.099999189377,70032.79999995232,60419.70000076294,9
AW4PTI9P13WUB,prim,40-1,40.0,1000.0,7,60738.08333372076,18817.666667044163,29703.33333276709,10885.666665722925,3
AW4PTI9P13WUB,prim,40-1,40.0,1000.0,8,63392.48333333433,29563.0833333532,33829.39999998112,4266.316666627924,4
AW4PTI9P13WUB,prim,40-1,40.0,1000.0,9,63674.42500002682,21222.808333292603,35463.46666673819,14240.658333445588,4
AW4PTI9P13WUB,prim,40-1,40.0,1000.0,10,67579.80000136296,35075.30000164112,32504.499999721844,-2570.8000019192696,5
AW4PTI9P13WUB,prim,40-1,40.0,1000.0,11,63952.64166674142,24108.062499622505,34734.662500823535,10626.600001201034,5
AW4PTI9P13WUB,prim,40-1,40.0,1000.0,12,70609.00555570259,35830.42222187916,34778.583333823415,-1051.8388880557484,6
AW4PTI9P13WUB,prim,40-1,40.0,1000.0,13,74037.9000005722,31668.749999046326,36265.750000953674,4597.000001907349,6
AW4PTI9P13WUB,prim,40-1,40.0,1000.0,14,71671.01666519046,43955.58333200216,27715.433333188295,-16240.149998813868,7
AW4PTI9P13WUB,prim,40-1,40.0,1000.0,15,67863.37777783141,28462.98888891604,35341.03333334128,6878.044444425238,7
AW4PTI9P13WUB,prim,40-1,40.0,1000.0,16,76929.94999980927,34501.699999809265,42428.25,7926.550000190735,8
AW4PTI9P13WUB,prim,40-1,40.0,1000.0,18,77603.19999885559,36402.79999732971,41200.40000152588,4797.600004196167,9
AXFCUZW85XUK1,ns,40-1,40.0,1000.0,9,44487.90000000596,13464.400000002235,24402.900000002235,10938.5,4
AXFCUZW85XUK1,ns,40-1,40.0,1000.0,10,39429.5,21350.60000000149,18078.89999999851,-3271.7000000029802,5
AXFCUZW85XUK1,ns,40-1,40.0,1000.0,11,59936.05999999792,18130.139999998362,33454.640000000596,15324.500000002236,5
AXFCUZW85XUK1,ns,40-1,40.0,1000.0,12,76212.3750000596,40449.72499999404,35762.650000065565,-4687.074999928474,6
AXFCUZW85XUK1,ns,40-1,40.0,1000.0,13,66773.97500004899,27079.224999991246,32778.900000015274,5699.675000024028,6
AXFCUZW85XUK1,ns,40-1,40.0,1000.0,14,62890.10000002384,34638.59999990463,28251.50000011921,-6387.099999785423,7
AXFCUZW85XUK1,ns,40-1,40.0,1000.0,15,74465.17777783547,29619.400000113164,37626.8499999663,8007.44999985314,7
AXFCUZW85XUK1,ns,40-1,40.0,1000.0,16,76807.46000000834,39084.319999963045,37723.1400000453,-1361.1799999177456,8
AXFCUZW85XUK1,ns,40-1,40.0,1000.0,17,76671.39444445238,30526.694444371595,41740.4000000755,11213.705555703906,8
AXFCUZW85XUK1,ns,40-1,40.0,1000.0,18,78375.29999998212,45221.29999989271,33154.00000008941,-12067.299999803305,9
AXFCUZW85XUK1,ns,40-1,40.0,1000.0,19,80328.10000014305,35160.800000190735,43031.5,7870.699999809265,9
AXFCUZW85XUK1,ns,40-1,40.0,1000.0,21,79120.40000021458,28956.100000023842,48072.10000014305,19116.00000011921,10
AXFCUZW85XUK1,ns,40-1,40.0,1000.0,24,73357.90000021458,38199.90000009537,35158.00000011921,-3041.899999976158,12
AYF9WH3AQIT86,prim,40-1,40.0,1000.0,3,8307.337500073016,0.0,4097.262500047684,4097.262500047684,1
AYF9WH3AQIT86,prim,40-1,40.0,1000.0,4,11991.246666574478,8561.566666595141,3429.679999979337,-5131.886666615804,2
AYF9WH3AQIT86,prim,40-1,40.0,1000.0,5,16235.718333323797,4120.836666679382,7973.769999998808,3852.933333319426,2
AYF9WH3AQIT86,prim,40-1,40.0,1000.0,6,22491.17499999702,10266.724999949336,12224.450000047684,1957.7250000983477,3
AYF9WH3AQIT86,prim,40-1,40.0,1000.0,7,26645.800000071526,13052.600000023842,9454.5,-3598.100000023842,3
AYF9WH3AQIT86,prim,40-1,40.0,1000.0,8,28797.366666634876,18255.200000007946,10542.16666662693,-7713.033333381017,4
AYF9WH3AQIT86,prim,40-1,40.0,1000.0,11,82253.50000047684,48231.5,27052.400000572205,-21179.099999427795,5
AYF9WH3AQIT86,prim,40-1,40.0,1000.0,12,39895.900000572205,23839.800000190735,16056.10000038147,-7783.699999809265,6
AYF9WH3AQIT86,prim,40-1,40.0,1000.0,13,47070.00000047684,16649.500000476837,26690.200000286102,10040.699999809265,6
AYF9WH3AQIT86,prim,40-1,40.0,1000.0,14,77785.00000047684,44023.40000104904,33761.599999427795,-10261.800001621246,7
AYF9WH3AQIT86,prim,40-1,40.0,1000.0,15,64181.49999952316,23774.900000095367,38614.19999933243,14839.29999923706,7
AYF9WH3AQIT86,prim,40-1,40.0,1000.0,16,69530.59999895096,38615.099999427795,30915.499999523163,-7699.599999904633,8
AYF9WH3AQIT86,prim,40-1,40.0,1000.0,17,69508.19999980927,38496.7999997139,27859.099999904633,-10637.699999809265,8
AYF9WH3AQIT86,prim,40-1,40.0,1000.0,18,73261.95000100136,40918.000000715256,32343.950000286102,-8574.050000429153,9
AYF9WH3AQIT86,prim,40-1,40.0,1000.0,19,75021.49999904633,34348.29999923706,35025.2999997139,677.0000004768372,9
