subject,strategy,condition,l_length,pres_rate,rot,irt
A10HW8JXM17XLD,rec,10-2,10.0,2000.0,-3,4484.509999999093
A12K1ADYMRSWMJ,prim,10-2,10.0,2000.0,-3,4169.88187497845
A14E4ISXVJVY6F,prim,10-2,10.0,2000.0,-3,3669.741249907017
A169XTOCOMO1MV,ns,10-2,10.0,2000.0,-3,3356.556250010058
A18NXRDHQ0ZSOY,ns,10-2,10.0,2000.0,-3,4624.796458338202
A1969Q0R4Y0E3J,rec,10-2,10.0,2000.0,-3,2570.2045454545455
A1AKL5YH9NLD2V,ns,10-2,10.0,2000.0,-3,2284.820833333263
A1ARWNTZHGFG8Y,prim,10-2,10.0,2000.0,-3,7933.6755952309995
A1F0R1MSPTXHHV,ns,10-2,10.0,2000.0,-3,3706.908333251874
A1GRPIBHW72HDU,rec,10-2,10.0,2000.0,-3,2568.2645202020203
A1I9RLJQ0BYN21,prim,10-2,10.0,2000.0,-3,2745.6666667312384
A1NG504QI5LI62,prim,10-2,10.0,2000.0,-3,4317.714285714286
A1NQ2A0UDW719R,prim,10-2,10.0,2000.0,-3,3291.8888888888887
A1P00XZZG7EEEM,prim,10-2,10.0,2000.0,-3,2166.875
A1RFDB2WUV7QRO,ns,10-2,10.0,2000.0,-3,2814.2401785732113
A1V2H0UF94ATWY,ns,10-2,10.0,2000.0,-3,3382.0920634920694
A1W7T8V97ZPUH0,ns,10-2,10.0,2000.0,-3,4144.071428571428
A1WJIRT360P5VB,rec,10-2,10.0,2000.0,-3,4355.242499998584
A1WPGNK8Y65BV3,ns,10-2,10.0,2000.0,-3,2318.214116168755
A1XMGLCK09Z0DW,ns,10-2,10.0,2000.0,-3,2482.9523809523807
A1YA2FCN3KEK36,prim,10-2,10.0,2000.0,-3,3654.4938988053727
A20GD3EBBTBYY2,rec,10-2,10.0,2000.0,-3,4845.919155844156
A24BRTWG07T53Z,prim,10-2,10.0,2000.0,-3,3935.0565476190477
A27QXQ22F9ODSP,prim,10-2,10.0,2000.0,-3,5063.362103174603
A27T2Z568L69U1,prim,10-2,10.0,2000.0,-3,5091.040277777778
A282UM3NAIM0YO,ns,10-2,10.0,2000.0,-3,3731.0875
A2BREH6STESM0G,rec,10-2,10.0,2000.0,-3,3426.843333329229
A2FLBMZ38IZ2SQ,prim,10-2,10.0,2000.0,-3,5070.632648764622
A2FM1N5AOMVTGL,prim,10-2,10.0,2000.0,-3,4829.174166560173
A2FYFCD16Z3PCC,rec,10-2,10.0,2000.0,-3,2107.995833331719
A2H8PEGI28NKZD,ns,10-2,10.0,2000.0,-3,2845.486388888889
A2I6ZALE49CVSC,prim,10-2,10.0,2000.0,-3,3271.0537500004866
A2KPEUCEE2M05G,prim,10-2,10.0,2000.0,-3,3450.9772727248346
A2LJ1FRUYGW469,ns,10-2,10.0,2000.0,-3,5347.868035667271
A2M183CETUMR96,rec,10-2,10.0,2000.0,-3,4207.770031565965
A2MUOD1JHWJ735,ns,10-2,10.0,2000.0,-3,3914.3678472379634
A2NXMRPHG86N2T,ns,10-2,10.0,2000.0,-3,3321.694810606919
A2PQDK3MLDFXYM,rec,10-2,10.0,2000.0,-3,2055.168333326839
A2QRJKXTK4JDD8,ns,10-2,10.0,2000.0,-3,5351.803571428572
A2R970Q1Q2A6DJ,prim,10-2,10.0,2000.0,-3,5686.422500039637
A2VIKZ73Y5ABHM,ns,10-2,10.0,2000.0,-3,2371.325
A2WYZLG8J526TQ,prim,10-2,10.0,2000.0,-3,4544.878787878788
A33X52IN60MSOE,rec,10-2,10.0,2000.0,-3,5241.661666665723
A348NEQKS6VNIB,rec,10-2,10.0,2000.0,-3,4490.031666669415
A349BBTU7L597J,ns,10-2,10.0,2000.0,-3,9034.874999955297
A3C8JI69WPTKWH,rec,10-2,10.0,2000.0,-3,2191.2937500067055
A3CE7DTHIB76UK,ns,10-2,10.0,2000.0,-3,6045.050000005624
A3G55RJTW3BSGM,ns,10-2,10.0,2000.0,-3,1324.107443202761
A3GC5Q5CLI4NWZ,prim,10-2,10.0,2000.0,-3,6418.809523809524
A3J55BJGV95JKH,ns,10-2,10.0,2000.0,-3,3763.9170201773295
A3MJQ51KN9CMQ4,prim,10-2,10.0,2000.0,-3,4903.275
A3MOL1L9V4BUGH,ns,10-2,10.0,2000.0,-3,3491.514583336603
A3NAONPCTVT6P1,ns,10-2,10.0,2000.0,-3,4381.23071430342
A3PJY7THMUIR4M,ns,10-2,10.0,2000.0,-3,3815.3333333333335
A3VV3MW68CALXS,prim,10-2,10.0,2000.0,-3,5471.25
A489K1IFOM4JW,prim,10-2,10.0,2000.0,-3,3913.14375
A49HPQ9P5AHU4,ns,10-2,10.0,2000.0,-3,2601.3611111111113
A55MEA9LQASZH,rec,10-2,10.0,2000.0,-3,6725.428819450239
A5P12YJP805RG,ns,10-2,10.0,2000.0,-3,1749.3559027698004
A5TWD5QD99GZY,rec,10-2,10.0,2000.0,-3,2895.695535714073
A63UHNWYOV5LE,ns,10-2,10.0,2000.0,-3,8483.75
AEP8U373W5Q54,prim,10-2,10.0,2000.0,-3,3187.431250035763
AK2PMO5I7OCEK,prim,10-2,10.0,2000.0,-3,4703.091765873016
AKNU5D6QK7M72,prim,10-2,10.0,2000.0,-3,3863.1012193454962
AO5FQ7GY8DTR8,prim,10-2,10.0,2000.0,-3,6367.558333357176
ARIWYNIH12MLF,rec,10-2,10.0,2000.0,-3,6059.649999999969
AS4FVWL91C6HR,prim,10-2,10.0,2000.0,-3,5005.038541669473
AWJKR5GA7BS7V,ns,10-2,10.0,2000.0,-3,4279.8694444444445
AZ69TBTDH7AZS,rec,10-2,10.0,2000.0,-3,1952.636349219415
AZ8NNCT4AODDN,prim,10-2,10.0,2000.0,-3,2355.4999999801316
A10JXOU89D5RXR,ns,20-1,20.0,1000.0,-3,4700.676031735114
A111FTKAAJ5UMC,prim,20-1,20.0,1000.0,-3,5018.570089280483
A11EZAV2HRYKD5,prim,20-1,20.0,1000.0,-3,4154.580555677414
A157L6Z8QU3SDE,rec,20-1,20.0,1000.0,-3,3197.5619047619048
A16GIPTDMJAFTK,ns,20-1,20.0,1000.0,-3,3552.5113636363635
A17R7WX5B0CKK6,rec,20-1,20.0,1000.0,-3,4002.6662499742115
A17WB66BXX4R0J,prim,20-1,20.0,1000.0,-3,5050.311507936508
A19QRXLWV5GKXN,rec,20-1,20.0,1000.0,-3,5397.7040773871295
A1CKIYN01NV9GJ,ns,20-1,20.0,1000.0,-3,3160.952380918321
A1HLDOM6JTYYI2,prim,20-1,20.0,1000.0,-3,2174.1698863636366
A1HR8IRDC07FO9,prim,20-1,20.0,1000.0,-3,4257.597222222223
A1J6CZ176U6GDT,rec,20-1,20.0,1000.0,-3,4576.078333305807
A1J9VZ372FV2QZ,rec,20-1,20.0,1000.0,-3,4420.822569474578
A1JI19KPIVNL3Y,ns,20-1,20.0,1000.0,-3,5916.999583333234
A1KH9VI2D0V43B,prim,20-1,20.0,1000.0,-3,4198.411706349207
A1LJ4WAEDGELVL,rec,20-1,20.0,1000.0,-3,1924.9727272987366
A1OOCYEFLAJD98,ns,20-1,20.0,1000.0,-3,2925.324772726812
A1OW27AZS122X2,ns,20-1,20.0,1000.0,-3,4638.774080088004
A1R5JNC2LO6X1S,prim,20-1,20.0,1000.0,-3,3783.8333333333335
A1SUTNVLSFPXFK,ns,20-1,20.0,1000.0,-3,3975.236904726142
A1V91Z2CQKMR55,rec,20-1,20.0,1000.0,-3,1921.4337500060599
A1YFL5HXPZ7MVV,ns,20-1,20.0,1000.0,-3,4722.4247159118
A22UMPYYQBXT0F,rec,20-1,20.0,1000.0,-3,1787.4074999916056
A26M997VYVK0E6,prim,20-1,20.0,1000.0,-3,1854.3333333333333
A277V4SHQB8JRS,rec,20-1,20.0,1000.0,-3,2678.4791666666665
A2E5PV1BHNG67N,ns,20-1,20.0,1000.0,-3,5019.0499999125805
A2FQVRBXJZQAWT,prim,20-1,20.0,1000.0,-3,3099.785714285714
A2GM1ZIBRBHBK7,ns,20-1,20.0,1000.0,-3,3520.109523774329
A2ONILC0LZKG6Y,rec,20-1,20.0,1000.0,-3,5009.223214285715
A2QX1SJXQN1NV1,prim,20-1,20.0,1000.0,-3,6125.125
A2QY653X9531JP,ns,20-1,20.0,1000.0,-3,4826.931398794764
A2RBF3IIJP15IH,rec,20-1,20.0,1000.0,-3,2550.8860416737693
A2RWLFIP23FZA7,prim,20-1,20.0,1000.0,-3,2465.6159821429055
A2SBZCFAVT83GN,rec,20-1,20.0,1000.0,-3,4098.476851851851
A2SQGKP2REXOTN,prim,20-1,20.0,1000.0,-3,4542.041666666667
A2SQTRNQWDLU4F,ns,20-1,20.0,1000.0,-3,8618.285714285714
A2SWQM5X54P1O5,ns,20-1,20.0,1000.0,-3,3942.7931818189945
A2TG5ESEOPXAHI,prim,20-1,20.0,1000.0,-3,5269.381250005464
A2V6E7SGEU0EFD,ns,20-1,20.0,1000.0,-3,1705.2761038930716
A2VXT33Y2TQPOQ,prim,20-1,20.0,1000.0,-3,3751.385714285714
A2XDWB9NVYI3LQ,rec,20-1,20.0,1000.0,-3,3756.1896103896106
A3026HLELYNW7U,rec,20-1,20.0,1000.0,-3,3349.55
A351P2O6QGTCS,rec,20-1,20.0,1000.0,-3,4740.555092591102
A39R5EBK7W916X,ns,20-1,20.0,1000.0,-3,5998.444285714626
A3D9PJ37U7LCHE,ns,20-1,20.0,1000.0,-3,4173.378571428571
A3EVXSWHYA1PTT,rec,20-1,20.0,1000.0,-3,18177.599999999627
A3GIUDSA1IGTFV,ns,20-1,20.0,1000.0,-3,4981.3310185339715
A3HXK0UGS1YDMC,prim,20-1,20.0,1000.0,-3,5091.975608771401
A3ITZNJQUTIZ4C,rec,20-1,20.0,1000.0,-3,6248.554166665455
A3MHP4LZ3V88NF,prim,20-1,20.0,1000.0,-3,3559.625
A3NRIEMOJVVX4A,rec,20-1,20.0,1000.0,-3,1767.2395833530659
A3PEV3KN6F7JRG,ns,20-1,20.0,1000.0,-3,9319.562500071712
A3QKOYP52HYRH2,rec,20-1,20.0,1000.0,-3,3951.9761904761904
A3RFOODI4G4P4K,rec,20-1,20.0,1000.0,-3,4754.571666794334
A3RHJEMZ4EGY2U,rec,20-1,20.0,1000.0,-3,3923.035606060497
A3S76P3L3USWI1,prim,20-1,20.0,1000.0,-3,2650.7168750703336
A3USPFFWN1G5PF,rec,20-1,20.0,1000.0,-3,4294.220075757576
A50UY1556VDIA,ns,20-1,20.0,1000.0,-3,4749.575
A7R1OLLU1Z6RA,rec,20-1,20.0,1000.0,-3,2813.379549061607
AEJU0MCYOQC77,prim,20-1,20.0,1000.0,-3,4277.625
AHU3EE2Q05E18,prim,20-1,20.0,1000.0,-3,6167.448200792525
AJD90361AJO80,ns,20-1,20.0,1000.0,-3,7056.00625
AK52RXEJKR81A,ns,20-1,20.0,1000.0,-3,3749.460303060936
AMJAZPJBO936R,prim,20-1,20.0,1000.0,-3,9833.666666653422
AOQZVAH5FSKGE,prim,20-1,20.0,1000.0,-3,4050.713095238095
AQCJI23U1VBYD,prim,20-1,20.0,1000.0,-3,3664.41777775685
AQPFTUIJ0PW2N,prim,20-1,20.0,1000.0,-3,7858.0
AXFCUZ1WQC2WY,ns,20-1,20.0,1000.0,-3,4799.555555555556
AY7M9MOLNXIIK,ns,20-1,20.0,1000.0,-3,5463.832671957673
AZZA3J049G7R5,rec,20-1,20.0,1000.0,-3,3486.8450000000184
A102RSV009OCUW,prim,15-2,15.0,2000.0,-3,3945.717261904762
A11BHGAKU0RIH8,rec,15-2,15.0,2000.0,-3,11583.18333333265
A13GBA16BNTN1A,rec,15-2,15.0,2000.0,-3,3778.1241161616163
A13THDIE8LTQ11,ns,15-2,15.0,2000.0,-3,3495.779166660848
A150QX2OXHGK8P,rec,15-2,15.0,2000.0,-3,6604.719642857142
A151XA53WYXVD7,prim,15-2,15.0,2000.0,-3,3674.366666666667
A1618RA11ZOD8Y,rec,15-2,15.0,2000.0,-3,2956.8412499099973
A19X8IA9EKC3XH,ns,15-2,15.0,2000.0,-3,2739.5695238115
A1CFMY4CEYOM8Y,rec,15-2,15.0,2000.0,-3,2294.5333333342955
A1E0K2VGY2684V,ns,15-2,15.0,2000.0,-3,5171.666666666667
A1NQOR4RQJJDMW,ns,15-2,15.0,2000.0,-3,2648.3958333355376
A1PZIN8H1VI6SY,prim,15-2,15.0,2000.0,-3,3389.5483333826064
A1QRIZY9WJW3R1,prim,15-2,15.0,2000.0,-3,3580.266369047619
A1QXJZFA5NVGM3,prim,15-2,15.0,2000.0,-3,3359.142857142857
A1ROEDVMTO9Y3X,ns,15-2,15.0,2000.0,-3,2083.0166666651303
A1SCF3L6LTFQHF,prim,15-2,15.0,2000.0,-3,2169.6333332955837
A1T7EB1WEDCMXV,ns,15-2,15.0,2000.0,-3,6704.115932449376
A1TR2AOKWGQ78A,ns,15-2,15.0,2000.0,-3,3492.527777777778
A1UOP419O6P55R,prim,15-2,15.0,2000.0,-3,5701.833333333333
A1WM3INNDW2776,ns,15-2,15.0,2000.0,-3,5422.646825396825
A1Z82Y9E6YWY80,ns,15-2,15.0,2000.0,-3,5891.250000052983
A2113B699TVADG,prim,15-2,15.0,2000.0,-3,4206.708333333333
A219SZBLCCCXN9,prim,15-2,15.0,2000.0,-3,6881.104166685542
A22GYYJXTS5KBH,ns,15-2,15.0,2000.0,-3,3358.512592593525
A22Y78RVB8UFTD,ns,15-2,15.0,2000.0,-3,2684.2349999864896
A233LLG8YAXWF,rec,15-2,15.0,2000.0,-3,3776.8052083348157
A24GX1OZE6AY04,ns,15-2,15.0,2000.0,-3,2670.306249999834
A26MT7KJ7NJLRN,ns,15-2,15.0,2000.0,-3,4599.277500028412
A26T0U2Y6LZOF3,rec,15-2,15.0,2000.0,-3,4663.625
A29J4LL0MQL3AC,prim,15-2,15.0,2000.0,-3,4096.747500008251
A2G4R0GS677RC2,rec,15-2,15.0,2000.0,-3,3051.208333333333
A2IV3SSVTU90BN,ns,15-2,15.0,2000.0,-3,4701.683333320088
A2KZN3UH5NGC9,rec,15-2,15.0,2000.0,-3,3257.8166667222977
A2MBFIAGBPU5NG,prim,15-2,15.0,2000.0,-3,3790.8944444444446
A2O86E23R5T4YO,prim,15-2,15.0,2000.0,-3,5221.450625007103
A2PTABUVOUYAH5,ns,15-2,15.0,2000.0,-3,1870.4808080683865
A2R75YFKVALBXE,rec,15-2,15.0,2000.0,-3,5656.399166666468
A2RU1Q3C9VHBAO,prim,15-2,15.0,2000.0,-3,3556.5753968253966
A2RVG8Y97DE0GM,prim,15-2,15.0,2000.0,-3,4142.437500001474
A2UJ9GDNVPX99C,prim,15-2,15.0,2000.0,-3,3523.875
A2UYZFH5VT5R3H,rec,15-2,15.0,2000.0,-3,3606.7666666668324
A2Y8LZS5C81O25,prim,15-2,15.0,2000.0,-3,4922.6463293650795
A30NL5N71G2YAU,ns,15-2,15.0,2000.0,-3,4828.895833326521
A310Y949ILSN3P,prim,15-2,15.0,2000.0,-3,3331.554166666667
A31P78W9ZCQXCS,ns,15-2,15.0,2000.0,-3,4206.964285714286
A347RDI3HZOUCY,prim,15-2,15.0,2000.0,-3,3858.7597222222225
A34HQHGLIW1FYS,ns,15-2,15.0,2000.0,-3,4551.225000000852
A34IPEKX5WXJIN,prim,15-2,15.0,2000.0,-3,2963.0759740259737
A34YNEN8UUI3CD,ns,15-2,15.0,2000.0,-3,1820.7795833331222
A35VI4SE31HD17,prim,15-2,15.0,2000.0,-3,7316.306250005185
A36S0DI86PL4J6,prim,15-2,15.0,2000.0,-3,6310.961309523809
A384KX8MUIJSTJ,ns,15-2,15.0,2000.0,-3,4746.585218183578
A38DHLB88V8DL8,rec,15-2,15.0,2000.0,-3,4011.9124999617534
A3AWQ3AACIPXM2,ns,15-2,15.0,2000.0,-3,6947.5
A3BA2WMGN6KHUU,ns,15-2,15.0,2000.0,-3,5064.2012500089595
A3BN69Q9D7RQGR,ns,15-2,15.0,2000.0,-3,4652.554166666667
A3C25IBTLB60RQ,prim,15-2,15.0,2000.0,-3,2917.324999809265
A3FOKP72T5I4FR,ns,15-2,15.0,2000.0,-3,1602.321428520339
A3HBB9JT9WVZS4,ns,15-2,15.0,2000.0,-3,3403.0560714361213
A3HOPYBWSR1TWR,prim,15-2,15.0,2000.0,-3,3718.299107142857
A3IBDJ12CRTQQN,prim,15-2,15.0,2000.0,-3,5145.962797619048
A3IHTJXHWPQ2JR,rec,15-2,15.0,2000.0,-3,4178.066071428571
A3MWLHSW9B9RHU,prim,15-2,15.0,2000.0,-3,3376.4450000108536
A3ORKXM3WG8QJ9,prim,15-2,15.0,2000.0,-3,6810.333333333333
A3P52W1SBJUT5N,ns,15-2,15.0,2000.0,-3,6233.458333333333
A3U27ZHUGOPIAN,prim,15-2,15.0,2000.0,-3,4289.651785714286
A3UA50A6GKNAMR,prim,15-2,15.0,2000.0,-3,5235.702777777778
A3UE8ANAIM7F15,ns,15-2,15.0,2000.0,-3,5679.113541687528
A3UGB3B1S74HR9,prim,15-2,15.0,2000.0,-3,4271.852083364294
A3UUW04QL49RSC,prim,15-2,15.0,2000.0,-3,4807.083333333333
A6HDSE80LQPR8,rec,15-2,15.0,2000.0,-3,2455.5396825396824
AAOOH6P4HHSCS,prim,15-2,15.0,2000.0,-3,3573.290228160837
ADGJXUEMPLTMS,prim,15-2,15.0,2000.0,-3,5881.256969752456
AEF1G6YE8RIB8,prim,15-2,15.0,2000.0,-3,5595.822916660613
AERGHZBQFT309,ns,15-2,15.0,2000.0,-3,3241.6319805325547
AESZJEZTZEW01,ns,15-2,15.0,2000.0,-3,12604.909999918938
AEX1I7K7OVHHC,rec,15-2,15.0,2000.0,-3,4317.069444444444
AEXRVIK8SKB4V,prim,15-2,15.0,2000.0,-3,4638.550000064075
AF0W4ZBY7VXOU,rec,15-2,15.0,2000.0,-3,3846.927083327435
AFZGUWYLC0NG0,ns,15-2,15.0,2000.0,-3,3723.216666658719
AGANKP4PUZ4NC,prim,15-2,15.0,2000.0,-3,4217.549999976158
AHY3YAYJLTW32,rec,15-2,15.0,2000.0,-3,2250.5625
AL9SYQEUTNJXT,prim,15-2,15.0,2000.0,-3,5132.285714298487
ALDQRWYZ8KQ9A,rec,15-2,15.0,2000.0,-3,3347.6000000008694
AM65LGXJBTJ0I,ns,15-2,15.0,2000.0,-3,1266.342053544947
AOIR8V07FYMH5,rec,15-2,15.0,2000.0,-3,2418.8018181839534
AR0VJ5XRG16UJ,rec,15-2,15.0,2000.0,-3,5512.25
AU5UJIZ3TLI5M,rec,15-2,15.0,2000.0,-3,3188.62107142869
AW2UVK63OLFW,ns,15-2,15.0,2000.0,-3,3740.50956344349
AW5O1RK3W60FC,rec,15-2,15.0,2000.0,-3,3791.7784090894697
AWRY5SC68T0DC,prim,15-2,15.0,2000.0,-3,2792.9400793650793
AWTCGY2CL1T68,prim,15-2,15.0,2000.0,-3,3560.089285714286
AXSBX0MCQNG3A,prim,15-2,15.0,2000.0,-3,3804.2976190476193
A14WLAP6TCEKO0,rec,30-1,30.0,1000.0,-3,4757.482222227374
A15V9BXNJXZXZX,ns,30-1,30.0,1000.0,-3,4341.050000000512
A16335MOISDG1F,rec,30-1,30.0,1000.0,-3,2555.174999999883
A17FJLW818UEQU,rec,30-1,30.0,1000.0,-3,3748.933333333333
A186PT9ZLO5EJD,prim,30-1,30.0,1000.0,-3,4360.311111110821
A1AS1H21O9896X,ns,30-1,30.0,1000.0,-3,5807.627083337556
A1AYTKAQT201ZV,prim,30-1,30.0,1000.0,-3,4606.714285714286
A1EII5EWOTBDK9,rec,30-1,30.0,1000.0,-3,7199.133838383838
A1F9KLZGHE9DTA,rec,30-1,30.0,1000.0,-3,2221.1749999988824
A1IGKJ200N82S9,rec,30-1,30.0,1000.0,-3,3933.583333333333
A1KGUJMWDCPSYG,rec,30-1,30.0,1000.0,-3,4539.907142857142
A1M1E62KXCDNL0,ns,30-1,30.0,1000.0,-3,3654.862569452953
A1MG8KNVSVZ365,prim,30-1,30.0,1000.0,-3,4127.40625
A1MKEILXWWLBW2,rec,30-1,30.0,1000.0,-3,3696.0833333333335
A1O67YS3DU0ZHX,rec,30-1,30.0,1000.0,-3,4067.7368686868685
A1Q0G8JA5EZ8EI,rec,30-1,30.0,1000.0,-3,5079.662499979138
A1SLJKNSNHOJRN,rec,30-1,30.0,1000.0,-3,1951.5823908776401
A1T2P6E67251U5,prim,30-1,30.0,1000.0,-3,3225.75
A1U4WS9KJMADV,rec,30-1,30.0,1000.0,-3,5293.407070681528
A1X4T3QSIE8YYX,prim,30-1,30.0,1000.0,-3,2847.875
A225J5T6WHO2MG,prim,30-1,30.0,1000.0,-3,5271.020833333333
A23KDD6OPM4NJ0,prim,30-1,30.0,1000.0,-3,2827.1875000298023
A25Y3D2Y2DR8WM,prim,30-1,30.0,1000.0,-3,5700.4125
A26XKTGGGYBI4J,prim,30-1,30.0,1000.0,-3,6262.597222222223
A28OD52SMLYQ16,rec,30-1,30.0,1000.0,-3,5563.182467532468
A28TA25NJGLL3Y,prim,30-1,30.0,1000.0,-3,7349.702922077922
A28ZPY6D5AS7GZ,ns,30-1,30.0,1000.0,-3,1573.1995238108295
A2ASRB2MTHDHPD,prim,30-1,30.0,1000.0,-3,2432.199999999255
A2BUHMLNE3LUU0,ns,30-1,30.0,1000.0,-3,6168.862499999814
A2E2SLXF4KQ3S1,prim,30-1,30.0,1000.0,-3,2820.250000476837
A2FJIZUHR6E4EZ,prim,30-1,30.0,1000.0,-3,4933.2674999857945
A2G2T6EMXAOKMS,rec,30-1,30.0,1000.0,-3,4504.882794617547
A2GRA6N98ZPIQ1,prim,30-1,30.0,1000.0,-3,2280.375
A2IKLJWU2OJ1YX,prim,30-1,30.0,1000.0,-3,3299.973392856121
A2K5AXCSY703CU,ns,30-1,30.0,1000.0,-3,6133.353054353054
A2MV1R6YYOIO30,prim,30-1,30.0,1000.0,-3,3396.4240740040937
A2NU82V08QSPCC,prim,30-1,30.0,1000.0,-3,3844.9098484756973
A2NY0VWEWDULC6,rec,30-1,30.0,1000.0,-3,4578.426071460545
A2OFVEA8BEJDZN,ns,30-1,30.0,1000.0,-3,7167.854414660306
A2P83PY6P7ECM5,ns,30-1,30.0,1000.0,-3,4160.475000023842
A2PUL3ZDXOW0VZ,rec,30-1,30.0,1000.0,-3,9118.718181831187
A2ROI30AQITC3V,ns,30-1,30.0,1000.0,-3,5572.604464304116
A2VZN8J53Y5WYR,prim,30-1,30.0,1000.0,-3,3056.112500006954
A2XMRJKCNKLL4E,ns,30-1,30.0,1000.0,-3,3244.841111128789
A2Y0VM8BAF0RMT,ns,30-1,30.0,1000.0,-3,3472.9333333333334
A2ZGAH6NOSU2PO,rec,30-1,30.0,1000.0,-3,5102.228282821299
A30DHHAL100LZR,ns,30-1,30.0,1000.0,-3,6016.012987012987
A31SZFE8M7YK0S,ns,30-1,30.0,1000.0,-3,5032.452380952381
A34DYM8J0X5VK,rec,30-1,30.0,1000.0,-3,5066.644861112287
A36IB78C6MVA3,prim,30-1,30.0,1000.0,-3,3845.8958333333335
A389Y151TAJ4XG,ns,30-1,30.0,1000.0,-3,3207.5599999785422
A3AY0315YWWNXY,rec,30-1,30.0,1000.0,-3,2756.0666666825614
A3EUH97BRHRSI6,rec,30-1,30.0,1000.0,-3,6737.510416666666
A3I97794CB5SUO,rec,30-1,30.0,1000.0,-3,4744.371212121212
A3RVHUY67SVXQV,ns,30-1,30.0,1000.0,-3,4363.0
A3TX84QHD321M7,prim,30-1,30.0,1000.0,-3,4976.752777777778
A3UCN8EJI08X2P,ns,30-1,30.0,1000.0,-3,3224.8011363636365
A3UQ5DF8VVD975,rec,30-1,30.0,1000.0,-3,6396.487556811625
A3V71NT2X4HD1I,prim,30-1,30.0,1000.0,-3,5371.7875
A51TGVVYJF7T0,prim,30-1,30.0,1000.0,-3,6223.675
A7USTT4KU1ZBO,ns,30-1,30.0,1000.0,-3,7814.912499999007
AB5WBMZGLX57B,ns,30-1,30.0,1000.0,-3,3875.527777777778
ACBROX4H8BSW3,rec,30-1,30.0,1000.0,-3,4143.787878790108
ADJ9I7ZBFYFH7,rec,30-1,30.0,1000.0,-3,3289.77727275274
AGILQEFEPEK7N,ns,30-1,30.0,1000.0,-3,3163.460317465048
AH7HACNNRSIPO,ns,30-1,30.0,1000.0,-3,3488.3994949324265
AIDU49N2KO05N,ns,30-1,30.0,1000.0,-3,3075.948749998957
AJUVX0E4OPTAO,prim,30-1,30.0,1000.0,-3,4990.091540404041
AK3GAHRZ6M6WM,rec,30-1,30.0,1000.0,-3,4864.872222211626
AKE4AYF86KJVU,rec,30-1,30.0,1000.0,-3,2354.716287869283
AKNBC1TE88NDO,rec,30-1,30.0,1000.0,-3,5651.951111124621
AKX4H8RT7BL7H,rec,30-1,30.0,1000.0,-3,4815.354629641882
AOYDGVOZUIHII,prim,30-1,30.0,1000.0,-3,3423.9468750096858
AP4B1GJIT3HYF,ns,30-1,30.0,1000.0,-3,7858.288095238096
AXFH1DT8PR0K2,prim,30-1,30.0,1000.0,-3,2429.9031746803767
AXFP50XOZD2NI,rec,30-1,30.0,1000.0,-3,4929.5625
A12LX24NC3FP2U,ns,20-2,20.0,2000.0,-3,7683.1303571444005
A161VPQSXLLV8U,ns,20-2,20.0,2000.0,-3,6217.47041666718
A166P9BSWIFF32,prim,20-2,20.0,2000.0,-3,2696.3214285714284
A17IPELR5NC2LZ,prim,20-2,20.0,2000.0,-3,4420.028571428571
A17TMQWTCJVOV5,rec,20-2,20.0,2000.0,-3,3724.1055555555554
A1CB9NR3SN4VMY,prim,20-2,20.0,2000.0,-3,3915.4906249834457
A1FM638CHGPC1M,ns,20-2,20.0,2000.0,-3,3745.13444444057
A1HENLDLQEO5BZ,prim,20-2,20.0,2000.0,-3,2753.5666666825614
A1J39RAV7TKEMF,ns,20-2,20.0,2000.0,-3,6000.9933333079025
A1JL3HCA0MK9UI,prim,20-2,20.0,2000.0,-3,5415.874999821186
A1L5A88C9PPK5L,prim,20-2,20.0,2000.0,-3,4057.9166666666665
A1LA6CIGBNDOH9,rec,20-2,20.0,2000.0,-3,3139.541944444627
A1MD74JPL7E9PK,prim,20-2,20.0,2000.0,-3,5598.196136381409
A1O0K8V58YRL4A,ns,20-2,20.0,2000.0,-3,5615.11111111111
A1PTX4IB9R34LI,rec,20-2,20.0,2000.0,-3,
A1S2EXYEG5I8HW,rec,20-2,20.0,2000.0,-3,2368.277777777778
A1SJLXB0XFCJ97,prim,20-2,20.0,2000.0,-3,3553.191666687528
A1TPGXT718D68E,rec,20-2,20.0,2000.0,-3,3967.368452382041
A1TVWMWE03AWAW,rec,20-2,20.0,2000.0,-3,4371.133333333333
A1VEOI1H4AE1T3,prim,20-2,20.0,2000.0,-3,5374.9749999940395
A1WT2CM71Z9MP3,prim,20-2,20.0,2000.0,-3,4154.576388888889
A20YXCVKHSTSPC,prim,20-2,20.0,2000.0,-3,
A2147HO7VBGJCU,prim,20-2,20.0,2000.0,-3,4029.666666666667
A248QG4DPULP46,ns,20-2,20.0,2000.0,-3,3386.714166683952
A25S9Y5DZ9OR16,prim,20-2,20.0,2000.0,-3,1885.075
A25VK411P03A5T,rec,20-2,20.0,2000.0,-3,3169.6666666666665
A289D98Z4GAZ28,prim,20-2,20.0,2000.0,-3,4042.1201388899544
A2BTEQA95MCIHU,prim,20-2,20.0,2000.0,-3,5786.299999872844
A2E8PL8ZWIZVJ0,prim,20-2,20.0,2000.0,-3,4170.779375088215
A2I6HVUDBTGD1,prim,20-2,20.0,2000.0,-3,4223.987936551609
A2KHR0GTA0DBWI,rec,20-2,20.0,2000.0,-3,5611.38768939394
A2KT30RCVX67ZS,prim,20-2,20.0,2000.0,-3,2981.6550000041725
A2MMGDAA7JJKIE,prim,20-2,20.0,2000.0,-3,5203.089404798122
A2MOKIEQZ0OF2M,prim,20-2,20.0,2000.0,-3,5446.261111110992
A2NZ783AY1LBPW,prim,20-2,20.0,2000.0,-3,5382.015972224685
A2NZAL7KHOR6VF,rec,20-2,20.0,2000.0,-3,3410.8944444429544
A2OOS7IXSKJFFI,ns,20-2,20.0,2000.0,-3,3583.2999999523163
A2P2YEHX1FXD20,rec,20-2,20.0,2000.0,-3,4851.599999999999
A2QHI85LQPJZYP,prim,20-2,20.0,2000.0,-3,2876.6222222222223
A2SSY7MHPDQVUS,prim,20-2,20.0,2000.0,-3,2212.0272727175193
A2UX2W49R55PH4,prim,20-2,20.0,2000.0,-3,5590.0
A2VIKCIM9TZL22,rec,20-2,20.0,2000.0,-3,2399.733333293597
A2XGHLVP2C1FVA,ns,20-2,20.0,2000.0,-3,5584.891111096119
A2XVLOZY7FJCC2,rec,20-2,20.0,2000.0,-3,5739.832539683213
A2ZVBFH732LYXQ,prim,20-2,20.0,2000.0,-3,4055.6250000000773
A304UJAE051J89,rec,20-2,20.0,2000.0,-3,3216.7160714285715
A312HQ3OU0EYTB,rec,20-2,20.0,2000.0,-3,3650.6666666666665
A35S8HPY0V445,ns,20-2,20.0,2000.0,-3,4494.735416659465
A37GOI3N77WX21,ns,20-2,20.0,2000.0,-3,3632.410681816965
A389UA2GRCJ6,prim,20-2,20.0,2000.0,-3,3948.0208333333335
A3A7XOKH39SYOI,prim,20-2,20.0,2000.0,-3,3530.0013890204923
A3B0CMCBWAND7,rec,20-2,20.0,2000.0,-3,3973.5542929257936
A3C4WGE4SOGM1,ns,20-2,20.0,2000.0,-3,4079.7145832611454
A3CKVVGWBS4NGU,prim,20-2,20.0,2000.0,-3,3785.191964287843
A3GDVKIN7ZGUG9,rec,20-2,20.0,2000.0,-3,6905.923611111111
A3HE29W5IDR394,rec,20-2,20.0,2000.0,-3,3396.5069444444443
A3I1SGVY37KR4A,ns,20-2,20.0,2000.0,-3,7099.527777777777
A3J5HRXH4F64SP,ns,20-2,20.0,2000.0,-3,
A3LVLZS8S41ZD7,rec,20-2,20.0,2000.0,-3,3400.125
A3LXARU55PR281,ns,20-2,20.0,2000.0,-3,4410.991666666667
A3TR3KIRG5PCZ8,prim,20-2,20.0,2000.0,-3,2312.53125
A3U2A632YWEX7B,prim,20-2,20.0,2000.0,-3,4594.7116662502285
A3U69MNO1JC7V4,rec,20-2,20.0,2000.0,-3,3838.066666666667
A3UMHUWJKRGKNR,rec,20-2,20.0,2000.0,-3,5796.63645832551
A3VW5PI9ZX9DOD,ns,20-2,20.0,2000.0,-3,4198.706666684151
A4HWADFPGP45G,ns,20-2,20.0,2000.0,-3,5335.0160713933765
AFRKVRPZ2RHY8,rec,20-2,20.0,2000.0,-3,1936.7954545508733
AHZCC2V399WUN,ns,20-2,20.0,2000.0,-3,3498.36736105548
AJABAPM32ETMN,rec,20-2,20.0,2000.0,-3,4862.0
AK1EF4NACR1UJ,prim,20-2,20.0,2000.0,-3,4208.644791608056
AKIT35WR8HEQ3,prim,20-2,20.0,2000.0,-3,5085.485625010077
AP9WIQ4P78XLH,rec,20-2,20.0,2000.0,-3,2873.6805555558867
AR9AU5FY1S3RO,rec,20-2,20.0,2000.0,-3,5308.100198413562
AXCDKBG1R43GE,ns,20-2,20.0,2000.0,-3,4330.77611111203
A102WSFN62OS6I,ns,40-1,40.0,1000.0,-3,3571.6279461279464
A13WTEQ06V3B6D,rec,40-1,40.0,1000.0,-3,4233.742857145411
A178HXQENEAI65,rec,40-1,40.0,1000.0,-3,3435.2340277665194
A1BLHM2IDH7DH4,prim,40-1,40.0,1000.0,-3,5583.352380952381
A1DJB12ZI46GPX,prim,40-1,40.0,1000.0,-3,5103.975
A1DZMZTXWOM9MR,rec,40-1,40.0,1000.0,-3,7669.645833333489
A1EU59VMI8GL4K,rec,40-1,40.0,1000.0,-3,4861.967424242424
A1F0VEHWK3IAF4,ns,40-1,40.0,1000.0,-3,4609.024999976158
A1HGWCCIWP7AO0,ns,40-1,40.0,1000.0,-3,4265.015925920577
A1IL5P5H5VRW0D,prim,40-1,40.0,1000.0,-3,4522.943749991804
A1J5OW12TRQSOW,ns,40-1,40.0,1000.0,-3,3936.076190473541
A1KCSGTT6Y26LH,prim,40-1,40.0,1000.0,-3,3971.5753968253966
A1RQ8PX7A0CH3C,rec,40-1,40.0,1000.0,-3,4207.208333333333
A1RY1N37JYUHBU,prim,40-1,40.0,1000.0,-3,5449.323888887299
A1S54RQW9FDK0X,ns,40-1,40.0,1000.0,-3,3768.073214285714
A1TG34GJ1WTN0C,prim,40-1,40.0,1000.0,-3,7997.3111111621065
A1UH6A625GF5MD,prim,40-1,40.0,1000.0,-3,4174.739312770563
A1VHK9OFD7H8ZH,rec,40-1,40.0,1000.0,-3,4169.75
A1ZLLYRW6GIVC7,rec,40-1,40.0,1000.0,-3,2345.35000000149
A20GJP9C5KC2ZU,ns,40-1,40.0,1000.0,-3,5428.593333419164
A23W5HVE02LM0E,prim,40-1,40.0,1000.0,-3,4700.217023837283
A2541C8MY0BYV3,rec,40-1,40.0,1000.0,-3,3214.8479166667908
A271830PNYAI2G,rec,40-1,40.0,1000.0,-3,5515.892592592648
A29JQ7VMQ1HKYP,ns,40-1,40.0,1000.0,-3,4025.0087500214577
A2GUPBBFPPSXYR,prim,40-1,40.0,1000.0,-3,5281.517316017316
A2HRUFTA09371Y,rec,40-1,40.0,1000.0,-3,3727.2715152779015
A2IK3H6MQ1QV6E,rec,40-1,40.0,1000.0,-3,4152.715340906923
A2L7RTYO4UMYDH,ns,40-1,40.0,1000.0,-3,6749.992424242424
A2LI1OIR4BVJRW,prim,40-1,40.0,1000.0,-3,4746.4218749344345
A2NEFRREWF33YP,rec,40-1,40.0,1000.0,-3,3448.9058712145143
A2P8V5SKYLL5I4,rec,40-1,40.0,1000.0,-3,4770.875000019868
A2PSU15S8ZI3V5,prim,40-1,40.0,1000.0,-3,4501.2141667114365
A2QUSCZS3RXGXE,ns,40-1,40.0,1000.0,-3,3382.030965852015
A2TUYGXQ15U6GO,prim,40-1,40.0,1000.0,-3,4399.733333333334
A2UEVNT8VQD1SA,ns,40-1,40.0,1000.0,-3,5514.6311868692965
A2VR9O234UCT9T,rec,40-1,40.0,1000.0,-3,3161.9012500010003
A2WCPERU8X385N,prim,40-1,40.0,1000.0,-3,4981.1729464090295
A33GZS6SU4O20M,ns,40-1,40.0,1000.0,-3,3708.5734126984125
A38I0E8UK53ME5,rec,40-1,40.0,1000.0,-3,8026.098544973545
A3BZH91MITQA5X,ns,40-1,40.0,1000.0,-3,4873.87654762041
A3NX66U9RAY2GQ,prim,40-1,40.0,1000.0,-3,3003.925
A3O40YLW6MYU8C,prim,40-1,40.0,1000.0,-3,5987.41875
A3S2AUQWI7XWT4,prim,40-1,40.0,1000.0,-3,4001.4583333333335
A3SA9LY6RXKFOI,prim,40-1,40.0,1000.0,-3,7460.075
A3SLT6KVF0NXPH,prim,40-1,40.0,1000.0,-3,5002.826388888889
A3TNSJSXI464IT,ns,40-1,40.0,1000.0,-3,4516.91374999759
A3TUJBPLJGTI5,rec,40-1,40.0,1000.0,-3,2473.5
A3VL1CBZ3BGQK7,ns,40-1,40.0,1000.0,-3,2716.833333339542
A47VA451RDBV3,prim,40-1,40.0,1000.0,-3,5245.805476187383
A92KVBM20ZTU4,rec,40-1,40.0,1000.0,-3,4534.315387213029
AAF1SJ9FCBF75,rec,40-1,40.0,1000.0,-3,5719.8625
AAVFHZA708CSP,ns,40-1,40.0,1000.0,-3,3573.3958333333335
ADL9KYXZGHUFO,ns,40-1,40.0,1000.0,-3,5237.333333333334
AFLRBB974KS6D,ns,40-1,40.0,1000.0,-3,3388.4964285833494
AGB6853RIDWJ8,ns,40-1,40.0,1000.0,-3,3963.0638095160325
AGLFNO1XKM8O8,rec,40-1,40.0,1000.0,-3,4237.459999990836
AH2C0LKV36ATT,prim,40-1,40.0,1000.0,-3,3737.1555555555556
AKJN72HW14WTR,rec,40-1,40.0,1000.0,-3,3908.3125
AMIQGW2E3WYO4,rec,40-1,40.0,1000.0,-3,4053.1319444444443
ANCTZADQC3D75,ns,40-1,40.0,1000.0,-3,4481.716666666667
AOQKJGXZ8QQD0,prim,40-1,40.0,1000.0,-3,5306.482698410164
AP3BTOBN8Y9EJ,rec,40-1,40.0,1000.0,-3,6640.961855155135
AQSYWZJVVMCGJ,prim,40-1,40.0,1000.0,-3,3628.83428030303
AR1IWBDA7MC86,rec,40-1,40.0,1000.0,-3,3325.7107142908944
AR3MFFPQ39IXF,rec,40-1,40.0,1000.0,-3,5447.363636383685
ARL0T0MU9A65G,prim,40-1,40.0,1000.0,-3,5507.537247474747
ASVRLMDNQBUD9,rec,40-1,40.0,1000.0,-3,4500.455000000198
ATRRW34VN38IX,rec,40-1,40.0,1000.0,-3,7285.454999876022
AVSVIOR38JDM6,prim,40-1,40.0,1000.0,-3,3911.9500000476837
AW0MG225VXWCN,rec,40-1,40.0,1000.0,-3,6492.877083288771
AW4PTI9P13WUB,prim,40-1,40.0,1000.0,-3,5057.076041653752
AXFCUZW85XUK1,ns,40-1,40.0,1000.0,-3,3556.815000010841
AYF9WH3AQIT86,prim,40-1,40.0,1000.0,-3,4070.0142857006617
A10HW8JXM17XLD,rec,10-2,10.0,2000.0,-2,5098.432916667126
A12K1ADYMRSWMJ,prim,10-2,10.0,2000.0,-2,5566.075416745812
A14E4ISXVJVY6F,prim,10-2,10.0,2000.0,-2,4120.0241072041645
A169XTOCOMO1MV,ns,10-2,10.0,2000.0,-2,2989.4559523818275
A18NXRDHQ0ZSOY,ns,10-2,10.0,2000.0,-2,4547.223849184338
A1969Q0R4Y0E3J,rec,10-2,10.0,2000.0,-2,3061.568181818182
A1AKL5YH9NLD2V,ns,10-2,10.0,2000.0,-2,2724.2968750001064
A1ARWNTZHGFG8Y,prim,10-2,10.0,2000.0,-2,5330.864732310885
A1F0R1MSPTXHHV,ns,10-2,10.0,2000.0,-2,4030.3000000218553
A1GRPIBHW72HDU,rec,10-2,10.0,2000.0,-2,3872.2507575757572
A1I9RLJQ0BYN21,prim,10-2,10.0,2000.0,-2,2902.818571400642
A1NG504QI5LI62,prim,10-2,10.0,2000.0,-2,4119.045833333334
A1NQ2A0UDW719R,prim,10-2,10.0,2000.0,-2,3700.75
A1P00XZZG7EEEM,prim,10-2,10.0,2000.0,-2,3269.8999999910593
A1RFDB2WUV7QRO,ns,10-2,10.0,2000.0,-2,3094.2312499986065
A1V2H0UF94ATWY,ns,10-2,10.0,2000.0,-2,3971.419545454564
A1W7T8V97ZPUH0,ns,10-2,10.0,2000.0,-2,3840.4190476190474
A1WJIRT360P5VB,rec,10-2,10.0,2000.0,-2,3737.9110100986904
A1WPGNK8Y65BV3,ns,10-2,10.0,2000.0,-2,2721.632083329372
A1XMGLCK09Z0DW,ns,10-2,10.0,2000.0,-2,2197.440340909091
A1YA2FCN3KEK36,prim,10-2,10.0,2000.0,-2,3836.925694445769
A20GD3EBBTBYY2,rec,10-2,10.0,2000.0,-2,5924.366477272727
A24BRTWG07T53Z,prim,10-2,10.0,2000.0,-2,3652.761111111111
A27QXQ22F9ODSP,prim,10-2,10.0,2000.0,-2,5568.3234126984125
A27T2Z568L69U1,prim,10-2,10.0,2000.0,-2,5392.014880952381
A282UM3NAIM0YO,ns,10-2,10.0,2000.0,-2,4045.3916666666664
A2BREH6STESM0G,rec,10-2,10.0,2000.0,-2,2954.877500001698
A2FLBMZ38IZ2SQ,prim,10-2,10.0,2000.0,-2,5149.361309480099
A2FM1N5AOMVTGL,prim,10-2,10.0,2000.0,-2,4270.243571383613
A2FYFCD16Z3PCC,rec,10-2,10.0,2000.0,-2,3560.537499997765
A2H8PEGI28NKZD,ns,10-2,10.0,2000.0,-2,3151.167708333271
A2I6ZALE49CVSC,prim,10-2,10.0,2000.0,-2,3498.235000000859
A2KPEUCEE2M05G,prim,10-2,10.0,2000.0,-2,2502.454545450632
A2LJ1FRUYGW469,ns,10-2,10.0,2000.0,-2,5302.688068221362
A2M183CETUMR96,rec,10-2,10.0,2000.0,-2,3348.5073232321947
A2MUOD1JHWJ735,ns,10-2,10.0,2000.0,-2,3738.5739582814276
A2NXMRPHG86N2T,ns,10-2,10.0,2000.0,-2,3744.5982954547976
A2PQDK3MLDFXYM,rec,10-2,10.0,2000.0,-2,4181.737777776096
A2QRJKXTK4JDD8,ns,10-2,10.0,2000.0,-2,5161.041666666666
A2R970Q1Q2A6DJ,prim,10-2,10.0,2000.0,-2,6153.281666641435
A2VIKZ73Y5ABHM,ns,10-2,10.0,2000.0,-2,2282.885714285714
A2WYZLG8J526TQ,prim,10-2,10.0,2000.0,-2,4389.0
A33X52IN60MSOE,rec,10-2,10.0,2000.0,-2,6715.422142859441
A348NEQKS6VNIB,rec,10-2,10.0,2000.0,-2,4762.77999999606
A349BBTU7L597J,ns,10-2,10.0,2000.0,-2,5731.999999925494
A3C8JI69WPTKWH,rec,10-2,10.0,2000.0,-2,2572.937499983236
A3CE7DTHIB76UK,ns,10-2,10.0,2000.0,-2,5740.620714277402
A3G55RJTW3BSGM,ns,10-2,10.0,2000.0,-2,1280.4400081536405
A3GC5Q5CLI4NWZ,prim,10-2,10.0,2000.0,-2,5742.123214285714
A3J55BJGV95JKH,ns,10-2,10.0,2000.0,-2,3942.981856069104
A3MJQ51KN9CMQ4,prim,10-2,10.0,2000.0,-2,3728.526984126984
A3MOL1L9V4BUGH,ns,10-2,10.0,2000.0,-2,4422.640416650598
A3NAONPCTVT6P1,ns,10-2,10.0,2000.0,-2,4268.808928571216
A3PJY7THMUIR4M,ns,10-2,10.0,2000.0,-2,3510.2333333333336
A3VV3MW68CALXS,prim,10-2,10.0,2000.0,-2,5626.166666666666
A489K1IFOM4JW,prim,10-2,10.0,2000.0,-2,5372.702777777778
A49HPQ9P5AHU4,ns,10-2,10.0,2000.0,-2,2067.661111103164
A55MEA9LQASZH,rec,10-2,10.0,2000.0,-2,4261.56875000534
A5P12YJP805RG,ns,10-2,10.0,2000.0,-2,2825.5788888527286
A5TWD5QD99GZY,rec,10-2,10.0,2000.0,-2,4195.77187499741
A63UHNWYOV5LE,ns,10-2,10.0,2000.0,-2,7630.0
AEP8U373W5Q54,prim,10-2,10.0,2000.0,-2,2967.8359524000257
AK2PMO5I7OCEK,prim,10-2,10.0,2000.0,-2,4898.114646464646
AKNU5D6QK7M72,prim,10-2,10.0,2000.0,-2,4042.2630555260926
AO5FQ7GY8DTR8,prim,10-2,10.0,2000.0,-2,6086.941666662693
ARIWYNIH12MLF,rec,10-2,10.0,2000.0,-2,5730.371645021787
AS4FVWL91C6HR,prim,10-2,10.0,2000.0,-2,5585.240151520013
AWJKR5GA7BS7V,ns,10-2,10.0,2000.0,-2,6314.325
AZ69TBTDH7AZS,rec,10-2,10.0,2000.0,-2,1975.1819047522922
AZ8NNCT4AODDN,prim,10-2,10.0,2000.0,-2,2879.913333368301
A10JXOU89D5RXR,ns,20-1,20.0,1000.0,-2,7917.178968278189
A111FTKAAJ5UMC,prim,20-1,20.0,1000.0,-2,6080.249007939021
A11EZAV2HRYKD5,prim,20-1,20.0,1000.0,-2,2333.68888897366
A157L6Z8QU3SDE,rec,20-1,20.0,1000.0,-2,2771.4863095238097
A16GIPTDMJAFTK,ns,20-1,20.0,1000.0,-2,3521.1040404040405
A17R7WX5B0CKK6,rec,20-1,20.0,1000.0,-2,5018.339880911633
A17WB66BXX4R0J,prim,20-1,20.0,1000.0,-2,4466.715277777777
A19QRXLWV5GKXN,rec,20-1,20.0,1000.0,-2,4270.0493506602
A1CKIYN01NV9GJ,ns,20-1,20.0,1000.0,-2,3819.7452380543664
A1HLDOM6JTYYI2,prim,20-1,20.0,1000.0,-2,2845.9416035353534
A1HR8IRDC07FO9,prim,20-1,20.0,1000.0,-2,4260.737499999999
A1J6CZ176U6GDT,rec,20-1,20.0,1000.0,-2,4332.111964269453
A1J9VZ372FV2QZ,rec,20-1,20.0,1000.0,-2,4323.906696486331
A1JI19KPIVNL3Y,ns,20-1,20.0,1000.0,-2,5906.461666666964
A1KH9VI2D0V43B,prim,20-1,20.0,1000.0,-2,4718.875
A1LJ4WAEDGELVL,rec,20-1,20.0,1000.0,-2,4035.7499999740076
A1OOCYEFLAJD98,ns,20-1,20.0,1000.0,-2,4274.936022726328
A1OW27AZS122X2,ns,20-1,20.0,1000.0,-2,4352.138573235466
A1R5JNC2LO6X1S,prim,20-1,20.0,1000.0,-2,3363.944444444445
A1SUTNVLSFPXFK,ns,20-1,20.0,1000.0,-2,4692.235833330949
A1V91Z2CQKMR55,rec,20-1,20.0,1000.0,-2,2285.7602380908315
A1YFL5HXPZ7MVV,ns,20-1,20.0,1000.0,-2,5097.150252532402
A22UMPYYQBXT0F,rec,20-1,20.0,1000.0,-2,2792.44236111583
A26M997VYVK0E6,prim,20-1,20.0,1000.0,-2,2012.5
A277V4SHQB8JRS,rec,20-1,20.0,1000.0,-2,2910.141071428571
A2E5PV1BHNG67N,ns,20-1,20.0,1000.0,-2,4778.28333334128
A2FQVRBXJZQAWT,prim,20-1,20.0,1000.0,-2,3387.35
A2GM1ZIBRBHBK7,ns,20-1,20.0,1000.0,-2,3312.0438888675635
A2ONILC0LZKG6Y,rec,20-1,20.0,1000.0,-2,6361.083333333333
A2QX1SJXQN1NV1,prim,20-1,20.0,1000.0,-2,5453.892857142857
A2QY653X9531JP,ns,20-1,20.0,1000.0,-2,4959.996874930603
A2RBF3IIJP15IH,rec,20-1,20.0,1000.0,-2,2748.5532467497937
A2RWLFIP23FZA7,prim,20-1,20.0,1000.0,-2,3355.3561507933255
A2SBZCFAVT83GN,rec,20-1,20.0,1000.0,-2,3884.4329004329006
A2SQGKP2REXOTN,prim,20-1,20.0,1000.0,-2,4675.441666666667
A2SQTRNQWDLU4F,ns,20-1,20.0,1000.0,-2,6584.5
A2SWQM5X54P1O5,ns,20-1,20.0,1000.0,-2,3469.647664157128
A2TG5ESEOPXAHI,prim,20-1,20.0,1000.0,-2,3666.485119044426
A2V6E7SGEU0EFD,ns,20-1,20.0,1000.0,-2,2047.9241883132365
A2VXT33Y2TQPOQ,prim,20-1,20.0,1000.0,-2,3470.833333333333
A2XDWB9NVYI3LQ,rec,20-1,20.0,1000.0,-2,3798.402777777778
A3026HLELYNW7U,rec,20-1,20.0,1000.0,-2,4307.216666666666
A351P2O6QGTCS,rec,20-1,20.0,1000.0,-2,3708.4325396975596
A39R5EBK7W916X,ns,20-1,20.0,1000.0,-2,7072.028571426868
A3D9PJ37U7LCHE,ns,20-1,20.0,1000.0,-2,3665.8166666991183
A3EVXSWHYA1PTT,rec,20-1,20.0,1000.0,-2,15683.400000000373
A3GIUDSA1IGTFV,ns,20-1,20.0,1000.0,-2,5996.906878356581
A3HXK0UGS1YDMC,prim,20-1,20.0,1000.0,-2,4767.590486110084
A3ITZNJQUTIZ4C,rec,20-1,20.0,1000.0,-2,7509.3837121222305
A3MHP4LZ3V88NF,prim,20-1,20.0,1000.0,-2,3640.4523809523807
A3NRIEMOJVVX4A,rec,20-1,20.0,1000.0,-2,1808.7083333313542
A3PEV3KN6F7JRG,ns,20-1,20.0,1000.0,-2,8777.133333357051
A3QKOYP52HYRH2,rec,20-1,20.0,1000.0,-2,3842.6238095238095
A3RFOODI4G4P4K,rec,20-1,20.0,1000.0,-2,6320.672673029543
A3RHJEMZ4EGY2U,rec,20-1,20.0,1000.0,-2,4511.942803032499
A3S76P3L3USWI1,prim,20-1,20.0,1000.0,-2,3308.6464285850525
A3USPFFWN1G5PF,rec,20-1,20.0,1000.0,-2,4823.280303030303
A50UY1556VDIA,ns,20-1,20.0,1000.0,-2,6565.65
A7R1OLLU1Z6RA,rec,20-1,20.0,1000.0,-2,3310.6817821230834
AEJU0MCYOQC77,prim,20-1,20.0,1000.0,-2,4533.313756613757
AHU3EE2Q05E18,prim,20-1,20.0,1000.0,-2,5255.0574495142155
AJD90361AJO80,ns,20-1,20.0,1000.0,-2,7773.287878787879
AK52RXEJKR81A,ns,20-1,20.0,1000.0,-2,3928.8566667965483
AMJAZPJBO936R,prim,20-1,20.0,1000.0,-2,5862.113750004768
AOQZVAH5FSKGE,prim,20-1,20.0,1000.0,-2,3745.483333333333
AQCJI23U1VBYD,prim,20-1,20.0,1000.0,-2,4159.054761910723
AQPFTUIJ0PW2N,prim,20-1,20.0,1000.0,-2,5243.666666666667
AXFCUZ1WQC2WY,ns,20-1,20.0,1000.0,-2,4862.833333333333
AY7M9MOLNXIIK,ns,20-1,20.0,1000.0,-2,4546.408333351214
AZZA3J049G7R5,rec,20-1,20.0,1000.0,-2,3099.5799999999817
A102RSV009OCUW,prim,15-2,15.0,2000.0,-2,4026.734523809524
A11BHGAKU0RIH8,rec,15-2,15.0,2000.0,-2,11343.453333333631
A13GBA16BNTN1A,rec,15-2,15.0,2000.0,-2,3699.5641414141414
A13THDIE8LTQ11,ns,15-2,15.0,2000.0,-2,3425.707936501692
A150QX2OXHGK8P,rec,15-2,15.0,2000.0,-2,7289.991071428572
A151XA53WYXVD7,prim,15-2,15.0,2000.0,-2,3646.7
A1618RA11ZOD8Y,rec,15-2,15.0,2000.0,-2,2911.291666679912
A19X8IA9EKC3XH,ns,15-2,15.0,2000.0,-2,2494.468928576101
A1CFMY4CEYOM8Y,rec,15-2,15.0,2000.0,-2,5201.26666666676
A1E0K2VGY2684V,ns,15-2,15.0,2000.0,-2,4883.708333333334
A1NQOR4RQJJDMW,ns,15-2,15.0,2000.0,-2,2185.479740259047
A1PZIN8H1VI6SY,prim,15-2,15.0,2000.0,-2,3089.3422222548056
A1QRIZY9WJW3R1,prim,15-2,15.0,2000.0,-2,3334.5
A1QXJZFA5NVGM3,prim,15-2,15.0,2000.0,-2,4202.958333333334
A1ROEDVMTO9Y3X,ns,15-2,15.0,2000.0,-2,2569.816964285566
A1SCF3L6LTFQHF,prim,15-2,15.0,2000.0,-2,2753.5666667156747
A1T7EB1WEDCMXV,ns,15-2,15.0,2000.0,-2,6968.669281249895
A1TR2AOKWGQ78A,ns,15-2,15.0,2000.0,-2,4244.083333333333
A1UOP419O6P55R,prim,15-2,15.0,2000.0,-2,5495.599999999999
A1WM3INNDW2776,ns,15-2,15.0,2000.0,-2,5269.927777777778
A1Z82Y9E6YWY80,ns,15-2,15.0,2000.0,-2,5016.236507907746
A2113B699TVADG,prim,15-2,15.0,2000.0,-2,4566.75
A219SZBLCCCXN9,prim,15-2,15.0,2000.0,-2,8316.746666600306
A22GYYJXTS5KBH,ns,15-2,15.0,2000.0,-2,3424.010000001888
A22Y78RVB8UFTD,ns,15-2,15.0,2000.0,-2,4194.477857148648
A233LLG8YAXWF,rec,15-2,15.0,2000.0,-2,4576.0529761895805
A24GX1OZE6AY04,ns,15-2,15.0,2000.0,-2,2859.9587500000403
A26MT7KJ7NJLRN,ns,15-2,15.0,2000.0,-2,5213.1861507943695
A26T0U2Y6LZOF3,rec,15-2,15.0,2000.0,-2,2893.1
A29J4LL0MQL3AC,prim,15-2,15.0,2000.0,-2,4112.67527779051
A2G4R0GS677RC2,rec,15-2,15.0,2000.0,-2,6369.166666666666
A2IV3SSVTU90BN,ns,15-2,15.0,2000.0,-2,4839.571388915181
A2KZN3UH5NGC9,rec,15-2,15.0,2000.0,-2,3024.333333293597
A2MBFIAGBPU5NG,prim,15-2,15.0,2000.0,-2,3716.3958333333335
A2O86E23R5T4YO,prim,15-2,15.0,2000.0,-2,5096.287500004595
A2PTABUVOUYAH5,ns,15-2,15.0,2000.0,-2,2679.3525000000204
A2R75YFKVALBXE,rec,15-2,15.0,2000.0,-2,6026.08409090882
A2RU1Q3C9VHBAO,prim,15-2,15.0,2000.0,-2,3763.006818181818
A2RVG8Y97DE0GM,prim,15-2,15.0,2000.0,-2,3590.9041666736207
A2UJ9GDNVPX99C,prim,15-2,15.0,2000.0,-2,3318.8125
A2UYZFH5VT5R3H,rec,15-2,15.0,2000.0,-2,3589.5367171761964
A2Y8LZS5C81O25,prim,15-2,15.0,2000.0,-2,4831.418452380953
A30NL5N71G2YAU,ns,15-2,15.0,2000.0,-2,6856.823908743404
A310Y949ILSN3P,prim,15-2,15.0,2000.0,-2,2659.5416666666665
A31P78W9ZCQXCS,ns,15-2,15.0,2000.0,-2,3698.5625
A347RDI3HZOUCY,prim,15-2,15.0,2000.0,-2,2859.717361111111
A34HQHGLIW1FYS,ns,15-2,15.0,2000.0,-2,4633.739583340163
A34IPEKX5WXJIN,prim,15-2,15.0,2000.0,-2,4141.113492063492
A34YNEN8UUI3CD,ns,15-2,15.0,2000.0,-2,1720.4635714243034
A35VI4SE31HD17,prim,15-2,15.0,2000.0,-2,5936.335476188149
A36S0DI86PL4J6,prim,15-2,15.0,2000.0,-2,6967.397321428572
A384KX8MUIJSTJ,ns,15-2,15.0,2000.0,-2,5003.217361119721
A38DHLB88V8DL8,rec,15-2,15.0,2000.0,-2,3516.3447916544974
A3AWQ3AACIPXM2,ns,15-2,15.0,2000.0,-2,
A3BA2WMGN6KHUU,ns,15-2,15.0,2000.0,-2,5117.716666658409
A3BN69Q9D7RQGR,ns,15-2,15.0,2000.0,-2,5227.479166666666
A3C25IBTLB60RQ,prim,15-2,15.0,2000.0,-2,2434.3166664441424
A3FOKP72T5I4FR,ns,15-2,15.0,2000.0,-2,1876.9999999801319
A3HBB9JT9WVZS4,ns,15-2,15.0,2000.0,-2,3254.082499983907
A3HOPYBWSR1TWR,prim,15-2,15.0,2000.0,-2,4247.559027777777
A3IBDJ12CRTQQN,prim,15-2,15.0,2000.0,-2,4924.0794642857145
A3IHTJXHWPQ2JR,rec,15-2,15.0,2000.0,-2,3939.720634920635
A3MWLHSW9B9RHU,prim,15-2,15.0,2000.0,-2,3545.5374999994724
A3ORKXM3WG8QJ9,prim,15-2,15.0,2000.0,-2,4778.375
A3P52W1SBJUT5N,ns,15-2,15.0,2000.0,-2,7125.708333333333
A3U27ZHUGOPIAN,prim,15-2,15.0,2000.0,-2,4005.630357142857
A3UA50A6GKNAMR,prim,15-2,15.0,2000.0,-2,4882.635714285714
A3UE8ANAIM7F15,ns,15-2,15.0,2000.0,-2,5753.54077378625
A3UGB3B1S74HR9,prim,15-2,15.0,2000.0,-2,4555.724246026977
A3UUW04QL49RSC,prim,15-2,15.0,2000.0,-2,5222.116666666667
A6HDSE80LQPR8,rec,15-2,15.0,2000.0,-2,3539.6111111111113
AAOOH6P4HHSCS,prim,15-2,15.0,2000.0,-2,3862.6231249988077
ADGJXUEMPLTMS,prim,15-2,15.0,2000.0,-2,4673.381666598718
AEF1G6YE8RIB8,prim,15-2,15.0,2000.0,-2,5796.736904806359
AERGHZBQFT309,ns,15-2,15.0,2000.0,-2,4495.549867420565
AESZJEZTZEW01,ns,15-2,15.0,2000.0,-2,3991.9749998748302
AEX1I7K7OVHHC,rec,15-2,15.0,2000.0,-2,4463.476190476191
AEXRVIK8SKB4V,prim,15-2,15.0,2000.0,-2,4580.5666666987045
AF0W4ZBY7VXOU,rec,15-2,15.0,2000.0,-2,3865.8588888928293
AFZGUWYLC0NG0,ns,15-2,15.0,2000.0,-2,4370.5874999165535
AGANKP4PUZ4NC,prim,15-2,15.0,2000.0,-2,4561.391666630904
AHY3YAYJLTW32,rec,15-2,15.0,2000.0,-2,3654.854166666667
AL9SYQEUTNJXT,prim,15-2,15.0,2000.0,-2,4611.12261904847
ALDQRWYZ8KQ9A,rec,15-2,15.0,2000.0,-2,4145.966666667412
AM65LGXJBTJ0I,ns,15-2,15.0,2000.0,-2,1479.5410416762033
AOIR8V07FYMH5,rec,15-2,15.0,2000.0,-2,2684.8601136417046
AR0VJ5XRG16UJ,rec,15-2,15.0,2000.0,-2,6872.041666666666
AU5UJIZ3TLI5M,rec,15-2,15.0,2000.0,-2,4930.337499999806
AW2UVK63OLFW,ns,15-2,15.0,2000.0,-2,3838.365773766523
AW5O1RK3W60FC,rec,15-2,15.0,2000.0,-2,4454.082341270185
AWRY5SC68T0DC,prim,15-2,15.0,2000.0,-2,3416.06875
AWTCGY2CL1T68,prim,15-2,15.0,2000.0,-2,3762.5131944444447
AXSBX0MCQNG3A,prim,15-2,15.0,2000.0,-2,3824.2395833333335
A14WLAP6TCEKO0,rec,30-1,30.0,1000.0,-2,5896.817341277122
A15V9BXNJXZXZX,ns,30-1,30.0,1000.0,-2,5835.249999999418
A16335MOISDG1F,rec,30-1,30.0,1000.0,-2,3954.3069444443913
A17FJLW818UEQU,rec,30-1,30.0,1000.0,-2,3905.001683501683
A186PT9ZLO5EJD,prim,30-1,30.0,1000.0,-2,3905.816666666522
A1AS1H21O9896X,ns,30-1,30.0,1000.0,-2,5237.332380944206
A1AYTKAQT201ZV,prim,30-1,30.0,1000.0,-2,4840.144841269841
A1EII5EWOTBDK9,rec,30-1,30.0,1000.0,-2,6633.75
A1F9KLZGHE9DTA,rec,30-1,30.0,1000.0,-2,2930.672222222305
A1IGKJ200N82S9,rec,30-1,30.0,1000.0,-2,3723.0069444444443
A1KGUJMWDCPSYG,rec,30-1,30.0,1000.0,-2,4862.407738095238
A1M1E62KXCDNL0,ns,30-1,30.0,1000.0,-2,4589.682638872984
A1MG8KNVSVZ365,prim,30-1,30.0,1000.0,-2,4465.110317460318
A1MKEILXWWLBW2,rec,30-1,30.0,1000.0,-2,5590.758333332371
A1O67YS3DU0ZHX,rec,30-1,30.0,1000.0,-2,6700.739393939394
A1Q0G8JA5EZ8EI,rec,30-1,30.0,1000.0,-2,3344.350000053644
A1SLJKNSNHOJRN,rec,30-1,30.0,1000.0,-2,3274.8019047598045
A1T2P6E67251U5,prim,30-1,30.0,1000.0,-2,2700.8541666070623
A1U4WS9KJMADV,rec,30-1,30.0,1000.0,-2,6749.34646471507
A1X4T3QSIE8YYX,prim,30-1,30.0,1000.0,-2,3818.875
A225J5T6WHO2MG,prim,30-1,30.0,1000.0,-2,6558.833333333334
A23KDD6OPM4NJ0,prim,30-1,30.0,1000.0,-2,4144.033333341281
A25Y3D2Y2DR8WM,prim,30-1,30.0,1000.0,-2,6043.6194444444445
A26XKTGGGYBI4J,prim,30-1,30.0,1000.0,-2,5350.285714285714
A28OD52SMLYQ16,rec,30-1,30.0,1000.0,-2,4450.662987012987
A28TA25NJGLL3Y,prim,30-1,30.0,1000.0,-2,5215.703571428572
A28ZPY6D5AS7GZ,ns,30-1,30.0,1000.0,-2,1732.1289682552099
A2ASRB2MTHDHPD,prim,30-1,30.0,1000.0,-2,5316.4000000003725
A2BUHMLNE3LUU0,ns,30-1,30.0,1000.0,-2,6765.531363636797
A2E2SLXF4KQ3S1,prim,30-1,30.0,1000.0,-2,3721.0666666030884
A2FJIZUHR6E4EZ,prim,30-1,30.0,1000.0,-2,4681.4962499812245
A2G2T6EMXAOKMS,rec,30-1,30.0,1000.0,-2,4743.841439399101
A2GRA6N98ZPIQ1,prim,30-1,30.0,1000.0,-2,4596.375
A2IKLJWU2OJ1YX,prim,30-1,30.0,1000.0,-2,4276.638958326272
A2K5AXCSY703CU,ns,30-1,30.0,1000.0,-2,6760.706878306878
A2MV1R6YYOIO30,prim,30-1,30.0,1000.0,-2,3979.571428595554
A2NU82V08QSPCC,prim,30-1,30.0,1000.0,-2,4546.099090905623
A2NY0VWEWDULC6,rec,30-1,30.0,1000.0,-2,4804.754444409831
A2OFVEA8BEJDZN,ns,30-1,30.0,1000.0,-2,4567.656745924836
A2P83PY6P7ECM5,ns,30-1,30.0,1000.0,-2,4153.8199999451635
A2PUL3ZDXOW0VZ,rec,30-1,30.0,1000.0,-2,8857.868409090694
A2ROI30AQITC3V,ns,30-1,30.0,1000.0,-2,5353.542142839942
A2VZN8J53Y5WYR,prim,30-1,30.0,1000.0,-2,3580.647500011325
A2XMRJKCNKLL4E,ns,30-1,30.0,1000.0,-2,2933.935595237038
A2Y0VM8BAF0RMT,ns,30-1,30.0,1000.0,-2,4052.590277777778
A2ZGAH6NOSU2PO,rec,30-1,30.0,1000.0,-2,6802.154999995231
A30DHHAL100LZR,ns,30-1,30.0,1000.0,-2,7689.012987012988
A31SZFE8M7YK0S,ns,30-1,30.0,1000.0,-2,4450.679761904762
A34DYM8J0X5VK,rec,30-1,30.0,1000.0,-2,5044.293750009686
A36IB78C6MVA3,prim,30-1,30.0,1000.0,-2,3496.8125
A389Y151TAJ4XG,ns,30-1,30.0,1000.0,-2,3033.9145832459135
A3AY0315YWWNXY,rec,30-1,30.0,1000.0,-2,2049.7000000079474
A3EUH97BRHRSI6,rec,30-1,30.0,1000.0,-2,7741.184027777777
A3I97794CB5SUO,rec,30-1,30.0,1000.0,-2,6098.69696969697
A3RVHUY67SVXQV,ns,30-1,30.0,1000.0,-2,1368.0
A3TX84QHD321M7,prim,30-1,30.0,1000.0,-2,4882.322916666667
A3UCN8EJI08X2P,ns,30-1,30.0,1000.0,-2,4017.1382575757575
A3UQ5DF8VVD975,rec,30-1,30.0,1000.0,-2,8511.080808065155
A3V71NT2X4HD1I,prim,30-1,30.0,1000.0,-2,5220.829365079365
A51TGVVYJF7T0,prim,30-1,30.0,1000.0,-2,6910.598214285714
A7USTT4KU1ZBO,ns,30-1,30.0,1000.0,-2,5796.424999998882
AB5WBMZGLX57B,ns,30-1,30.0,1000.0,-2,3454.7916666666665
ACBROX4H8BSW3,rec,30-1,30.0,1000.0,-2,7179.457142854762
ADJ9I7ZBFYFH7,rec,30-1,30.0,1000.0,-2,3174.5694444419605
AGILQEFEPEK7N,ns,30-1,30.0,1000.0,-2,2762.2797619000316
AH7HACNNRSIPO,ns,30-1,30.0,1000.0,-2,3129.1250000684354
AIDU49N2KO05N,ns,30-1,30.0,1000.0,-2,2911.1937499667206
AJUVX0E4OPTAO,prim,30-1,30.0,1000.0,-2,3977.4333333333334
AK3GAHRZ6M6WM,rec,30-1,30.0,1000.0,-2,4761.650000014475
AKE4AYF86KJVU,rec,30-1,30.0,1000.0,-2,2949.512500001761
AKNBC1TE88NDO,rec,30-1,30.0,1000.0,-2,5548.029999989271
AKX4H8RT7BL7H,rec,30-1,30.0,1000.0,-2,5022.558730148449
AOYDGVOZUIHII,prim,30-1,30.0,1000.0,-2,3889.3523809538474
AP4B1GJIT3HYF,ns,30-1,30.0,1000.0,-2,7025.883333333334
AXFH1DT8PR0K2,prim,30-1,30.0,1000.0,-2,2882.4949999928476
AXFP50XOZD2NI,rec,30-1,30.0,1000.0,-2,4692.10386904762
A12LX24NC3FP2U,ns,20-2,20.0,2000.0,-2,6976.078571431073
A161VPQSXLLV8U,ns,20-2,20.0,2000.0,-2,5378.313333330796
A166P9BSWIFF32,prim,20-2,20.0,2000.0,-2,3198.25
A17IPELR5NC2LZ,prim,20-2,20.0,2000.0,-2,4897.833333333333
A17TMQWTCJVOV5,rec,20-2,20.0,2000.0,-2,3384.128832972583
A1CB9NR3SN4VMY,prim,20-2,20.0,2000.0,-2,4019.2008333387475
A1FM638CHGPC1M,ns,20-2,20.0,2000.0,-2,3416.1700595115612
A1HENLDLQEO5BZ,prim,20-2,20.0,2000.0,-2,2281.9333333969116
A1J39RAV7TKEMF,ns,20-2,20.0,2000.0,-2,5020.288888878292
A1JL3HCA0MK9UI,prim,20-2,20.0,2000.0,-2,5564.4075000166895
A1L5A88C9PPK5L,prim,20-2,20.0,2000.0,-2,4404.541666666666
A1LA6CIGBNDOH9,rec,20-2,20.0,2000.0,-2,4440.6186111112
A1MD74JPL7E9PK,prim,20-2,20.0,2000.0,-2,5622.214814809516
A1O0K8V58YRL4A,ns,20-2,20.0,2000.0,-2,4885.5
A1PTX4IB9R34LI,rec,20-2,20.0,2000.0,-2,
A1S2EXYEG5I8HW,rec,20-2,20.0,2000.0,-2,1876.4444444444443
A1SJLXB0XFCJ97,prim,20-2,20.0,2000.0,-2,3033.644444450736
A1TPGXT718D68E,rec,20-2,20.0,2000.0,-2,7867.849999997842
A1TVWMWE03AWAW,rec,20-2,20.0,2000.0,-2,4185.785714285714
A1VEOI1H4AE1T3,prim,20-2,20.0,2000.0,-2,3047.5833333383002
A1WT2CM71Z9MP3,prim,20-2,20.0,2000.0,-2,3761.919642857143
A20YXCVKHSTSPC,prim,20-2,20.0,2000.0,-2,
A2147HO7VBGJCU,prim,20-2,20.0,2000.0,-2,3490.6000000000004
A248QG4DPULP46,ns,20-2,20.0,2000.0,-2,3823.4687499801316
A25S9Y5DZ9OR16,prim,20-2,20.0,2000.0,-2,2524.725
A25VK411P03A5T,rec,20-2,20.0,2000.0,-2,4094.0
A289D98Z4GAZ28,prim,20-2,20.0,2000.0,-2,4469.340624999601
A2BTEQA95MCIHU,prim,20-2,20.0,2000.0,-2,4588.77499961853
A2E8PL8ZWIZVJ0,prim,20-2,20.0,2000.0,-2,3962.643402854602
A2I6HVUDBTGD1,prim,20-2,20.0,2000.0,-2,4197.703720189276
A2KHR0GTA0DBWI,rec,20-2,20.0,2000.0,-2,5423.152083333333
A2KT30RCVX67ZS,prim,20-2,20.0,2000.0,-2,3864.0141071668695
A2MMGDAA7JJKIE,prim,20-2,20.0,2000.0,-2,5251.741666634877
A2MOKIEQZ0OF2M,prim,20-2,20.0,2000.0,-2,4616.946031745738
A2NZ783AY1LBPW,prim,20-2,20.0,2000.0,-2,5066.592857146618
A2NZAL7KHOR6VF,rec,20-2,20.0,2000.0,-2,5132.988541662135
A2OOS7IXSKJFFI,ns,20-2,20.0,2000.0,-2,4149.69999996821
A2P2YEHX1FXD20,rec,20-2,20.0,2000.0,-2,4045.9555555555557
A2QHI85LQPJZYP,prim,20-2,20.0,2000.0,-2,3414.7666666666664
A2SSY7MHPDQVUS,prim,20-2,20.0,2000.0,-2,2761.2136363766413
A2UX2W49R55PH4,prim,20-2,20.0,2000.0,-2,9245.444444444445
A2VIKCIM9TZL22,rec,20-2,20.0,2000.0,-2,3990.200317452966
A2XGHLVP2C1FVA,ns,20-2,20.0,2000.0,-2,4753.735694431058
A2XVLOZY7FJCC2,rec,20-2,20.0,2000.0,-2,6237.040000005232
A2ZVBFH732LYXQ,prim,20-2,20.0,2000.0,-2,4079.1694444450036
A304UJAE051J89,rec,20-2,20.0,2000.0,-2,2588.1789393854865
A312HQ3OU0EYTB,rec,20-2,20.0,2000.0,-2,5136.433333333333
A35S8HPY0V445,ns,20-2,20.0,2000.0,-2,4905.339027768374
A37GOI3N77WX21,ns,20-2,20.0,2000.0,-2,3274.29948863498
A389UA2GRCJ6,prim,20-2,20.0,2000.0,-2,4131.5297619047615
A3A7XOKH39SYOI,prim,20-2,20.0,2000.0,-2,2635.6459521770475
A3B0CMCBWAND7,rec,20-2,20.0,2000.0,-2,3718.1784722262787
A3C4WGE4SOGM1,ns,20-2,20.0,2000.0,-2,3787.6416666905084
A3CKVVGWBS4NGU,prim,20-2,20.0,2000.0,-2,4130.941666632891
A3GDVKIN7ZGUG9,rec,20-2,20.0,2000.0,-2,9910.3
A3HE29W5IDR394,rec,20-2,20.0,2000.0,-2,4927.453733766233
A3I1SGVY37KR4A,ns,20-2,20.0,2000.0,-2,6755.083333333333
A3J5HRXH4F64SP,ns,20-2,20.0,2000.0,-2,
A3LVLZS8S41ZD7,rec,20-2,20.0,2000.0,-2,3802.804166666667
A3LXARU55PR281,ns,20-2,20.0,2000.0,-2,3846.7511904761905
A3TR3KIRG5PCZ8,prim,20-2,20.0,2000.0,-2,2477.6006493506493
A3U2A632YWEX7B,prim,20-2,20.0,2000.0,-2,5651.656726065136
A3U69MNO1JC7V4,rec,20-2,20.0,2000.0,-2,3682.866666666667
A3UMHUWJKRGKNR,rec,20-2,20.0,2000.0,-2,5679.635982135736
A3VW5PI9ZX9DOD,ns,20-2,20.0,2000.0,-2,5576.401136327873
A4HWADFPGP45G,ns,20-2,20.0,2000.0,-2,6100.06607139217
AFRKVRPZ2RHY8,rec,20-2,20.0,2000.0,-2,3034.4727272635155
AHZCC2V399WUN,ns,20-2,20.0,2000.0,-2,4863.312291638056
AJABAPM32ETMN,rec,20-2,20.0,2000.0,-2,4559.294444444445
AK1EF4NACR1UJ,prim,20-2,20.0,2000.0,-2,4111.8683035109725
AKIT35WR8HEQ3,prim,20-2,20.0,2000.0,-2,5684.797500008764
AP9WIQ4P78XLH,rec,20-2,20.0,2000.0,-2,5078.833333334162
AR9AU5FY1S3RO,rec,20-2,20.0,2000.0,-2,4662.816666665673
AXCDKBG1R43GE,ns,20-2,20.0,2000.0,-2,4469.859722220197
A102WSFN62OS6I,ns,40-1,40.0,1000.0,-2,3879.5601851851848
A13WTEQ06V3B6D,rec,40-1,40.0,1000.0,-2,4492.542857140835
A178HXQENEAI65,rec,40-1,40.0,1000.0,-2,3647.387003960212
A1BLHM2IDH7DH4,prim,40-1,40.0,1000.0,-2,4909.944444444444
A1DJB12ZI46GPX,prim,40-1,40.0,1000.0,-2,5896.794444444444
A1DZMZTXWOM9MR,rec,40-1,40.0,1000.0,-2,8960.683333333582
A1EU59VMI8GL4K,rec,40-1,40.0,1000.0,-2,5292.372537878788
A1F0VEHWK3IAF4,ns,40-1,40.0,1000.0,-2,7984.274999931455
A1HGWCCIWP7AO0,ns,40-1,40.0,1000.0,-2,4258.413116847695
A1IL5P5H5VRW0D,prim,40-1,40.0,1000.0,-2,4187.781666688869
A1J5OW12TRQSOW,ns,40-1,40.0,1000.0,-2,4074.2104545186867
A1KCSGTT6Y26LH,prim,40-1,40.0,1000.0,-2,3064.982142857143
A1RQ8PX7A0CH3C,rec,40-1,40.0,1000.0,-2,4053.7220238095238
A1RY1N37JYUHBU,prim,40-1,40.0,1000.0,-2,4357.3720238052665
A1S54RQW9FDK0X,ns,40-1,40.0,1000.0,-2,4857.853174603175
A1TG34GJ1WTN0C,prim,40-1,40.0,1000.0,-2,6869.061111105813
A1UH6A625GF5MD,prim,40-1,40.0,1000.0,-2,4647.930555555556
A1VHK9OFD7H8ZH,rec,40-1,40.0,1000.0,-2,6316.041666666666
A1ZLLYRW6GIVC7,rec,40-1,40.0,1000.0,-2,4949.912500003353
A20GJP9C5KC2ZU,ns,40-1,40.0,1000.0,-2,7121.5066666920975
A23W5HVE02LM0E,prim,40-1,40.0,1000.0,-2,4519.4665178614005
A2541C8MY0BYV3,rec,40-1,40.0,1000.0,-2,4781.6668831163415
A271830PNYAI2G,rec,40-1,40.0,1000.0,-2,3146.0648148152977
A29JQ7VMQ1HKYP,ns,40-1,40.0,1000.0,-2,4423.995833356347
A2GUPBBFPPSXYR,prim,40-1,40.0,1000.0,-2,5103.981313131313
A2HRUFTA09371Y,rec,40-1,40.0,1000.0,-2,2916.9177775912813
A2IK3H6MQ1QV6E,rec,40-1,40.0,1000.0,-2,6314.378636367213
A2L7RTYO4UMYDH,ns,40-1,40.0,1000.0,-2,4601.175
A2LI1OIR4BVJRW,prim,40-1,40.0,1000.0,-2,5706.427291782034
A2NEFRREWF33YP,rec,40-1,40.0,1000.0,-2,4998.3216666682
A2P8V5SKYLL5I4,rec,40-1,40.0,1000.0,-2,4140.470555561119
A2PSU15S8ZI3V5,prim,40-1,40.0,1000.0,-2,4285.234166644679
A2QUSCZS3RXGXE,ns,40-1,40.0,1000.0,-2,3555.622821999964
A2TUYGXQ15U6GO,prim,40-1,40.0,1000.0,-2,3763.3333333333335
A2UEVNT8VQD1SA,ns,40-1,40.0,1000.0,-2,5298.853787879989
A2VR9O234UCT9T,rec,40-1,40.0,1000.0,-2,5793.82583333395
A2WCPERU8X385N,prim,40-1,40.0,1000.0,-2,5111.563470432201
A33GZS6SU4O20M,ns,40-1,40.0,1000.0,-2,3890.825
A38I0E8UK53ME5,rec,40-1,40.0,1000.0,-2,5121.323809523809
A3BZH91MITQA5X,ns,40-1,40.0,1000.0,-2,6239.244880941155
A3NX66U9RAY2GQ,prim,40-1,40.0,1000.0,-2,2766.6785714285716
A3O40YLW6MYU8C,prim,40-1,40.0,1000.0,-2,5563.442532467532
A3S2AUQWI7XWT4,prim,40-1,40.0,1000.0,-2,2977.9166666666665
A3SA9LY6RXKFOI,prim,40-1,40.0,1000.0,-2,8539.758333333333
A3SLT6KVF0NXPH,prim,40-1,40.0,1000.0,-2,4959.7375
A3TNSJSXI464IT,ns,40-1,40.0,1000.0,-2,4051.4048115096734
A3TUJBPLJGTI5,rec,40-1,40.0,1000.0,-2,3218.5
A3VL1CBZ3BGQK7,ns,40-1,40.0,1000.0,-2,6857.274999996026
A47VA451RDBV3,prim,40-1,40.0,1000.0,-2,3999.067757939654
A92KVBM20ZTU4,rec,40-1,40.0,1000.0,-2,5754.20176768313
AAF1SJ9FCBF75,rec,40-1,40.0,1000.0,-2,5554.300396825397
AAVFHZA708CSP,ns,40-1,40.0,1000.0,-2,3138.675
ADL9KYXZGHUFO,ns,40-1,40.0,1000.0,-2,4970.5
AFLRBB974KS6D,ns,40-1,40.0,1000.0,-2,3784.2388890054494
AGB6853RIDWJ8,ns,40-1,40.0,1000.0,-2,4787.997321430062
AGLFNO1XKM8O8,rec,40-1,40.0,1000.0,-2,4136.391666692993
AH2C0LKV36ATT,prim,40-1,40.0,1000.0,-2,3718.925
AKJN72HW14WTR,rec,40-1,40.0,1000.0,-2,3950.875
AMIQGW2E3WYO4,rec,40-1,40.0,1000.0,-2,5535.152777777777
ANCTZADQC3D75,ns,40-1,40.0,1000.0,-2,4399.958928571428
AOQKJGXZ8QQD0,prim,40-1,40.0,1000.0,-2,5800.766547618363
AP3BTOBN8Y9EJ,rec,40-1,40.0,1000.0,-2,7421.296160700811
AQSYWZJVVMCGJ,prim,40-1,40.0,1000.0,-2,4323.375
AR1IWBDA7MC86,rec,40-1,40.0,1000.0,-2,6281.752976208216
AR3MFFPQ39IXF,rec,40-1,40.0,1000.0,-2,6431.680370376838
ARL0T0MU9A65G,prim,40-1,40.0,1000.0,-2,5185.512626262626
ASVRLMDNQBUD9,rec,40-1,40.0,1000.0,-2,7137.453333321214
ATRRW34VN38IX,rec,40-1,40.0,1000.0,-2,5590.2450000081735
AVSVIOR38JDM6,prim,40-1,40.0,1000.0,-2,2419.7999999523163
AW0MG225VXWCN,rec,40-1,40.0,1000.0,-2,7292.071509754406
AW4PTI9P13WUB,prim,40-1,40.0,1000.0,-2,5064.590714297508
AXFCUZW85XUK1,ns,40-1,40.0,1000.0,-2,4368.546428564581
AYF9WH3AQIT86,prim,40-1,40.0,1000.0,-2,4311.024999856949
A10HW8JXM17XLD,rec,10-2,10.0,2000.0,-1,6997.241401515916
A12K1ADYMRSWMJ,prim,10-2,10.0,2000.0,-1,5026.028968230696
A14E4ISXVJVY6F,prim,10-2,10.0,2000.0,-1,3552.674702425798
A169XTOCOMO1MV,ns,10-2,10.0,2000.0,-1,3149.256904753865
A18NXRDHQ0ZSOY,ns,10-2,10.0,2000.0,-1,3463.970833311478
A1969Q0R4Y0E3J,rec,10-2,10.0,2000.0,-1,3239.9386363636363
A1AKL5YH9NLD2V,ns,10-2,10.0,2000.0,-1,8185.3172619045445
A1ARWNTZHGFG8Y,prim,10-2,10.0,2000.0,-1,5692.898015958923
A1F0R1MSPTXHHV,ns,10-2,10.0,2000.0,-1,3862.5499999821186
A1GRPIBHW72HDU,rec,10-2,10.0,2000.0,-1,7008.447222222222
A1I9RLJQ0BYN21,prim,10-2,10.0,2000.0,-1,3046.6080357283354
A1NG504QI5LI62,prim,10-2,10.0,2000.0,-1,4515.569444444444
A1NQ2A0UDW719R,prim,10-2,10.0,2000.0,-1,6967.388888888888
A1P00XZZG7EEEM,prim,10-2,10.0,2000.0,-1,3395.4699999809263
A1RFDB2WUV7QRO,ns,10-2,10.0,2000.0,-1,3892.0300000002608
A1V2H0UF94ATWY,ns,10-2,10.0,2000.0,-1,6348.571249999986
A1W7T8V97ZPUH0,ns,10-2,10.0,2000.0,-1,3725.557738095238
A1WJIRT360P5VB,rec,10-2,10.0,2000.0,-1,6891.072752525672
A1WPGNK8Y65BV3,ns,10-2,10.0,2000.0,-1,3098.330404023264
A1XMGLCK09Z0DW,ns,10-2,10.0,2000.0,-1,2289.797619047619
A1YA2FCN3KEK36,prim,10-2,10.0,2000.0,-1,3876.6696428574623
A20GD3EBBTBYY2,rec,10-2,10.0,2000.0,-1,5342.96507936508
A24BRTWG07T53Z,prim,10-2,10.0,2000.0,-1,3310.2738095238096
A27QXQ22F9ODSP,prim,10-2,10.0,2000.0,-1,5546.200694444444
A27T2Z568L69U1,prim,10-2,10.0,2000.0,-1,6284.401785714286
A282UM3NAIM0YO,ns,10-2,10.0,2000.0,-1,4766.2555555555555
A2BREH6STESM0G,rec,10-2,10.0,2000.0,-1,3243.2050000146264
A2FLBMZ38IZ2SQ,prim,10-2,10.0,2000.0,-1,5881.9315970871185
A2FM1N5AOMVTGL,prim,10-2,10.0,2000.0,-1,3795.9570238209903
A2FYFCD16Z3PCC,rec,10-2,10.0,2000.0,-1,3174.995833334358
A2H8PEGI28NKZD,ns,10-2,10.0,2000.0,-1,3259.870138888867
A2I6ZALE49CVSC,prim,10-2,10.0,2000.0,-1,3783.4208134922333
A2KPEUCEE2M05G,prim,10-2,10.0,2000.0,-1,2922.649999996478
A2LJ1FRUYGW469,ns,10-2,10.0,2000.0,-1,4903.726140939896
A2M183CETUMR96,rec,10-2,10.0,2000.0,-1,11329.834943181919
A2MUOD1JHWJ735,ns,10-2,10.0,2000.0,-1,6023.571874993853
A2NXMRPHG86N2T,ns,10-2,10.0,2000.0,-1,4448.633863635844
A2PQDK3MLDFXYM,rec,10-2,10.0,2000.0,-1,3731.817619061535
A2QRJKXTK4JDD8,ns,10-2,10.0,2000.0,-1,4783.992857142857
A2R970Q1Q2A6DJ,prim,10-2,10.0,2000.0,-1,4879.265000060201
A2VIKZ73Y5ABHM,ns,10-2,10.0,2000.0,-1,2088.366666666667
A2WYZLG8J526TQ,prim,10-2,10.0,2000.0,-1,6860.3015873015875
A33X52IN60MSOE,rec,10-2,10.0,2000.0,-1,10026.582142859803
A348NEQKS6VNIB,rec,10-2,10.0,2000.0,-1,5533.462619043485
A349BBTU7L597J,ns,10-2,10.0,2000.0,-1,7145.200000286102
A3C8JI69WPTKWH,rec,10-2,10.0,2000.0,-1,3071.8541666318974
A3CE7DTHIB76UK,ns,10-2,10.0,2000.0,-1,4877.669107142853
A3G55RJTW3BSGM,ns,10-2,10.0,2000.0,-1,1834.0996022689974
A3GC5Q5CLI4NWZ,prim,10-2,10.0,2000.0,-1,5617.958333333333
A3J55BJGV95JKH,ns,10-2,10.0,2000.0,-1,4400.484949478959
A3MJQ51KN9CMQ4,prim,10-2,10.0,2000.0,-1,5873.464285714286
A3MOL1L9V4BUGH,ns,10-2,10.0,2000.0,-1,4578.019166675583
A3NAONPCTVT6P1,ns,10-2,10.0,2000.0,-1,4699.853282831338
A3PJY7THMUIR4M,ns,10-2,10.0,2000.0,-1,4851.619047619048
A3VV3MW68CALXS,prim,10-2,10.0,2000.0,-1,5384.083333333333
A489K1IFOM4JW,prim,10-2,10.0,2000.0,-1,4515.906204906205
A49HPQ9P5AHU4,ns,10-2,10.0,2000.0,-1,2098.2777777810893
A55MEA9LQASZH,rec,10-2,10.0,2000.0,-1,5066.840476193155
A5P12YJP805RG,ns,10-2,10.0,2000.0,-1,2999.9066919499273
A5TWD5QD99GZY,rec,10-2,10.0,2000.0,-1,2926.788690472997
A63UHNWYOV5LE,ns,10-2,10.0,2000.0,-1,9566.0
AEP8U373W5Q54,prim,10-2,10.0,2000.0,-1,3308.627840858517
AK2PMO5I7OCEK,prim,10-2,10.0,2000.0,-1,4609.325
AKNU5D6QK7M72,prim,10-2,10.0,2000.0,-1,4187.345435593888
AO5FQ7GY8DTR8,prim,10-2,10.0,2000.0,-1,5753.7309523707345
ARIWYNIH12MLF,rec,10-2,10.0,2000.0,-1,5461.226250000395
AS4FVWL91C6HR,prim,10-2,10.0,2000.0,-1,5896.850277776064
AWJKR5GA7BS7V,ns,10-2,10.0,2000.0,-1,4227.4047619047615
AZ69TBTDH7AZS,rec,10-2,10.0,2000.0,-1,3518.9147519699936
AZ8NNCT4AODDN,prim,10-2,10.0,2000.0,-1,2702.587500015895
A10JXOU89D5RXR,ns,20-1,20.0,1000.0,-1,6692.004513895346
A111FTKAAJ5UMC,prim,20-1,20.0,1000.0,-1,6060.787410717422
A11EZAV2HRYKD5,prim,20-1,20.0,1000.0,-1,3689.650000148349
A157L6Z8QU3SDE,rec,20-1,20.0,1000.0,-1,5898.733333333334
A16GIPTDMJAFTK,ns,20-1,20.0,1000.0,-1,3404.340277777778
A17R7WX5B0CKK6,rec,20-1,20.0,1000.0,-1,5176.860416676229
A17WB66BXX4R0J,prim,20-1,20.0,1000.0,-1,4583.351388888888
A19QRXLWV5GKXN,rec,20-1,20.0,1000.0,-1,5076.981746031938
A1CKIYN01NV9GJ,ns,20-1,20.0,1000.0,-1,6203.458333323399
A1HLDOM6JTYYI2,prim,20-1,20.0,1000.0,-1,3409.8300865800866
A1HR8IRDC07FO9,prim,20-1,20.0,1000.0,-1,5773.563392857142
A1J6CZ176U6GDT,rec,20-1,20.0,1000.0,-1,3847.20714285698
A1J9VZ372FV2QZ,rec,20-1,20.0,1000.0,-1,5431.016319423914
A1JI19KPIVNL3Y,ns,20-1,20.0,1000.0,-1,5079.522083331893
A1KH9VI2D0V43B,prim,20-1,20.0,1000.0,-1,3815.026984126984
A1LJ4WAEDGELVL,rec,20-1,20.0,1000.0,-1,3201.2749999904077
A1OOCYEFLAJD98,ns,20-1,20.0,1000.0,-1,4564.398611112912
A1OW27AZS122X2,ns,20-1,20.0,1000.0,-1,4716.622638886898
A1R5JNC2LO6X1S,prim,20-1,20.0,1000.0,-1,3743.5
A1SUTNVLSFPXFK,ns,20-1,20.0,1000.0,-1,5147.127857126508
A1V91Z2CQKMR55,rec,20-1,20.0,1000.0,-1,2061.2175000049174
A1YFL5HXPZ7MVV,ns,20-1,20.0,1000.0,-1,4389.382701997354
A22UMPYYQBXT0F,rec,20-1,20.0,1000.0,-1,2310.8025000058115
A26M997VYVK0E6,prim,20-1,20.0,1000.0,-1,2855.0
A277V4SHQB8JRS,rec,20-1,20.0,1000.0,-1,2752.8958333333335
A2E5PV1BHNG67N,ns,20-1,20.0,1000.0,-1,4660.299999833107
A2FQVRBXJZQAWT,prim,20-1,20.0,1000.0,-1,4149.476190476191
A2GM1ZIBRBHBK7,ns,20-1,20.0,1000.0,-1,3590.0208333333335
A2ONILC0LZKG6Y,rec,20-1,20.0,1000.0,-1,8213.020833333334
A2QX1SJXQN1NV1,prim,20-1,20.0,1000.0,-1,5225.857142857143
A2QY653X9531JP,ns,20-1,20.0,1000.0,-1,5930.507857103858
A2RBF3IIJP15IH,rec,20-1,20.0,1000.0,-1,1790.748749994148
A2RWLFIP23FZA7,prim,20-1,20.0,1000.0,-1,3289.2959009742185
A2SBZCFAVT83GN,rec,20-1,20.0,1000.0,-1,4482.656385281385
A2SQGKP2REXOTN,prim,20-1,20.0,1000.0,-1,5023.777777777778
A2SQTRNQWDLU4F,ns,20-1,20.0,1000.0,-1,6809.229166666666
A2SWQM5X54P1O5,ns,20-1,20.0,1000.0,-1,4260.984318180969
A2TG5ESEOPXAHI,prim,20-1,20.0,1000.0,-1,3710.650595226884
A2V6E7SGEU0EFD,ns,20-1,20.0,1000.0,-1,2273.2788095229525
A2VXT33Y2TQPOQ,prim,20-1,20.0,1000.0,-1,4028.309523809524
A2XDWB9NVYI3LQ,rec,20-1,20.0,1000.0,-1,4204.827777777778
A3026HLELYNW7U,rec,20-1,20.0,1000.0,-1,3760.8055555555557
A351P2O6QGTCS,rec,20-1,20.0,1000.0,-1,5197.158333328035
A39R5EBK7W916X,ns,20-1,20.0,1000.0,-1,6538.2642857228
A3D9PJ37U7LCHE,ns,20-1,20.0,1000.0,-1,4041.2959595990906
A3EVXSWHYA1PTT,rec,20-1,20.0,1000.0,-1,2797.800000000745
A3GIUDSA1IGTFV,ns,20-1,20.0,1000.0,-1,6659.785555575512
A3HXK0UGS1YDMC,prim,20-1,20.0,1000.0,-1,4354.831458331148
A3ITZNJQUTIZ4C,rec,20-1,20.0,1000.0,-1,7669.579166668313
A3MHP4LZ3V88NF,prim,20-1,20.0,1000.0,-1,3677.486904761905
A3NRIEMOJVVX4A,rec,20-1,20.0,1000.0,-1,2062.1574999796812
A3PEV3KN6F7JRG,ns,20-1,20.0,1000.0,-1,8924.566666665798
A3QKOYP52HYRH2,rec,20-1,20.0,1000.0,-1,3821.195833333333
A3RFOODI4G4P4K,rec,20-1,20.0,1000.0,-1,5616.55777778219
A3RHJEMZ4EGY2U,rec,20-1,20.0,1000.0,-1,5653.884545449183
A3S76P3L3USWI1,prim,20-1,20.0,1000.0,-1,2553.309881091118
A3USPFFWN1G5PF,rec,20-1,20.0,1000.0,-1,5151.284090909091
A50UY1556VDIA,ns,20-1,20.0,1000.0,-1,6847.0
A7R1OLLU1Z6RA,rec,20-1,20.0,1000.0,-1,5321.6436111018065
AEJU0MCYOQC77,prim,20-1,20.0,1000.0,-1,4474.791666666667
AHU3EE2Q05E18,prim,20-1,20.0,1000.0,-1,5428.821230178788
AJD90361AJO80,ns,20-1,20.0,1000.0,-1,7488.344318181818
AK52RXEJKR81A,ns,20-1,20.0,1000.0,-1,4252.116666573065
AMJAZPJBO936R,prim,20-1,20.0,1000.0,-1,7555.305555555555
AOQZVAH5FSKGE,prim,20-1,20.0,1000.0,-1,3895.1277777777777
AQCJI23U1VBYD,prim,20-1,20.0,1000.0,-1,4559.261785711916
AQPFTUIJ0PW2N,prim,20-1,20.0,1000.0,-1,4101.333333333333
AXFCUZ1WQC2WY,ns,20-1,20.0,1000.0,-1,5220.985185185185
AY7M9MOLNXIIK,ns,20-1,20.0,1000.0,-1,5397.634722216262
AZZA3J049G7R5,rec,20-1,20.0,1000.0,-1,5419.536904761756
A102RSV009OCUW,prim,15-2,15.0,2000.0,-1,3897.070833333333
A11BHGAKU0RIH8,rec,15-2,15.0,2000.0,-1,13697.118333333234
A13GBA16BNTN1A,rec,15-2,15.0,2000.0,-1,3679.7030934343434
A13THDIE8LTQ11,ns,15-2,15.0,2000.0,-1,3365.0642857108533
A150QX2OXHGK8P,rec,15-2,15.0,2000.0,-1,7394.275
A151XA53WYXVD7,prim,15-2,15.0,2000.0,-1,3718.6666666666665
A1618RA11ZOD8Y,rec,15-2,15.0,2000.0,-1,3873.1833333174386
A19X8IA9EKC3XH,ns,15-2,15.0,2000.0,-1,3970.5691666676353
A1CFMY4CEYOM8Y,rec,15-2,15.0,2000.0,-1,4863.899999999208
A1E0K2VGY2684V,ns,15-2,15.0,2000.0,-1,4252.59375
A1NQOR4RQJJDMW,ns,15-2,15.0,2000.0,-1,3111.264166674623
A1PZIN8H1VI6SY,prim,15-2,15.0,2000.0,-1,2990.689880935919
A1QRIZY9WJW3R1,prim,15-2,15.0,2000.0,-1,4277.803571428572
A1QXJZFA5NVGM3,prim,15-2,15.0,2000.0,-1,3805.9166666666665
A1ROEDVMTO9Y3X,ns,15-2,15.0,2000.0,-1,2168.5749999970817
A1SCF3L6LTFQHF,prim,15-2,15.0,2000.0,-1,2803.2599999348326
A1T7EB1WEDCMXV,ns,15-2,15.0,2000.0,-1,8084.356053571392
A1TR2AOKWGQ78A,ns,15-2,15.0,2000.0,-1,3868.1666666666665
A1UOP419O6P55R,prim,15-2,15.0,2000.0,-1,5186.099999999999
A1WM3INNDW2776,ns,15-2,15.0,2000.0,-1,5962.536111111111
A1Z82Y9E6YWY80,ns,15-2,15.0,2000.0,-1,5019.791111099058
A2113B699TVADG,prim,15-2,15.0,2000.0,-1,4727.1875
A219SZBLCCCXN9,prim,15-2,15.0,2000.0,-1,5261.0805555433035
A22GYYJXTS5KBH,ns,15-2,15.0,2000.0,-1,5155.631481482888
A22Y78RVB8UFTD,ns,15-2,15.0,2000.0,-1,4441.453968261915
A233LLG8YAXWF,rec,15-2,15.0,2000.0,-1,4993.656944443627
A24GX1OZE6AY04,ns,15-2,15.0,2000.0,-1,4182.57875000021
A26MT7KJ7NJLRN,ns,15-2,15.0,2000.0,-1,11572.116558453014
A26T0U2Y6LZOF3,rec,15-2,15.0,2000.0,-1,6594.6
A29J4LL0MQL3AC,prim,15-2,15.0,2000.0,-1,4411.257500003713
A2G4R0GS677RC2,rec,15-2,15.0,2000.0,-1,2995.375
A2IV3SSVTU90BN,ns,15-2,15.0,2000.0,-1,4936.875000004257
A2KZN3UH5NGC9,rec,15-2,15.0,2000.0,-1,4406.999999996026
A2MBFIAGBPU5NG,prim,15-2,15.0,2000.0,-1,3957.1026785714284
A2O86E23R5T4YO,prim,15-2,15.0,2000.0,-1,4739.260208346198
A2PTABUVOUYAH5,ns,15-2,15.0,2000.0,-1,2543.210833334054
A2R75YFKVALBXE,rec,15-2,15.0,2000.0,-1,7653.715833327175
A2RU1Q3C9VHBAO,prim,15-2,15.0,2000.0,-1,4647.285416666667
A2RVG8Y97DE0GM,prim,15-2,15.0,2000.0,-1,2936.037500008863
A2UJ9GDNVPX99C,prim,15-2,15.0,2000.0,-1,3286.7931547619046
A2UYZFH5VT5R3H,rec,15-2,15.0,2000.0,-1,4465.187500005588
A2Y8LZS5C81O25,prim,15-2,15.0,2000.0,-1,5463.0734126984125
A30NL5N71G2YAU,ns,15-2,15.0,2000.0,-1,4860.5342560427525
A310Y949ILSN3P,prim,15-2,15.0,2000.0,-1,2727.1
A31P78W9ZCQXCS,ns,15-2,15.0,2000.0,-1,5998.226190476191
A347RDI3HZOUCY,prim,15-2,15.0,2000.0,-1,3016.370535714286
A34HQHGLIW1FYS,ns,15-2,15.0,2000.0,-1,5843.962142845882
A34IPEKX5WXJIN,prim,15-2,15.0,2000.0,-1,3058.287878787879
A34YNEN8UUI3CD,ns,15-2,15.0,2000.0,-1,2252.6266071411915
A35VI4SE31HD17,prim,15-2,15.0,2000.0,-1,5356.0976190492065
A36S0DI86PL4J6,prim,15-2,15.0,2000.0,-1,6243.973214285714
A384KX8MUIJSTJ,ns,15-2,15.0,2000.0,-1,5873.218333343664
A38DHLB88V8DL8,rec,15-2,15.0,2000.0,-1,4838.672916664432
A3AWQ3AACIPXM2,ns,15-2,15.0,2000.0,-1,3290.0
A3BA2WMGN6KHUU,ns,15-2,15.0,2000.0,-1,6039.37276787945
A3BN69Q9D7RQGR,ns,15-2,15.0,2000.0,-1,4793.033333333333
A3C25IBTLB60RQ,prim,15-2,15.0,2000.0,-1,4839.000000119209
A3FOKP72T5I4FR,ns,15-2,15.0,2000.0,-1,2174.292857170105
A3HBB9JT9WVZS4,ns,15-2,15.0,2000.0,-1,3610.5804166572434
A3HOPYBWSR1TWR,prim,15-2,15.0,2000.0,-1,3780.216765873016
A3IBDJ12CRTQQN,prim,15-2,15.0,2000.0,-1,5277.383333333333
A3IHTJXHWPQ2JR,rec,15-2,15.0,2000.0,-1,4923.808333333333
A3MWLHSW9B9RHU,prim,15-2,15.0,2000.0,-1,3752.3400000229476
A3ORKXM3WG8QJ9,prim,15-2,15.0,2000.0,-1,13874.5
A3P52W1SBJUT5N,ns,15-2,15.0,2000.0,-1,6515.444444444444
A3U27ZHUGOPIAN,prim,15-2,15.0,2000.0,-1,3975.4214285714284
A3UA50A6GKNAMR,prim,15-2,15.0,2000.0,-1,4947.983333333334
A3UE8ANAIM7F15,ns,15-2,15.0,2000.0,-1,7407.463839296784
A3UGB3B1S74HR9,prim,15-2,15.0,2000.0,-1,5052.456401517265
A3UUW04QL49RSC,prim,15-2,15.0,2000.0,-1,5316.35
A6HDSE80LQPR8,rec,15-2,15.0,2000.0,-1,6813.571428571429
AAOOH6P4HHSCS,prim,15-2,15.0,2000.0,-1,4091.553124997765
ADGJXUEMPLTMS,prim,15-2,15.0,2000.0,-1,5249.243371186834
AEF1G6YE8RIB8,prim,15-2,15.0,2000.0,-1,5497.6663888807925
AERGHZBQFT309,ns,15-2,15.0,2000.0,-1,6696.425238095485
AESZJEZTZEW01,ns,15-2,15.0,2000.0,-1,4842.799999969346
AEX1I7K7OVHHC,rec,15-2,15.0,2000.0,-1,4340.436507936508
AEXRVIK8SKB4V,prim,15-2,15.0,2000.0,-1,4410.512499967977
AF0W4ZBY7VXOU,rec,15-2,15.0,2000.0,-1,3914.1303409027396
AFZGUWYLC0NG0,ns,15-2,15.0,2000.0,-1,4737.899999976158
AGANKP4PUZ4NC,prim,15-2,15.0,2000.0,-1,4412.241666654746
AHY3YAYJLTW32,rec,15-2,15.0,2000.0,-1,7018.729166666667
AL9SYQEUTNJXT,prim,15-2,15.0,2000.0,-1,4879.769682541111
ALDQRWYZ8KQ9A,rec,15-2,15.0,2000.0,-1,3972.466666666998
AM65LGXJBTJ0I,ns,15-2,15.0,2000.0,-1,1686.5933333526054
AOIR8V07FYMH5,rec,15-2,15.0,2000.0,-1,3047.1091666705597
AR0VJ5XRG16UJ,rec,15-2,15.0,2000.0,-1,5069.5
AU5UJIZ3TLI5M,rec,15-2,15.0,2000.0,-1,4636.230833333296
AW2UVK63OLFW,ns,15-2,15.0,2000.0,-1,3293.3712500199676
AW5O1RK3W60FC,rec,15-2,15.0,2000.0,-1,7274.558238635945
AWRY5SC68T0DC,prim,15-2,15.0,2000.0,-1,3257.1190476190477
AWTCGY2CL1T68,prim,15-2,15.0,2000.0,-1,3770.996527777778
AXSBX0MCQNG3A,prim,15-2,15.0,2000.0,-1,3938.6145833333335
A14WLAP6TCEKO0,rec,30-1,30.0,1000.0,-1,6462.071874982677
A15V9BXNJXZXZX,ns,30-1,30.0,1000.0,-1,4477.75
A16335MOISDG1F,rec,30-1,30.0,1000.0,-1,6037.599810606111
A17FJLW818UEQU,rec,30-1,30.0,1000.0,-1,3583.288888888889
A186PT9ZLO5EJD,prim,30-1,30.0,1000.0,-1,5653.104166666666
A1AS1H21O9896X,ns,30-1,30.0,1000.0,-1,4928.0449404759065
A1AYTKAQT201ZV,prim,30-1,30.0,1000.0,-1,4791.555555555556
A1EII5EWOTBDK9,rec,30-1,30.0,1000.0,-1,7868.925252525252
A1F9KLZGHE9DTA,rec,30-1,30.0,1000.0,-1,5167.824999999255
A1IGKJ200N82S9,rec,30-1,30.0,1000.0,-1,3752.7959956709956
A1KGUJMWDCPSYG,rec,30-1,30.0,1000.0,-1,5046.0603174603175
A1M1E62KXCDNL0,ns,30-1,30.0,1000.0,-1,4001.1513194539066
A1MG8KNVSVZ365,prim,30-1,30.0,1000.0,-1,4695.658333333333
A1MKEILXWWLBW2,rec,30-1,30.0,1000.0,-1,3425.737500000745
A1O67YS3DU0ZHX,rec,30-1,30.0,1000.0,-1,7676.998484848485
A1Q0G8JA5EZ8EI,rec,30-1,30.0,1000.0,-1,6211.8749999552965
A1SLJKNSNHOJRN,rec,30-1,30.0,1000.0,-1,3417.921249990993
A1T2P6E67251U5,prim,30-1,30.0,1000.0,-1,3689.9333333174386
A1U4WS9KJMADV,rec,30-1,30.0,1000.0,-1,5428.923566060601
A1X4T3QSIE8YYX,prim,30-1,30.0,1000.0,-1,4852.458333333333
A225J5T6WHO2MG,prim,30-1,30.0,1000.0,-1,7253.35
A23KDD6OPM4NJ0,prim,30-1,30.0,1000.0,-1,3785.9166666785877
A25Y3D2Y2DR8WM,prim,30-1,30.0,1000.0,-1,5310.728571428572
A26XKTGGGYBI4J,prim,30-1,30.0,1000.0,-1,5785.194444444444
A28OD52SMLYQ16,rec,30-1,30.0,1000.0,-1,4168.329861111111
A28TA25NJGLL3Y,prim,30-1,30.0,1000.0,-1,5783.652777777777
A28ZPY6D5AS7GZ,ns,30-1,30.0,1000.0,-1,1930.1031746041429
A2ASRB2MTHDHPD,prim,30-1,30.0,1000.0,-1,
A2BUHMLNE3LUU0,ns,30-1,30.0,1000.0,-1,7556.01212121223
A2E2SLXF4KQ3S1,prim,30-1,30.0,1000.0,-1,5265.333333651224
A2FJIZUHR6E4EZ,prim,30-1,30.0,1000.0,-1,5325.7241666863365
A2G2T6EMXAOKMS,rec,30-1,30.0,1000.0,-1,8560.396590907048
A2GRA6N98ZPIQ1,prim,30-1,30.0,1000.0,-1,4091.5
A2IKLJWU2OJ1YX,prim,30-1,30.0,1000.0,-1,3967.943484857182
A2K5AXCSY703CU,ns,30-1,30.0,1000.0,-1,6154.731481481482
A2MV1R6YYOIO30,prim,30-1,30.0,1000.0,-1,4900.245833357175
A2NU82V08QSPCC,prim,30-1,30.0,1000.0,-1,3310.9574242410035
A2NY0VWEWDULC6,rec,30-1,30.0,1000.0,-1,5462.040494215363
A2OFVEA8BEJDZN,ns,30-1,30.0,1000.0,-1,5080.022073495483
A2P83PY6P7ECM5,ns,30-1,30.0,1000.0,-1,4541.106666636467
A2PUL3ZDXOW0VZ,rec,30-1,30.0,1000.0,-1,11761.601111120648
A2ROI30AQITC3V,ns,30-1,30.0,1000.0,-1,6942.252361194955
A2VZN8J53Y5WYR,prim,30-1,30.0,1000.0,-1,3132.367083304127
A2XMRJKCNKLL4E,ns,30-1,30.0,1000.0,-1,3604.789166700157
A2Y0VM8BAF0RMT,ns,30-1,30.0,1000.0,-1,3123.65
A2ZGAH6NOSU2PO,rec,30-1,30.0,1000.0,-1,10081.389999997617
A30DHHAL100LZR,ns,30-1,30.0,1000.0,-1,6871.443181818182
A31SZFE8M7YK0S,ns,30-1,30.0,1000.0,-1,5965.865079365079
A34DYM8J0X5VK,rec,30-1,30.0,1000.0,-1,9015.299007943935
A36IB78C6MVA3,prim,30-1,30.0,1000.0,-1,3768.857142857143
A389Y151TAJ4XG,ns,30-1,30.0,1000.0,-1,3066.1395833045244
A3AY0315YWWNXY,rec,30-1,30.0,1000.0,-1,1336.3333333333333
A3EUH97BRHRSI6,rec,30-1,30.0,1000.0,-1,6648.546626984127
A3I97794CB5SUO,rec,30-1,30.0,1000.0,-1,8326.602083333333
A3RVHUY67SVXQV,ns,30-1,30.0,1000.0,-1,
A3TX84QHD321M7,prim,30-1,30.0,1000.0,-1,4905.000992063492
A3UCN8EJI08X2P,ns,30-1,30.0,1000.0,-1,3940.209090909091
A3UQ5DF8VVD975,rec,30-1,30.0,1000.0,-1,6831.067840924588
A3V71NT2X4HD1I,prim,30-1,30.0,1000.0,-1,5597.272186147186
A51TGVVYJF7T0,prim,30-1,30.0,1000.0,-1,6669.273809523809
A7USTT4KU1ZBO,ns,30-1,30.0,1000.0,-1,6523.802083343267
AB5WBMZGLX57B,ns,30-1,30.0,1000.0,-1,4042.1702380952383
ACBROX4H8BSW3,rec,30-1,30.0,1000.0,-1,5456.440000003204
ADJ9I7ZBFYFH7,rec,30-1,30.0,1000.0,-1,3770.1393939500504
AGILQEFEPEK7N,ns,30-1,30.0,1000.0,-1,2897.615476176852
AH7HACNNRSIPO,ns,30-1,30.0,1000.0,-1,3083.0348821444945
AIDU49N2KO05N,ns,30-1,30.0,1000.0,-1,3458.6393452430766
AJUVX0E4OPTAO,prim,30-1,30.0,1000.0,-1,4161.791666666666
AK3GAHRZ6M6WM,rec,30-1,30.0,1000.0,-1,6330.370000016689
AKE4AYF86KJVU,rec,30-1,30.0,1000.0,-1,2641.9558333349014
AKNBC1TE88NDO,rec,30-1,30.0,1000.0,-1,7317.463333338499
AKX4H8RT7BL7H,rec,30-1,30.0,1000.0,-1,6025.383333325812
AOYDGVOZUIHII,prim,30-1,30.0,1000.0,-1,3735.3287499886537
AP4B1GJIT3HYF,ns,30-1,30.0,1000.0,-1,9184.196428571428
AXFH1DT8PR0K2,prim,30-1,30.0,1000.0,-1,3514.046825386229
AXFP50XOZD2NI,rec,30-1,30.0,1000.0,-1,5541.073214285714
A12LX24NC3FP2U,ns,20-2,20.0,2000.0,-1,6393.637500001118
A161VPQSXLLV8U,ns,20-2,20.0,2000.0,-1,5936.270833333091
A166P9BSWIFF32,prim,20-2,20.0,2000.0,-1,3059.5714285714284
A17IPELR5NC2LZ,prim,20-2,20.0,2000.0,-1,4672.36111111111
A17TMQWTCJVOV5,rec,20-2,20.0,2000.0,-1,3931.8625
A1CB9NR3SN4VMY,prim,20-2,20.0,2000.0,-1,3684.7654762007296
A1FM638CHGPC1M,ns,20-2,20.0,2000.0,-1,3257.495238094502
A1HENLDLQEO5BZ,prim,20-2,20.0,2000.0,-1,2628.9333333174386
A1J39RAV7TKEMF,ns,20-2,20.0,2000.0,-1,7052.683333396912
A1JL3HCA0MK9UI,prim,20-2,20.0,2000.0,-1,8119.850000103315
A1L5A88C9PPK5L,prim,20-2,20.0,2000.0,-1,4507.875
A1LA6CIGBNDOH9,rec,20-2,20.0,2000.0,-1,4671.738412698579
A1MD74JPL7E9PK,prim,20-2,20.0,2000.0,-1,5412.298484775755
A1O0K8V58YRL4A,ns,20-2,20.0,2000.0,-1,6268.777777777777
A1PTX4IB9R34LI,rec,20-2,20.0,2000.0,-1,
A1S2EXYEG5I8HW,rec,20-2,20.0,2000.0,-1,3954.246031746032
A1SJLXB0XFCJ97,prim,20-2,20.0,2000.0,-1,3889.0555555456212
A1TPGXT718D68E,rec,20-2,20.0,2000.0,-1,10088.379583331873
A1TVWMWE03AWAW,rec,20-2,20.0,2000.0,-1,4969.625
A1VEOI1H4AE1T3,prim,20-2,20.0,2000.0,-1,3081.0499999970198
A1WT2CM71Z9MP3,prim,20-2,20.0,2000.0,-1,4490.994047619048
A20YXCVKHSTSPC,prim,20-2,20.0,2000.0,-1,
A2147HO7VBGJCU,prim,20-2,20.0,2000.0,-1,3140.208333333333
A248QG4DPULP46,ns,20-2,20.0,2000.0,-1,4960.089583341032
A25S9Y5DZ9OR16,prim,20-2,20.0,2000.0,-1,2201.366666666667
A25VK411P03A5T,rec,20-2,20.0,2000.0,-1,2919.625
A289D98Z4GAZ28,prim,20-2,20.0,2000.0,-1,4424.5871212121565
A2BTEQA95MCIHU,prim,20-2,20.0,2000.0,-1,5935.96666653951
A2E8PL8ZWIZVJ0,prim,20-2,20.0,2000.0,-1,3470.2204166611036
A2I6HVUDBTGD1,prim,20-2,20.0,2000.0,-1,4129.960416662693
A2KHR0GTA0DBWI,rec,20-2,20.0,2000.0,-1,5522.67803030303
A2KT30RCVX67ZS,prim,20-2,20.0,2000.0,-1,4536.150535713988
A2MMGDAA7JJKIE,prim,20-2,20.0,2000.0,-1,6004.591666678588
A2MOKIEQZ0OF2M,prim,20-2,20.0,2000.0,-1,4268.703769841006
A2NZ783AY1LBPW,prim,20-2,20.0,2000.0,-1,7020.429166668405
A2NZAL7KHOR6VF,rec,20-2,20.0,2000.0,-1,7253.578333331147
A2OOS7IXSKJFFI,ns,20-2,20.0,2000.0,-1,3734.0249999165535
A2P2YEHX1FXD20,rec,20-2,20.0,2000.0,-1,4131.183333333333
A2QHI85LQPJZYP,prim,20-2,20.0,2000.0,-1,3000.097222222222
A2SSY7MHPDQVUS,prim,20-2,20.0,2000.0,-1,2704.3030303198884
A2UX2W49R55PH4,prim,20-2,20.0,2000.0,-1,5545.0
A2VIKCIM9TZL22,rec,20-2,20.0,2000.0,-1,3471.7773809869373
A2XGHLVP2C1FVA,ns,20-2,20.0,2000.0,-1,5286.505694447209
A2XVLOZY7FJCC2,rec,20-2,20.0,2000.0,-1,7818.03305556087
A2ZVBFH732LYXQ,prim,20-2,20.0,2000.0,-1,4178.4645833338145
A304UJAE051J89,rec,20-2,20.0,2000.0,-1,3636.9148809593585
A312HQ3OU0EYTB,rec,20-2,20.0,2000.0,-1,6039.777777777777
A35S8HPY0V445,ns,20-2,20.0,2000.0,-1,6233.29401783482
A37GOI3N77WX21,ns,20-2,20.0,2000.0,-1,3207.5662878795415
A389UA2GRCJ6,prim,20-2,20.0,2000.0,-1,5159.705357142857
A3A7XOKH39SYOI,prim,20-2,20.0,2000.0,-1,4027.303124974171
A3B0CMCBWAND7,rec,20-2,20.0,2000.0,-1,3868.991161615785
A3C4WGE4SOGM1,ns,20-2,20.0,2000.0,-1,4671.409722208977
A3CKVVGWBS4NGU,prim,20-2,20.0,2000.0,-1,3654.3561607071333
A3GDVKIN7ZGUG9,rec,20-2,20.0,2000.0,-1,5015.9375
A3HE29W5IDR394,rec,20-2,20.0,2000.0,-1,6597.689285714286
A3I1SGVY37KR4A,ns,20-2,20.0,2000.0,-1,6737.388888888888
A3J5HRXH4F64SP,ns,20-2,20.0,2000.0,-1,
A3LVLZS8S41ZD7,rec,20-2,20.0,2000.0,-1,7724.854166666666
A3LXARU55PR281,ns,20-2,20.0,2000.0,-1,4374.944444444444
A3TR3KIRG5PCZ8,prim,20-2,20.0,2000.0,-1,2388.9141414141413
A3U2A632YWEX7B,prim,20-2,20.0,2000.0,-1,5753.609166908264
A3U69MNO1JC7V4,rec,20-2,20.0,2000.0,-1,5285.75
A3UMHUWJKRGKNR,rec,20-2,20.0,2000.0,-1,6239.281101193456
A3VW5PI9ZX9DOD,ns,20-2,20.0,2000.0,-1,4275.75909092932
A4HWADFPGP45G,ns,20-2,20.0,2000.0,-1,5524.833273821359
AFRKVRPZ2RHY8,rec,20-2,20.0,2000.0,-1,3439.286363639615
AHZCC2V399WUN,ns,20-2,20.0,2000.0,-1,8132.09166666755
AJABAPM32ETMN,rec,20-2,20.0,2000.0,-1,5017.833333333333
AK1EF4NACR1UJ,prim,20-2,20.0,2000.0,-1,4173.886904828605
AKIT35WR8HEQ3,prim,20-2,20.0,2000.0,-1,4829.116071458374
AP9WIQ4P78XLH,rec,20-2,20.0,2000.0,-1,5860.113194444537
AR9AU5FY1S3RO,rec,20-2,20.0,2000.0,-1,6363.275517675685
AXCDKBG1R43GE,ns,20-2,20.0,2000.0,-1,4065.5093750006636
A102WSFN62OS6I,ns,40-1,40.0,1000.0,-1,3648.5037037037036
A13WTEQ06V3B6D,rec,40-1,40.0,1000.0,-1,4063.85000000149
A178HXQENEAI65,rec,40-1,40.0,1000.0,-1,3353.9129959718575
A1BLHM2IDH7DH4,prim,40-1,40.0,1000.0,-1,5489.538095238096
A1DJB12ZI46GPX,prim,40-1,40.0,1000.0,-1,4683.334722222222
A1DZMZTXWOM9MR,rec,40-1,40.0,1000.0,-1,10326.844444444196
A1EU59VMI8GL4K,rec,40-1,40.0,1000.0,-1,4660.751704545454
A1F0VEHWK3IAF4,ns,40-1,40.0,1000.0,-1,8456.574999950826
A1HGWCCIWP7AO0,ns,40-1,40.0,1000.0,-1,5820.255454523877
A1IL5P5H5VRW0D,prim,40-1,40.0,1000.0,-1,4898.150833334774
A1J5OW12TRQSOW,ns,40-1,40.0,1000.0,-1,4798.120138881314
A1KCSGTT6Y26LH,prim,40-1,40.0,1000.0,-1,2899.991666666667
A1RQ8PX7A0CH3C,rec,40-1,40.0,1000.0,-1,3587.057142857143
A1RY1N37JYUHBU,prim,40-1,40.0,1000.0,-1,5848.759999962647
A1S54RQW9FDK0X,ns,40-1,40.0,1000.0,-1,4862.615575396825
A1TG34GJ1WTN0C,prim,40-1,40.0,1000.0,-1,5888.482222186194
A1UH6A625GF5MD,prim,40-1,40.0,1000.0,-1,3795.7952380952383
A1VHK9OFD7H8ZH,rec,40-1,40.0,1000.0,-1,4507.416666666667
A1ZLLYRW6GIVC7,rec,40-1,40.0,1000.0,-1,1759.7000000029802
A20GJP9C5KC2ZU,ns,40-1,40.0,1000.0,-1,4978.055000042916
A23W5HVE02LM0E,prim,40-1,40.0,1000.0,-1,4514.847023814349
A2541C8MY0BYV3,rec,40-1,40.0,1000.0,-1,3733.9461309527533
A271830PNYAI2G,rec,40-1,40.0,1000.0,-1,5175.5081481472635
A29JQ7VMQ1HKYP,ns,40-1,40.0,1000.0,-1,4720.372500031359
A2GUPBBFPPSXYR,prim,40-1,40.0,1000.0,-1,5099.4136994949495
A2HRUFTA09371Y,rec,40-1,40.0,1000.0,-1,3983.487407528912
A2IK3H6MQ1QV6E,rec,40-1,40.0,1000.0,-1,5342.617045444792
A2L7RTYO4UMYDH,ns,40-1,40.0,1000.0,-1,4852.916666666667
A2LI1OIR4BVJRW,prim,40-1,40.0,1000.0,-1,4652.555000005828
A2NEFRREWF33YP,rec,40-1,40.0,1000.0,-1,5406.931818184972
A2P8V5SKYLL5I4,rec,40-1,40.0,1000.0,-1,5175.791666666667
A2PSU15S8ZI3V5,prim,40-1,40.0,1000.0,-1,4601.401388883591
A2QUSCZS3RXGXE,ns,40-1,40.0,1000.0,-1,3008.917738121464
A2TUYGXQ15U6GO,prim,40-1,40.0,1000.0,-1,4383.126984126984
A2UEVNT8VQD1SA,ns,40-1,40.0,1000.0,-1,6449.884494950513
A2VR9O234UCT9T,rec,40-1,40.0,1000.0,-1,7284.6604166663055
A2WCPERU8X385N,prim,40-1,40.0,1000.0,-1,5127.425858595215
A33GZS6SU4O20M,ns,40-1,40.0,1000.0,-1,4558.101190476191
A38I0E8UK53ME5,rec,40-1,40.0,1000.0,-1,13511.975
A3BZH91MITQA5X,ns,40-1,40.0,1000.0,-1,5543.446388857895
A3NX66U9RAY2GQ,prim,40-1,40.0,1000.0,-1,3039.75
A3O40YLW6MYU8C,prim,40-1,40.0,1000.0,-1,5439.182828282828
A3S2AUQWI7XWT4,prim,40-1,40.0,1000.0,-1,3373.55
A3SA9LY6RXKFOI,prim,40-1,40.0,1000.0,-1,5775.083333333333
A3SLT6KVF0NXPH,prim,40-1,40.0,1000.0,-1,4568.626984126984
A3TNSJSXI464IT,ns,40-1,40.0,1000.0,-1,4488.035119045925
A3TUJBPLJGTI5,rec,40-1,40.0,1000.0,-1,5750.5
A3VL1CBZ3BGQK7,ns,40-1,40.0,1000.0,-1,6869.691666662693
A47VA451RDBV3,prim,40-1,40.0,1000.0,-1,3684.153125003477
A92KVBM20ZTU4,rec,40-1,40.0,1000.0,-1,5526.83761903672
AAF1SJ9FCBF75,rec,40-1,40.0,1000.0,-1,7700.041666666666
AAVFHZA708CSP,ns,40-1,40.0,1000.0,-1,4033.4
ADL9KYXZGHUFO,ns,40-1,40.0,1000.0,-1,3976.6666666666665
AFLRBB974KS6D,ns,40-1,40.0,1000.0,-1,3389.4916667801995
AGB6853RIDWJ8,ns,40-1,40.0,1000.0,-1,4027.519047620751
AGLFNO1XKM8O8,rec,40-1,40.0,1000.0,-1,6190.829285715059
AH2C0LKV36ATT,prim,40-1,40.0,1000.0,-1,4492.716666666666
AKJN72HW14WTR,rec,40-1,40.0,1000.0,-1,5433.541666666666
AMIQGW2E3WYO4,rec,40-1,40.0,1000.0,-1,7406.316666666667
ANCTZADQC3D75,ns,40-1,40.0,1000.0,-1,4638.35
AOQKJGXZ8QQD0,prim,40-1,40.0,1000.0,-1,6258.837857139855
AP3BTOBN8Y9EJ,rec,40-1,40.0,1000.0,-1,7603.0894074771895
AQSYWZJVVMCGJ,prim,40-1,40.0,1000.0,-1,3513.59375
AR1IWBDA7MC86,rec,40-1,40.0,1000.0,-1,8028.538690469095
AR3MFFPQ39IXF,rec,40-1,40.0,1000.0,-1,7019.959764290087
ARL0T0MU9A65G,prim,40-1,40.0,1000.0,-1,4880.645454545454
ASVRLMDNQBUD9,rec,40-1,40.0,1000.0,-1,6677.038333382706
ATRRW34VN38IX,rec,40-1,40.0,1000.0,-1,6895.197777832879
AVSVIOR38JDM6,prim,40-1,40.0,1000.0,-1,2956.2000000476837
AW0MG225VXWCN,rec,40-1,40.0,1000.0,-1,10510.698065507508
AW4PTI9P13WUB,prim,40-1,40.0,1000.0,-1,4963.521071449561
AXFCUZW85XUK1,ns,40-1,40.0,1000.0,-1,3504.4447619077705
AYF9WH3AQIT86,prim,40-1,40.0,1000.0,-1,4451.799999872844
A10HW8JXM17XLD,rec,10-2,10.0,2000.0,0,11073.864734849769
A12K1ADYMRSWMJ,prim,10-2,10.0,2000.0,0,7830.83875002622
A14E4ISXVJVY6F,prim,10-2,10.0,2000.0,0,3546.645833452543
A169XTOCOMO1MV,ns,10-2,10.0,2000.0,0,3703.077480158724
A18NXRDHQ0ZSOY,ns,10-2,10.0,2000.0,0,3387.0245238153707
A1969Q0R4Y0E3J,rec,10-2,10.0,2000.0,0,3037.431818181818
A1AKL5YH9NLD2V,ns,10-2,10.0,2000.0,0,4693.700625000306
A1ARWNTZHGFG8Y,prim,10-2,10.0,2000.0,0,8436.303750050067
A1F0R1MSPTXHHV,ns,10-2,10.0,2000.0,0,3979.650000045697
A1GRPIBHW72HDU,rec,10-2,10.0,2000.0,0,14986.893055555556
A1I9RLJQ0BYN21,prim,10-2,10.0,2000.0,0,2410.0785714026006
A1NG504QI5LI62,prim,10-2,10.0,2000.0,0,4032.0119047619046
A1NQ2A0UDW719R,prim,10-2,10.0,2000.0,0,3540.375
A1P00XZZG7EEEM,prim,10-2,10.0,2000.0,0,10936.710000000396
A1RFDB2WUV7QRO,ns,10-2,10.0,2000.0,0,11196.731250000303
A1V2H0UF94ATWY,ns,10-2,10.0,2000.0,0,9273.358750000016
A1W7T8V97ZPUH0,ns,10-2,10.0,2000.0,0,4710.154166666666
A1WJIRT360P5VB,rec,10-2,10.0,2000.0,0,5119.632222223182
A1WPGNK8Y65BV3,ns,10-2,10.0,2000.0,0,4827.669829547577
A1XMGLCK09Z0DW,ns,10-2,10.0,2000.0,0,2879.1964285714284
A1YA2FCN3KEK36,prim,10-2,10.0,2000.0,0,3991.2212797649913
A20GD3EBBTBYY2,rec,10-2,10.0,2000.0,0,5971.840909090909
A24BRTWG07T53Z,prim,10-2,10.0,2000.0,0,3561.8869047619046
A27QXQ22F9ODSP,prim,10-2,10.0,2000.0,0,6948.633928571428
A27T2Z568L69U1,prim,10-2,10.0,2000.0,0,5045.275568181818
A282UM3NAIM0YO,ns,10-2,10.0,2000.0,0,4402.067857142857
A2BREH6STESM0G,rec,10-2,10.0,2000.0,0,3478.3795833331765
A2FLBMZ38IZ2SQ,prim,10-2,10.0,2000.0,0,4809.41354168171
A2FM1N5AOMVTGL,prim,10-2,10.0,2000.0,0,4419.788194475903
A2FYFCD16Z3PCC,rec,10-2,10.0,2000.0,0,3507.2187500023283
A2H8PEGI28NKZD,ns,10-2,10.0,2000.0,0,7657.96805555539
A2I6ZALE49CVSC,prim,10-2,10.0,2000.0,0,4962.824583332404
A2KPEUCEE2M05G,prim,10-2,10.0,2000.0,0,5273.645454543558
A2LJ1FRUYGW469,ns,10-2,10.0,2000.0,0,7010.665555662631
A2M183CETUMR96,rec,10-2,10.0,2000.0,0,6583.237083332675
A2MUOD1JHWJ735,ns,10-2,10.0,2000.0,0,4325.596230141464
A2NXMRPHG86N2T,ns,10-2,10.0,2000.0,0,6477.175189393586
A2PQDK3MLDFXYM,rec,10-2,10.0,2000.0,0,4479.448750005673
A2QRJKXTK4JDD8,ns,10-2,10.0,2000.0,0,4777.196428571428
A2R970Q1Q2A6DJ,prim,10-2,10.0,2000.0,0,4291.793750016019
A2VIKZ73Y5ABHM,ns,10-2,10.0,2000.0,0,3093.233333333333
A2WYZLG8J526TQ,prim,10-2,10.0,2000.0,0,4593.875
A33X52IN60MSOE,rec,10-2,10.0,2000.0,0,14009.943749998165
A348NEQKS6VNIB,rec,10-2,10.0,2000.0,0,10159.215922616186
A349BBTU7L597J,ns,10-2,10.0,2000.0,0,5396.850000143051
A3C8JI69WPTKWH,rec,10-2,10.0,2000.0,0,7213.264583366612
A3CE7DTHIB76UK,ns,10-2,10.0,2000.0,0,6711.066666663314
A3G55RJTW3BSGM,ns,10-2,10.0,2000.0,0,2679.3077678437744
A3GC5Q5CLI4NWZ,prim,10-2,10.0,2000.0,0,5609.287202380952
A3J55BJGV95JKH,ns,10-2,10.0,2000.0,0,5046.074999996523
A3MJQ51KN9CMQ4,prim,10-2,10.0,2000.0,0,7187.913492063492
A3MOL1L9V4BUGH,ns,10-2,10.0,2000.0,0,5103.939732154831
A3NAONPCTVT6P1,ns,10-2,10.0,2000.0,0,7362.093402787112
A3PJY7THMUIR4M,ns,10-2,10.0,2000.0,0,4217.291666666667
A3VV3MW68CALXS,prim,10-2,10.0,2000.0,0,4942.0625
A489K1IFOM4JW,prim,10-2,10.0,2000.0,0,3224.4628427128428
A49HPQ9P5AHU4,ns,10-2,10.0,2000.0,0,3135.506250008113
A55MEA9LQASZH,rec,10-2,10.0,2000.0,0,5435.702500057097
A5P12YJP805RG,ns,10-2,10.0,2000.0,0,5263.037792190484
A5TWD5QD99GZY,rec,10-2,10.0,2000.0,0,8694.189136905417
A63UHNWYOV5LE,ns,10-2,10.0,2000.0,0,10564.25
AEP8U373W5Q54,prim,10-2,10.0,2000.0,0,4027.7177083780366
AK2PMO5I7OCEK,prim,10-2,10.0,2000.0,0,4714.176388888889
AKNU5D6QK7M72,prim,10-2,10.0,2000.0,0,3981.9396103912627
AO5FQ7GY8DTR8,prim,10-2,10.0,2000.0,0,5814.600000023842
ARIWYNIH12MLF,rec,10-2,10.0,2000.0,0,8821.691111111093
AS4FVWL91C6HR,prim,10-2,10.0,2000.0,0,5496.40438762664
AWJKR5GA7BS7V,ns,10-2,10.0,2000.0,0,4836.473214285714
AZ69TBTDH7AZS,rec,10-2,10.0,2000.0,0,3807.092460321576
AZ8NNCT4AODDN,prim,10-2,10.0,2000.0,0,2477.7785713814555
A10JXOU89D5RXR,ns,20-1,20.0,1000.0,0,12528.730000019073
A111FTKAAJ5UMC,prim,20-1,20.0,1000.0,0,5707.236458324905
A11EZAV2HRYKD5,prim,20-1,20.0,1000.0,0,2832.824999809265
A157L6Z8QU3SDE,rec,20-1,20.0,1000.0,0,9548.211904761905
A16GIPTDMJAFTK,ns,20-1,20.0,1000.0,0,3255.554166666667
A17R7WX5B0CKK6,rec,20-1,20.0,1000.0,0,5146.904166646284
A17WB66BXX4R0J,prim,20-1,20.0,1000.0,0,4906.29375
A19QRXLWV5GKXN,rec,20-1,20.0,1000.0,0,6330.125357120245
A1CKIYN01NV9GJ,ns,20-1,20.0,1000.0,0,10667.923333350818
A1HLDOM6JTYYI2,prim,20-1,20.0,1000.0,0,5706.2485119047615
A1HR8IRDC07FO9,prim,20-1,20.0,1000.0,0,5642.458333333334
A1J6CZ176U6GDT,rec,20-1,20.0,1000.0,0,4485.159097249084
A1J9VZ372FV2QZ,rec,20-1,20.0,1000.0,0,12728.916904801416
A1JI19KPIVNL3Y,ns,20-1,20.0,1000.0,0,13192.303749994684
A1KH9VI2D0V43B,prim,20-1,20.0,1000.0,0,3913.9836309523807
A1LJ4WAEDGELVL,rec,20-1,20.0,1000.0,0,13068.085555552887
A1OOCYEFLAJD98,ns,20-1,20.0,1000.0,0,10188.520486111029
A1OW27AZS122X2,ns,20-1,20.0,1000.0,0,5171.096685612927
A1R5JNC2LO6X1S,prim,20-1,20.0,1000.0,0,1788.5
A1SUTNVLSFPXFK,ns,20-1,20.0,1000.0,0,4729.229999962449
A1V91Z2CQKMR55,rec,20-1,20.0,1000.0,0,2019.233839286305
A1YFL5HXPZ7MVV,ns,20-1,20.0,1000.0,0,4509.8194444279625
A22UMPYYQBXT0F,rec,20-1,20.0,1000.0,0,3599.452083343433
A26M997VYVK0E6,prim,20-1,20.0,1000.0,0,1768.0
A277V4SHQB8JRS,rec,20-1,20.0,1000.0,0,7913.695833333333
A2E5PV1BHNG67N,ns,20-1,20.0,1000.0,0,5718.550000047684
A2FQVRBXJZQAWT,prim,20-1,20.0,1000.0,0,3489.875
A2GM1ZIBRBHBK7,ns,20-1,20.0,1000.0,0,3326.1899305571405
A2ONILC0LZKG6Y,rec,20-1,20.0,1000.0,0,8946.491071428572
A2QX1SJXQN1NV1,prim,20-1,20.0,1000.0,0,12553.285714285714
A2QY653X9531JP,ns,20-1,20.0,1000.0,0,9886.785000002385
A2RBF3IIJP15IH,rec,20-1,20.0,1000.0,0,2684.205772005957
A2RWLFIP23FZA7,prim,20-1,20.0,1000.0,0,5693.581637806902
A2SBZCFAVT83GN,rec,20-1,20.0,1000.0,0,4130.9682539682535
A2SQGKP2REXOTN,prim,20-1,20.0,1000.0,0,5205.583333333333
A2SQTRNQWDLU4F,ns,20-1,20.0,1000.0,0,7400.333333333333
A2SWQM5X54P1O5,ns,20-1,20.0,1000.0,0,4790.610227266383
A2TG5ESEOPXAHI,prim,20-1,20.0,1000.0,0,4622.089880975703
A2V6E7SGEU0EFD,ns,20-1,20.0,1000.0,0,4509.517499998531
A2VXT33Y2TQPOQ,prim,20-1,20.0,1000.0,0,4703.723214285714
A2XDWB9NVYI3LQ,rec,20-1,20.0,1000.0,0,4383.518506493507
A3026HLELYNW7U,rec,20-1,20.0,1000.0,0,4583.999107142858
A351P2O6QGTCS,rec,20-1,20.0,1000.0,0,9234.682592592528
A39R5EBK7W916X,ns,20-1,20.0,1000.0,0,6893.19714286668
A3D9PJ37U7LCHE,ns,20-1,20.0,1000.0,0,3868.6083333243923
A3EVXSWHYA1PTT,rec,20-1,20.0,1000.0,0,
A3GIUDSA1IGTFV,ns,20-1,20.0,1000.0,0,7536.120833327373
A3HXK0UGS1YDMC,prim,20-1,20.0,1000.0,0,5755.001557524006
A3ITZNJQUTIZ4C,rec,20-1,20.0,1000.0,0,11574.94999999972
A3MHP4LZ3V88NF,prim,20-1,20.0,1000.0,0,4040.6916666666666
A3NRIEMOJVVX4A,rec,20-1,20.0,1000.0,0,2944.6854166680328
A3PEV3KN6F7JRG,ns,20-1,20.0,1000.0,0,13623.19999995238
A3QKOYP52HYRH2,rec,20-1,20.0,1000.0,0,5203.738095238095
A3RFOODI4G4P4K,rec,20-1,20.0,1000.0,0,6131.0740476427645
A3RHJEMZ4EGY2U,rec,20-1,20.0,1000.0,0,7756.556439396117
A3S76P3L3USWI1,prim,20-1,20.0,1000.0,0,5847.15952364036
A3USPFFWN1G5PF,rec,20-1,20.0,1000.0,0,5098.308712121212
A50UY1556VDIA,ns,20-1,20.0,1000.0,0,7648.425
A7R1OLLU1Z6RA,rec,20-1,20.0,1000.0,0,4637.259285718983
AEJU0MCYOQC77,prim,20-1,20.0,1000.0,0,4237.611111111111
AHU3EE2Q05E18,prim,20-1,20.0,1000.0,0,5130.085119045916
AJD90361AJO80,ns,20-1,20.0,1000.0,0,8922.125
AK52RXEJKR81A,ns,20-1,20.0,1000.0,0,3889.4693939844765
AMJAZPJBO936R,prim,20-1,20.0,1000.0,0,6484.441666613022
AOQZVAH5FSKGE,prim,20-1,20.0,1000.0,0,4482.219246031746
AQCJI23U1VBYD,prim,20-1,20.0,1000.0,0,4311.793333367506
AQPFTUIJ0PW2N,prim,20-1,20.0,1000.0,0,5840.5
AXFCUZ1WQC2WY,ns,20-1,20.0,1000.0,0,4933.100529100529
AY7M9MOLNXIIK,ns,20-1,20.0,1000.0,0,6648.409722222223
AZZA3J049G7R5,rec,20-1,20.0,1000.0,0,6549.2357142857345
A102RSV009OCUW,prim,15-2,15.0,2000.0,0,4157.473214285714
A11BHGAKU0RIH8,rec,15-2,15.0,2000.0,0,10700.571428569123
A13GBA16BNTN1A,rec,15-2,15.0,2000.0,0,4371.455176767677
A13THDIE8LTQ11,ns,15-2,15.0,2000.0,0,3078.3964285676675
A150QX2OXHGK8P,rec,15-2,15.0,2000.0,0,6953.55
A151XA53WYXVD7,prim,15-2,15.0,2000.0,0,5804.31875
A1618RA11ZOD8Y,rec,15-2,15.0,2000.0,0,4264.105000027021
A19X8IA9EKC3XH,ns,15-2,15.0,2000.0,0,6189.401934522455
A1CFMY4CEYOM8Y,rec,15-2,15.0,2000.0,0,14742.133333333613
A1E0K2VGY2684V,ns,15-2,15.0,2000.0,0,3984.8809523809523
A1NQOR4RQJJDMW,ns,15-2,15.0,2000.0,0,5882.875833332167
A1PZIN8H1VI6SY,prim,15-2,15.0,2000.0,0,4280.566666682561
A1QRIZY9WJW3R1,prim,15-2,15.0,2000.0,0,3414.0535714285716
A1QXJZFA5NVGM3,prim,15-2,15.0,2000.0,0,4724.4
A1ROEDVMTO9Y3X,ns,15-2,15.0,2000.0,0,2147.1136904768173
A1SCF3L6LTFQHF,prim,15-2,15.0,2000.0,0,2964.266666712364
A1T7EB1WEDCMXV,ns,15-2,15.0,2000.0,0,11364.556223484724
A1TR2AOKWGQ78A,ns,15-2,15.0,2000.0,0,4082.377777777778
A1UOP419O6P55R,prim,15-2,15.0,2000.0,0,7510.690476190476
A1WM3INNDW2776,ns,15-2,15.0,2000.0,0,5749.805555555556
A1Z82Y9E6YWY80,ns,15-2,15.0,2000.0,0,5382.624999984862
A2113B699TVADG,prim,15-2,15.0,2000.0,0,4867.75
A219SZBLCCCXN9,prim,15-2,15.0,2000.0,0,5211.056250035763
A22GYYJXTS5KBH,ns,15-2,15.0,2000.0,0,4162.4466666673625
A22Y78RVB8UFTD,ns,15-2,15.0,2000.0,0,7662.123484846317
A233LLG8YAXWF,rec,15-2,15.0,2000.0,0,10978.276666665419
A24GX1OZE6AY04,ns,15-2,15.0,2000.0,0,6220.220833333675
A26MT7KJ7NJLRN,ns,15-2,15.0,2000.0,0,10227.260000044604
A26T0U2Y6LZOF3,rec,15-2,15.0,2000.0,0,8173.2
A29J4LL0MQL3AC,prim,15-2,15.0,2000.0,0,4524.657727258551
A2G4R0GS677RC2,rec,15-2,15.0,2000.0,0,4551.0
A2IV3SSVTU90BN,ns,15-2,15.0,2000.0,0,6429.998859102764
A2KZN3UH5NGC9,rec,15-2,15.0,2000.0,0,3529.7412499547004
A2MBFIAGBPU5NG,prim,15-2,15.0,2000.0,0,3950.732142857143
A2O86E23R5T4YO,prim,15-2,15.0,2000.0,0,5073.81259919502
A2PTABUVOUYAH5,ns,15-2,15.0,2000.0,0,3635.425416670988
A2R75YFKVALBXE,rec,15-2,15.0,2000.0,0,11599.029292932664
A2RU1Q3C9VHBAO,prim,15-2,15.0,2000.0,0,3814.378968253968
A2RVG8Y97DE0GM,prim,15-2,15.0,2000.0,0,6971.801249978691
A2UJ9GDNVPX99C,prim,15-2,15.0,2000.0,0,5074.595833333334
A2UYZFH5VT5R3H,rec,15-2,15.0,2000.0,0,5417.285625000919
A2Y8LZS5C81O25,prim,15-2,15.0,2000.0,0,5298.829166666666
A30NL5N71G2YAU,ns,15-2,15.0,2000.0,0,5172.151666561763
A310Y949ILSN3P,prim,15-2,15.0,2000.0,0,3350.6041666666665
A31P78W9ZCQXCS,ns,15-2,15.0,2000.0,0,4548.65
A347RDI3HZOUCY,prim,15-2,15.0,2000.0,0,2835.8416666666667
A34HQHGLIW1FYS,ns,15-2,15.0,2000.0,0,7839.491369040771
A34IPEKX5WXJIN,prim,15-2,15.0,2000.0,0,3430.3863636363635
A34YNEN8UUI3CD,ns,15-2,15.0,2000.0,0,4792.639583333395
A35VI4SE31HD17,prim,15-2,15.0,2000.0,0,6737.098333330313
A36S0DI86PL4J6,prim,15-2,15.0,2000.0,0,5918.016666666666
A384KX8MUIJSTJ,ns,15-2,15.0,2000.0,0,6622.101875007153
A38DHLB88V8DL8,rec,15-2,15.0,2000.0,0,4621.9645833186805
A3AWQ3AACIPXM2,ns,15-2,15.0,2000.0,0,3966.5
A3BA2WMGN6KHUU,ns,15-2,15.0,2000.0,0,4579.194166650809
A3BN69Q9D7RQGR,ns,15-2,15.0,2000.0,0,5475.4375
A3C25IBTLB60RQ,prim,15-2,15.0,2000.0,0,2613.483333190282
A3FOKP72T5I4FR,ns,15-2,15.0,2000.0,0,2752.785714319774
A3HBB9JT9WVZS4,ns,15-2,15.0,2000.0,0,3647.316666662693
A3HOPYBWSR1TWR,prim,15-2,15.0,2000.0,0,4125.276785714286
A3IBDJ12CRTQQN,prim,15-2,15.0,2000.0,0,4558.325
A3IHTJXHWPQ2JR,rec,15-2,15.0,2000.0,0,7414.1375
A3MWLHSW9B9RHU,prim,15-2,15.0,2000.0,0,3905.2333333243923
A3ORKXM3WG8QJ9,prim,15-2,15.0,2000.0,0,4951.25
A3P52W1SBJUT5N,ns,15-2,15.0,2000.0,0,6739.166666666667
A3U27ZHUGOPIAN,prim,15-2,15.0,2000.0,0,4566.183333333333
A3UA50A6GKNAMR,prim,15-2,15.0,2000.0,0,7853.784523809523
A3UE8ANAIM7F15,ns,15-2,15.0,2000.0,0,9136.269097230856
A3UGB3B1S74HR9,prim,15-2,15.0,2000.0,0,5708.944375006606
A3UUW04QL49RSC,prim,15-2,15.0,2000.0,0,5340.258333333333
A6HDSE80LQPR8,rec,15-2,15.0,2000.0,0,11297.5
AAOOH6P4HHSCS,prim,15-2,15.0,2000.0,0,3896.046527792596
ADGJXUEMPLTMS,prim,15-2,15.0,2000.0,0,6625.180681857557
AEF1G6YE8RIB8,prim,15-2,15.0,2000.0,0,6108.354880951097
AERGHZBQFT309,ns,15-2,15.0,2000.0,0,17054.467272714595
AESZJEZTZEW01,ns,15-2,15.0,2000.0,0,3276.0999999841056
AEX1I7K7OVHHC,rec,15-2,15.0,2000.0,0,4051.8333333333335
AEXRVIK8SKB4V,prim,15-2,15.0,2000.0,0,4640.0833332056645
AF0W4ZBY7VXOU,rec,15-2,15.0,2000.0,0,10596.266964280047
AFZGUWYLC0NG0,ns,15-2,15.0,2000.0,0,4642.183333357175
AGANKP4PUZ4NC,prim,15-2,15.0,2000.0,0,4301.563636367971
AHY3YAYJLTW32,rec,15-2,15.0,2000.0,0,16487.3125
AL9SYQEUTNJXT,prim,15-2,15.0,2000.0,0,5156.670000006259
ALDQRWYZ8KQ9A,rec,15-2,15.0,2000.0,0,18619.71111111198
AM65LGXJBTJ0I,ns,15-2,15.0,2000.0,0,2221.5872023808106
AOIR8V07FYMH5,rec,15-2,15.0,2000.0,0,4814.876931825668
AR0VJ5XRG16UJ,rec,15-2,15.0,2000.0,0,4357.7
AU5UJIZ3TLI5M,rec,15-2,15.0,2000.0,0,3814.103333333678
AW2UVK63OLFW,ns,15-2,15.0,2000.0,0,3742.848809555173
AW5O1RK3W60FC,rec,15-2,15.0,2000.0,0,10419.46875000331
AWRY5SC68T0DC,prim,15-2,15.0,2000.0,0,3626.2086309523806
AWTCGY2CL1T68,prim,15-2,15.0,2000.0,0,3934.109523809524
AXSBX0MCQNG3A,prim,15-2,15.0,2000.0,0,3619.2083333333335
A14WLAP6TCEKO0,rec,30-1,30.0,1000.0,0,5372.213492043612
A15V9BXNJXZXZX,ns,30-1,30.0,1000.0,0,3672.375000000058
A16335MOISDG1F,rec,30-1,30.0,1000.0,0,9343.707500000033
A17FJLW818UEQU,rec,30-1,30.0,1000.0,0,4448.990740740741
A186PT9ZLO5EJD,prim,30-1,30.0,1000.0,0,4205.414285714871
A1AS1H21O9896X,ns,30-1,30.0,1000.0,0,6992.1952381038245
A1AYTKAQT201ZV,prim,30-1,30.0,1000.0,0,4929.378968253968
A1EII5EWOTBDK9,rec,30-1,30.0,1000.0,0,7742.486363636363
A1F9KLZGHE9DTA,rec,30-1,30.0,1000.0,0,2689.3541666607684
A1IGKJ200N82S9,rec,30-1,30.0,1000.0,0,4587.073051948052
A1KGUJMWDCPSYG,rec,30-1,30.0,1000.0,0,4537.416666666666
A1M1E62KXCDNL0,ns,30-1,30.0,1000.0,0,4848.6084027903835
A1MG8KNVSVZ365,prim,30-1,30.0,1000.0,0,6378.101190476191
A1MKEILXWWLBW2,rec,30-1,30.0,1000.0,0,2876.3000000001243
A1O67YS3DU0ZHX,rec,30-1,30.0,1000.0,0,9232.744191919192
A1Q0G8JA5EZ8EI,rec,30-1,30.0,1000.0,0,7338.7166666885205
A1SLJKNSNHOJRN,rec,30-1,30.0,1000.0,0,7027.384375002235
A1T2P6E67251U5,prim,30-1,30.0,1000.0,0,3286.5999999940395
A1U4WS9KJMADV,rec,30-1,30.0,1000.0,0,6985.596644946071
A1X4T3QSIE8YYX,prim,30-1,30.0,1000.0,0,6447.875
A225J5T6WHO2MG,prim,30-1,30.0,1000.0,0,6436.5
A23KDD6OPM4NJ0,prim,30-1,30.0,1000.0,0,3393.7055555317143
A25Y3D2Y2DR8WM,prim,30-1,30.0,1000.0,0,5439.438194444444
A26XKTGGGYBI4J,prim,30-1,30.0,1000.0,0,6026.7375
A28OD52SMLYQ16,rec,30-1,30.0,1000.0,0,6825.666666666667
A28TA25NJGLL3Y,prim,30-1,30.0,1000.0,0,4569.03125
A28ZPY6D5AS7GZ,ns,30-1,30.0,1000.0,0,2017.1483333328117
A2ASRB2MTHDHPD,prim,30-1,30.0,1000.0,0,3104.900000002235
A2BUHMLNE3LUU0,ns,30-1,30.0,1000.0,0,10422.811919191607
A2E2SLXF4KQ3S1,prim,30-1,30.0,1000.0,0,2945.3999996185303
A2FJIZUHR6E4EZ,prim,30-1,30.0,1000.0,0,4463.917142865062
A2G2T6EMXAOKMS,rec,30-1,30.0,1000.0,0,15328.886580094726
A2GRA6N98ZPIQ1,prim,30-1,30.0,1000.0,0,2730.125
A2IKLJWU2OJ1YX,prim,30-1,30.0,1000.0,0,4266.174639252045
A2K5AXCSY703CU,ns,30-1,30.0,1000.0,0,6111.974747474746
A2MV1R6YYOIO30,prim,30-1,30.0,1000.0,0,4200.310052883846
A2NU82V08QSPCC,prim,30-1,30.0,1000.0,0,4524.025454526959
A2NY0VWEWDULC6,rec,30-1,30.0,1000.0,0,5109.428214322723
A2OFVEA8BEJDZN,ns,30-1,30.0,1000.0,0,7061.132222252422
A2P83PY6P7ECM5,ns,30-1,30.0,1000.0,0,3804.2050000011923
A2PUL3ZDXOW0VZ,rec,30-1,30.0,1000.0,0,16292.709034089406
A2ROI30AQITC3V,ns,30-1,30.0,1000.0,0,7379.61638888518
A2VZN8J53Y5WYR,prim,30-1,30.0,1000.0,0,3494.405555566152
A2XMRJKCNKLL4E,ns,30-1,30.0,1000.0,0,3819.2470535559314
A2Y0VM8BAF0RMT,ns,30-1,30.0,1000.0,0,3628.8500000000004
A2ZGAH6NOSU2PO,rec,30-1,30.0,1000.0,0,14036.038750010728
A30DHHAL100LZR,ns,30-1,30.0,1000.0,0,6106.214285714286
A31SZFE8M7YK0S,ns,30-1,30.0,1000.0,0,4807.734523809523
A34DYM8J0X5VK,rec,30-1,30.0,1000.0,0,11604.92272729071
A36IB78C6MVA3,prim,30-1,30.0,1000.0,0,3302.95
A389Y151TAJ4XG,ns,30-1,30.0,1000.0,0,3038.5205555240314
A3AY0315YWWNXY,rec,30-1,30.0,1000.0,0,4005.0000000298023
A3EUH97BRHRSI6,rec,30-1,30.0,1000.0,0,8353.4375
A3I97794CB5SUO,rec,30-1,30.0,1000.0,0,14287.156565656565
A3RVHUY67SVXQV,ns,30-1,30.0,1000.0,0,2521.0
A3TX84QHD321M7,prim,30-1,30.0,1000.0,0,4407.5
A3UCN8EJI08X2P,ns,30-1,30.0,1000.0,0,4634.239898989899
A3UQ5DF8VVD975,rec,30-1,30.0,1000.0,0,11317.780793676111
A3V71NT2X4HD1I,prim,30-1,30.0,1000.0,0,5221.888888888889
A51TGVVYJF7T0,prim,30-1,30.0,1000.0,0,6521.21387987013
A7USTT4KU1ZBO,ns,30-1,30.0,1000.0,0,5543.341666676104
AB5WBMZGLX57B,ns,30-1,30.0,1000.0,0,4684.416666666667
ACBROX4H8BSW3,rec,30-1,30.0,1000.0,0,14762.257142863156
ADJ9I7ZBFYFH7,rec,30-1,30.0,1000.0,0,12763.099444448286
AGILQEFEPEK7N,ns,30-1,30.0,1000.0,0,4101.404761910675
AH7HACNNRSIPO,ns,30-1,30.0,1000.0,0,2801.021548819863
AIDU49N2KO05N,ns,30-1,30.0,1000.0,0,5270.159166674564
AJUVX0E4OPTAO,prim,30-1,30.0,1000.0,0,4899.094913419914
AK3GAHRZ6M6WM,rec,30-1,30.0,1000.0,0,5110.441666692495
AKE4AYF86KJVU,rec,30-1,30.0,1000.0,0,4237.474464287662
AKNBC1TE88NDO,rec,30-1,30.0,1000.0,0,9744.913333338498
AKX4H8RT7BL7H,rec,30-1,30.0,1000.0,0,12578.042129623116
AOYDGVOZUIHII,prim,30-1,30.0,1000.0,0,3649.3279762019715
AP4B1GJIT3HYF,ns,30-1,30.0,1000.0,0,7412.575
AXFH1DT8PR0K2,prim,30-1,30.0,1000.0,0,2654.9361111429002
AXFP50XOZD2NI,rec,30-1,30.0,1000.0,0,5148.1238095238095
A12LX24NC3FP2U,ns,20-2,20.0,2000.0,0,7057.711111111774
A161VPQSXLLV8U,ns,20-2,20.0,2000.0,0,5785.898035716069
A166P9BSWIFF32,prim,20-2,20.0,2000.0,0,2727.5238095238096
A17IPELR5NC2LZ,prim,20-2,20.0,2000.0,0,3625.6875
A17TMQWTCJVOV5,rec,20-2,20.0,2000.0,0,4999.416666666666
A1CB9NR3SN4VMY,prim,20-2,20.0,2000.0,0,3961.6432359331625
A1FM638CHGPC1M,ns,20-2,20.0,2000.0,0,3375.095208337593
A1HENLDLQEO5BZ,prim,20-2,20.0,2000.0,0,2027.766666650772
A1J39RAV7TKEMF,ns,20-2,20.0,2000.0,0,6262.766666730245
A1JL3HCA0MK9UI,prim,20-2,20.0,2000.0,0,5142.439999771118
A1L5A88C9PPK5L,prim,20-2,20.0,2000.0,0,5225.946428571428
A1LA6CIGBNDOH9,rec,20-2,20.0,2000.0,0,14359.16046627001
A1MD74JPL7E9PK,prim,20-2,20.0,2000.0,0,6439.746018565584
A1O0K8V58YRL4A,ns,20-2,20.0,2000.0,0,4469.61111111111
A1PTX4IB9R34LI,rec,20-2,20.0,2000.0,0,
A1S2EXYEG5I8HW,rec,20-2,20.0,2000.0,0,6841.277777777778
A1SJLXB0XFCJ97,prim,20-2,20.0,2000.0,0,4307.583333333333
A1TPGXT718D68E,rec,20-2,20.0,2000.0,0,12382.882083335488
A1TVWMWE03AWAW,rec,20-2,20.0,2000.0,0,9092.1875
A1VEOI1H4AE1T3,prim,20-2,20.0,2000.0,0,2759.9000000059605
A1WT2CM71Z9MP3,prim,20-2,20.0,2000.0,0,7425.475
A20YXCVKHSTSPC,prim,20-2,20.0,2000.0,0,
A2147HO7VBGJCU,prim,20-2,20.0,2000.0,0,4030.5
A248QG4DPULP46,ns,20-2,20.0,2000.0,0,8923.220833327621
A25S9Y5DZ9OR16,prim,20-2,20.0,2000.0,0,2458.5416666666665
A25VK411P03A5T,rec,20-2,20.0,2000.0,0,3100.3333333333335
A289D98Z4GAZ28,prim,20-2,20.0,2000.0,0,5546.778611110902
A2BTEQA95MCIHU,prim,20-2,20.0,2000.0,0,6973.383333630031
A2E8PL8ZWIZVJ0,prim,20-2,20.0,2000.0,0,4529.776785736993
A2I6HVUDBTGD1,prim,20-2,20.0,2000.0,0,5073.779761969097
A2KHR0GTA0DBWI,rec,20-2,20.0,2000.0,0,6768.333080808081
A2KT30RCVX67ZS,prim,20-2,20.0,2000.0,0,4093.9392857251423
A2MMGDAA7JJKIE,prim,20-2,20.0,2000.0,0,6191.384523806118
A2MOKIEQZ0OF2M,prim,20-2,20.0,2000.0,0,4530.506349205631
A2NZ783AY1LBPW,prim,20-2,20.0,2000.0,0,5378.530625003204
A2NZAL7KHOR6VF,rec,20-2,20.0,2000.0,0,12472.828333336405
A2OOS7IXSKJFFI,ns,20-2,20.0,2000.0,0,3660.3799999237062
A2P2YEHX1FXD20,rec,20-2,20.0,2000.0,0,4343.694444444444
A2QHI85LQPJZYP,prim,20-2,20.0,2000.0,0,4302.351190476191
A2SSY7MHPDQVUS,prim,20-2,20.0,2000.0,0,2428.318181812763
A2UX2W49R55PH4,prim,20-2,20.0,2000.0,0,5934.777777777777
A2VIKCIM9TZL22,rec,20-2,20.0,2000.0,0,14370.636111109125
A2XGHLVP2C1FVA,ns,20-2,20.0,2000.0,0,6886.593749997872
A2XVLOZY7FJCC2,rec,20-2,20.0,2000.0,0,8412.977171722325
A2ZVBFH732LYXQ,prim,20-2,20.0,2000.0,0,5217.5604166664025
A304UJAE051J89,rec,20-2,20.0,2000.0,0,3887.4403030525104
A312HQ3OU0EYTB,rec,20-2,20.0,2000.0,0,12919.383333333333
A35S8HPY0V445,ns,20-2,20.0,2000.0,0,7022.019128787924
A37GOI3N77WX21,ns,20-2,20.0,2000.0,0,2863.1978535342378
A389UA2GRCJ6,prim,20-2,20.0,2000.0,0,5659.983333333334
A3A7XOKH39SYOI,prim,20-2,20.0,2000.0,0,2918.915833300636
A3B0CMCBWAND7,rec,20-2,20.0,2000.0,0,8606.763844691595
A3C4WGE4SOGM1,ns,20-2,20.0,2000.0,0,4913.4335714919225
A3CKVVGWBS4NGU,prim,20-2,20.0,2000.0,0,3546.435119025764
A3GDVKIN7ZGUG9,rec,20-2,20.0,2000.0,0,8210.107142857143
A3HE29W5IDR394,rec,20-2,20.0,2000.0,0,11776.058333333332
A3I1SGVY37KR4A,ns,20-2,20.0,2000.0,0,8552.25
A3J5HRXH4F64SP,ns,20-2,20.0,2000.0,0,
A3LVLZS8S41ZD7,rec,20-2,20.0,2000.0,0,10590.3125
A3LXARU55PR281,ns,20-2,20.0,2000.0,0,3989.482142857143
A3TR3KIRG5PCZ8,prim,20-2,20.0,2000.0,0,3623.3975378787877
A3U2A632YWEX7B,prim,20-2,20.0,2000.0,0,4956.989166609446
A3U69MNO1JC7V4,rec,20-2,20.0,2000.0,0,5887.5625
A3UMHUWJKRGKNR,rec,20-2,20.0,2000.0,0,8070.197123008411
A3VW5PI9ZX9DOD,ns,20-2,20.0,2000.0,0,4346.400000023842
A4HWADFPGP45G,ns,20-2,20.0,2000.0,0,7185.374107140516
AFRKVRPZ2RHY8,rec,20-2,20.0,2000.0,0,11138.715000015498
AHZCC2V399WUN,ns,20-2,20.0,2000.0,0,3621.552083396249
AJABAPM32ETMN,rec,20-2,20.0,2000.0,0,5113.287878787879
AK1EF4NACR1UJ,prim,20-2,20.0,2000.0,0,3856.2685416599115
AKIT35WR8HEQ3,prim,20-2,20.0,2000.0,0,7233.538958337298
AP9WIQ4P78XLH,rec,20-2,20.0,2000.0,0,11686.587152777312
AR9AU5FY1S3RO,rec,20-2,20.0,2000.0,0,6439.993571426258
AXCDKBG1R43GE,ns,20-2,20.0,2000.0,0,5218.490386910335
A102WSFN62OS6I,ns,40-1,40.0,1000.0,0,5217.319805194805
A13WTEQ06V3B6D,rec,40-1,40.0,1000.0,0,1901.183333337307
A178HXQENEAI65,rec,40-1,40.0,1000.0,0,3647.014944047359
A1BLHM2IDH7DH4,prim,40-1,40.0,1000.0,0,4644.836309523809
A1DJB12ZI46GPX,prim,40-1,40.0,1000.0,0,4559.613888888889
A1DZMZTXWOM9MR,rec,40-1,40.0,1000.0,0,13403.962500000373
A1EU59VMI8GL4K,rec,40-1,40.0,1000.0,0,5452.67904040404
A1F0VEHWK3IAF4,ns,40-1,40.0,1000.0,0,6954.850000046194
A1HGWCCIWP7AO0,ns,40-1,40.0,1000.0,0,5259.617710376829
A1IL5P5H5VRW0D,prim,40-1,40.0,1000.0,0,5091.925833320866
A1J5OW12TRQSOW,ns,40-1,40.0,1000.0,0,7952.604090925239
A1KCSGTT6Y26LH,prim,40-1,40.0,1000.0,0,3387.1979166666665
A1RQ8PX7A0CH3C,rec,40-1,40.0,1000.0,0,4291.852083333333
A1RY1N37JYUHBU,prim,40-1,40.0,1000.0,0,4683.667777805858
A1S54RQW9FDK0X,ns,40-1,40.0,1000.0,0,4708.653273809524
A1TG34GJ1WTN0C,prim,40-1,40.0,1000.0,0,6357.366666697794
A1UH6A625GF5MD,prim,40-1,40.0,1000.0,0,4231.975
A1VHK9OFD7H8ZH,rec,40-1,40.0,1000.0,0,3570.9708333333333
A1ZLLYRW6GIVC7,rec,40-1,40.0,1000.0,0,13402.099999999007
A20GJP9C5KC2ZU,ns,40-1,40.0,1000.0,0,5654.174999880791
A23W5HVE02LM0E,prim,40-1,40.0,1000.0,0,3857.627500003576
A2541C8MY0BYV3,rec,40-1,40.0,1000.0,0,6917.616666667536
A271830PNYAI2G,rec,40-1,40.0,1000.0,0,6452.962499999441
A29JQ7VMQ1HKYP,ns,40-1,40.0,1000.0,0,6500.96597223315
A2GUPBBFPPSXYR,prim,40-1,40.0,1000.0,0,6036.035037878788
A2HRUFTA09371Y,rec,40-1,40.0,1000.0,0,7866.958889155918
A2IK3H6MQ1QV6E,rec,40-1,40.0,1000.0,0,6613.98560603261
A2L7RTYO4UMYDH,ns,40-1,40.0,1000.0,0,5604.982142857143
A2LI1OIR4BVJRW,prim,40-1,40.0,1000.0,0,4479.746774908372
A2NEFRREWF33YP,rec,40-1,40.0,1000.0,0,7364.224318183598
A2P8V5SKYLL5I4,rec,40-1,40.0,1000.0,0,7432.986111117734
A2PSU15S8ZI3V5,prim,40-1,40.0,1000.0,0,4567.761704549103
A2QUSCZS3RXGXE,ns,40-1,40.0,1000.0,0,2253.027976154507
A2TUYGXQ15U6GO,prim,40-1,40.0,1000.0,0,5201.994047619048
A2UEVNT8VQD1SA,ns,40-1,40.0,1000.0,0,7264.16541666581
A2VR9O234UCT9T,rec,40-1,40.0,1000.0,0,5857.264166665784
A2WCPERU8X385N,prim,40-1,40.0,1000.0,0,5463.367499971389
A33GZS6SU4O20M,ns,40-1,40.0,1000.0,0,4752.055357142857
A38I0E8UK53ME5,rec,40-1,40.0,1000.0,0,10000.391666666668
A3BZH91MITQA5X,ns,40-1,40.0,1000.0,0,7116.646349220427
A3NX66U9RAY2GQ,prim,40-1,40.0,1000.0,0,3319.5226190476187
A3O40YLW6MYU8C,prim,40-1,40.0,1000.0,0,5459.868055555556
A3S2AUQWI7XWT4,prim,40-1,40.0,1000.0,0,3838.5125
A3SA9LY6RXKFOI,prim,40-1,40.0,1000.0,0,8706.083333333334
A3SLT6KVF0NXPH,prim,40-1,40.0,1000.0,0,4986.945535714286
A3TNSJSXI464IT,ns,40-1,40.0,1000.0,0,4820.00249999892
A3TUJBPLJGTI5,rec,40-1,40.0,1000.0,0,2123.0
A3VL1CBZ3BGQK7,ns,40-1,40.0,1000.0,0,8067.945833323523
A47VA451RDBV3,prim,40-1,40.0,1000.0,0,3556.432539664327
A92KVBM20ZTU4,rec,40-1,40.0,1000.0,0,4811.7340067275845
AAF1SJ9FCBF75,rec,40-1,40.0,1000.0,0,8408.757638888888
AAVFHZA708CSP,ns,40-1,40.0,1000.0,0,4567.825
ADL9KYXZGHUFO,ns,40-1,40.0,1000.0,0,5219.166666666667
AFLRBB974KS6D,ns,40-1,40.0,1000.0,0,4335.007777648502
AGB6853RIDWJ8,ns,40-1,40.0,1000.0,0,5437.491851879932
AGLFNO1XKM8O8,rec,40-1,40.0,1000.0,0,5777.0541666504
AH2C0LKV36ATT,prim,40-1,40.0,1000.0,0,4364.827380952381
AKJN72HW14WTR,rec,40-1,40.0,1000.0,0,10743.583333333334
AMIQGW2E3WYO4,rec,40-1,40.0,1000.0,0,9980.4
ANCTZADQC3D75,ns,40-1,40.0,1000.0,0,4587.315277777778
AOQKJGXZ8QQD0,prim,40-1,40.0,1000.0,0,6167.2658333269255
AP3BTOBN8Y9EJ,rec,40-1,40.0,1000.0,0,10536.882053593547
AQSYWZJVVMCGJ,prim,40-1,40.0,1000.0,0,3754.804166666667
AR1IWBDA7MC86,rec,40-1,40.0,1000.0,0,11485.777500002087
AR3MFFPQ39IXF,rec,40-1,40.0,1000.0,0,8686.731212130098
ARL0T0MU9A65G,prim,40-1,40.0,1000.0,0,5164.895454545454
ASVRLMDNQBUD9,rec,40-1,40.0,1000.0,0,28651.3750000149
ATRRW34VN38IX,rec,40-1,40.0,1000.0,0,7652.044999980927
AVSVIOR38JDM6,prim,40-1,40.0,1000.0,0,3803.7000000476837
AW0MG225VXWCN,rec,40-1,40.0,1000.0,0,12816.92053570492
AW4PTI9P13WUB,prim,40-1,40.0,1000.0,0,4970.134821406433
AXFCUZW85XUK1,ns,40-1,40.0,1000.0,0,3618.3708333392005
AYF9WH3AQIT86,prim,40-1,40.0,1000.0,0,5987.387500107288
