subject,strategy,condition,l_length,pres_rate,ln_39,ln_38,ln_37,ln_36,ln_35,ln_34,ln_33,ln_32,ln_31,ln_30,ln_29,ln_28,ln_27,ln_26,ln_25,ln_24,ln_23,ln_22,ln_21,ln_20,ln_19,ln_18,ln_17,ln_16,ln_15,ln_14,ln_13,ln_12,ln_11,ln_10,ln_9,ln_8,ln_7,ln_6,ln_5,ln_4,ln_3,ln_2,ln_1,lp_1,lp_2,lp_3,lp_4,lp_5,lp_6,lp_7,lp_8,lp_9,lp_10,lp_11,lp_12,lp_13,lp_14,lp_15,lp_16,lp_17,lp_18,lp_19,lp_20,lp_21,lp_22,lp_23,lp_24,lp_25,lp_26,lp_27,lp_28,lp_29,lp_30,lp_31,lp_32,lp_33,lp_34,lp_35,lp_36,lp_37,lp_38,lp_39
A10HW8JXM17XLD,rec,10-2,10.0,2000.0,,,,,,,,,,,,,,,,,,,,,,,,,,,,,,,0.04772727272727273,0.046875,0.08606907894736843,0.11095633585646202,0.06925411190117073,0.0722900017338945,0.1088142804291528,0.14138025343690822,0.27700786711371156,0.24534313725490195,0.21029646126185025,0.2785579004329004,0.2348373440285205,0.13055555555555554,0.1388888888888889,0.047619047619047616,0.0,0.0,,,,,,,,,,,,,,,,,,,,,,,,,,,,,,
A12K1ADYMRSWMJ,prim,10-2,10.0,2000.0,,,,,,,,,,,,,,,,,,,,,,,,,,,,,,,0.0,0.0,0.0,0.05,0.0,0.019230769230769232,0.0,0.020833333333333332,0.03229166666666666,0.8884011519881085,0.09715447154471545,0.005813953488372093,0.022727272727272728,0.0,0.0,0.0,0.0,0.0,,,,,,,,,,,,,,,,,,,,,,,,,,,,,,
A14E4ISXVJVY6F,prim,10-2,10.0,2000.0,,,,,,,,,,,,,,,,,,,,,,,,,,,,,,,0.0,0.0,0.08333333333333333,0.0,0.0,0.0,0.0,0.0,0.0,0.9965277777777778,0.0038461538461538464,0.0,0.0,0.0,0.0,0.0,0.0,0.0,,,,,,,,,,,,,,,,,,,,,,,,,,,,,,
A169XTOCOMO1MV,ns,10-2,10.0,2000.0,,,,,,,,,,,,,,,,,,,,,,,,,,,,,,,0.19444444444444442,0.07142857142857142,0.020833333333333332,0.020833333333333332,0.016666666666666666,0.02606951871657754,0.011363636363636364,0.16362314156431804,0.23928571428571427,0.4884326018808778,0.27870933414411675,0.06583333333333333,0.02857142857142857,0.0,0.0,0.0,0.05,0.08333333333333333,,,,,,,,,,,,,,,,,,,,,,,,,,,,,,
A18NXRDHQ0ZSOY,ns,10-2,10.0,2000.0,,,,,,,,,,,,,,,,,,,,,,,,,,,,,,,0.0,0.0,0.05277777777777778,0.05,0.10826648841354723,0.1286967418546366,0.10339912280701755,0.18305152979066022,0.2819525904203324,0.4014117826617827,0.20113007703081232,0.060892172961138476,0.05062134502923976,0.08697755417956657,0.0,0.022727272727272728,0.11904761904761904,0.0625,,,,,,,,,,,,,,,,,,,,,,,,,,,,,,
A1969Q0R4Y0E3J,rec,10-2,10.0,2000.0,,,,,,,,,,,,,,,,,,,,,,,,,,,,,,,0.025,0.044407894736842105,0.07631578947368421,0.12259615384615385,0.13036434331797236,0.09515432967445352,0.06271986271986271,0.12495196245196244,0.14351673101673101,0.37533783783783786,0.22052611367127495,0.13982776482776482,0.15058479532163743,0.175,0.17083333333333334,0.03125,0.1111111111111111,0.0,,,,,,,,,,,,,,,,,,,,,,,,,,,,,,
A1AKL5YH9NLD2V,ns,10-2,10.0,2000.0,,,,,,,,,,,,,,,,,,,,,,,,,,,,,,,0.4215909090909091,0.037500000000000006,0.07446827366182204,0.03978996231271256,0.05150462962962963,0.02733554014291719,0.03663891163891164,0.055318813131313135,0.13354166666666667,0.8331759906759907,0.1369619883640861,0.06274261234481553,0.010416666666666666,0.041666666666666664,0.05555555555555555,0.3333333333333333,0.0,0.0,,,,,,,,,,,,,,,,,,,,,,,,,,,,,,
A1ARWNTZHGFG8Y,prim,10-2,10.0,2000.0,,,,,,,,,,,,,,,,,,,,,,,,,,,,,,,0.0,0.0,0.05,0.14087301587301587,0.027777777777777776,0.06902356902356901,0.13536395074224022,0.09257305194805195,0.115625,0.46014884262937655,0.230802701197438,0.09325396825396826,0.06960227272727273,0.03333333333333333,0.0,0.017857142857142856,0.041666666666666664,0.0,,,,,,,,,,,,,,,,,,,,,,,,,,,,,,
A1F0R1MSPTXHHV,ns,10-2,10.0,2000.0,,,,,,,,,,,,,,,,,,,,,,,,,,,,,,,0.5,0.0,0.05555555555555555,0.09027777777777778,0.0,0.0,0.09027777777777778,0.10876623376623376,0.08869047619047618,0.34656593406593406,0.18092463092463093,0.14365079365079364,0.09607843137254901,0.09027777777777778,0.0,0.0,0.0,0.0,,,,,,,,,,,,,,,,,,,,,,,,,,,,,,
A1GRPIBHW72HDU,rec,10-2,10.0,2000.0,,,,,,,,,,,,,,,,,,,,,,,,,,,,,,,0.022727272727272728,0.04261363636363637,0.046919473434535106,0.08428362573099416,0.06448439095717048,0.1025311331327586,0.07406794277994885,0.21247855917667238,0.33631431204960616,0.3968531468531469,0.19873708280966346,0.13947144075021312,0.24816849816849818,0.10512820512820513,0.03571428571428571,0.25,0.0,0.0,,,,,,,,,,,,,,,,,,,,,,,,,,,,,,
A1I9RLJQ0BYN21,prim,10-2,10.0,2000.0,,,,,,,,,,,,,,,,,,,,,,,,,,,,,,,0.25,0.25,0.0,0.07142857142857142,0.0,0.0,0.0,0.06666666666666667,0.10869565217391304,0.5226550079491257,0.24891774891774893,0.14583333333333331,0.037037037037037035,0.042727272727272725,0.0,0.0,0.0625,0.0,,,,,,,,,,,,,,,,,,,,,,,,,,,,,,
A1NG504QI5LI62,prim,10-2,10.0,2000.0,,,,,,,,,,,,,,,,,,,,,,,,,,,,,,,,0.0,0.0,0.0,0.0,0.0,0.0,0.0,0.0,0.9061451014832163,0.10208964458477195,0.005555555555555556,0.0,0.0,0.0,0.0,0.0,0.0,,,,,,,,,,,,,,,,,,,,,,,,,,,,,,
A1NQ2A0UDW719R,prim,10-2,10.0,2000.0,,,,,,,,,,,,,,,,,,,,,,,,,,,,,,,0.0,0.0,0.0,0.0,0.0625,0.0,0.0,0.0,0.022727272727272728,0.7027205531041848,0.30198412698412697,0.019230769230769232,0.025,0.0,0.0,0.0,0.0,0.0,,,,,,,,,,,,,,,,,,,,,,,,,,,,,,
A1P00XZZG7EEEM,prim,10-2,10.0,2000.0,,,,,,,,,,,,,,,,,,,,,,,,,,,,,,,,0.0,0.0,0.0,0.0,0.1,0.0,0.045454545454545456,0.0,0.597985347985348,0.319078947368421,0.027777777777777776,0.06274509803921569,0.03571428571428571,0.0,0.0,0.0,0.0,,,,,,,,,,,,,,,,,,,,,,,,,,,,,,
A1RFDB2WUV7QRO,ns,10-2,10.0,2000.0,,,,,,,,,,,,,,,,,,,,,,,,,,,,,,,0.25,0.08333333333333333,0.022727272727272728,0.08166666666666667,0.10989010989010989,0.09523809523809523,0.029411764705882353,0.14784946236559138,0.165,0.5480392156862746,0.12857142857142856,0.11375,0.06628787878787878,0.07173913043478261,0.125,0.03125,0.16666666666666666,0.0,,,,,,,,,,,,,,,,,,,,,,,,,,,,,,
A1V2H0UF94ATWY,ns,10-2,10.0,2000.0,,,,,,,,,,,,,,,,,,,,,,,,,,,,,,,0.12916666666666665,0.023809523809523808,0.027554771001595976,0.05849967614673497,0.04551284252991282,0.07220681773007355,0.11039256130431924,0.0804333934374257,0.22707792207792207,0.6380860974610975,0.17812151616499441,0.16160714285714287,0.1,0.3125,0.041666666666666664,0.1111111111111111,0.0,,,,,,,,,,,,,,,,,,,,,,,,,,,,,,,
A1W7T8V97ZPUH0,ns,10-2,10.0,2000.0,,,,,,,,,,,,,,,,,,,,,,,,,,,,,,,0.0,0.10416666666666666,0.05555555555555555,0.10714285714285714,0.06944444444444445,0.12398018648018648,0.09523809523809523,0.09444444444444444,0.1028409090909091,0.468230076293777,0.1778799903799904,0.0732142857142857,0.09457236842105263,0.0796783625730994,0.017857142857142856,0.0,0.09027777777777778,0.0,,,,,,,,,,,,,,,,,,,,,,,,,,,,,,
A1WJIRT360P5VB,rec,10-2,10.0,2000.0,,,,,,,,,,,,,,,,,,,,,,,,,,,,,,,0.0,0.0,0.007575757575757576,0.03941666411332741,0.04013861518420789,0.07502291650752425,0.16352058578456552,0.14565972222222223,0.36054421768707484,0.7943181818181818,0.09126984126984126,0.06666666666666667,0.0625,0.0,0.0,,0.0,,,,,,,,,,,,,,,,,,,,,,,,,,,,,,,
A1WPGNK8Y65BV3,ns,10-2,10.0,2000.0,,,,,,,,,,,,,,,,,,,,,,,,,,,,,,,0.08333333333333333,0.06796536796536796,0.1354557207498384,0.12600267379679145,0.06040903540903541,0.07140350877192983,0.06367102396514161,0.1237972642637957,0.20146107646107647,0.48289634146341465,0.2341887978060953,0.09233080328905756,0.08311315121659948,0.07354070660522273,0.051666666666666666,0.038461538461538464,0.05555555555555556,0.06666666666666667,,,,,,,,,,,,,,,,,,,,,,,,,,,,,,
A1XMGLCK09Z0DW,ns,10-2,10.0,2000.0,,,,,,,,,,,,,,,,,,,,,,,,,,,,,,,0.19444444444444442,0.4523809523809524,0.125,0.20384615384615384,0.2576884920634921,0.18190993788819876,0.1458994708994709,0.14554825761722312,0.11801470588235294,0.11202090592334495,0.2036792036792037,0.13328177141268077,0.20753536922015184,0.18658661847306013,0.1718954248366013,0.11199095022624435,0.048611111111111105,0.1875,,,,,,,,,,,,,,,,,,,,,,,,,,,,,,
A1YA2FCN3KEK36,prim,10-2,10.0,2000.0,,,,,,,,,,,,,,,,,,,,,,,,,,,,,,,,0.0,0.0,0.0,0.0,0.019230769230769232,0.013888888888888888,0.014705882352941176,0.02976190476190476,0.7473711965406318,0.2361352189321858,0.02734071484071484,0.0,0.009615384615384616,0.0,0.0,0.0,0.0,,,,,,,,,,,,,,,,,,,,,,,,,,,,,,
A20GD3EBBTBYY2,rec,10-2,10.0,2000.0,,,,,,,,,,,,,,,,,,,,,,,,,,,,,,,0.125,0.18023643023643024,0.09950657894736842,0.08524027459954234,0.022727272727272728,0.05208333333333333,0.09894407954752782,0.07664835164835165,0.22018716577540107,0.6133333811890225,0.17345028143822824,0.06020021645021645,0.03739316239316239,0.020833333333333332,0.0,0.0,0.0,0.0,,,,,,,,,,,,,,,,,,,,,,,,,,,,,,
A24BRTWG07T53Z,prim,10-2,10.0,2000.0,,,,,,,,,,,,,,,,,,,,,,,,,,,,,,,0.16666666666666666,0.08333333333333333,0.03571428571428571,0.0,0.019230769230769232,0.03333333333333333,0.06776403743315508,0.06787330316742082,0.17700026581605527,0.4317140296979007,0.23368298368298368,0.11782398635846912,0.11451298701298701,0.08854091751116923,0.05033390167661267,0.05915032679738562,0.054945054945054944,0.0,,,,,,,,,,,,,,,,,,,,,,,,,,,,,,
A27QXQ22F9ODSP,prim,10-2,10.0,2000.0,,,,,,,,,,,,,,,,,,,,,,,,,,,,,,,0.0,0.125,0.03125,0.08522727272727273,0.032388663967611336,0.10902777777777778,0.08703007518796993,0.11728778467908903,0.12154150197628458,0.6819923978460564,0.11001991751938696,0.09540343915343916,0.04791666666666666,0.026785714285714284,0.0,0.014705882352941176,0.027777777777777776,0.10416666666666666,,,,,,,,,,,,,,,,,,,,,,,,,,,,,,
A27T2Z568L69U1,prim,10-2,10.0,2000.0,,,,,,,,,,,,,,,,,,,,,,,,,,,,,,,0.5,0.08333333333333333,0.0,0.027777777777777776,0.017857142857142856,0.03835227272727273,0.011904761904761904,0.031746031746031744,0.010869565217391304,0.7575413640032285,0.16068943706514865,0.05752580752580753,0.02566701316701317,0.022770398481973434,0.0,0.027777777777777776,0.0,0.0,,,,,,,,,,,,,,,,,,,,,,,,,,,,,,
A282UM3NAIM0YO,ns,10-2,10.0,2000.0,,,,,,,,,,,,,,,,,,,,,,,,,,,,,,,0.0,0.09027777777777778,0.1837797619047619,0.11583646616541353,0.14113386613386614,0.12762254901960784,0.07006808980493191,0.15467980295566502,0.13274198568316214,0.3802191881394468,0.1616161616161616,0.20042815577207823,0.039705882352941174,0.07589469354175236,0.1392857142857143,0.08522727272727273,0.1,0.0,,,,,,,,,,,,,,,,,,,,,,,,,,,,,,
A2BREH6STESM0G,rec,10-2,10.0,2000.0,,,,,,,,,,,,,,,,,,,,,,,,,,,,,,,0.25,0.0625,0.045454545454545456,0.0,0.05601503759398496,0.021739130434782608,0.11516203703703703,0.1255377024291498,0.2930337206652996,0.29197184772275514,0.1509469696969697,0.10204562594268478,0.10512820512820513,0.05555555555555555,0.0625,0.0,0.0,0.0,,,,,,,,,,,,,,,,,,,,,,,,,,,,,,
A2FLBMZ38IZ2SQ,prim,10-2,10.0,2000.0,,,,,,,,,,,,,,,,,,,,,,,,,,,,,,,1.0,0.0,0.0,0.0,0.0,0.0,0.0,0.0,0.019230769230769232,0.8824810606060606,0.11052917913062225,0.006756756756756757,0.0078125,0.0,0.0,0.02631578947368421,0.0,0.0,,,,,,,,,,,,,,,,,,,,,,,,,,,,,,
A2FM1N5AOMVTGL,prim,10-2,10.0,2000.0,,,,,,,,,,,,,,,,,,,,,,,,,,,,,,,0.0,0.08333333333333333,0.0,0.0,0.0,0.022727272727272728,0.0,0.04259259259259259,0.2621703853955375,0.7003107444596807,0.061147186147186144,0.008620689655172414,0.0,0.0,0.0,0.0,0.047619047619047616,0.0,,,,,,,,,,,,,,,,,,,,,,,,,,,,,,
A2FYFCD16Z3PCC,rec,10-2,10.0,2000.0,,,,,,,,,,,,,,,,,,,,,,,,,,,,,,,0.32575757575757575,0.010416666666666666,0.05047559966914805,0.045940170940170943,0.051675266841026364,0.08337595907928388,0.08705533040639424,0.1288158062867365,0.3342838455296324,0.6839707530642724,0.13848078250252163,0.1712912087912088,0.14238721804511278,0.07417582417582418,0.08621933621933622,0.0,0.0,,,,,,,,,,,,,,,,,,,,,,,,,,,,,,,
A2H8PEGI28NKZD,ns,10-2,10.0,2000.0,,,,,,,,,,,,,,,,,,,,,,,,,,,,,,,0.12777777777777777,0.05,0.06439393939393939,0.038157894736842106,0.022281639928698752,0.06148809523809524,0.10835196779964222,0.08956653225806452,0.24059586247086248,0.6151247684428462,0.07658635224424698,0.13432459677419356,0.06306208159656436,0.046785714285714285,0.057608695652173914,0.18298319327731094,0.043560606060606064,0.03125,,,,,,,,,,,,,,,,,,,,,,,,,,,,,,
A2I6ZALE49CVSC,prim,10-2,10.0,2000.0,,,,,,,,,,,,,,,,,,,,,,,,,,,,,,,0.47222222222222215,0.05555555555555555,0.09375,0.0,0.13333333333333333,0.12142857142857143,0.07222222222222222,0.14012605042016807,0.21741053064582477,0.612473526977938,0.08838509169975421,0.033728239845261125,0.03818404004218491,0.05737811043428938,0.10269154870833046,0.03848020186335403,0.015625,0.0,,,,,,,,,,,,,,,,,,,,,,,,,,,,,,
A2KPEUCEE2M05G,prim,10-2,10.0,2000.0,,,,,,,,,,,,,,,,,,,,,,,,,,,,,,,0.0,0.325,0.0,0.041666666666666664,0.025,0.07034632034632035,0.08272727272727273,0.15948275862068967,0.16333333333333333,0.4111111111111111,0.18669985775248932,0.13794642857142858,0.1471861471861472,0.13864942528735633,0.047619047619047616,0.047619047619047616,0.06787330316742082,0.05555555555555555,,,,,,,,,,,,,,,,,,,,,,,,,,,,,,
A2LJ1FRUYGW469,ns,10-2,10.0,2000.0,,,,,,,,,,,,,,,,,,,,,,,,,,,,,,,0.2833333333333333,0.4270833333333333,0.13247863247863248,0.10319794584500466,0.0,0.04444444444444444,0.029411764705882353,0.022774327122153208,0.09870689655172414,0.7354402124110059,0.18718654070075158,0.021271929824561404,0.014569256756756757,0.008064516129032258,0.0,0.0,0.022727272727272728,0.0,,,,,,,,,,,,,,,,,,,,,,,,,,,,,,
A2M183CETUMR96,rec,10-2,10.0,2000.0,,,,,,,,,,,,,,,,,,,,,,,,,,,,,,,0.04583333333333334,0.011363636363636364,0.047979679218739774,0.017605497483546263,0.09765019379844961,0.0719737015990485,0.20791620430678182,0.08403760258144985,0.18061885927739588,0.7607174156482789,0.09672619047619048,0.08195734434124527,0.03125,0.09375,0.0,0.0,0.0,1.0,,,,,,,,,,,,,,,,,,,,,,,,,,,,,,
A2MUOD1JHWJ735,ns,10-2,10.0,2000.0,,,,,,,,,,,,,,,,,,,,,,,,,,,,,,,0.4961489898989899,0.04166666666666667,0.047929606625258796,0.05666757814200513,0.02361111111111111,0.07227503778127714,0.08097592165179963,0.11672403619197483,0.25025062656641606,0.6393294605977985,0.16805353183401964,0.1120330459770115,0.048548991054711874,0.11071428571428571,0.041666666666666664,0.07291666666666666,0.0,0.0,,,,,,,,,,,,,,,,,,,,,,,,,,,,,,
A2NXMRPHG86N2T,ns,10-2,10.0,2000.0,,,,,,,,,,,,,,,,,,,,,,,,,,,,,,,0.13383838383838384,0.07183441558441558,0.10297619047619047,0.03387315887315887,0.11228387906886893,0.036204789833822096,0.08203242710882779,0.08697193610986714,0.25498765939942414,0.5429532191402043,0.17917971820410844,0.11707566889632107,0.07521739130434782,0.15998022015823873,0.07107843137254902,0.059027777777777776,0.0,0.0,,,,,,,,,,,,,,,,,,,,,,,,,,,,,,
A2PQDK3MLDFXYM,rec,10-2,10.0,2000.0,,,,,,,,,,,,,,,,,,,,,,,,,,,,,,,0.0,0.03636363636363636,0.0,0.038031772400873055,0.09025641025641026,0.11813379395403861,0.10681585312676596,0.16671237074938705,0.32656218402426695,0.6279659019484601,0.21368065967016492,0.19429824561403508,0.020833333333333332,0.041666666666666664,0.0,0.0,0.0,,,,,,,,,,,,,,,,,,,,,,,,,,,,,,,
A2QRJKXTK4JDD8,ns,10-2,10.0,2000.0,,,,,,,,,,,,,,,,,,,,,,,,,,,,,,,0.2333333333333333,0.0,0.0,0.0,0.0,0.0,0.026041666666666664,0.08434139784946236,0.45238095238095233,0.7244435612082671,0.05397727272727273,0.008620689655172414,0.0,0.0,0.0,0.0,0.0,0.0,,,,,,,,,,,,,,,,,,,,,,,,,,,,,,
A2R970Q1Q2A6DJ,prim,10-2,10.0,2000.0,,,,,,,,,,,,,,,,,,,,,,,,,,,,,,,,0.3333333333333333,0.0,0.0,0.0,0.0,0.0,0.0,0.0,0.5746643905611297,0.3012468030690537,0.128861531986532,0.013888888888888888,0.030330882352941176,0.0,0.0,0.0,0.0,,,,,,,,,,,,,,,,,,,,,,,,,,,,,,
A2VIKZ73Y5ABHM,ns,10-2,10.0,2000.0,,,,,,,,,,,,,,,,,,,,,,,,,,,,,,,0.46875,0.0992063492063492,0.10984848484848483,0.058333333333333334,0.08048245614035088,0.024758454106280192,0.08134920634920634,0.1365539452495974,0.27110149110149107,0.6303942064254767,0.1787280701754386,0.07878151260504201,0.0452047952047952,0.02291666666666667,0.011904761904761904,0.1025974025974026,0.059027777777777776,0.0,,,,,,,,,,,,,,,,,,,,,,,,,,,,,,
A2WYZLG8J526TQ,prim,10-2,10.0,2000.0,,,,,,,,,,,,,,,,,,,,,,,,,,,,,,,0.125,0.0,0.0,0.0,0.045454545454545456,0.021739130434782608,0.0,0.15151515151515152,0.10606060606060606,0.7298780487804878,0.19907407407407407,0.04468684025334271,0.0,0.0,0.0,0.0,0.0,0.16666666666666666,,,,,,,,,,,,,,,,,,,,,,,,,,,,,,
A33X52IN60MSOE,rec,10-2,10.0,2000.0,,,,,,,,,,,,,,,,,,,,,,,,,,,,,,,0.09090909090909091,0.17261904761904762,0.09003831417624521,0.11898395721925134,0.05416666666666667,0.05673076923076923,0.12020905923344948,0.19386038687973087,0.17424242424242425,0.3090659340659341,0.125,0.1047008547008547,0.17941176470588235,0.1625,0.20833333333333331,0.125,0.1,0.625,,,,,,,,,,,,,,,,,,,,,,,,,,,,,,
A348NEQKS6VNIB,rec,10-2,10.0,2000.0,,,,,,,,,,,,,,,,,,,,,,,,,,,,,,,0.13731060606060605,0.12899159663865545,0.09086956521739131,0.12143874643874644,0.08363095238095238,0.07414740431981812,0.06574675324675325,0.15903069153069155,0.2568127608825283,0.43833501434737826,0.1484848484848485,0.09051120448179271,0.12473559217737437,0.04444444444444444,0.014705882352941176,0.11458333333333333,0.09166666666666667,0.3333333333333333,,,,,,,,,,,,,,,,,,,,,,,,,,,,,,
A349BBTU7L597J,ns,10-2,10.0,2000.0,,,,,,,,,,,,,,,,,,,,,,,,,,,,,,,0.0,0.4444444444444444,0.05,0.0,0.0,0.027777777777777776,0.05555555555555555,0.08333333333333333,0.14285714285714285,0.41963298139768734,0.20560897435897435,0.20891608391608393,0.09166666666666667,0.0,0.0,0.0,0.0,0.0,,,,,,,,,,,,,,,,,,,,,,,,,,,,,,
A3C8JI69WPTKWH,rec,10-2,10.0,2000.0,,,,,,,,,,,,,,,,,,,,,,,,,,,,,,,0.020833333333333332,0.044466403162055336,0.03254368279569893,0.058264652014652016,0.11073400374642611,0.11925878043525102,0.12369149653312789,0.1751375170047909,0.32047707648922874,0.47516398242082136,0.297966151173388,0.10131578947368422,0.3174019607843137,0.14571886446886445,0.1388888888888889,0.041666666666666664,0.0,,,,,,,,,,,,,,,,,,,,,,,,,,,,,,,
A3CE7DTHIB76UK,ns,10-2,10.0,2000.0,,,,,,,,,,,,,,,,,,,,,,,,,,,,,,,0.0,0.125,0.0,0.0,0.08333333333333333,0.054945054945054944,0.059375,0.14759129759129758,0.1698442222738898,0.5190217186184928,0.23083333333333333,0.06696428571428571,0.07186868686868686,0.029411764705882353,0.038461538461538464,0.0,0.0,0.0,,,,,,,,,,,,,,,,,,,,,,,,,,,,,,
A3G55RJTW3BSGM,ns,10-2,10.0,2000.0,,,,,,,,,,,,,,,,,,,,,,,,,,,,,,,0.050505050505050504,0.03851540616246499,0.04329977868208752,0.032526881720430105,0.047098214285714285,0.05047970047970048,0.08466221476183525,0.10271233800645566,0.23323534085491818,0.5110825435235599,0.19818580542264752,0.1986607142857143,0.203657616892911,0.08712121212121213,0.125,0.0,0.0,0.0,,,,,,,,,,,,,,,,,,,,,,,,,,,,,,
A3GC5Q5CLI4NWZ,prim,10-2,10.0,2000.0,,,,,,,,,,,,,,,,,,,,,,,,,,,,,,,,0.0,0.0,0.0,0.0,0.0,0.0,0.0,0.0,0.921576432977508,0.0815352482954166,0.008333333333333333,0.0,0.0,0.0,0.0,0.0,0.0,,,,,,,,,,,,,,,,,,,,,,,,,,,,,,
A3J55BJGV95JKH,ns,10-2,10.0,2000.0,,,,,,,,,,,,,,,,,,,,,,,,,,,,,,,0.08333333333333333,0.0,0.0,0.03382173382173382,0.03236310473152578,0.012824675324675325,0.041035353535353536,0.07948028673835125,0.20586124401913874,0.7479636214180574,0.13966973886328726,0.04738175675675676,0.04551282051282052,0.013157894736842105,0.25,0.0,0.0,0.0,,,,,,,,,,,,,,,,,,,,,,,,,,,,,,
A3MJQ51KN9CMQ4,prim,10-2,10.0,2000.0,,,,,,,,,,,,,,,,,,,,,,,,,,,,,,,0.3333333333333333,0.125,0.025,0.04285714285714286,0.034722222222222224,0.1295518207282913,0.06785714285714287,0.06171442936148819,0.1556513409961686,0.5437855304240511,0.17253411910669975,0.05472222222222223,0.05112721417069243,0.11471861471861472,0.0935672514619883,0.0,0.0625,0.05,,,,,,,,,,,,,,,,,,,,,,,,,,,,,,
A3MOL1L9V4BUGH,ns,10-2,10.0,2000.0,,,,,,,,,,,,,,,,,,,,,,,,,,,,,,,0.08333333333333333,0.07407407407407407,0.04673913043478261,0.041666666666666664,0.03923160173160173,0.06768231768231768,0.10902777777777778,0.12202380952380952,0.23892651888341543,0.4818062239986948,0.17158280316175054,0.13545226703121438,0.06752873563218391,0.09250992063492064,0.038157894736842106,0.0,0.0,0.0,,,,,,,,,,,,,,,,,,,,,,,,,,,,,,
A3NAONPCTVT6P1,ns,10-2,10.0,2000.0,,,,,,,,,,,,,,,,,,,,,,,,,,,,,,,0.0,0.0,0.051587301587301584,0.03836206896551724,0.030555555555555555,0.06039839181286549,0.08737666237666238,0.17409111582043912,0.39540284475950355,0.44237717631548334,0.18915782493368702,0.05505952380952381,0.014705882352941176,0.04700854700854701,0.025,0.07777777777777778,0.05,0.0,,,,,,,,,,,,,,,,,,,,,,,,,,,,,,
A3PJY7THMUIR4M,ns,10-2,10.0,2000.0,,,,,,,,,,,,,,,,,,,,,,,,,,,,,,,0.2333333333333333,0.023809523809523808,0.03888888888888889,0.030303030303030304,0.13148148148148148,0.043478260869565216,0.11122915985616215,0.1271604938271605,0.23128205128205126,0.37222222222222223,0.07142857142857142,0.19108669108669107,0.1714285714285714,0.10000000000000002,0.10000000000000002,0.047619047619047616,0.0,0.0,,,,,,,,,,,,,,,,,,,,,,,,,,,,,,
A3VV3MW68CALXS,prim,10-2,10.0,2000.0,,,,,,,,,,,,,,,,,,,,,,,,,,,,,,,,0.0,0.0,0.0,0.0,0.0,0.0,0.0,0.022727272727272728,0.937037037037037,0.05256302521008403,0.015625,0.0,0.027777777777777776,0.0,0.0,0.0,0.0,,,,,,,,,,,,,,,,,,,,,,,,,,,,,,
A489K1IFOM4JW,prim,10-2,10.0,2000.0,,,,,,,,,,,,,,,,,,,,,,,,,,,,,,,,0.0,0.0,0.0,0.0,0.0,0.0,0.013157894736842105,0.0,0.7957312912792707,0.19431732695586898,0.0325233551977738,0.0,0.0,0.0,0.0,0.0,0.0,,,,,,,,,,,,,,,,,,,,,,,,,,,,,,
A49HPQ9P5AHU4,ns,10-2,10.0,2000.0,,,,,,,,,,,,,,,,,,,,,,,,,,,,,,,0.21666666666666667,0.07644110275689223,0.03398617511520737,0.0402046783625731,0.11941489361702126,0.07037643207855973,0.08116883116883117,0.10888501742160278,0.10721062618595825,0.7069099378881987,0.13295454545454544,0.14166666666666666,0.03571428571428571,0.0,0.0,0.0,0.0,0.0,,,,,,,,,,,,,,,,,,,,,,,,,,,,,,
A55MEA9LQASZH,rec,10-2,10.0,2000.0,,,,,,,,,,,,,,,,,,,,,,,,,,,,,,,0.37063492063492065,0.11904761904761904,0.10760233918128655,0.043560606060606064,0.07828674948240165,0.047619047619047616,0.07068477645727221,0.11290885259124823,0.1354066985645933,0.6737935977066412,0.1365223258815936,0.06806845545235637,0.008333333333333333,0.03125,0.021739130434782608,0.0,0.0,0.0,,,,,,,,,,,,,,,,,,,,,,,,,,,,,,
A5P12YJP805RG,ns,10-2,10.0,2000.0,,,,,,,,,,,,,,,,,,,,,,,,,,,,,,,0.09772727272727273,0.0919658772599949,0.028096567411083538,0.031994696309212436,0.039705882352941174,0.08459412798300098,0.08072000572000572,0.08537484853274327,0.1996732026143791,0.48446275946275946,0.1870879120879121,0.11607142857142858,0.26866883116883117,0.13640873015873015,0.13333333333333333,0.08333333333333333,0.08333333333333333,0.1111111111111111,,,,,,,,,,,,,,,,,,,,,,,,,,,,,,
A5TWD5QD99GZY,rec,10-2,10.0,2000.0,,,,,,,,,,,,,,,,,,,,,,,,,,,,,,,0.07133838383838384,0.0510742435799644,0.055780157342657344,0.0613765243724204,0.04884229148935031,0.07774238340276075,0.11310652696596608,0.19554924242424243,0.3423965419501134,0.5773317935796939,0.24144377085553556,0.10978680014831294,0.0975328947368421,0.08458646616541353,0.11298076923076923,0.0,0.0,0.1111111111111111,,,,,,,,,,,,,,,,,,,,,,,,,,,,,,
A63UHNWYOV5LE,ns,10-2,10.0,2000.0,,,,,,,,,,,,,,,,,,,,,,,,,,,,,,,0.5,0.125,0.0,0.0,0.0,0.047619047619047616,0.047619047619047616,0.05787037037037037,0.08888888888888889,0.4870813397129186,0.24814814814814815,0.10416666666666667,0.0673076923076923,0.0,0.07142857142857142,0.0,0.037037037037037035,0.0,,,,,,,,,,,,,,,,,,,,,,,,,,,,,,
AEP8U373W5Q54,prim,10-2,10.0,2000.0,,,,,,,,,,,,,,,,,,,,,,,,,,,,,,,,0.0,0.0,0.0,0.0,0.0,0.0,0.0,0.041666666666666664,0.9291394114463967,0.06449143175612704,0.010582010582010581,0.0,0.0,0.0,0.0,0.0,0.0,,,,,,,,,,,,,,,,,,,,,,,,,,,,,,
AK2PMO5I7OCEK,prim,10-2,10.0,2000.0,,,,,,,,,,,,,,,,,,,,,,,,,,,,,,,0.0,0.0,0.0,0.0,0.0,0.0,0.0125,0.03125,0.11822887257669867,0.717579816017316,0.2314373846970479,0.05652281746031746,0.013899613899613899,0.008620689655172414,0.0,0.0,0.0,0.0,,,,,,,,,,,,,,,,,,,,,,,,,,,,,,
AKNU5D6QK7M72,prim,10-2,10.0,2000.0,,,,,,,,,,,,,,,,,,,,,,,,,,,,,,,0.0,0.0,0.0,0.0,0.0,0.0,0.0,0.017857142857142856,0.010416666666666666,0.7069858904336312,0.2702918458353241,0.04753289473684211,0.016281512605042014,0.0,0.0,0.0,0.0,0.0,,,,,,,,,,,,,,,,,,,,,,,,,,,,,,
AO5FQ7GY8DTR8,prim,10-2,10.0,2000.0,,,,,,,,,,,,,,,,,,,,,,,,,,,,,,,,0.0,0.0,0.0,0.0,0.0,0.0,0.0,0.0,1.0,0.0,0.0,0.0,0.0,0.0,0.0,0.0,0.0,,,,,,,,,,,,,,,,,,,,,,,,,,,,,,
ARIWYNIH12MLF,rec,10-2,10.0,2000.0,,,,,,,,,,,,,,,,,,,,,,,,,,,,,,,0.16666666666666666,0.05397727272727273,0.165625,0.013157894736842105,0.017857142857142856,0.11697513013302487,0.04939393939393939,0.1829178316247282,0.3655192034139403,0.4331847545219638,0.12609215835022286,0.08830971659919029,0.04348214285714286,0.04703282828282828,0.013157894736842105,0.020833333333333332,0.0,0.08333333333333333,,,,,,,,,,,,,,,,,,,,,,,,,,,,,,
AS4FVWL91C6HR,prim,10-2,10.0,2000.0,,,,,,,,,,,,,,,,,,,,,,,,,,,,,,,0.0,0.0,0.05,0.09821428571428571,0.006944444444444444,0.020833333333333332,0.03125,0.045,0.2431818181818182,0.6346941116066546,0.17747506117071332,0.09308127639770641,0.030555555555555558,0.016666666666666666,0.0,0.0,0.0,0.0,,,,,,,,,,,,,,,,,,,,,,,,,,,,,,
AWJKR5GA7BS7V,ns,10-2,10.0,2000.0,,,,,,,,,,,,,,,,,,,,,,,,,,,,,,,0.4,0.1111111111111111,0.0,0.0,0.04423076923076923,0.09649122807017543,0.08380681818181818,0.06944444444444445,0.10101540616246499,0.5531640773020083,0.11247882552230379,0.09047619047619047,0.125,0.04389880952380952,0.0,0.0,0.05,0.0,,,,,,,,,,,,,,,,,,,,,,,,,,,,,,
AZ69TBTDH7AZS,rec,10-2,10.0,2000.0,,,,,,,,,,,,,,,,,,,,,,,,,,,,,,,0.06439393939393939,0.023809523809523808,0.04031699026955194,0.02756020008530769,0.018795973674022456,0.07003458498023715,0.09777327935222671,0.1686010923815802,0.2159072249589491,0.7574404761904762,0.10637254901960784,0.03125,0.041666666666666664,0.13333333333333333,0.375,0.0,0.0,,,,,,,,,,,,,,,,,,,,,,,,,,,,,,,
AZ8NNCT4AODDN,prim,10-2,10.0,2000.0,,,,,,,,,,,,,,,,,,,,,,,,,,,,,,,1.0,0.16666666666666666,0.0,0.0,0.0,0.0,0.0,0.0,0.03333333333333333,0.8386123680241326,0.1437908496732026,0.017241379310344827,0.02,0.0,0.0,0.0,0.0,0.0,,,,,,,,,,,,,,,,,,,,,,,,,,,,,,
A10JXOU89D5RXR,ns,20-1,20.0,1000.0,,,,,,,,,,,,,,,,,,,,,0.027777777777777776,0.05879281537176274,0.010869565217391304,0.04835227272727273,0.05619295131845842,0.0248015873015873,0.029972788037304167,0.026102941176470586,0.033134920634920635,0.024305555555555556,0.01136950904392765,0.010874704491725768,0.046171857897864085,0.04058337657844663,0.027053443328550933,0.05996898759503801,0.05808832371332371,0.07751346692523163,0.11862527716186252,0.3064588453305851,0.12291524265208476,0.06520462160836875,0.09898233486943164,0.041009353622783754,0.043154761904761904,0.08308531746031746,0.055113636363636365,0.026041666666666664,0.019230769230769232,0.02982456140350877,0.017857142857142856,0.04006410256410256,0.11458333333333333,0.025,0.11666666666666667,0.08571428571428572,0.08333333333333333,0.0,,,,,,,,,,,,,,,,,,,,
A111FTKAAJ5UMC,prim,20-1,20.0,1000.0,,,,,,,,,,,,,,,,,,,,,0.0,0.0,0.0,0.0,0.0,0.017857142857142856,0.0,0.0,0.0,0.0,0.0,0.0,0.0,0.008064516129032258,0.0,0.0,0.0125,0.022222222222222223,0.05422077922077922,0.5801969596532793,0.24604463512268446,0.10901402417287712,0.03815956406896695,0.017110762800417973,0.006024096385542169,0.0,0.0,0.00390625,0.004310344827586207,0.0,0.0,0.0,0.0,0.0,0.0,0.0,0.0,0.0,,,,,,,,,,,,,,,,,,,,
A11EZAV2HRYKD5,prim,20-1,20.0,1000.0,,,,,,,,,,,,,,,,,,,,,0.0,0.0,0.0,0.0,0.0,0.0,0.027777777777777776,0.0,0.0,0.0,0.0,0.009615384615384616,0.0,0.0,0.0,0.0,0.014285714285714285,0.0,0.005813953488372093,0.8217678287920407,0.14105275281204308,0.026376893939393943,0.008128137700215157,0.005300747684410222,0.0,0.0,0.0,0.0,0.004545454545454545,0.0,0.0,0.0,0.0,0.0,0.0,0.010869565217391304,0.0,0.0,,,,,,,,,,,,,,,,,,,,
A157L6Z8QU3SDE,rec,20-1,20.0,1000.0,,,,,,,,,,,,,,,,,,,,,0.06856060606060606,0.033102766798418976,0.02528735632183908,0.015973630831643,0.02631578947368421,0.00641025641025641,0.017857142857142856,0.005681818181818182,0.016545893719806762,0.005681818181818182,0.021111111111111112,0.019049346879535557,0.026595744680851064,0.03290731008122312,0.03437726869403888,0.07357142857142857,0.08514030612244898,0.09378358048570815,0.19016290726817042,0.48965034383318545,0.12799043062200957,0.04191176470588236,0.010869565217391304,0.0998051948051948,0.025,0.034523809523809526,0.03125,0.020833333333333332,0.04887218045112782,0.05,0.041666666666666664,0.0,0.0,0.0,0.0625,0.0,0.16666666666666666,0.0,,,,,,,,,,,,,,,,,,,,
A16GIPTDMJAFTK,ns,20-1,20.0,1000.0,,,,,,,,,,,,,,,,,,,,,0.0,0.0,0.0,0.0,0.0,0.0,0.0,0.0,0.0,0.0,0.0,0.0,0.0,0.018113014436543846,0.020980046948356805,0.08336548426606369,0.11084819754585891,0.19620911918138043,0.2853490314369975,0.24056550075171879,0.12838849100748334,0.08423592235675259,0.047132554945054944,0.048358180358381075,0.004310344827586207,0.0,0.0,0.0,0.008064516129032258,0.0,0.0,0.0,0.0,0.0,0.0,0.0,0.0,0.0,,,,,,,,,,,,,,,,,,,,
A17R7WX5B0CKK6,rec,20-1,20.0,1000.0,,,,,,,,,,,,,,,,,,,,,0.0,0.04006410256410256,0.0,0.011904761904761904,0.009259259259259259,0.006944444444444444,0.014285714285714285,0.019585704125177808,0.024153116531165312,0.021120075937351684,0.015012254901960783,0.0043859649122807015,0.027065826330532214,0.04547998108448928,0.03562757097365465,0.04926470588235295,0.11182863399882274,0.21302360821106314,0.2582017770876467,0.26311288385657916,0.16776819344572683,0.08956916099773242,0.048006379585326955,0.0375999000999001,0.018315018315018312,0.00625,0.02051983584131327,0.015030946065428824,0.009259259259259259,0.01875,0.010869565217391304,0.0,0.0,0.0,0.0,0.0,0.0,0.16666666666666666,,,,,,,,,,,,,,,,,,,,
A17WB66BXX4R0J,prim,20-1,20.0,1000.0,,,,,,,,,,,,,,,,,,,,,0.0,0.0,0.0,0.0,0.0,0.0,0.0,0.0,0.0,0.0,0.0,0.0,0.0,0.0,0.0,0.0,0.008620689655172414,0.011904761904761904,0.012195121951219513,0.45805746242158835,0.3541638938183969,0.14240218596626075,0.043721415119720206,0.024869257740536044,0.0038461538461538464,0.0,0.0,0.0,0.0,0.0,0.0,0.0,0.0,0.0,0.0,0.0,0.0,0.0,,,,,,,,,,,,,,,,,,,,
A19QRXLWV5GKXN,rec,20-1,20.0,1000.0,,,,,,,,,,,,,,,,,,,,,0.14583333333333331,0.24206349206349204,0.10407647907647907,0.03553921568627451,0.038461538461538464,0.031746031746031744,0.02827380952380952,0.03380952380952381,0.02056451612903226,0.028418826301135146,0.03530092592592592,0.017812500000000002,0.030834914611005692,0.036428473928473926,0.027229513167013168,0.04210502030269472,0.005952380952380952,0.029365959244008026,0.04421387790953008,0.2727086405657834,0.2313265657140049,0.13851152518071194,0.07153463760606618,0.06428595295375568,0.05769428652933146,0.03598752598752599,0.01393188854489164,0.026442307692307692,0.01866151866151866,0.0,0.013888888888888888,0.01,0.016666666666666666,0.020833333333333332,0.0,0.0,0.0,0.0,,,,,,,,,,,,,,,,,,,,
A1CKIYN01NV9GJ,ns,20-1,20.0,1000.0,,,,,,,,,,,,,,,,,,,,,0.0,0.0,0.0,0.018518518518518517,0.0,0.0,0.011627906976744186,0.011904761904761904,0.0125,0.011363636363636364,0.023809523809523808,0.022727272727272728,0.02291666666666667,0.01282051282051282,0.05824972129319955,0.044444444444444446,0.07722634508348794,0.043498817966903074,0.17435897435897435,0.3731684981684982,0.11944444444444445,0.0967741935483871,0.09555555555555556,0.05756578947368421,0.1294642857142857,0.23076923076923078,0.041666666666666664,0.175,0.13392857142857142,0.05555555555555555,0.1,0.125,0.0,0.0,0.0,0.0,0.0,0.0,,,,,,,,,,,,,,,,,,,,
A1HLDOM6JTYYI2,prim,20-1,20.0,1000.0,,,,,,,,,,,,,,,,,,,,,0.0,0.03571428571428571,0.03571428571428571,0.0,0.07045454545454546,0.0762987012987013,0.03673245614035087,0.013157894736842105,0.0,0.013888888888888888,0.0,0.030292207792207794,0.021778584392014518,0.006944444444444444,0.03384009009009009,0.020970394736842105,0.07175283788187015,0.13855883699633698,0.15960020371785077,0.44128728414442703,0.07641878779310743,0.0496018793009343,0.051941759790596995,0.041211484593837534,0.018918073796122578,0.04231279753927837,0.010416666666666666,0.02564102564102564,0.012013729977116704,0.012134502923976609,0.027041652041652042,0.012896825396825396,0.05200892857142857,0.05673925613412806,0.04959935897435897,0.019230769230769232,0.03101503759398496,0.03125,,,,,,,,,,,,,,,,,,,,
A1HR8IRDC07FO9,prim,20-1,20.0,1000.0,,,,,,,,,,,,,,,,,,,,,0.0,0.05555555555555555,0.027777777777777776,0.020833333333333332,0.05,0.0,0.0,0.011363636363636364,0.0125,0.0,0.0,0.008620689655172414,0.02395833333333333,0.023513513513513516,0.02235023041474654,0.022379032258064514,0.033455882352941176,0.042958656330749356,0.021875,0.43551071817832276,0.26666226215644817,0.1271569398177736,0.0806052476885063,0.010869565217391304,0.00948581560283688,0.00625,0.004901960784313725,0.011578947368421053,0.005319148936170213,0.0,0.0,0.01,0.014705882352941176,0.0,0.0,0.0,0.0,0.0,,,,,,,,,,,,,,,,,,,,
A1J6CZ176U6GDT,rec,20-1,20.0,1000.0,,,,,,,,,,,,,,,,,,,,,0.08125,0.03229166666666666,0.013157894736842105,0.05112721417069243,0.0,0.006944444444444444,0.01,0.007142857142857143,0.01615646258503401,0.005813953488372093,0.03694484386445644,0.01567398119122257,0.006097560975609756,0.0225351274112884,0.023128531073446326,0.047270974171269714,0.0800786118381227,0.23718751051798997,0.32565789473684215,0.2231973871899245,0.14959152482737387,0.08751486608629466,0.027819148936170213,0.028962882519489586,0.03917413618552139,0.013383665065202471,0.0,0.017142857142857144,0.01,0.007352941176470588,0.0,0.0,0.0,0.0,0.0,0.0,0.0,0.0,,,,,,,,,,,,,,,,,,,,
A1J9VZ372FV2QZ,rec,20-1,20.0,1000.0,,,,,,,,,,,,,,,,,,,,,0.08333333333333333,0.0,0.06439393939393939,0.0,0.0,0.0,0.0,0.025,0.0,0.022727272727272728,0.007575757575757576,0.007352941176470588,0.00641025641025641,0.024713486140724945,0.02098901098901099,0.04387969316971038,0.09062187812187812,0.19821037979717637,0.3451044867715182,0.18903355416513312,0.11700379624907926,0.06509865581452706,0.016131452581032414,0.004032258064516129,0.0631338742393509,0.03860294117647059,0.0,0.008620689655172414,0.0,0.0,0.0,0.0,0.0,0.017857142857142856,0.0,0.25,0.0,0.0,,,,,,,,,,,,,,,,,,,,
A1JI19KPIVNL3Y,ns,20-1,20.0,1000.0,,,,,,,,,,,,,,,,,,,,,0.1111111111111111,0.10721500721500721,0.1363346104725415,0.037378392217101895,0.007352941176470588,0.02393018018018018,0.013157894736842105,0.02111760883690708,0.022727272727272728,0.029611013986013984,0.007352941176470588,0.0078125,0.019230769230769232,0.01282051282051282,0.019203664552501762,0.02198581560283688,0.04507278835386338,0.020220588235294115,0.16810897435897434,0.3399560625165398,0.1601388888888889,0.11408521303258146,0.0796720323975963,0.043501984126984125,0.03399832838340068,0.014407131011608624,0.04121583781362007,0.027931190538396985,0.032027743778049775,0.01,0.01,0.018518518518518517,0.0,0.013888888888888888,0.0,0.022727272727272728,0.0,0.0,,,,,,,,,,,,,,,,,,,,
A1KH9VI2D0V43B,prim,20-1,20.0,1000.0,,,,,,,,,,,,,,,,,,,,,0.0,0.0,0.03125,0.0,0.0,0.0,0.0,0.0,0.0,0.0,0.0,0.008620689655172414,0.0,0.00625,0.0,0.0,0.020363481360923814,0.03987232574189096,0.04700854700854701,0.6140197156427055,0.2558391500352567,0.087613747212932,0.032218568141135585,0.008335648791330925,0.0,0.005208333333333333,0.0,0.0,0.006756756756756757,0.0,0.0,0.0,0.0,0.0,0.0,0.0,0.0,0.0,,,,,,,,,,,,,,,,,,,,
A1LJ4WAEDGELVL,rec,20-1,20.0,1000.0,,,,,,,,,,,,,,,,,,,,,0.0,0.1406926406926407,0.05427841634738186,0.035098522167487683,0.06202651515151515,0.061079545454545456,0.013888888888888888,0.027205882352941177,0.013157894736842105,0.02478580171358629,0.023255813953488372,0.021739130434782608,0.044532409698169226,0.044003868471953575,0.030638297872340424,0.01,0.043916720884840596,0.1326923076923077,0.2595112898236932,0.2746376811594203,0.13397129186602869,0.051587301587301584,0.027777777777777776,0.027526395173453996,0.016666666666666666,0.04799627213420317,0.04963427377220481,0.035897435897435895,0.016129032258064516,0.02,0.021739130434782608,0.02,0.025,0.06696428571428571,0.05,0.125,0.0,0.0,,,,,,,,,,,,,,,,,,,,
A1OOCYEFLAJD98,ns,20-1,20.0,1000.0,,,,,,,,,,,,,,,,,,,,,0.3611111111111111,0.011904761904761904,0.016666666666666666,0.013157894736842105,0.021421485260770975,0.010036130068245684,0.024403694959960944,0.004629629629629629,0.01310420590081607,0.00900974025974026,0.01955500276395799,0.017153344591425087,0.007246376811594203,0.029915237036252602,0.016391257995735608,0.025804098768946133,0.025413734190126477,0.08881164256581386,0.12554204048769266,0.598799904605618,0.15267410290058372,0.06252881136276658,0.04330382407631983,0.019257703081232494,0.024731182795698924,0.03461538461538462,0.019675925925925923,0.017857142857142856,0.019230769230769232,0.019230769230769232,0.0,0.07631578947368421,0.0,0.0,0.0,0.0,0.0,0.0,,,,,,,,,,,,,,,,,,,,
A1OW27AZS122X2,ns,20-1,20.0,1000.0,,,,,,,,,,,,,,,,,,,,,0.1,0.1375,0.14138986013986013,0.06553884711779448,0.02922077922077922,0.04707792207792208,0.036309523809523805,0.02753623188405797,0.019345238095238096,0.011363636363636364,0.017549261083743842,0.02194298574643661,0.006756756756756757,0.032524565890429395,0.011787280701754384,0.023093175010697475,0.039545339412360686,0.07998366013071895,0.08855845690952073,0.23179976851851852,0.11340059187516814,0.13153110944527735,0.15300324675324675,0.11011131725417439,0.06734976599335386,0.05996278209237786,0.03958770434478538,0.026173769923769925,0.006944444444444444,0.0,0.010416666666666666,0.0,0.0,0.022727272727272728,0.0,0.03571428571428571,0.0,0.0,,,,,,,,,,,,,,,,,,,,
A1R5JNC2LO6X1S,prim,20-1,20.0,1000.0,,,,,,,,,,,,,,,,,,,,,0.0,0.0,0.05,0.0,0.0,0.0,0.0,0.0,0.0,0.0,0.0,0.0,0.0,0.009259259259259259,0.008928571428571428,0.0,0.007575757575757576,0.014756944444444444,0.03767650834403081,0.8531941760728741,0.11858227964871712,0.01141025641025641,0.0022935779816513763,0.002688172043010753,0.005782085561497326,0.0027472527472527475,0.003246753246753247,0.0,0.0,0.0,0.0,0.0,0.0,0.0,0.0,0.0,0.0,0.0,,,,,,,,,,,,,,,,,,,,
A1SUTNVLSFPXFK,ns,20-1,20.0,1000.0,,,,,,,,,,,,,,,,,,,,,0.25,0.0,0.0,0.0,0.0,0.0,0.0,0.0,0.0,0.0,0.0,0.0,0.017857142857142856,0.0,0.0125,0.028149386845039016,0.030640444744368393,0.132015306122449,0.33576066790352505,0.37267736486486486,0.09615384615384615,0.04398148148148148,0.007575757575757576,0.0,0.0,0.016666666666666666,0.0,0.0,0.0,0.0,0.0,0.0,0.0,0.0,0.0,0.0,0.0,0.0,,,,,,,,,,,,,,,,,,,,
A1V91Z2CQKMR55,rec,20-1,20.0,1000.0,,,,,,,,,,,,,,,,,,,,,0.0,0.0,0.0,0.025669642857142856,0.025053879310344827,0.03002136752136752,0.024794801641586865,0.03984097734097734,0.025064837564837565,0.03625066454013823,0.01949404761904762,0.024679310393596107,0.012854317732366513,0.03961389961389961,0.03351301991280782,0.03636363636363636,0.03820434308239186,0.08407632162446026,0.1650719378660555,0.4302662037037037,0.13319746376811595,0.05976851851851852,0.04419642857142857,0.054411764705882354,0.10811247575953459,0.09285714285714286,0.060714285714285714,0.10714285714285714,0.020833333333333332,0.0,0.0,0.0,0.0,0.0,0.0,0.0,0.0,0.0,,,,,,,,,,,,,,,,,,,,
A1YFL5HXPZ7MVV,ns,20-1,20.0,1000.0,,,,,,,,,,,,,,,,,,,,,0.05,0.041666666666666664,0.05397727272727273,0.03393665158371041,0.0,0.02003205128205128,0.0,0.0,0.027413127413127413,0.02190827190827191,0.019230769230769232,0.029920589903573453,0.03612803922342631,0.048555569280177874,0.04964285714285714,0.07137259292431707,0.15415729058510405,0.17161252026302715,0.1829806455092496,0.12495341614906832,0.1262923266211486,0.0687342733703651,0.051854035639413,0.03827284946236559,0.011111111111111112,0.02277327935222672,0.00625,0.019986449864498643,0.007352941176470588,0.0,0.0,0.03170289855072464,0.0,0.041666666666666664,0.017857142857142856,0.0,0.0,0.05555555555555555,,,,,,,,,,,,,,,,,,,,
A22UMPYYQBXT0F,rec,20-1,20.0,1000.0,,,,,,,,,,,,,,,,,,,,,0.027777777777777776,0.04256965944272446,0.019615384615384618,0.019345238095238096,0.04085512188960465,0.0,0.0,0.02713502894954508,0.013888888888888888,0.02025963808025177,0.017857142857142856,0.012134502923976609,0.01844532279314888,0.03176054018445323,0.02289049026853905,0.0404857300079747,0.04612225710889965,0.14350686311635974,0.2804601362596214,0.37724243474243474,0.12151864035087719,0.10143849206349206,0.043148148148148144,0.049516908212560384,0.04411764705882353,0.05375,0.042119565217391304,0.0,0.046760531135531136,0.0,0.022727272727272728,0.03571428571428571,0.06666666666666667,0.05208333333333333,0.0,0.0,0.0,0.0,,,,,,,,,,,,,,,,,,,,
A26M997VYVK0E6,prim,20-1,20.0,1000.0,,,,,,,,,,,,,,,,,,,,,0.0,0.0,0.0,0.0,0.0,0.0,0.0,0.0,0.0,0.0,0.0,0.0,0.0,0.0,0.0,0.006756756756756757,0.020656370656370656,0.1263544891640867,0.4595986568784817,0.25740426577718506,0.31120788290065493,0.1923832899469679,0.046977206532480366,0.012582759407203289,0.010881629982837388,0.0,0.0,0.0,0.0,0.0,0.0,0.0,0.0,0.0,0.0,0.0,0.0,0.0,,,,,,,,,,,,,,,,,,,,
A277V4SHQB8JRS,rec,20-1,20.0,1000.0,,,,,,,,,,,,,,,,,,,,,0.09545454545454546,0.010869565217391304,0.047781152037617555,0.020547385620915033,0.011627906976744186,0.02713729722658294,0.01888888888888889,0.009271978021978022,0.034638047138047134,0.018365817091454274,0.016608015640273706,0.003968253968253968,0.012526939655172414,0.022647231821189617,0.0496194955008942,0.0330044070925856,0.0718222891566265,0.10188536953242835,0.12812332386920094,0.6536050065322881,0.08663444909272988,0.06600703627679311,0.042189559555395786,0.04350082284864894,0.013513513513513514,0.0,0.020864661654135336,0.01452020202020202,0.0,0.02,0.03409090909090909,0.027777777777777776,0.016666666666666666,0.025,0.0,0.0,0.0,,,,,,,,,,,,,,,,,,,,,
A2E5PV1BHNG67N,ns,20-1,20.0,1000.0,,,,,,,,,,,,,,,,,,,,,0.0,0.0,0.08333333333333333,0.0,0.1,0.0,0.05555555555555555,0.08846153846153847,0.0,0.11212121212121212,0.03333333333333333,0.02631578947368421,0.027777777777777776,0.07380952380952381,0.019230769230769232,0.05,0.08,0.030303030303030304,0.03225806451612903,0.23414634146341465,0.14835164835164835,0.13611111111111113,0.07880184331797235,0.046875,0.06666666666666667,0.05233990147783251,0.0,0.04173913043478261,0.020833333333333332,0.0,0.0,0.0,0.0,0.045454545454545456,0.0,0.0,0.0,0.0,,,,,,,,,,,,,,,,,,,,
A2FQVRBXJZQAWT,prim,20-1,20.0,1000.0,,,,,,,,,,,,,,,,,,,,,,0.0,0.0,0.0,0.0,0.0,0.0,0.0,0.0,0.02631578947368421,0.0,0.0,0.0,0.021739130434782608,0.021739130434782608,0.017857142857142856,0.0,0.0,0.025,0.6738990332975295,0.21875,0.0795558608058608,0.005747126436781609,0.012048192771084338,0.006493506493506494,0.0,0.007462686567164179,0.0,0.0,0.010638297872340425,0.0,0.0,0.0,0.0,0.0,0.0,0.0,0.0,,,,,,,,,,,,,,,,,,,,
A2GM1ZIBRBHBK7,ns,20-1,20.0,1000.0,,,,,,,,,,,,,,,,,,,,,0.0,0.0,0.0,0.0625,0.0,0.022727272727272728,0.04006410256410256,0.019230769230769232,0.013157894736842105,0.0,0.0,0.0,0.0,0.019230769230769232,0.006756756756756757,0.014087301587301586,0.026785714285714288,0.0748123123123123,0.036518458393458395,0.28083949096880134,0.30464953403594375,0.18672164232825997,0.059537701304349266,0.03541174152876281,0.012224209898628503,0.0125,0.03701298701298701,0.014705882352941176,0.008620689655172414,0.016129032258064516,0.0,0.0,0.0,0.0,0.0,0.0,0.0,0.0,,,,,,,,,,,,,,,,,,,,
A2ONILC0LZKG6Y,rec,20-1,20.0,1000.0,,,,,,,,,,,,,,,,,,,,,0.0,0.03314393939393939,0.03113907200811359,0.047105672105672104,0.02387145374950253,0.04538690476190476,0.050105042016806725,0.023584905660377357,0.05706662346112534,0.04021219970708462,0.023975585024951784,0.045754713624200555,0.049819235361404035,0.043026861073408335,0.034204700778510726,0.0501747460374989,0.07264522221527663,0.11928922651132423,0.21716512488612932,0.26568048751147344,0.08108919463213567,0.05822560283928863,0.1161535303776683,0.03421798119634701,0.009433962264150943,0.05390451364259706,0.06816084782881257,0.09947937046215383,0.05293058755760369,0.1030095710740872,0.06287183676889559,0.04423076923076923,0.06534090909090909,0.05316742081447964,0.0,0.125,0.0,0.0,,,,,,,,,,,,,,,,,,,,
A2QX1SJXQN1NV1,prim,20-1,20.0,1000.0,,,,,,,,,,,,,,,,,,,,,0.5,0.0,0.0,0.0,0.0,0.0,0.0,0.0,0.027777777777777776,0.027777777777777776,0.05,0.022727272727272728,0.0,0.0,0.0,0.023809523809523808,0.030303030303030304,0.014285714285714285,0.05448717948717949,0.25279931093884583,0.22325375773651635,0.20300751879699247,0.11352941176470588,0.10661764705882354,0.05952380952380952,0.0,0.0,0.0,0.03571428571428571,0.0,0.0,0.0,0.0,0.0,0.0,0.0,0.0,0.0,,,,,,,,,,,,,,,,,,,,
A2QY653X9531JP,ns,20-1,20.0,1000.0,,,,,,,,,,,,,,,,,,,,,0.0,0.07777777777777778,0.09401709401709402,0.017857142857142856,0.049107142857142856,0.11589635854341736,0.0730392156862745,0.022233201581027668,0.05575684380032206,0.06101503759398496,0.04869047619047619,0.048928571428571425,0.027472527472527472,0.07941017316017315,0.059914878113407524,0.013157894736842105,0.06474519632414369,0.04603014107564158,0.09647883067224257,0.0899582560296846,0.09958333333333333,0.10676077863577864,0.05745341614906832,0.06208791208791209,0.0512367277992278,0.11997736276174306,0.04093346740405564,0.051573426573426576,0.030448717948717948,0.02291666666666667,0.05164141414141414,0.06315789473684211,0.028125,0.013888888888888888,0.0,0.03125,0.05,0.05,,,,,,,,,,,,,,,,,,,,
A2RBF3IIJP15IH,rec,20-1,20.0,1000.0,,,,,,,,,,,,,,,,,,,,,0.6444444444444444,0.030357142857142857,0.019984326018808778,0.0164021164021164,0.023423423423423424,0.015151515151515152,0.0,0.009615384615384616,0.0,0.022058823529411766,0.0,0.019230769230769232,0.017857142857142856,0.021739130434782608,0.027761104441776707,0.026041666666666664,0.010869565217391304,0.0717013888888889,0.06363795518207283,0.5816666666666667,0.15708511831905345,0.0719842284739983,0.03125,0.01639784946236559,0.028846153846153848,0.0078125,0.017857142857142856,0.009259259259259259,0.011904761904761904,0.0,0.0,0.0,0.0,0.0,0.0,0.03125,0.0,0.0,,,,,,,,,,,,,,,,,,,,
A2RWLFIP23FZA7,prim,20-1,20.0,1000.0,,,,,,,,,,,,,,,,,,,,,0.16666666666666666,0.041666666666666664,0.03571428571428571,0.09821428571428571,0.05357142857142857,0.0,0.0,0.0,0.0,0.0,0.0,0.008064516129032258,0.009615384615384616,0.006756756756756757,0.026331018518518517,0.03850033068783069,0.025967261904761903,0.052630662020905924,0.050636304909560725,0.3425576184379001,0.21367061944141053,0.1591432124106896,0.10180655817291455,0.07489361619993334,0.011458333333333334,0.00625,0.03619047619047619,0.01303475935828877,0.0,0.0,0.0,0.010869565217391304,0.013157894736842105,0.016666666666666666,0.017857142857142856,0.013888888888888888,0.025,0.0,,,,,,,,,,,,,,,,,,,,
A2SBZCFAVT83GN,rec,20-1,20.0,1000.0,,,,,,,,,,,,,,,,,,,,,0.0,0.0,0.03627450980392157,0.0,0.024691358024691357,0.010101010101010102,0.04518518518518518,0.008547008547008546,0.03614718614718615,0.032728647014361296,0.042881152460984395,0.02653007617546625,0.04914645103324348,0.027441077441077443,0.04743991303131088,0.0962425209785967,0.08675408056304283,0.16254801536491678,0.1311677125630614,0.2488483508384006,0.105973715651135,0.09447759447759448,0.036036036036036036,0.06432861432861432,0.03821733821733821,0.0196078431372549,0.04476608187134503,0.013333333333333334,0.036062378167641324,0.020833333333333332,0.044444444444444446,0.023809523809523808,0.027777777777777776,0.041666666666666664,0.0,0.0,0.0,0.0,,,,,,,,,,,,,,,,,,,,
A2SQGKP2REXOTN,prim,20-1,20.0,1000.0,,,,,,,,,,,,,,,,,,,,,,,0.0,0.0,0.0,0.0,0.0,0.0,0.0,0.0,0.0,0.047619047619047616,0.0,0.025641025641025644,0.0,0.0,0.0,0.0,0.0,0.49992223400494873,0.21572463768115943,0.1361111111111111,0.06805781391147245,0.024390243902439022,0.02188034188034188,0.008547008547008546,0.0,0.007246376811594203,0.0,0.0,0.0,0.0,0.0,0.011494252873563218,0.0,0.0,0.0,0.0,,,,,,,,,,,,,,,,,,,,
A2SQTRNQWDLU4F,ns,20-1,20.0,1000.0,,,,,,,,,,,,,,,,,,,,,,0.0,0.0,0.0,0.0,0.0,0.0,0.0,0.0,0.0,0.0,0.0,0.0,0.0,0.0,0.013888888888888888,0.0,0.0,0.013888888888888888,0.3374125874125874,0.3244186046511628,0.2053658536585366,0.08097826086956522,0.04836829836829837,0.013157894736842105,0.02857142857142857,0.0,0.0,0.0,0.0,0.0,0.0,0.0,0.0,0.0,0.0,0.0,0.0,,,,,,,,,,,,,,,,,,,,
A2SWQM5X54P1O5,ns,20-1,20.0,1000.0,,,,,,,,,,,,,,,,,,,,,0.2518939393939394,0.022727272727272728,0.024553571428571428,0.007352941176470588,0.0,0.02312997080438941,0.011111111111111112,0.04161321201594757,0.025267927501970055,0.04742068217300416,0.038820262643191085,0.0321761381210809,0.050272026898231494,0.02023500236183278,0.04046219378754383,0.03497804669094024,0.06023830824989505,0.036882080204163135,0.06937088274044796,0.41279989228358793,0.13691559645397242,0.07296754908860095,0.0761222819733458,0.031068313953488372,0.04800307219662058,0.0528125,0.08777628434886499,0.027777777777777776,0.03409090909090909,0.047179089026915116,0.0,0.0,0.05800653594771242,0.022727272727272728,0.0,0.0,0.0,,,,,,,,,,,,,,,,,,,,,
A2TG5ESEOPXAHI,prim,20-1,20.0,1000.0,,,,,,,,,,,,,,,,,,,,,0.0,0.0,0.0,0.0,0.0,0.0,0.0,0.0,0.0,0.029411764705882353,0.0,0.0,0.0,0.0,0.0,0.0,0.014285714285714285,0.014285714285714285,0.05731951871657754,0.5784228881425988,0.26726099008707704,0.09966006935984698,0.0323497710931356,0.007774831243972999,0.015075491147222895,0.00510204081632653,0.0,0.0,0.0,0.0,0.0,0.0,0.01,0.0,0.0,0.0,0.0,0.0,,,,,,,,,,,,,,,,,,,,
A2V6E7SGEU0EFD,ns,20-1,20.0,1000.0,,,,,,,,,,,,,,,,,,,,,0.11666666666666667,0.04609683794466403,0.05982789855072464,0.01282051282051282,0.02579827950718087,0.01374633431085044,0.016545893719806762,0.016304347826086956,0.010638297872340425,0.011512297226582941,0.018384663733500943,0.005555555555555556,0.016613247863247863,0.019818099696148478,0.005952380952380952,0.03060313277704582,0.054178317635186275,0.0359511170494487,0.13900135811900519,0.5587200622577981,0.1144585270390015,0.03763227513227513,0.132716920760399,0.02232142857142857,0.05656067251461988,0.0607843137254902,0.034523809523809526,0.06937957875457876,0.025,0.0,0.025,0.0,0.0,0.0,0.1111111111111111,0.0,0.0,,,,,,,,,,,,,,,,,,,,,
A2VXT33Y2TQPOQ,prim,20-1,20.0,1000.0,,,,,,,,,,,,,,,,,,,,,,0.0,0.05,0.0,0.0,0.0,0.0,0.0,0.0,0.0,0.0,0.0,0.0,0.009259259259259259,0.0,0.0,0.0,0.0,0.005208333333333333,0.6338642925512719,0.2345876333268428,0.10935044893378226,0.028613217069697224,0.010322822822822823,0.0036231884057971015,0.0037313432835820895,0.0,0.0,0.0,0.0,0.0,0.0,0.0,0.0,0.0,0.0,0.0,0.0,,,,,,,,,,,,,,,,,,,,
A2XDWB9NVYI3LQ,rec,20-1,20.0,1000.0,,,,,,,,,,,,,,,,,,,,,0.15625,0.019230769230769232,0.09305555555555556,0.027777777777777776,0.05723443223443223,0.03162202380952381,0.05971177944862155,0.04787506400409626,0.011363636363636364,0.01956686930091185,0.053055410198267344,0.008333333333333333,0.018337052816663285,0.010647544545849631,0.050360468707898766,0.024790919952210274,0.06299043513567786,0.09778980972592552,0.10693003270704626,0.24603534698816004,0.17560429344151454,0.10376443506324662,0.10281161644985863,0.07822204968944099,0.0174984783931832,0.05035048417401359,0.021652160116052404,0.018543956043956044,0.0,0.02056451612903226,0.013888888888888888,0.0,0.0,0.0,0.0,0.0,0.08333333333333333,0.0,,,,,,,,,,,,,,,,,,,,
A3026HLELYNW7U,rec,20-1,20.0,1000.0,,,,,,,,,,,,,,,,,,,,,0.0,0.020833333333333332,0.0,0.04805491990846682,0.05416666666666667,0.031363636363636364,0.023403343967860098,0.0635546066252588,0.05389812534209086,0.030500413564929694,0.021739130434782608,0.06171616373822256,0.020920073435399797,0.0378500237304224,0.06462657232704402,0.03835051714901569,0.07723855092276144,0.07577599449123365,0.13653524621532942,0.30096504205174746,0.2025145563391832,0.07953646127755795,0.0784196790493642,0.03727938909143676,0.06013981173864895,0.038798920377867745,0.06620879120879121,0.014821272885789015,0.029061576127124907,0.020075757575757577,0.0,0.013888888888888888,0.0,0.015625,0.013157894736842105,0.05,0.0,0.0,,,,,,,,,,,,,,,,,,,,
A351P2O6QGTCS,rec,20-1,20.0,1000.0,,,,,,,,,,,,,,,,,,,,,0.030303030303030304,0.034210526315789476,0.011904761904761904,0.026709401709401708,0.019047619047619046,0.01075268817204301,0.018353174603174604,0.04362440628425283,0.015213675213675212,0.008547008547008546,0.017094017094017092,0.015503875968992248,0.03680773249738767,0.021249359959037376,0.04949044011544012,0.06507936507936507,0.054989014633337475,0.09332659251769464,0.266000666000666,0.29379038902848426,0.06015235093249277,0.0772005772005772,0.05455455455455455,0.05128205128205129,0.03888888888888888,0.07692307692307693,0.049206349206349205,0.03508771929824561,0.06613756613756613,0.09047619047619049,0.19696969696969693,0.07142857142857142,0.0,0.0,0.0,0.0,0.0,0.0,,,,,,,,,,,,,,,,,,,,
A39R5EBK7W916X,ns,20-1,20.0,1000.0,,,,,,,,,,,,,,,,,,,,,0.0,0.0,0.0,0.0,0.0,0.0,0.0,0.038461538461538464,0.0,0.0,0.0,0.027777777777777776,0.02631578947368421,0.0,0.0,0.0,0.019230769230769232,0.03225806451612903,0.07352941176470588,0.27106227106227104,0.33362573099415205,0.1961988304093567,0.08712121212121213,0.026709401709401708,0.0,0.0,0.017857142857142856,0.0,0.0,0.0,0.0,0.02631578947368421,0.0,0.0,0.0,0.0,0.0,0.0,,,,,,,,,,,,,,,,,,,,
A3D9PJ37U7LCHE,ns,20-1,20.0,1000.0,,,,,,,,,,,,,,,,,,,,,,0.0,0.08333333333333333,0.1111111111111111,0.05555555555555555,0.0,0.07142857142857142,0.0,0.08125,0.017857142857142856,0.0,0.045454545454545456,0.03571428571428571,0.016666666666666666,0.03835227272727273,0.015625,0.048039215686274506,0.0389515455304929,0.017857142857142856,0.29379985754985755,0.22001986276634164,0.10227272727272727,0.0953574611662847,0.058383878860737204,0.021739130434782608,0.0,0.0,0.025657894736842105,0.01909722222222222,0.0,0.0,0.0,0.014705882352941176,0.027777777777777776,0.0,0.0,0.0,0.0,,,,,,,,,,,,,,,,,,,,
A3EVXSWHYA1PTT,rec,20-1,20.0,1000.0,,,,,,,,,,,,,,,,,,,,,0.1431818181818182,0.12366310160427807,0.07966037585602803,0.06650063856960409,0.08152255077658303,0.03836754643206256,0.024242424242424242,0.00641025641025641,0.0,0.025007817385866167,0.02769151138716356,0.0,0.004629629629629629,0.013401559454191032,0.0,0.029223044150007024,0.03954337131227666,0.0980772146620674,0.21070702109338044,0.5420122180451128,0.27283570805466406,0.12633741834202664,0.08398715506620576,0.04375503454472225,0.02070873083045932,0.014160285811758462,0.007352941176470588,0.007321731748726655,0.003676470588235294,0.0,0.0,0.0,0.0,0.0,0.0,0.0,0.0,0.0,,,,,,,,,,,,,,,,,,,,
A3GIUDSA1IGTFV,ns,20-1,20.0,1000.0,,,,,,,,,,,,,,,,,,,,,0.5,0.1111111111111111,0.16666666666666666,0.10000000000000002,0.0,0.0,0.023809523809523808,0.0,0.0,0.015151515151515152,0.024691358024691357,0.0,0.0,0.01075268817204301,0.0,0.008333333333333333,0.025252525252525252,0.045755693581780534,0.04112388250319285,0.49272788770505666,0.18687030608559785,0.10059523809523811,0.09722222222222221,0.028999211977935382,0.015873015873015872,0.0,0.0,0.010101010101010102,0.0,0.0,0.012820512820512822,0.0,0.0,0.0,0.0,0.0,0.0,0.0,,,,,,,,,,,,,,,,,,,,
A3HXK0UGS1YDMC,prim,20-1,20.0,1000.0,,,,,,,,,,,,,,,,,,,,,0.0,0.25,0.0,0.0,0.0,0.0,0.0,0.0,0.0,0.0,0.0,0.0,0.0,0.0,0.006097560975609756,0.028846153846153848,0.02862953692115144,0.05803571428571429,0.08339709030953271,0.28398255303881437,0.2976327610745419,0.16944521519299544,0.09222102586261856,0.04551745150727574,0.021896924914166293,0.016824751580849142,0.0,0.0,0.0,0.006097560975609756,0.0,0.008928571428571428,0.0,0.0,0.0,0.0,0.0,0.0,,,,,,,,,,,,,,,,,,,,
A3ITZNJQUTIZ4C,rec,20-1,20.0,1000.0,,,,,,,,,,,,,,,,,,,,,0.08333333333333333,0.020833333333333332,0.029411764705882353,0.02661064425770308,0.03365384615384615,0.012195121951219513,0.04222408026755853,0.028820116054158608,0.029411764705882353,0.05516194331983806,0.009259259259259259,0.02729044834307992,0.017857142857142856,0.0,0.008064516129032258,0.06780751415337108,0.11145351823317926,0.1439655172413793,0.1985539488320356,0.22416666666666668,0.16142490372272145,0.05417956656346749,0.09508881922675026,0.08333333333333333,0.05570291777188329,0.0,0.08761904761904762,0.0,0.08680555555555555,0.0,0.03571428571428571,0.08333333333333333,0.10714285714285714,0.08333333333333333,0.0,0.0,,,,,,,,,,,,,,,,,,,,,,
A3MHP4LZ3V88NF,prim,20-1,20.0,1000.0,,,,,,,,,,,,,,,,,,,,,0.5,0.0,0.047619047619047616,0.0,0.027777777777777776,0.0,0.0,0.0,0.0,0.017857142857142856,0.0,0.0,0.0,0.013513513513513514,0.0078125,0.0,0.03768799342692816,0.04877302929628511,0.11005660617244062,0.5262787410044958,0.3009973507869721,0.07734963449249163,0.035525064301789734,0.01669799498746867,0.0029069767441860465,0.007352941176470588,0.0,0.0,0.004464285714285714,0.0,0.0,0.00641025641025641,0.0,0.0,0.0,0.0,0.0,0.0,,,,,,,,,,,,,,,,,,,,
A3NRIEMOJVVX4A,rec,20-1,20.0,1000.0,,,,,,,,,,,,,,,,,,,,,0.05397727272727273,0.013888888888888888,0.024321266968325792,0.006944444444444444,0.020525451559934318,0.00625,0.00625,0.00625,0.015763546798029555,0.023809523809523808,0.021462639109697933,0.02108927108927109,0.018384663733500943,0.026647286821705425,0.032467532467532464,0.03745555749839716,0.09213261844840792,0.133047014625962,0.2426424696585987,0.3492063492063492,0.10789545703338807,0.1979270729270729,0.06346153846153846,0.0,0.0733695652173913,0.011363636363636364,0.013157894736842105,0.20833333333333331,0.05,0.0,0.0,0.1111111111111111,0.0,0.0909090909090909,0.16666666666666666,0.3333333333333333,0.0,0.0,,,,,,,,,,,,,,,,,,,,
A3PEV3KN6F7JRG,ns,20-1,20.0,1000.0,,,,,,,,,,,,,,,,,,,,,,1.0,0.5,0.125,0.0,0.0,0.0,0.0,0.08333333333333333,0.0625,0.041666666666666664,0.0,0.0,0.05,0.0,0.0,0.0,0.0,0.0,0.28584558823529416,0.171875,0.08333333333333334,0.08620689655172414,0.21839080459770113,0.017241379310344827,0.0,0.021739130434782608,0.02631578947368421,0.0,0.0,0.0,0.0,0.0,0.0,0.0,0.0,0.0,0.0,,,,,,,,,,,,,,,,,,,,
A3QKOYP52HYRH2,rec,20-1,20.0,1000.0,,,,,,,,,,,,,,,,,,,,,0.0,0.03125,0.03393665158371041,0.056372549019607844,0.08384241854636591,0.11682900432900432,0.048165954415954414,0.04010416666666666,0.025074404761904763,0.045844780219780217,0.02612701049611115,0.013888888888888888,0.03182320823830258,0.02003205128205128,0.031914199418301134,0.04202181099299974,0.08853483994806777,0.08336298064974937,0.1328057459823452,0.3088065671072189,0.1600353333769548,0.11368257526596268,0.05094503986061982,0.059282751562163324,0.03573581560283688,0.02229615622472765,0.027353896103896103,0.014087301587301586,0.01568627450980392,0.03362068965517241,0.009615384615384616,0.009259259259259259,0.04707792207792208,0.046536796536796536,0.05844155844155844,0.0,0.07500000000000001,0.0,,,,,,,,,,,,,,,,,,,,
A3RFOODI4G4P4K,rec,20-1,20.0,1000.0,,,,,,,,,,,,,,,,,,,,,0.0,0.014705882352941176,0.010869565217391304,0.018874643874643875,0.0,0.0,0.03203660471102332,0.011111111111111112,0.010869565217391304,0.010151763740771123,0.028347877612583495,0.03311642332607199,0.024888591800356505,0.05188318051525681,0.05116186857441249,0.08407002512602026,0.06627282260334293,0.1726278954539824,0.26443994601889337,0.23152224599517227,0.1517972406996797,0.1204391321412598,0.027395123062645528,0.05757575757575758,0.04060498468393205,0.01,0.007352941176470588,0.009615384615384616,0.0443452380952381,0.0,0.017857142857142856,0.0,0.019230769230769232,0.0,0.0,0.0,0.0,0.0,,,,,,,,,,,,,,,,,,,,
A3RHJEMZ4EGY2U,rec,20-1,20.0,1000.0,,,,,,,,,,,,,,,,,,,,,0.0,0.0,0.04134615384615385,0.07307471264367815,0.06021671826625387,0.032379032258064516,0.037256603046076725,0.09450804712128755,0.058147346656561225,0.03558637130065701,0.03786637681324588,0.03943452380952381,0.04824763684837598,0.0661775749432507,0.04668032087386926,0.05950905455726684,0.0798569069895432,0.07398243539097615,0.12694613821138212,0.16422518363771144,0.10967382642712258,0.09254786248541824,0.06709158592288161,0.05369836182336182,0.05684299187115207,0.05370857033143735,0.06946946232660518,0.06461576878813541,0.04171927609427609,0.0393939393939394,0.021739130434782608,0.009259259259259259,0.05795454545454545,0.0882034632034632,0.019230769230769232,0.03125,0.0,0.08333333333333333,,,,,,,,,,,,,,,,,,,,
A3S76P3L3USWI1,prim,20-1,20.0,1000.0,,,,,,,,,,,,,,,,,,,,,1.0,0.0,0.0,0.0,0.0,0.0,0.0,0.0,0.0,0.0,0.0,0.0,0.0,0.010869565217391304,0.0,0.0,0.007352941176470588,0.0,0.0,0.441866048927408,0.28618421052631576,0.11245503134957344,0.08498944971958465,0.06131044665928387,0.021147728199690026,0.0,0.006097560975609756,0.0,0.016666666666666666,0.0,0.007575757575757576,0.0,0.0,0.0,0.0,0.019230769230769232,0.0,0.0,,,,,,,,,,,,,,,,,,,,
A3USPFFWN1G5PF,rec,20-1,20.0,1000.0,,,,,,,,,,,,,,,,,,,,,0.0,0.031746031746031744,0.014705882352941176,0.03243284493284493,0.007575757575757576,0.024138471177944862,0.02923076923076923,0.04072959560764439,0.04054128238910848,0.029248366013071896,0.036015621283478426,0.04023115993023896,0.05438954427925016,0.03580641060341363,0.0460726667916042,0.07602524069737185,0.08439928958422717,0.08404991517657032,0.15601183517748235,0.16738863587846012,0.12884383217494158,0.10800135501355014,0.09666583416583417,0.043215090090090086,0.0907076067229543,0.03535980148883375,0.026190476190476188,0.04195804195804196,0.023157894736842106,0.0125,0.015625,0.013157894736842105,0.03571428571428571,0.0,0.0,0.0,0.0,0.25,,,,,,,,,,,,,,,,,,,,
A50UY1556VDIA,ns,20-1,20.0,1000.0,,,,,,,,,,,,,,,,,,,,,0.5,0.0,0.0,0.0,0.0,0.0,0.0,0.0,0.025,0.020833333333333332,0.040584415584415584,0.0,0.0,0.029411764705882353,0.04093567251461988,0.022727272727272728,0.08834586466165413,0.09361471861471861,0.08836996336996336,0.17233154442456766,0.22635658914728682,0.09649122807017543,0.052775441547518925,0.0,0.07486424394319131,0.02930622009569378,0.05453453453453454,0.0,0.0,0.008928571428571428,0.0,0.0,0.0,0.0,0.0,0.0625,0.0,0.0,,,,,,,,,,,,,,,,,,,,
A7R1OLLU1Z6RA,rec,20-1,20.0,1000.0,,,,,,,,,,,,,,,,,,,,,0.1167929292929293,0.0,0.02925925925925926,0.023271889400921657,0.0422412984332489,0.018222506393861894,0.027323646850044365,0.0161907190209077,0.038466394716394715,0.009980237154150197,0.016551383399209488,0.023637830207703166,0.02473665852807813,0.02994540426179407,0.03196248196248196,0.06209195419921451,0.0474902599235851,0.10854964934548045,0.22216344513791794,0.38396956437292934,0.15934246229570265,0.06622343384889284,0.03859570661896243,0.04032258064516129,0.06191215289791002,0.025210084033613446,0.0234375,0.02724137931034483,0.0125,0.06493506493506493,0.04435170807453416,0.03588516746411483,0.016666666666666666,0.03125,0.03125,0.0,0.125,0.0,,,,,,,,,,,,,,,,,,,,
AEJU0MCYOQC77,prim,20-1,20.0,1000.0,,,,,,,,,,,,,,,,,,,,,0.5,0.1,0.047619047619047616,0.0,0.06666666666666667,0.0,0.0,0.0,0.0,0.0,0.0,0.0,0.0,0.024593763724198508,0.012345679012345678,0.02001194743130227,0.020451770451770452,0.06599085668853111,0.08485123681024044,0.3654027161489848,0.2113740055482954,0.18967698967698968,0.0843664347459414,0.04400542959864994,0.024318183551011383,0.0177565124933546,0.0,0.0,0.0,0.0,0.0,0.0,0.015873015873015872,0.0,0.0,0.0,0.0,0.0,,,,,,,,,,,,,,,,,,,,
AHU3EE2Q05E18,prim,20-1,20.0,1000.0,,,,,,,,,,,,,,,,,,,,,0.0,0.0,0.0,0.0,0.0,0.0,0.0,0.022727272727272728,0.0,0.0,0.0,0.0,0.0,0.02631578947368421,0.0,0.0,0.009259259259259259,0.013494318181818182,0.044407277574800036,0.37255016761420734,0.25027976778656125,0.22222077062430323,0.06248426906994682,0.060027399091152095,0.011208576998050682,0.011658717541070483,0.0,0.015625,0.008333333333333333,0.0,0.0,0.0,0.0,0.0,0.0,0.0,0.0,0.0,,,,,,,,,,,,,,,,,,,,
AJD90361AJO80,ns,20-1,20.0,1000.0,,,,,,,,,,,,,,,,,,,,,0.0,0.022727272727272728,0.08333333333333333,0.016666666666666666,0.011904761904761904,0.023268398268398268,0.010416666666666666,0.07039337474120083,0.02332657200811359,0.11470734126984126,0.016129032258064516,0.0412828947368421,0.05257936507936508,0.05365452503209243,0.0342469545957918,0.1059269357482513,0.06655023547880691,0.10618881118881118,0.08737373737373737,0.18054634045200083,0.15176596279537458,0.05893187524778644,0.07421785139176443,0.058127656096763645,0.0360016420361248,0.05806686046511628,0.03748247827305859,0.03505291005291005,0.03953823953823954,0.01675675675675676,0.0,0.011363636363636364,0.014705882352941176,0.0,0.0,0.027777777777777776,0.0,0.0,,,,,,,,,,,,,,,,,,,,
AK52RXEJKR81A,ns,20-1,20.0,1000.0,,,,,,,,,,,,,,,,,,,,,0.0,0.0,0.041666666666666664,0.0,0.0,0.0,0.016666666666666666,0.0,0.013333333333333334,0.0,0.0,0.010416666666666666,0.0,0.013605442176870748,0.04462895692786715,0.08046358761459955,0.09555555555555556,0.14566353187042844,0.16883902546334487,0.24786349940438654,0.21091642612379938,0.18254573170731705,0.061507936507936505,0.02674109516214779,0.00980392156862745,0.011494252873563218,0.0,0.0,0.0,0.0,0.0,0.0,0.0,0.0,0.0,0.0,0.0,0.0,,,,,,,,,,,,,,,,,,,,
AMJAZPJBO936R,prim,20-1,20.0,1000.0,,,,,,,,,,,,,,,,,,,,,0.3333333333333333,0.25,0.0,0.03571428571428571,0.0,0.0,0.0,0.0,0.0,0.03636363636363636,0.025625000000000002,0.03256302521008403,0.028333333333333335,0.017857142857142856,0.007142857142857143,0.04863855950812472,0.04851973684210526,0.12811135092334808,0.24181818181818182,0.4463888137328087,0.28120660022418953,0.08491095875533472,0.052216195033413085,0.02293588816118164,0.019271925227113906,0.005208333333333333,0.002631578947368421,0.005848153214774282,0.0033783783783783786,0.007352941176470588,0.0,0.004545454545454545,0.00510204081632653,0.0,0.0,0.009615384615384616,0.0,0.0,,,,,,,,,,,,,,,,,,,,
AOQZVAH5FSKGE,prim,20-1,20.0,1000.0,,,,,,,,,,,,,,,,,,,,,0.0,0.0,0.0,0.041666666666666664,0.0,0.0,0.0,0.0,0.0,0.0,0.0,0.0,0.0,0.0,0.0,0.0,0.0,0.007575757575757576,0.016968325791855206,0.3766335110746514,0.37173469387755104,0.13441489361702127,0.06448803257313895,0.049198617221873034,0.006578947368421052,0.006756756756756757,0.008333333333333333,0.009259259259259259,0.0,0.0,0.0,0.0,0.0,0.015625,0.0,0.0,0.0,0.25,,,,,,,,,,,,,,,,,,,,
AQCJI23U1VBYD,prim,20-1,20.0,1000.0,,,,,,,,,,,,,,,,,,,,,,0.0,0.0,0.08333333333333333,0.0,0.0,0.0,0.0,0.0,0.0,0.0,0.0,0.0,0.0,0.0,0.0125,0.0,0.009259259259259259,0.04110373181530677,0.6843052966865923,0.17918643263757114,0.06546351674641149,0.047652027027027026,0.0,0.009259259259259259,0.0,0.0,0.0,0.01,0.0,0.0,0.0,0.0,0.0,0.0,0.0,0.0,0.125,,,,,,,,,,,,,,,,,,,,
AQPFTUIJ0PW2N,prim,20-1,20.0,1000.0,,,,,,,,,,,,,,,,,,,,,,0.0,0.0,0.0,0.0,0.0,0.0,0.0,0.0,0.05555555555555555,0.0,0.0,0.0,0.022222222222222223,0.0,0.0,0.0,0.020833333333333332,0.0,0.18852813852813852,0.17997557997557997,0.1738496071829405,0.20838915470494415,0.10516290726817042,0.02666666666666667,0.029761904761904757,0.053246753246753244,0.03439153439153439,0.025641025641025644,0.0,0.0,0.0,0.0,0.0,0.0,0.0,0.0,0.0,,,,,,,,,,,,,,,,,,,,
AXFCUZ1WQC2WY,ns,20-1,20.0,1000.0,,,,,,,,,,,,,,,,,,,,,0.6,0.0,0.0,0.03333333333333333,0.0,0.06267806267806268,0.0,0.015873015873015872,0.0,0.020833333333333332,0.0,0.0,0.0,0.03908651734738691,0.0,0.020276497695852533,0.026984126984126982,0.06363636363636364,0.05157962604771116,0.35168269230769234,0.21099581444018137,0.20851441402288862,0.09987228607918264,0.04491341991341991,0.007936507936507936,0.016666666666666666,0.017139090309822018,0.0,0.0,0.0,0.0,0.0,0.0,0.0,0.0,0.0,0.0,0.0,,,,,,,,,,,,,,,,,,,,
AY7M9MOLNXIIK,ns,20-1,20.0,1000.0,,,,,,,,,,,,,,,,,,,,,0.0,0.0,0.025,0.0,0.0,0.0,0.0,0.0,0.03165584415584416,0.027777777777777776,0.0,0.0,0.022727272727272728,0.017279821627647712,0.011904761904761904,0.04125,0.06569767441860466,0.07185374149659864,0.07485119047619047,0.3153764320785597,0.2349702380952381,0.13522727272727272,0.03738336550836551,0.0140625,0.021778584392014518,0.0,0.006944444444444444,0.0,0.125,0.014705882352941176,0.0,0.08333333333333333,0.0,0.0,0.0,0.25,0.0,0.0,,,,,,,,,,,,,,,,,,,,
AZZA3J049G7R5,rec,20-1,20.0,1000.0,,,,,,,,,,,,,,,,,,,,,0.18055555555555555,0.0,0.05572755417956656,0.041666666666666664,0.03840579710144927,0.0328042328042328,0.01282051282051282,0.029166666666666667,0.0,0.014705882352941176,0.02393018018018018,0.0,0.0,0.02079759862778731,0.008620689655172414,0.0757142857142857,0.10348360655737704,0.09807692307692309,0.3157894736842105,0.5005411255411255,0.15219541139240506,0.03930857874519846,0.04981992797118848,0.028852353320438427,0.019444444444444445,0.013513513513513514,0.0,0.0,0.03125,0.047619047619047616,0.021739130434782608,0.027777777777777776,0.016666666666666666,0.0,0.029411764705882353,0.0,0.0,0.0,,,,,,,,,,,,,,,,,,,,
A102RSV009OCUW,prim,15-2,15.0,2000.0,,,,,,,,,,,,,,,,,,,,,,,,,,0.25,0.16666666666666666,0.0,0.0,0.0,0.0,0.017857142857142856,0.015625,0.0,0.0,0.0,0.0,0.0,0.016666666666666666,0.7647231142566149,0.21093767928858292,0.0317054777992278,0.0,0.0,0.0,0.0,0.0,0.005681818181818182,0.006578947368421052,0.0,0.0,0.0,0.041666666666666664,,,,,,,,,,,,,,,,,,,,,,,,,
A11BHGAKU0RIH8,rec,15-2,15.0,2000.0,,,,,,,,,,,,,,,,,,,,,,,,,,0.0,0.08333333333333333,0.08187134502923976,0.0,0.0,0.0,0.03333333333333333,0.029411764705882353,0.025,0.013888888888888888,0.017857142857142856,0.08711433756805807,0.1674937965260546,0.43678160919540227,0.3940476190476191,0.1231527093596059,0.03225806451612903,0.0,0.0,0.017857142857142856,0.06628787878787878,0.0,0.02631578947368421,0.03333333333333333,0.0,0.0,0.0,0.0,,,,,,,,,,,,,,,,,,,,,,,,,
A13GBA16BNTN1A,rec,15-2,15.0,2000.0,,,,,,,,,,,,,,,,,,,,,,,,,,0.0,0.013888888888888888,0.013888888888888888,0.008333333333333333,0.035342261904761904,0.08291824794433902,0.08216422466422467,0.060111416361416356,0.07107475857475858,0.057557354925775975,0.06930426425889505,0.06535605372814675,0.12746986116551334,0.24462455436720143,0.1754755918709407,0.13672375382901697,0.08828855675774802,0.09835752482811307,0.07745098039215687,0.08487068965517242,0.06737012987012987,0.06136363636363637,0.020833333333333332,0.017857142857142856,0.0,0.0,0.0,0.0,,,,,,,,,,,,,,,,,,,,,,,,,
A13THDIE8LTQ11,ns,15-2,15.0,2000.0,,,,,,,,,,,,,,,,,,,,,,,,,,0.0,0.05555555555555555,0.025,0.0,0.0,0.03333333333333333,0.014705882352941176,0.010416666666666666,0.04497354497354497,0.04583333333333334,0.05148883374689826,0.08511904761904762,0.11282268947803753,0.2751310006761325,0.35805681693839586,0.15024052065647991,0.11276854158857555,0.049193548387096775,0.015909090909090907,0.0,0.0,0.0125,0.0,0.0,0.0,0.03571428571428571,0.0,0.0,,,,,,,,,,,,,,,,,,,,,,,,,
A150QX2OXHGK8P,rec,15-2,15.0,2000.0,,,,,,,,,,,,,,,,,,,,,,,,,,0.11696428571428572,0.0,0.10048076923076923,0.025,0.014705882352941176,0.04194078947368421,0.047179089026915116,0.03819444444444444,0.04995666849115125,0.025669642857142856,0.09616160335607597,0.07897249809014514,0.17321917505741036,0.12854251012145748,0.26130368814192345,0.2145059636757929,0.08840682737741562,0.05436081242532855,0.019202898550724636,0.02142857142857143,0.0624266800737389,0.011363636363636364,0.027777777777777776,0.019230769230769232,0.027777777777777776,0.0,0.0,0.0,,,,,,,,,,,,,,,,,,,,,,,,,
A151XA53WYXVD7,prim,15-2,15.0,2000.0,,,,,,,,,,,,,,,,,,,,,,,,,,0.0,0.0,0.10606060606060605,0.11607142857142858,0.027777777777777776,0.034722222222222224,0.05208333333333333,0.017857142857142856,0.0,0.039867424242424246,0.05289304993252362,0.06750901773590373,0.09807053411704575,0.16101280500100826,0.6255232664055486,0.14496754819335464,0.044027358138421124,0.06345348602562809,0.03577678653666495,0.0,0.007575757575757576,0.0,0.0,0.0458128078817734,0.03256302521008403,0.036616161616161616,0.027777777777777776,0.025,,,,,,,,,,,,,,,,,,,,,,,,,
A1618RA11ZOD8Y,rec,15-2,15.0,2000.0,,,,,,,,,,,,,,,,,,,,,,,,,,0.0,0.04791666666666666,0.020833333333333332,0.11503623188405797,0.06964285714285715,0.05852826510721247,0.0469633307868602,0.05868947726910424,0.06512813627475281,0.06488306982872201,0.033439477189477186,0.09832275263630774,0.10087987328888254,0.28364680520570346,0.34965473948524795,0.17350937014897627,0.15566639948932331,0.06244274136715997,0.044910079743752294,0.05581805581805582,0.03238134513336126,0.04735449735449736,0.023863636363636365,0.10213675213675213,0.033482142857142856,0.059027777777777776,0.1,0.0,,,,,,,,,,,,,,,,,,,,,,,,,
A19X8IA9EKC3XH,ns,15-2,15.0,2000.0,,,,,,,,,,,,,,,,,,,,,,,,,,0.566504329004329,0.09642857142857142,0.02976190476190476,0.0,0.01393188854489164,0.0,0.02963698241633579,0.011387163561076604,0.012195121951219513,0.02609756097560976,0.03743857493857494,0.0356942889137738,0.03634453781512605,0.16898148148148148,0.6126094273804233,0.17512322015334064,0.06863275613275613,0.05525064077695657,0.056482919254658384,0.008928571428571428,0.027575757575757576,0.062760802261408,0.027777777777777776,0.0,0.0,0.0,0.0,0.0,,,,,,,,,,,,,,,,,,,,,,,,,
A1CFMY4CEYOM8Y,rec,15-2,15.0,2000.0,,,,,,,,,,,,,,,,,,,,,,,,,,0.0625,0.016666666666666666,0.025,0.0,0.0,0.021739130434782608,0.043478260869565216,0.03314393939393939,0.03009259259259259,0.05109126984126984,0.035625000000000004,0.04703703703703704,0.10104936623478823,0.15245098039215688,0.3598861283643892,0.18035714285714285,0.14583333333333331,0.20416666666666666,0.041666666666666664,0.1125,0.1875,0.08333333333333333,0.0,0.125,0.0,0.25,0.8333333333333333,0.16666666666666666,,,,,,,,,,,,,,,,,,,,,,,,,
A1E0K2VGY2684V,ns,15-2,15.0,2000.0,,,,,,,,,,,,,,,,,,,,,,,,,,0.08333333333333333,0.1875,0.03571428571428571,0.0,0.0,0.03571428571428571,0.0496031746031746,0.020833333333333332,0.07320804195804195,0.0,0.041666666666666664,0.029454022988505746,0.09102564102564104,0.15323886639676115,0.39386404734506,0.22514003660362708,0.04956165158371041,0.0231990231990232,0.04006410256410256,0.03125,0.022727272727272728,0.022727272727272728,0.0,0.0,0.0,0.0,0.0,0.0,,,,,,,,,,,,,,,,,,,,,,,,,
A1NQOR4RQJJDMW,ns,15-2,15.0,2000.0,,,,,,,,,,,,,,,,,,,,,,,,,,0.0,0.020833333333333332,0.08333333333333333,0.010416666666666666,0.02802712856265578,0.03985366485366486,0.01998426047020895,0.017191142191142192,0.019451280648983684,0.003472222222222222,0.017835576259489304,0.04796382130205129,0.06231863323413921,0.43990616409769295,0.755320442369079,0.08372482688520425,0.040375695732838585,0.03723138323607667,0.039935944813993596,0.006944444444444444,0.0,0.007575757575757576,0.0125,0.0,0.053968253968253964,0.0,0.030303030303030304,0.12857142857142856,,,,,,,,,,,,,,,,,,,,,,,,,
A1PZIN8H1VI6SY,prim,15-2,15.0,2000.0,,,,,,,,,,,,,,,,,,,,,,,,,,0.0,0.0,0.0,0.0,0.041666666666666664,0.0,0.0,0.0,0.0,0.03269537480063796,0.0,0.0,0.027972027972027972,0.022762345679012346,0.7449082476305707,0.18557694343857867,0.039477124183006536,0.014492753623188406,0.007936507936507936,0.0,0.010416666666666666,0.0,0.0,0.0,0.0,0.0,0.0,0.0,,,,,,,,,,,,,,,,,,,,,,,,,
A1QRIZY9WJW3R1,prim,15-2,15.0,2000.0,,,,,,,,,,,,,,,,,,,,,,,,,,,0.0,0.0,0.0,0.0,0.0,0.0,0.0,0.0,0.0,0.0,0.01,0.008928571428571428,0.0,0.6933170995670996,0.21439998620699668,0.07225400148578376,0.035037878787878785,0.00902732595966168,0.0,0.0,0.0,0.0,0.009259259259259259,0.0,0.0,0.0,0.0,,,,,,,,,,,,,,,,,,,,,,,,,
A1QXJZFA5NVGM3,prim,15-2,15.0,2000.0,,,,,,,,,,,,,,,,,,,,,,,,,,0.0,0.0,0.0,0.1,0.0,0.0,0.0,0.0,0.0,0.0,0.0,0.0,0.02631578947368421,0.041666666666666664,0.8935705368289637,0.07532840722495895,0.01213235294117647,0.006329113924050633,0.007352941176470588,0.0,0.0,0.0,0.0,0.0,0.0,0.0,0.03571428571428571,0.0,,,,,,,,,,,,,,,,,,,,,,,,,
A1ROEDVMTO9Y3X,ns,15-2,15.0,2000.0,,,,,,,,,,,,,,,,,,,,,,,,,,0.275,0.027777777777777776,0.046536796536796536,0.049055330634278,0.05265151515151515,0.04017094017094017,0.017241379310344827,0.007575757575757576,0.007352941176470588,0.0078125,0.017991239048811013,0.08979419703103914,0.17237538290169868,0.36055113458572474,0.6750819217584191,0.09464762716680876,0.05085871732696613,0.015358324625566005,0.01603442513368984,0.009615384615384616,0.008771929824561403,0.011752136752136752,0.03208206943040108,0.02704896454896455,0.026785714285714284,0.013157894736842105,0.0,0.0,,,,,,,,,,,,,,,,,,,,,,,,,
A1SCF3L6LTFQHF,prim,15-2,15.0,2000.0,,,,,,,,,,,,,,,,,,,,,,,,,,0.0,0.0,0.0,0.0,0.0,0.0,0.0,0.0,0.0,0.0,0.0,0.0,0.010869565217391304,0.03128623188405797,0.9136105324836324,0.0772604866820041,0.01176948051948052,0.0,0.0,0.0,0.0,0.0,0.0,0.0,0.0,0.0,0.0,0.0,,,,,,,,,,,,,,,,,,,,,,,,,
A1T7EB1WEDCMXV,ns,15-2,15.0,2000.0,,,,,,,,,,,,,,,,,,,,,,,,,,0.352020202020202,0.072008547008547,0.019490254872563718,0.036044973544973546,0.01917562724014337,0.01691919191919192,0.0,0.010416666666666666,0.022620192307692306,0.030953244868339207,0.014385964912280702,0.0738461105482382,0.061318422717924384,0.12077294685990338,0.5332904982844173,0.23532014128759052,0.12941549783928258,0.0477015477015477,0.06747685185185184,0.011363636363636364,0.010869565217391304,0.04195804195804196,0.0,0.0,0.0,0.0,0.0,0.08333333333333333,,,,,,,,,,,,,,,,,,,,,,,,,
A1TR2AOKWGQ78A,ns,15-2,15.0,2000.0,,,,,,,,,,,,,,,,,,,,,,,,,,0.0,0.16666666666666666,0.0,0.0,0.047619047619047616,0.047619047619047616,0.0,0.0,0.025641025641025644,0.044444444444444446,0.0,0.07692307692307693,0.05974162240146894,0.1990552871712292,0.33214285714285713,0.20675675675675675,0.15056360708534622,0.0462962962962963,0.033179012345679014,0.04485852311939268,0.013333333333333334,0.0,0.0,0.0,0.0,0.047619047619047616,0.0,0.0,,,,,,,,,,,,,,,,,,,,,,,,,
A1UOP419O6P55R,prim,15-2,15.0,2000.0,,,,,,,,,,,,,,,,,,,,,,,,,,1.0,0.0,0.0,0.0,0.0,0.0,0.0,0.0,0.0,0.0,0.0,0.0,0.0,0.013888888888888888,0.928899046726051,0.06253180213397212,0.012020202020202021,0.0,0.0,0.0,0.0,0.0,0.0,0.0,0.0,0.0,0.0,0.0,,,,,,,,,,,,,,,,,,,,,,,,,
A1WM3INNDW2776,ns,15-2,15.0,2000.0,,,,,,,,,,,,,,,,,,,,,,,,,,0.0,0.0,0.0625,0.0,0.008333333333333333,0.017857142857142856,0.05048076923076923,0.021438953488372093,0.031475468975468976,0.07719015027525666,0.08027714932126698,0.06916666666666667,0.16421428059359094,0.19141360809979624,0.2577380952380952,0.13902099774192797,0.10799467108156349,0.09397214854111406,0.015685328185328185,0.024321266968325792,0.024245689655172414,0.011904761904761904,0.014705882352941176,0.027777777777777776,0.0,0.017857142857142856,0.025,0.0,,,,,,,,,,,,,,,,,,,,,,,,,
A1Z82Y9E6YWY80,ns,15-2,15.0,2000.0,,,,,,,,,,,,,,,,,,,,,,,,,,0.0,0.0,0.0,0.0,0.0,0.0,0.043402777777777776,0.03522727272727273,0.05879281537176274,0.023863636363636365,0.0,0.02175925925925926,0.13742424242424242,0.3368055555555555,0.3892557651991614,0.22027863777089784,0.005208333333333333,0.011111111111111112,0.0,0.0078125,0.0,0.0,0.0,0.0,0.0,0.0,0.0,0.0,,,,,,,,,,,,,,,,,,,,,,,,,
A2113B699TVADG,prim,15-2,15.0,2000.0,,,,,,,,,,,,,,,,,,,,,,,,,,,0.0,0.0,0.0,0.0,0.0,0.0,0.0,0.0,0.0,0.0,0.0,0.0,0.0,0.8128756722556153,0.1511904761904762,0.046049188906331764,0.0,0.0,0.0,0.0,0.0,0.0,0.0,0.0,0.0,0.0,0.0,,,,,,,,,,,,,,,,,,,,,,,,,
A219SZBLCCCXN9,prim,15-2,15.0,2000.0,,,,,,,,,,,,,,,,,,,,,,,,,,0.0,0.0,0.08333333333333333,0.03571428571428571,0.0,0.03571428571428571,0.016666666666666666,0.13058035714285715,0.04887218045112782,0.034355179704016914,0.05248917748917749,0.03784722222222223,0.022348484848484847,0.1145124716553288,0.4849566181248328,0.09965034965034965,0.05805860805860806,0.06408065618591935,0.06818181818181818,0.10661764705882354,0.047163362952836636,0.03571428571428571,0.01,0.041666666666666664,0.0,0.0,0.0,0.0625,,,,,,,,,,,,,,,,,,,,,,,,,
A22GYYJXTS5KBH,ns,15-2,15.0,2000.0,,,,,,,,,,,,,,,,,,,,,,,,,,0.611111111111111,0.2272727272727273,0.05555555555555555,0.0,0.08333333333333333,0.0,0.13282828282828282,0.0,0.07047619047619048,0.050332383665717,0.012820512820512822,0.0507936507936508,0.0,0.12578068264342776,0.5806171229900042,0.12552740828602896,0.07835016835016835,0.02918985776128633,0.03847576766555679,0.007751937984496124,0.023750000000000004,0.03416666666666667,0.048205418062901205,0.019624334174376225,0.0,0.018518518518518517,0.0196078431372549,0.0,,,,,,,,,,,,,,,,,,,,,,,,,
A22Y78RVB8UFTD,ns,15-2,15.0,2000.0,,,,,,,,,,,,,,,,,,,,,,,,,,0.5555555555555556,0.03571428571428571,0.03125,0.125,0.0,0.08545454545454545,0.08994708994708994,0.016666666666666666,0.07974137931034483,0.0374331550802139,0.06435006435006435,0.056018518518518516,0.08015873015873015,0.060123784261715295,0.4302995391705069,0.1826923076923077,0.12163265306122448,0.08728239845261121,0.03393425238600212,0.023255813953488372,0.027046783625730993,0.0,0.0,0.05631868131868132,0.0,0.0,0.0,0.0,,,,,,,,,,,,,,,,,,,,,,,,,
A233LLG8YAXWF,rec,15-2,15.0,2000.0,,,,,,,,,,,,,,,,,,,,,,,,,,0.050505050505050504,0.025,0.038980509745127435,0.019490254872563718,0.07928316816664982,0.03634453781512605,0.04321881553979826,0.03101503759398496,0.04821821400879433,0.0373329156223893,0.05587674995569732,0.03921509524957801,0.1160303776683087,0.17140444015444015,0.4181770092460882,0.13240595611285266,0.05482456140350877,0.0829059829059829,0.07638888888888888,0.057692307692307696,0.05555555555555555,0.038461538461538464,0.08125,0.10267857142857142,0.09166666666666667,0.125,0.16666666666666666,0.0,,,,,,,,,,,,,,,,,,,,,,,,,
A24GX1OZE6AY04,ns,15-2,15.0,2000.0,,,,,,,,,,,,,,,,,,,,,,,,,,0.290530303030303,0.023369565217391305,0.015417457305502846,0.037107709363806925,0.020975041265349804,0.030518707482993193,0.037320841007534154,0.0264275818776111,0.056491615463389655,0.03806249175150039,0.08513680581875936,0.04702343804174468,0.07568169205932802,0.22730340334482033,0.5678941982476643,0.16553026614735475,0.0725358422939068,0.08261701419698314,0.06135531135531135,0.027413127413127413,0.04009654816106429,0.07597902097902098,0.03125,0.045454545454545456,0.03571428571428571,0.0,0.0,,,,,,,,,,,,,,,,,,,,,,,,,,
A26MT7KJ7NJLRN,ns,15-2,15.0,2000.0,,,,,,,,,,,,,,,,,,,,,,,,,,0.0625,0.041666666666666664,0.08134920634920634,0.0483695652173913,0.025595238095238095,0.08148521505376344,0.08495743727598566,0.056919642857142856,0.03348665223665224,0.13048076923076923,0.039230889724310776,0.044657113044514085,0.08585166799452514,0.08720589890802657,0.17806342632955535,0.1564935064935065,0.0867837861372344,0.05489472811671088,0.09495341614906833,0.1149331550802139,0.08237639553429027,0.10238095238095238,0.05929487179487179,0.12095959595959596,0.025,0.175,0.14821428571428572,0.125,,,,,,,,,,,,,,,,,,,,,,,,,
A26T0U2Y6LZOF3,rec,15-2,15.0,2000.0,,,,,,,,,,,,,,,,,,,,,,,,,,0.0,0.16666666666666666,0.0625,0.0,0.0,0.041666666666666664,0.0,0.08333333333333333,0.041666666666666664,0.0,0.09821428571428571,0.0,0.05,0.2659090909090909,0.4208924949290061,0.07019704433497537,0.03333333333333333,0.03571428571428571,0.03571428571428571,0.0,0.0,0.1111111111111111,0.10476190476190475,0.0,0.0,0.0,0.0,0.0,,,,,,,,,,,,,,,,,,,,,,,,,
A29J4LL0MQL3AC,prim,15-2,15.0,2000.0,,,,,,,,,,,,,,,,,,,,,,,,,,,0.0,0.0,0.0,0.0,0.0,0.0,0.0,0.0,0.0,0.0,0.010416666666666666,0.025305895439377085,0.02685185185185185,0.7665910212980207,0.1355286487495334,0.06956928838951311,0.017994505494505496,0.01,0.0,0.0,0.0,0.0,0.0,0.0,0.0,0.0,0.0,,,,,,,,,,,,,,,,,,,,,,,,,
A2G4R0GS677RC2,rec,15-2,15.0,2000.0,,,,,,,,,,,,,,,,,,,,,,,,,,0.0,0.0,0.0,0.0,0.0,0.0,0.0,0.0,0.03125,0.0,0.023809523809523808,0.15615384615384614,0.2264957264957265,0.5013736263736264,0.05,0.08333333333333333,0.06458333333333333,0.0,0.0,0.0,0.0,0.0,0.0,0.0,0.0,0.0,,,,,,,,,,,,,,,,,,,,,,,,,,,
A2IV3SSVTU90BN,ns,15-2,15.0,2000.0,,,,,,,,,,,,,,,,,,,,,,,,,,0.041666666666666664,0.07777777777777778,0.05208333333333333,0.12536764705882353,0.06593567251461988,0.043478260869565216,0.038461538461538464,0.06617890211640212,0.06120414673046252,0.0616421568627451,0.05799260263545977,0.04018375241779497,0.10520676067693718,0.16482805842970177,0.27951998184299676,0.13995206920738837,0.09796566403796497,0.07563543936092956,0.06569317605276509,0.0442910875940329,0.06702279202279202,0.043025362318840576,0.050595238095238096,0.03859477124183006,0.0125,0.0,0.04583333333333334,0.0625,,,,,,,,,,,,,,,,,,,,,,,,,
A2KZN3UH5NGC9,rec,15-2,15.0,2000.0,,,,,,,,,,,,,,,,,,,,,,,,,,0.11458333333333333,0.041666666666666664,0.04563492063492063,0.060160427807486636,0.04099002849002849,0.08725825579273855,0.08298872180451128,0.06668956043956044,0.06262126636241905,0.042801631988465455,0.04231673847935246,0.05945269016697588,0.11106481481481481,0.2099085299181322,0.4195899885555058,0.1804323656069914,0.10988845558295578,0.058970099667774084,0.022859408033826637,0.01871657754010695,0.0790268759018759,0.07340579710144927,0.057342657342657345,0.031746031746031744,0.07417582417582418,0.0,0.1,0.0,,,,,,,,,,,,,,,,,,,,,,,,,
A2MBFIAGBPU5NG,prim,15-2,15.0,2000.0,,,,,,,,,,,,,,,,,,,,,,,,,,0.0,0.3333333333333333,0.08333333333333333,0.0,0.05,0.05555555555555555,0.0,0.025,0.0,0.0,0.0,0.02388888888888889,0.042342657342657346,0.07756410256410257,0.4501711831911591,0.3133913311378086,0.10368168326205114,0.032578397212543554,0.021749084249084248,0.006756756756756757,0.015640273704789834,0.0,0.0,0.010416666666666666,0.0,0.0,0.0,0.0,,,,,,,,,,,,,,,,,,,,,,,,,
A2O86E23R5T4YO,prim,15-2,15.0,2000.0,,,,,,,,,,,,,,,,,,,,,,,,,,,0.0,0.0,0.0,0.0,0.0,0.0,0.017857142857142856,0.0,0.0,0.0,0.0,0.03277432712215321,0.04583333333333334,0.8448661400043889,0.10259452510586811,0.020442219440967878,0.016836240310077518,0.0,0.0,0.0,0.0,0.0,0.0,0.0,0.0,0.0,0.0,,,,,,,,,,,,,,,,,,,,,,,,,
A2PTABUVOUYAH5,ns,15-2,15.0,2000.0,,,,,,,,,,,,,,,,,,,,,,,,,,0.37103174603174605,0.04191176470588236,0.04707792207792208,0.017857142857142856,0.044522849462365593,0.014955357142857142,0.04800234487734488,0.02244303126656068,0.03671328671328671,0.028575352042344952,0.03341016065663049,0.029137529137529136,0.06996005639097744,0.10931140618640618,0.6074563616184038,0.12574946475505439,0.06406926406926407,0.029869067103109655,0.046961435119329854,0.011904761904761904,0.03609831029185868,0.06315365668813945,0.026094276094276093,0.040865384615384616,0.025657894736842105,0.015625,0.0,0.0,,,,,,,,,,,,,,,,,,,,,,,,,
A2R75YFKVALBXE,rec,15-2,15.0,2000.0,,,,,,,,,,,,,,,,,,,,,,,,,,0.0,0.025,0.037037037037037035,0.027777777777777776,0.0,0.08752860411899313,0.05203619909502262,0.041122399612965654,0.048679542767047695,0.07893799002138274,0.08432539682539682,0.0803448275862069,0.07708333333333334,0.24000000000000002,0.24862579281183933,0.13628522139160437,0.10007974481658692,0.037037037037037035,0.07261904761904761,0.10427807486631016,0.10441176470588234,0.23333333333333334,0.045454545454545456,0.0,0.07142857142857142,0.0,,0.0,,,,,,,,,,,,,,,,,,,,,,,,,
A2RU1Q3C9VHBAO,prim,15-2,15.0,2000.0,,,,,,,,,,,,,,,,,,,,,,,,,,0.1111111111111111,0.0,0.0,0.027777777777777776,0.05048076923076923,0.04513888888888889,0.011363636363636364,0.02291666666666667,0.024193548387096774,0.032233201581027666,0.03102853128054741,0.054093567251461985,0.03573509823509824,0.14234496124031007,0.5362040133779264,0.21248258949739213,0.08452238400868538,0.046713303376906316,0.03394982993197279,0.020530789147810424,0.0,0.019465894465894466,0.0,0.0,0.009615384615384616,0.0,0.0,0.03125,,,,,,,,,,,,,,,,,,,,,,,,,
A2RVG8Y97DE0GM,prim,15-2,15.0,2000.0,,,,,,,,,,,,,,,,,,,,,,,,,,,0.0,0.0,0.0,0.0,0.0,0.022727272727272728,0.019230769230769232,0.014705882352941176,0.0,0.0,0.0,0.009259259259259259,0.0125,0.9454537529991582,0.027116212338593973,0.009615384615384616,0.0,0.0,0.0,0.0,0.0,0.006944444444444444,0.008928571428571428,0.0,0.0,0.0,0.0,,,,,,,,,,,,,,,,,,,,,,,,,
A2UJ9GDNVPX99C,prim,15-2,15.0,2000.0,,,,,,,,,,,,,,,,,,,,,,,,,,0.0,0.0,0.0,0.0,0.0,0.0,0.0,0.0,0.0,0.0,0.0,0.0,0.019615384615384618,0.0,0.6804446010860484,0.2122481684981685,0.05473208409428269,0.0392809364548495,0.02759425651867512,0.00625,0.0,0.013888888888888888,0.0,0.0,0.0,0.0,0.0,0.0,,,,,,,,,,,,,,,,,,,,,,,,,
A2UYZFH5VT5R3H,rec,15-2,15.0,2000.0,,,,,,,,,,,,,,,,,,,,,,,,,,0.0,0.0,0.011904761904761904,0.02658371040723982,0.007142857142857143,0.051742919389978215,0.03435841306731443,0.029512697323266987,0.039991258741258744,0.05829155457732127,0.051448023471760536,0.12086226851851851,0.2126736111111111,0.3095568783068783,0.1778553265370403,0.05148883374689826,0.06508929878495096,0.0125,0.0671195652173913,0.08260233918128654,0.03333333333333333,0.049107142857142856,0.10833333333333334,0.027777777777777776,0.2222222222222222,0.0,0.0,0.0,,,,,,,,,,,,,,,,,,,,,,,,,
A2Y8LZS5C81O25,prim,15-2,15.0,2000.0,,,,,,,,,,,,,,,,,,,,,,,,,,0.0,0.0,0.125,0.027777777777777776,0.0,0.0,0.0,0.011363636363636364,0.0,0.013157894736842105,0.0,0.0,0.009259259259259259,0.0078125,0.4816994725039267,0.261359126984127,0.14168894830659537,0.043941326530612244,0.06108920346028536,0.0,0.016944444444444443,0.013825757575757576,0.0125,0.02488425925925926,0.0,0.0,0.0,0.0,,,,,,,,,,,,,,,,,,,,,,,,,
A30NL5N71G2YAU,ns,15-2,15.0,2000.0,,,,,,,,,,,,,,,,,,,,,,,,,,0.16666666666666666,0.08333333333333333,0.125,0.1111111111111111,0.010416666666666666,0.0,0.010869565217391304,0.006578947368421052,0.0,0.016993087557603686,0.029910714285714284,0.04738065114709852,0.10866417539567244,0.25164761728514734,0.47077087149329994,0.20172138121222788,0.1167250233426704,0.04246031746031746,0.03730558755760369,0.008620689655172414,0.009259259259259259,0.0,0.0,0.0,0.0,0.0,0.0,0.0,,,,,,,,,,,,,,,,,,,,,,,,,
A310Y949ILSN3P,prim,15-2,15.0,2000.0,,,,,,,,,,,,,,,,,,,,,,,,,,1.0,0.0,0.0,0.05,0.0,0.0,0.0,0.0,0.0,0.0,0.0,0.011904761904761904,0.01,0.0519124785114774,0.869780633828436,0.12420969271882051,0.00949367088607595,0.006666666666666667,0.0,0.0,0.0,0.0,0.0,0.0,0.0,0.0,0.0,0.0,,,,,,,,,,,,,,,,,,,,,,,,,
A31P78W9ZCQXCS,ns,15-2,15.0,2000.0,,,,,,,,,,,,,,,,,,,,,,,,,,0.0,0.041666666666666664,0.0,0.25,0.027777777777777776,0.020833333333333332,0.0,0.0,0.0,0.022727272727272728,0.010869565217391304,0.07045454545454546,0.10227272727272728,0.06340579710144928,0.4304239200515796,0.13339920948616601,0.0415282392026578,0.06351351351351352,0.125,0.019230769230769232,0.0,0.0,0.027777777777777776,0.0625,0.0,0.041666666666666664,0.0,0.0,,,,,,,,,,,,,,,,,,,,,,,,,
A347RDI3HZOUCY,prim,15-2,15.0,2000.0,,,,,,,,,,,,,,,,,,,,,,,,,,,0.0,0.0,0.0,0.0,0.0,0.0,0.0,0.0,0.0,0.0,0.0,0.0125,0.0,0.754303909389025,0.17717018245035487,0.07811249137336093,0.00847457627118644,0.004807692307692308,0.0,0.0,0.0,0.0,0.0,0.0,0.0,0.0,0.0,,,,,,,,,,,,,,,,,,,,,,,,,
A34HQHGLIW1FYS,ns,15-2,15.0,2000.0,,,,,,,,,,,,,,,,,,,,,,,,,,0.0,0.043560606060606064,0.05512820512820513,0.013157894736842105,0.04261363636363637,0.03125,0.046785714285714285,0.042816091954022986,0.024999999999999998,0.07142857142857142,0.02557544757033248,0.0523664343786295,0.12726867335562986,0.14661678594664931,0.5059040344901,0.1693132627765065,0.07401729559748428,0.039390243902439025,0.030833333333333334,0.03018018018018018,0.03814935064935065,0.03258604722951072,0.0,0.0,0.020833333333333332,0.0,0.0,0.0,,,,,,,,,,,,,,,,,,,,,,,,,
A34IPEKX5WXJIN,prim,15-2,15.0,2000.0,,,,,,,,,,,,,,,,,,,,,,,,,,0.0,0.0,0.0,0.0,0.0,0.0,0.0,0.0,0.034722222222222224,0.0,0.03480090311986864,0.04997831682614291,0.11556350626118067,0.1661227661227661,0.5202068975297087,0.1997702633712724,0.09158571603128055,0.03215467328370554,0.030049261083743842,0.0093466107617051,0.0,0.005813953488372093,0.02786377708978328,0.016666666666666666,0.0,0.03125,0.0,0.03571428571428571,,,,,,,,,,,,,,,,,,,,,,,,,
A34YNEN8UUI3CD,ns,15-2,15.0,2000.0,,,,,,,,,,,,,,,,,,,,,,,,,,0.20833333333333334,0.0718954248366013,0.02872670807453416,0.04411764705882353,0.03535980148883375,0.03901996370235934,0.04037744641192917,0.0,0.02952952952952953,0.009615384615384616,0.056451612903225805,0.04513888888888889,0.025388291517323774,0.09477678571428572,0.47250518770043387,0.14683569633514015,0.06905297351324338,0.05161943319838057,0.10471491228070175,0.054170218812162545,0.11904761904761904,0.0393939393939394,0.0,0.022727272727272728,0.16071428571428573,0.0,0.15,0.0,,,,,,,,,,,,,,,,,,,,,,,,,
A35VI4SE31HD17,prim,15-2,15.0,2000.0,,,,,,,,,,,,,,,,,,,,,,,,,,,0.0,0.0,0.0,0.0,0.0,0.0,0.0,0.0,0.014705882352941176,0.0,0.0,0.0,0.0125,0.5977690669763841,0.20538138332255979,0.13939102564102565,0.03742445862011079,0.03871128871128871,0.0125,0.0,0.013888888888888888,0.0,0.0,0.0,0.0,0.0,0.0,,,,,,,,,,,,,,,,,,,,,,,,,
A36S0DI86PL4J6,prim,15-2,15.0,2000.0,,,,,,,,,,,,,,,,,,,,,,,,,,1.0,0.0,0.0,0.0,0.0,0.0,0.0,0.0,0.0,0.0,0.04232456140350877,0.0,0.0,0.0,0.8962733776425168,0.07558713784021072,0.014821272885789015,0.0,0.0,0.018707632071061242,0.0,0.0,0.0,0.0,0.0,0.0,0.0,0.0,,,,,,,,,,,,,,,,,,,,,,,,,
A384KX8MUIJSTJ,ns,15-2,15.0,2000.0,,,,,,,,,,,,,,,,,,,,,,,,,,0.0,0.03333333333333333,0.0,0.07932692307692307,0.0,0.02142857142857143,0.06626602564102564,0.028409090909090908,0.015050167224080268,0.05357491970395196,0.02631578947368421,0.060925925925925925,0.08559568988885877,0.11160714285714285,0.5364270174897647,0.17891790203937097,0.06755096775552326,0.026825551072439884,0.0037313432835820895,0.047165587546494005,0.04186795491143317,0.01,0.0,0.03125,0.05042016806722689,0.03125,0.0,0.05,,,,,,,,,,,,,,,,,,,,,,,,,
A38DHLB88V8DL8,rec,15-2,15.0,2000.0,,,,,,,,,,,,,,,,,,,,,,,,,,0.027777777777777776,0.023809523809523808,0.061732804232804236,0.042388725825258336,0.013354700854700854,0.0125,0.018525817895151755,0.01778583046306927,0.017857142857142856,0.030758680237178312,0.042390795650032564,0.08901442690897497,0.13019973423700132,0.4467302699037347,0.4691605804204575,0.1740528233151184,0.10392512077294686,0.024615615476960014,0.03997289972899729,0.02598752598752599,0.007142857142857143,0.0,0.0,0.025,0.0,0.05555555555555555,0.05555555555555555,0.0,,,,,,,,,,,,,,,,,,,,,,,,,
A3AWQ3AACIPXM2,ns,15-2,15.0,2000.0,,,,,,,,,,,,,,,,,,,,,,,,,,0.0,0.0,0.0,0.0,0.0,0.1,0.0,0.0,0.1,0.0625,0.0625,0.0,0.12698412698412698,0.2857142857142857,0.55,0.0,0.0,0.0,0.0,0.0,0.0,0.0,0.16666666666666666,0.25,0.0,0.0,0.0,,,,,,,,,,,,,,,,,,,,,,,,,,
A3BA2WMGN6KHUU,ns,15-2,15.0,2000.0,,,,,,,,,,,,,,,,,,,,,,,,,,0.0,0.0,0.0,0.041666666666666664,0.0,0.0,0.020833333333333332,0.0,0.05,0.0,0.011363636363636364,0.011363636363636364,0.07034632034632035,0.14,0.6697432521395655,0.1388359291084855,0.05941522245870072,0.010416666666666666,0.018620689655172412,0.011363636363636364,0.0125,0.0,0.0,0.0,0.0,0.0,0.0,0.0,,,,,,,,,,,,,,,,,,,,,,,,,
A3BN69Q9D7RQGR,ns,15-2,15.0,2000.0,,,,,,,,,,,,,,,,,,,,,,,,,,0.0,0.29583333333333334,0.041666666666666664,0.15625,0.027777777777777776,0.020833333333333332,0.019230769230769232,0.027529761904761904,0.011904761904761904,0.027529761904761904,0.0,0.2006164887743835,0.1781415343915344,0.11285024154589371,0.2892676767676768,0.25057471264367814,0.08817693744164332,0.05995845552297165,0.021363636363636362,0.033102766798418976,0.0,0.03125,0.0,0.017857142857142856,0.0,0.0,0.08333333333333333,0.05,,,,,,,,,,,,,,,,,,,,,,,,,
A3C25IBTLB60RQ,prim,15-2,15.0,2000.0,,,,,,,,,,,,,,,,,,,,,,,,,,0.5,0.25,0.125,0.07142857142857142,0.0,0.0625,0.0,0.0,0.03125,0.03333333333333333,0.0,0.020833333333333332,0.027777777777777776,0.06724137931034482,0.810124049619848,0.14416475972540044,0.005747126436781609,0.0,0.0,0.0,0.008064516129032258,0.0,0.0,0.0,0.0,0.0,0.0,0.0,,,,,,,,,,,,,,,,,,,,,,,,,
A3FOKP72T5I4FR,ns,15-2,15.0,2000.0,,,,,,,,,,,,,,,,,,,,,,,,,,0.30000000000000004,0.09090909090909091,0.0,0.02631578947368421,0.025,0.021739130434782608,0.022727272727272728,0.06166666666666666,0.0,0.043478260869565216,0.033516483516483515,0.06770833333333333,0.0,0.16230936819172115,0.34441707717569786,0.16195652173913044,0.18333333333333335,0.017241379310344827,0.10467980295566502,0.018518518518518517,0.021739130434782608,0.13095238095238093,0.0,0.13636363636363635,0.05,0.0,0.08333333333333333,0.0,,,,,,,,,,,,,,,,,,,,,,,,,
A3HBB9JT9WVZS4,ns,15-2,15.0,2000.0,,,,,,,,,,,,,,,,,,,,,,,,,,0.0,0.025,0.07738095238095238,0.049107142857142856,0.025,0.0125,0.035625000000000004,0.03461021505376344,0.04404579086974732,0.02332001879699248,0.05058497536945813,0.09069425962465011,0.14703865743763878,0.25326709631220906,0.3664814849136333,0.20405718312695056,0.09271953405017921,0.06650714876521328,0.04261363636363637,0.04047619047619047,0.01,0.035173160173160176,0.0,0.07720588235294118,0.058333333333333334,0.0,0.0,0.0,,,,,,,,,,,,,,,,,,,,,,,,,
A3HOPYBWSR1TWR,prim,15-2,15.0,2000.0,,,,,,,,,,,,,,,,,,,,,,,,,,,0.0,0.0,0.0,0.0,0.0,0.0,0.0,0.0125,0.0,0.0,0.0,0.0,0.008620689655172414,0.5927939817769592,0.2429613171361431,0.12846956964604023,0.05160234054095947,0.005555555555555556,0.014154704944178628,0.0,0.008064516129032258,0.0,0.0,0.0,0.0,0.0,0.0,,,,,,,,,,,,,,,,,,,,,,,,,
A3IBDJ12CRTQQN,prim,15-2,15.0,2000.0,,,,,,,,,,,,,,,,,,,,,,,,,,,0.0,0.0,0.0,0.0,0.03125,0.0,0.0,0.0,0.0,0.010869565217391304,0.0,0.010869565217391304,0.0,0.7563772806419865,0.16543582410011137,0.050186202245763846,0.02761164274322169,0.005208333333333333,0.0,0.0,0.0,0.008928571428571428,0.0,0.008928571428571428,0.0,0.0,0.0,,,,,,,,,,,,,,,,,,,,,,,,,
A3IHTJXHWPQ2JR,rec,15-2,15.0,2000.0,,,,,,,,,,,,,,,,,,,,,,,,,,0.0,0.0,0.0,0.011904761904761904,0.0,0.01,0.007575757575757576,0.03842735924779268,0.023768188544743676,0.013727640178878567,0.03210227272727273,0.09323839424083183,0.186006117515708,0.5615243449058019,0.243774262066945,0.09594996205469664,0.04837591602297485,0.038620689655172416,0.018481182795698922,0.03173913043478261,0.05,0.0125,0.0,0.019230769230769232,0.0,0.0,0.125,0.0,,,,,,,,,,,,,,,,,,,,,,,,,
A3MWLHSW9B9RHU,prim,15-2,15.0,2000.0,,,,,,,,,,,,,,,,,,,,,,,,,,,0.0,0.0,0.0,0.0,0.0,0.0,0.0,0.0,0.01,0.0,0.0,0.0,0.02232142857142857,0.9558944783153014,0.03571291762687483,0.0,0.0,0.0,0.005952380952380952,0.0,0.0,0.0,0.0,0.0,0.0,0.0,0.0,,,,,,,,,,,,,,,,,,,,,,,,,
A3ORKXM3WG8QJ9,prim,15-2,15.0,2000.0,,,,,,,,,,,,,,,,,,,,,,,,,,,0.0,0.0,0.0,0.0,0.0,0.0,0.0,0.0,0.0,0.0,0.0,0.0,0.0,0.8953672435626847,0.08710761033244527,0.012195121951219513,0.012480620155038761,0.0,0.0,0.0,0.0,0.0,0.0,0.0,0.0,0.0,0.0,,,,,,,,,,,,,,,,,,,,,,,,,
A3P52W1SBJUT5N,ns,15-2,15.0,2000.0,,,,,,,,,,,,,,,,,,,,,,,,,,0.0,0.0625,0.03125,0.0,0.0,0.0,0.08534356725146199,0.09972848788638261,0.0,0.035897435897435895,0.05841217605923488,0.07601147342995168,0.10736936427089228,0.16357294891640867,0.2861247947454844,0.15699788994391692,0.1268672983027203,0.035869565217391305,0.06447368421052632,0.02631578947368421,0.0,0.017857142857142856,0.019230769230769232,0.05,0.0,0.0,0.0,0.0,,,,,,,,,,,,,,,,,,,,,,,,,
A3U27ZHUGOPIAN,prim,15-2,15.0,2000.0,,,,,,,,,,,,,,,,,,,,,,,,,,0.0,0.1,0.13333333333333333,0.1,0.0,0.0,0.025,0.046875,0.09166666666666667,0.04607843137254902,0.030330882352941176,0.047619047619047616,0.06227106227106227,0.1225071225071225,0.466952537593985,0.18665989051507856,0.07195906432748538,0.031676022453889334,0.05302858439201452,0.03571428571428571,0.05221571906354515,0.027046783625730993,0.0,0.0,0.04607843137254902,0.0,0.0,0.0,,,,,,,,,,,,,,,,,,,,,,,,,
A3UA50A6GKNAMR,prim,15-2,15.0,2000.0,,,,,,,,,,,,,,,,,,,,,,,,,,0.43333333333333335,0.027777777777777776,0.016666666666666666,0.0,0.0,0.1942307692307692,0.011904761904761904,0.07919254658385093,0.01875,0.006944444444444444,0.056107954545454544,0.024184149184149184,0.04652770335441003,0.14015500628403854,0.5361187992335533,0.0940727386039886,0.03491488020176545,0.03373842592592592,0.17780130920292644,0.013157894736842105,0.008064516129032258,0.03409090909090909,0.008928571428571428,0.0,0.0,0.017857142857142856,0.0,0.0,,,,,,,,,,,,,,,,,,,,,,,,,
A3UE8ANAIM7F15,ns,15-2,15.0,2000.0,,,,,,,,,,,,,,,,,,,,,,,,,,0.0,0.0,0.08571428571428572,0.027777777777777776,0.0,0.022727272727272728,0.016666666666666666,0.01,0.0,0.011904761904761904,0.07634283819628647,0.06220238095238095,0.11371527777777778,0.10962651727357609,0.3898840893406111,0.2525412087912088,0.0878855230828915,0.0588223789558606,0.02506265664160401,0.045950102529049894,0.0,0.009615384615384616,0.0,0.04195804195804196,0.0,0.03571428571428571,0.0,0.0,,,,,,,,,,,,,,,,,,,,,,,,,
A3UGB3B1S74HR9,prim,15-2,15.0,2000.0,,,,,,,,,,,,,,,,,,,,,,,,,,,0.0,0.0,0.0,0.0,0.0,0.0,0.0,0.0,0.0,0.0125,0.0,0.0,0.0078125,0.6011910027168762,0.30407463380609157,0.09962657232704403,0.01892223630028508,0.0,0.0,0.0,0.0,0.010416666666666666,0.0,0.0,0.0,0.0,0.0,,,,,,,,,,,,,,,,,,,,,,,,,
A3UUW04QL49RSC,prim,15-2,15.0,2000.0,,,,,,,,,,,,,,,,,,,,,,,,,,,,0.0,0.0,0.0,0.0,0.0,0.0,0.0,0.0,0.0,0.016666666666666666,0.013888888888888888,0.0,0.7183522727272728,0.16795454545454547,0.04548295454545454,0.02749266862170088,0.00625,0.028461959496442254,0.007352941176470588,0.0,0.0,0.0,0.0,0.0,0.0,0.0,,,,,,,,,,,,,,,,,,,,,,,,,
A6HDSE80LQPR8,rec,15-2,15.0,2000.0,,,,,,,,,,,,,,,,,,,,,,,,,,0.0,0.02631578947368421,0.04583333333333334,0.0734632683658171,0.015625,0.03152709359605911,0.01282051282051282,0.09684684684684684,0.05827505827505827,0.06515679442508711,0.1043360433604336,0.0673076923076923,0.05448717948717949,0.16602316602316602,0.3833333333333333,0.07323232323232323,0.15344827586206897,0.09903381642512077,0.02631578947368421,0.08333333333333333,0.029411764705882353,0.0,0.041666666666666664,0.09090909090909091,0.0,0.08333333333333333,0.1,0.0,,,,,,,,,,,,,,,,,,,,,,,,,
AAOOH6P4HHSCS,prim,15-2,15.0,2000.0,,,,,,,,,,,,,,,,,,,,,,,,,,,0.0,0.0,0.0,0.0,0.0,0.0,0.015625,0.016666666666666666,0.0,0.0,0.0,0.016993087557603686,0.017857142857142856,0.7105527497194164,0.18546464084221523,0.0749494773018459,0.027937454166962365,0.004464285714285714,0.004807692307692308,0.0,0.0,0.0,0.0,0.0,0.0,0.0,0.0,,,,,,,,,,,,,,,,,,,,,,,,,
ADGJXUEMPLTMS,prim,15-2,15.0,2000.0,,,,,,,,,,,,,,,,,,,,,,,,,,0.0,0.0,0.0,0.0,0.03571428571428571,0.0,0.0,0.0,0.0,0.0,0.010416666666666666,0.011363636363636364,0.0,0.03553921568627451,0.38468359597391855,0.2592456826327794,0.19771505376344087,0.06384342391016473,0.09126984126984126,0.020128824476650563,0.010416666666666666,0.010869565217391304,0.0,0.0,0.0,0.0,0.0,0.0,,,,,,,,,,,,,,,,,,,,,,,,,
AEF1G6YE8RIB8,prim,15-2,15.0,2000.0,,,,,,,,,,,,,,,,,,,,,,,,,,0.0,0.025,0.0,0.0,0.029411764705882353,0.023809523809523808,0.04,0.0,0.022770398481973434,0.0,0.027777777777777776,0.013157894736842105,0.036585365853658534,0.07065217391304347,0.6381758918323807,0.19663672478200966,0.05794991018004511,0.015625,0.008620689655172414,0.0,0.0,0.0,0.02803030303030303,0.020833333333333332,0.025,0.0,0.0,0.0,,,,,,,,,,,,,,,,,,,,,,,,,
AERGHZBQFT309,ns,15-2,15.0,2000.0,,,,,,,,,,,,,,,,,,,,,,,,,,0.07045454545454546,0.05863095238095238,0.04112903225806452,0.012989203778677462,0.005555555555555556,0.052247253511333615,0.015740338688666956,0.05055075876504447,0.054576827998959146,0.01873342175066313,0.050910029083403696,0.08241792929292929,0.0666003280744922,0.13103145773099067,0.5092513211281905,0.20136978393534555,0.07117386963343317,0.037549261083743846,0.10892857142857143,0.03333333333333333,0.10119047619047619,0.10729166666666667,0.0,0.03125,0.0,0.0,0.16666666666666666,0.0,,,,,,,,,,,,,,,,,,,,,,,,,
AESZJEZTZEW01,ns,15-2,15.0,2000.0,,,,,,,,,,,,,,,,,,,,,,,,,,0.0,0.0,0.0,0.0,0.0,0.0,0.0,0.0,0.05555555555555555,0.08125,0.05,0.08333333333333333,0.08333333333333333,0.09316770186335403,0.5206349206349207,0.05084745762711865,0.08086253369272237,0.1,0.0,0.0,0.013157894736842105,0.0,0.0,0.125,0.0,0.0,0.0,0.0,,,,,,,,,,,,,,,,,,,,,,,,,
AEX1I7K7OVHHC,rec,15-2,15.0,2000.0,,,,,,,,,,,,,,,,,,,,,,,,,,0.0,0.0,0.0,0.0,0.0,0.0,0.0,0.014492753623188406,0.007575757575757576,0.01075268817204301,0.0,0.03827838827838828,0.046855921855921856,0.4913978494623656,0.20921590486807876,0.14040868454661556,0.10416666666666667,0.05468671679197995,0.043184885290148446,0.025641025641025644,0.0,0.06944444444444443,0.0,0.0,0.0,0.0,0.0,0.0,,,,,,,,,,,,,,,,,,,,,,,,,
AEXRVIK8SKB4V,prim,15-2,15.0,2000.0,,,,,,,,,,,,,,,,,,,,,,,,,,,0.0,0.0,0.0,0.0,0.0,0.0,0.0,0.03125,0.0,0.0,0.0,0.0,0.0,0.6324728260869565,0.18333333333333335,0.09018567639257294,0.08202716823406478,0.019230769230769232,0.0,0.02631578947368421,0.0,0.0,0.0,0.0,0.0,0.0,0.0,,,,,,,,,,,,,,,,,,,,,,,,,
AF0W4ZBY7VXOU,rec,15-2,15.0,2000.0,,,,,,,,,,,,,,,,,,,,,,,,,,0.23383838383838385,0.0412828947368421,0.059226190476190474,0.05277432712215321,0.06707792207792207,0.061344001202013373,0.05676930596285435,0.06572140322140323,0.08068920064024103,0.04791666666666666,0.02986909086416092,0.08341847377248772,0.10485469448584203,0.14160423925667828,0.36091628066112225,0.1341043083900227,0.10663819875776398,0.06385688367380599,0.0670949259960304,0.06661184210526316,0.056451612903225805,0.051089878447872834,0.03432191590086327,0.043402777777777776,0.05729166666666667,0.03571428571428571,0.08333333333333333,0.0,,,,,,,,,,,,,,,,,,,,,,,,,
AFZGUWYLC0NG0,ns,15-2,15.0,2000.0,,,,,,,,,,,,,,,,,,,,,,,,,,0.0,0.08333333333333333,0.0,0.05,0.0,0.10833333333333332,0.0,0.0875,0.11691176470588235,0.06976540616246499,0.010416666666666666,0.04982517482517483,0.07125000000000001,0.061234817813765184,0.4017413162150004,0.16194653299916456,0.13215797682709446,0.03213376696832579,0.052000661375661374,0.0,0.026988636363636364,0.013157894736842105,0.0,0.017857142857142856,0.0,0.03125,0.0,0.0,,,,,,,,,,,,,,,,,,,,,,,,,
AGANKP4PUZ4NC,prim,15-2,15.0,2000.0,,,,,,,,,,,,,,,,,,,,,,,,,,0.5,0.0,0.0,0.05555555555555555,0.041666666666666664,0.0625,0.0,0.05,0.0,0.008620689655172414,0.009259259259259259,0.008064516129032258,0.0078125,0.0375,0.3459076898118105,0.25503516624040923,0.09583333333333333,0.09702380952380951,0.10178571428571428,0.0047169811320754715,0.030330882352941176,0.0,0.006756756756756757,0.25,0.0,0.0,0.0,0.0,,,,,,,,,,,,,,,,,,,,,,,,,
AHY3YAYJLTW32,rec,15-2,15.0,2000.0,,,,,,,,,,,,,,,,,,,,,,,,,,0.022727272727272728,0.0,0.05285145888594164,0.006944444444444444,0.034368018933567716,0.0252218482252142,0.026013513513513515,0.039285714285714285,0.03632206208425721,0.061917882841795883,0.03548704741705802,0.12076415932226549,0.11582633053221289,0.19393015521064302,0.34578334306595176,0.15625,0.13293650793650794,0.1111111111111111,0.1875,0.0,0.08333333333333333,0.20833333333333331,0.0,0.5,0.25,1.0,0.0,,,,,,,,,,,,,,,,,,,,,,,,,,
AL9SYQEUTNJXT,prim,15-2,15.0,2000.0,,,,,,,,,,,,,,,,,,,,,,,,,,0.2,0.0,0.0,0.0,0.0,0.0,0.010869565217391304,0.0,0.0,0.0,0.007575757575757576,0.006944444444444444,0.038461538461538464,0.125,0.7935147180762853,0.11316570556309362,0.01,0.0,0.00641025641025641,0.0,0.0,0.0,0.0,0.0,0.0,0.0,0.022727272727272728,0.0,,,,,,,,,,,,,,,,,,,,,,,,,
ALDQRWYZ8KQ9A,rec,15-2,15.0,2000.0,,,,,,,,,,,,,,,,,,,,,,,,,,0.13636363636363635,0.0,0.022071555895085308,0.030640243902439024,0.021490477607498885,0.023844020291230245,0.035271633051398826,0.0491370706237179,0.03061077340738358,0.04952628163530175,0.06527322918627267,0.11766124142105952,0.15918354091728704,0.257599503766301,0.49318410462776663,0.1917273802218354,0.10393691921161399,0.11745159392383397,0.05881761695906433,0.055690286724769486,0.0584501025290499,0.02388888888888889,0.03571428571428571,0.04700854700854701,0.0625,0.0,0.0,,,,,,,,,,,,,,,,,,,,,,,,,,
AM65LGXJBTJ0I,ns,15-2,15.0,2000.0,,,,,,,,,,,,,,,,,,,,,,,,,,0.31212121212121213,0.07083333333333333,0.04200509635292244,0.0,0.0,0.010869565217391304,0.0,0.027116402116402115,0.015973630831643,0.016129032258064516,0.05084399800751302,0.07351819481964086,0.05173124805477747,0.18815905667238064,0.5015299740909497,0.11766774891774892,0.07215836526181353,0.0591029341029341,0.05215579710144927,0.03673245614035087,0.034722222222222224,0.06618819776714513,0.06767629300524038,0.058982683982683984,0.12343073593073593,0.1111111111111111,0.0,0.0,,,,,,,,,,,,,,,,,,,,,,,,,
AOIR8V07FYMH5,rec,15-2,15.0,2000.0,,,,,,,,,,,,,,,,,,,,,,,,,,0.08116883116883117,0.038157894736842106,0.056262939958592134,0.026494565217391304,0.04705978705978706,0.018315018315018312,0.03351697061803445,0.02230392156862745,0.05537749287749287,0.05875423633403386,0.07875704045058883,0.14288046813360217,0.14030408773678962,0.28381004156866224,0.2090137575602692,0.12050655255597116,0.12281646583972165,0.03227232537577365,0.07080074942978169,0.06508284818629646,0.06506734006734007,0.045019157088122604,0.041666666666666664,0.011904761904761904,0.0,0.025,0.0625,0.0,,,,,,,,,,,,,,,,,,,,,,,,,
AR0VJ5XRG16UJ,rec,15-2,15.0,2000.0,,,,,,,,,,,,,,,,,,,,,,,,,,0.13392857142857142,0.07142857142857142,0.02,0.022727272727272728,0.014285714285714285,0.08634868421052631,0.04079254079254079,0.04724880382775119,0.044444444444444446,0.057397504456327984,0.045148247978436654,0.056673728813559324,0.11841502519468622,0.3378561736770692,0.3966509680795395,0.17698412698412697,0.08893280632411067,0.07254901960784313,0.02452153110047847,0.06684491978609626,0.0,0.04838709677419355,0.0,0.03125,0.041666666666666664,0.1,0.0,0.16666666666666666,,,,,,,,,,,,,,,,,,,,,,,,,
AU5UJIZ3TLI5M,rec,15-2,15.0,2000.0,,,,,,,,,,,,,,,,,,,,,,,,,,0.022727272727272728,0.023369565217391305,0.04542124542124542,0.04632383745286971,0.007352941176470588,0.0,0.01800232288037166,0.017208672086720868,0.03723404255319149,0.05202466624947852,0.06537838258547096,0.10591858482523445,0.1759050665183331,0.20403061224489794,0.47569709702062646,0.17625884813384812,0.10686605061605062,0.08957219251336898,0.03612903225806452,0.05213903743315508,0.024705882352941175,0.0125,0.041666666666666664,0.0,0.0,0.0,0.0,0.0,,,,,,,,,,,,,,,,,,,,,,,,,
AW2UVK63OLFW,ns,15-2,15.0,2000.0,,,,,,,,,,,,,,,,,,,,,,,,,,0.041666666666666664,0.08333333333333333,0.05929487179487179,0.0839629120879121,0.0827445652173913,0.013157894736842105,0.03125,0.04639784946236559,0.04160353535353535,0.07264008876912104,0.06274279448621553,0.0766260162601626,0.09709224598930481,0.1943287037037037,0.3530739149019744,0.17313973807158886,0.14925660031792107,0.0631329402042217,0.04298749910452038,0.06143292682926829,0.010416666666666666,0.047967657342657344,0.050505050505050504,0.03137254901960784,0.0,0.015625,0.0,0.0,,,,,,,,,,,,,,,,,,,,,,,,,
AW5O1RK3W60FC,rec,15-2,15.0,2000.0,,,,,,,,,,,,,,,,,,,,,,,,,,0.17146464646464646,0.06351540616246498,0.03622385678837292,0.032006048387096774,0.014285714285714285,0.023412698412698413,0.05259241854636591,0.05595390848470083,0.03309873949579832,0.06103617585642531,0.04737739112739113,0.0840376702881325,0.11018557552442892,0.18861465040561678,0.4066925801241511,0.13053952991452994,0.0851925002781796,0.07485544924002978,0.10037878787878787,0.10723517074323526,0.019345238095238096,0.08359133126934984,0.046760531135531136,0.0,0.05625,0.03571428571428571,0.0,0.0,,,,,,,,,,,,,,,,,,,,,,,,,
AWRY5SC68T0DC,prim,15-2,15.0,2000.0,,,,,,,,,,,,,,,,,,,,,,,,,,,0.0,0.0,0.0,0.0,0.0,0.0,0.019230769230769232,0.019230769230769232,0.0,0.0,0.0,0.018620689655172412,0.009259259259259259,0.6838622069754146,0.1989551123479695,0.08415617700411725,0.029353374929098126,0.01130589430894309,0.0,0.0,0.0,0.008928571428571428,0.0,0.0,0.0,0.0,0.0,,,,,,,,,,,,,,,,,,,,,,,,,
AWTCGY2CL1T68,prim,15-2,15.0,2000.0,,,,,,,,,,,,,,,,,,,,,,,,,,,0.0,0.0,0.0,0.0,0.0,0.0,0.0,0.0,0.0,0.0,0.0,0.0,0.0239010989010989,0.7597355856587542,0.2240317976233469,0.02867416559100129,0.0,0.0,0.0,0.0,0.0,0.0,0.0,0.0,0.0,0.0,0.0,,,,,,,,,,,,,,,,,,,,,,,,,
AXSBX0MCQNG3A,prim,15-2,15.0,2000.0,,,,,,,,,,,,,,,,,,,,,,,,,,,0.0,0.0,0.0,0.0,0.0,0.0,0.0,0.017857142857142856,0.0,0.0,0.010869565217391304,0.011363636363636364,0.0,0.7705575459023735,0.1708291056992525,0.06502976190476191,0.006578947368421052,0.004629629629629629,0.0,0.0,0.0,0.0,0.0,0.0,0.0,0.0,0.0,,,,,,,,,,,,,,,,,,,,,,,,,
A14WLAP6TCEKO0,rec,30-1,30.0,1000.0,,,,,,,,,,,0.19238816738816739,0.03869047619047619,0.0,0.025657894736842105,0.030080213903743318,0.016944444444444443,0.01,0.02815934065934066,0.014807692307692308,0.02388888888888889,0.01695402298850575,0.00423728813559322,0.0,0.016666666666666666,0.011805555555555555,0.018160485347985346,0.006329113924050633,0.0130420054200542,0.026333789329685362,0.009036144578313253,0.0,0.016511266511266512,0.020329569568520604,0.013107560756075607,0.015509259259259259,0.05646209649934271,0.0630952380952381,0.06874415916887694,0.12085380835380835,0.29923694424841213,0.12443367498514557,0.06188009825732295,0.042986910807524495,0.05972574173793686,0.03735638949053583,0.03060897435897436,0.023237179487179488,0.02152014652014652,0.010442514474772539,0.027207855038043717,0.02917391075285812,0.022727272727272728,0.0,0.00625,0.0125,0.016666666666666666,0.007352941176470588,0.019230769230769232,0.017857142857142856,0.031135531135531136,0.013157894736842105,0.027777777777777776,0.0,0.025,0.0,0.0,0.20833333333333331,0.0,,,,,,,,,,
A15V9BXNJXZXZX,ns,30-1,30.0,1000.0,,,,,,,,,,,0.13125,0.0873015873015873,0.022727272727272728,0.06961644306845545,0.05425266597867217,0.052099044746103565,0.03673163418290855,0.04490013910969794,0.02627591706539075,0.028791894664842683,0.03497615262321145,0.02382032667876588,0.015267927501970055,0.014114386296763346,0.012741225541075617,0.0043859649122807015,0.02057135046473483,0.029422770212243897,0.02293170499692239,0.055010625107742905,0.021108639263044418,0.027988322336197736,0.04251100095507626,0.025444383079692358,0.05332198974118581,0.04719209362066505,0.04993982604042717,0.07602118517309836,0.10398594331910255,0.20437036197813402,0.13492973573618736,0.09366633951325964,0.07754861051478797,0.0681601185166208,0.04474325337331334,0.043167250386626256,0.040749916484674464,0.025326041238346756,0.035526637341153466,0.01690729483282675,0.03024643297629171,0.020605831251530652,0.01242667489966039,0.01997721576668945,0.02190049933016685,0.0152073732718894,0.017323775388291517,0.0,0.01397624039133473,0.010363247863247865,0.0,0.0,0.007352941176470588,0.017241379310344827,0.0,0.0,0.08333333333333333,0.05,,,,,,,,,,
A16335MOISDG1F,rec,30-1,30.0,1000.0,,,,,,,,,,,0.15606060606060607,0.0,0.017241379310344827,0.022281639928698752,0.01857235142118863,0.01812039312039312,0.005434782608695652,0.00641025641025641,0.005,0.0,0.01730769230769231,0.01372053872053872,0.005952380952380952,0.016013871889024887,0.01863653330618616,0.0,0.017153532608695652,0.0194017094017094,0.023756172437211502,0.0175,0.010638297872340425,0.028031441071052078,0.015952735260770973,0.01628327733264409,0.004629629629629629,0.02487465965937965,0.02899616368286445,0.04056013431013431,0.09031007300403852,0.4948682598039216,0.0991195107574418,0.04852074058463511,0.047819767441860464,0.03314564564564565,0.0,0.05839093701996928,0.03311965811965812,0.04451240978700933,0.023157894736842106,0.03311965811965812,0.013888888888888888,0.0,0.04038345410628019,0.038461538461538464,0.0858974358974359,0.0,0.0,0.0,0.0,0.025,0.0,0.022727272727272728,0.125,0.03125,0.0,0.0,0.0,0.25,,,,,,,,,,
A17FJLW818UEQU,rec,30-1,30.0,1000.0,,,,,,,,,,,0.041666666666666664,0.1636363636363636,0.049999999999999996,0.07675438596491228,0.017543859649122806,0.0703030303030303,0.026234567901234563,0.01075268817204301,0.023015873015873017,0.0,0.019425675675675675,0.019047619047619046,0.007751937984496124,0.014932802389248384,0.007407407407407408,0.01381766381766382,0.028484848484848484,0.0251661918328585,0.011436950146627566,0.011822557020297131,0.0,0.010582010582010581,0.011299435028248588,0.01075268817204301,0.024154589371980676,0.060378805306341536,0.05826840925432475,0.08846763017877857,0.06078930998181644,0.17537199142364301,0.13879442251332255,0.13931578637460992,0.09556959556959556,0.0828922132719601,0.052888513513513515,0.053934860526725886,0.01997168194351293,0.010480635388520431,0.011403508771929824,0.012578616352201257,0.0,0.02009897828863346,0.006802721088435374,0.0,0.008547008547008546,0.009009009009009009,0.0,0.0,0.0,0.0,0.0,0.0,0.0,0.0,0.0,0.0,0.0,0.0,,,,,,,,,,
A186PT9ZLO5EJD,prim,30-1,30.0,1000.0,,,,,,,,,,,,,,0.0,0.0,0.0,0.0,0.0,0.0,0.0,0.0,0.0,0.0,0.0,0.0,0.0,0.0,0.0,0.0,0.0,0.0,0.0,0.0,0.0,0.0,0.0,0.01020408163265306,0.011363636363636364,0.0,0.6437254901960785,0.20675596971461851,0.10427807486631016,0.024950495049504952,0.020463917525773197,0.0,0.0,0.0,0.0,0.0,0.0,0.0,0.0,0.0,0.0,0.0,0.0,0.0,0.0,0.0,0.0,0.0,0.0,0.0,0.0,0.0,0.0,0.0,0.0,,,,,,,,,,
A1AS1H21O9896X,ns,30-1,30.0,1000.0,,,,,,,,,,,0.08333333333333333,0.125,0.125,0.027777777777777776,0.022727272727272728,0.0,0.019230769230769232,0.016666666666666666,0.0,0.019230769230769232,0.0,0.016666666666666666,0.0,0.0,0.0,0.0,0.0,0.0,0.03380952380952381,0.0,0.007575757575757576,0.0,0.005813953488372093,0.0,0.007352941176470588,0.015151515151515152,0.024736842105263158,0.010582010582010581,0.025523088023088024,0.2344601711652403,0.2053795862607338,0.18891276749437833,0.09646953923269713,0.09466800049571729,0.05716991341991342,0.046319322536517965,0.028784769721842227,0.011363636363636364,0.02038327526132404,0.0,0.0,0.0,0.0,0.008064516129032258,0.0,0.01,0.0,0.0,0.0,0.0,0.0,0.0,0.0,0.0,0.0,0.0,0.0,0.0,,,,,,,,,,
A1AYTKAQT201ZV,prim,30-1,30.0,1000.0,,,,,,,,,,,0.5,0.05555555555555555,0.03571428571428571,0.0,0.027777777777777776,0.0,0.0,0.0,0.0,0.0,0.0,0.0,0.0,0.0,0.0,0.0,0.0,0.0,0.0,0.0,0.0,0.0,0.0,0.0,0.009615384615384616,0.0,0.015716502891998954,0.00510204081632653,0.013598270524180634,0.43558371427326087,0.3406912045427597,0.12627984159827516,0.0608597629003151,0.021498026909594677,0.007936507936507936,0.0,0.0,0.008333333333333333,0.0,0.0,0.0,0.0,0.0,0.0,0.0,0.0,0.0,0.0,0.0,0.0,0.0,0.0,0.0,0.0,0.0,0.0,0.0,0.0,,,,,,,,,,
A1EII5EWOTBDK9,rec,30-1,30.0,1000.0,,,,,,,,,,,0.03125,0.0,0.0,0.0,0.0,0.013888888888888888,0.006756756756756757,0.03106060606060606,0.0,0.012956810631229235,0.020274506079027355,0.024625194454416466,0.02411014911014911,0.016683518705763397,0.02105615310811493,0.029672403381642513,0.017195121951219514,0.021847970991308058,0.04789259269985616,0.03580664515061238,0.024736842105263158,0.041309291747888235,0.059619890469738035,0.050090402820071496,0.054861240809419086,0.04469749753760974,0.06015912389052006,0.10514432962161874,0.08984892300681774,0.1229222788672286,0.06128246753246753,0.062012213745418626,0.055377963405928696,0.07099609477617205,0.03649806980675225,0.03562051963354408,0.018031189083820662,0.01932503770739065,0.005208333333333333,0.02857142857142857,0.029884004884004882,0.03164160401002506,0.02691373666983423,0.009615384615384616,0.014718614718614718,0.01,0.04050977757874309,0.027777777777777776,0.0125,0.03333333333333333,0.010869565217391304,0.015625,0.0,0.0,0.0,0.0,0.0,0.0,,,,,,,,,,
A1F9KLZGHE9DTA,rec,30-1,30.0,1000.0,,,,,,,,,,,0.0,0.0,0.0,0.0,0.006578947368421052,0.0,0.0,0.004901960784313725,0.004629629629629629,0.004310344827586207,0.007699597251836058,0.007464349376114082,0.020566239316239316,0.008928571428571428,0.005796033235057625,0.016174733488870538,0.016265750286368844,0.010310374149659863,0.02901757570328556,0.02050469389392602,0.043738964592237486,0.04504240488559392,0.02884957113217051,0.06743552497071822,0.07336339956762912,0.05672912336331633,0.07841388593386478,0.12430485590833017,0.14558479665805343,0.25998622589531684,0.10568749001242325,0.041595641665866386,0.03222615904409602,0.04124647330943934,0.035613054440726356,0.024758098827971788,0.025559949913937133,0.010602910602910603,0.0196078431372549,0.028035025997878778,0.04131345520664406,0.019310344827586208,0.020349956568849567,0.028186274509803922,0.01282051282051282,0.0,0.0125,0.006578947368421052,0.008064516129032258,0.010416666666666666,0.0,0.0,0.0,0.0,0.0,0.0,0.0,0.0,,,,,,,,,,
A1IGKJ200N82S9,rec,30-1,30.0,1000.0,,,,,,,,,,,0.0625,0.05,0.045454545454545456,0.0857843137254902,0.011363636363636364,0.05645191409897292,0.0,0.011904761904761904,0.04399044205495818,0.015625,0.007142857142857143,0.008064516129032258,0.0125,0.0,0.005813953488372093,0.01125,0.034616079494128274,0.010869565217391304,0.004310344827586207,0.0200993847212779,0.019418515512265512,0.011538461538461539,0.03445478650702531,0.01427535197869102,0.03194634313055365,0.02312362345257082,0.08535078163819133,0.116468138636417,0.081527398975102,0.21781280479924278,0.1997699139557833,0.11366873470994282,0.062388139514580054,0.04919963757173059,0.05806684753602562,0.01306073482157957,0.011179445554445555,0.007224532224532225,0.0,0.008370535714285714,0.0,0.0,0.0,0.0,0.005555555555555556,0.0,0.006578947368421052,0.0,0.006756756756756757,0.0,0.006944444444444444,0.0,0.0,0.020833333333333332,0.0,0.0,0.0,0.0,,,,,,,,,,
A1KGUJMWDCPSYG,rec,30-1,30.0,1000.0,,,,,,,,,,,0.25,0.0,0.125,0.049107142857142856,0.016666666666666666,0.05555555555555555,0.09307359307359307,0.010416666666666666,0.010416666666666666,0.0,0.010416666666666666,0.031363636363636364,0.010416666666666666,0.007575757575757576,0.009615384615384616,0.018187830687830687,0.009259259259259259,0.0,0.02321603128054741,0.03847926267281106,0.013910060975609756,0.014391447368421052,0.051860119047619044,0.02668052668052668,0.0184640522875817,0.06223011431780406,0.035638795917300646,0.05679347826086956,0.06804799604156359,0.18111470826617126,0.10096153846153846,0.029163037166085946,0.042222222222222223,0.050092838196286474,0.08287465794329213,0.06411019536019535,0.09669390964544415,0.07665886478803609,0.04762732401080566,0.029528878859236003,0.009259259259259259,0.03869047619047619,0.0,0.0,0.017857142857142856,0.0,0.0125,0.0,0.008928571428571428,0.0,0.0,0.0,0.0,0.0,0.0,0.0,0.0,0.0,,,,,,,,,,
A1M1E62KXCDNL0,ns,30-1,30.0,1000.0,,,,,,,,,,,0.0,0.0,0.022727272727272728,0.03463203463203463,0.010869565217391304,0.030100334448160536,0.05952380952380952,0.07329854809437386,0.0078125,0.03864734299516908,0.01,0.0,0.025,0.02156177156177156,0.0,0.04610662276167503,0.028915598353948507,0.020978513356562138,0.026102323510784668,0.017223910840932118,0.023112916495269437,0.043236074270557034,0.035505158471976946,0.05277605913948927,0.046776381011347345,0.037137394514767934,0.06762460735402809,0.05135690375515957,0.09394041013759323,0.09663187855787476,0.08143939393939395,0.06831310765736995,0.0771956354148135,0.04520973267103298,0.048631654567453116,0.048182835682835684,0.04249974562474562,0.02979649622115517,0.03816045066045066,0.022364603481624758,0.013553113553113554,0.01897153092006033,0.014434643143544507,0.020525451559934318,0.035130718954248366,0.00641025641025641,0.007352941176470588,0.010869565217391304,0.011363636363636364,0.0,0.0,0.0,0.029411764705882353,0.03571428571428571,0.0,0.0,0.0,0.0,,,,,,,,,,
A1MG8KNVSVZ365,prim,30-1,30.0,1000.0,,,,,,,,,,,0.0,0.0,0.0,0.0,0.0625,0.027777777777777776,0.0625,0.0,0.0,0.0,0.025,0.0,0.0,0.0,0.0,0.0,0.0,0.0,0.008333333333333333,0.0,0.007575757575757576,0.016666666666666666,0.010416666666666666,0.023369565217391305,0.0,0.01282051282051282,0.010416666666666666,0.01001602564102564,0.04617279876808007,0.34004226670886745,0.2136009994950101,0.17882250314708278,0.09060873337189126,0.03743894021450568,0.020315686235033232,0.02006480558325025,0.004310344827586207,0.004545454545454545,0.0,0.014705882352941176,0.0,0.0,0.0,0.0,0.006944444444444444,0.0,0.0,0.0,0.0,0.0,0.0,0.0,0.0,0.0,0.0,0.0,0.0,0.0,,,,,,,,,,
A1MKEILXWWLBW2,rec,30-1,30.0,1000.0,,,,,,,,,,,0.775,0.05952380952380952,0.034523809523809526,0.0,0.016666666666666666,0.0,0.0,0.0,0.0,0.017857142857142856,0.0,0.034523809523809526,0.0,0.0,0.0,0.027777777777777776,0.0,0.0,0.013157894736842105,0.0,0.013157894736842105,0.0,0.0,0.0,0.0125,0.025,0.0,0.048030303030303034,0.14591165413533835,0.49233051328639565,0.1764705882352941,0.05848835848835849,0.02905112905112905,0.028185328185328186,0.014087301587301586,0.006944444444444444,0.0,0.007142857142857143,0.0,0.0,0.007142857142857143,0.03818785578747628,0.014928698752228164,0.014718614718614718,0.0,0.008333333333333333,0.0,0.0,0.0,0.0,0.016281512605042014,0.007575757575757576,0.0,0.01,0.02291666666666667,0.0,0.0,0.0625,,,,,,,,,,
A1O67YS3DU0ZHX,rec,30-1,30.0,1000.0,,,,,,,,,,,0.041666666666666664,0.0,0.0,0.011965811965811965,0.010763888888888889,0.018521694936789276,0.004310344827586207,0.004166666666666667,0.008134920634920634,0.014875565610859728,0.010875658449942571,0.014347504934076072,0.0269516542497797,0.009618587608261158,0.009542286981311373,0.006140747438215792,0.01433516196447231,0.002976190476190476,0.013548966333544058,0.013516679160419789,0.010711078435242568,0.018335115132515394,0.02021310177576462,0.025283690150195007,0.04035549820392488,0.041025697056855784,0.05448489230249197,0.045297802946915496,0.19510366542018626,0.5706107774750733,0.06390933987764974,0.029716117216117215,0.027993309948197168,0.015624451696669824,0.032388027562446166,0.027152777777777776,0.024217074217074218,0.024242424242424242,0.0,0.020007621951219513,0.0078125,0.03916046238244514,0.019798136645962732,0.013157894736842105,0.06477837570514916,0.0,0.03137254901960784,0.015625,0.016666666666666666,0.0,0.025,0.04006410256410256,0.08333333333333333,0.0,0.0,0.0,0.0,0.0,,,,,,,,,,
A1Q0G8JA5EZ8EI,rec,30-1,30.0,1000.0,,,,,,,,,,,0.0,0.0,0.0,0.0,0.0,0.0,0.023255813953488372,0.00980392156862745,0.0196078431372549,0.008771929824561403,0.0,0.017241379310344827,0.015384615384615385,0.014084507042253521,0.006944444444444444,0.006493506493506494,0.012010932105868816,0.011653116531165311,0.005747126436781609,0.005319148936170213,0.01525458668315811,0.01010204081632653,0.02760788311247027,0.03712595387121667,0.06499250374812594,0.050854824688496086,0.09396018294323379,0.20182134726128298,0.21898742920292857,0.20116833964127037,0.11702127659574468,0.06106497313141182,0.04811293575338519,0.026144907723855092,0.04686373467916366,0.029910714285714284,0.014925373134328358,0.017370470200658877,0.01593726283835062,0.0,0.01,0.009433962264150943,0.0,0.02631578947368421,0.0,0.0,0.0,0.0,0.0,0.0,0.0,0.0,0.0,0.0,0.041666666666666664,0.0,0.0,0.0,,,,,,,,,,
A1SLJKNSNHOJRN,rec,30-1,30.0,1000.0,,,,,,,,,,,0.020833333333333332,0.029411764705882353,0.018518518518518517,0.016666666666666666,0.015151515151515152,0.023809523809523808,0.008620689655172414,0.01875,0.006756756756756757,0.021577380952380952,0.01893939393939394,0.012224209898628503,0.02667169431875314,0.01958948755287428,0.011532343584305408,0.029833178330620783,0.018055555555555554,0.011312217194570135,0.011752136752136752,0.011752136752136752,0.055560803718698454,0.020642539262201623,0.008771929824561403,0.00423728813559322,0.01702964307320024,0.02572851620576866,0.05613411330624445,0.0716433154267677,0.22256164887743835,0.3119405656999642,0.12467829653184344,0.05227877555932974,0.0499124649859944,0.017241379310344827,0.014870689655172414,0.05857212866434999,0.024928774928774926,0.009259259259259259,0.024162077104642014,0.024496018705763397,0.018483709273182956,0.0,0.0,0.020833333333333332,0.014705882352941176,0.0,0.030100334448160536,0.010869565217391304,0.020833333333333332,0.0,0.015625,0.0,0.0625,0.0,0.0,0.0,0.3333333333333333,0.5,,,,,,,,,,
A1T2P6E67251U5,prim,30-1,30.0,1000.0,,,,,,,,,,,0.0,0.0,0.0,0.0,0.0,0.0,0.0,0.0,0.0,0.0,0.0,0.0,0.0,0.010869565217391304,0.0,0.0,0.0,0.006944444444444444,0.0,0.0,0.0,0.0,0.0,0.00423728813559322,0.004807692307692308,0.008432539682539682,0.0,0.0035211267605633804,0.02418707606711527,0.6090213368306231,0.2458177265275832,0.08723465778260299,0.038213465850185487,0.014898414261554301,0.005754550792718732,0.003875968992248062,0.0,0.0,0.0,0.0,0.0,0.0,0.0,0.0,0.0,0.0,0.0,0.0,0.0,0.0,0.0,0.0,0.0,0.0,0.0,0.0,0.0,0.0,,,,,,,,,,
A1U4WS9KJMADV,rec,30-1,30.0,1000.0,,,,,,,,,,,0.0,0.0,0.0,0.02357456140350877,0.0,0.0,0.02528735632183908,0.013701201201201201,0.018292682926829267,0.03892045454545454,0.029366406540319585,0.005319148936170213,0.03139652600170503,0.03494877856579984,0.025842945874001773,0.03152203044596912,0.016369047619047616,0.018523002421307506,0.032552181196723366,0.03726968268763491,0.01694538338373955,0.05227422660504335,0.038573345259391774,0.053910745493714295,0.048969648011287135,0.05687092179027663,0.06415268719925976,0.08649457555169543,0.08668730650154799,0.11864912714097496,0.10407192055465161,0.04387161618868936,0.06635964912280702,0.04998249580467091,0.03595753205128205,0.035566892124269174,0.03885180360639352,0.02683150183150183,0.004098360655737705,0.024549742710120066,0.020869565217391306,0.022167487684729065,0.02885923600209314,0.02778682394943793,0.013010540184453228,0.0296875,0.04678011133603239,0.02449770578420467,0.0,0.0,0.07177033492822966,0.023369565217391305,0.0,0.0,0.0,0.0,0.0,0.0,,,,,,,,,,
A1X4T3QSIE8YYX,prim,30-1,30.0,1000.0,,,,,,,,,,,,0.0,0.0,0.0,0.0,0.0,0.0,0.0,0.0,0.02631578947368421,0.0,0.0,0.0,0.0,0.0,0.0,0.0,0.0,0.0,0.0,0.0,0.01020408163265306,0.0,0.0,0.0,0.0,0.0,0.00819672131147541,0.020949469519870527,0.590974291073596,0.26698882512836003,0.09372080348800996,0.04946315875747889,0.0,0.0,0.0,0.0,0.0,0.0,0.0,0.0,0.0,0.0,0.0,0.0,0.0,0.0,0.0,0.0,0.0,0.0,0.0,0.0,0.0,0.0,0.0,0.0,0.0,,,,,,,,,,
A225J5T6WHO2MG,prim,30-1,30.0,1000.0,,,,,,,,,,,,,0.0,0.0,0.0,0.0,0.0,0.0,0.0,0.0,0.0,0.05555555555555555,0.0,0.0,0.0,0.0,0.022222222222222223,0.0,0.0,0.0,0.008928571428571428,0.01,0.0,0.0,0.0,0.0,0.0,0.013986013986013986,0.0,0.4032269907657604,0.30888078902229843,0.12554792107117688,0.07955799097484348,0.029844679673446797,0.020755030929449532,0.0,0.005813953488372093,0.005681818181818182,0.0035211267605633804,0.0,0.0,0.004098360655737705,0.0,0.0,0.0,0.004901960784313725,0.0,0.0,0.0,0.0,0.0,0.0,0.0,0.0,0.0,0.0,0.0,0.0,,,,,,,,,,
A23KDD6OPM4NJ0,prim,30-1,30.0,1000.0,,,,,,,,,,,,0.0,0.0,0.0,0.0,0.0,0.0,0.0,0.018518518518518517,0.0,0.0,0.013888888888888888,0.0,0.0,0.0,0.03571428571428571,0.0,0.0,0.0,0.0,0.0,0.0,0.0,0.0,0.0,0.005319148936170213,0.0,0.0,0.010416666666666666,0.39634646962233167,0.23565118895578666,0.09073039029935581,0.13095238095238096,0.017857142857142856,0.03273809523809523,0.008928571428571428,0.008928571428571428,0.019615384615384618,0.009615384615384616,0.010416666666666666,0.0,0.010416666666666666,0.006097560975609756,0.0,0.0,0.0,0.014705882352941176,0.0,0.0,0.016666666666666666,0.0,0.0,0.0,0.0,0.0,0.0,0.0,0.0,,,,,,,,,,
A25Y3D2Y2DR8WM,prim,30-1,30.0,1000.0,,,,,,,,,,,0.5,0.0,0.14074074074074075,0.04563492063492063,0.1388888888888889,0.0,0.0,0.0,0.0,0.0,0.0,0.0,0.0,0.0,0.0,0.0,0.0,0.0,0.0,0.0,0.0,0.0,0.0,0.0,0.0,0.018518518518518517,0.024164035591274398,0.0385536398467433,0.07964540049913367,0.39022715202747726,0.32598951973951973,0.1436879786879787,0.055066572525611215,0.008499500840689365,0.011025130479379733,0.0,0.0,0.0,0.0,0.0,0.0,0.0,0.0,0.0,0.0,0.0,0.0,0.0,0.0,0.0,0.0,0.0,0.0,0.0,0.0,0.0,0.07500000000000001,0.0,,,,,,,,,,
A26XKTGGGYBI4J,prim,30-1,30.0,1000.0,,,,,,,,,,,,0.0,0.0,0.0,0.0,0.0,0.0,0.0,0.0,0.0,0.0,0.017857142857142856,0.0,0.0,0.0,0.0,0.0,0.0,0.0,0.0,0.0,0.006944444444444444,0.013764880952380952,0.0,0.006578947368421052,0.005952380952380952,0.01136950904392765,0.010621645796064401,0.017605311355311355,0.3410416072088104,0.2927540503287085,0.17846575956717975,0.08163410663410663,0.04541847041847042,0.017556214479861623,0.004166666666666667,0.010398009950248756,0.0036231884057971015,0.0,0.004098360655737705,0.0,0.0,0.0,0.0,0.0,0.0,0.0,0.0,0.0,0.0,0.0,0.0,0.0,0.0,0.0,0.0,0.0,0.0,,,,,,,,,,
A28OD52SMLYQ16,rec,30-1,30.0,1000.0,,,,,,,,,,,0.041666666666666664,0.0,0.025,0.027777777777777776,0.011363636363636364,0.0,0.0125,0.03524038461538462,0.0,0.015165441176470588,0.0125,0.03020334928229665,0.01125,0.021660584694045852,0.01510204081632653,0.017862838915470493,0.01758727161237458,0.017039453980864108,0.008408705483323911,0.019091134876110333,0.029460707619675012,0.014636752136752137,0.017911818738518066,0.02060302010734599,0.03160929380441575,0.07358721613862695,0.0755674533178195,0.20675465151498412,0.1792701321342595,0.139033797039415,0.08639797213740877,0.060818131243070554,0.03551057793419525,0.039987699560927174,0.05117767804334969,0.027575443380978726,0.01404120970422067,0.014745127436281858,0.025510204081632654,0.02002503128911139,0.005555555555555556,0.010869565217391304,0.012195121951219513,0.0,0.007142857142857143,0.008928571428571428,0.016741071428571428,0.008333333333333333,0.008928571428571428,0.0,0.010869565217391304,0.0,0.0,0.025,0.0,0.0,0.0,0.0,,,,,,,,,,
A28TA25NJGLL3Y,prim,30-1,30.0,1000.0,,,,,,,,,,,0.0,0.0,0.16666666666666666,0.0,0.0,0.0,0.020833333333333332,0.0,0.0,0.0,0.0,0.0,0.0,0.0,0.0,0.0,0.0,0.0,0.0,0.041666666666666664,0.00625,0.0,0.005555555555555556,0.0,0.0,0.0,0.016530054644808743,0.023515981735159817,0.036217948717948714,0.3793172267950085,0.1908343533251734,0.20993464961067854,0.08480535894843276,0.032122331691297204,0.018084811529933482,0.01403412217941662,0.01415903890160183,0.0033333333333333335,0.0035211267605633804,0.0,0.0,0.0,0.013157894736842105,0.0125,0.0,0.004464285714285714,0.0,0.0,0.0,0.0,0.0,0.0,0.0,0.0,0.0,0.0,0.0,0.0,,,,,,,,,,
A28ZPY6D5AS7GZ,ns,30-1,30.0,1000.0,,,,,,,,,,,0.6833333333333332,0.027777777777777776,0.0,0.0,0.03508771929824561,0.015873015873015872,0.0,0.0,0.07428571428571429,0.0,0.0,0.0,0.0,0.0,0.04786324786324786,0.04105571847507331,0.010416666666666666,0.0,0.03787878787878788,0.043184885290148446,0.023809523809523808,0.029411764705882356,0.0,0.0,0.03,0.018018018018018018,0.02023809523809524,0.058982136838557464,0.13809523809523808,0.4764328808446456,0.10375118708452041,0.045414827759841236,0.019623233908948195,0.0070921985815602835,0.03492836528550814,0.007936507936507936,0.014351851851851852,0.014499605988967691,0.007246376811594203,0.007751937984496124,0.007407407407407408,0.015159345391903533,0.007407407407407408,0.01588201928530913,0.009009009009009009,0.0,0.009523809523809523,0.008771929824561403,0.01911001911001911,0.009259259259259259,0.0,0.03042328042328042,0.012820512820512822,0.010101010101010102,0.011494252873563218,0.0,0.0,0.0,,,,,,,,,,
A2ASRB2MTHDHPD,prim,30-1,30.0,1000.0,,,,,,,,,,,,0.0,0.0,0.0,0.0,0.0,0.0,0.0,0.0,0.0,0.0,0.0,0.0,0.0,0.0,0.0,0.01,0.0,0.0,0.0,0.0,0.0,0.0,0.0,0.0,0.006097560975609756,0.005434782608695652,0.0,0.0,0.8050707171196402,0.1437538466495747,0.041444482501178076,0.008724115191915582,0.0,0.0,0.003227132579650565,0.0,0.0,0.0,0.0,0.0,0.0,0.0,0.0,0.0,0.0,0.0,0.0,0.0,0.0,0.0,0.0,0.0,0.0,0.0,0.0,0.0,0.0,,,,,,,,,,
A2BUHMLNE3LUU0,ns,30-1,30.0,1000.0,,,,,,,,,,,0.0,0.03125,0.0,0.0,0.0,0.0,0.0,0.019230769230769232,0.0,0.02661064425770308,0.007352941176470588,0.017448512585812356,0.006578947368421052,0.017261904761904763,0.00625,0.023117805966643173,0.004098360655737705,0.029048866510166818,0.03717417696207955,0.032370583727505745,0.02508074935400517,0.05724014336917563,0.05273992647559944,0.046388359395192556,0.06553831146383138,0.08057325094996327,0.07228567150104442,0.11269751490339726,0.11165223665223664,0.10516542787429614,0.07269782189137028,0.03093775593775594,0.03990048648067516,0.023655398928258495,0.03362282878411911,0.03757317916684493,0.0383899014151115,0.024056754383630898,0.017006802721088433,0.027415458937198066,0.006944444444444444,0.018313953488372094,0.02652027027027027,0.03634085213032581,0.0078125,0.007352941176470588,0.020622895622895623,0.03167641325536062,0.0,0.013888888888888888,0.013888888888888888,0.0,0.0,0.03708791208791209,0.0,0.025,0.0,0.0,,,,,,,,,,
A2E2SLXF4KQ3S1,prim,30-1,30.0,1000.0,,,,,,,,,,,,0.0,0.0,0.0,0.0,0.0,0.0,0.0,0.0,0.014705882352941176,0.0,0.0,0.0,0.0,0.0,0.0,0.007575757575757576,0.0,0.0,0.0,0.0,0.0,0.0,0.0,0.0,0.0,0.0,0.0,0.0037313432835820895,0.6970028073286052,0.2047916054845812,0.07322916598383492,0.022807604984983132,0.005268196024402535,0.0036909711118217675,0.0,0.0,0.0,0.0,0.0,0.0,0.0,0.0031645569620253164,0.0,0.0,0.002631578947368421,0.0,0.0,0.0,0.0,0.0,0.005319148936170213,0.0,0.0,0.0,0.0,0.0,0.0,,,,,,,,,,
A2FJIZUHR6E4EZ,prim,30-1,30.0,1000.0,,,,,,,,,,,0.0,0.0,0.0,0.0,0.0,0.0,0.0,0.25,0.0,0.05,0.0,0.08333333333333333,0.0,0.017857142857142856,0.0,0.018696581196581196,0.0,0.010416666666666666,0.0,0.0,0.0,0.0,0.011363636363636364,0.004098360655737705,0.0038461538461538464,0.0037313432835820895,0.015384615384615385,0.062133916174939255,0.134107027724049,0.6212335346874599,0.14342814588536143,0.05232558327733301,0.025080294102033232,0.0,0.0,0.0,0.0,0.008333333333333333,0.00641025641025641,0.0,0.0,0.0030864197530864196,0.0,0.0,0.0,0.0,0.004098360655737705,0.0,0.0,0.005208333333333333,0.0,0.0,0.0,0.0,0.0,0.0,0.0,0.0,,,,,,,,,,
A2G2T6EMXAOKMS,rec,30-1,30.0,1000.0,,,,,,,,,,,0.1575757575757576,0.046176046176046176,0.0,0.009009009009009009,0.015343915343915345,0.030348012535048655,0.006666666666666667,0.006535947712418301,0.027261320240043643,0.026153846153846156,0.012699564586357038,0.03672506738544474,0.03043848446147297,0.011753789050417568,0.011822557020297131,0.011904761904761904,0.005291005291005291,0.016043693463048302,0.014705882352941178,0.031083193942442282,0.005555555555555556,0.018333333333333333,0.019344598054275474,0.024048205443957003,0.0272208298524088,0.028556512931512932,0.03865293865293865,0.02097634166599684,0.08866321648276536,0.42415690597583944,0.07485065710872163,0.03117258513395683,0.022857142857142854,0.03357014848950333,0.04708994708994709,0.04235160690164896,0.019070010449320794,0.04941860465116279,0.07534518032927365,0.008333333333333333,0.04349206349206349,0.009009009009009009,0.02357320099255583,0.023456790123456788,0.015151515151515152,0.029012345679012345,0.059523809523809514,0.06722689075630252,0.0,0.0,0.0,0.03333333333333333,0.047619047619047616,0.047619047619047616,0.08333333333333333,0.08333333333333333,0.0,0.0,,,,,,,,,,
A2GRA6N98ZPIQ1,prim,30-1,30.0,1000.0,,,,,,,,,,,,0.0,0.0,0.0,0.0,0.0,0.0,0.0,0.0,0.0,0.0,0.0,0.0,0.0,0.017241379310344827,0.0,0.0,0.0,0.0,0.011111111111111112,0.0,0.0,0.0,0.0,0.0,0.0,0.008620689655172414,0.008064516129032258,0.029709507042253523,0.6670698682072576,0.209887787816963,0.08666333666333667,0.013600355670519764,0.005847953216374269,0.00390625,0.0,0.0,0.0,0.0,0.0,0.0,0.004424778761061947,0.0,0.0,0.0,0.0,0.007936507936507936,0.0,0.0,0.0,0.0,0.0,0.0,0.0,0.0,0.0,0.0,0.0,,,,,,,,,,
A2IKLJWU2OJ1YX,prim,30-1,30.0,1000.0,,,,,,,,,,,,0.0,0.0,0.0,0.0,0.0,0.0,0.0,0.0,0.0,0.0,0.0,0.0,0.0,0.0,0.0,0.0,0.0,0.00641025641025641,0.0,0.0,0.0,0.004807692307692308,0.00510204081632653,0.00625,0.0,0.0035714285714285713,0.003787878787878788,0.013623188405797102,0.33325289575289574,0.24425020998206134,0.18695854512216872,0.11306172571608933,0.06128973328461819,0.03357954545454545,0.020840240937223697,0.012609970674486803,0.0,0.0,0.004098360655737705,0.00423728813559322,0.00909090909090909,0.008333333333333333,0.0,0.0,0.0,0.0,0.0,0.0,0.0,0.0,0.0,0.0,0.0,0.0,0.0,0.0,0.0,,,,,,,,,,
A2K5AXCSY703CU,ns,30-1,30.0,1000.0,,,,,,,,,,,0.3333333333333333,0.17777777777777778,0.13333333333333333,0.16666666666666666,0.1111111111111111,0.13227513227513227,0.0,0.06666666666666667,0.0,0.022222222222222223,0.0,0.0,0.0,0.0,0.0,0.0,0.0,0.0,0.0,0.008771929824561403,0.0,0.0,0.0,0.0,0.006666666666666667,0.01818181818181818,0.016129032258064516,0.015873015873015872,0.014084507042253521,0.22358674463937622,0.2572789178959778,0.15177423195999049,0.14417739203540916,0.0901922931334696,0.02113022113022113,0.02564706454723173,0.012578616352201257,0.0,0.01728863588446131,0.0,0.0,0.0,0.0,0.0,0.0,0.0,0.0,0.0,0.0,0.0,0.0,0.0,0.015873015873015872,0.0,0.0,0.0,0.0,0.0,,,,,,,,,,
A2MV1R6YYOIO30,prim,30-1,30.0,1000.0,,,,,,,,,,,0.0,0.0,0.0,0.0,0.03333333333333333,0.0,0.0,0.16666666666666666,0.0,0.0,0.025641025641025644,0.0,0.0,0.0,0.0,0.022222222222222223,0.016666666666666666,0.0,0.0,0.0,0.037037037037037035,0.010416666666666666,0.0,0.0,0.0,0.018518518518518517,0.020555555555555553,0.015151515151515152,0.058226495726495735,0.28347741123476417,0.19817162004662003,0.06761275589266781,0.12678282169807595,0.09409340659340659,0.04585537918871252,0.03563039339317064,0.012413793103448275,0.02792306854091751,0.014814814814814815,0.007936507936507936,0.023833167825223434,0.0,0.006944444444444444,0.007246376811594203,0.0,0.0,0.0,0.0,0.0,0.0,0.0,0.0,0.0,0.0,0.044444444444444446,0.0,0.0,0.0,,,,,,,,,,
A2NU82V08QSPCC,prim,30-1,30.0,1000.0,,,,,,,,,,,0.125,0.41666666666666663,0.22857142857142856,0.2148268398268398,0.06060606060606061,0.16783216783216784,0.07692307692307693,0.10175438596491228,0.05263157894736842,0.015151515151515152,0.027777777777777776,0.024999999999999998,0.011904761904761904,0.0,0.010101010101010102,0.009259259259259259,0.008547008547008546,0.0,0.0070921985815602835,0.02040816326530612,0.0,0.006802721088435374,0.005747126436781609,0.0,0.005376344086021505,0.009942554131683606,0.0,0.008547008547008546,0.007620769826918109,0.027444849748132705,0.14408580004653096,0.16039636127355425,0.13658859424776776,0.18491308940747142,0.16406862486596704,0.0690751227339275,0.04323912450723492,0.027944392817249114,0.012441012441012441,0.026053437494269315,0.00927536231884058,0.009812409812409812,0.005128205128205128,0.0,0.0,0.0,0.0,0.006666666666666667,0.0,0.0,0.0,0.0,0.0,0.0,0.0,0.0,0.030303030303030304,0.0,,,,,,,,,,
A2NY0VWEWDULC6,rec,30-1,30.0,1000.0,,,,,,,,,,,0.1125,0.027777777777777776,0.0,0.05119047619047619,0.05727554179566564,0.0125,0.0,0.010869565217391304,0.0,0.009615384615384616,0.009259259259259259,0.008620689655172414,0.0,0.0,0.013528138528138528,0.005681818181818182,0.004901960784313725,0.006578947368421052,0.004629629629629629,0.029010362875034314,0.013425925925925924,0.02367511520737327,0.032885013731787927,0.056151144122191646,0.06504182092417386,0.07389202172096909,0.1078185108118349,0.14801590185148925,0.12278610507923271,0.11162916779615072,0.12170375721022272,0.07644296131504141,0.06802552113773622,0.010421189752496743,0.011627906976744186,0.019230769230769232,0.010657596371882086,0.022406462585034013,0.005681818181818182,0.00510204081632653,0.0,0.00625,0.0,0.0,0.0,0.0,0.0,0.0,0.0,0.0,0.014705882352941176,0.029411764705882353,0.0,0.05,0.0,0.0,0.0,0.0,,,,,,,,,,
A2OFVEA8BEJDZN,ns,30-1,30.0,1000.0,,,,,,,,,,,0.125,0.0625,0.0,0.0,0.0,0.0,0.0,0.0,0.0,0.0,0.0,0.017857142857142856,0.0,0.009615384615384616,0.0,0.008620689655172414,0.0,0.010869565217391304,0.008620689655172414,0.0,0.01903735632183908,0.0,0.0078125,0.0242003367003367,0.017857142857142856,0.047723370014744484,0.047964686761229315,0.06529675730167175,0.09498081841432225,0.2283922171018945,0.16597094861437717,0.12367103235747304,0.10140986236642127,0.058970099667774084,0.03361344537815126,0.016787280701754385,0.021304347826086957,0.01818181818181818,0.0125,0.007352941176470588,0.005434782608695652,0.008064516129032258,0.007575757575757576,0.017857142857142856,0.0,0.0,0.0,0.0,0.0,0.0,0.0125,0.0,0.0,0.0,0.0,0.0,0.0,0.0,,,,,,,,,,
A2P83PY6P7ECM5,ns,30-1,30.0,1000.0,,,,,,,,,,,0.0,0.0,0.0,0.0,0.0,0.0,0.0,0.06666666666666667,0.0,0.0,0.016666666666666666,0.0,0.0,0.0,0.0,0.1111111111111111,0.05555555555555555,0.0,0.0,0.008333333333333333,0.011494252873563218,0.0,0.011904761904761904,0.0,0.006802721088435374,0.017347386912604304,0.07407407407407407,0.0196078431372549,0.09860012172854533,0.5080136402387042,0.12724867724867725,0.08827160493827162,0.0,0.0,0.0,0.003584229390681004,0.00980392156862745,0.0,0.0,0.0,0.0,0.0,0.015151515151515152,0.0,0.0,0.0,0.0,0.0,0.0,0.009523809523809523,0.0,0.0,0.0,0.0,0.0,0.0,0.0,0.0,,,,,,,,,,
A2PUL3ZDXOW0VZ,rec,30-1,30.0,1000.0,,,,,,,,,,,0.0,0.0125,0.0,0.02441077441077441,0.018333333333333333,0.0,0.02235023041474654,0.02290259009009009,0.012195121951219513,0.020864661654135336,0.017395054629097184,0.007352941176470588,0.030739795918367348,0.03025333960593621,0.019047619047619046,0.029269005847953215,0.0288935933015489,0.028709300451321727,0.00909090909090909,0.04557238450134231,0.0374341023751488,0.00980392156862745,0.045511192554518076,0.029647435897435896,0.03585459888764793,0.05377567693744165,0.059468221413891256,0.07865765792055406,0.10982856029612313,0.18827168548578851,0.04590052804338519,0.012828947368421053,0.030553698752228166,0.031155164662245702,0.053101107817132155,0.027972027972027972,0.04247198879551821,0.045304232804232805,0.0278125,0.037801659125188534,0.059583333333333335,0.05966497270845097,0.08042328042328042,0.013888888888888888,0.008928571428571428,0.013157894736842105,0.033482142857142856,0.013157894736842105,0.06249999999999999,0.019230769230769232,0.0,0.0,0.0,0.0,0.0,0.0,0.0,0.0,,,,,,,,,,
A2ROI30AQITC3V,ns,30-1,30.0,1000.0,,,,,,,,,,,0.0,0.0,0.0,0.0,0.0625,0.0,0.016666666666666666,0.019230769230769232,0.016666666666666666,0.03644501278772379,0.09835856363316317,0.01875,0.0,0.051041666666666666,0.026190476190476188,0.045882936507936505,0.03157051282051282,0.05137793072575681,0.039341610770182195,0.037980769230769235,0.04111770128449289,0.03992898400793138,0.03953399541634836,0.03440758767134808,0.052232875307629205,0.031785714285714285,0.0323108425918417,0.05181017038622834,0.0658367792796474,0.06282005283929679,0.07268413281265178,0.07696899381221414,0.0669219551634806,0.06921046720575022,0.0791943067095506,0.04277327935222672,0.058118899733806566,0.04106701004898247,0.010638297872340425,0.04121139277389277,0.005681818181818182,0.033741830065359475,0.0,0.016025641025641024,0.00625,0.009259259259259259,0.01735294117647059,0.010869565217391304,0.013157894736842105,0.0,0.02388888888888889,0.010416666666666666,0.016666666666666666,0.017857142857142856,0.0,0.0,0.0,0.0,,,,,,,,,,
A2VZN8J53Y5WYR,prim,30-1,30.0,1000.0,,,,,,,,,,,,0.0,0.0,0.0,0.0,0.0,0.0,0.0,0.0,0.0,0.0,0.011363636363636364,0.0,0.0,0.006578947368421052,0.0,0.0,0.0,0.006944444444444444,0.00625,0.0,0.0,0.0,0.0,0.004807692307692308,0.00510204081632653,0.004464285714285714,0.004545454545454545,0.008547632963179428,0.7204088701704476,0.20418494134883589,0.041329757975797576,0.013698206555349412,0.002717391304347826,0.0053788316946211685,0.0,0.0021551724137931034,0.0,0.0035714285714285713,0.0,0.0,0.006485459352280238,0.0047169811320754715,0.004166666666666667,0.0,0.0033333333333333335,0.0,0.0,0.0,0.0,0.0,0.0,0.0,0.0,0.0,0.0,0.0,0.0,,,,,,,,,,
A2XMRJKCNKLL4E,ns,30-1,30.0,1000.0,,,,,,,,,,,0.0,0.16666666666666666,0.0,0.08333333333333333,0.0,0.0,0.03571428571428571,0.0,0.275,0.0,0.017857142857142856,0.0,0.0,0.0,0.011363636363636364,0.0,0.01581395348837209,0.01,0.014055472263868066,0.0,0.015151515151515152,0.0078125,0.027056277056277056,0.013157894736842105,0.010635964912280702,0.01928369641192917,0.047390953433694774,0.044290040382011064,0.05567681720600386,0.222222937480688,0.2883500017302834,0.16278072529256218,0.06477204509516025,0.029684337044534412,0.028132186039611304,0.013254919461090569,0.017750801649106734,0.012719298245614035,0.004166666666666667,0.004310344827586207,0.011787280701754384,0.0,0.006097560975609756,0.0,0.0,0.0,0.0,0.007575757575757576,0.0,0.0,0.0,0.0,0.0,0.0,0.0,0.0,0.0,0.0,,,,,,,,,,
A2Y0VM8BAF0RMT,ns,30-1,30.0,1000.0,,,,,,,,,,,0.425,0.4,0.038461538461538464,0.0,0.045454545454545456,0.05964912280701754,0.08333333333333333,0.0,0.022727272727272728,0.034482758620689655,0.039968652037617555,0.043478260869565216,0.018518518518518517,0.0,0.0,0.025793650793650792,0.0,0.02291666666666667,0.0,0.0,0.0,0.02382133995037221,0.023076923076923078,0.007692307692307693,0.0,0.012658227848101266,0.01848233186777398,0.0,0.021505376344086023,0.15488883378791635,0.16985645933014354,0.18447923757658272,0.14347673705423641,0.12767094017094016,0.10679611650485436,0.035329226030034654,0.010272536687631027,0.034482758620689655,0.005154639175257732,0.036585365853658534,0.00641025641025641,0.005813953488372093,0.0,0.0,0.0,0.0,0.0,0.0,0.0,0.013157894736842105,0.013888888888888888,0.0,0.017241379310344827,0.0,0.0,0.0,0.0,0.0,,,,,,,,,,
A2ZGAH6NOSU2PO,rec,30-1,30.0,1000.0,,,,,,,,,,,0.08333333333333333,0.0,0.0,0.0,0.011627906976744186,0.022222222222222223,0.010416666666666666,0.00980392156862745,0.00980392156862745,0.007246376811594203,0.008928571428571428,0.006944444444444444,0.021441202475685234,0.0,0.00625,0.03437195715676729,0.03747342310418143,0.04853896103896104,0.012698412698412698,0.005434782608695652,0.03760134190662566,0.024950495049504952,0.023889302556465625,0.03636363636363636,0.044455770755464946,0.03412494651262302,0.0811139294018178,0.06322682032477737,0.2330357142857143,0.15546811945117028,0.07068828062715918,0.08388157894736842,0.053065134099616856,0.03042328042328042,0.023809523809523808,0.06166666666666666,0.010638297872340425,0.026494565217391304,0.052380952380952375,0.04288240495137047,0.0325,0.0,0.03485576923076923,0.014285714285714285,0.02,0.02631578947368421,0.05213903743315508,0.05555555555555555,0.0787878787878788,0.05,0.0,0.0,0.05555555555555555,0.0,0.0,0.16666666666666666,,,,,,,,,,,,
A30DHHAL100LZR,ns,30-1,30.0,1000.0,,,,,,,,,,,0.5,0.25555555555555554,0.03333333333333333,0.10526315789473684,0.05263157894736842,0.06227106227106227,0.0,0.0,0.0,0.0,0.017241379310344827,0.0,0.0,0.0,0.02,0.0,0.032388663967611336,0.0,0.0,0.0,0.010416666666666666,0.0,0.0,0.0,0.0,0.016666666666666666,0.00819672131147541,0.008064516129032258,0.04898550724637681,0.5682772277227723,0.21284888106613026,0.08257513096222774,0.02039983680130559,0.027842969916791124,0.009259259259259259,0.0,0.0,0.0,0.0,0.0,0.0,0.0,0.005681818181818182,0.0,0.006944444444444444,0.0,0.008064516129032258,0.0,0.0,0.0,0.0,0.0,0.0,0.0,0.0,0.0,0.0,0.0,,,,,,,,,,
A31SZFE8M7YK0S,ns,30-1,30.0,1000.0,,,,,,,,,,,0.0,0.0,0.0,0.0,0.0,0.0,0.0,0.0,0.0,0.0,0.0,0.012820512820512822,0.0,0.0,0.0,0.0,0.0,0.016666666666666666,0.0,0.0,0.02040816326530612,0.04397934722478333,0.03612903225806451,0.022222222222222223,0.036904761904761905,0.0701229644400133,0.14639122379924363,0.17844342037890426,0.1329055022161518,0.13490460157126824,0.1213272543059777,0.06638565248965932,0.08393203683058754,0.006289308176100628,0.006410256410256411,0.02168803418803419,0.014184397163120567,0.0,0.0,0.019656699889258028,0.0,0.0,0.0,0.0,0.0,0.0,0.0,0.0,0.0,0.0,0.0,0.0,0.0,0.0,0.0,0.0,0.0,0.0,,,,,,,,,,
A34DYM8J0X5VK,rec,30-1,30.0,1000.0,,,,,,,,,,,0.05208333333333333,0.013157894736842105,0.009615384615384616,0.016666666666666666,0.0,0.021249076127124907,0.026907814407814406,0.005555555555555556,0.024613899613899613,0.012049941927990708,0.00641025641025641,0.022699380755646738,0.03141463859265336,0.01001602564102564,0.015046296296296295,0.015756302521008403,0.026486091963344414,0.0324004851143009,0.02649147727272727,0.02118579067321178,0.01575682382133995,0.019629826695044088,0.03002035278154681,0.007247899159663866,0.046089337960127916,0.03081514792886386,0.0434751990202082,0.04538341158059468,0.1191198030154575,0.29601410931141003,0.14203844830779816,0.0878415551072804,0.03838191245689547,0.041887626262626265,0.023481973434535106,0.03306451612903226,0.015909090909090907,0.038480038480038475,0.07238095238095238,0.006578947368421052,0.01707175925925926,0.05411255411255411,0.030998389694041867,0.05673076923076923,0.015625,0.019230769230769232,0.05846153846153847,0.0,0.027777777777777776,0.0125,0.0,0.027777777777777776,0.0,0.0,0.0,0.0,,0.0,,,,,,,,,,
A36IB78C6MVA3,prim,30-1,30.0,1000.0,,,,,,,,,,,,0.0,0.0,0.0,0.0,0.5,0.0,0.0,0.0,0.0,0.0,0.0,0.0,0.0,0.0,0.0,0.0,0.0,0.0,0.0,0.0,0.0,0.017857142857142856,0.0,0.0,0.0,0.0,0.0,0.011111111111111112,0.4883879781420765,0.22388632872503839,0.12142857142857141,0.08265027322404371,0.014149102263856362,0.020238095238095236,0.00847457627118644,0.01694915254237288,0.008771929824561403,0.0,0.0,0.00980392156862745,0.0,0.0,0.0,0.0,0.0,0.0,0.0,0.0,0.0,0.0,0.0,0.0,0.0,0.0,0.0,0.0,0.0,,,,,,,,,,
A389Y151TAJ4XG,ns,30-1,30.0,1000.0,,,,,,,,,,,0.0,0.0,0.0,0.0,0.0,0.0,0.0,0.025,0.011904761904761904,0.008620689655172414,0.0,0.0,0.009615384615384616,0.0,0.0,0.0078125,0.015151515151515152,0.017575757575757578,0.0,0.012956810631229235,0.010151763740771123,0.009837962962962962,0.030710835058661144,0.024720203488372092,0.04211038961038961,0.01925133689839572,0.06890364107856367,0.10797093199757134,0.27054940673361727,0.28653530377668307,0.15427191388276293,0.07189087080391428,0.034974053724053725,0.029494377668166163,0.013235294117647059,0.025873015873015874,0.01785704980902805,0.010036130068245684,0.014209726443768996,0.012620192307692308,0.012936507936507937,0.00940303657694962,0.011116600790513834,0.004310344827586207,0.019216476913345985,0.0,0.018702814001372685,0.019798136645962732,0.0,0.013157894736842105,0.0,0.0,0.0,0.0,0.0,0.0,0.0,0.125,,,,,,,,,,
A3AY0315YWWNXY,rec,30-1,30.0,1000.0,,,,,,,,,,,0.041666666666666664,0.05036630036630037,0.045661027568922305,0.056641871372006304,0.025,0.008333333333333333,0.019284759358288772,0.005208333333333333,0.009731670445956159,0.0,0.0,0.013744253682334177,0.012647085861371575,0.004032258064516129,0.011041107522479492,0.004310344827586207,0.0066419141914191415,0.010718599033816424,0.012546699875466999,0.00893978804937709,0.015056171181889256,0.01576435612580191,0.027804899698206993,0.0254907306434024,0.04126345079732225,0.03377549991877922,0.045452623245564205,0.10697486522533094,0.23590486904349833,0.5261808095924325,0.16499199120367805,0.08901688397355226,0.025025658603371213,0.02306987583303373,0.01566817881080124,0.003759901520017127,0.012320098432131351,0.009663742690058479,0.009623460246360582,0.013955984970477724,0.0029069767441860465,0.014575548529270862,0.0,0.0074106364428945075,0.0037313432835820895,0.0,0.013952020202020202,0.0125,0.007352941176470588,0.0,0.013157894736842105,0.0,0.0,0.0,0.010869565217391304,0.09375,0.025,0.0,,,,,,,,,,
A3EUH97BRHRSI6,rec,30-1,30.0,1000.0,,,,,,,,,,,0.0,0.06666666666666667,0.0,0.0,0.0,0.020833333333333332,0.017857142857142856,0.011904761904761904,0.013888888888888888,0.025657894736842105,0.044027459954233406,0.0,0.03902116402116402,0.0,0.016504329004329004,0.0,0.034602784602784604,0.05771329365079365,0.043058515123177626,0.05379852893728934,0.03921783625730994,0.03144318655895627,0.020944148936170214,0.01971698113207547,0.029457876370887336,0.03942307692307692,0.0560089420383538,0.05272199551860569,0.09707602339181286,0.16672756956556206,0.0839574804056616,0.07407426247335092,0.07133520074696545,0.02548076923076923,0.047903335466325386,0.06302775018700413,0.03833920356526739,0.005952380952380952,0.03579545454545455,0.02073365231259968,0.02056451612903226,0.013157894736842105,0.008620689655172414,0.0,0.0,0.008928571428571428,0.0,0.016666666666666666,0.0,0.0,0.020833333333333332,0.03571428571428571,0.038461538461538464,0.0,0.0,0.0,0.0,0.0,,,,,,,,,,
A3I97794CB5SUO,rec,30-1,30.0,1000.0,,,,,,,,,,,0.13674242424242425,0.010416666666666666,0.008333333333333333,0.0,0.006578947368421052,0.027110389610389612,0.01289490651192779,0.013626453488372093,0.010643115942028984,0.02991421568627451,0.005,0.007352941176470588,0.03423489278752437,0.008620689655172414,0.01488095238095238,0.023161812720386574,0.008432539682539682,0.021808070925858514,0.020833333333333332,0.013018242122719735,0.0214729185842944,0.010135135135135136,0.029747826483088567,0.04527056277056277,0.023246753246753248,0.02881562284891572,0.027794322017073655,0.051262024762956826,0.0803618358098388,0.343019962003171,0.08257776794928498,0.07447059504989241,0.05122727056924464,0.03601835471030517,0.03368951612903226,0.05358495670995671,0.050579455266955266,0.05701947006294832,0.005555555555555556,0.02181050656660413,0.020622895622895623,0.058190261750633264,0.05416666666666667,0.016666666666666666,0.016666666666666666,0.0,0.06041666666666667,0.03571428571428571,0.020833333333333332,0.07767232767232768,0.0,0.0,0.027777777777777776,0.03571428571428571,0.16666666666666666,0.0,0.0,0.0,,,,,,,,,,
A3RVHUY67SVXQV,ns,30-1,30.0,1000.0,,,,,,,,,,,0.526984126984127,0.0826923076923077,0.014705882352941176,0.011904761904761904,0.021739130434782608,0.010416666666666666,0.0125,0.0,0.027989130434782607,0.0,0.005813953488372093,0.006578947368421052,0.0,0.004807692307692308,0.02256323815557265,0.00951867816091954,0.0,0.004166666666666667,0.020901436052563102,0.008064516129032258,0.010198135198135198,0.0036231884057971015,0.018914473684210526,0.0198226395409494,0.012954840805717998,0.039875793180650695,0.05804862958360414,0.049555268026802685,0.11030561082249488,0.5185323561866583,0.1775047931226421,0.10464740806056724,0.05887556513392886,0.03477931684722081,0.02518197079445275,0.006991129785247433,0.0050836267605633804,0.003445581131003126,0.003875968992248062,0.006,0.002136752136752137,0.002232142857142857,0.002403846153846154,0.005154639175257732,0.0022123893805309734,0.008846375143843498,0.0,0.0030864197530864196,0.0043859649122807015,0.009629493763756419,0.005319148936170213,0.0,0.0,0.007575757575757576,0.0,0.0,0.03125,0.0625,,,,,,,,,,
A3TX84QHD321M7,prim,30-1,30.0,1000.0,,,,,,,,,,,0.0,0.0,0.0,0.0,0.0,0.0,0.0,0.0,0.0,0.0,0.0,0.0,0.0,0.0,0.0,0.0,0.0,0.0,0.0,0.0,0.0,0.008620689655172414,0.0,0.0,0.0,0.005952380952380952,0.005813953488372093,0.0,0.01874430709173715,0.4311484053381815,0.2988524863767771,0.16294065204233532,0.05681971285419561,0.020307774417363457,0.0043859649122807015,0.009259259259259259,0.013650075414781297,0.0,0.010643115942028984,0.0043859649122807015,0.0,0.0,0.0,0.0,0.0,0.0,0.0,0.0,0.014705882352941176,0.0,0.0,0.0,0.0,0.0,0.0,0.0,0.0,0.0,,,,,,,,,,
A3UCN8EJI08X2P,ns,30-1,30.0,1000.0,,,,,,,,,,,0.16666666666666666,0.0,0.0,0.0,0.0,0.059027777777777776,0.04166666666666667,0.019230769230769232,0.03125,0.027777777777777776,0.009615384615384616,0.0,0.016666666666666666,0.008620689655172414,0.027777777777777776,0.0,0.024267399267399264,0.0132404181184669,0.018055555555555557,0.03352811653116531,0.02020408163265306,0.005,0.014423076923076924,0.0652845924567236,0.064941829004329,0.0626886918959274,0.0915114301049515,0.08004877542548774,0.10518735594955107,0.10979659434715613,0.16086051190866124,0.08817851162423138,0.08973538780795445,0.058131509220489125,0.043337082617268374,0.034274223607410226,0.02190827190827191,0.010927066967792616,0.004310344827586207,0.012032770097286226,0.004545454545454545,0.0,0.017960420242367506,0.0,0.005208333333333333,0.011363636363636364,0.0,0.0,0.0,0.0,0.0,0.009259259259259259,0.0,0.0,0.0,0.0,0.0,0.08333333333333333,,,,,,,,,,
A3UQ5DF8VVD975,rec,30-1,30.0,1000.0,,,,,,,,,,,0.13674242424242425,0.0,0.007352941176470588,0.00641025641025641,0.017222063310450036,0.015536823425022182,0.005319148936170213,0.0,0.01823607427055703,0.009310344827586206,0.018089960886571055,0.0,0.009259259259259259,0.02173275931764896,0.004098360655737705,0.025286043940195183,0.02063955155091582,0.020075757575757577,0.01955128205128205,0.014605411220616059,0.010769025920227247,0.03220169276989651,0.02359168358741311,0.016072703667640374,0.0330762012012012,0.041099223546406646,0.05272667971298108,0.05004856294000835,0.14465916455956762,0.46022158269534874,0.10327080327080326,0.04512832235901671,0.0387995337995338,0.03555269101607774,0.017889859181299064,0.018448751451800232,0.016514227642276422,0.01972401446398185,0.032897286821705424,0.030688380688380687,0.021483469157887763,0.0,0.006578947368421052,0.01799242424242424,0.024999999999999998,0.0,0.011363636363636364,0.0,0.04326839826839827,0.0,0.039705882352941174,0.038461538461538464,0.0,0.0,0.0,0.0,0.0,,,,,,,,,,,
A3V71NT2X4HD1I,prim,30-1,30.0,1000.0,,,,,,,,,,,0.0,0.0,0.08333333333333333,0.0,0.0,0.0,0.0,0.0,0.0,0.0,0.0,0.0,0.0,0.0,0.0,0.0,0.0,0.0,0.0,0.0,0.010221109720483939,0.0,0.0,0.00423728813559322,0.0,0.0,0.0,0.0,0.010893851411092791,0.42848134550545103,0.3156191007049386,0.13688135218736192,0.07767286142497486,0.024146905725853096,0.008110444065500245,0.007042253521126761,0.0036231884057971015,0.0038461538461538464,0.0,0.0,0.0,0.0,0.0,0.0037313432835820895,0.0,0.0,0.0,0.0,0.0,0.0,0.0,0.0,0.0,0.0,0.0,0.0,0.0,0.0,,,,,,,,,,
A51TGVVYJF7T0,prim,30-1,30.0,1000.0,,,,,,,,,,,0.0,0.0,0.0,0.0,0.0,0.06666666666666667,0.05555555555555555,0.0,0.0,0.0,0.0,0.0,0.0,0.0,0.0,0.0,0.0,0.0,0.0,0.0,0.0,0.0,0.0,0.0248015873015873,0.0,0.0,0.020656370656370656,0.00625,0.06727272499366992,0.3454173150523615,0.2895110579361737,0.12403839540334485,0.10094299879179876,0.03490832370543674,0.0037313432835820895,0.017045454545454544,0.009615384615384616,0.00980392156862745,0.0,0.004629629629629629,0.00510204081632653,0.0,0.0,0.0,0.0,0.0,0.007142857142857143,0.0,0.0,0.0,0.0,0.0,0.0,0.0,0.0,0.0,0.0,0.0,,,,,,,,,,
A7USTT4KU1ZBO,ns,30-1,30.0,1000.0,,,,,,,,,,,0.75,0.1111111111111111,0.20833333333333331,0.05,0.07142857142857142,0.0,0.08125,0.0,0.0,0.0,0.05,0.0,0.0,0.0,0.0,0.04285714285714286,0.016666666666666666,0.0,0.0,0.0,0.0,0.019202898550724636,0.0,0.016666666666666666,0.008928571428571428,0.0,0.0,0.0203125,0.005434782608695652,0.13825486948551963,0.20112099243066195,0.15059236507240017,0.0994679353563791,0.07479207067442362,0.08322089675030853,0.07127122619382681,0.051215277777777776,0.040210677091104416,0.008333333333333333,0.016129032258064516,0.0,0.0,0.0,0.006756756756756757,0.0,0.0125,0.0,0.0,0.0,0.0,0.0,0.0,0.0,0.0,0.0,0.0,0.0,0.0,,,,,,,,,,
AB5WBMZGLX57B,ns,30-1,30.0,1000.0,,,,,,,,,,,0.2,0.025,0.10256410256410256,0.0,0.06458333333333333,0.016666666666666666,0.0,0.013888888888888888,0.10442773600668337,0.08340579710144927,0.025,0.008064516129032258,0.022518382352941176,0.0304147465437788,0.016666666666666666,0.010416666666666666,0.03141025641025641,0.04258028792912514,0.015555555555555557,0.0,0.014814814814814815,0.014302507836990596,0.005,0.029166666666666667,0.038118580765639586,0.01413690476190476,0.017241379310344827,0.07353981611344865,0.06297556955451691,0.10826231454664492,0.07851492548574088,0.09202800361336946,0.06641236306729265,0.10605535657874764,0.10967756222871822,0.10617944147355912,0.1006513926325247,0.025624681285058643,0.012936507936507937,0.023804157436505075,0.012609970674486803,0.005208333333333333,0.007575757575757576,0.005555555555555556,0.005555555555555556,0.0,0.0,0.0,0.0,0.0,0.0,0.0,0.0,0.0,0.0,0.0,0.0,0.0,,,,,,,,,,
ACBROX4H8BSW3,rec,30-1,30.0,1000.0,,,,,,,,,,,0.0,0.0,0.016666666666666666,0.043402777777777776,0.05128205128205128,0.015151515151515152,0.024390243902439025,0.0,0.0,0.0,0.035256410256410256,0.009615384615384616,0.045148247978436654,0.008928571428571428,0.008771929824561403,0.028312788906009245,0.011627906976744186,0.031914893617021274,0.0,0.010416666666666666,0.00980392156862745,0.024492753623188406,0.02952952952952953,0.02952952952952953,0.05680207841284837,0.014973262032085561,0.050966275104206135,0.08754789272030652,0.23842550891731218,0.1897767332549941,0.1353658536585366,0.05125762195121951,0.04511533242876527,0.03278688524590164,0.05161719096145326,0.022134203168685928,0.0489766081871345,0.0467412771560237,0.03225806451612903,0.009615384615384616,0.03785714285714285,0.03794326241134752,0.0,0.04351851851851852,0.0,0.013513513513513514,0.0,0.016129032258064516,0.0,0.058823529411764705,0.0,0.0,0.0,0.05555555555555555,0.0,0.0,0.0,0.0,,,,,,,,,,
ADJ9I7ZBFYFH7,rec,30-1,30.0,1000.0,,,,,,,,,,,0.12878787878787878,0.0,0.0,0.051417270929466054,0.023138297872340424,0.022222222222222223,0.020869565217391306,0.01818181818181818,0.01805465191932336,0.0,0.008771929824561403,0.016133229247983348,0.039566532258064516,0.015877016129032258,0.008064516129032258,0.0078125,0.014332514332514333,0.020579710144927536,0.03261594928261595,0.018292682926829267,0.006172839506172839,0.018755935422602087,0.02531645569620253,0.036375661375661374,0.018839185505852174,0.025183150183150184,0.07129976418365931,0.05643879173290938,0.15018315018315018,0.31453634085213034,0.1094820205479452,0.0490625,0.026289682539682536,0.07586206896551724,0.017241379310344827,0.0402992277992278,0.009433962264150943,0.03723110865968009,0.014705882352941176,0.015625,0.05274725274725275,0.030303030303030304,0.034482758620689655,0.017241379310344827,0.04726890756302521,0.0,0.0,0.03571428571428571,0.02631578947368421,0.07638888888888888,0.05505952380952381,0.0,0.0625,0.0,0.0625,0.0,0.0,0.0,,,,,,,,,,
AGILQEFEPEK7N,ns,30-1,30.0,1000.0,,,,,,,,,,,0.125,0.12395833333333334,0.04563492063492063,0.10982142857142857,0.0,0.011363636363636364,0.04909011659583742,0.02402745995423341,0.02872670807453416,0.0,0.0,0.0,0.01,0.05866529304029304,0.0,0.04680073930646013,0.0,0.0125,0.020833333333333332,0.0,0.015625,0.0,0.008333333333333333,0.04205882352941177,0.01762632197414806,0.006756756756756757,0.015417457305502846,0.03020953046154659,0.08855725171514645,0.3988364576599871,0.1634670231729055,0.06251811594202898,0.008333333333333333,0.019918909592822637,0.03601563586396751,0.011248736097067745,0.022997416020671835,0.0,0.03541244898614994,0.023064687168610817,0.005952380952380952,0.01266025641025641,0.020404704944178627,0.00641025641025641,0.013157894736842105,0.00641025641025641,0.006756756756756757,0.0078125,0.016129032258064516,0.020833333333333332,0.02987012987012987,0.008928571428571428,0.025,0.0,0.027046783625730993,0.019230769230769232,0.0,0.0,,,,,,,,,,
AH7HACNNRSIPO,ns,30-1,30.0,1000.0,,,,,,,,,,,0.0,0.1111111111111111,0.0,0.0,0.0,0.08333333333333333,0.0,0.0,0.019230769230769232,0.0,0.016666666666666666,0.0,0.0,0.0,0.013888888888888888,0.0234375,0.010416666666666666,0.019615384615384618,0.0,0.009615384615384616,0.0,0.023274410774410774,0.0,0.010869565217391304,0.02198581560283688,0.012781497261107728,0.021123120300751877,0.016233766233766232,0.050793650793650794,0.22160694636192046,0.198858238947753,0.140478250722187,0.0955076564059345,0.062152329583871166,0.03389322324900268,0.02198004201680672,0.029153439153439153,0.016282051282051284,0.018483709273182956,0.019091490351081142,0.0,0.0,0.011910860655737706,0.025353016688061617,0.02443609022556391,0.0,0.0,0.0,0.0,0.0,0.0,0.0,0.0,0.0,0.0,0.0,0.0,0.0,,,,,,,,,,
AIDU49N2KO05N,ns,30-1,30.0,1000.0,,,,,,,,,,,0.0,0.05,0.03125,0.0,0.0,0.0,0.0125,0.013157894736842105,0.0,0.01,0.0,0.008928571428571428,0.027917457305502845,0.005,0.026335891812865497,0.00510204081632653,0.010067783094098883,0.004166666666666667,0.0,0.004629629629629629,0.00817384370015949,0.017803030303030303,0.02310616444615019,0.02082251906195568,0.02524819595715118,0.02375242511010254,0.05346629748744025,0.129168235146496,0.2715390407784986,0.3163758728298819,0.14107569524963012,0.09830933562943273,0.04101423672235693,0.028420345546601146,0.010246212121212121,0.031602897224955726,0.010829156223893065,0.0109349087893864,0.01949273456243972,0.0224191063174114,0.0,0.009181266846361186,0.004545454545454545,0.031095814212209708,0.011237373737373737,0.005434782608695652,0.00641025641025641,0.014955357142857142,0.013513513513513514,0.0,0.0,0.009259259259259259,0.0,0.0,0.0,0.0,0.0,0.0,,,,,,,,,,
AJUVX0E4OPTAO,prim,30-1,30.0,1000.0,,,,,,,,,,,,0.0,0.0,0.0,0.0,0.0,0.0,0.0,0.0,0.0,0.0,0.0,0.011904761904761904,0.0,0.0,0.0,0.0,0.0,0.0,0.0,0.0,0.0,0.0,0.0,0.0,0.0,0.00510204081632653,0.0,0.0,0.3751554771809835,0.2820309346326926,0.16457557198161243,0.0904755946422613,0.05434344481297217,0.03820400370341341,0.011025641025641027,0.01579951849086504,0.0043859649122807015,0.0,0.004545454545454545,0.0,0.0,0.0,0.0,0.0,0.0,0.0,0.0,0.008928571428571428,0.0,0.0,0.0,0.0,0.0,0.0,0.0,0.0,0.0,,,,,,,,,,
AK3GAHRZ6M6WM,rec,30-1,30.0,1000.0,,,,,,,,,,,0.25,0.25,0.0,0.07142857142857142,0.07142857142857142,0.0,0.0,0.0,0.0,0.029411764705882353,0.0,0.0,0.0,0.0,0.0,0.0,0.018518518518518517,0.016666666666666666,0.07272727272727272,0.029411764705882353,0.0,0.0,0.016129032258064516,0.012195121951219513,0.013513513513513514,0.024390243902439025,0.05131578947368421,0.02857142857142857,0.034447821681864235,0.2563497822931785,0.23375262054507337,0.06132665832290363,0.11088379705400983,0.0310630464795214,0.05084359325125399,0.03564102564102564,0.02393018018018018,0.01020408163265306,0.015151515151515152,0.0,0.0,0.01282051282051282,0.018518518518518517,0.0,0.0,0.021739130434782608,0.015625,0.0,0.0,0.0,0.0,0.0,0.0,0.0,0.0,0.0,0.0,0.0,,,,,,,,,,
AKE4AYF86KJVU,rec,30-1,30.0,1000.0,,,,,,,,,,,0.045454545454545456,0.04583333333333334,0.02277327935222672,0.027083333333333334,0.013888888888888888,0.007142857142857143,0.005952380952380952,0.011618589743589744,0.01578385899814471,0.021894570984083928,0.01470914414147986,0.004166666666666667,0.009070294784580497,0.0076036866359447,0.0076036866359447,0.011750821018062397,0.015925925925925927,0.027893698240165632,0.022245290480299107,0.032175038828081204,0.024088049959982413,0.02364480805668014,0.005782085561497326,0.04663011719463332,0.030768195369420468,0.03900584141981614,0.07658920940170941,0.10736294421873084,0.16313289801545675,0.3001600592390066,0.08699906539409216,0.03692052907112646,0.039425375909887886,0.048553517632465,0.019753787878787878,0.015238704177323103,0.010208333333333333,0.02768375241779497,0.03864561677061677,0.011416709911779968,0.007352941176470588,0.008064516129032258,0.006578947368421052,0.05633640552995391,0.02708333333333333,0.006578947368421052,0.013157894736842105,0.050793650793650794,0.015151515151515152,0.0,0.02976190476190476,0.01,0.029411764705882353,0.04700854700854701,0.0,0.0,0.2777777777777778,0.0,,,,,,,,,,
AKNBC1TE88NDO,rec,30-1,30.0,1000.0,,,,,,,,,,,0.15844155844155844,0.0,0.02452153110047847,0.03522727272727273,0.010416666666666666,0.03414351851851852,0.013157894736842105,0.038445251058681185,0.01948051948051948,0.05715909090909091,0.008064516129032258,0.019852941176470587,0.01717342342342342,0.027575757575757576,0.02128482972136223,0.05538847117794486,0.022854317732366514,0.031192846982320666,0.04308688387635756,0.021778584392014518,0.012362637362637362,0.01875781738586617,0.04963883016208598,0.04780118255728012,0.017223910840932118,0.04392604362270692,0.02781172129576385,0.06695574935400517,0.08039693441479157,0.08642715979672501,0.0744338448475436,0.04852092352092352,0.052896112431216794,0.02476677805625174,0.07149159663865545,0.039339473163002577,0.050865800865800864,0.018333333333333333,0.0225,0.02631578947368421,0.036616161616161616,0.03899456521739131,0.016666666666666666,0.016666666666666666,0.016666666666666666,0.05142773892773893,0.065625,0.07178260336155073,0.0,0.0,0.014705882352941176,0.0,0.06785714285714287,0.12083333333333333,0.0625,0.0,0.0,0.0,,,,,,,,,,
AKX4H8RT7BL7H,rec,30-1,30.0,1000.0,,,,,,,,,,,0.0,0.020833333333333332,0.015873015873015872,0.01075268817204301,0.009523809523809523,0.009259259259259259,0.023809523809523808,0.019444444444444445,0.008771929824561403,0.022314478463933574,0.008130081300813009,0.013888888888888888,0.0,0.023823823823823826,0.016666666666666666,0.024726775956284152,0.0,0.013216418858813065,0.016264619883040937,0.02528789293495176,0.029580081753994795,0.021820691385908777,0.022088084059915043,0.03893185618729097,0.038023317435082145,0.031217750257997934,0.05296135789093536,0.09040035987404409,0.23943959448042804,0.23523480416355938,0.11278422372391517,0.030615755073959406,0.05617380050869066,0.04311490978157645,0.06806533957937548,0.051048951048951054,0.006802721088435374,0.026564868562132582,0.0,0.03308951584813654,0.015151515151515152,0.020853698273053112,0.010416666666666666,0.011904761904761904,0.010101010101010102,0.03181818181818182,0.0,0.04931669637551991,0.0,0.0,0.0,0.0,0.018518518518518517,0.0,0.0,0.0,0.0,,,,,,,,,,,
AOYDGVOZUIHII,prim,30-1,30.0,1000.0,,,,,,,,,,,0.0,0.0,0.0,0.0,0.0,0.0,0.0,0.0,0.0,0.0,0.013157894736842105,0.0,0.0,0.0,0.0,0.0,0.00625,0.0,0.0,0.0,0.0,0.004901960784313725,0.004629629629629629,0.0,0.0,0.0,0.004032258064516129,0.012301804264625477,0.025078775415436662,0.4497898584466381,0.31893798205361124,0.12396755496620349,0.0612357818789267,0.036244243165972134,0.0049406152647975075,0.007888332638019746,0.0,0.0,0.0,0.003048780487804878,0.0,0.003424657534246575,0.0,0.0,0.0,0.0,0.0,0.0,0.0,0.0,0.0,0.0,0.0,0.0,0.0,0.0,0.0,0.0,,,,,,,,,,
AP4B1GJIT3HYF,ns,30-1,30.0,1000.0,,,,,,,,,,,0.0,0.08333333333333333,0.0,0.0,0.0,0.022727272727272728,0.0,0.0,0.010416666666666666,0.0,0.0,0.0,0.008064516129032258,0.0,0.0,0.010416666666666666,0.006756756756756757,0.0,0.02647783251231527,0.021306818181818184,0.0,0.03737373737373738,0.01282051282051282,0.02,0.047827239003709596,0.05621684350132626,0.09292028535980149,0.10121366728509586,0.1017917267917268,0.144243535988819,0.12332516339869282,0.10121803640955487,0.09782012195121952,0.0857196029776675,0.03778280542986425,0.01020408163265306,0.015476190476190477,0.0,0.013494318181818182,0.008620689655172414,0.006097560975609756,0.011904761904761904,0.0,0.0,0.0,0.0,0.0,0.0,0.0,0.041666666666666664,0.0,0.0,0.0,0.0,0.0,0.0,0.0,0.0,,,,,,,,,,
AXFH1DT8PR0K2,prim,30-1,30.0,1000.0,,,,,,,,,,,,0.0,0.0,0.0,0.0,0.0,0.0,0.0,0.0,0.029411764705882353,0.0,0.0,0.0,0.0,0.0,0.0,0.0,0.0,0.0,0.0,0.0,0.013157894736842105,0.0,0.011904761904761904,0.0,0.0,0.0,0.0,0.018867924528301886,0.43527777777777776,0.22713615023474176,0.16955223880597015,0.10222222222222221,0.023337887067395265,0.00847457627118644,0.030303030303030304,0.00819672131147541,0.0,0.0,0.009259259259259259,0.0,0.0,0.0,0.013157894736842105,0.0,0.0,0.0,0.0,0.0,0.0,0.0,0.0,0.0,0.0,0.0,0.0,0.0,0.0,,,,,,,,,,
AXFP50XOZD2NI,rec,30-1,30.0,1000.0,,,,,,,,,,,0.0,0.03571428571428571,0.0,0.0,0.0,0.0,0.0,0.04393665158371041,0.009615384615384616,0.0,0.026494565217391304,0.02675189393939394,0.01452020202020202,0.020465728674124474,0.005319148936170213,0.021296296296296296,0.03255118472509777,0.01652046783625731,0.03908891033891034,0.03378623188405797,0.021423440065681445,0.04925880613612596,0.06551405653270903,0.049835796387520524,0.05180973266499582,0.05087057550292844,0.12000649156097073,0.09384373289545703,0.13123878645594747,0.06759316182879146,0.01611111111111111,0.038892777875767996,0.07107499964642822,0.04842870544090057,0.02177601809954751,0.032703081232493,0.035596804511278196,0.0195480631276901,0.029323476702508962,0.013888888888888888,0.027243589743589744,0.0,0.0078125,0.02402745995423341,0.014705882352941176,0.0125,0.04298245614035087,0.0,0.0,0.02786377708978328,0.0,0.022727272727272728,0.019230769230769232,0.0,0.0,0.0,0.0,0.0,,,,,,,,,,
A12LX24NC3FP2U,ns,20-2,20.0,2000.0,,,,,,,,,,,,,,,,,,,,,0.0,0.75,0.0,0.07692307692307693,0.15833333333333333,0.027777777777777776,0.0,0.0,0.0,0.0,0.017241379310344827,0.05,0.0,0.0,0.06564102564102564,0.017241379310344827,0.011627906976744186,0.010638297872340425,0.055228758169934646,0.33602150537634407,0.2792047853624208,0.11773940345368916,0.06338652482269504,0.0,0.03409090909090909,0.026779422128259338,0.014285714285714285,0.0,0.015625,0.035098522167487683,0.0,0.023809523809523808,0.0,0.0,0.0,0.0,0.0,0.0,,,,,,,,,,,,,,,,,,,,
A161VPQSXLLV8U,ns,20-2,20.0,2000.0,,,,,,,,,,,,,,,,,,,,,0.7708333333333333,0.041666666666666664,0.03571428571428571,0.014705882352941176,0.038157894736842106,0.0,0.020833333333333332,0.016666666666666666,0.009259259259259259,0.04131652661064426,0.0125,0.02232142857142857,0.0,0.009615384615384616,0.01744186046511628,0.011111111111111112,0.026013502517261915,0.02039184326269492,0.1091183574879227,0.6264017369739471,0.19354336230766436,0.08401721676871338,0.028091264882501993,0.016715200931857892,0.005347746511095859,0.0,0.007095410628019324,0.00390625,0.0,0.0,0.008928571428571428,0.0,0.0,0.0,0.0,0.013888888888888888,0.0,0.0,,,,,,,,,,,,,,,,,,,,
A166P9BSWIFF32,prim,20-2,20.0,2000.0,,,,,,,,,,,,,,,,,,,,,,0.0,0.0,0.0,0.0,0.0,0.05,0.0,0.0,0.05,0.0,0.0,0.0,0.0,0.0,0.019230769230769232,0.0,0.014285714285714285,0.0,0.70625,0.16333333333333333,0.04025974025974026,0.021555197421434327,0.007462686567164179,0.023809523809523808,0.0,0.008620689655172414,0.0,0.022727272727272728,0.0,0.01282051282051282,0.0,0.016666666666666666,0.0,0.0,0.0,0.0,0.0,,,,,,,,,,,,,,,,,,,,
A17IPELR5NC2LZ,prim,20-2,20.0,2000.0,,,,,,,,,,,,,,,,,,,,,0.625,0.06666666666666667,0.0,0.05,0.0,0.0,0.0,0.0,0.0,0.0,0.0,0.0,0.0,0.0,0.0,0.0,0.022624434389140274,0.008771929824561403,0.009259259259259259,0.6027896834348447,0.1849770144852112,0.11226087818416097,0.08463583200425306,0.0,0.013333333333333334,0.0,0.0,0.0,0.0,0.0,0.0,0.0,0.0,0.0,0.0,0.0,0.0,0.0,,,,,,,,,,,,,,,,,,,,
A17TMQWTCJVOV5,rec,20-2,20.0,2000.0,,,,,,,,,,,,,,,,,,,,,0.0,0.019230769230769232,0.0,0.054945054945054944,0.025252525252525252,0.022115384615384617,0.021739130434782608,0.0571254997725586,0.03639930252833479,0.02693089430894309,0.023642439431913118,0.042708333333333334,0.032941595441595445,0.02488425925925926,0.08004620551034415,0.07802106501009791,0.11822135818037457,0.11678123699091097,0.1893665405112243,0.12267126404592711,0.10764763215227612,0.10014536117477293,0.05533360170826478,0.05244441979690427,0.0560290404040404,0.03706675224646983,0.020280148569622253,0.03304539009090226,0.008928571428571428,0.056623931623931624,0.010416666666666666,0.013888888888888888,0.03522727272727273,0.048611111111111105,0.03571428571428571,0.0,0.05,0.0,,,,,,,,,,,,,,,,,,,,
A1CB9NR3SN4VMY,prim,20-2,20.0,2000.0,,,,,,,,,,,,,,,,,,,,,0.0,0.0,0.03125,0.0,0.0,0.0,0.0,0.0,0.0,0.0,0.0,0.0,0.0,0.0,0.0,0.002976190476190476,0.016666666666666666,0.0921474358974359,0.21406795196514286,0.5544173088815946,0.23369433704200532,0.051449820635867144,0.01194146333232088,0.003205128205128205,0.0,0.0,0.0,0.0,0.0,0.0,0.0,0.0,0.0,0.0,0.0,0.0,0.0,0.0,,,,,,,,,,,,,,,,,,,,
A1FM638CHGPC1M,ns,20-2,20.0,2000.0,,,,,,,,,,,,,,,,,,,,,0.06666666666666667,0.0,0.0,0.014705882352941176,0.014705882352941176,0.0,0.009615384615384616,0.0,0.025,0.0,0.0,0.03346508563899868,0.016551383399209488,0.025555555555555557,0.06178396072013093,0.004464285714285714,0.060647943387881466,0.020432692307692308,0.10738636363636364,0.6284376038551014,0.17768534777382328,0.06267178362573099,0.022173423423423422,0.005319148936170213,0.011111111111111112,0.0,0.01452020202020202,0.008928571428571428,0.0,0.0,0.0,0.016666666666666666,0.0,0.0,0.0,0.0,0.0,0.0,,,,,,,,,,,,,,,,,,,,
A1HENLDLQEO5BZ,prim,20-2,20.0,2000.0,,,,,,,,,,,,,,,,,,,,,,0.0,0.0,0.0,0.0,0.03125,0.0,0.0,0.0,0.0,0.0,0.0,0.0,0.0,0.0,0.0,0.0,0.0,0.0,0.9385647933714167,0.061689848976780794,0.001851851851851852,0.0,0.0,0.0,0.0,0.0,0.0,0.0,0.0,0.0,0.0,0.0,0.0,0.0,0.0,0.0,0.0,,,,,,,,,,,,,,,,,,,,
A1J39RAV7TKEMF,ns,20-2,20.0,2000.0,,,,,,,,,,,,,,,,,,,,,0.1111111111111111,0.0,0.05555555555555555,0.0,0.0,0.06666666666666667,0.11616161616161617,0.0,0.0,0.0,0.0,0.04904306220095694,0.07916666666666666,0.061114663256606985,0.045725334448160536,0.05659489966555184,0.04530028794734677,0.11896494708994709,0.10029761904761905,0.27413174658835215,0.18010446197460864,0.044150521609538,0.025985663082437275,0.03187613843351548,0.013157894736842105,0.0,0.0,0.0,0.027777777777777776,0.03125,0.0,0.0,0.0,0.0,0.0,0.0,0.0,0.0,,,,,,,,,,,,,,,,,,,,
A1JL3HCA0MK9UI,prim,20-2,20.0,2000.0,,,,,,,,,,,,,,,,,,,,,,0.0,0.0,0.0,0.0,0.0,0.0,0.0,0.0,0.0,0.0,0.0,0.0,0.0,0.020833333333333332,0.0,0.0,0.0,0.0,0.4525219298245614,0.2706546068615034,0.13008901758901759,0.06417062949210692,0.047456709956709954,0.017549261083743842,0.008928571428571428,0.006578947368421052,0.01,0.007352941176470588,0.0,0.0,0.0,0.0,0.020833333333333332,0.0,0.0,0.0,0.0,,,,,,,,,,,,,,,,,,,,
A1L5A88C9PPK5L,prim,20-2,20.0,2000.0,,,,,,,,,,,,,,,,,,,,,,0.0,0.0,0.0,0.0,0.0,0.0,0.0,0.0,0.0,0.0,0.0,0.0,0.0,0.0,0.0,0.0,0.0,0.04327731092436975,0.8620489690721649,0.1066557555919258,0.01812039312039312,0.0,0.0,0.0078125,0.0,0.0078125,0.0,0.0,0.0,0.0,0.0,0.0,0.0,0.0,0.0,0.0,0.0,,,,,,,,,,,,,,,,,,,,
A1LA6CIGBNDOH9,rec,20-2,20.0,2000.0,,,,,,,,,,,,,,,,,,,,,0.15656565656565657,0.028782894736842105,0.009259259259259259,0.053719211822660096,0.016666666666666666,0.03321501014198783,0.03473592437938788,0.025657894736842105,0.07254993381212435,0.050186247860666465,0.055767430401576744,0.039050235478806906,0.05096124087458355,0.03363095238095238,0.04835731208682029,0.029143746131590213,0.041838153503893215,0.05449192021668294,0.1607471264367816,0.35333646037031163,0.0724602128017169,0.04584232134692863,0.027007345491388043,0.053244507022667226,0.012854317732366513,0.0677136389360498,0.03944532667876588,0.05114942528735632,0.10822649572649573,0.0707070707070707,0.02557544757033248,0.011904761904761904,0.03333333333333333,0.03571428571428571,0.0625,0.027777777777777776,0.0,0.0,,,,,,,,,,,,,,,,,,,,
A1MD74JPL7E9PK,prim,20-2,20.0,2000.0,,,,,,,,,,,,,,,,,,,,,0.0,0.0,0.0,0.0,0.0,0.0,0.0,0.0,0.0,0.025641025641025644,0.025641025641025644,0.0,0.011494252873563218,0.013333333333333334,0.0,0.008771929824561403,0.0,0.0,0.053496732026143794,0.44958985383061983,0.2806577125332382,0.1308668404070489,0.08768573768573769,0.03201847454378723,0.014498933901918976,0.0047619047619047615,0.005555555555555556,0.0,0.005208333333333333,0.0,0.0,0.0,0.0,0.0,0.0,0.0,0.0,0.0,,,,,,,,,,,,,,,,,,,,
A1O0K8V58YRL4A,ns,20-2,20.0,2000.0,,,,,,,,,,,,,,,,,,,,,0.0,0.16666666666666666,0.0,0.0,0.0,0.0,0.0,0.0,0.016666666666666666,0.017543859649122806,0.0,0.03333333333333333,0.015873015873015872,0.029644268774703556,0.024444444444444446,0.09617542950876284,0.09004884004884005,0.22995391705069124,0.16089006778661952,0.14821428571428572,0.1604201680672269,0.10897435897435898,0.040524290524290525,0.018518518518518517,0.04012345679012346,0.0,0.0,0.014492753623188406,0.020833333333333332,0.0,0.0,0.0,0.03333333333333333,0.0,0.0,0.0,0.0,0.0,,,,,,,,,,,,,,,,,,,,
A1PTX4IB9R34LI,rec,20-2,20.0,2000.0,,,,,,,,,,,,,,,,,,,,,0.16666666666666666,0.11324786324786325,0.04583333333333334,0.048611111111111105,0.044172932330827065,0.04702380952380952,0.06076388888888889,0.02661064425770308,0.08114035087719298,0.04497354497354497,0.030545491143317227,0.038620689655172416,0.04542124542124542,0.008064516129032258,0.06660463192721257,0.022770398481973434,0.03705978705978706,0.022203947368421052,0.111588689529866,0.14593785859029762,0.1100378787878788,0.12288163318720147,0.04818297921746198,0.07297794117647058,0.05448275862068966,0.10185625793094236,0.0,0.0582596751075012,0.045,0.027777777777777776,0.0625,0.05934873949579832,0.020833333333333332,0.05,0.03571428571428571,0.027777777777777776,0.0,0.0,,,,,,,,,,,,,,,,,,,,
A1S2EXYEG5I8HW,rec,20-2,20.0,2000.0,,,,,,,,,,,,,,,,,,,,,0.06363636363636364,0.03253968253968254,0.05560386473429951,0.012820512820512822,0.030637254901960786,0.044444444444444446,0.05158730158730159,0.0362451558103732,0.01803020058598152,0.056613756613756616,0.019453395393245015,0.031494252873563215,0.027777777777777776,0.03347135955831608,0.02795815295815296,0.05576743517919989,0.048877630320420855,0.05896149994108637,0.1978114478114478,0.5023809523809524,0.07878743141162865,0.0781335522714833,0.05863122123284725,0.07245183188579414,0.01214833759590793,0.019538606403013182,0.03411730545876887,0.04383975812547241,0.009009009009009009,0.05512555899552803,0.012820512820512822,0.02666666666666667,0.0,0.08806022408963586,0.03333333333333333,0.0,0.0,,,,,,,,,,,,,,,,,,,,,
A1SJLXB0XFCJ97,prim,20-2,20.0,2000.0,,,,,,,,,,,,,,,,,,,,,0.0,0.0,0.0,0.0,0.03125,0.03571428571428571,0.0,0.022727272727272728,0.0,0.0,0.038461538461538464,0.019230769230769232,0.0,0.0,0.04166666666666667,0.0,0.019230769230769232,0.038461538461538464,0.046875,0.5155269957234497,0.14283193616224468,0.1064715133794081,0.014705882352941176,0.0,0.0,0.015625,0.015625,0.0,0.0,0.0,0.016666666666666666,0.016666666666666666,0.0,0.017857142857142856,0.057692307692307696,0.14583333333333334,0.03125,0.0,,,,,,,,,,,,,,,,,,,,
A1TPGXT718D68E,rec,20-2,20.0,2000.0,,,,,,,,,,,,,,,,,,,,,0.022727272727272728,0.036426293005240376,0.028846153846153848,0.03505387931034483,0.025388291517323774,0.013825757575757576,0.013888888888888888,0.016666666666666666,0.025328330206378986,0.029787443518633668,0.017359192226213502,0.046810850439882694,0.017564046895353885,0.04246967654986523,0.0362037037037037,0.06507806940777136,0.061778024606971974,0.13134278002699054,0.23939711595351051,0.24327005278025574,0.12863589113589113,0.06962163852407754,0.04611613876319759,0.05184331797235023,0.048484848484848485,0.028309409888357256,0.05955636216979229,0.009615384615384616,0.07153132992327366,0.03851540616246499,0.04583333333333334,0.017857142857142856,0.038461538461538464,0.03125,0.0625,0.0,0.0,,,,,,,,,,,,,,,,,,,,,
A1TVWMWE03AWAW,rec,20-2,20.0,2000.0,,,,,,,,,,,,,,,,,,,,,0.0,0.03571428571428571,0.0,0.0,0.0,0.0,0.0,0.016666666666666666,0.013888888888888888,0.030330882352941176,0.027777777777777776,0.02638888888888889,0.06447368421052632,0.0375,0.016666666666666666,0.032309033453198216,0.058047945205479456,0.14097496706192358,0.23214285714285715,0.25394413552308287,0.09327731092436975,0.044117647058823525,0.0,0.0,0.045454545454545456,0.0,0.0,0.0,0.0,0.0,0.0,0.05,0.13333333333333333,0.0,0.0,0.08333333333333333,0.0,0.0,,,,,,,,,,,,,,,,,,,,
A1VEOI1H4AE1T3,prim,20-2,20.0,2000.0,,,,,,,,,,,,,,,,,,,,,0.4761904761904762,0.025,0.0,0.052380952380952375,0.0,0.0125,0.0,0.0,0.0,0.0,0.0,0.0,0.0,0.0,0.00510204081632653,0.0,0.0,0.0125,0.17454165128583732,0.9218087572866984,0.049258414419972,0.002551020408163265,0.002717391304347826,0.0022727272727272726,0.0,0.0,0.0,0.0,0.0,0.0,0.0,0.0,0.0,0.0,0.0,0.0,0.013888888888888888,0.0,,,,,,,,,,,,,,,,,,,,
A1WT2CM71Z9MP3,prim,20-2,20.0,2000.0,,,,,,,,,,,,,,,,,,,,,0.08333333333333333,0.0,0.041666666666666664,0.025,0.013888888888888888,0.34285714285714286,0.040625,0.0,0.0,0.04071969696969697,0.06634897360703812,0.00641025641025641,0.006097560975609756,0.012195121951219513,0.02759009009009009,0.03179181929181929,0.009259259259259259,0.0447354064375341,0.1142156862745098,0.34366305304864625,0.07066630795444355,0.027284119389382546,0.031000258464719564,0.40350877192982454,0.006756756756756757,0.012374860956618465,0.0,0.009259259259259259,0.0436219545957918,0.0,0.0,0.0,0.0,0.0,0.0,0.017857142857142856,0.0,0.0,,,,,,,,,,,,,,,,,,,,
A20YXCVKHSTSPC,prim,20-2,20.0,2000.0,,,,,,,,,,,,,,,,,,,,,,,0.0,0.16666666666666666,0.0,0.05555555555555555,0.0,0.0,0.0,0.029411764705882353,0.02631578947368421,0.0,0.0,0.019230769230769232,0.0,0.017241379310344827,0.03333333333333333,0.031754032258064516,0.043557168784029036,0.8677419354838709,0.08200236616385685,0.018310163898956025,0.008,0.012784296682601767,0.0,0.0,0.0,0.0,0.00641025641025641,0.00684931506849315,0.0,0.0,0.0,0.0,0.0,0.016666666666666666,0.0,0.0,,,,,,,,,,,,,,,,,,,,
A2147HO7VBGJCU,prim,20-2,20.0,2000.0,,,,,,,,,,,,,,,,,,,,,1.0,0.0,0.0,0.0,0.0,0.0,0.0,0.0,0.0,0.0,0.0,0.0,0.0,0.027777777777777776,0.0,0.0,0.0,0.018518518518518517,0.03333333333333333,0.5685606060606061,0.2583333333333333,0.0775058275058275,0.042222222222222223,0.011363636363636364,0.024390243902439025,0.0,0.0,0.014705882352941176,0.0,0.0,0.0,0.0,0.0,0.0,0.0,0.0,0.0,0.0,,,,,,,,,,,,,,,,,,,,
A248QG4DPULP46,ns,20-2,20.0,2000.0,,,,,,,,,,,,,,,,,,,,,0.1607142857142857,0.08762254901960784,0.011904761904761904,0.05213903743315508,0.07536764705882354,0.023809523809523808,0.043424908424908426,0.0078125,0.015973630831643,0.033796296296296297,0.0,0.039938556067588324,0.03728287841191067,0.029313592256157164,0.005681818181818182,0.03719512195121951,0.055152973351502765,0.09206377430061641,0.07072686798296554,0.2566554772481824,0.12649936868686867,0.12242742265231021,0.08390567765567766,0.06798076923076923,0.037830687830687826,0.08018408134642356,0.05119047619047619,0.057692307692307696,0.03869047619047619,0.04551282051282052,0.06180323299888517,0.03571428571428571,0.013888888888888888,0.027777777777777776,0.0,0.0,0.0,0.2222222222222222,,,,,,,,,,,,,,,,,,,,
A25S9Y5DZ9OR16,prim,20-2,20.0,2000.0,,,,,,,,,,,,,,,,,,,,,0.25,0.0,0.0,0.14583333333333331,0.0,0.07291666666666666,0.027777777777777776,0.03125,0.0,0.0,0.016666666666666666,0.0,0.0,0.0125,0.0,0.011363636363636364,0.011904761904761904,0.01735294117647059,0.007142857142857143,0.4501177394034537,0.22639423076923076,0.15873289999429818,0.07201875367925321,0.03292745123039653,0.011904761904761904,0.005952380952380952,0.00641025641025641,0.008333333333333333,0.010416666666666666,0.0,0.0,0.0,0.0,0.0,0.0,0.0,0.0,0.0,,,,,,,,,,,,,,,,,,,,
A25VK411P03A5T,rec,20-2,20.0,2000.0,,,,,,,,,,,,,,,,,,,,,0.17410714285714285,0.05357142857142857,0.027777777777777776,0.02291666666666667,0.009259259259259259,0.007575757575757576,0.014821272885789015,0.042291236138196,0.02853978575783087,0.034909060238007605,0.03552425183772645,0.02299154334038055,0.04289171602836199,0.03763925026116352,0.014470067551828558,0.027700900650167646,0.06273417674279744,0.0898327813377493,0.21390537380239896,0.602825195008665,0.13714037698412698,0.0552437456389993,0.058876662712869614,0.035304607673028725,0.029925604345165238,0.010725010725010725,0.007829703939319794,0.004901960784313725,0.027294685990338165,0.01675675675675676,0.009615384615384616,0.007575757575757576,0.017857142857142856,0.0,0.0,0.0,0.0,0.0,,,,,,,,,,,,,,,,,,,,
A289D98Z4GAZ28,prim,20-2,20.0,2000.0,,,,,,,,,,,,,,,,,,,,,0.5,0.0,0.0,0.0,0.0,0.0,0.05555555555555555,0.0762987012987013,0.013157894736842105,0.022727272727272728,0.033482142857142856,0.035173160173160176,0.03364389233954451,0.0,0.008333333333333333,0.015151515151515152,0.03141025641025641,0.02808277027027027,0.034976201632592664,0.19022905061040654,0.24065722941494944,0.09870473308940801,0.11288734243697479,0.1128318783458204,0.06648379423134107,0.032000517598343686,0.049631369069719225,0.027445862065756534,0.029359309906341786,0.006944444444444444,0.005952380952380952,0.0,0.0,0.0,0.0,0.029411764705882353,0.0,0.0,,,,,,,,,,,,,,,,,,,,
A2BTEQA95MCIHU,prim,20-2,20.0,2000.0,,,,,,,,,,,,,,,,,,,,,0.0,0.0,0.0,0.0,0.125,0.0625,0.0,0.014705882352941176,0.0,0.0125,0.0,0.0,0.0,0.0,0.0,0.01,0.017241379310344827,0.0,0.008333333333333333,0.4530741869918699,0.27111528822055136,0.17609364319890636,0.07126207126207126,0.017857142857142856,0.0,0.017857142857142856,0.0,0.011904761904761904,0.0,0.015625,0.0,0.0,0.0,0.0,0.0,0.0,0.0,0.0,,,,,,,,,,,,,,,,,,,,
A2E8PL8ZWIZVJ0,prim,20-2,20.0,2000.0,,,,,,,,,,,,,,,,,,,,,0.0,0.0,0.05,0.0,0.0,0.0,0.0,0.0,0.0,0.0,0.0,0.0,0.0,0.0,0.0,0.0,0.0,0.0,0.014285714285714285,0.8765929383116883,0.11751277669999316,0.007615666513971599,0.0,0.0,0.0,0.0,0.0,0.0,0.0,0.0,0.0,0.0,0.0,0.0,0.0,0.0,0.0,0.0,,,,,,,,,,,,,,,,,,,,
A2I6HVUDBTGD1,prim,20-2,20.0,2000.0,,,,,,,,,,,,,,,,,,,,,,0.0,0.0,0.0,0.025,0.0,0.0,0.0,0.0,0.0,0.008928571428571428,0.0,0.0,0.0,0.0,0.0,0.0,0.0,0.0,0.6612773526939686,0.21637870358499386,0.0726825164656507,0.032160062416870985,0.027448138418334992,0.004901960784313725,0.0,0.0,0.0,0.0,0.0,0.0,0.0,0.0,0.0,0.0,0.0,0.0,0.0,,,,,,,,,,,,,,,,,,,,
A2KHR0GTA0DBWI,rec,20-2,20.0,2000.0,,,,,,,,,,,,,,,,,,,,,0.0,0.0,0.0,0.0,0.0,0.0,0.0,0.0,0.0,0.0,0.0,0.0,0.005434782608695652,0.011963693125520973,0.019241604687852153,0.07664063903299768,0.12685464723178766,0.2547530731067191,0.43430679360293634,0.13083642547928262,0.05377289053759642,0.018634466308884913,0.011845039018952062,0.02541827541827542,0.0,0.0,0.0,0.0,0.0,0.0,0.0,0.0,0.0,0.0,0.0,0.0,0.0,0.0,,,,,,,,,,,,,,,,,,,,
A2KT30RCVX67ZS,prim,20-2,20.0,2000.0,,,,,,,,,,,,,,,,,,,,,,0.0,0.0,0.0,0.0,0.0,0.0,0.0,0.0,0.0,0.0,0.013888888888888888,0.0,0.0,0.0,0.0,0.0125,0.0,0.01,0.8348455807758133,0.1296993320879255,0.028506165740208294,0.0,0.0,0.008064516129032258,0.00625,0.0,0.0,0.0,0.0,0.0,0.0,0.0,0.0,0.0,0.0,0.0,0.0,,,,,,,,,,,,,,,,,,,,
A2MMGDAA7JJKIE,prim,20-2,20.0,2000.0,,,,,,,,,,,,,,,,,,,,,,0.0,0.0,0.0,0.0,0.0,0.0,0.0,0.0,0.0,0.0,0.011904761904761904,0.0,0.05065789473684211,0.0,0.0,0.0,0.0,0.030144288208804337,0.7218343745029138,0.19549209770114942,0.03563988095238095,0.0030864197530864196,0.01271905031091012,0.0,0.0,0.017987249544626594,0.0,0.0,0.006097560975609756,0.0,0.0,0.0,0.0,0.0,0.0,0.0,0.0,,,,,,,,,,,,,,,,,,,,
A2MOKIEQZ0OF2M,prim,20-2,20.0,2000.0,,,,,,,,,,,,,,,,,,,,,0.5,0.3333333333333333,0.0,0.0,0.0,0.027777777777777776,0.0,0.0,0.0,0.0,0.0,0.022988505747126436,0.0,0.0,0.01075268817204301,0.013888888888888888,0.03123123123123123,0.008547008547008546,0.0741869918699187,0.6336070060207991,0.2603835978835979,0.052213210875775545,0.020726347443904693,0.0,0.006433232239683853,0.0030864197530864196,0.0,0.0,0.0,0.0,0.0,0.0,0.0,0.0,0.009523809523809523,0.0,0.0,0.0,,,,,,,,,,,,,,,,,,,,
A2NZ783AY1LBPW,prim,20-2,20.0,2000.0,,,,,,,,,,,,,,,,,,,,,0.3125,0.03571428571428571,0.022727272727272728,0.0,0.0,0.0,0.013157894736842105,0.0,0.0,0.018518518518518517,0.008064516129032258,0.0,0.0078125,0.01,0.013157894736842105,0.016304347826086956,0.018923611111111113,0.04770299145299146,0.10787469137852769,0.5754768524505367,0.20164765935948148,0.07535537297861242,0.01717005582137161,0.040182977507661935,0.008055555555555555,0.01875,0.0,0.0,0.016666666666666666,0.0,0.009615384615384616,0.0,0.0,0.016666666666666666,0.0,0.0,0.0,0.0,,,,,,,,,,,,,,,,,,,,
A2NZAL7KHOR6VF,rec,20-2,20.0,2000.0,,,,,,,,,,,,,,,,,,,,,0.0,0.0,0.014285714285714285,0.012049941927990708,0.033349802371541504,0.015359477124183007,0.046395467277820214,0.030399274047186932,0.03296828179937472,0.03537127121292245,0.02595478489903424,0.04196009389671362,0.048084177089537425,0.035153925161003775,0.04918802565955779,0.04257121223684858,0.1008684433301976,0.1428756585702503,0.13693668379082483,0.39817867317867317,0.11251646903820817,0.07484555791756431,0.06680852519535571,0.03381519274376417,0.03904336591394225,0.08676516123324635,0.0367063492063492,0.03468198468198468,0.0671077481422309,0.04536171456755282,0.04777432712215321,0.024404761904761905,0.0,0.03571428571428571,0.13333333333333333,0.0,0.0,,,,,,,,,,,,,,,,,,,,,
A2OOS7IXSKJFFI,ns,20-2,20.0,2000.0,,,,,,,,,,,,,,,,,,,,,0.0,0.0,0.0,0.0,0.0,0.0,0.0,0.02631578947368421,0.025,0.0,0.041666666666666664,0.0,0.0,0.017857142857142856,0.0,0.015625,0.07142857142857142,0.075,0.07317073170731707,0.3569157392686805,0.19033613445378153,0.08912655971479501,0.06896551724137931,0.04411764705882353,0.043478260869565216,0.0,0.023809523809523808,0.0,0.0,0.029411764705882353,0.0,0.0,0.0,0.0,0.08333333333333333,0.125,0.0,0.5,,,,,,,,,,,,,,,,,,,,
A2P2YEHX1FXD20,rec,20-2,20.0,2000.0,,,,,,,,,,,,,,,,,,,,,0.3333333333333333,0.08333333333333333,0.0,0.0,0.0,0.0,0.0,0.0,0.025641025641025644,0.025641025641025644,0.0,0.0,0.0,0.0,0.0,0.026838432635534083,0.0,0.10600255427841636,0.23193473193473194,0.48579688285570644,0.20613830613830617,0.06712962962962964,0.02121212121212121,0.018518518518518517,0.0,0.0,0.0,0.015151515151515152,0.0,0.0,0.0,0.0,0.0,0.0,0.0,0.0,0.0,0.0,,,,,,,,,,,,,,,,,,,,
A2QHI85LQPJZYP,prim,20-2,20.0,2000.0,,,,,,,,,,,,,,,,,,,,,0.0,0.0,0.037037037037037035,0.041666666666666664,0.08608058608058607,0.010101010101010102,0.0,0.0,0.009009009009009009,0.0,0.0,0.0,0.006666666666666667,0.0,0.10909090909090909,0.011695906432748537,0.046464646464646465,0.02121971595655806,0.06432748538011696,0.5474599419085541,0.1511111111111111,0.05432098765432098,0.0944300642316173,0.10062893081761005,0.013076923076923078,0.02967171717171717,0.008333333333333333,0.008771929824561403,0.0,0.0,0.0,0.012820512820512822,0.0,0.0196078431372549,0.0,0.0,0.047619047619047616,0.0,,,,,,,,,,,,,,,,,,,,
A2SSY7MHPDQVUS,prim,20-2,20.0,2000.0,,,,,,,,,,,,,,,,,,,,,,,0.0,0.0,0.0,0.0,0.0,0.0,0.0,0.0,0.0,0.0,0.0,0.015625,0.0,0.0,0.0,0.0,0.0,0.45555555555555555,0.2679775280898876,0.12194583455990579,0.07569850552306692,0.02,0.04138888888888889,0.02847082494969819,0.007575757575757576,0.0,0.0,0.0,0.0,0.0,0.0,0.0,0.0,0.0,0.0,0.0,,,,,,,,,,,,,,,,,,,,
A2UX2W49R55PH4,prim,20-2,20.0,2000.0,,,,,,,,,,,,,,,,,,,,,0.0,0.1111111111111111,0.0,0.13333333333333333,0.0,0.0,0.0,0.025,0.0,0.0,0.0,0.0,0.0,0.0,0.02277327935222672,0.041666666666666664,0.020970394736842105,0.03571428571428571,0.08819444444444444,0.1884708428826076,0.2604120595606664,0.13518691407009764,0.10138888888888889,0.057150704084689904,0.05625,0.04226791726791727,0.020833333333333332,0.02827380952380952,0.009259259259259259,0.0,0.014705882352941176,0.0,0.041666666666666664,0.0,0.0,0.05,0.0,0.0,,,,,,,,,,,,,,,,,,,,
A2VIKCIM9TZL22,rec,20-2,20.0,2000.0,,,,,,,,,,,,,,,,,,,,,0.0,0.014492753623188406,0.02431476569407604,0.018070818070818073,0.01690201112537441,0.025865946918578495,0.0070921985815602835,0.0070921985815602835,0.02317746989938974,0.0,0.030348012535048655,0.007575757575757576,0.020782061799289032,0.020473705339221198,0.026677337601707346,0.039529993815708105,0.05754385964912281,0.1621299110660813,0.2967121090617482,0.33869047619047615,0.07901234567901234,0.14957264957264957,0.04666666666666667,0.04545454545454545,0.016666666666666666,0.0688141923436041,0.05252525252525253,0.020833333333333332,0.05158730158730159,0.06944444444444443,0.030303030303030304,0.0,0.0,0.25,0.1,0.0,0.0,0.0,,,,,,,,,,,,,,,,,,,,
A2XGHLVP2C1FVA,ns,20-2,20.0,2000.0,,,,,,,,,,,,,,,,,,,,,0.0,0.07777777777777778,0.0,0.013157894736842105,0.06340579710144928,0.01641025641025641,0.023809523809523808,0.025757575757575757,0.017769607843137254,0.044859391124871,0.015685328185328185,0.032981803143093465,0.028645833333333332,0.05508140756302521,0.027046783625730993,0.027070750647109575,0.04747955532839254,0.0765038902848839,0.08322067335616574,0.35945601413605954,0.17082151025812997,0.09458805445761967,0.06839675851494181,0.04201388888888889,0.041176470588235294,0.025761368377138088,0.057634032634032634,0.018483709273182956,0.02667140825035562,0.007575757575757576,0.020833333333333332,0.014705882352941176,0.011904761904761904,0.017857142857142856,0.05952380952380952,0.0,0.05,0.0,,,,,,,,,,,,,,,,,,,,
A2XVLOZY7FJCC2,rec,20-2,20.0,2000.0,,,,,,,,,,,,,,,,,,,,,0.0,0.0,0.0,0.013157894736842105,0.020833333333333332,0.04559523809523809,0.0733097100032584,0.03832415420928403,0.06735658668361671,0.052288392610973254,0.05976635384530121,0.042170678165748224,0.04578560385445237,0.08142995570321152,0.06416364937561786,0.09074838063740823,0.0773253367003367,0.09865485971069204,0.11004923312478551,0.12373966525509175,0.07571302528564364,0.053117472108953394,0.050273328248156626,0.06356388709329885,0.062496233691885866,0.04071939586645469,0.07343749999999999,0.03317099567099567,0.04922089608790376,0.02724137931034483,0.041005291005291,0.023863636363636365,0.07291666666666666,0.057692307692307696,0.0,0.0,0.0,0.08333333333333333,,,,,,,,,,,,,,,,,,,,
A2ZVBFH732LYXQ,prim,20-2,20.0,2000.0,,,,,,,,,,,,,,,,,,,,,,0.0,0.0,0.0,0.0,0.0,0.0,0.0,0.0,0.0,0.013157894736842105,0.0,0.0125,0.0,0.0,0.0,0.0,0.0,0.0,0.9724943142751362,0.010954635836254435,0.005104166666666667,0.0,0.0,0.0,0.0,0.0,0.0036231884057971015,0.010745614035087718,0.0,0.0,0.0,0.0,0.0,0.0,0.0,0.0,0.0,,,,,,,,,,,,,,,,,,,,
A304UJAE051J89,rec,20-2,20.0,2000.0,,,,,,,,,,,,,,,,,,,,,0.0,0.011904761904761904,0.020128824476650563,0.042982161516644274,0.005681818181818182,0.005952380952380952,0.030146425495262703,0.03157536907536908,0.03790448343079922,0.01823607427055703,0.021281464877574492,0.019392954581929064,0.02214902317128578,0.03934650653400654,0.03919609801962743,0.08430254441433303,0.07430939331312156,0.10594794524467038,0.32869914871193645,0.3241639256080822,0.09889853733912492,0.0768532785481938,0.04988623751387347,0.05666737633950748,0.02702054235073103,0.04732779812975995,0.014297385620915032,0.022071191807252758,0.055451188515704644,0.017549261083743842,0.010416666666666666,0.0125,0.0,0.03333333333333333,0.0,0.0,0.25,0.0,,,,,,,,,,,,,,,,,,,,
A312HQ3OU0EYTB,rec,20-2,20.0,2000.0,,,,,,,,,,,,,,,,,,,,,0.03333333333333333,0.05588235294117647,0.06926406926406926,0.010101010101010102,0.05401234567901234,0.042328042328042326,0.03649425287356322,0.009009009009009009,0.016666666666666666,0.060096140073451466,0.01736111111111111,0.007575757575757576,0.02707136997538966,0.022897897897897895,0.04115497076023392,0.04269713261648745,0.044986800690425426,0.16556835478068355,0.2278310554003373,0.23142135642135642,0.09756479807112718,0.05854406130268199,0.0791005291005291,0.08369883040935672,0.040202966432474625,0.016666666666666666,0.023391812865497075,0.0392156862745098,0.06818181818181819,0.0196078431372549,0.017543859649122806,0.025641025641025644,0.037037037037037035,0.13095238095238096,0.047619047619047616,0.0,0.0,0.5,,,,,,,,,,,,,,,,,,,,
A35S8HPY0V445,ns,20-2,20.0,2000.0,,,,,,,,,,,,,,,,,,,,,0.0,0.08333333333333333,0.0,0.1,0.029411764705882353,0.0,0.0,0.009615384615384616,0.009615384615384616,0.03414351851851852,0.051322043969102796,0.04997184684684684,0.02367109634551495,0.038973281620340444,0.05728940031265613,0.02442942462539327,0.03229166666666667,0.0620822192513369,0.08835227272727272,0.2897003822003822,0.1478097331417825,0.06227127748866879,0.07154756520428163,0.06506656426011265,0.08243699526594263,0.06286871023713128,0.007352941176470588,0.02631578947368421,0.03125,0.0,0.032342657342657344,0.0,0.014705882352941176,0.0625,0.0,0.0,0.0,0.0,,,,,,,,,,,,,,,,,,,,
A37GOI3N77WX21,ns,20-2,20.0,2000.0,,,,,,,,,,,,,,,,,,,,,0.15625,0.05844155844155844,0.0875,0.079375,0.05736079328756674,0.03425925925925926,0.05853515853515854,0.02976190476190476,0.05505702280912365,0.08429992382514942,0.050020764119601324,0.04124960592686003,0.033053660335607596,0.03319856244384546,0.02537539733821855,0.11598946698657714,0.05995336315840247,0.04890222096743836,0.19023361758260549,0.231847490888702,0.08166216356897124,0.1042768959435626,0.049320127890066026,0.03321307040736389,0.040214932126696835,0.07346223750867498,0.04347271736977619,0.048974802371541504,0.033516483516483515,0.048619417862838916,0.04505997474747475,0.05493951612903226,0.04083333333333333,0.02152014652014652,0.0,0.03571428571428571,0.08333333333333333,0.0,,,,,,,,,,,,,,,,,,,,
A389UA2GRCJ6,prim,20-2,20.0,2000.0,,,,,,,,,,,,,,,,,,,,,,0.0,0.0,0.0,0.0,0.0,0.0,0.0,0.0,0.014705882352941176,0.0,0.0,0.0,0.04411764705882353,0.0,0.01,0.008620689655172414,0.01,0.0,0.3696657183499289,0.25674886072483327,0.1759004884004884,0.09958682306066027,0.04495050236406619,0.03232281284606866,0.018147502903600465,0.0,0.009615384615384616,0.0,0.0,0.0,0.0,0.0,0.0,0.0,0.0,0.0,0.0,,,,,,,,,,,,,,,,,,,,
A3A7XOKH39SYOI,prim,20-2,20.0,2000.0,,,,,,,,,,,,,,,,,,,,,0.5,0.0,0.0,0.0,0.0,0.0,0.0,0.0,0.0,0.0,0.0,0.0,0.0,0.0,0.0,0.0,0.0,0.0,0.016993087557603686,0.6143931790810554,0.22686808505797396,0.09918027374923927,0.04244186046511628,0.030969191270860078,0.0,0.0,0.0,0.0,0.0,0.0,0.0,0.0,0.0,0.0,0.0,0.0,0.0,0.0,,,,,,,,,,,,,,,,,,,,
A3B0CMCBWAND7,rec,20-2,20.0,2000.0,,,,,,,,,,,,,,,,,,,,,0.11666666666666667,0.02606951871657754,0.018934081346423562,0.02027027027027027,0.023306233062330622,0.009615384615384616,0.026620715350223548,0.023461538461538464,0.020888612493090104,0.015890192012786453,0.013126173408431472,0.03745064522342065,0.04446493700265252,0.044046010642315475,0.059213296282261796,0.04550865800865801,0.05294357764876633,0.07520628133679062,0.16138718566413388,0.5769125810696129,0.11262210012210011,0.04250908601426841,0.03846327801551682,0.028756313131313133,0.030575606030744974,0.03311130007558579,0.018173466668536725,0.022474747474747474,0.010416666666666666,0.013157894736842105,0.02332657200811359,0.02048494983277592,0.0,0.0,0.0,0.0,0.0,0.0,,,,,,,,,,,,,,,,,,,,
A3C4WGE4SOGM1,ns,20-2,20.0,2000.0,,,,,,,,,,,,,,,,,,,,,0.0,0.3333333333333333,0.0,0.08333333333333333,0.0,0.2857142857142857,0.07738095238095238,0.0,0.0,0.0625,0.08333333333333333,0.013157894736842105,0.12142857142857143,0.0,0.0,0.0,0.0,0.03434684684684684,0.048692057468148545,0.5220361603545528,0.1564922480620155,0.06828396851698426,0.025899912203687446,0.04595588235294118,0.0,0.0,0.019230769230769232,0.038461538461538464,0.0,0.0,0.0,0.0,0.0,0.0,0.0,0.0,0.0,0.0,,,,,,,,,,,,,,,,,,,,
A3CKVVGWBS4NGU,prim,20-2,20.0,2000.0,,,,,,,,,,,,,,,,,,,,,,0.0,0.0,0.0,0.0,0.017857142857142856,0.0,0.0,0.0,0.009615384615384616,0.0,0.0,0.0,0.0,0.0,0.0,0.0,0.0,0.01207590569292697,0.7122273120546825,0.22116300921637488,0.06233780966950096,0.008502125531382847,0.0,0.0,0.0,0.0,0.0,0.0,0.0,0.014285714285714285,0.0,0.0,0.0,0.011363636363636364,0.0,0.0,0.0,,,,,,,,,,,,,,,,,,,,
A3GDVKIN7ZGUG9,rec,20-2,20.0,2000.0,,,,,,,,,,,,,,,,,,,,,0.0,0.0,0.07417582417582418,0.06066176470588235,0.027777777777777776,0.022727272727272728,0.021739130434782608,0.12023809523809523,0.04285714285714286,0.029857397504456328,0.02857142857142857,0.027777777777777776,0.04759238521836506,0.07913855734302024,0.03359683794466403,0.010869565217391304,0.05626780626780627,0.09424313267095266,0.17314814814814816,0.23169398907103825,0.17744755244755245,0.054713804713804715,0.07884615384615384,0.05734672304439746,0.024725274725274724,0.038157894736842106,0.07692307692307693,0.02857142857142857,0.016666666666666666,0.023809523809523808,0.018518518518518517,0.037037037037037035,0.0,0.02631578947368421,0.045454545454545456,0.0,0.0,0.0,,,,,,,,,,,,,,,,,,,,
A3HE29W5IDR394,rec,20-2,20.0,2000.0,,,,,,,,,,,,,,,,,,,,,0.050505050505050504,0.042483660130718956,0.04222408026755853,0.06320762570762571,0.05601851851851852,0.02193627450980392,0.025199739873652916,0.06072715542944091,0.011363636363636364,0.032670454545454544,0.03646098929117797,0.05546981753878305,0.022456182227375027,0.058005578503992045,0.04997941370223979,0.05490242778597625,0.08213827175710514,0.09026426462057692,0.178845925494133,0.18092979758874406,0.12186538058631083,0.12059986853438505,0.08945057078041027,0.08639277389277389,0.04567307692307693,0.055462932384493284,0.035695187165775404,0.05991940045248869,0.009259259259259259,0.026785714285714284,0.05871798480157613,0.0870796783625731,0.03571428571428571,0.09740259740259741,0.05952380952380952,0.0,0.0625,0.0,,,,,,,,,,,,,,,,,,,,
A3I1SGVY37KR4A,ns,20-2,20.0,2000.0,,,,,,,,,,,,,,,,,,,,,0.16666666666666666,0.0,0.21428571428571427,0.1111111111111111,0.11428571428571428,0.0,0.0,0.0,0.0,0.022222222222222223,0.0,0.0,0.0,0.0,0.013888888888888888,0.038974358974358976,0.03580901856763926,0.022988505747126436,0.057233704292527825,0.3194444444444444,0.22020498400472724,0.15149359886201993,0.05286865813181602,0.12164234114698512,0.010416666666666666,0.03333333333333333,0.03299962921764924,0.0,0.0,0.013888888888888888,0.0,0.0,0.0,0.0,0.0,0.0,0.0,0.0,,,,,,,,,,,,,,,,,,,,
A3J5HRXH4F64SP,ns,20-2,20.0,2000.0,,,,,,,,,,,,,,,,,,,,,0.0,0.0,0.0625,0.0,0.045454545454545456,0.16083916083916083,0.0,0.03571428571428571,0.04941176470588235,0.027777777777777776,0.015625,0.036616161616161616,0.02,0.04298245614035087,0.11767399267399267,0.030061892130857647,0.036585365853658534,0.13392857142857142,0.0797275641025641,0.21250000000000002,0.04018492176386913,0.09413919413919414,0.0865546218487395,0.015151515151515152,0.03279569892473118,0.017241379310344827,0.05507246376811594,0.019230769230769232,0.05416666666666667,0.022727272727272728,0.0,0.0,0.0,0.16666666666666666,0.0,0.0,0.0,0.0,,,,,,,,,,,,,,,,,,,,
A3LVLZS8S41ZD7,rec,20-2,20.0,2000.0,,,,,,,,,,,,,,,,,,,,,0.043560606060606064,0.05164141414141414,0.036754592789075544,0.029411764705882353,0.037980769230769235,0.07469512195121951,0.03077152600170503,0.03841337907375643,0.057716836734693876,0.03083075335397317,0.029611709738449957,0.06878023083725883,0.01663011695906433,0.06605299021965688,0.04563300003545722,0.06401150306523201,0.05322319339716352,0.08353851855821098,0.11734688504266819,0.3345357327713694,0.11509663455092228,0.0638783610085847,0.04162381735911148,0.07467966836254004,0.10564846386676038,0.05564528665588857,0.10258115111838516,0.044570707070707066,0.035176651305683565,0.047965753193784336,0.053973013493253376,0.06910714285714285,0.06449718045112782,0.04700854700854701,0.08125,0.05,0.0,0.0,,,,,,,,,,,,,,,,,,,,
A3LXARU55PR281,ns,20-2,20.0,2000.0,,,,,,,,,,,,,,,,,,,,,0.0,0.0,0.0,0.0,0.0,0.0,0.0,0.0,0.0,0.0,0.05,0.007575757575757576,0.0,0.028977272727272727,0.005813953488372093,0.03383838383838384,0.043478260869565216,0.06439393939393939,0.16976549026853904,0.4538179996917861,0.1487905369484317,0.07158073755818116,0.011080586080586081,0.008333333333333333,0.0,0.040178571428571425,0.0,0.0,0.011904761904761904,0.0,0.0,0.0,0.0,0.0,0.0,0.0,0.0,0.0,,,,,,,,,,,,,,,,,,,,
A3TR3KIRG5PCZ8,prim,20-2,20.0,2000.0,,,,,,,,,,,,,,,,,,,,,,,0.0,0.0,0.0,0.0,0.0,0.0,0.0,0.0,0.0,0.0,0.0,0.0,0.0,0.0,0.0,0.0,0.005813953488372093,0.4233944822300987,0.27048823322795923,0.15083665396165397,0.08129520289298514,0.030111344394871644,0.024486803519061583,0.008701573849878935,0.00909090909090909,0.009437321937321937,0.0,0.005555555555555556,0.0,0.0,0.0,0.0,0.0,0.0,0.0,0.0,,,,,,,,,,,,,,,,,,,,
A3U2A632YWEX7B,prim,20-2,20.0,2000.0,,,,,,,,,,,,,,,,,,,,,,0.0,0.0,0.0,0.0,0.027777777777777776,0.0,0.0,0.0,0.0,0.0,0.0,0.0,0.010869565217391304,0.0,0.01668520578420467,0.013513513513513514,0.028185328185328186,0.03137065637065637,0.7772399985847054,0.14136150395117397,0.03950687309121044,0.01875,0.006454030646235842,0.006493506493506494,0.0035211267605633804,0.0,0.0,0.0,0.0,0.0,0.0,0.0,0.0,0.0,0.0,0.025,0.0,,,,,,,,,,,,,,,,,,,,
A3U69MNO1JC7V4,rec,20-2,20.0,2000.0,,,,,,,,,,,,,,,,,,,,,0.0,0.0,0.0,0.0,0.0,0.0043859649122807015,0.003787878787878788,0.00684931506849315,0.007246376811594203,0.009015151515151516,0.003246753246753247,0.013214487832484436,0.028285882219373396,0.029724056678746266,0.03779266120661429,0.05224128413462367,0.13470101031815052,0.20184637137650052,0.40104684460421414,0.26400865083549424,0.15245874960803693,0.07377795962902346,0.054239081996434936,0.06318418171866447,0.0412061597406425,0.007352941176470588,0.020416666666666666,0.0,0.043055555555555555,0.0,0.016666666666666666,0.0,0.0,0.0,0.0,0.08333333333333333,0.0,0.0,,,,,,,,,,,,,,,,,,,,
A3UMHUWJKRGKNR,rec,20-2,20.0,2000.0,,,,,,,,,,,,,,,,,,,,,0.0,0.041666666666666664,0.04006410256410256,0.0,0.011904761904761904,0.023809523809523808,0.0,0.026500638569604086,0.02222659323367427,0.05199490662139219,0.04994253545270375,0.04664003759398496,0.04443595620066208,0.04470397869109813,0.05888921820872431,0.06966062409647455,0.15128968253968253,0.11963867454358548,0.1824635446953544,0.23388773388773387,0.11038398692810458,0.09964146023468058,0.0680693124148186,0.04200214486058406,0.04399256840294576,0.018255295429208472,0.027916666666666666,0.03800133689839572,0.03449360716802577,0.02474358974358974,0.007575757575757576,0.0,0.0374331550802139,0.0,0.0,0.0,0.0,0.16666666666666666,,,,,,,,,,,,,,,,,,,,
A3VW5PI9ZX9DOD,ns,20-2,20.0,2000.0,,,,,,,,,,,,,,,,,,,,,0.0,0.041666666666666664,0.0,0.0,0.024691358024691357,0.0,0.00980392156862745,0.009009009009009009,0.11904761904761905,0.02666666666666667,0.006666666666666667,0.013333333333333334,0.006172839506172839,0.0,0.02824858757062147,0.005555555555555556,0.010256410256410256,0.026455026455026454,0.05316091954022989,0.5661375661375662,0.16976246763480804,0.031446540880503145,0.0720189701897019,0.00980392156862745,0.02631578947368421,0.010416666666666666,0.0,0.0,0.0,0.016666666666666666,0.03508771929824561,0.023809523809523808,0.0,0.0,0.0,0.0,0.0,0.0,,,,,,,,,,,,,,,,,,,,
A4HWADFPGP45G,ns,20-2,20.0,2000.0,,,,,,,,,,,,,,,,,,,,,0.25,0.125,0.06666666666666667,0.027777777777777776,0.04700854700854701,0.0,0.014705882352941176,0.0,0.0,0.0,0.010416666666666666,0.0,0.007575757575757576,0.0,0.016993087557603686,0.007142857142857143,0.02142857142857143,0.04586834733893558,0.04776422764227642,0.5766385400313971,0.21214783488609593,0.0741859243697479,0.022833419823559936,0.028235532583358668,0.012347560975609757,0.007352941176470588,0.008064516129032258,0.0,0.008064516129032258,0.009615384615384616,0.0,0.0,0.0,0.0,0.022727272727272728,0.0,0.0,0.0,,,,,,,,,,,,,,,,,,,,
AFRKVRPZ2RHY8,rec,20-2,20.0,2000.0,,,,,,,,,,,,,,,,,,,,,0.0,0.0,0.0,0.013513513513513514,0.023268398268398268,0.03117309269893355,0.0446017116524029,0.01818181818181818,0.006944444444444444,0.025,0.01639344262295082,0.019597069597069597,0.041176470588235294,0.040961857379767826,0.040680251723104584,0.07254982254982255,0.07186147186147186,0.15095364558184451,0.3254625121713729,0.17063492063492064,0.1074074074074074,0.07359965262700825,0.024390243902439025,0.05137844611528822,0.0607843137254902,0.048642533936651584,0.017857142857142856,0.022727272727272728,0.04805491990846682,0.04673913043478261,0.03333333333333333,0.10096153846153846,0.08846153846153847,0.0,0.3333333333333333,0.0,0.0,,,,,,,,,,,,,,,,,,,,,
AHZCC2V399WUN,ns,20-2,20.0,2000.0,,,,,,,,,,,,,,,,,,,,,0.0,0.25,0.0,0.0,0.0,0.0,0.0,0.14583333333333331,0.1125,0.07982456140350877,0.025,0.0125,0.028846153846153848,0.03314393939393939,0.033482142857142856,0.014705882352941176,0.030303030303030304,0.013513513513513514,0.04896103896103896,0.4065655839800709,0.2210176903685513,0.14380287428056307,0.053786592315961154,0.029539718089550117,0.02507627765064836,0.005555555555555556,0.011043233082706766,0.0,0.019495798319327733,0.007352941176470588,0.0,0.0,0.0,0.0,0.0,0.0,0.0,0.0,,,,,,,,,,,,,,,,,,,,
AJABAPM32ETMN,rec,20-2,20.0,2000.0,,,,,,,,,,,,,,,,,,,,,0.0,0.06267806267806268,0.06951871657754011,0.07441077441077441,0.04782608695652174,0.030303030303030304,0.059731299927378356,0.022222222222222223,0.008130081300813009,0.0,0.027777777777777776,0.028575771393828848,0.022095959595959596,0.01755485893416928,0.042345316703350455,0.03984567901234568,0.06139294374588492,0.16262709052943816,0.10523920523920523,0.31011414227526757,0.2521164021164021,0.10066788099574986,0.07496379589402845,0.03455964325529543,0.0,0.007751937984496124,0.007936507936507936,0.0,0.011494252873563218,0.012820512820512822,0.0,0.0,0.0,0.0,0.0,0.0,0.0,0.0,,,,,,,,,,,,,,,,,,,,
AK1EF4NACR1UJ,prim,20-2,20.0,2000.0,,,,,,,,,,,,,,,,,,,,,0.0,0.1527777777777778,0.0,0.0,0.0125,0.0,0.0,0.0,0.0,0.0,0.0,0.005208333333333333,0.00510204081632653,0.020622895622895623,0.004629629629629629,0.004545454545454545,0.004545454545454545,0.03634559884559885,0.1578270388615216,0.7440935427052606,0.11156342480495023,0.03382381169771153,0.005319148936170213,0.003676470588235294,0.005681818181818182,0.004098360655737705,0.005434782608695652,0.0,0.0,0.008928571428571428,0.0,0.0,0.0,0.0,0.0,0.0,0.0,0.0,,,,,,,,,,,,,,,,,,,,
AKIT35WR8HEQ3,prim,20-2,20.0,2000.0,,,,,,,,,,,,,,,,,,,,,0.0,0.3333333333333333,0.0,0.0,0.0,0.0,0.07500000000000001,0.08680555555555555,0.03125,0.04583333333333334,0.04047619047619047,0.0,0.011904761904761904,0.009259259259259259,0.016281512605042014,0.039705882352941174,0.02557544757033248,0.08960813492063492,0.04549632352941177,0.47841719683824946,0.16009076044210788,0.07197845047109752,0.07976660813579163,0.03380952380952381,0.01935459718478586,0.011512297226582941,0.012784090909090908,0.0,0.0,0.007352941176470588,0.007352941176470588,0.0,0.0,0.011904761904761904,0.0,0.0,0.03125,0.0,,,,,,,,,,,,,,,,,,,,
AP9WIQ4P78XLH,rec,20-2,20.0,2000.0,,,,,,,,,,,,,,,,,,,,,0.050505050505050504,0.0718954248366013,0.03198653198653199,0.024245689655172414,0.014285714285714285,0.028365268008731504,0.06487868323731702,0.04714867176167486,0.038885606263655045,0.03719532279314888,0.00625,0.03180261385457568,0.04112007593735169,0.030620748299319725,0.024388111888111887,0.034708049886621316,0.03941135492859631,0.09078282828282828,0.14610114898322196,0.3042872237108816,0.0789616624614522,0.0936910163339383,0.04116161616161616,0.08088764321232764,0.07228731413514022,0.017857142857142856,0.033238636363636366,0.06970551378446115,0.052714646464646464,0.027046783625730993,0.09145299145299146,0.011904761904761904,0.05248917748917749,0.0,0.07291666666666666,0.060714285714285714,0.05,0.47916666666666663,,,,,,,,,,,,,,,,,,,,
AR9AU5FY1S3RO,rec,20-2,20.0,2000.0,,,,,,,,,,,,,,,,,,,,,0.08901515151515152,0.023863636363636365,0.04298579618379396,0.027106227106227107,0.020343828320802004,0.019070512820512822,0.00980392156862745,0.02289879931389365,0.02625690339560771,0.018524871355060035,0.02838807747759042,0.0,0.02846428114421321,0.029834438998538944,0.029766992266992268,0.043311688311688315,0.07258234952476067,0.11452624829912778,0.28716525232371526,0.4354263565891473,0.1080995663375526,0.07696625741595253,0.046451914098972924,0.02574441687344913,0.03311965811965812,0.05292929292929293,0.02687728937728938,0.008928571428571428,0.020416666666666666,0.0,0.013157894736842105,0.052380952380952375,0.013888888888888888,0.06666666666666667,0.0625,0.06666666666666667,0.0,,,,,,,,,,,,,,,,,,,,,
AXCDKBG1R43GE,ns,20-2,20.0,2000.0,,,,,,,,,,,,,,,,,,,,,0.3,0.020833333333333332,0.0,0.0125,0.0,0.02528735632183908,0.0203125,0.03766025641025641,0.027282208316691075,0.041666666666666664,0.04020979020979021,0.05345596432552954,0.025786985193480154,0.052880603042132185,0.05289424117549117,0.07370817142449183,0.06398267367225767,0.10238466739480939,0.18900137230175804,0.2099109224109224,0.11016860850620441,0.08498104707470033,0.10876527507686262,0.08811355311355312,0.041897964328480496,0.0,0.024472506393861893,0.009259259259259259,0.035628019323671496,0.03518091824543437,0.019230769230769232,0.03822055137844611,0.04563492063492063,0.022727272727272728,0.017857142857142856,0.0,0.0,0.0,,,,,,,,,,,,,,,,,,,,
A102WSFN62OS6I,ns,40-1,40.0,1000.0,0.4166666666666667,0.08333333333333333,0.0,0.041666666666666664,0.0,0.018518518518518517,0.05555555555555555,0.012820512820512822,0.0,0.019047619047619046,0.0,0.016666666666666666,0.0,0.0,0.0,0.0,0.0,0.0,0.0,0.0,0.008333333333333333,0.0,0.0,0.0,0.0,0.0,0.0,0.0,0.0,0.004901960784313725,0.004115226337448559,0.003787878787878788,0.019782963603188323,0.007662835249042145,0.023241341991341993,0.05047619047619047,0.07590756760969526,0.09903555064637538,0.07998150716597319,0.23233575941306409,0.2167625788572312,0.15879482772870943,0.06092336449479307,0.043601888394945804,0.01771964190188489,0.008967315515549351,0.009144342415929386,0.008923472301541975,0.0,0.0,0.004115226337448559,0.0045662100456621,0.0,0.0,0.0,0.0,0.0,0.0,0.0,0.0,0.005291005291005291,0.0,0.0,0.0,0.0,0.0,0.017195767195767195,0.008547008547008546,0.008333333333333333,0.0,0.0,0.0,0.0,0.0,0.0,0.037037037037037035,0.0,0.0
A13WTEQ06V3B6D,rec,40-1,40.0,1000.0,0.0,0.013157894736842105,0.0,0.03259966777408638,0.015625,0.012462006079027355,0.04628317990284227,0.00641025641025641,0.0125,0.012438574938574939,0.007092907092907093,0.018629961587708067,0.010227272727272727,0.011057692307692308,0.007605820105820105,0.017136631205708464,0.019446977372509285,0.01825868322178653,0.011582673884610505,0.009184855683635997,0.029134964927587607,0.008267195767195767,0.022904653380035382,0.02978816797224526,0.005982905982905983,0.011209975762214568,0.021276957655573952,0.014835470311749038,0.019645720729708438,0.011951450110974718,0.025945301844274446,0.02044085793192548,0.023795361426331416,0.02013954197975246,0.025911750170467797,0.03565786619990534,0.0587966429017378,0.0833795218925553,0.10858462164954955,0.1955,0.10924690057110148,0.10330797010370886,0.060381362459755915,0.04415990586113311,0.048860516755449536,0.037301210806903407,0.04011707399428362,0.017688717163404487,0.022037615810980297,0.037297347011264845,0.011050670870875039,0.022878570198536025,0.017526548290549095,0.008845029239766083,0.009462313190383365,0.0031645569620253164,0.02005843961067842,0.0038461538461538464,0.007577497129735936,0.015811011904761904,0.015430402930402931,0.022527156023699802,0.009166666666666667,0.015421455938697318,0.022931339941741666,0.004545454545454545,0.006756756756756757,0.0,0.0,0.0,0.0125,0.009259259259259259,0.0,0.0,0.0,0.0,0.08333333333333333,0.0
A178HXQENEAI65,rec,40-1,40.0,1000.0,0.0,0.0,0.0,0.0,0.0,0.0,0.0,0.0,0.0,0.0,0.0,0.0,0.0,0.0,0.0,0.0,0.0,0.0,0.0,0.0,0.0,0.002976190476190476,0.0,0.0,0.0,0.0,0.0,0.0,0.0,0.0023148148148148147,0.0021929824561403508,0.009041014295439074,0.01357602210190309,0.013869335557408952,0.038623419132051987,0.08471928750705729,0.14085733604365064,0.19788529094047907,0.2371741898471218,0.12492671891007713,0.11089592814167135,0.08464430225239573,0.06876223247042416,0.018261080531926186,0.010020527225583406,0.01180966825557321,0.0050354251012145745,0.0026041666666666665,0.0,0.0,0.003472222222222222,0.0,0.0,0.0,0.0,0.0,0.0,0.0,0.0,0.0,0.0,0.0,0.0,0.0,0.0,0.0,0.0,0.0,0.0,0.0,0.0,0.0,0.0,0.0,0.0,0.0,0.0,0.0
A1BLHM2IDH7DH4,prim,40-1,40.0,1000.0,,,0.0,0.0,0.0,0.0,0.0,0.0,0.0,0.0,0.0,0.0,0.0,0.0,0.0,0.0,0.0,0.0,0.0,0.0,0.0,0.0,0.0,0.0,0.0,0.0,0.0,0.0,0.0,0.0,0.0,0.0,0.0,0.0,0.0,0.00510204081632653,0.003787878787878788,0.0,0.009452241307080018,0.38940171294465775,0.34674402418514494,0.1361234160253768,0.06949413513244852,0.024610358273182902,0.007562984496124031,0.0016778523489932886,0.006810897435897436,0.0020491803278688526,0.0026595744680851063,0.008064516129032258,0.0,0.0,0.0,0.0,0.0,0.0031645569620253164,0.0,0.0,0.0,0.0,0.0,0.0,0.0,0.0,0.0,0.0,0.0,0.0,0.0,0.0,0.0,0.0,0.0,0.0,0.0,0.0,0.0,0.0
A1DJB12ZI46GPX,prim,40-1,40.0,1000.0,0.0,0.5,0.0,0.0,0.0,0.0,0.0,0.0,0.0,0.0,0.0,0.0,0.0,0.0,0.0,0.0,0.0,0.0,0.008928571428571428,0.0,0.0,0.011904761904761904,0.0,0.0,0.006097560975609756,0.0,0.004901960784313725,0.0,0.005434782608695652,0.0,0.0,0.0043859649122807015,0.0,0.0,0.010869565217391304,0.0,0.005952380952380952,0.0,0.015822784810126583,0.27441615652855994,0.23127650269594005,0.1795008733830611,0.09095793489809717,0.10464339071934739,0.031324014004736896,0.013344179837421631,0.01917550839964633,0.006024096385542169,0.012917201540436456,0.0,0.0,0.0,0.008539035591274398,0.003787878787878788,0.0,0.00948581560283688,0.0,0.004464285714285714,0.0,0.0,0.0,0.0,0.007575757575757576,0.0,0.0,0.0,0.0,0.0,0.0,0.0,0.0,0.0,0.0,0.0,0.0,0.0,0.0,0.0
A1DZMZTXWOM9MR,rec,40-1,40.0,1000.0,0.0,0.0,0.010869565217391304,0.021638655462184873,0.006756756756756757,0.019764957264957264,0.00625,0.006756756756756757,0.005952380952380952,0.006097560975609756,0.005813953488372093,0.016821946169772256,0.022001934235976787,0.005208333333333333,0.011022286821705425,0.005555555555555556,0.0,0.010763888888888889,0.02072704081632653,0.005319148936170213,0.005208333333333333,0.01,0.01001602564102564,0.0,0.024846377230137336,0.01010204081632653,0.0,0.015016025641025641,0.023361976369495163,0.008333333333333333,0.022654757569368574,0.004545454545454545,0.018353344768439105,0.021915924746113424,0.017818899376276426,0.03913595828223192,0.05881266584382615,0.08051276065981948,0.2133769063180828,0.2588083141488714,0.062145515774548035,0.06263238573021182,0.02097902097902098,0.02,0.03696741854636591,0.0,0.02638888888888889,0.013888888888888888,0.015625,0.04513888888888889,0.08256302521008403,0.06170343137254902,0.028782894736842105,0.05673076923076923,0.0,0.0,0.0706439393939394,0.0,0.04195804195804196,0.0,0.0,0.017857142857142856,0.03571428571428571,0.0,0.0,0.0,0.022727272727272728,0.05,0.0,0.0625,0.041666666666666664,0.041666666666666664,0.08333333333333333,0.0,0.0,0.0,,
A1EU59VMI8GL4K,rec,40-1,40.0,1000.0,0.03125,0.05,0.0,0.02128623188405797,0.0,0.017549261083743842,0.009259259259259259,0.016281512605042014,0.0,0.0,0.014955357142857142,0.0,0.006944444444444444,0.0,0.011416709911779968,0.00510204081632653,0.0,0.012694145758661887,0.018601190476190476,0.02038327526132404,0.02011904761904762,0.010363247863247865,0.04658306984765737,0.018775510204081632,0.03755571863448576,0.020514048531289908,0.021019071019071016,0.020212743703455778,0.018951881451881453,0.027263177998472117,0.018275788576300085,0.013926667540582464,0.013454178080861067,0.03199625378606727,0.027991165933886987,0.05812938977981881,0.05347824102735051,0.06371244173944522,0.07713981332828562,0.11649844720496894,0.09921909710716725,0.05593025059616919,0.04430822025245032,0.025022845732078792,0.05951189348805057,0.04204461883807093,0.03131161236424394,0.04391233684295535,0.023555148555148557,0.013847770467836258,0.014741376176802008,0.023616358470699466,0.018351554531806875,0.009566326530612245,0.0,0.0,0.018832662449683728,0.0,0.018612637362637362,0.006944444444444444,0.028594771241830064,0.014332514332514333,0.008620689655172414,0.0,0.021739130434782608,0.0,0.011904761904761904,0.0,0.0,0.017857142857142856,0.0,0.0,0.0,0.0,0.0,0.0,0.0,0.0
A1F0VEHWK3IAF4,ns,40-1,40.0,1000.0,0.0,0.25,0.0,0.0,0.0,0.08333333333333333,0.0,0.0,0.0,0.0,0.0,0.0,0.0,0.0,0.0,0.0,0.020833333333333332,0.0,0.0,0.0,0.0,0.0,0.0,0.0,0.0,0.00641025641025641,0.0,0.0,0.008064516129032258,0.006097560975609756,0.007142857142857143,0.0,0.018839712918660288,0.018918073796122578,0.01393188854489164,0.054783204384268216,0.05102605742968923,0.033091787439613524,0.03141339869281046,0.15604232077446364,0.1418907988727406,0.17803072315882873,0.06453804347826086,0.07350329123323704,0.041463127804313216,0.049306898774983884,0.05319148936170212,0.005319148936170213,0.029839544513457557,0.016666666666666666,0.005681818181818182,0.005952380952380952,0.0,0.0,0.008620689655172414,0.0,0.0,0.0,0.0,0.0,0.011363636363636364,0.0,0.0,0.0,0.0,0.011363636363636364,0.0,0.0,0.0,0.0,0.0,0.0,0.0,0.0,0.0,0.0,0.0,0.0
A1HGWCCIWP7AO0,ns,40-1,40.0,1000.0,0.0,0.0,0.037037037037037035,0.0,0.037037037037037035,0.0,0.0,0.0,0.0,0.031159420289855074,0.0,0.0,0.0,0.0,0.020833333333333332,0.008771929824561403,0.015873015873015872,0.015503875968992248,0.0,0.007407407407407408,0.02,0.013605442176870748,0.009259259259259259,0.005376344086021505,0.0,0.019538606403013182,0.010672814207650275,0.015076134479119555,0.005376344086021505,0.020082336853742982,0.026102066607195957,0.028090138331102188,0.01875,0.036456605859590936,0.05303703032499698,0.054637543526432415,0.0770928051165989,0.10663514578408195,0.08171057655593737,0.14870078112545831,0.11946085954022462,0.10565233738563728,0.06676346676346677,0.04065907475462396,0.029044976884348334,0.01162681669010783,0.022296132052229616,0.026838432635534083,0.008230452674897118,0.018575851393188854,0.009436469962785752,0.0045662100456621,0.00966183574879227,0.005050505050505051,0.0,0.00546448087431694,0.01725146198830409,0.012020792722547108,0.006060606060606061,0.0,0.014190821256038646,0.008130081300813009,0.0,0.0,0.0,0.0,0.0,0.0,0.0,0.0,0.012820512820512822,0.015873015873015872,0.0,0.025641025641025644,0.0,0.0,0.0,0.0
A1IL5P5H5VRW0D,prim,40-1,40.0,1000.0,0.0,0.0,0.0,0.0,0.0,0.0,0.0,0.0,0.0,0.0,0.0,0.0,0.0,0.0,0.0,0.0,0.0,0.0,0.0,0.0,0.0,0.0,0.0,0.0,0.0,0.0,0.0,0.0,0.00641025641025641,0.00641025641025641,0.0,0.0078125,0.0,0.0,0.0,0.0,0.0043859649122807015,0.015422077922077922,0.00641025641025641,0.242092803030303,0.1913407525615682,0.218778537055848,0.11270440697366108,0.08200095827804806,0.05193397789223216,0.03573120806641143,0.014081217206217207,0.011111111111111112,0.008308345827086457,0.009305006587615284,0.008928571428571428,0.003205128205128205,0.00390625,0.0,0.0,0.006097560975609756,0.0,0.0,0.0,0.0,0.0,0.0,0.0,0.0,0.0,0.0,0.0,0.0,0.0,0.0,0.0,0.0,0.0,0.0,0.0,0.0,0.0,0.0
A1J5OW12TRQSOW,ns,40-1,40.0,1000.0,0.2,0.5,0.03571428571428571,0.1,0.0,0.08333333333333333,0.0,0.0,0.05042016806722689,0.0,0.0,0.01020408163265306,0.019230769230769232,0.008771929824561403,0.0,0.0,0.0,0.0,0.03571428571428571,0.0,0.0125,0.0,0.0,0.006578947368421052,0.03151515151515152,0.03792372881355932,0.006172839506172839,0.01395131086142322,0.00819672131147541,0.010309278350515464,0.015625,0.0,0.015151515151515152,0.015789473684210527,0.016955266955266956,0.025510204081632654,0.04033613445378151,0.07107294000497884,0.09475236573675802,0.23534813825346468,0.16897984441301273,0.0677144535840188,0.052655677655677656,0.045777591973244144,0.05160014383315354,0.03146566849923968,0.02459121103730199,0.01,0.012454710144927536,0.027493606138107418,0.014810924369747899,0.00819672131147541,0.0,0.01605392156862745,0.0,0.0,0.018849206349206348,0.03333333333333333,0.01868686868686869,0.0,0.0,0.0,0.0,0.0,0.0,0.0,0.020833333333333332,0.0,0.0,0.0,0.0,0.0,0.0,0.0,0.0,0.0,0.0,0.0
A1KCSGTT6Y26LH,prim,40-1,40.0,1000.0,0.0,0.0,0.0,0.0,0.0,0.0,0.0,0.0,0.0,0.0,0.0,0.0,0.0,0.0,0.0,0.017857142857142856,0.0,0.0,0.0,0.0,0.0,0.0,0.008928571428571428,0.0,0.0,0.0,0.0,0.01270913770913771,0.0,0.0,0.0,0.0,0.01219153936545241,0.00510204081632653,0.010497835497835497,0.00641025641025641,0.0,0.005208333333333333,0.0,0.3202997503349166,0.27559842118665645,0.15988802451307002,0.10083700991895866,0.05097279716144293,0.023807394156231364,0.018898623279098872,0.009057971014492754,0.009423597025016904,0.019931022792468576,0.0,0.0,0.0,0.0030864197530864196,0.0,0.0,0.0037313432835820895,0.0,0.008928571428571428,0.0,0.0,0.0,0.0,0.0,0.0,0.0,0.0,0.0125,0.0,0.0,0.0,0.0,0.0,0.0,0.0,0.0,0.0,0.0,0.0
A1RQ8PX7A0CH3C,rec,40-1,40.0,1000.0,0.08333333333333333,0.20833333333333331,0.0,0.0625,0.025,0.12797619047619047,0.05555555555555555,0.016666666666666666,0.06798245614035087,0.06761363636363636,0.02631578947368421,0.02488425925925926,0.023504273504273504,0.022770398481973434,0.0,0.007142857142857143,0.021778584392014518,0.0,0.023268398268398268,0.019428152492668622,0.014015151515151515,0.0,0.0,0.00510204081632653,0.006097560975609756,0.0,0.00510204081632653,0.01471825063078217,0.004464285714285714,0.0,0.018682065217391304,0.011844758064516129,0.027647623826894056,0.025432900432900432,0.015493697478991597,0.047657231421812545,0.040791316526610645,0.00819672131147541,0.09564682646557142,0.07237554112554112,0.05776443507235646,0.05031222872504271,0.038755621072694244,0.08083594141468904,0.10735961429381735,0.14466783216783216,0.0961253919231537,0.0403358497870693,0.04798964218455744,0.02118945868945869,0.009259259259259259,0.008840275696733593,0.013047138047138047,0.013542370971377057,0.0037313432835820895,0.005952380952380952,0.009259259259259259,0.009259259259259259,0.0,0.0,0.0,0.020128824476650563,0.0,0.010416666666666666,0.0,0.0,0.008333333333333333,0.0125,0.0,0.0,0.0,0.0,0.0,0.0,0.0,0.0,0.0,0.0
A1RY1N37JYUHBU,prim,40-1,40.0,1000.0,0.0,0.16666666666666666,0.0,0.0,0.0,0.0,0.0,0.0,0.0,0.0,0.0,0.0,0.0,0.08333333333333333,0.0,0.0,0.0,0.0,0.0,0.0,0.0,0.0,0.0,0.0,0.0,0.0,0.009259259259259259,0.0,0.010416666666666666,0.020517676767676768,0.00980392156862745,0.0,0.0,0.009523809523809523,0.007751937984496124,0.009009009009009009,0.0,0.006410256410256411,0.029657477025898077,0.45040985548448237,0.27008262305501013,0.12903050108932462,0.03809939408530958,0.024304976154424562,0.004975124378109453,0.014492753623188406,0.004901960784313725,0.004901960784313725,0.0,0.0,0.0,0.005050505050505051,0.005208333333333333,0.0,0.0,0.0,0.0,0.006060606060606061,0.01967081493376154,0.0,0.0,0.0,0.0,0.0,0.0,0.0,0.011494252873563218,0.0,0.0,0.0,0.0,0.0,0.0,0.0,0.0,0.0,0.0,0.0
A1S54RQW9FDK0X,ns,40-1,40.0,1000.0,0.0,0.0,0.041666666666666664,0.013888888888888888,0.06315789473684211,0.0125,0.0,0.022727272727272728,0.0,0.07720588235294118,0.0,0.0,0.011904761904761904,0.0,0.03362068965517241,0.02488425925925926,0.0,0.006578947368421052,0.01925545571245186,0.0,0.0,0.00510204081632653,0.0,0.03314393939393939,0.016352040816326532,0.02204457364341085,0.013392857142857142,0.026059753811037742,0.018525817895151755,0.02307015573525007,0.012276785714285714,0.020597421098772647,0.01503623188405797,0.03606095521252187,0.030992122658789326,0.022865557865557867,0.0676455288103373,0.07572239196857267,0.08811803343053344,0.1681724318417996,0.11785938843005447,0.10399744410740366,0.06298972956783026,0.05065299489885977,0.04318071156807682,0.0234925498920054,0.023468815135481803,0.015454501638712165,0.03042211901076374,0.016238191632928476,0.013424657534246575,0.0067117117117117125,0.006761695906432748,0.0,0.011368778280542988,0.007692307692307693,0.019602977667493797,0.01563081575682382,0.0,0.004310344827586207,0.004464285714285714,0.0,0.005208333333333333,0.0,0.005319148936170213,0.005555555555555556,0.0,0.0,0.0,0.0,0.0,0.0,0.0,0.0,0.0,0.0,0.0,0.0
A1TG34GJ1WTN0C,prim,40-1,40.0,1000.0,0.0,0.0,0.0,0.0,0.0625,0.0,0.0,0.0,0.0,0.0,0.0,0.0,0.0,0.0,0.0,0.0,0.0,0.0,0.0,0.0,0.0,0.011904761904761904,0.0125,0.0,0.25961538461538464,0.0,0.0,0.008928571428571428,0.0,0.0,0.008928571428571428,0.005813953488372093,0.005681818181818182,0.007352941176470588,0.0,0.011904761904761904,0.025694444444444443,0.0125,0.016003787878787878,0.09296939619520264,0.2251680158601742,0.18513335346749038,0.13711305770732,0.08427845528455284,0.07844551282051282,0.04403151295165814,0.015955113848450914,0.03806708494208494,0.0,0.004807692307692308,0.007352941176470588,0.0,0.0,0.010638297872340425,0.0,0.0,0.008928571428571428,0.005952380952380952,0.0,0.010869565217391304,0.0,0.0,0.0,0.0,0.0,0.0,0.0,0.0,0.0,0.0,0.041666666666666664,0.0,0.0,0.0,0.0,0.0,0.0,0.0
A1UH6A625GF5MD,prim,40-1,40.0,1000.0,0.0,0.0,0.0,0.0,0.0,0.0,0.0,0.0,0.0,0.0,0.0,0.0,0.0,0.0,0.0,0.0,0.0,0.008928571428571428,0.0,0.0,0.0,0.0078125,0.0,0.0,0.0,0.0,0.009259259259259259,0.004901960784313725,0.0,0.0,0.00819672131147541,0.003968253968253968,0.0,0.0,0.009287925696594427,0.0,0.0,0.0,0.006984540882845967,0.3336463012491682,0.2835819919301191,0.1572216878067387,0.099919425463222,0.052321334272135187,0.022446992049494234,0.015554091641048163,0.010220530548200452,0.0,0.011904761904761904,0.0026041666666666665,0.0,0.0,0.002976190476190476,0.0030864197530864196,0.0,0.0,0.0,0.0,0.003472222222222222,0.0,0.0,0.0,0.0,0.009909733124018837,0.0,0.0,0.0,0.0,0.0,0.0,0.0,0.0,0.0,0.0,0.0,0.0,0.0,0.0
A1VHK9OFD7H8ZH,rec,40-1,40.0,1000.0,0.0,0.015625,0.0,0.0,0.020645645645645645,0.0,0.023673318551367332,0.014090909090909091,0.00980392156862745,0.004464285714285714,0.0076619456698397955,0.011627906976744186,0.010403863037752415,0.011703162116511779,0.0,0.021616751880456198,0.007878151260504201,0.02306915625881143,0.005445075757575758,0.009793049197392857,0.004616235534377127,0.009169653524492234,0.01621306326925033,0.01613668261506137,0.015206226476845032,0.0024752475247524753,0.008184908872982267,0.009112048453385247,0.021797346176215173,0.014151681034557238,0.021572416957887676,0.021138428068715655,0.03263411425176131,0.03229380970951442,0.02615206610981205,0.05265679136862269,0.039689781911419184,0.0851805051603157,0.16712135353072075,0.3098669411484057,0.0981693350118342,0.07504841964180511,0.03035417417568447,0.039319301388266906,0.030335113267508068,0.02229784726520438,0.02078341397546199,0.02751308768750629,0.01478008377760853,0.02362909367859863,0.006666666666666667,0.025985273492286118,0.01637637819846058,0.01556647394998237,0.00974025974025974,0.007810622446527277,0.01117511520737327,0.011961722488038277,0.0037313432835820895,0.011538461538461539,0.006756756756756757,0.0,0.0,0.006756756756756757,0.013131313131313133,0.005952380952380952,0.0,0.0,0.0,0.01,0.0125,0.013888888888888888,0.0,0.0,0.0,0.041666666666666664,0.0,0.0
A1ZLLYRW6GIVC7,rec,40-1,40.0,1000.0,0.0625,0.0,0.0,0.0,0.008333333333333333,0.0,0.0,0.0,0.0,0.0,0.0,0.006756756756756757,0.0,0.011363636363636364,0.010869565217391304,0.0,0.00625,0.02128623188405797,0.0,0.010416666666666666,0.0,0.0,0.0,0.015073212747631352,0.01,0.014484126984126985,0.005813953488372093,0.0,0.0,0.01,0.01,0.015208333333333332,0.005208333333333333,0.02530612244897959,0.015319148936170214,0.020416666666666666,0.07145833333333335,0.050715488215488214,0.16879949318973708,0.385074679943101,0.16502305743791812,0.043402777777777776,0.052380952380952375,0.033482142857142856,0.05,0.0,0.0,0.03869047619047619,0.0,0.05,0.05,0.041666666666666664,0.022727272727272728,0.025,0.027777777777777776,0.0,0.0,0.0,0.027777777777777776,0.0,0.0,0.0,0.08333333333333333,0.0,0.05,0.0,0.0,0.0,0.0,0.0,0.0,0.0,0.25,0.0,0.25,0.0,0.6666666666666666,0.0
A20GJP9C5KC2ZU,ns,40-1,40.0,1000.0,0.0,0.14285714285714285,0.0,0.05,0.0,0.0,0.0,0.0,0.0,0.0,0.0,0.07142857142857142,0.0,0.0,0.0,0.0,0.0,0.018518518518518517,0.017241379310344827,0.0,0.0,0.0,0.014285714285714285,0.0,0.02631578947368421,0.0,0.0,0.0,0.0,0.011111111111111112,0.0,0.010638297872340425,0.00980392156862745,0.008771929824561403,0.0,0.0,0.0,0.0125,0.0,0.2394419306184012,0.1635897435897436,0.12333333333333332,0.11239988953327809,0.07166666666666666,0.04196009389671361,0.05330882352941177,0.01799242424242424,0.039161270428615474,0.03260869565217391,0.010869565217391304,0.008064516129032258,0.0125,0.02631578947368421,0.0,0.0,0.0,0.010416666666666666,0.0,0.011111111111111112,0.0,0.0125,0.0,0.0,0.0,0.0,0.0,0.0,0.0,0.03125,0.0,0.0,0.0,0.0,0.0,0.0,0.0,0.0,0.25
A23W5HVE02LM0E,prim,40-1,40.0,1000.0,0.0,0.0,0.0,0.0,0.0,0.0,0.0,0.022727272727272728,0.0,0.0,0.0,0.0,0.017857142857142856,0.0,0.0,0.015625,0.0,0.0,0.0,0.0,0.0,0.0,0.0,0.0,0.0,0.0,0.014285714285714285,0.007142857142857143,0.0,0.013513513513513514,0.005319148936170213,0.0,0.0,0.013157894736842105,0.005952380952380952,0.015153282440291843,0.036408730158730154,0.030382719197585957,0.05195806352143077,0.351184969774684,0.2375975826773699,0.13610003443718027,0.06058735596168485,0.015188753898431318,0.027469621689155697,0.011091533387548567,0.002777777777777778,0.006578947368421052,0.009157509157509158,0.002840909090909091,0.006944444444444444,0.0,0.0033333333333333335,0.0,0.0,0.0037313432835820895,0.0,0.008620689655172414,0.0,0.008620689655172414,0.0,0.0,0.0,0.0,0.0,0.0,0.0,0.0,0.006578947368421052,0.0,0.0,0.0,0.0,0.0,0.0,0.0,0.0,0.0
A2541C8MY0BYV3,rec,40-1,40.0,1000.0,0.027777777777777776,0.025,0.02,0.015763546798029555,0.0,0.00641025641025641,0.0,0.0,0.0,0.014039855072463768,0.005681818181818182,0.010064412238325281,0.0,0.004464285714285714,0.012122844827586207,0.004310344827586207,0.004166666666666667,0.0047169811320754715,0.008727990285367335,0.0,0.01204004329004329,0.010419716042154567,0.003937007874015748,0.003676470588235294,0.02961476928787936,0.020788239538239536,0.003472222222222222,0.0,0.017181845435662434,0.012080830830830832,0.014610389610389612,0.020086350576755695,0.0069417938931297715,0.018726637812315563,0.02320381231671554,0.014816099930603746,0.029469053067451234,0.06197356183397691,0.1263206845238095,0.2685538361652909,0.12067386636352154,0.1146031746031746,0.09787139689578714,0.0847433292927479,0.11441622103386809,0.03530516862170088,0.028846153846153848,0.009992163009404389,0.014802631578947368,0.015043290043290043,0.012152777777777776,0.030934343434343432,0.018292682926829267,0.007142857142857143,0.014285714285714285,0.005952380952380952,0.008928571428571428,0.0,0.0,0.0,0.0,0.0,0.0,0.008064516129032258,0.0,0.0,0.0,0.0,0.0,0.0,0.0,0.0,0.0,0.0,0.0,0.0,0.0,
A271830PNYAI2G,rec,40-1,40.0,1000.0,0.20952380952380953,0.0,0.0846153846153846,0.015151515151515152,0.012345679012345678,0.022222222222222223,0.016666666666666666,0.03896103896103896,0.037037037037037035,0.011904761904761904,0.04312354312354313,0.0,0.050673400673400676,0.011904761904761904,0.02943969610636277,0.018686868686868686,0.011111111111111112,0.01736111111111111,0.0,0.02545579635362917,0.015873015873015872,0.023391812865497075,0.01888276947285602,0.012727062362605577,0.030685932909749265,0.018879232843871743,0.0070921985815602835,0.015531017146961127,0.006535947712418301,0.0358840092242225,0.008547008547008546,0.027777777777777776,0.01878810501430882,0.010942760942760943,0.028240740740740743,0.02964573268921095,0.03194816515712038,0.04030490271801096,0.07650399946225718,0.08906525573192241,0.07757260983067435,0.04842226999960014,0.037935994246673856,0.037854737854737856,0.04878099387903309,0.048365898022648596,0.065655396486953,0.05418463239358762,0.05903080526031346,0.025567502986857827,0.026998128842555466,0.021522733387140166,0.008658008658008658,0.0540815997419771,0.014492753623188406,0.006535947712418301,0.016767676767676768,0.012792397660818711,0.04057971014492754,0.0,0.008547008547008546,0.0,0.026455026455026454,0.0070921985815602835,0.0,0.009259259259259259,0.008333333333333333,0.047619047619047616,0.0,0.045238095238095244,0.04,0.013888888888888888,0.016666666666666666,0.05555555555555555,0.0,0.0,0.0,0.0
A29JQ7VMQ1HKYP,ns,40-1,40.0,1000.0,0.20833333333333331,0.08333333333333333,0.03571428571428571,0.03125,0.0,0.0,0.061079545454545456,0.0,0.02631578947368421,0.0,0.0125,0.027777777777777776,0.0,0.017241379310344827,0.0,0.0388996138996139,0.012195121951219513,0.006756756756756757,0.013888888888888888,0.015199637023593466,0.0,0.00980392156862745,0.0,0.0047169811320754715,0.014001349527665317,0.0,0.004032258064516129,0.024034068912117693,0.016067266067266068,0.019984326018808778,0.02194940476190476,0.003676470588235294,0.029146634615384616,0.007142857142857143,0.01991465149359886,0.033307552807688066,0.03092567155067155,0.032372598162071844,0.021500128538834797,0.12219187382744838,0.21246691684877822,0.11652362206941605,0.09134663785826577,0.04284693803313872,0.03461010053058165,0.039207226707226706,0.006756756756756757,0.0192481884057971,0.022672845940043675,0.018319934085688605,0.023353965242010784,0.003968253968253968,0.00602489406779661,0.013474025974025973,0.0,0.009615384615384616,0.004545454545454545,0.010416666666666666,0.026669758812615955,0.005813953488372093,0.0,0.0,0.020645645645645645,0.0,0.011482007575757576,0.0,0.0,0.0,0.0,0.009615384615384616,0.0,0.0,0.07395833333333333,0.0,0.0,0.05,0.0,0.0
A2GUPBBFPPSXYR,prim,40-1,40.0,1000.0,0.5,0.3333333333333333,0.0,0.0,0.0,0.0,0.0,0.0,0.0,0.0,0.0,0.0,0.0,0.0,0.0,0.0,0.0,0.0,0.0,0.0,0.0078125,0.0,0.0,0.00641025641025641,0.0,0.0,0.006097560975609756,0.0,0.0,0.0,0.006578947368421052,0.0043859649122807015,0.012711864406779662,0.004464285714285714,0.00390625,0.0036231884057971015,0.003787878787878788,0.02583568738229755,0.035307840551286246,0.3507369221958051,0.29108946663443913,0.1317412120043699,0.10927925827162754,0.040793076054633406,0.012624556695854125,0.005301837270341208,0.004545454545454545,0.004288856304985337,0.0,0.0022935779816513763,0.0,0.006756756756756757,0.0,0.0,0.0,0.0,0.0,0.00390625,0.0,0.0,0.004166666666666667,0.0,0.0,0.0,0.0,0.0,0.0,0.0,0.006097560975609756,0.0,0.0,0.0,0.0,0.0,0.0,0.0,0.0,0.0
A2HRUFTA09371Y,rec,40-1,40.0,1000.0,0.1111111111111111,0.0,0.010101010101010102,0.020451770451770452,0.007575757575757576,0.0,0.014287885696914424,0.012345679012345678,0.007751937984496124,0.005649717514124294,0.005208333333333333,0.015384615384615385,0.005128205128205128,0.018867924528301886,0.015084801043705152,0.008833508833508833,0.013157894736842105,0.005376344086021505,0.007751937984496124,0.020245691107934404,0.004694835680751174,0.02875667429443173,0.01098901098901099,0.01184017910961853,0.021497734055488008,0.006897759103641456,0.01614023587319659,0.0028011204481792717,0.025481378992274876,0.027918675204451158,0.0206821307288597,0.020249619331893117,0.015282392026578074,0.03172010485985077,0.03621270043453247,0.034656954887218046,0.04667734673778187,0.06305286640540654,0.12070256838007853,0.1840359799833912,0.0879940235203393,0.0883912607053956,0.04547021361114315,0.04057480419487588,0.057918932918932915,0.028065174848974733,0.03550386756307381,0.04127119620077367,0.026688986488108093,0.02557544757033248,0.03757960037954694,0.01984126984126984,0.033011272141706925,0.0044444444444444444,0.014900153609831027,0.017357656163626313,0.04070423384318589,0.030416951469583047,0.025157232704402514,0.01616161616161616,0.016264619883040937,0.017676767676767676,0.0,0.02129547471162378,0.0,0.0,0.016666666666666666,0.0,0.012820512820512822,0.0,0.0,0.0,0.022222222222222223,0.0,0.0,0.0,0.0,
A2IK3H6MQ1QV6E,rec,40-1,40.0,1000.0,0.0,0.0,0.0,0.0125,0.0,0.011904761904761904,0.0,0.0078125,0.0,0.009615384615384616,0.0,0.005952380952380952,0.023500967117988394,0.0,0.006756756756756757,0.01782051282051282,0.025319862078622184,0.03993165076622961,0.021907096171802053,0.025,0.014166666666666668,0.039569857413559166,0.015326340326340327,0.048905935613682096,0.021451971451971454,0.026630372805386566,0.03287949776068393,0.020258546226856085,0.03112228081740277,0.03222026093012209,0.04686179860422864,0.033224598284402565,0.01882464831268023,0.03446507468966968,0.022798447879407255,0.03519379197105411,0.05759923784878137,0.05488037798460287,0.06739580632111776,0.11112858141160029,0.07272632326907645,0.050755729888268264,0.059533514492753625,0.0499774919192897,0.04361263736263736,0.02692231621963077,0.017892073913632057,0.01974025974025974,0.03555887906286727,0.00974025974025974,0.010135135135135136,0.012019073480337629,0.004310344827586207,0.017990757042253523,0.01999766573295985,0.023105413105413107,0.009783434650455926,0.029087729431395197,0.0,0.016729947793070715,0.021549769091208974,0.018605378361475924,0.03141025641025641,0.006097560975609756,0.01422275641025641,0.014705882352941176,0.008333333333333333,0.016944444444444443,0.010416666666666666,0.0,0.0,0.013157894736842105,0.0,0.0,0.0,0.0,0.0,0.0
A2L7RTYO4UMYDH,ns,40-1,40.0,1000.0,0.0,0.0,0.16666666666666666,0.0,0.0,0.0625,0.0,0.0,0.05,0.0,0.0,0.0,0.0,0.0,0.0,0.0,0.0,0.0,0.0,0.0,0.0,0.0,0.031818181818181815,0.0,0.0,0.011627906976744186,0.01020408163265306,0.0,0.0,0.008620689655172414,0.0,0.026564537157757497,0.0,0.025793650793650792,0.041700404858299595,0.06615497076023391,0.06698028673835126,0.10695468914646997,0.13162878787878787,0.22688949111713339,0.16049382716049382,0.1298780487804878,0.09150717703349281,0.03948051948051948,0.0273972602739726,0.0,0.0,0.0,0.0,0.0,0.0,0.0,0.0,0.009259259259259259,0.0,0.0,0.0,0.0,0.01020408163265306,0.0,0.0,0.0,0.0,0.0,0.0,0.0,0.0,0.0,0.0,0.0,0.0,0.0,0.0,0.0,0.0,0.0,0.0,0.0
A2LI1OIR4BVJRW,prim,40-1,40.0,1000.0,,0.0,0.0,0.0,0.0,0.0,0.0,0.0,0.0,0.0,0.0,0.0,0.0,0.0,0.0,0.0,0.0,0.0,0.0,0.0,0.0,0.0,0.0,0.0,0.0,0.0,0.0,0.0,0.0,0.0043859649122807015,0.0,0.0,0.00390625,0.0,0.0038461538461538464,0.0,0.0,0.009188653347567485,0.016628226261816724,0.3690491595648465,0.28418839240806815,0.12639878120265283,0.10771063748434191,0.039909309056421746,0.03334926523342871,0.023331595411887382,0.004347826086956522,0.005010969285999202,0.0056179775280898875,0.0,0.005067567567567568,0.0,0.0,0.0,0.0,0.0,0.0031645569620253164,0.0,0.0,0.0,0.0,0.0,0.0,0.0,0.0,0.0,0.0,0.0,0.0,0.0,0.0,0.0,0.0,0.0,0.0,0.0,0.0,0.0
A2NEFRREWF33YP,rec,40-1,40.0,1000.0,0.022727272727272728,0.0,0.007142857142857143,0.0,0.00625,0.01875,0.0078125,0.0,0.0,0.0,0.02416168968520592,0.017528223410576353,0.03317269208778643,0.01611111111111111,0.014962121212121211,0.020421732522796353,0.013968253968253968,0.014921062764728533,0.04378566835463387,0.016272067315624486,0.028263607584724917,0.0427059049722142,0.033694509294209446,0.022161110177101928,0.018298434257687228,0.020905108405108404,0.020261174458233534,0.027333315161096876,0.025455242844638383,0.009723759904482796,0.02112670216118492,0.03730108497960393,0.008801020408163265,0.014306181947039495,0.021178121484119038,0.02989077334781311,0.03198763955342902,0.04040203564025359,0.05704534946912489,0.21285977201928077,0.07226832499956891,0.05281423996213394,0.03799014755569634,0.033926714625244034,0.037216297400822274,0.02668876844471645,0.012218045112781954,0.028797545021400306,0.02713035616261423,0.02178806110257723,0.03346142221838435,0.019221567905778433,0.034865673410147804,0.018152355281735335,0.02352474349526671,0.0,0.010334849111202978,0.0168930155210643,0.029243782533256216,0.01282051282051282,0.019270833333333334,0.017208672086720868,0.014718614718614718,0.007575757575757576,0.014821272885789015,0.03459821428571429,0.020833333333333332,0.0,0.01,0.02452153110047847,0.014705882352941176,0.08012820512820512,0.0,0.0,0.0,0.0,0.0,0.0
A2P8V5SKYLL5I4,rec,40-1,40.0,1000.0,0.0817550505050505,0.08668730650154799,0.019615384615384618,0.017241379310344827,0.021276958776958777,0.007352941176470588,0.0,0.0125,0.020104895104895104,0.009948778565799843,0.015971606033717833,0.02775855799698717,0.0,0.0207298828622358,0.019382440476190477,0.015521228652751424,0.014190821256038648,0.012579113924050634,0.009634038800705466,0.005949048152295633,0.01141529318096975,0.01385729559594042,0.01649148242116709,0.005756578947368422,0.01827616048121666,0.024331815626458482,0.019795489296636083,0.009415584415584415,0.026502959467532707,0.025791604943800235,0.029834328258863604,0.014313342602816286,0.025419735058310505,0.03167425751311012,0.0348612526490615,0.03598370621626436,0.03142973483704042,0.047564024646666536,0.10319931391359963,0.2247692036645525,0.09650634741161788,0.08238388141954575,0.05744021162107894,0.04498123538821213,0.03639163130045201,0.03800411617101107,0.03850129372777457,0.02612491809208673,0.02773594480217141,0.030464306934895168,0.016804993252361674,0.020182213027869586,0.018276691799614744,0.022065822607062798,0.02328280547660578,0.005558300395256917,0.005796033235057625,0.009773068357332564,0.02055977280680503,0.010753823060324609,0.011308840413318026,0.021817223758403816,0.007886239443616494,0.017778822055137845,0.02048494983277592,0.0,0.012049941927990708,0.006756756756756757,0.0,0.0,0.0,0.0,0.0,0.016666666666666666,0.0,0.0,0.0,0.0
A2PSU15S8ZI3V5,prim,40-1,40.0,1000.0,0.0,0.0,0.0,0.0,0.0,0.0,0.0,0.0,0.0,0.041666666666666664,0.0,0.0,0.0,0.0,0.0,0.0,0.0,0.0,0.0,0.0,0.0,0.007575757575757576,0.0,0.0,0.0,0.014955357142857142,0.005952380952380952,0.0,0.0,0.004098360655737705,0.0,0.005,0.0,0.008333333333333333,0.0,0.00949367088607595,0.011029411764705883,0.012987012987012988,0.017018417999653562,0.4284443602888407,0.3285299772179222,0.12501500639697982,0.03923361169000731,0.01569965893966282,0.0075625,0.003125,0.006198347107438017,0.004132231404958678,0.0016891891891891893,0.003803418803418804,0.0,0.0022522522522522522,0.001893939393939394,0.0018115942028985507,0.0024752475247524753,0.0021551724137931034,0.0,0.0,0.0,0.0,0.0,0.0,0.0,0.0,0.0,0.0,0.0,0.0,0.0,0.0,0.0,0.005952380952380952,0.0,0.0,0.0,0.0,0.0,0.0
A2QUSCZS3RXGXE,ns,40-1,40.0,1000.0,0.25,0.28703703703703703,0.07777777777777778,0.14423076923076922,0.057692307692307696,0.016666666666666666,0.0,0.010869565217391304,0.008928571428571428,0.0,0.0,0.007352941176470588,0.0,0.05155210643015521,0.0,0.019230769230769232,0.0,0.0,0.0,0.013157894736842105,0.0,0.0,0.0,0.0,0.0,0.0035211267605633804,0.0,0.0,0.0,0.0,0.0,0.002777777777777778,0.0,0.0073712624584717605,0.0038461538461538464,0.0,0.0,0.009006084006084006,0.013071467149574278,0.23913556267684039,0.33248098055790365,0.22458598996164353,0.09287493143322566,0.04831728217716537,0.011513965479152859,0.011731392181862579,0.003676470588235294,0.00425909815861969,0.002232142857142857,0.0,0.0,0.0,0.004635989010989011,0.0,0.0,0.0,0.0,0.0,0.0,0.0029411764705882353,0.0,0.0,0.0,0.0,0.0,0.004464285714285714,0.004629629629629629,0.0,0.0,0.0,0.0,0.0,0.0,0.0,0.0,0.0,0.0,0.0
A2TUYGXQ15U6GO,prim,40-1,40.0,1000.0,1.0,0.0,0.0,0.0,0.0,0.0,0.0,0.0,0.0,0.0,0.0,0.0,0.0,0.0,0.023809523809523808,0.0,0.011111111111111112,0.0,0.0,0.0,0.010416666666666666,0.0,0.0,0.0,0.0,0.00980392156862745,0.0,0.0,0.0,0.0,0.008333333333333333,0.0,0.0,0.0,0.007246376811594203,0.0,0.006666666666666667,0.017868745938921377,0.01092896174863388,0.4048304569604165,0.3116584564860427,0.12407672648636503,0.06416957026713124,0.02431903635124476,0.012810457516339871,0.00784313725490196,0.0,0.004694835680751174,0.0,0.0,0.005649717514124294,0.0,0.0,0.0,0.0,0.0,0.0,0.0,0.0,0.006802721088435374,0.0,0.0,0.0,0.0,0.0,0.00980392156862745,0.0,0.010101010101010102,0.0,0.0,0.0,0.0,0.0,0.0,0.0,0.0,0.0,0.0
A2UEVNT8VQD1SA,ns,40-1,40.0,1000.0,0.06666666666666667,0.2777777777777778,0.07828282828282829,0.10664335664335664,0.0,0.10243055555555555,0.025657894736842105,0.022774327122153208,0.027777777777777776,0.008928571428571428,0.016835016835016835,0.014718614718614718,0.0,0.007142857142857143,0.016946778711484593,0.019399460188933872,0.021700879765395892,0.005681818181818182,0.0,0.02661433804290947,0.009166125892277742,0.018119197364480383,0.03611765732739809,0.009437321937321937,0.007489380728817349,0.019946026503403554,0.007142857142857143,0.013553113553113554,0.015071240202182989,0.024235727525201207,0.018478658229124645,0.010488100040338847,0.01587682174319003,0.012020080485085786,0.02303569869313386,0.019625572044926886,0.042131527892397456,0.08059158038702866,0.06379662291237162,0.13340945013427957,0.1122089051872686,0.0767032967032967,0.055794721258648164,0.033895966101771605,0.03691365061968206,0.0361321330375131,0.03485857029397759,0.027183462532299744,0.02129911924119241,0.03316486866791745,0.016660760014633257,0.029711048490195725,0.0038461538461538464,0.015345414121932927,0.027454643684202668,0.008774630541871921,0.00853587962962963,0.018080541770057898,0.009166666666666667,0.01452467343976778,0.010434782608695653,0.0,0.011627906976744186,0.00625,0.006097560975609756,0.0,0.00641025641025641,0.00641025641025641,0.006756756756756757,0.0,0.0,0.009615384615384616,0.0,0.0,0.057291666666666664,0.027777777777777776,0.0,0.0625
A2VR9O234UCT9T,rec,40-1,40.0,1000.0,0.0,0.0,0.0078125,0.00641025641025641,0.00625,0.012828947368421053,0.006097560975609756,0.042396464399713375,0.004807692307692308,0.005952380952380952,0.005813953488372093,0.009437321937321937,0.010443583118001722,0.009262435677530018,0.0,0.005681818181818182,0.005434782608695652,0.021035707107925235,0.005813953488372093,0.004310344827586207,0.009919106317411403,0.005208333333333333,0.013777385500797988,0.014172335600907028,0.019110331632653063,0.013166556945358787,0.00510204081632653,0.013771929824561404,0.020170026052378994,0.0047169811320754715,0.013888888888888888,0.030588708913517098,0.02496828069491216,0.029921497584541063,0.018506493506493506,0.03300865800865801,0.05096394618453442,0.05280190239867659,0.05252177068214804,0.36128712237583205,0.11447489349275064,0.09122543573763087,0.04526754577157803,0.030303030303030304,0.03564027370478984,0.025871459694989107,0.0078125,0.017812500000000002,0.011363636363636364,0.0385132340777502,0.03713920817369093,0.010416666666666666,0.028064516129032258,0.010416666666666666,0.017857142857142856,0.0,0.0,0.013888888888888888,0.011904761904761904,0.04172077922077922,0.0,0.035628019323671496,0.027777777777777776,0.0125,0.0,0.03125,0.0,0.0,0.038461538461538464,0.0,0.05,0.0,0.08333333333333333,0.0,0.06666666666666667,0.0,0.0,0.0
A2WCPERU8X385N,prim,40-1,40.0,1000.0,1.0,0.0,0.0,0.0,0.0,0.0,0.0,0.0,0.0,0.0,0.0,0.0,0.0,0.0,0.0,0.0,0.0,0.0,0.007142857142857143,0.0,0.0,0.0,0.0,0.0,0.0,0.00625,0.004901960784313725,0.0,0.0,0.0,0.0,0.0,0.0,0.0,0.00423728813559322,0.0037313432835820895,0.004098360655737705,0.003048780487804878,0.024299384825700616,0.3292239199934541,0.262582948802461,0.17013630219844908,0.08404179853759686,0.057974537508658976,0.029244174555494027,0.0185491924785516,0.011872113265786927,0.003472222222222222,0.008021823681936041,0.0036231884057971015,0.0024752475247524753,0.0,0.0,0.0029411764705882353,0.0,0.0,0.0,0.0,0.003424657534246575,0.0,0.0,0.004098360655737705,0.0,0.0,0.0,0.00625,0.0,0.0,0.0,0.0,0.0,0.0,0.0,0.0,0.0,0.0,0.0,0.0
A33GZS6SU4O20M,ns,40-1,40.0,1000.0,0.13333333333333333,0.0,0.05,0.03571428571428571,0.0,0.04444444444444444,0.013157894736842105,0.010869565217391304,0.015625,0.06923076923076923,0.02889784946236559,0.03165584415584416,0.06960227272727273,0.008333333333333333,0.0,0.01948051948051948,0.0125,0.018592677345537757,0.00641025641025641,0.008333333333333333,0.016129032258064516,0.0,0.021431419457735246,0.006944444444444444,0.013392857142857144,0.0,0.009533143264433358,0.0,0.004310344827586207,0.03228843252409631,0.02478794584057742,0.025926383399209486,0.019736842105263157,0.021059385611624418,0.03599578612154065,0.03552580039994228,0.07159871094297324,0.044047619047619044,0.0466241892220183,0.10698930498554697,0.10922784066540057,0.09653425278425279,0.04436939836003051,0.053800877218406123,0.04435058233819844,0.049018771601610805,0.039360543271682195,0.01888736263736264,0.040378948954479243,0.02127659574468085,0.04233511586452763,0.0125,0.006097560975609756,0.019110275689223057,0.006944444444444444,0.012896825396825396,0.006944444444444444,0.015685328185328185,0.0078125,0.008620689655172414,0.018481182795698922,0.0,0.0,0.0,0.0,0.0,0.0,0.0,0.0,0.0,0.0,0.05,0.022727272727272728,0.0,0.0,0.0,0.0,0.0
A38I0E8UK53ME5,rec,40-1,40.0,1000.0,0.03333333333333333,0.03269537480063796,0.0,0.03169627307558342,0.01075268817204301,0.0,0.0,0.021739130434782608,0.008771929824561403,0.02432049725992129,0.009009009009009009,0.007575757575757576,0.017857142857142856,0.02172096908939014,0.020443508865722177,0.019859846009967073,0.01752136752136752,0.026467505241090147,0.015625,0.029029304029304027,0.006172839506172839,0.01092896174863388,0.01540896218557388,0.011160714285714286,0.005649717514124294,0.005555555555555556,0.0045662100456621,0.008888888888888889,0.027337788916736286,0.0044444444444444444,0.01824772331101445,0.0043859649122807015,0.009389671361502348,0.03300319105346153,0.0326898516553689,0.024727495330722285,0.036671232734555796,0.07225849348771417,0.1203003003003003,0.2490984180398755,0.10052910052910052,0.0301010101010101,0.017543859649122806,0.01970852449386767,0.0219070133963751,0.06122448979591836,0.02905723905723906,0.030759768590593706,0.031024531024531024,0.01568844592100406,0.0,0.0,0.018031189083820662,0.01075268817204301,0.0,0.03110209601081812,0.02314814814814815,0.03405436248573503,0.047424242424242424,0.02777777777777778,0.020202020202020204,0.03886152162014231,0.020202020202020204,0.018518518518518517,0.03663003663003663,0.041666666666666664,0.0,0.031746031746031744,0.0,0.0,0.0,0.023809523809523808,0.0,0.0,0.0,0.0,0.0,
A3BZH91MITQA5X,ns,40-1,40.0,1000.0,0.5,0.20952380952380953,0.1111111111111111,0.07037037037037037,0.05808080808080809,0.022222222222222223,0.0,0.0,0.018518518518518517,0.0,0.0,0.0,0.0,0.0,0.0,0.010416666666666666,0.0,0.0,0.009259259259259259,0.0,0.0,0.0,0.0,0.0,0.0,0.0,0.0,0.0,0.0,0.0,0.0,0.0,0.0,0.0,0.0,0.0,0.0,0.0,0.017632120796156486,0.4548217653164839,0.23344519915564288,0.11910192692556516,0.0903119457566018,0.03933418382844298,0.019704433497536946,0.01038990308767185,0.005905695611577964,0.008403914925654057,0.004166666666666667,0.0,0.0,0.0,0.0,0.0,0.0,0.0,0.0,0.0,0.0,0.0,0.0,0.0,0.0,0.007936507936507936,0.0,0.0,0.0,0.0,0.0,0.0,0.0,0.0,0.0,0.0,0.0,0.0,0.0,0.0
A3NX66U9RAY2GQ,prim,40-1,40.0,1000.0,0.0,0.0,0.0,0.0,0.0,0.0,0.0,0.0,0.0,0.0,0.0,0.0,0.0,0.0,0.0,0.009615384615384616,0.0,0.0,0.0,0.008333333333333333,0.006944444444444444,0.019230769230769232,0.0,0.012758397932816537,0.005555555555555556,0.0,0.0,0.004545454545454545,0.0,0.0,0.0,0.004098360655737705,0.0,0.004098360655737705,0.012239583333333333,0.0,0.0,0.0,0.008928571428571428,0.3785944864573897,0.2756545589435979,0.13216268413410107,0.10075013620906682,0.034532788754480195,0.018628573141825158,0.012601094935921363,0.013157894736842105,0.004545454545454545,0.0,0.010741077517617641,0.003289473684210526,0.0,0.0,0.0,0.0,0.0,0.003968253968253968,0.0,0.0,0.0,0.0,0.005555555555555556,0.0,0.005681818181818182,0.0,0.0,0.0,0.0,0.0,0.009259259259259259,0.0,0.0,0.0,0.0,0.0,0.0,0.0,0.0
A3O40YLW6MYU8C,prim,40-1,40.0,1000.0,1.0,0.2222222222222222,0.0,0.0,0.0,0.0,0.0,0.0,0.0,0.0,0.0,0.022727272727272728,0.0,0.0,0.0,0.0,0.0,0.0,0.0,0.0,0.0,0.0,0.0,0.0,0.0,0.0,0.0,0.0,0.0,0.0,0.005,0.0078125,0.0,0.0,0.00510204081632653,0.0,0.004545454545454545,0.0,0.04778765920070268,0.44412434747314583,0.30517352545888277,0.12940245566121245,0.03663739326072506,0.03199227133339928,0.004762336719883889,0.004672897196261682,0.0,0.004831030619865571,0.007980753276920525,0.0,0.0,0.002688172043010753,0.0,0.0,0.0,0.0,0.0,0.0,0.0,0.0,0.0,0.0,0.0,0.0,0.0,0.004166666666666667,0.0,0.0,0.0,0.0,0.0,0.0,0.0,0.0,0.0,0.0,0.0,0.0
A3S2AUQWI7XWT4,prim,40-1,40.0,1000.0,0.5,0.25,0.16666666666666666,0.0,0.0,0.041666666666666664,0.03125,0.0,0.0,0.0,0.0,0.0,0.0,0.0,0.0,0.0,0.0,0.0,0.0,0.0,0.0,0.0,0.0,0.0,0.0,0.0,0.0,0.004310344827586207,0.0,0.00510204081632653,0.0,0.0,0.0,0.0,0.003289473684210526,0.0,0.0,0.006666666666666667,0.017153882829727636,0.5995280258584709,0.25649747708571236,0.07914357119030078,0.028069415939181594,0.015065027433448487,0.0019083969465648854,0.001937984496124031,0.002551020408163265,0.0,0.0,0.0,0.0026595744680851063,0.0,0.0,0.0,0.0,0.002336448598130841,0.0,0.0,0.0,0.0,0.0,0.0,0.0,0.0,0.0,0.0,0.0,0.0,0.0,0.0,0.0,0.0,0.0,0.0,0.0,0.0,0.0,0.0
A3SA9LY6RXKFOI,prim,40-1,40.0,1000.0,0.0,0.0,0.0,0.0,0.0,0.0,0.0,0.4166666666666667,0.0,0.0,0.0,0.022222222222222223,0.0,0.0,0.0,0.010869565217391304,0.0,0.010416666666666666,0.0,0.0,0.01,0.016666666666666666,0.0,0.008928571428571428,0.008620689655172414,0.008928571428571428,0.008928571428571428,0.0,0.0078125,0.006944444444444444,0.02638888888888889,0.011904761904761904,0.005681818181818182,0.005813953488372093,0.0,0.005208333333333333,0.010416666666666666,0.03166445623342175,0.039171122994652405,0.33813945468310036,0.21313314778669365,0.09565202570264696,0.08903738644304682,0.041035048110519806,0.02544687189672294,0.006578947368421052,0.011473737888832228,0.005,0.02443396226415094,0.004901960784313725,0.006944444444444444,0.010869565217391304,0.0,0.0,0.0,0.0,0.0,0.006097560975609756,0.005319148936170213,0.01282051282051282,0.0,0.0,0.0,0.0,0.0,0.0,0.0,0.008064516129032258,0.0,0.0,0.0,0.0,0.015625,0.0,0.0,0.022727272727272728,0.0,0.0
A3SLT6KVF0NXPH,prim,40-1,40.0,1000.0,,0.0,0.0,0.0,0.0,0.0,0.0,0.0,0.0,0.0,0.020833333333333332,0.0,0.0,0.0,0.0,0.0,0.0,0.0,0.0,0.0,0.0,0.0,0.0,0.006097560975609756,0.0,0.0,0.010869565217391304,0.0,0.0,0.0,0.0,0.0,0.0,0.0,0.0,0.0,0.0,0.0035211267605633804,0.02493185662457768,0.33468546934725485,0.2630872992523478,0.18932770516415462,0.10653057193337287,0.045651241181193986,0.01962601016517096,0.013144673730861525,0.00510204081632653,0.002577319587628866,0.0030120481927710845,0.0,0.0,0.0,0.0,0.0,0.0,0.0,0.0,0.0,0.0,0.0078125,0.0,0.0,0.0,0.0,0.0,0.0,0.0,0.0,0.0,0.0,0.007352941176470588,0.0,0.0,0.0,0.0,0.0,0.0,0.0
A3TNSJSXI464IT,ns,40-1,40.0,1000.0,0.25,0.18333333333333335,0.07500000000000001,0.020833333333333332,0.08055555555555555,0.10347222222222222,0.060227272727272727,0.0,0.013888888888888888,0.020833333333333332,0.0,0.0,0.0,0.0,0.019428152492668622,0.0,0.0078125,0.0,0.010869565217391304,0.022775394599351042,0.0,0.0,0.013899613899613899,0.0,0.0324410163339383,0.0,0.015242474916387961,0.010036130068245684,0.005,0.00423728813559322,0.008630952380952382,0.015348399246704333,0.0043859649122807015,0.013626332683709733,0.02497727824315939,0.007279011311269376,0.008064516129032258,0.017114797864225782,0.013776388328627135,0.1773431087947217,0.18204577443707878,0.1333508939399397,0.0892974948366096,0.07266397278242022,0.058635604962831975,0.042530454042081944,0.038290169869117235,0.022495410437975347,0.008333333333333333,0.01627225738657588,0.01020408163265306,0.004310344827586207,0.005208333333333333,0.024363820763415082,0.005681818181818182,0.013819927176431645,0.010999521759923482,0.0,0.007575757575757576,0.004629629629629629,0.005555555555555556,0.0,0.0,0.005813953488372093,0.0,0.006944444444444444,0.007142857142857143,0.010869565217391304,0.0,0.0,0.0,0.0,0.0,0.0,0.0,0.0,0.0625,0.0
A3TUJBPLJGTI5,rec,40-1,40.0,1000.0,0.027777777777777776,0.010869565217391304,0.0,0.0,0.0,0.0,0.007142857142857143,0.010990338164251209,0.005319148936170213,0.005434782608695652,0.0,0.0,0.005319148936170213,0.004807692307692308,0.005208333333333333,0.005319148936170213,0.01020408163265306,0.0,0.009566326530612245,0.005,0.014668367346938774,0.013569604086845466,0.0,0.0,0.013620689655172415,0.010720601237842617,0.017130857648099025,0.00641025641025641,0.0,0.017565485362095533,0.010874542124542124,0.008547632963179428,0.012857977790765633,0.02097701149425287,0.033630952380952386,0.01569818210685084,0.04112828838827729,0.029504031526276217,0.02598752598752599,0.606111111111111,0.11604090354090354,0.04636172650878533,0.11979405034324943,0.03333333333333333,0.03137254901960784,0.04726890756302521,0.0,0.019230769230769232,0.07083333333333333,0.0,0.03125,0.0,0.016666666666666666,0.08035714285714285,0.0,0.0,0.0,0.1875,0.0,0.0,0.0,0.0,0.10833333333333332,0.0,0.0,0.0,0.0,0.0,0.0,0.0,0.0,0.0,0.0,0.3333333333333333,0.0,0.0,,
A3VL1CBZ3BGQK7,ns,40-1,40.0,1000.0,0.041666666666666664,0.021739130434782608,0.015151515151515152,0.013157894736842105,0.0,0.0125,0.02564102564102564,0.0,0.011627906976744186,0.033091787439613524,0.021167557932263815,0.0,0.009259259259259259,0.02040816326530612,0.0,0.0,0.01801948051948052,0.0,0.043859649122807015,0.0,0.023809523809523808,0.008064516129032258,0.039810547875064,0.0078125,0.02273787313432836,0.007692307692307693,0.030303030303030304,0.014925373134328358,0.02912087912087912,0.014389233954451346,0.0,0.021116138763197588,0.013333333333333334,0.00625,0.01919499408083883,0.013117283950617283,0.04028478731074261,0.033273056057866186,0.09203747072599532,0.32895299145299145,0.062169312169312166,0.027818717759764185,0.011363636363636364,0.02232142857142857,0.010416666666666666,0.046911421911421905,0.0,0.03333333333333333,0.05976430976430976,0.03488372093023256,0.031018518518518518,0.038461538461538464,0.05132275132275132,0.03553921568627451,0.03225806451612903,0.015625,0.022727272727272728,0.014705882352941176,0.0,0.0,0.017857142857142856,0.05048076923076923,0.0,0.0,0.058823529411764705,0.0,0.1047008547008547,0.05263157894736842,0.045454545454545456,0.0,0.0,0.0,0.0,0.125,0.0,0.0,,
A47VA451RDBV3,prim,40-1,40.0,1000.0,,0.0,0.0,0.0,0.0,0.0,0.0,0.0,0.0,0.0,0.0,0.0,0.0,0.0,0.0,0.0,0.0,0.0,0.0,0.0,0.0,0.0,0.0,0.00510204081632653,0.0,0.0,0.0,0.0,0.0,0.0,0.0,0.0,0.0,0.0,0.009139248919906945,0.0043859649122807015,0.0,0.0,0.01585432974559687,0.39485448162342585,0.317745161994618,0.1614311833298998,0.08596606280779681,0.01936050724637681,0.012181813128863213,0.004714912280701754,0.002173913043478261,0.002777777777777778,0.0,0.0,0.0,0.0,0.0,0.0,0.0,0.0,0.0038461538461538464,0.0,0.0,0.0,0.0,0.0,0.0,0.0,0.0,0.0,0.0,0.0,0.0,0.0,0.0,0.0,0.0,0.0,0.0,0.0,0.0,0.0
A92KVBM20ZTU4,rec,40-1,40.0,1000.0,0.0,0.0,0.0,0.013333333333333334,0.0,0.0,0.0,0.0,0.0,0.007936507936507936,0.006944444444444444,0.0,0.0,0.013636363636363636,0.011695906432748537,0.0,0.0,0.016123088262391744,0.017857142857142856,0.005847953216374269,0.00932811480756686,0.014090019569471623,0.009908925318761386,0.012503859215807349,0.0,0.0159241617633324,0.0084401540328111,0.011194340407823555,0.007326007326007327,0.019198167239404356,0.0219117466457892,0.04087347837347837,0.03080531346449306,0.057395049321518087,0.0338171008917643,0.055995041694838855,0.08004232331874335,0.09334946099651982,0.1291000567896262,0.15914637911686608,0.1360262976635007,0.050611501431173565,0.0694234496124031,0.048579390655893395,0.043800714053878614,0.03109429732380552,0.019632768361581922,0.004830917874396135,0.017176596886741814,0.0,0.0,0.01894228324434274,0.008547008547008546,0.012121212121212121,0.0,0.014739229024943309,0.0,0.0,0.011494252873563218,0.011494252873563218,0.0,0.008333333333333333,0.0,0.0,0.0,0.0,0.016666666666666666,0.020833333333333332,0.0,0.0,0.0,0.0,0.0,0.0,0.0,0.0,0.0,0.0
AAF1SJ9FCBF75,rec,40-1,40.0,1000.0,0.09318181818181819,0.023809523809523808,0.008928571428571428,0.01568627450980392,0.014285714285714285,0.020695970695970695,0.011627906976744186,0.012063953488372093,0.005681818181818182,0.013636363636363636,0.014766564265938482,0.014514426460239267,0.015536823425022182,0.004545454545454545,0.03089832424197749,0.015343915343915344,0.018623737373737376,0.009375,0.019648204650111592,0.018874332764692935,0.0035714285714285713,0.003472222222222222,0.020629640095563492,0.0058823529411764705,0.030109091629048863,0.016849723497848388,0.02352886443535658,0.020790166812993855,0.014893681560348229,0.017770161361744335,0.014658809835588534,0.016585550826866156,0.03263080968798087,0.02270962184755288,0.03325775798273577,0.02221991581617944,0.045237266667243065,0.0647939929693962,0.07467323134634547,0.22986572890025575,0.08961272204806688,0.046726984923449455,0.056913315651201085,0.045792830920466876,0.027817801952379238,0.03583628757317686,0.034777494914369045,0.02431908369408369,0.0029069767441860465,0.012318840579710144,0.027005683575626355,0.044426988536577575,0.009716981132075472,0.02158119658119658,0.011671883150756391,0.022889250039638497,0.009433962264150943,0.008713942307692308,0.019468851520813346,0.014015151515151515,0.012531328320802004,0.008333333333333333,0.020359848484848484,0.01436335403726708,0.005952380952380952,0.03303571428571428,0.01755952380952381,0.007142857142857143,0.02606951871657754,0.02872670807453416,0.03399122807017543,0.0,0.0125,0.05,0.0,0.0,0.0,
AAVFHZA708CSP,ns,40-1,40.0,1000.0,0.0,0.0,0.022727272727272728,0.023809523809523808,0.115625,0.0625,0.0,0.0,0.08333333333333333,0.022727272727272728,0.030448717948717948,0.027851458885941646,0.0,0.04027777777777778,0.013157894736842105,0.020833333333333332,0.0,0.016666666666666666,0.03737373737373738,0.0,0.00510204081632653,0.01755952380952381,0.008333333333333333,0.0,0.004545454545454545,0.011805555555555555,0.0,0.003048780487804878,0.011005710075520354,0.012668792198049512,0.006370441153049849,0.00662361318099023,0.01702677364496577,0.006880733944954129,0.007967032967032966,0.03654867256637168,0.04724821133736929,0.053217551132666546,0.12761650072245997,0.28527764863473537,0.18431416652219573,0.09241361277208769,0.043748702832870856,0.018338778909603434,0.026105182926829267,0.0350856916036238,0.023602333495381624,0.024080882352941174,0.007474901789611523,0.0,0.0024271844660194173,0.004672897196261682,0.01320028011204482,0.0,0.009109311740890687,0.005154639175257732,0.004166666666666667,0.00847457627118644,0.0043859649122807015,0.008220381526104418,0.012093128390596744,0.003289473684210526,0.0,0.0,0.011363636363636364,0.0,0.0,0.0,0.0,0.0,0.0,0.0,0.0,0.05,0.0,0.0,0.0,0.0
ADL9KYXZGHUFO,ns,40-1,40.0,1000.0,0.0,0.0,0.25,0.125,0.0,0.0,0.0,0.0,0.0,0.0,0.1,0.0,0.038461538461538464,0.0,0.0,0.0,0.0,0.0,0.02,0.03571428571428571,0.0,0.0,0.0,0.0,0.0,0.016666666666666666,0.05172413793103448,0.0,0.013888888888888888,0.0,0.0,0.0,0.0,0.0,0.0125,0.0,0.011363636363636364,0.0,0.009615384615384616,0.25227272727272726,0.25,0.13308080808080808,0.11507936507936509,0.08385744234800838,0.03428571428571429,0.03125,0.0,0.0,0.0,0.014705882352941176,0.015151515151515152,0.0,0.013888888888888888,0.0,0.0,0.0,0.0,0.0,0.0,0.02,0.0,0.0,0.0,0.0,0.0,0.0,0.0,0.0,0.0,0.0,0.0,0.0,0.0,0.0,0.0,0.0,0.0,0.0
AFLRBB974KS6D,ns,40-1,40.0,1000.0,0.0,0.08333333333333333,0.0,0.08333333333333333,0.0,0.0,0.0,0.0,0.0,0.015625,0.0,0.0,0.0,0.0,0.0,0.0,0.0,0.0,0.0,0.0,0.0,0.0,0.007142857142857143,0.006097560975609756,0.0,0.0,0.0,0.00625,0.009615384615384616,0.004901960784313725,0.0,0.013888888888888888,0.009259259259259259,0.004629629629629629,0.018518518518518517,0.027314814814814813,0.05186738936738937,0.039186079953983315,0.08468356537082947,0.5552497546297496,0.15225664767331434,0.03460291637969934,0.02713448309521241,0.012087719298245614,0.004278505083010312,0.0,0.007352941176470588,0.009325396825396825,0.007575757575757576,0.0,0.0,0.0,0.0,0.0,0.0,0.0,0.0024271844660194173,0.005512048192771084,0.0030864197530864196,0.0,0.0,0.0,0.0,0.0,0.0,0.0,0.004629629629629629,0.0,0.0,0.0,0.0,0.0,0.0,0.0,0.0,0.0,0.0,0.0
AGB6853RIDWJ8,ns,40-1,40.0,1000.0,0.0,0.0,0.0,0.0,0.375,0.10256410256410256,0.0,0.0,0.0,0.0,0.07142857142857142,0.0,0.0,0.0,0.0,0.006578947368421052,0.04181184668989547,0.07533482142857142,0.0,0.0,0.025,0.025,0.003289473684210526,0.0,0.022962112514351322,0.0,0.0,0.0,0.013888888888888888,0.0,0.011363636363636364,0.03173913043478261,0.005159228996438298,0.01711309523809524,0.019125091709464415,0.01760204081632653,0.06851529650572713,0.12247397166752005,0.18443459626699127,0.1642534094460069,0.13072755417956655,0.10096519227846178,0.03888888888888889,0.039390283140283144,0.013708873379860419,0.006944444444444444,0.015417457305502846,0.0,0.006944444444444444,0.008333333333333333,0.028046811945117028,0.006944444444444444,0.015763546798029555,0.0,0.0,0.0,0.0,0.0,0.0,0.0,0.0,0.0,0.0,0.010416666666666666,0.0,0.0,0.0,0.0,0.0,0.0,0.0,0.0,0.0,0.0,0.0,0.0,0.0,0.0
AGLFNO1XKM8O8,rec,40-1,40.0,1000.0,0.0625,0.0,0.027777777777777776,0.044407894736842105,0.011904761904761904,0.0,0.0,0.0,0.014285714285714285,0.005681818181818182,0.025,0.006097560975609756,0.0,0.0,0.008333333333333333,0.0,0.007352941176470588,0.008050314465408805,0.015507090814467862,0.0058823529411764705,0.0037313432835820895,0.003472222222222222,0.005494505494505495,0.025668901984691458,0.011875,0.009542286981311373,0.01270913770913771,0.00808357503491245,0.01245691207490868,0.020531798245614033,0.02454767454767455,0.01974155588214783,0.03910786377270315,0.02860460795243404,0.03861837732190118,0.0447956524607468,0.09192940636977945,0.11148068030129671,0.18073406478578893,0.1403337483789609,0.13233466341018502,0.09945442527204743,0.05839170182192419,0.03026959661184437,0.033230311355311355,0.027016255385820604,0.022254828504828506,0.023876992317394794,0.012906976744186047,0.01551255503903979,0.013645969025908235,0.0,0.00864457104961717,0.0073621553884711775,0.0,0.0038461538461538464,0.003968253968253968,0.004629629629629629,0.0037313432835820895,0.00819672131147541,0.0,0.004464285714285714,0.0,0.0,0.016514227642276422,0.007142857142857143,0.0,0.007575757575757576,0.0,0.0,0.0125,0.0125,0.0,0.0,0.0,0.0,0.0,0.0
AH2C0LKV36ATT,prim,40-1,40.0,1000.0,,0.0,0.0,0.0,0.0,0.0,0.0,0.0,0.0,0.0,0.014705882352941176,0.0,0.0,0.0,0.0,0.0,0.0,0.0,0.0,0.0,0.0,0.0,0.0,0.0,0.0,0.0,0.0,0.0,0.004464285714285714,0.0,0.0,0.0,0.0,0.0,0.005319148936170213,0.0,0.0058823529411764705,0.003125,0.01363600995953937,0.3782257350607872,0.2989507397995462,0.15184238737478448,0.08951638758045821,0.029785856481121958,0.027849216047514235,0.0077593169493481015,0.00625,0.0017241379310344827,0.0,0.0,0.0,0.0029069767441860465,0.0,0.0,0.0,0.0,0.0,0.0,0.0,0.0,0.0,0.0,0.0,0.0,0.0,0.0,0.0,0.0,0.0,0.0,0.0,0.0,0.0,0.0,0.0,0.0,0.0,0.0
AKJN72HW14WTR,rec,40-1,40.0,1000.0,0.0,0.035897435897435895,0.0,0.0,0.0,0.0,0.02794871794871795,0.0,0.008333333333333333,0.008064516129032258,0.014391447368421052,0.015388257575757576,0.0,0.027056277056277056,0.013095238095238094,0.007352941176470588,0.005555555555555556,0.026123427910344048,0.011507936507936509,0.0,0.022727272727272728,0.005813953488372093,0.037626262626262626,0.00510204081632653,0.004901960784313725,0.010110294117647058,0.016748366013071895,0.009437321937321937,0.021116138763197588,0.018275182190276528,0.016369047619047616,0.015164686564280884,0.02609717868338558,0.04077681126968983,0.027485380116959064,0.024927600873960877,0.030816709111488396,0.08086456671982988,0.1341802739030041,0.22193390412257746,0.05444428891377379,0.027256944444444445,0.027205882352941177,0.014285714285714285,0.05014778325123152,0.04187344913151365,0.04995265151515152,0.027043269230769232,0.0,0.04316770186335404,0.0,0.055422476731559034,0.020833333333333332,0.023504273504273504,0.02631578947368421,0.06459623323013415,0.014705882352941176,0.0,0.013157894736842105,0.0,0.054086538461538464,0.0,0.0,0.043402777777777776,0.06836219336219336,0.0,0.0,0.0,0.0,0.08333333333333333,0.0,0.0,0.0,0.0,0.0,0.0,0.0,0.0
AMIQGW2E3WYO4,rec,40-1,40.0,1000.0,0.0,0.022727272727272728,0.017857142857142856,0.030555555555555555,0.0,0.016666666666666666,0.014705882352941176,0.02048494983277592,0.01707175925925926,0.022086466165413533,0.01464346349745331,0.007352941176470588,0.0201496138996139,0.02443609022556391,0.0,0.0,0.005813953488372093,0.01633941455370027,0.005319148936170213,0.033888888888888885,0.01010204081632653,0.024048935813641696,0.009271978021978022,0.013888888888888888,0.030591813321211334,0.004464285714285714,0.03947908564514735,0.021551724137931036,0.015640273704789834,0.019385407992284484,0.030013394565633372,0.01918143656716418,0.030437470386164414,0.025153505031553815,0.020469443323920936,0.03142169630558787,0.06229135489812363,0.03050756413875031,0.09246174341268218,0.10461697229499087,0.05687402950310559,0.05333043550256665,0.03912544611697154,0.0335708927231808,0.013191557403261913,0.038193166482640165,0.03562217923920052,0.020803443328550934,0.031381699056458906,0.00510204081632653,0.03958333333333333,0.047523213220887636,0.05675893663698542,0.022081413210445468,0.017857142857142856,0.0403125,0.007575757575757576,0.025625000000000002,0.024193548387096774,0.020292207792207792,0.054945054945054944,0.011904761904761904,0.022774327122153208,0.0,0.05213903743315508,0.022727272727272728,0.022727272727272728,0.0,0.0,0.027777777777777776,0.0,0.0,0.03571428571428571,0.05,0.0,0.0,0.08333333333333333,0.0
ANCTZADQC3D75,ns,40-1,40.0,1000.0,0.25,0.044444444444444446,0.037037037037037035,0.0,0.022727272727272728,0.0,0.022727272727272728,0.0,0.013888888888888888,0.010869565217391304,0.0,0.0,0.0,0.0,0.008333333333333333,0.0,0.007352941176470588,0.0,0.0,0.0,0.0,0.006578947368421052,0.0,0.005813953488372093,0.007142857142857143,0.011312217194570135,0.0,0.0,0.004032258064516129,0.0,0.011620985090126846,0.003676470588235294,0.006944444444444444,0.0,0.003125,0.012621753246753247,0.027294036339983396,0.02666927490871153,0.05910852713178294,0.44061533071526415,0.2514277202361065,0.1342691091452295,0.05052669091176609,0.022773597618876783,0.011962123199335477,0.01242962631814831,0.0,0.001953125,0.004656098406098406,0.004391010891240988,0.0,0.0,0.0,0.0,0.0028735632183908046,0.002976190476190476,0.0,0.003289473684210526,0.0,0.003676470588235294,0.0,0.0,0.0,0.0,0.004629629629629629,0.0,0.0,0.0,0.0,0.0,0.0,0.0,0.0,0.0,0.0,0.0,0.0,0.0
AOQKJGXZ8QQD0,prim,40-1,40.0,1000.0,0.0,0.0,0.0,0.0,0.09821428571428571,0.0,0.0,0.0,0.0,0.0,0.0,0.0,0.0,0.0,0.0,0.0,0.0,0.0,0.0,0.0,0.0,0.0,0.0,0.005681818181818182,0.0,0.012351190476190476,0.0,0.0,0.0,0.005319148936170213,0.005434782608695652,0.004032258064516129,0.0,0.00510204081632653,0.016033434650455928,0.010110294117647058,0.01436988936988937,0.032632328684960264,0.01293103448275862,0.21717949079617035,0.195094966753949,0.13835617298840178,0.14756085328443885,0.06503503278527091,0.035300059569654374,0.061601977458281686,0.03902292762517047,0.015873015873015872,0.020174073227851717,0.012915905863258267,0.0033333333333333335,0.0,0.010363247863247865,0.0,0.0,0.006097560975609756,0.00641025641025641,0.0,0.0,0.0,0.0,0.0,0.0,0.0,0.0,0.0,0.0,0.0,0.0,0.0,0.0,0.025,0.0,0.0,0.0,0.041666666666666664,0.0,0.0
AP3BTOBN8Y9EJ,rec,40-1,40.0,1000.0,0.0,0.0,0.0,0.0,0.0,0.0,0.0,0.0,0.009259259259259259,0.022281639928698752,0.006578947368421052,0.007142857142857143,0.013701201201201201,0.012347560975609757,0.02203525641025641,0.022707538299872793,0.038104942170291714,0.021095814212209706,0.024242098871478924,0.02368253381016977,0.022700359984842745,0.04355362605470457,0.01250683433570257,0.015877016129032258,0.019931891025641024,0.037923662935323385,0.029686128182616327,0.036691663334946584,0.04275487845786675,0.034123626113675865,0.023259335046476953,0.04632371215857684,0.02563887203051847,0.05537267680813464,0.051189147745819195,0.0242389891439176,0.050886440213414895,0.05964288240915003,0.048685466696041714,0.05208302236021136,0.016787752772341815,0.037963020557957264,0.03599547084126286,0.029653679653679654,0.021278764160263974,0.02471504048092163,0.012886239443616493,0.007936507936507936,0.020454545454545454,0.037249536178107605,0.05242482368441448,0.015523230568823274,0.017977799227799227,0.041294063079777364,0.017448512585812356,0.020833333333333332,0.026800396161809206,0.012195121951219513,0.016129032258064516,0.03970952454408337,0.026190476190476188,0.01,0.03173913043478261,0.02724137931034483,0.009615384615384616,0.025,0.011363636363636364,0.0,0.06212121212121212,0.0,0.0,0.027777777777777776,0.027777777777777776,0.03571428571428571,0.0,0.0,0.0,0.0
AQSYWZJVVMCGJ,prim,40-1,40.0,1000.0,0.3333333333333333,0.16666666666666666,0.16666666666666666,0.0,0.05555555555555555,0.05555555555555555,0.0,0.0,0.0,0.0,0.0,0.0,0.0,0.0,0.0,0.0,0.015625,0.0,0.0,0.0,0.0,0.009259259259259259,0.0,0.0,0.0,0.0,0.0,0.0,0.0,0.0,0.0,0.0,0.0,0.0,0.0,0.0,0.004310344827586207,0.0033333333333333335,0.017916821990631937,0.4112748493929792,0.2617676696662917,0.14580931432038835,0.0705228265101791,0.036059107578594936,0.033082410964863154,0.0104937564622604,0.007170768207515796,0.0,0.0,0.0,0.0,0.0,0.002173913043478261,0.0,0.0,0.0,0.0,0.0,0.0,0.0,0.0,0.0,0.0,0.004464285714285714,0.0,0.0,0.0,0.0,0.0,0.0,0.0,0.0,0.0,0.0,0.0,0.016666666666666666,0.0,0.0
AR1IWBDA7MC86,rec,40-1,40.0,1000.0,0.0,0.011904761904761904,0.009615384615384616,0.0563973063973064,0.01333570412517781,0.019674185463659146,0.017690058479532166,0.021271529888551164,0.026470588235294117,0.021037097186234078,0.013166144200626959,0.020765027322404372,0.0273015873015873,0.007874503968253968,0.026750700280112043,0.027834122812895348,0.036025516441490865,0.010637125220458553,0.016695482764330485,0.020728049632277416,0.01847455503458827,0.022423669035114818,0.017259768557512725,0.017138228159733537,0.02046584859522657,0.014366058839372,0.017216576581625922,0.022944031981724726,0.01303591700433374,0.009160602910602911,0.02215018685606921,0.033191340546735434,0.026187622149605398,0.02969366740866601,0.0176197105433816,0.03665221658372224,0.05520395637698184,0.06845306626602234,0.14349632982517244,0.22800977160348482,0.06213710357752637,0.043897520960288365,0.03905144346864976,0.03105832786758453,0.03130266915825085,0.015495095798285612,0.007477856690754755,0.01599303619835819,0.02862916459305688,0.02459499263622975,0.022822353924473824,0.013535760014633254,0.02693076638007158,0.040328789997783734,0.01739623079031136,0.013807098074339455,0.020019590114526822,0.01565406345067362,0.01577642186091873,0.024557387057387057,0.01648966885089503,0.021179939367051166,0.008475783475783476,0.016574026748445353,0.02009043085083257,0.01721724524076148,0.03705882352941177,0.0125,0.021499890278692122,0.007575757575757576,0.017679900744416874,0.0,0.023268398268398268,0.020833333333333332,0.05133928571428571,0.0,0.0,
AR3MFFPQ39IXF,rec,40-1,40.0,1000.0,0.047619047619047616,0.0,0.0,0.0,0.0,0.0,0.006172839506172839,0.01075268817204301,0.00980392156862745,0.0,0.005649717514124294,0.007575757575757576,0.007575757575757576,0.0,0.0,0.006535947712418301,0.006289308176100628,0.022748028227480278,0.018896413213462068,0.009683890157017363,0.009323559670781892,0.012626262626262626,0.02055033089515848,0.002824858757062147,0.011272918832156012,0.02081373089776451,0.006535947712418301,0.01108116202455825,0.0075036075036075045,0.03170969527139205,0.023745766963501818,0.017340070634681445,0.013895072353626756,0.03375868866064945,0.04349978567072987,0.07401730977280924,0.0808688387635756,0.094574041942463,0.15843253968253967,0.17009378207828907,0.06788345693234454,0.0589436554348835,0.03133903133903134,0.02941176470588235,0.02049476345250993,0.030949717124108326,0.015583606046439146,0.017722023098367182,0.03218586285088748,0.0483794466403162,0.022320768662232076,0.005847953216374269,0.011904761904761904,0.013333333333333334,0.013605442176870748,0.044831591173054595,0.0,0.011111111111111112,0.03885003885003885,0.015151515151515152,0.0,0.010416666666666666,0.0,0.0,0.028985507246376812,0.036155202821869487,0.0,0.017543859649122806,0.016666666666666666,0.0,0.0,0.0,0.0,0.0,0.0,0.0,0.0,
ARL0T0MU9A65G,prim,40-1,40.0,1000.0,0.6666666666666666,0.0,0.0,0.0,0.0,0.16666666666666666,0.0,0.0,0.0,0.0,0.0,0.0,0.0,0.0,0.03125,0.0,0.0,0.0,0.0,0.0,0.0,0.0,0.0,0.0,0.0,0.0,0.0,0.00390625,0.003676470588235294,0.0,0.0,0.0,0.0,0.0,0.0031645569620253164,0.005952380952380952,0.02329059829059829,0.041568627450980396,0.03780898876404495,0.38019263070172654,0.3279284873115201,0.15925192012288786,0.044895673323092675,0.018477982590885816,0.004309707013909441,0.003968253968253968,0.0,0.0,0.0,0.0,0.0,0.0,0.0027472527472527475,0.0,0.0028735632183908046,0.0,0.0,0.0,0.0,0.0,0.0,0.0,0.0,0.0,0.0,0.0,0.0,0.00423728813559322,0.0,0.0,0.0,0.0,0.0,0.0,0.0,0.0,0.0,0.0
ASVRLMDNQBUD9,rec,40-1,40.0,1000.0,0.04583333333333334,0.0,0.0,0.007352941176470588,0.011097560975609756,0.0047169811320754715,0.009594298245614034,0.004629629629629629,0.01,0.00962962962962963,0.02377622377622378,0.0037313432835820895,0.009615384615384616,0.02125496229100908,0.008855799373040752,0.0,0.008771929824561403,0.006756756756756757,0.0,0.004310344827586207,0.003246753246753247,0.007442416340721425,0.008477011494252874,0.015727662690939528,0.003048780487804878,0.003125,0.00423728813559322,0.019845603841519135,0.014581886543628162,0.0043859649122807015,0.004310344827586207,0.014734325568018406,0.02245805426462548,0.03841553014648482,0.012175796200109348,0.045739348370927316,0.03552112293484166,0.045189801520936546,0.08535771826139128,0.4017451014031561,0.1388886487234245,0.1028426230632113,0.05208333333333333,0.04448653198653199,0.017857142857142856,0.03409090909090909,0.030594405594405596,0.016666666666666666,0.05220588235294117,0.0,0.014705882352941176,0.0,0.019230769230769232,0.0,0.04772727272727273,0.025,0.0,0.03125,0.0,0.027777777777777776,0.0,0.027777777777777776,0.03125,0.07738095238095238,0.041666666666666664,0.11309523809523808,0.03571428571428571,0.05,0.0,0.041666666666666664,0.3125,0.0,0.0,0.0,0.29166666666666663,0.0,0.0,
ATRRW34VN38IX,rec,40-1,40.0,1000.0,0.0,0.0,0.0,0.0,0.0,0.019230769230769232,0.0,0.016129032258064516,0.02631578947368421,0.0,0.013513513513513514,0.013513513513513514,0.02,0.0,0.017857142857142856,0.0,0.0,0.0,0.030303030303030304,0.011111111111111112,0.0,0.023809523809523808,0.011111111111111112,0.02127659574468085,0.0,0.0,0.02830188679245283,0.009433962264150943,0.033771929824561404,0.01639344262295082,0.017241379310344827,0.03155149934810952,0.007462686567164179,0.014492753623188406,0.08234126984126984,0.07149122807017544,0.07880255337882457,0.08592870544090056,0.1921875,0.19654088050314467,0.08257113821138212,0.04154849688031764,0.0556547619047619,0.02702702702702703,0.006756756756756757,0.026856524873828405,0.0136986301369863,0.02054794520547945,0.013888888888888888,0.007692307692307693,0.0,0.0,0.015873015873015872,0.0,0.008771929824561403,0.0,0.0,0.0,0.009615384615384616,0.010638297872340425,0.0,0.0,0.0,0.0,0.01282051282051282,0.0,0.0,0.0,0.0,0.041666666666666664,0.019230769230769232,0.0,0.0,0.0,0.0,0.0,0.0,0.0
AVSVIOR38JDM6,prim,40-1,40.0,1000.0,,0.0,0.0,0.0,0.0,0.041666666666666664,0.0,0.0,0.0,0.0,0.0,0.0,0.0,0.0,0.0,0.0,0.0,0.0,0.0,0.00510204081632653,0.0,0.0,0.0,0.0,0.0,0.0,0.0,0.0,0.0,0.0,0.0,0.0,0.0,0.0,0.0,0.0029411764705882353,0.0,0.0029411764705882353,0.015081823641277149,0.5889120708613889,0.30589681954825654,0.07860385681544527,0.018634008359885282,0.0064392643847509794,0.0010638297872340426,0.0,0.0,0.0,0.0,0.0,0.0,0.0012953367875647669,0.0,0.0017857142857142857,0.0,0.0,0.0,0.0,0.0,0.0,0.0024509803921568627,0.0,0.0,0.0,0.0,0.0,0.0,0.0,0.0,0.0,0.0,0.0,0.0,0.0,0.0,0.0,0.0,0.0
AW0MG225VXWCN,rec,40-1,40.0,1000.0,0.0625,0.0,0.0,0.0,0.011904761904761904,0.011363636363636364,0.027783267457180502,0.01020408163265306,0.00510204081632653,0.018909931039311094,0.004901960784313725,0.004464285714285714,0.008547632963179428,0.0,0.013282268578878749,0.02136223057073467,0.008064516129032258,0.01598634370015949,0.011454659993946688,0.02381005479801198,0.01071644237405107,0.019943714821763603,0.012844250287172662,0.019304001721170395,0.018398830670388812,0.005718954248366014,0.040875374625374626,0.011118461087084084,0.013051107699056812,0.021009368163627272,0.02668594885174511,0.013450834879406308,0.04082275304240927,0.01845753771805752,0.017691709934486207,0.03253159905909837,0.05077030841479459,0.06394176294405468,0.09574109465413813,0.2518851533699046,0.06991452991452991,0.038274275406628346,0.03615942028985507,0.022624553808764335,0.038023543742488564,0.018105802509193164,0.03428030303030303,0.02254406221797526,0.023168618139141353,0.016666666666666666,0.01452467343976778,0.02685226595110316,0.014241654571843251,0.04158040027605245,0.005555555555555556,0.04999188081029513,0.013513513513513514,0.025,0.023725082548611963,0.02355664488017429,0.026190476190476188,0.015625,0.05178571428571428,0.0,0.029411764705882353,0.024321266968325792,0.010416666666666666,0.011904761904761904,0.014705882352941176,0.05,0.0,0.03125,0.05,0.0,0.0,0.0,0.0,
AW4PTI9P13WUB,prim,40-1,40.0,1000.0,0.0,0.0,0.0,0.0,0.0,0.0,0.0,0.0,0.0,0.0,0.020833333333333332,0.0,0.0,0.0,0.0,0.0,0.0,0.0,0.009259259259259259,0.0,0.0,0.0,0.0,0.0,0.013513513513513514,0.0,0.0,0.0,0.005681818181818182,0.010336743393009377,0.008064516129032258,0.0,0.004901960784313725,0.004464285714285714,0.0078125,0.004464285714285714,0.007936507936507936,0.01431476846057572,0.04693166225789307,0.38294454088794627,0.23458830181997709,0.17154887047314302,0.04777969913764848,0.05921574291655787,0.013899673615283561,0.005457380457380458,0.009809333646542948,0.0,0.0,0.0,0.007142857142857143,0.0,0.01020408163265306,0.0,0.0,0.0,0.0,0.0,0.0,0.0,0.0,0.0,0.0,0.0,0.0,0.0,0.0,0.0,0.0,0.0,0.0,0.0,0.0,0.0,0.0,0.0,0.0,0.0
AXFCUZW85XUK1,ns,40-1,40.0,1000.0,0.125,0.1,0.0,0.0,0.016666666666666666,0.0,0.0,0.011904761904761904,0.013888888888888888,0.050595238095238096,0.03869047619047619,0.0,0.016666666666666666,0.0,0.024404761904761905,0.0384160756501182,0.008333333333333333,0.02804642166344294,0.04666666666666666,0.035925998306299264,0.015677257525083612,0.03876811594202899,0.015238704177323103,0.00909090909090909,0.010126841243862521,0.0038461538461538464,0.020692640692640693,0.0043859649122807015,0.007042253521126761,0.01649122807017544,0.03176930596285435,0.026246843434343435,0.007008448540706605,0.007352941176470588,0.024390243902439025,0.016281512605042014,0.03758579139890473,0.025938967136150237,0.09694616977225673,0.4424820784036172,0.12208367333061336,0.051726614640432364,0.01855232793362129,0.0059596370039279424,0.020986386976760134,0.02311723602484472,0.0035211267605633804,0.010185591649595161,0.02818170201891132,0.0,0.009433962264150943,0.012271307452030342,0.00844832441565756,0.0,0.0035211267605633804,0.015094979647218454,0.01868686868686869,0.0,0.010262725779967159,0.003968253968253968,0.00423728813559322,0.008552631578947367,0.0126720901126408,0.013095238095238094,0.013764880952380952,0.0,0.015625,0.0,0.0,0.0,0.01,0.0,0.0,0.0,0.0,0.0,0.0,0.0
AYF9WH3AQIT86,prim,40-1,40.0,1000.0,,0.0,0.0,0.0,0.0,0.0,0.0,0.05,0.0,0.0,0.0,0.0,0.3333333333333333,0.0,0.0,0.0,0.0,0.0,0.08333333333333333,0.0,0.0,0.0,0.0,0.0,0.005208333333333333,0.0,0.0,0.0,0.0,0.0,0.0,0.0,0.003125,0.0033783783783783786,0.0,0.008064516129032258,0.008064516129032258,0.013320545609548167,0.008333333333333333,0.22964769108280253,0.25385998631871276,0.14834504916336036,0.07981120079610791,0.09418885003665896,0.04827556022408964,0.046152836134453784,0.01763392857142857,0.0036231884057971015,0.012528801843317972,0.004464285714285714,0.009306066176470588,0.002066115702479339,0.004464285714285714,0.0,0.0,0.0,0.0,0.007352941176470588,0.0,0.0,0.0,0.0,0.0,0.0,0.0,0.0,0.0078125,0.0,0.0,0.0,0.0,0.0,0.0,0.0,0.0,0.0,0.0,0.0
