subject,strategy,session,condition,l_length,pres_rate,serial_position,rt,min_rt
A102RSV009OCUW,prim,1,15-2,15.0,2000.0,1.0,735.0,False
A102RSV009OCUW,prim,1,15-2,15.0,2000.0,1.0,8875.0,False
A102RSV009OCUW,prim,1,15-2,15.0,2000.0,1.0,2549.0,False
A102RSV009OCUW,prim,1,15-2,15.0,2000.0,2.0,6219.0,False
A102RSV009OCUW,prim,1,15-2,15.0,2000.0,1.0,4776.0,False
A102RSV009OCUW,prim,1,15-2,15.0,2000.0,1.0,3453.0,False
A102RSV009OCUW,prim,1,15-2,15.0,2000.0,1.0,3355.0,False
A102RSV009OCUW,prim,1,15-2,15.0,2000.0,3.0,1362.0,False
A102RSV009OCUW,prim,1,15-2,15.0,2000.0,1.0,0.0,True
A102RSV009OCUW,prim,1,15-2,15.0,2000.0,1.0,2618.0,False
A102RSV009OCUW,prim,1,15-2,15.0,2000.0,2.0,610.0,False
A102RSV009OCUW,prim,1,15-2,15.0,2000.0,4.0,13662.0,False
A102RSV009OCUW,prim,2,15-2,15.0,2000.0,1.0,0.0,True
A102RSV009OCUW,prim,2,15-2,15.0,2000.0,1.0,3323.0,False
A102RSV009OCUW,prim,2,15-2,15.0,2000.0,15.0,19026.0,False
A102RSV009OCUW,prim,2,15-2,15.0,2000.0,1.0,10917.0,False
A102RSV009OCUW,prim,2,15-2,15.0,2000.0,1.0,4874.0,False
A102RSV009OCUW,prim,2,15-2,15.0,2000.0,1.0,3653.0,False
A102RSV009OCUW,prim,2,15-2,15.0,2000.0,1.0,2666.0,False
A102RSV009OCUW,prim,2,15-2,15.0,2000.0,1.0,8133.0,False
A102RSV009OCUW,prim,2,15-2,15.0,2000.0,1.0,19088.0,False
A102RSV009OCUW,prim,2,15-2,15.0,2000.0,13.0,3811.0,False
A102RSV009OCUW,prim,2,15-2,15.0,2000.0,1.0,9086.0,False
A102RSV009OCUW,prim,3,15-2,15.0,2000.0,2.0,0.0,True
A102RSV009OCUW,prim,3,15-2,15.0,2000.0,1.0,11424.0,False
A102RSV009OCUW,prim,3,15-2,15.0,2000.0,3.0,5079.0,False
A102RSV009OCUW,prim,3,15-2,15.0,2000.0,1.0,1415.0,False
A102RSV009OCUW,prim,3,15-2,15.0,2000.0,1.0,1276.0,False
A102RSV009OCUW,prim,3,15-2,15.0,2000.0,1.0,1926.0,False
A102RSV009OCUW,prim,3,15-2,15.0,2000.0,2.0,10270.0,False
A102RSV009OCUW,prim,3,15-2,15.0,2000.0,1.0,3614.0,False
A102RSV009OCUW,prim,4,15-2,15.0,2000.0,2.0,0.0,True
A102RSV009OCUW,prim,4,15-2,15.0,2000.0,1.0,3287.0,False
A102RSV009OCUW,prim,4,15-2,15.0,2000.0,2.0,2652.0,False
A102RSV009OCUW,prim,4,15-2,15.0,2000.0,1.0,2649.0,False
A102RSV009OCUW,prim,4,15-2,15.0,2000.0,1.0,4717.0,False
A102RSV009OCUW,prim,4,15-2,15.0,2000.0,3.0,5507.0,False
A102RSV009OCUW,prim,4,15-2,15.0,2000.0,1.0,4072.0,False
A102RSV009OCUW,prim,4,15-2,15.0,2000.0,1.0,2976.0,False
A102RSV009OCUW,prim,4,15-2,15.0,2000.0,1.0,17285.0,False
A102RSV009OCUW,prim,4,15-2,15.0,2000.0,1.0,15976.0,False
A102RSV009OCUW,prim,4,15-2,15.0,2000.0,1.0,8639.0,False
A102WSFN62OS6I,ns,1,40-1,40.0,1000.0,1.0,0.0,True
A102WSFN62OS6I,ns,1,40-1,40.0,1000.0,1.0,5320.0,False
A102WSFN62OS6I,ns,1,40-1,40.0,1000.0,1.0,4380.0,False
A102WSFN62OS6I,ns,1,40-1,40.0,1000.0,1.0,7342.0,False
A102WSFN62OS6I,ns,1,40-1,40.0,1000.0,6.0,7962.0,False
A102WSFN62OS6I,ns,1,40-1,40.0,1000.0,1.0,4356.0,False
A102WSFN62OS6I,ns,1,40-1,40.0,1000.0,1.0,6192.0,False
A102WSFN62OS6I,ns,1,40-1,40.0,1000.0,39.0,9567.0,False
A102WSFN62OS6I,ns,1,40-1,40.0,1000.0,39.0,5924.0,False
A102WSFN62OS6I,ns,1,40-1,40.0,1000.0,1.0,4533.0,False
A102WSFN62OS6I,ns,1,40-1,40.0,1000.0,1.0,3985.0,False
A102WSFN62OS6I,ns,2,40-1,40.0,1000.0,40.0,5465.0,False
A102WSFN62OS6I,ns,2,40-1,40.0,1000.0,1.0,4194.0,False
A102WSFN62OS6I,ns,2,40-1,40.0,1000.0,1.0,17478.0,False
A102WSFN62OS6I,ns,2,40-1,40.0,1000.0,2.0,1868.0,False
A102WSFN62OS6I,ns,2,40-1,40.0,1000.0,40.0,48425.0,False
A102WSFN62OS6I,ns,2,40-1,40.0,1000.0,2.0,19603.0,False
A102WSFN62OS6I,ns,2,40-1,40.0,1000.0,40.0,559.0,False
A102WSFN62OS6I,ns,2,40-1,40.0,1000.0,1.0,1934.0,False
A102WSFN62OS6I,ns,2,40-1,40.0,1000.0,36.0,0.0,True
A102WSFN62OS6I,ns,2,40-1,40.0,1000.0,9.0,371.0,False
A102WSFN62OS6I,ns,3,40-1,40.0,1000.0,37.0,0.0,True
A102WSFN62OS6I,ns,3,40-1,40.0,1000.0,39.0,3067.0,False
A102WSFN62OS6I,ns,3,40-1,40.0,1000.0,1.0,2895.0,False
A102WSFN62OS6I,ns,3,40-1,40.0,1000.0,39.0,3605.0,False
A102WSFN62OS6I,ns,3,40-1,40.0,1000.0,38.0,2193.0,False
A102WSFN62OS6I,ns,3,40-1,40.0,1000.0,37.0,2281.0,False
A102WSFN62OS6I,ns,3,40-1,40.0,1000.0,36.0,3906.0,False
A102WSFN62OS6I,ns,3,40-1,40.0,1000.0,40.0,8230.0,False
A102WSFN62OS6I,ns,3,40-1,40.0,1000.0,40.0,3237.0,False
A102WSFN62OS6I,ns,3,40-1,40.0,1000.0,37.0,6875.0,False
A102WSFN62OS6I,ns,3,40-1,40.0,1000.0,38.0,7253.0,False
A10HW8JXM17XLD,rec,1,10-2,10.0,2000.0,1.0,0.0,True
A10HW8JXM17XLD,rec,1,10-2,10.0,2000.0,2.0,1104.0,False
A10HW8JXM17XLD,rec,1,10-2,10.0,2000.0,10.0,1455.0,False
A10HW8JXM17XLD,rec,1,10-2,10.0,2000.0,8.0,4211.0,False
A10HW8JXM17XLD,rec,1,10-2,10.0,2000.0,10.0,1663.0,False
A10HW8JXM17XLD,rec,1,10-2,10.0,2000.0,10.0,5251.0,False
A10HW8JXM17XLD,rec,1,10-2,10.0,2000.0,3.0,4021.0,False
A10HW8JXM17XLD,rec,1,10-2,10.0,2000.0,10.0,1695.0,False
A10HW8JXM17XLD,rec,1,10-2,10.0,2000.0,10.0,1010.0,False
A10HW8JXM17XLD,rec,1,10-2,10.0,2000.0,10.0,3836.0,False
A10HW8JXM17XLD,rec,1,10-2,10.0,2000.0,10.0,1511.0,False
A10HW8JXM17XLD,rec,1,10-2,10.0,2000.0,10.0,1847.0,False
A10HW8JXM17XLD,rec,2,10-2,10.0,2000.0,1.0,0.0,True
A10HW8JXM17XLD,rec,2,10-2,10.0,2000.0,10.0,4149.799999998885,False
A10HW8JXM17XLD,rec,2,10-2,10.0,2000.0,10.0,14001.799999998879,False
A10HW8JXM17XLD,rec,2,10-2,10.0,2000.0,10.0,74697.20000000112,False
A10HW8JXM17XLD,rec,2,10-2,10.0,2000.0,6.0,13228.599999999627,False
A10HW8JXM17XLD,rec,2,10-2,10.0,2000.0,10.0,30290.599999999627,False
A10HW8JXM17XLD,rec,2,10-2,10.0,2000.0,10.0,26907.099999999627,False
A10HW8JXM17XLD,rec,2,10-2,10.0,2000.0,10.0,10773.599999999627,False
A10HW8JXM17XLD,rec,2,10-2,10.0,2000.0,10.0,57658.89999999851,False
A10HW8JXM17XLD,rec,2,10-2,10.0,2000.0,10.0,26998.799999998882,False
A10HW8JXM17XLD,rec,2,10-2,10.0,2000.0,10.0,30750.89999999851,False
A10HW8JXM17XLD,rec,2,10-2,10.0,2000.0,10.0,47549.199999999255,False
A10HW8JXM17XLD,rec,3,10-2,10.0,2000.0,10.0,0.0,True
A10HW8JXM17XLD,rec,3,10-2,10.0,2000.0,10.0,2406.7999999970198,False
A10HW8JXM17XLD,rec,3,10-2,10.0,2000.0,10.0,3752.7000000029802,False
A10HW8JXM17XLD,rec,3,10-2,10.0,2000.0,10.0,2765.5,False
A10HW8JXM17XLD,rec,3,10-2,10.0,2000.0,10.0,1180.0,False
A10HW8JXM17XLD,rec,3,10-2,10.0,2000.0,10.0,673.0,False
A10HW8JXM17XLD,rec,3,10-2,10.0,2000.0,10.0,2237.2999999970198,False
A10HW8JXM17XLD,rec,3,10-2,10.0,2000.0,10.0,2865.5,False
A10HW8JXM17XLD,rec,3,10-2,10.0,2000.0,10.0,1115.4000000059605,False
A10HW8JXM17XLD,rec,3,10-2,10.0,2000.0,10.0,5228.0,False
A10HW8JXM17XLD,rec,3,10-2,10.0,2000.0,10.0,1557.3999999985099,False
A10HW8JXM17XLD,rec,3,10-2,10.0,2000.0,10.0,1834.6000000014901,False
A10HW8JXM17XLD,rec,4,10-2,10.0,2000.0,10.0,0.0,True
A10HW8JXM17XLD,rec,4,10-2,10.0,2000.0,10.0,5135.300000071527,False
A10HW8JXM17XLD,rec,4,10-2,10.0,2000.0,10.0,3353.7000000476837,False
A10HW8JXM17XLD,rec,4,10-2,10.0,2000.0,10.0,3725.7000000476837,False
A10HW8JXM17XLD,rec,4,10-2,10.0,2000.0,10.0,8080.200000047682,False
A10HW8JXM17XLD,rec,4,10-2,10.0,2000.0,10.0,3416.0000000596046,False
A10HW8JXM17XLD,rec,4,10-2,10.0,2000.0,10.0,5153.700000047682,False
A10HW8JXM17XLD,rec,4,10-2,10.0,2000.0,10.0,9275.300000071527,False
A10HW8JXM17XLD,rec,4,10-2,10.0,2000.0,10.0,4842.800000071527,False
A10HW8JXM17XLD,rec,4,10-2,10.0,2000.0,10.0,4149.900000035763,False
A10HW8JXM17XLD,rec,4,10-2,10.0,2000.0,10.0,4199.600000023842,False
A10HW8JXM17XLD,rec,4,10-2,10.0,2000.0,10.0,3330.400000035763,False
A10JXOU89D5RXR,ns,1,20-1,20.0,1000.0,1.0,0.0,True
A10JXOU89D5RXR,ns,1,20-1,20.0,1000.0,1.0,1911.3000001907349,False
A10JXOU89D5RXR,ns,1,20-1,20.0,1000.0,19.0,2109.300000190735,False
A10JXOU89D5RXR,ns,1,20-1,20.0,1000.0,17.0,2059.800000190735,False
A10JXOU89D5RXR,ns,1,20-1,20.0,1000.0,17.0,772.9000000953674,False
A10JXOU89D5RXR,ns,1,20-1,20.0,1000.0,20.0,1949.3000001907349,False
A10JXOU89D5RXR,ns,1,20-1,20.0,1000.0,20.0,1047.900000333786,False
A10JXOU89D5RXR,ns,1,20-1,20.0,1000.0,18.0,1996.9000000953674,False
A10JXOU89D5RXR,ns,1,20-1,20.0,1000.0,19.0,1762.0000002384186,False
A10JXOU89D5RXR,ns,1,20-1,20.0,1000.0,20.0,3245.300000190735,False
A10JXOU89D5RXR,ns,1,20-1,20.0,1000.0,20.0,1732.3000001907349,False
A10JXOU89D5RXR,ns,1,20-1,20.0,1000.0,20.0,2543.100000143051,False
A10JXOU89D5RXR,ns,2,20-1,20.0,1000.0,1.0,483.2000000476837,False
A10JXOU89D5RXR,ns,2,20-1,20.0,1000.0,19.0,2010.4000000953674,False
A10JXOU89D5RXR,ns,2,20-1,20.0,1000.0,1.0,201.00000023841858,False
A10JXOU89D5RXR,ns,2,20-1,20.0,1000.0,14.0,375.40000009536743,False
A10JXOU89D5RXR,ns,2,20-1,20.0,1000.0,16.0,1301.4000000953674,False
A10JXOU89D5RXR,ns,2,20-1,20.0,1000.0,16.0,2355.2000002861023,False
A10JXOU89D5RXR,ns,2,20-1,20.0,1000.0,19.0,97.59999990463257,False
A10JXOU89D5RXR,ns,2,20-1,20.0,1000.0,18.0,919.1000001430511,False
A10JXOU89D5RXR,ns,2,20-1,20.0,1000.0,15.0,231.5,False
A10JXOU89D5RXR,ns,2,20-1,20.0,1000.0,3.0,0.0,True
A10JXOU89D5RXR,ns,2,20-1,20.0,1000.0,20.0,1152.5,False
A10JXOU89D5RXR,ns,3,20-1,20.0,1000.0,1.0,841.2999999523163,False
A10JXOU89D5RXR,ns,3,20-1,20.0,1000.0,19.0,2611.5999999046326,False
A10JXOU89D5RXR,ns,3,20-1,20.0,1000.0,20.0,1397.8999998569489,False
A10JXOU89D5RXR,ns,3,20-1,20.0,1000.0,20.0,3816.9999997615814,False
A10JXOU89D5RXR,ns,3,20-1,20.0,1000.0,19.0,1032.3999998569489,False
A10JXOU89D5RXR,ns,3,20-1,20.0,1000.0,14.0,0.0,True
A10JXOU89D5RXR,ns,3,20-1,20.0,1000.0,19.0,40.5,False
A10JXOU89D5RXR,ns,3,20-1,20.0,1000.0,13.0,560.4999997615814,False
A10JXOU89D5RXR,ns,3,20-1,20.0,1000.0,17.0,400.19999980926514,False
A10JXOU89D5RXR,ns,3,20-1,20.0,1000.0,19.0,574.1999998092651,False
A10JXOU89D5RXR,ns,3,20-1,20.0,1000.0,13.0,2900.699999809265,False
A10JXOU89D5RXR,ns,3,20-1,20.0,1000.0,14.0,381.2999997138977,False
A10JXOU89D5RXR,ns,4,20-1,20.0,1000.0,17.0,0.0,True
A10JXOU89D5RXR,ns,4,20-1,20.0,1000.0,18.0,2446.5999999046326,False
A10JXOU89D5RXR,ns,4,20-1,20.0,1000.0,16.0,3228.899999856949,False
A10JXOU89D5RXR,ns,4,20-1,20.0,1000.0,18.0,2737.399999856949,False
A10JXOU89D5RXR,ns,4,20-1,20.0,1000.0,18.0,2113.899999856949,False
A10JXOU89D5RXR,ns,4,20-1,20.0,1000.0,20.0,5837.399999856949,False
A10JXOU89D5RXR,ns,4,20-1,20.0,1000.0,16.0,2253.7999997138977,False
A10JXOU89D5RXR,ns,4,20-1,20.0,1000.0,18.0,1393.2000000476837,False
A10JXOU89D5RXR,ns,4,20-1,20.0,1000.0,20.0,1063.3999998569489,False
A10JXOU89D5RXR,ns,4,20-1,20.0,1000.0,19.0,591.4999997615814,False
A10JXOU89D5RXR,ns,4,20-1,20.0,1000.0,18.0,2618.0999999046326,False
A10JXOU89D5RXR,ns,4,20-1,20.0,1000.0,18.0,3044.399999856949,False
A111FTKAAJ5UMC,prim,1,20-1,20.0,1000.0,1.0,0.0,True
A111FTKAAJ5UMC,prim,1,20-1,20.0,1000.0,1.0,6676.0,False
A111FTKAAJ5UMC,prim,1,20-1,20.0,1000.0,1.0,9340.09999999404,False
A111FTKAAJ5UMC,prim,1,20-1,20.0,1000.0,1.0,7536.39999999851,False
A111FTKAAJ5UMC,prim,1,20-1,20.0,1000.0,2.0,10386.70000000298,False
A111FTKAAJ5UMC,prim,1,20-1,20.0,1000.0,3.0,4950.39999999851,False
A111FTKAAJ5UMC,prim,1,20-1,20.0,1000.0,2.0,887.1000000014901,False
A111FTKAAJ5UMC,prim,1,20-1,20.0,1000.0,1.0,2355.6999999955297,False
A111FTKAAJ5UMC,prim,1,20-1,20.0,1000.0,1.0,6716.89999999851,False
A111FTKAAJ5UMC,prim,1,20-1,20.0,1000.0,1.0,259.79999999701977,False
A111FTKAAJ5UMC,prim,1,20-1,20.0,1000.0,1.0,38.0,False
A111FTKAAJ5UMC,prim,2,20-1,20.0,1000.0,1.0,1132.2999999523163,False
A111FTKAAJ5UMC,prim,2,20-1,20.0,1000.0,1.0,5518.899999976158,False
A111FTKAAJ5UMC,prim,2,20-1,20.0,1000.0,1.0,3482.699999988081,False
A111FTKAAJ5UMC,prim,2,20-1,20.0,1000.0,1.0,2985.800000011919,False
A111FTKAAJ5UMC,prim,2,20-1,20.0,1000.0,2.0,754.9000000357628,False
A111FTKAAJ5UMC,prim,2,20-1,20.0,1000.0,2.0,0.0,True
A111FTKAAJ5UMC,prim,2,20-1,20.0,1000.0,2.0,3060.699999988081,False
A111FTKAAJ5UMC,prim,2,20-1,20.0,1000.0,1.0,7209.199999988081,False
A111FTKAAJ5UMC,prim,2,20-1,20.0,1000.0,1.0,6409.699999988081,False
A111FTKAAJ5UMC,prim,2,20-1,20.0,1000.0,1.0,29713.5,False
A111FTKAAJ5UMC,prim,2,20-1,20.0,1000.0,2.0,17397.39999997616,False
A111FTKAAJ5UMC,prim,3,20-1,20.0,1000.0,1.0,6747.300000011919,False
A111FTKAAJ5UMC,prim,3,20-1,20.0,1000.0,1.0,1141.7999999523163,False
A111FTKAAJ5UMC,prim,3,20-1,20.0,1000.0,1.0,783.1999999880791,False
A111FTKAAJ5UMC,prim,3,20-1,20.0,1000.0,3.0,311.80000001192093,False
A111FTKAAJ5UMC,prim,3,20-1,20.0,1000.0,1.0,605.8999999761581,False
A111FTKAAJ5UMC,prim,3,20-1,20.0,1000.0,1.0,0.0,True
A111FTKAAJ5UMC,prim,3,20-1,20.0,1000.0,1.0,3941.0999999642354,False
A111FTKAAJ5UMC,prim,3,20-1,20.0,1000.0,1.0,899.6000000238419,False
A111FTKAAJ5UMC,prim,3,20-1,20.0,1000.0,1.0,5089.0,False
A111FTKAAJ5UMC,prim,3,20-1,20.0,1000.0,1.0,1426.6000000238419,False
A111FTKAAJ5UMC,prim,4,20-1,20.0,1000.0,1.0,7708.5,False
A111FTKAAJ5UMC,prim,4,20-1,20.0,1000.0,2.0,15496.79999995232,False
A111FTKAAJ5UMC,prim,4,20-1,20.0,1000.0,1.0,0.0,True
A111FTKAAJ5UMC,prim,4,20-1,20.0,1000.0,1.0,1609.2000000476837,False
A111FTKAAJ5UMC,prim,4,20-1,20.0,1000.0,1.0,3413.5,False
A111FTKAAJ5UMC,prim,4,20-1,20.0,1000.0,2.0,2795.399999976158,False
A111FTKAAJ5UMC,prim,4,20-1,20.0,1000.0,2.0,6439.899999976158,False
A111FTKAAJ5UMC,prim,4,20-1,20.0,1000.0,1.0,6428.800000071526,False
A111FTKAAJ5UMC,prim,4,20-1,20.0,1000.0,1.0,1096.0,False
A111FTKAAJ5UMC,prim,4,20-1,20.0,1000.0,1.0,37614.10000002384,False
A11BHGAKU0RIH8,rec,1,15-2,15.0,2000.0,1.0,1827.0999999940395,False
A11BHGAKU0RIH8,rec,1,15-2,15.0,2000.0,15.0,3992.39999999851,False
A11BHGAKU0RIH8,rec,1,15-2,15.0,2000.0,15.0,5381.5,False
A11BHGAKU0RIH8,rec,1,15-2,15.0,2000.0,1.0,19180.79999999702,False
A11BHGAKU0RIH8,rec,1,15-2,15.0,2000.0,15.0,6931.69999999553,False
A11BHGAKU0RIH8,rec,1,15-2,15.0,2000.0,15.0,8689.79999999702,False
A11BHGAKU0RIH8,rec,1,15-2,15.0,2000.0,14.0,16062.79999999702,False
A11BHGAKU0RIH8,rec,1,15-2,15.0,2000.0,15.0,7985.499999992549,False
A11BHGAKU0RIH8,rec,1,15-2,15.0,2000.0,15.0,1116.8999999985099,False
A11BHGAKU0RIH8,rec,1,15-2,15.0,2000.0,15.0,0.0,True
A11BHGAKU0RIH8,rec,1,15-2,15.0,2000.0,15.0,8677.39999999851,False
A11BHGAKU0RIH8,rec,1,15-2,15.0,2000.0,15.0,3133.2999999970198,False
A11BHGAKU0RIH8,rec,2,15-2,15.0,2000.0,1.0,14453.5,False
A11BHGAKU0RIH8,rec,2,15-2,15.0,2000.0,10.0,7534.0,False
A11BHGAKU0RIH8,rec,2,15-2,15.0,2000.0,5.0,2339.7999999821204,False
A11BHGAKU0RIH8,rec,2,15-2,15.0,2000.0,15.0,0.0,True
A11BHGAKU0RIH8,rec,2,15-2,15.0,2000.0,1.0,14506.199999988079,False
A11BHGAKU0RIH8,rec,2,15-2,15.0,2000.0,2.0,6369.199999988081,False
A11BHGAKU0RIH8,rec,2,15-2,15.0,2000.0,15.0,3641.0999999940395,False
A11BHGAKU0RIH8,rec,2,15-2,15.0,2000.0,15.0,11839.699999988079,False
A11BHGAKU0RIH8,rec,2,15-2,15.0,2000.0,12.0,3776.300000011919,False
A11BHGAKU0RIH8,rec,2,15-2,15.0,2000.0,14.0,8858.0,False
A11EZAV2HRYKD5,prim,1,20-1,20.0,1000.0,1.0,1649.3999996185303,False
A11EZAV2HRYKD5,prim,1,20-1,20.0,1000.0,1.0,5355.5,False
A11EZAV2HRYKD5,prim,1,20-1,20.0,1000.0,1.0,2401.5,False
A11EZAV2HRYKD5,prim,1,20-1,20.0,1000.0,2.0,1228.4000005722046,False
A11EZAV2HRYKD5,prim,1,20-1,20.0,1000.0,2.0,17431.89999961853,False
A11EZAV2HRYKD5,prim,1,20-1,20.0,1000.0,1.0,4194.400000572205,False
A11EZAV2HRYKD5,prim,1,20-1,20.0,1000.0,2.0,1572.4000005722046,False
A11EZAV2HRYKD5,prim,1,20-1,20.0,1000.0,1.0,2600.0,False
A11EZAV2HRYKD5,prim,1,20-1,20.0,1000.0,1.0,0.0,True
A11EZAV2HRYKD5,prim,1,20-1,20.0,1000.0,1.0,7357.0,False
A11EZAV2HRYKD5,prim,1,20-1,20.0,1000.0,1.0,3197.3000001907367,False
A11EZAV2HRYKD5,prim,2,20-1,20.0,1000.0,4.0,3164.300000190733,False
A11EZAV2HRYKD5,prim,2,20-1,20.0,1000.0,1.0,25040.10000038147,False
A11EZAV2HRYKD5,prim,2,20-1,20.0,1000.0,4.0,3572.4000005722064,False
A11EZAV2HRYKD5,prim,2,20-1,20.0,1000.0,2.0,0.0,True
A11EZAV2HRYKD5,prim,2,20-1,20.0,1000.0,1.0,5729.900000572206,False
A11EZAV2HRYKD5,prim,2,20-1,20.0,1000.0,1.0,8080.10000038147,False
A11EZAV2HRYKD5,prim,2,20-1,20.0,1000.0,1.0,15935.300000190735,False
A11EZAV2HRYKD5,prim,2,20-1,20.0,1000.0,1.0,1246.6000003814697,False
A11EZAV2HRYKD5,prim,2,20-1,20.0,1000.0,2.0,645.9000005722046,False
A11EZAV2HRYKD5,prim,3,20-1,20.0,1000.0,2.0,5848.200000762939,False
A11EZAV2HRYKD5,prim,3,20-1,20.0,1000.0,3.0,2214.9000005722046,False
A11EZAV2HRYKD5,prim,3,20-1,20.0,1000.0,2.0,1777.6999998092651,False
A11EZAV2HRYKD5,prim,3,20-1,20.0,1000.0,1.0,950.0,False
A11EZAV2HRYKD5,prim,3,20-1,20.0,1000.0,1.0,0.0,True
A11EZAV2HRYKD5,prim,3,20-1,20.0,1000.0,2.0,1200.3999996185303,False
A11EZAV2HRYKD5,prim,3,20-1,20.0,1000.0,1.0,1215.8000001907349,False
A11EZAV2HRYKD5,prim,3,20-1,20.0,1000.0,2.0,594.9000005722046,False
A11EZAV2HRYKD5,prim,3,20-1,20.0,1000.0,1.0,4487.400000572205,False
A11EZAV2HRYKD5,prim,4,20-1,20.0,1000.0,1.0,0.0,True
A11EZAV2HRYKD5,prim,4,20-1,20.0,1000.0,1.0,5013.799999237061,False
A11EZAV2HRYKD5,prim,4,20-1,20.0,1000.0,1.0,9625.29999923706,False
A11EZAV2HRYKD5,prim,4,20-1,20.0,1000.0,1.0,5583.89999961853,False
A11EZAV2HRYKD5,prim,4,20-1,20.0,1000.0,1.0,4235.099999427795,False
A11EZAV2HRYKD5,prim,4,20-1,20.0,1000.0,1.0,5332.299999237061,False
A11EZAV2HRYKD5,prim,4,20-1,20.0,1000.0,1.0,8268.89999961853,False
A11EZAV2HRYKD5,prim,4,20-1,20.0,1000.0,3.0,4690.5,False
A11EZAV2HRYKD5,prim,4,20-1,20.0,1000.0,1.0,17655.19999980926,False
A11EZAV2HRYKD5,prim,4,20-1,20.0,1000.0,1.0,3780.5999994277954,False
A11EZAV2HRYKD5,prim,4,20-1,20.0,1000.0,1.0,10174.29999923706,False
A12K1ADYMRSWMJ,prim,1,10-2,10.0,2000.0,1.0,30629.5,False
A12K1ADYMRSWMJ,prim,1,10-2,10.0,2000.0,1.0,24062.59999990464,False
A12K1ADYMRSWMJ,prim,1,10-2,10.0,2000.0,1.0,8055.700000286099,False
A12K1ADYMRSWMJ,prim,1,10-2,10.0,2000.0,10.0,0.0,True
A12K1ADYMRSWMJ,prim,1,10-2,10.0,2000.0,1.0,15196.400000095367,False
A12K1ADYMRSWMJ,prim,2,10-2,10.0,2000.0,1.0,2030.1999998092651,False
A12K1ADYMRSWMJ,prim,2,10-2,10.0,2000.0,1.0,5095.300000190735,False
A12K1ADYMRSWMJ,prim,2,10-2,10.0,2000.0,1.0,1588.9000000953674,False
A12K1ADYMRSWMJ,prim,2,10-2,10.0,2000.0,2.0,937.0,False
A12K1ADYMRSWMJ,prim,2,10-2,10.0,2000.0,3.0,1884.5,False
A12K1ADYMRSWMJ,prim,2,10-2,10.0,2000.0,1.0,551.6000003814697,False
A12K1ADYMRSWMJ,prim,2,10-2,10.0,2000.0,1.0,0.0,True
A12K1ADYMRSWMJ,prim,2,10-2,10.0,2000.0,2.0,7030.200000286104,False
A12K1ADYMRSWMJ,prim,2,10-2,10.0,2000.0,2.0,2442.1000003814697,False
A12K1ADYMRSWMJ,prim,2,10-2,10.0,2000.0,1.0,671.9000000953674,False
A12K1ADYMRSWMJ,prim,3,10-2,10.0,2000.0,1.0,8540.799999998884,False
A12K1ADYMRSWMJ,prim,3,10-2,10.0,2000.0,1.0,4627.299999998884,False
A12K1ADYMRSWMJ,prim,3,10-2,10.0,2000.0,1.0,16.40000000037253,False
A12K1ADYMRSWMJ,prim,3,10-2,10.0,2000.0,1.0,3490.0,False
A12K1ADYMRSWMJ,prim,3,10-2,10.0,2000.0,1.0,4282.400000000371,False
A12K1ADYMRSWMJ,prim,3,10-2,10.0,2000.0,1.0,4891.699999999255,False
A12K1ADYMRSWMJ,prim,3,10-2,10.0,2000.0,1.0,3900.0,False
A12K1ADYMRSWMJ,prim,3,10-2,10.0,2000.0,1.0,1600.199999999255,False
A12K1ADYMRSWMJ,prim,3,10-2,10.0,2000.0,1.0,3433.199999999255,False
A12K1ADYMRSWMJ,prim,3,10-2,10.0,2000.0,1.0,0.0,True
A12K1ADYMRSWMJ,prim,4,10-2,10.0,2000.0,1.0,6508.300000011919,False
A12K1ADYMRSWMJ,prim,4,10-2,10.0,2000.0,1.0,765.3000000119191,False
A12K1ADYMRSWMJ,prim,4,10-2,10.0,2000.0,1.0,848.5,False
A12K1ADYMRSWMJ,prim,4,10-2,10.0,2000.0,2.0,3279.5,False
A12K1ADYMRSWMJ,prim,4,10-2,10.0,2000.0,1.0,0.0,True
A12K1ADYMRSWMJ,prim,4,10-2,10.0,2000.0,1.0,730.7000000476837,False
A12K1ADYMRSWMJ,prim,4,10-2,10.0,2000.0,2.0,1032.1999999880773,False
A12K1ADYMRSWMJ,prim,4,10-2,10.0,2000.0,1.0,16344.499999999998,False
A12LX24NC3FP2U,ns,1,20-2,20.0,2000.0,2.0,2613.9000000059605,False
A12LX24NC3FP2U,ns,1,20-2,20.0,2000.0,20.0,1333.7999999970198,False
A12LX24NC3FP2U,ns,1,20-2,20.0,2000.0,8.0,2023.3999999910593,False
A12LX24NC3FP2U,ns,1,20-2,20.0,2000.0,19.0,0.0,True
A12LX24NC3FP2U,ns,1,20-2,20.0,2000.0,1.0,1295.8999999910593,False
A12LX24NC3FP2U,ns,1,20-2,20.0,2000.0,1.0,24050.5,False
A12LX24NC3FP2U,ns,1,20-2,20.0,2000.0,1.0,8314.09999999404,False
A12LX24NC3FP2U,ns,1,20-2,20.0,2000.0,1.0,3452.2999999970198,False
A12LX24NC3FP2U,ns,1,20-2,20.0,2000.0,17.0,4251.899999991059,False
A12LX24NC3FP2U,ns,2,20-2,20.0,2000.0,15.0,248.19999998807907,False
A12LX24NC3FP2U,ns,2,20-2,20.0,2000.0,20.0,8584.499999985099,False
A12LX24NC3FP2U,ns,2,20-2,20.0,2000.0,19.0,6607.899999991059,False
A12LX24NC3FP2U,ns,2,20-2,20.0,2000.0,18.0,0.0,True
A12LX24NC3FP2U,ns,2,20-2,20.0,2000.0,20.0,5870.699999988079,False
A12LX24NC3FP2U,ns,2,20-2,20.0,2000.0,16.0,4853.0999999940395,False
A12LX24NC3FP2U,ns,2,20-2,20.0,2000.0,16.0,1734.2999999970189,False
A12LX24NC3FP2U,ns,2,20-2,20.0,2000.0,20.0,1445.3999999910593,False
A12LX24NC3FP2U,ns,2,20-2,20.0,2000.0,19.0,176.8999999910593,False
A12LX24NC3FP2U,ns,2,20-2,20.0,2000.0,3.0,7804.700000002978,False
A13GBA16BNTN1A,rec,1,15-2,15.0,2000.0,14.0,4571.0,False
A13GBA16BNTN1A,rec,1,15-2,15.0,2000.0,15.0,1114.0,False
A13GBA16BNTN1A,rec,1,15-2,15.0,2000.0,14.0,2547.0,False
A13GBA16BNTN1A,rec,1,15-2,15.0,2000.0,15.0,2088.0,False
A13GBA16BNTN1A,rec,1,15-2,15.0,2000.0,15.0,365.0,False
A13GBA16BNTN1A,rec,1,15-2,15.0,2000.0,15.0,2117.0,False
A13GBA16BNTN1A,rec,1,15-2,15.0,2000.0,15.0,0.0,True
A13GBA16BNTN1A,rec,1,15-2,15.0,2000.0,15.0,6820.0,False
A13GBA16BNTN1A,rec,1,15-2,15.0,2000.0,15.0,2851.0,False
A13GBA16BNTN1A,rec,1,15-2,15.0,2000.0,15.0,642.0,False
A13GBA16BNTN1A,rec,1,15-2,15.0,2000.0,15.0,445.0,False
A13GBA16BNTN1A,rec,2,15-2,15.0,2000.0,15.0,1030.0,False
A13GBA16BNTN1A,rec,2,15-2,15.0,2000.0,14.0,13931.0,False
A13GBA16BNTN1A,rec,2,15-2,15.0,2000.0,15.0,978.0,False
A13GBA16BNTN1A,rec,2,15-2,15.0,2000.0,15.0,360.0,False
A13GBA16BNTN1A,rec,2,15-2,15.0,2000.0,14.0,7657.0,False
A13GBA16BNTN1A,rec,2,15-2,15.0,2000.0,15.0,2272.0,False
A13GBA16BNTN1A,rec,2,15-2,15.0,2000.0,15.0,0.0,True
A13GBA16BNTN1A,rec,2,15-2,15.0,2000.0,15.0,1436.0,False
A13GBA16BNTN1A,rec,2,15-2,15.0,2000.0,15.0,2848.0,False
A13GBA16BNTN1A,rec,2,15-2,15.0,2000.0,15.0,1753.0,False
A13GBA16BNTN1A,rec,2,15-2,15.0,2000.0,15.0,2541.0,False
A13GBA16BNTN1A,rec,3,15-2,15.0,2000.0,15.0,0.0,True
A13GBA16BNTN1A,rec,3,15-2,15.0,2000.0,15.0,5542.0,False
A13GBA16BNTN1A,rec,3,15-2,15.0,2000.0,10.0,4606.0,False
A13GBA16BNTN1A,rec,3,15-2,15.0,2000.0,15.0,5419.0,False
A13GBA16BNTN1A,rec,3,15-2,15.0,2000.0,14.0,4531.0,False
A13GBA16BNTN1A,rec,3,15-2,15.0,2000.0,15.0,15399.0,False
A13GBA16BNTN1A,rec,3,15-2,15.0,2000.0,15.0,3362.0,False
A13GBA16BNTN1A,rec,3,15-2,15.0,2000.0,15.0,3310.0,False
A13GBA16BNTN1A,rec,3,15-2,15.0,2000.0,15.0,3037.0,False
A13GBA16BNTN1A,rec,3,15-2,15.0,2000.0,15.0,4568.0,False
A13GBA16BNTN1A,rec,4,15-2,15.0,2000.0,15.0,0.0,True
A13GBA16BNTN1A,rec,4,15-2,15.0,2000.0,15.0,3257.0,False
A13GBA16BNTN1A,rec,4,15-2,15.0,2000.0,15.0,3872.0,False
A13GBA16BNTN1A,rec,4,15-2,15.0,2000.0,15.0,3975.0,False
A13GBA16BNTN1A,rec,4,15-2,15.0,2000.0,15.0,1073.0,False
A13GBA16BNTN1A,rec,4,15-2,15.0,2000.0,15.0,2464.0,False
A13GBA16BNTN1A,rec,4,15-2,15.0,2000.0,15.0,2164.0,False
A13GBA16BNTN1A,rec,4,15-2,15.0,2000.0,15.0,3266.0,False
A13GBA16BNTN1A,rec,4,15-2,15.0,2000.0,15.0,5923.0,False
A13GBA16BNTN1A,rec,4,15-2,15.0,2000.0,15.0,4036.0,False
A13GBA16BNTN1A,rec,4,15-2,15.0,2000.0,15.0,1758.0,False
A13THDIE8LTQ11,ns,1,15-2,15.0,2000.0,15.0,806.6999999880791,False
A13THDIE8LTQ11,ns,1,15-2,15.0,2000.0,13.0,427.5999999642372,False
A13THDIE8LTQ11,ns,1,15-2,15.0,2000.0,10.0,3963.599999964237,False
A13THDIE8LTQ11,ns,1,15-2,15.0,2000.0,13.0,0.0,True
A13THDIE8LTQ11,ns,1,15-2,15.0,2000.0,13.0,964.1999999582767,False
A13THDIE8LTQ11,ns,1,15-2,15.0,2000.0,1.0,4617.999999970198,False
A13THDIE8LTQ11,ns,2,15-2,15.0,2000.0,1.0,1946.199999988079,False
A13THDIE8LTQ11,ns,2,15-2,15.0,2000.0,11.0,2579.300000011921,False
A13THDIE8LTQ11,ns,2,15-2,15.0,2000.0,14.0,0.0,True
A13THDIE8LTQ11,ns,2,15-2,15.0,2000.0,14.0,876.3000000119209,False
A13THDIE8LTQ11,ns,2,15-2,15.0,2000.0,12.0,1983.000000000001,False
A13THDIE8LTQ11,ns,2,15-2,15.0,2000.0,14.0,533.4000000059605,False
A13THDIE8LTQ11,ns,2,15-2,15.0,2000.0,1.0,3686.699999988079,False
A13THDIE8LTQ11,ns,2,15-2,15.0,2000.0,14.0,1404.1000000238419,False
A13THDIE8LTQ11,ns,2,15-2,15.0,2000.0,14.0,2291.2000000178814,False
A13THDIE8LTQ11,ns,2,15-2,15.0,2000.0,15.0,750.8000000119209,False
A13THDIE8LTQ11,ns,3,15-2,15.0,2000.0,1.0,1051.7999999523163,False
A13THDIE8LTQ11,ns,3,15-2,15.0,2000.0,2.0,798.1999999880791,False
A13THDIE8LTQ11,ns,3,15-2,15.0,2000.0,14.0,855.1999999880791,False
A13THDIE8LTQ11,ns,3,15-2,15.0,2000.0,11.0,1235.0999999642372,False
A13THDIE8LTQ11,ns,3,15-2,15.0,2000.0,14.0,931.1999999880791,False
A13THDIE8LTQ11,ns,3,15-2,15.0,2000.0,15.0,0.0,True
A13THDIE8LTQ11,ns,3,15-2,15.0,2000.0,15.0,3197.599999964237,False
A13THDIE8LTQ11,ns,3,15-2,15.0,2000.0,13.0,2672.1999999284744,False
A13THDIE8LTQ11,ns,3,15-2,15.0,2000.0,15.0,807.5,False
A13THDIE8LTQ11,ns,4,15-2,15.0,2000.0,2.0,1025.3000000715256,False
A13THDIE8LTQ11,ns,4,15-2,15.0,2000.0,12.0,581.9000000953679,False
A13THDIE8LTQ11,ns,4,15-2,15.0,2000.0,15.0,2169.1999999284744,False
A13THDIE8LTQ11,ns,4,15-2,15.0,2000.0,1.0,14001.299999952316,False
A13THDIE8LTQ11,ns,4,15-2,15.0,2000.0,1.0,58843.39999997616,False
A13THDIE8LTQ11,ns,4,15-2,15.0,2000.0,1.0,1929.0,False
A13THDIE8LTQ11,ns,4,15-2,15.0,2000.0,15.0,11858.299999952316,False
A13THDIE8LTQ11,ns,4,15-2,15.0,2000.0,15.0,2507.0,False
A13THDIE8LTQ11,ns,4,15-2,15.0,2000.0,1.0,3190.7000000476837,False
A13THDIE8LTQ11,ns,4,15-2,15.0,2000.0,12.0,0.0,True
A13THDIE8LTQ11,ns,4,15-2,15.0,2000.0,15.0,123.69999992847443,False
A13WTEQ06V3B6D,rec,1,40-1,40.0,1000.0,40.0,0.0,True
A13WTEQ06V3B6D,rec,1,40-1,40.0,1000.0,40.0,1384.8999999761581,False
A13WTEQ06V3B6D,rec,1,40-1,40.0,1000.0,39.0,3254.199999988079,False
A13WTEQ06V3B6D,rec,1,40-1,40.0,1000.0,40.0,1772.7999999821195,False
A13WTEQ06V3B6D,rec,1,40-1,40.0,1000.0,39.0,70.59999999403954,False
A13WTEQ06V3B6D,rec,1,40-1,40.0,1000.0,40.0,3000.899999976158,False
A13WTEQ06V3B6D,rec,1,40-1,40.0,1000.0,40.0,5415.399999976158,False
A13WTEQ06V3B6D,rec,1,40-1,40.0,1000.0,39.0,2331.699999988079,False
A13WTEQ06V3B6D,rec,1,40-1,40.0,1000.0,40.0,4685.599999994039,False
A13WTEQ06V3B6D,rec,1,40-1,40.0,1000.0,40.0,2096.0,False
A13WTEQ06V3B6D,rec,1,40-1,40.0,1000.0,40.0,3058.0999999940395,False
A13WTEQ06V3B6D,rec,1,40-1,40.0,1000.0,39.0,4912.199999988079,False
A13WTEQ06V3B6D,rec,2,40-1,40.0,1000.0,40.0,0.0,True
A13WTEQ06V3B6D,rec,2,40-1,40.0,1000.0,40.0,4529.699999999255,False
A13WTEQ06V3B6D,rec,2,40-1,40.0,1000.0,39.0,6109.0,False
A13WTEQ06V3B6D,rec,2,40-1,40.0,1000.0,40.0,6252.300000000745,False
A13WTEQ06V3B6D,rec,2,40-1,40.0,1000.0,38.0,5740.199999999255,False
A13WTEQ06V3B6D,rec,2,40-1,40.0,1000.0,39.0,4837.900000002235,False
A13WTEQ06V3B6D,rec,2,40-1,40.0,1000.0,40.0,5209.000000003725,False
A13WTEQ06V3B6D,rec,2,40-1,40.0,1000.0,39.0,4492.199999999255,False
A13WTEQ06V3B6D,rec,2,40-1,40.0,1000.0,39.0,2416.800000000745,False
A13WTEQ06V3B6D,rec,2,40-1,40.0,1000.0,40.0,4095.800000000745,False
A13WTEQ06V3B6D,rec,2,40-1,40.0,1000.0,39.0,4186.60000000149,False
A13WTEQ06V3B6D,rec,3,40-1,40.0,1000.0,40.0,898.2000000178818,False
A13WTEQ06V3B6D,rec,3,40-1,40.0,1000.0,39.0,2356.800000011921,False
A13WTEQ06V3B6D,rec,3,40-1,40.0,1000.0,38.0,885.5000000149007,False
A13WTEQ06V3B6D,rec,3,40-1,40.0,1000.0,39.0,1677.300000011921,False
A13WTEQ06V3B6D,rec,3,40-1,40.0,1000.0,40.0,1667.7000000178814,False
A13WTEQ06V3B6D,rec,3,40-1,40.0,1000.0,39.0,3744.7000000178814,False
A13WTEQ06V3B6D,rec,3,40-1,40.0,1000.0,38.0,1396.9000000059614,False
A13WTEQ06V3B6D,rec,3,40-1,40.0,1000.0,39.0,764.7000000178818,False
A13WTEQ06V3B6D,rec,3,40-1,40.0,1000.0,39.0,1088.9000000059614,False
A13WTEQ06V3B6D,rec,3,40-1,40.0,1000.0,38.0,1554.7000000029802,False
A13WTEQ06V3B6D,rec,3,40-1,40.0,1000.0,37.0,0.0,True
A13WTEQ06V3B6D,rec,4,40-1,40.0,1000.0,39.0,0.0,True
A13WTEQ06V3B6D,rec,4,40-1,40.0,1000.0,40.0,1038.400000095367,False
A13WTEQ06V3B6D,rec,4,40-1,40.0,1000.0,37.0,1454.5000001192088,False
A13WTEQ06V3B6D,rec,4,40-1,40.0,1000.0,37.0,1896.1000000238414,False
A13WTEQ06V3B6D,rec,4,40-1,40.0,1000.0,38.0,3858.300000071525,False
A13WTEQ06V3B6D,rec,4,40-1,40.0,1000.0,39.0,730.0000001192088,False
A13WTEQ06V3B6D,rec,4,40-1,40.0,1000.0,39.0,2710.500000119209,False
A13WTEQ06V3B6D,rec,4,40-1,40.0,1000.0,40.0,1683.2000000476833,False
A13WTEQ06V3B6D,rec,4,40-1,40.0,1000.0,37.0,2178.500000119209,False
A13WTEQ06V3B6D,rec,4,40-1,40.0,1000.0,39.0,287.10000014305115,False
A13WTEQ06V3B6D,rec,4,40-1,40.0,1000.0,38.0,165.90000009536698,False
A13WTEQ06V3B6D,rec,4,40-1,40.0,1000.0,40.0,480.7000000476828,False
A14E4ISXVJVY6F,prim,1,10-2,10.0,2000.0,1.0,5658.899999618532,False
A14E4ISXVJVY6F,prim,1,10-2,10.0,2000.0,1.0,1818.399998664856,False
A14E4ISXVJVY6F,prim,1,10-2,10.0,2000.0,1.0,589.7999992370605,False
A14E4ISXVJVY6F,prim,1,10-2,10.0,2000.0,1.0,1085.0,False
A14E4ISXVJVY6F,prim,1,10-2,10.0,2000.0,1.0,4622.399999618532,False
A14E4ISXVJVY6F,prim,1,10-2,10.0,2000.0,1.0,9632.599999427795,False
A14E4ISXVJVY6F,prim,1,10-2,10.0,2000.0,1.0,875.1999988555908,False
A14E4ISXVJVY6F,prim,1,10-2,10.0,2000.0,1.0,1991.3000001907349,False
A14E4ISXVJVY6F,prim,1,10-2,10.0,2000.0,1.0,0.0,True
A14E4ISXVJVY6F,prim,1,10-2,10.0,2000.0,1.0,8370.799999237059,False
A14E4ISXVJVY6F,prim,2,10-2,10.0,2000.0,1.0,0.0,True
A14E4ISXVJVY6F,prim,2,10-2,10.0,2000.0,1.0,1082.9000005722046,False
A14E4ISXVJVY6F,prim,2,10-2,10.0,2000.0,1.0,653.9000005722046,False
A14E4ISXVJVY6F,prim,2,10-2,10.0,2000.0,1.0,538.9000005722046,False
A14E4ISXVJVY6F,prim,2,10-2,10.0,2000.0,1.0,877.5000009536743,False
A14E4ISXVJVY6F,prim,2,10-2,10.0,2000.0,1.0,2493.9000005722046,False
A14E4ISXVJVY6F,prim,2,10-2,10.0,2000.0,1.0,6651.60000038147,False
A14E4ISXVJVY6F,prim,2,10-2,10.0,2000.0,1.0,1538.5,False
A14E4ISXVJVY6F,prim,2,10-2,10.0,2000.0,1.0,3151.5000009536743,False
A14E4ISXVJVY6F,prim,2,10-2,10.0,2000.0,1.0,2945.7000007629395,False
A14E4ISXVJVY6F,prim,2,10-2,10.0,2000.0,1.0,6517.60000038147,False
A14E4ISXVJVY6F,prim,3,10-2,10.0,2000.0,1.0,0.0,True
A14E4ISXVJVY6F,prim,3,10-2,10.0,2000.0,1.0,2522.0,False
A14E4ISXVJVY6F,prim,3,10-2,10.0,2000.0,1.0,4155.199999809265,False
A14E4ISXVJVY6F,prim,3,10-2,10.0,2000.0,1.0,2633.300000190735,False
A14E4ISXVJVY6F,prim,3,10-2,10.0,2000.0,1.0,2805.699999809265,False
A14E4ISXVJVY6F,prim,3,10-2,10.0,2000.0,1.0,4860.400000572205,False
A14E4ISXVJVY6F,prim,3,10-2,10.0,2000.0,1.0,5066.499999046326,False
A14E4ISXVJVY6F,prim,3,10-2,10.0,2000.0,1.0,4117.5,False
A14E4ISXVJVY6F,prim,3,10-2,10.0,2000.0,1.0,4188.10000038147,False
A14E4ISXVJVY6F,prim,3,10-2,10.0,2000.0,1.0,6796.899999618528,False
A14E4ISXVJVY6F,prim,3,10-2,10.0,2000.0,1.0,3359.800000190735,False
A14E4ISXVJVY6F,prim,4,10-2,10.0,2000.0,1.0,0.0,True
A14E4ISXVJVY6F,prim,4,10-2,10.0,2000.0,1.0,1188.4000005722046,False
A14E4ISXVJVY6F,prim,4,10-2,10.0,2000.0,1.0,24386.0,False
A14E4ISXVJVY6F,prim,4,10-2,10.0,2000.0,1.0,5705.300000190735,False
A14E4ISXVJVY6F,prim,4,10-2,10.0,2000.0,1.0,30169.300000190735,False
A14E4ISXVJVY6F,prim,4,10-2,10.0,2000.0,1.0,2650.1000003814697,False
A14E4ISXVJVY6F,prim,4,10-2,10.0,2000.0,1.0,1180.3000001907349,False
A14E4ISXVJVY6F,prim,4,10-2,10.0,2000.0,1.0,5014.89999961853,False
A14E4ISXVJVY6F,prim,4,10-2,10.0,2000.0,1.0,4081.4000005722046,False
A14E4ISXVJVY6F,prim,4,10-2,10.0,2000.0,1.0,795.9000005722046,False
A14WLAP6TCEKO0,rec,1,30-1,30.0,1000.0,29.0,0.0,True
A14WLAP6TCEKO0,rec,1,30-1,30.0,1000.0,29.0,6014.300000190735,False
A14WLAP6TCEKO0,rec,1,30-1,30.0,1000.0,30.0,4574.600000143051,False
A14WLAP6TCEKO0,rec,1,30-1,30.0,1000.0,28.0,6914.300000190735,False
A14WLAP6TCEKO0,rec,1,30-1,30.0,1000.0,30.0,2756.2000000476837,False
A14WLAP6TCEKO0,rec,1,30-1,30.0,1000.0,30.0,3503.9000000953674,False
A14WLAP6TCEKO0,rec,1,30-1,30.0,1000.0,27.0,3829.5,False
A14WLAP6TCEKO0,rec,1,30-1,30.0,1000.0,1.0,6334.2999999523145,False
A14WLAP6TCEKO0,rec,1,30-1,30.0,1000.0,29.0,8462.200000286102,False
A14WLAP6TCEKO0,rec,1,30-1,30.0,1000.0,27.0,7297.0,False
A14WLAP6TCEKO0,rec,1,30-1,30.0,1000.0,28.0,7012.200000047684,False
A14WLAP6TCEKO0,rec,2,30-1,30.0,1000.0,30.0,857.7000000029802,False
A14WLAP6TCEKO0,rec,2,30-1,30.0,1000.0,28.0,5225.0,False
A14WLAP6TCEKO0,rec,2,30-1,30.0,1000.0,29.0,2416.3999999910593,False
A14WLAP6TCEKO0,rec,2,30-1,30.0,1000.0,1.0,1902.4999999850988,False
A14WLAP6TCEKO0,rec,2,30-1,30.0,1000.0,30.0,5129.79999999702,False
A14WLAP6TCEKO0,rec,2,30-1,30.0,1000.0,30.0,749.7000000029802,False
A14WLAP6TCEKO0,rec,2,30-1,30.0,1000.0,29.0,1041.7999999970198,False
A14WLAP6TCEKO0,rec,2,30-1,30.0,1000.0,29.0,4040.499999985099,False
A14WLAP6TCEKO0,rec,2,30-1,30.0,1000.0,28.0,859.5999999940395,False
A14WLAP6TCEKO0,rec,2,30-1,30.0,1000.0,29.0,5118.5999999940395,False
A14WLAP6TCEKO0,rec,2,30-1,30.0,1000.0,29.0,0.0,True
A14WLAP6TCEKO0,rec,3,30-1,30.0,1000.0,28.0,61.89999997615814,False
A14WLAP6TCEKO0,rec,3,30-1,30.0,1000.0,1.0,2734.899999976158,False
A14WLAP6TCEKO0,rec,3,30-1,30.0,1000.0,6.0,5100.199999988079,False
A14WLAP6TCEKO0,rec,3,30-1,30.0,1000.0,1.0,1444.0,False
A14WLAP6TCEKO0,rec,3,30-1,30.0,1000.0,27.0,1596.8999999761581,False
A14WLAP6TCEKO0,rec,3,30-1,30.0,1000.0,27.0,239.0,False
A14WLAP6TCEKO0,rec,3,30-1,30.0,1000.0,29.0,1790.3999999761581,False
A14WLAP6TCEKO0,rec,3,30-1,30.0,1000.0,1.0,627.3000000119209,False
A14WLAP6TCEKO0,rec,3,30-1,30.0,1000.0,24.0,1411.5,False
A14WLAP6TCEKO0,rec,3,30-1,30.0,1000.0,27.0,519.1999999880791,False
A14WLAP6TCEKO0,rec,3,30-1,30.0,1000.0,30.0,0.0,True
A14WLAP6TCEKO0,rec,3,30-1,30.0,1000.0,29.0,1523.699999988079,False
A14WLAP6TCEKO0,rec,4,30-1,30.0,1000.0,2.0,2496.6999999284744,False
A14WLAP6TCEKO0,rec,4,30-1,30.0,1000.0,28.0,4802.100000023842,False
A14WLAP6TCEKO0,rec,4,30-1,30.0,1000.0,30.0,7188.899999976158,False
A14WLAP6TCEKO0,rec,4,30-1,30.0,1000.0,29.0,3502.3000000715256,False
A14WLAP6TCEKO0,rec,4,30-1,30.0,1000.0,22.0,5375.199999928474,False
A14WLAP6TCEKO0,rec,4,30-1,30.0,1000.0,28.0,1472.2999999523163,False
A14WLAP6TCEKO0,rec,4,30-1,30.0,1000.0,24.0,1708.8999999761581,False
A14WLAP6TCEKO0,rec,4,30-1,30.0,1000.0,27.0,1387.2999999523163,False
A14WLAP6TCEKO0,rec,4,30-1,30.0,1000.0,25.0,4086.399999976158,False
A14WLAP6TCEKO0,rec,4,30-1,30.0,1000.0,30.0,5148.0,False
A14WLAP6TCEKO0,rec,4,30-1,30.0,1000.0,29.0,0.0,True
A14WLAP6TCEKO0,rec,4,30-1,30.0,1000.0,30.0,3840.1999999284744,False
A150QX2OXHGK8P,rec,1,15-2,15.0,2000.0,1.0,0.0,True
A150QX2OXHGK8P,rec,1,15-2,15.0,2000.0,15.0,490.0,False
A150QX2OXHGK8P,rec,1,15-2,15.0,2000.0,1.0,33007.0,False
A150QX2OXHGK8P,rec,1,15-2,15.0,2000.0,1.0,2939.0,False
A150QX2OXHGK8P,rec,1,15-2,15.0,2000.0,2.0,10204.0,False
A150QX2OXHGK8P,rec,1,15-2,15.0,2000.0,15.0,1985.0,False
A150QX2OXHGK8P,rec,1,15-2,15.0,2000.0,14.0,964.0,False
A150QX2OXHGK8P,rec,1,15-2,15.0,2000.0,15.0,4766.0,False
A150QX2OXHGK8P,rec,1,15-2,15.0,2000.0,1.0,2035.0,False
A150QX2OXHGK8P,rec,2,15-2,15.0,2000.0,15.0,1020.0,False
A150QX2OXHGK8P,rec,2,15-2,15.0,2000.0,15.0,2242.0,False
A150QX2OXHGK8P,rec,2,15-2,15.0,2000.0,15.0,0.0,True
A150QX2OXHGK8P,rec,2,15-2,15.0,2000.0,15.0,7119.0,False
A150QX2OXHGK8P,rec,2,15-2,15.0,2000.0,15.0,4147.0,False
A150QX2OXHGK8P,rec,2,15-2,15.0,2000.0,15.0,4427.0,False
A150QX2OXHGK8P,rec,2,15-2,15.0,2000.0,1.0,2915.0,False
A150QX2OXHGK8P,rec,2,15-2,15.0,2000.0,15.0,4264.0,False
A150QX2OXHGK8P,rec,3,15-2,15.0,2000.0,15.0,0.0,True
A150QX2OXHGK8P,rec,3,15-2,15.0,2000.0,15.0,2595.0,False
A150QX2OXHGK8P,rec,3,15-2,15.0,2000.0,3.0,383.0,False
A150QX2OXHGK8P,rec,3,15-2,15.0,2000.0,15.0,3247.0,False
A150QX2OXHGK8P,rec,3,15-2,15.0,2000.0,14.0,3486.0,False
A150QX2OXHGK8P,rec,3,15-2,15.0,2000.0,15.0,3583.0,False
A150QX2OXHGK8P,rec,3,15-2,15.0,2000.0,15.0,1638.0,False
A150QX2OXHGK8P,rec,3,15-2,15.0,2000.0,1.0,10777.0,False
A150QX2OXHGK8P,rec,3,15-2,15.0,2000.0,14.0,9124.0,False
A150QX2OXHGK8P,rec,3,15-2,15.0,2000.0,12.0,1450.0,False
A150QX2OXHGK8P,rec,3,15-2,15.0,2000.0,15.0,3216.0,False
A150QX2OXHGK8P,rec,4,15-2,15.0,2000.0,15.0,2528.0,False
A150QX2OXHGK8P,rec,4,15-2,15.0,2000.0,12.0,3567.0,False
A150QX2OXHGK8P,rec,4,15-2,15.0,2000.0,15.0,2858.0,False
A150QX2OXHGK8P,rec,4,15-2,15.0,2000.0,11.0,0.0,True
A150QX2OXHGK8P,rec,4,15-2,15.0,2000.0,15.0,10376.0,False
A150QX2OXHGK8P,rec,4,15-2,15.0,2000.0,13.0,3892.0,False
A150QX2OXHGK8P,rec,4,15-2,15.0,2000.0,1.0,981.0,False
A150QX2OXHGK8P,rec,4,15-2,15.0,2000.0,15.0,3435.0,False
A150QX2OXHGK8P,rec,4,15-2,15.0,2000.0,15.0,785.0,False
A150QX2OXHGK8P,rec,4,15-2,15.0,2000.0,15.0,2214.0,False
A151XA53WYXVD7,prim,1,15-2,15.0,2000.0,1.0,0.0,True
A151XA53WYXVD7,prim,1,15-2,15.0,2000.0,1.0,21803.0,False
A151XA53WYXVD7,prim,1,15-2,15.0,2000.0,1.0,11798.0,False
A151XA53WYXVD7,prim,1,15-2,15.0,2000.0,1.0,7519.0,False
A151XA53WYXVD7,prim,1,15-2,15.0,2000.0,1.0,21692.0,False
A151XA53WYXVD7,prim,1,15-2,15.0,2000.0,1.0,5088.0,False
A151XA53WYXVD7,prim,1,15-2,15.0,2000.0,1.0,15103.0,False
A151XA53WYXVD7,prim,1,15-2,15.0,2000.0,13.0,4625.0,False
A151XA53WYXVD7,prim,2,15-2,15.0,2000.0,1.0,3427.0,False
A151XA53WYXVD7,prim,2,15-2,15.0,2000.0,1.0,5669.0,False
A151XA53WYXVD7,prim,2,15-2,15.0,2000.0,15.0,3104.0,False
A151XA53WYXVD7,prim,2,15-2,15.0,2000.0,15.0,0.0,True
A151XA53WYXVD7,prim,2,15-2,15.0,2000.0,1.0,2811.0,False
A151XA53WYXVD7,prim,2,15-2,15.0,2000.0,2.0,5499.0,False
A151XA53WYXVD7,prim,2,15-2,15.0,2000.0,14.0,1129.0,False
A151XA53WYXVD7,prim,2,15-2,15.0,2000.0,1.0,5187.0,False
A151XA53WYXVD7,prim,2,15-2,15.0,2000.0,1.0,7618.0,False
A151XA53WYXVD7,prim,3,15-2,15.0,2000.0,2.0,0.0,True
A151XA53WYXVD7,prim,3,15-2,15.0,2000.0,1.0,35409.0,False
A151XA53WYXVD7,prim,3,15-2,15.0,2000.0,1.0,6389.0,False
A151XA53WYXVD7,prim,3,15-2,15.0,2000.0,1.0,8383.0,False
A151XA53WYXVD7,prim,3,15-2,15.0,2000.0,1.0,25466.0,False
A151XA53WYXVD7,prim,3,15-2,15.0,2000.0,1.0,19930.0,False
A151XA53WYXVD7,prim,3,15-2,15.0,2000.0,1.0,20774.0,False
A151XA53WYXVD7,prim,3,15-2,15.0,2000.0,1.0,14434.0,False
A151XA53WYXVD7,prim,3,15-2,15.0,2000.0,1.0,11481.0,False
A151XA53WYXVD7,prim,3,15-2,15.0,2000.0,1.0,5030.0,False
A151XA53WYXVD7,prim,3,15-2,15.0,2000.0,1.0,6559.0,False
A151XA53WYXVD7,prim,3,15-2,15.0,2000.0,1.0,5500.0,False
A151XA53WYXVD7,prim,4,15-2,15.0,2000.0,4.0,18737.0,False
A151XA53WYXVD7,prim,4,15-2,15.0,2000.0,1.0,2767.0,False
A151XA53WYXVD7,prim,4,15-2,15.0,2000.0,1.0,1968.0,False
A151XA53WYXVD7,prim,4,15-2,15.0,2000.0,1.0,4369.0,False
A151XA53WYXVD7,prim,4,15-2,15.0,2000.0,1.0,0.0,True
A151XA53WYXVD7,prim,4,15-2,15.0,2000.0,1.0,2101.0,False
A157L6Z8QU3SDE,rec,1,20-1,20.0,1000.0,17.0,0.0,True
A157L6Z8QU3SDE,rec,1,20-1,20.0,1000.0,19.0,1794.0,False
A157L6Z8QU3SDE,rec,1,20-1,20.0,1000.0,19.0,2073.0,False
A157L6Z8QU3SDE,rec,1,20-1,20.0,1000.0,20.0,2139.0,False
A157L6Z8QU3SDE,rec,1,20-1,20.0,1000.0,20.0,2526.0,False
A157L6Z8QU3SDE,rec,1,20-1,20.0,1000.0,19.0,3109.0,False
A157L6Z8QU3SDE,rec,1,20-1,20.0,1000.0,19.0,2471.0,False
A157L6Z8QU3SDE,rec,1,20-1,20.0,1000.0,18.0,2944.0,False
A157L6Z8QU3SDE,rec,1,20-1,20.0,1000.0,19.0,2802.0,False
A157L6Z8QU3SDE,rec,1,20-1,20.0,1000.0,20.0,2559.0,False
A157L6Z8QU3SDE,rec,1,20-1,20.0,1000.0,19.0,2650.0,False
A157L6Z8QU3SDE,rec,1,20-1,20.0,1000.0,20.0,2427.0,False
A157L6Z8QU3SDE,rec,2,20-1,20.0,1000.0,19.0,0.0,True
A157L6Z8QU3SDE,rec,2,20-1,20.0,1000.0,20.0,2074.0,False
A157L6Z8QU3SDE,rec,2,20-1,20.0,1000.0,20.0,2163.0,False
A157L6Z8QU3SDE,rec,2,20-1,20.0,1000.0,19.0,3625.0,False
A157L6Z8QU3SDE,rec,2,20-1,20.0,1000.0,20.0,3380.0,False
A157L6Z8QU3SDE,rec,2,20-1,20.0,1000.0,19.0,1637.0,False
A157L6Z8QU3SDE,rec,2,20-1,20.0,1000.0,20.0,2031.0,False
A157L6Z8QU3SDE,rec,2,20-1,20.0,1000.0,20.0,2106.0,False
A157L6Z8QU3SDE,rec,2,20-1,20.0,1000.0,19.0,1817.0,False
A157L6Z8QU3SDE,rec,2,20-1,20.0,1000.0,19.0,3125.0,False
A157L6Z8QU3SDE,rec,2,20-1,20.0,1000.0,19.0,2723.0,False
A157L6Z8QU3SDE,rec,2,20-1,20.0,1000.0,19.0,2117.0,False
A157L6Z8QU3SDE,rec,3,20-1,20.0,1000.0,16.0,0.0,True
A157L6Z8QU3SDE,rec,3,20-1,20.0,1000.0,19.0,2393.0,False
A157L6Z8QU3SDE,rec,3,20-1,20.0,1000.0,20.0,2915.0,False
A157L6Z8QU3SDE,rec,3,20-1,20.0,1000.0,19.0,3580.0,False
A157L6Z8QU3SDE,rec,3,20-1,20.0,1000.0,17.0,3522.0,False
A157L6Z8QU3SDE,rec,3,20-1,20.0,1000.0,17.0,1649.0,False
A157L6Z8QU3SDE,rec,3,20-1,20.0,1000.0,19.0,3705.0,False
A157L6Z8QU3SDE,rec,3,20-1,20.0,1000.0,16.0,2655.0,False
A157L6Z8QU3SDE,rec,3,20-1,20.0,1000.0,20.0,2735.0,False
A157L6Z8QU3SDE,rec,3,20-1,20.0,1000.0,16.0,2372.0,False
A157L6Z8QU3SDE,rec,3,20-1,20.0,1000.0,19.0,2984.0,False
A157L6Z8QU3SDE,rec,3,20-1,20.0,1000.0,18.0,4031.0,False
A157L6Z8QU3SDE,rec,4,20-1,20.0,1000.0,1.0,0.0,True
A157L6Z8QU3SDE,rec,4,20-1,20.0,1000.0,20.0,4165.0,False
A157L6Z8QU3SDE,rec,4,20-1,20.0,1000.0,20.0,4493.0,False
A157L6Z8QU3SDE,rec,4,20-1,20.0,1000.0,18.0,4293.0,False
A157L6Z8QU3SDE,rec,4,20-1,20.0,1000.0,19.0,4180.0,False
A157L6Z8QU3SDE,rec,4,20-1,20.0,1000.0,20.0,2271.0,False
A157L6Z8QU3SDE,rec,4,20-1,20.0,1000.0,17.0,3732.0,False
A157L6Z8QU3SDE,rec,4,20-1,20.0,1000.0,20.0,4807.0,False
A157L6Z8QU3SDE,rec,4,20-1,20.0,1000.0,18.0,3509.0,False
A157L6Z8QU3SDE,rec,4,20-1,20.0,1000.0,19.0,2913.0,False
A157L6Z8QU3SDE,rec,4,20-1,20.0,1000.0,18.0,2760.0,False
A157L6Z8QU3SDE,rec,4,20-1,20.0,1000.0,15.0,2782.0,False
A15V9BXNJXZXZX,ns,1,30-1,30.0,1000.0,24.0,2482.2999999998137,False
A15V9BXNJXZXZX,ns,1,30-1,30.0,1000.0,27.0,3769.899999999905,False
A15V9BXNJXZXZX,ns,1,30-1,30.0,1000.0,30.0,11306.799999999814,False
A15V9BXNJXZXZX,ns,1,30-1,30.0,1000.0,23.0,5844.0,False
A15V9BXNJXZXZX,ns,1,30-1,30.0,1000.0,26.0,7268.199999999722,False
A15V9BXNJXZXZX,ns,1,30-1,30.0,1000.0,3.0,4562.699999999722,False
A15V9BXNJXZXZX,ns,1,30-1,30.0,1000.0,2.0,3352.5999999996275,False
A15V9BXNJXZXZX,ns,1,30-1,30.0,1000.0,2.0,0.0,True
A15V9BXNJXZXZX,ns,1,30-1,30.0,1000.0,29.0,691.2999999998137,False
A15V9BXNJXZXZX,ns,1,30-1,30.0,1000.0,5.0,397.1999999997206,False
A15V9BXNJXZXZX,ns,1,30-1,30.0,1000.0,1.0,3782.4999999995343,False
A15V9BXNJXZXZX,ns,2,30-1,30.0,1000.0,4.0,213.29999999981374,False
A15V9BXNJXZXZX,ns,2,30-1,30.0,1000.0,29.0,4808.200000000186,False
A15V9BXNJXZXZX,ns,2,30-1,30.0,1000.0,28.0,75753.79999999981,False
A15V9BXNJXZXZX,ns,2,30-1,30.0,1000.0,30.0,0.0,True
A15V9BXNJXZXZX,ns,2,30-1,30.0,1000.0,1.0,3676.3999999994394,False
A15V9BXNJXZXZX,ns,2,30-1,30.0,1000.0,28.0,4280.600000000561,False
A15V9BXNJXZXZX,ns,2,30-1,30.0,1000.0,12.0,2430.2000000001863,False
A15V9BXNJXZXZX,ns,2,30-1,30.0,1000.0,10.0,112.0,False
A15V9BXNJXZXZX,ns,2,30-1,30.0,1000.0,1.0,6582.299999998882,False
A15V9BXNJXZXZX,ns,2,30-1,30.0,1000.0,11.0,3225.0999999996275,False
A15V9BXNJXZXZX,ns,2,30-1,30.0,1000.0,12.0,7479.699999999257,False
A15V9BXNJXZXZX,ns,2,30-1,30.0,1000.0,12.0,3643.2000000011176,False
A15V9BXNJXZXZX,ns,3,30-1,30.0,1000.0,15.0,0.0,True
A15V9BXNJXZXZX,ns,3,30-1,30.0,1000.0,3.0,8605.400000000373,False
A15V9BXNJXZXZX,ns,3,30-1,30.0,1000.0,30.0,6324.199999999255,False
A15V9BXNJXZXZX,ns,3,30-1,30.0,1000.0,28.0,12609.0,False
A15V9BXNJXZXZX,ns,3,30-1,30.0,1000.0,10.0,5038.0999999996275,False
A15V9BXNJXZXZX,ns,3,30-1,30.0,1000.0,30.0,10696.499999999998,False
A15V9BXNJXZXZX,ns,3,30-1,30.0,1000.0,28.0,7126.800000000745,False
A15V9BXNJXZXZX,ns,3,30-1,30.0,1000.0,28.0,5903.0999999996275,False
A15V9BXNJXZXZX,ns,3,30-1,30.0,1000.0,2.0,4933.0999999996275,False
A15V9BXNJXZXZX,ns,4,30-1,30.0,1000.0,1.0,529.5999999991618,False
A15V9BXNJXZXZX,ns,4,30-1,30.0,1000.0,30.0,4020.699999999255,False
A15V9BXNJXZXZX,ns,4,30-1,30.0,1000.0,1.0,10683.199999999255,False
A15V9BXNJXZXZX,ns,4,30-1,30.0,1000.0,30.0,7139.29999999935,False
A15V9BXNJXZXZX,ns,4,30-1,30.0,1000.0,25.0,3459.5999999996275,False
A15V9BXNJXZXZX,ns,4,30-1,30.0,1000.0,29.0,4242.29999999935,False
A15V9BXNJXZXZX,ns,4,30-1,30.0,1000.0,4.0,6244.699999999721,False
A15V9BXNJXZXZX,ns,4,30-1,30.0,1000.0,11.0,14795.799999999814,False
A15V9BXNJXZXZX,ns,4,30-1,30.0,1000.0,7.0,784.5999999986961,False
A15V9BXNJXZXZX,ns,4,30-1,30.0,1000.0,29.0,0.0,True
A15V9BXNJXZXZX,ns,4,30-1,30.0,1000.0,30.0,3338.199999999255,False
A15V9BXNJXZXZX,ns,4,30-1,30.0,1000.0,29.0,1974.9999999990687,False
A1618RA11ZOD8Y,rec,1,15-2,15.0,2000.0,15.0,0.0,True
A1618RA11ZOD8Y,rec,1,15-2,15.0,2000.0,8.0,3643.4000000953674,False
A1618RA11ZOD8Y,rec,1,15-2,15.0,2000.0,13.0,5149.400000095367,False
A1618RA11ZOD8Y,rec,1,15-2,15.0,2000.0,1.0,6462.5,False
A1618RA11ZOD8Y,rec,1,15-2,15.0,2000.0,4.0,5918.0,False
A1618RA11ZOD8Y,rec,1,15-2,15.0,2000.0,11.0,6286.700000047684,False
A1618RA11ZOD8Y,rec,1,15-2,15.0,2000.0,5.0,1481.2000000476837,False
A1618RA11ZOD8Y,rec,1,15-2,15.0,2000.0,15.0,2632.0999999046326,False
A1618RA11ZOD8Y,rec,1,15-2,15.0,2000.0,2.0,10286.50000023842,False
A1618RA11ZOD8Y,rec,2,15-2,15.0,2000.0,4.0,0.0,True
A1618RA11ZOD8Y,rec,2,15-2,15.0,2000.0,11.0,7282.199999809265,False
A1618RA11ZOD8Y,rec,2,15-2,15.0,2000.0,14.0,7630.199999809265,False
A1618RA11ZOD8Y,rec,2,15-2,15.0,2000.0,15.0,5269.699999809265,False
A1618RA11ZOD8Y,rec,2,15-2,15.0,2000.0,2.0,4574.599999904633,False
A1618RA11ZOD8Y,rec,2,15-2,15.0,2000.0,3.0,4109.799999713898,False
A1618RA11ZOD8Y,rec,2,15-2,15.0,2000.0,9.0,2458.0999999046326,False
A1618RA11ZOD8Y,rec,2,15-2,15.0,2000.0,6.0,2186.3999996185303,False
A1618RA11ZOD8Y,rec,2,15-2,15.0,2000.0,4.0,3300.199999809265,False
A1618RA11ZOD8Y,rec,2,15-2,15.0,2000.0,15.0,6767.199999809265,False
A1618RA11ZOD8Y,rec,2,15-2,15.0,2000.0,15.0,5055.099999904633,False
A1618RA11ZOD8Y,rec,2,15-2,15.0,2000.0,11.0,2578.5999999046326,False
A1618RA11ZOD8Y,rec,3,15-2,15.0,2000.0,15.0,0.0,True
A1618RA11ZOD8Y,rec,3,15-2,15.0,2000.0,15.0,3570.3000001907344,False
A1618RA11ZOD8Y,rec,3,15-2,15.0,2000.0,15.0,9856.900000095367,False
A1618RA11ZOD8Y,rec,3,15-2,15.0,2000.0,15.0,3968.8000001907344,False
A1618RA11ZOD8Y,rec,3,15-2,15.0,2000.0,15.0,4180.900000095367,False
A1618RA11ZOD8Y,rec,3,15-2,15.0,2000.0,15.0,2377.6000003814693,False
A1618RA11ZOD8Y,rec,3,15-2,15.0,2000.0,15.0,4110.0,False
A1618RA11ZOD8Y,rec,3,15-2,15.0,2000.0,15.0,3639.099999904632,False
A1618RA11ZOD8Y,rec,3,15-2,15.0,2000.0,14.0,6854.5,False
A1618RA11ZOD8Y,rec,3,15-2,15.0,2000.0,15.0,4880.60000038147,False
A1618RA11ZOD8Y,rec,4,15-2,15.0,2000.0,15.0,0.0,True
A1618RA11ZOD8Y,rec,4,15-2,15.0,2000.0,14.0,3070.8999996185303,False
A1618RA11ZOD8Y,rec,4,15-2,15.0,2000.0,14.0,7996.099999904634,False
A1618RA11ZOD8Y,rec,4,15-2,15.0,2000.0,15.0,2310.3999996185307,False
A1618RA11ZOD8Y,rec,4,15-2,15.0,2000.0,15.0,5195.499999523163,False
A1618RA11ZOD8Y,rec,4,15-2,15.0,2000.0,15.0,2319.6999993324275,False
A1618RA11ZOD8Y,rec,4,15-2,15.0,2000.0,15.0,2736.2999997138977,False
A1618RA11ZOD8Y,rec,4,15-2,15.0,2000.0,14.0,5393.39999961853,False
A1618RA11ZOD8Y,rec,4,15-2,15.0,2000.0,15.0,5295.799999713898,False
A161VPQSXLLV8U,ns,1,20-2,20.0,2000.0,1.0,2348.1000000089407,False
A161VPQSXLLV8U,ns,1,20-2,20.0,2000.0,2.0,22065.60000000894,False
A161VPQSXLLV8U,ns,1,20-2,20.0,2000.0,2.0,9523.60000000894,False
A161VPQSXLLV8U,ns,1,20-2,20.0,2000.0,20.0,678.6000000089407,False
A161VPQSXLLV8U,ns,1,20-2,20.0,2000.0,1.0,1037.2000000029802,False
A161VPQSXLLV8U,ns,1,20-2,20.0,2000.0,1.0,240.79999999701977,False
A161VPQSXLLV8U,ns,1,20-2,20.0,2000.0,1.0,7687.4000000059605,False
A161VPQSXLLV8U,ns,1,20-2,20.0,2000.0,1.0,0.0,True
A161VPQSXLLV8U,ns,1,20-2,20.0,2000.0,20.0,2297.6000000089407,False
A161VPQSXLLV8U,ns,2,20-2,20.0,2000.0,1.0,0.0,True
A161VPQSXLLV8U,ns,2,20-2,20.0,2000.0,20.0,7740.700000017881,False
A161VPQSXLLV8U,ns,2,20-2,20.0,2000.0,20.0,6446.800000011921,False
A161VPQSXLLV8U,ns,2,20-2,20.0,2000.0,1.0,16273.09999999404,False
A161VPQSXLLV8U,ns,2,20-2,20.0,2000.0,1.0,17883.80000001192,False
A161VPQSXLLV8U,ns,2,20-2,20.0,2000.0,1.0,26612.000000029802,False
A161VPQSXLLV8U,ns,2,20-2,20.0,2000.0,1.0,8086.400000035763,False
A161VPQSXLLV8U,ns,2,20-2,20.0,2000.0,20.0,5298.200000017881,False
A161VPQSXLLV8U,ns,2,20-2,20.0,2000.0,20.0,2669.800000011921,False
A161VPQSXLLV8U,ns,2,20-2,20.0,2000.0,19.0,5681.199999988079,False
A161VPQSXLLV8U,ns,2,20-2,20.0,2000.0,20.0,3746.2000000178814,False
A161VPQSXLLV8U,ns,3,20-2,20.0,2000.0,1.0,873.1000000005588,False
A161VPQSXLLV8U,ns,3,20-2,20.0,2000.0,2.0,3414.9000000003725,False
A161VPQSXLLV8U,ns,3,20-2,20.0,2000.0,20.0,580.0999999996284,False
A161VPQSXLLV8U,ns,3,20-2,20.0,2000.0,20.0,5543.300000000743,False
A161VPQSXLLV8U,ns,3,20-2,20.0,2000.0,20.0,0.0,True
A161VPQSXLLV8U,ns,3,20-2,20.0,2000.0,20.0,923.8000000007451,False
A161VPQSXLLV8U,ns,3,20-2,20.0,2000.0,1.0,518.6999999992549,False
A161VPQSXLLV8U,ns,3,20-2,20.0,2000.0,20.0,7147.5,False
A161VPQSXLLV8U,ns,3,20-2,20.0,2000.0,1.0,4185.699999999257,False
A161VPQSXLLV8U,ns,3,20-2,20.0,2000.0,19.0,990.9000000003725,False
A161VPQSXLLV8U,ns,3,20-2,20.0,2000.0,1.0,2143.89999999851,False
A161VPQSXLLV8U,ns,3,20-2,20.0,2000.0,20.0,1187.9000000003725,False
A161VPQSXLLV8U,ns,4,20-2,20.0,2000.0,1.0,9813.500000000233,False
A161VPQSXLLV8U,ns,4,20-2,20.0,2000.0,3.0,3665.200000000421,False
A161VPQSXLLV8U,ns,4,20-2,20.0,2000.0,1.0,8735.700000000421,False
A161VPQSXLLV8U,ns,4,20-2,20.0,2000.0,5.0,3626.600000000324,False
A161VPQSXLLV8U,ns,4,20-2,20.0,2000.0,18.0,13197.100000000555,False
A161VPQSXLLV8U,ns,4,20-2,20.0,2000.0,2.0,2711.7000000001863,False
A161VPQSXLLV8U,ns,4,20-2,20.0,2000.0,1.0,1449.9000000003725,False
A161VPQSXLLV8U,ns,4,20-2,20.0,2000.0,1.0,4585.700000000186,False
A161VPQSXLLV8U,ns,4,20-2,20.0,2000.0,2.0,277.00000000046566,False
A161VPQSXLLV8U,ns,4,20-2,20.0,2000.0,2.0,0.0,True
A161VPQSXLLV8U,ns,4,20-2,20.0,2000.0,20.0,663.8000000002794,False
A16335MOISDG1F,rec,1,30-1,30.0,1000.0,28.0,0.0,True
A16335MOISDG1F,rec,1,30-1,30.0,1000.0,29.0,1632.5,False
A16335MOISDG1F,rec,1,30-1,30.0,1000.0,29.0,1269.8000000000466,False
A16335MOISDG1F,rec,1,30-1,30.0,1000.0,28.0,1362.1000000000931,False
A16335MOISDG1F,rec,1,30-1,30.0,1000.0,25.0,2129.2000000001863,False
A16335MOISDG1F,rec,1,30-1,30.0,1000.0,27.0,1669.7000000001863,False
A16335MOISDG1F,rec,1,30-1,30.0,1000.0,23.0,1903.1000000000931,False
A16335MOISDG1F,rec,1,30-1,30.0,1000.0,26.0,1720.3000000002794,False
A16335MOISDG1F,rec,1,30-1,30.0,1000.0,25.0,2197.600000000093,False
A16335MOISDG1F,rec,1,30-1,30.0,1000.0,26.0,2898.7000000001863,False
A16335MOISDG1F,rec,1,30-1,30.0,1000.0,28.0,2082.100000000093,False
A16335MOISDG1F,rec,1,30-1,30.0,1000.0,28.0,2865.600000000093,False
A16335MOISDG1F,rec,2,30-1,30.0,1000.0,16.0,1769.8999999994412,False
A16335MOISDG1F,rec,2,30-1,30.0,1000.0,28.0,9087.0,False
A16335MOISDG1F,rec,2,30-1,30.0,1000.0,29.0,1296.0,False
A16335MOISDG1F,rec,2,30-1,30.0,1000.0,28.0,694.8000000007451,False
A16335MOISDG1F,rec,2,30-1,30.0,1000.0,28.0,981.2999999988815,False
A16335MOISDG1F,rec,2,30-1,30.0,1000.0,29.0,2991.4000000003725,False
A16335MOISDG1F,rec,2,30-1,30.0,1000.0,6.0,2680.4000000003725,False
A16335MOISDG1F,rec,2,30-1,30.0,1000.0,1.0,695.2999999988815,False
A16335MOISDG1F,rec,2,30-1,30.0,1000.0,28.0,735.2999999988815,False
A16335MOISDG1F,rec,2,30-1,30.0,1000.0,28.0,998.3999999985099,False
A16335MOISDG1F,rec,2,30-1,30.0,1000.0,28.0,0.0,True
A16335MOISDG1F,rec,2,30-1,30.0,1000.0,28.0,2210.2999999988824,False
A16335MOISDG1F,rec,3,30-1,30.0,1000.0,1.0,0.0,True
A16335MOISDG1F,rec,3,30-1,30.0,1000.0,29.0,3397.7999999998137,False
A16335MOISDG1F,rec,3,30-1,30.0,1000.0,28.0,3502.5,False
A16335MOISDG1F,rec,3,30-1,30.0,1000.0,27.0,1736.2999999998137,False
A16335MOISDG1F,rec,3,30-1,30.0,1000.0,26.0,2297.5999999996284,False
A16335MOISDG1F,rec,3,30-1,30.0,1000.0,27.0,2227.2999999988824,False
A16335MOISDG1F,rec,3,30-1,30.0,1000.0,30.0,1788.0999999996284,False
A16335MOISDG1F,rec,3,30-1,30.0,1000.0,27.0,1418.5999999996284,False
A16335MOISDG1F,rec,3,30-1,30.0,1000.0,28.0,7002.0,False
A16335MOISDG1F,rec,3,30-1,30.0,1000.0,28.0,1224.599999999628,False
A16335MOISDG1F,rec,3,30-1,30.0,1000.0,28.0,1288.5,False
A16335MOISDG1F,rec,3,30-1,30.0,1000.0,28.0,2385.2999999988824,False
A16335MOISDG1F,rec,4,30-1,30.0,1000.0,26.0,0.0,True
A16335MOISDG1F,rec,4,30-1,30.0,1000.0,28.0,2688.5,False
A16335MOISDG1F,rec,4,30-1,30.0,1000.0,26.0,1320.4000000003725,False
A16335MOISDG1F,rec,4,30-1,30.0,1000.0,27.0,1934.4999999990687,False
A16335MOISDG1F,rec,4,30-1,30.0,1000.0,28.0,3172.0,False
A16335MOISDG1F,rec,4,30-1,30.0,1000.0,25.0,2877.899999999441,False
A16335MOISDG1F,rec,4,30-1,30.0,1000.0,24.0,2389.4999999990687,False
A16335MOISDG1F,rec,4,30-1,30.0,1000.0,27.0,1576.2999999998137,False
A16335MOISDG1F,rec,4,30-1,30.0,1000.0,26.0,1077.2999999998133,False
A16335MOISDG1F,rec,4,30-1,30.0,1000.0,27.0,3872.699999999256,False
A16335MOISDG1F,rec,4,30-1,30.0,1000.0,25.0,385.8999999994412,False
A16335MOISDG1F,rec,4,30-1,30.0,1000.0,29.0,3736.5999999996275,False
A166P9BSWIFF32,prim,1,20-2,20.0,2000.0,2.0,0.0,True
A166P9BSWIFF32,prim,1,20-2,20.0,2000.0,8.0,5766.0,False
A166P9BSWIFF32,prim,1,20-2,20.0,2000.0,2.0,8086.0,False
A166P9BSWIFF32,prim,1,20-2,20.0,2000.0,1.0,6385.0,False
A166P9BSWIFF32,prim,1,20-2,20.0,2000.0,1.0,5338.0,False
A166P9BSWIFF32,prim,1,20-2,20.0,2000.0,1.0,3514.0,False
A166P9BSWIFF32,prim,1,20-2,20.0,2000.0,1.0,26661.0,False
A166P9BSWIFF32,prim,1,20-2,20.0,2000.0,1.0,16288.0,False
A166P9BSWIFF32,prim,1,20-2,20.0,2000.0,2.0,3409.0,False
A166P9BSWIFF32,prim,2,20-2,20.0,2000.0,4.0,143.0,False
A166P9BSWIFF32,prim,2,20-2,20.0,2000.0,1.0,4176.0,False
A166P9BSWIFF32,prim,2,20-2,20.0,2000.0,1.0,5200.0,False
A166P9BSWIFF32,prim,2,20-2,20.0,2000.0,3.0,5990.0,False
A166P9BSWIFF32,prim,2,20-2,20.0,2000.0,4.0,3467.0,False
A166P9BSWIFF32,prim,2,20-2,20.0,2000.0,1.0,515.0,False
A166P9BSWIFF32,prim,2,20-2,20.0,2000.0,1.0,5837.0,False
A166P9BSWIFF32,prim,2,20-2,20.0,2000.0,1.0,4747.0,False
A166P9BSWIFF32,prim,2,20-2,20.0,2000.0,1.0,0.0,True
A166P9BSWIFF32,prim,2,20-2,20.0,2000.0,1.0,2166.0,False
A169XTOCOMO1MV,ns,1,10-2,10.0,2000.0,1.0,1201.0,False
A169XTOCOMO1MV,ns,1,10-2,10.0,2000.0,10.0,2653.5999999940404,False
A169XTOCOMO1MV,ns,1,10-2,10.0,2000.0,10.0,15449.5,False
A169XTOCOMO1MV,ns,1,10-2,10.0,2000.0,10.0,0.0,True
A169XTOCOMO1MV,ns,1,10-2,10.0,2000.0,2.0,4524.9000000059605,False
A169XTOCOMO1MV,ns,1,10-2,10.0,2000.0,7.0,2423.5,False
A169XTOCOMO1MV,ns,1,10-2,10.0,2000.0,1.0,2292.9000000059605,False
A169XTOCOMO1MV,ns,1,10-2,10.0,2000.0,1.0,7607.70000001788,False
A169XTOCOMO1MV,ns,1,10-2,10.0,2000.0,10.0,108.0,False
A169XTOCOMO1MV,ns,1,10-2,10.0,2000.0,4.0,2971.0,False
A169XTOCOMO1MV,ns,2,10-2,10.0,2000.0,1.0,5036.800000011921,False
A169XTOCOMO1MV,ns,2,10-2,10.0,2000.0,10.0,6774.599999994041,False
A169XTOCOMO1MV,ns,2,10-2,10.0,2000.0,1.0,0.0,True
A169XTOCOMO1MV,ns,2,10-2,10.0,2000.0,1.0,497.00000000000045,False
A169XTOCOMO1MV,ns,2,10-2,10.0,2000.0,10.0,6007.5,False
A169XTOCOMO1MV,ns,2,10-2,10.0,2000.0,10.0,2492.300000011921,False
A169XTOCOMO1MV,ns,2,10-2,10.0,2000.0,10.0,4065.0999999940395,False
A169XTOCOMO1MV,ns,2,10-2,10.0,2000.0,1.0,3561.800000011921,False
A169XTOCOMO1MV,ns,2,10-2,10.0,2000.0,1.0,4129.100000023842,False
A169XTOCOMO1MV,ns,3,10-2,10.0,2000.0,1.0,872.5,False
A169XTOCOMO1MV,ns,3,10-2,10.0,2000.0,3.0,1961.0999999940395,False
A169XTOCOMO1MV,ns,3,10-2,10.0,2000.0,2.0,0.0,True
A169XTOCOMO1MV,ns,3,10-2,10.0,2000.0,1.0,1810.0,False
A169XTOCOMO1MV,ns,3,10-2,10.0,2000.0,8.0,1318.5,False
A169XTOCOMO1MV,ns,3,10-2,10.0,2000.0,2.0,7697.0999999940395,False
A169XTOCOMO1MV,ns,3,10-2,10.0,2000.0,1.0,3943.199999988079,False
A169XTOCOMO1MV,ns,3,10-2,10.0,2000.0,1.0,11058.499999999998,False
A169XTOCOMO1MV,ns,4,10-2,10.0,2000.0,2.0,511.2000000476837,False
A169XTOCOMO1MV,ns,4,10-2,10.0,2000.0,2.0,3176.900000035763,False
A169XTOCOMO1MV,ns,4,10-2,10.0,2000.0,5.0,8608.800000011923,False
A169XTOCOMO1MV,ns,4,10-2,10.0,2000.0,1.0,977.0000000596046,False
A169XTOCOMO1MV,ns,4,10-2,10.0,2000.0,10.0,5287.700000047684,False
A169XTOCOMO1MV,ns,4,10-2,10.0,2000.0,10.0,649.5000000596046,False
A169XTOCOMO1MV,ns,4,10-2,10.0,2000.0,10.0,0.0,True
A169XTOCOMO1MV,ns,4,10-2,10.0,2000.0,8.0,645.6000000238419,False
A16GIPTDMJAFTK,ns,1,20-1,20.0,1000.0,19.0,0.0,True
A16GIPTDMJAFTK,ns,1,20-1,20.0,1000.0,20.0,7501.0,False
A16GIPTDMJAFTK,ns,1,20-1,20.0,1000.0,1.0,6420.0,False
A16GIPTDMJAFTK,ns,1,20-1,20.0,1000.0,1.0,5118.0,False
A16GIPTDMJAFTK,ns,1,20-1,20.0,1000.0,20.0,4583.0,False
A16GIPTDMJAFTK,ns,1,20-1,20.0,1000.0,20.0,6721.0,False
A16GIPTDMJAFTK,ns,1,20-1,20.0,1000.0,20.0,4823.0,False
A16GIPTDMJAFTK,ns,1,20-1,20.0,1000.0,3.0,4166.0,False
A16GIPTDMJAFTK,ns,1,20-1,20.0,1000.0,1.0,3253.0,False
A16GIPTDMJAFTK,ns,1,20-1,20.0,1000.0,20.0,2567.0,False
A16GIPTDMJAFTK,ns,2,20-1,20.0,1000.0,2.0,0.0,True
A16GIPTDMJAFTK,ns,2,20-1,20.0,1000.0,17.0,8351.0,False
A16GIPTDMJAFTK,ns,2,20-1,20.0,1000.0,1.0,5167.0,False
A16GIPTDMJAFTK,ns,2,20-1,20.0,1000.0,1.0,2340.0,False
A16GIPTDMJAFTK,ns,2,20-1,20.0,1000.0,3.0,8533.0,False
A16GIPTDMJAFTK,ns,2,20-1,20.0,1000.0,1.0,2830.0,False
A16GIPTDMJAFTK,ns,2,20-1,20.0,1000.0,2.0,38046.0,False
A16GIPTDMJAFTK,ns,2,20-1,20.0,1000.0,18.0,2103.0,False
A16GIPTDMJAFTK,ns,2,20-1,20.0,1000.0,19.0,3790.0,False
A16GIPTDMJAFTK,ns,3,20-1,20.0,1000.0,2.0,0.0,True
A16GIPTDMJAFTK,ns,3,20-1,20.0,1000.0,2.0,2696.0,False
A16GIPTDMJAFTK,ns,3,20-1,20.0,1000.0,2.0,2283.0,False
A16GIPTDMJAFTK,ns,3,20-1,20.0,1000.0,1.0,4501.0,False
A16GIPTDMJAFTK,ns,3,20-1,20.0,1000.0,3.0,3290.0,False
A16GIPTDMJAFTK,ns,3,20-1,20.0,1000.0,2.0,3279.0,False
A16GIPTDMJAFTK,ns,3,20-1,20.0,1000.0,4.0,5885.0,False
A16GIPTDMJAFTK,ns,3,20-1,20.0,1000.0,1.0,4755.0,False
A16GIPTDMJAFTK,ns,3,20-1,20.0,1000.0,17.0,3202.0,False
A16GIPTDMJAFTK,ns,3,20-1,20.0,1000.0,20.0,3305.0,False
A16GIPTDMJAFTK,ns,3,20-1,20.0,1000.0,20.0,2059.0,False
A16GIPTDMJAFTK,ns,4,20-1,20.0,1000.0,20.0,4323.0,False
A16GIPTDMJAFTK,ns,4,20-1,20.0,1000.0,20.0,2775.0,False
A16GIPTDMJAFTK,ns,4,20-1,20.0,1000.0,20.0,2820.0,False
A16GIPTDMJAFTK,ns,4,20-1,20.0,1000.0,20.0,3226.0,False
A16GIPTDMJAFTK,ns,4,20-1,20.0,1000.0,19.0,2339.0,False
A16GIPTDMJAFTK,ns,4,20-1,20.0,1000.0,18.0,1186.0,False
A16GIPTDMJAFTK,ns,4,20-1,20.0,1000.0,19.0,0.0,True
A16GIPTDMJAFTK,ns,4,20-1,20.0,1000.0,19.0,284.0,False
A16GIPTDMJAFTK,ns,4,20-1,20.0,1000.0,20.0,841.0,False
A16GIPTDMJAFTK,ns,4,20-1,20.0,1000.0,20.0,1451.0,False
A178HXQENEAI65,rec,1,40-1,40.0,1000.0,1.0,0.0,True
A178HXQENEAI65,rec,1,40-1,40.0,1000.0,38.0,3452.2999999523163,False
A178HXQENEAI65,rec,1,40-1,40.0,1000.0,39.0,5424.299999952316,False
A178HXQENEAI65,rec,1,40-1,40.0,1000.0,39.0,7388.399999856947,False
A178HXQENEAI65,rec,1,40-1,40.0,1000.0,1.0,2630.5999999046326,False
A178HXQENEAI65,rec,1,40-1,40.0,1000.0,39.0,3073.7000000476837,False
A178HXQENEAI65,rec,1,40-1,40.0,1000.0,2.0,6804.0,False
A178HXQENEAI65,rec,1,40-1,40.0,1000.0,1.0,2721.100000143051,False
A178HXQENEAI65,rec,2,40-1,40.0,1000.0,37.0,24.200000286102295,False
A178HXQENEAI65,rec,2,40-1,40.0,1000.0,40.0,1271.0,False
A178HXQENEAI65,rec,2,40-1,40.0,1000.0,3.0,5504.699999809263,False
A178HXQENEAI65,rec,2,40-1,40.0,1000.0,37.0,2120.7999997138977,False
A178HXQENEAI65,rec,2,40-1,40.0,1000.0,40.0,1377.5,False
A178HXQENEAI65,rec,2,40-1,40.0,1000.0,40.0,1329.0,False
A178HXQENEAI65,rec,2,40-1,40.0,1000.0,40.0,3595.3999996185303,False
A178HXQENEAI65,rec,2,40-1,40.0,1000.0,39.0,2623.4000000953674,False
A178HXQENEAI65,rec,2,40-1,40.0,1000.0,40.0,5535.5,False
A178HXQENEAI65,rec,2,40-1,40.0,1000.0,40.0,0.0,True
A178HXQENEAI65,rec,3,40-1,40.0,1000.0,40.0,0.0,True
A178HXQENEAI65,rec,3,40-1,40.0,1000.0,39.0,2584.199999809265,False
A178HXQENEAI65,rec,3,40-1,40.0,1000.0,1.0,3578.0999999046326,False
A178HXQENEAI65,rec,3,40-1,40.0,1000.0,1.0,7678.0,False
A178HXQENEAI65,rec,3,40-1,40.0,1000.0,40.0,4743.099999904633,False
A178HXQENEAI65,rec,3,40-1,40.0,1000.0,38.0,1606.7999997138977,False
A178HXQENEAI65,rec,3,40-1,40.0,1000.0,38.0,4992.0,False
A178HXQENEAI65,rec,3,40-1,40.0,1000.0,40.0,4279.799999713898,False
A178HXQENEAI65,rec,3,40-1,40.0,1000.0,2.0,5638.099999904633,False
A178HXQENEAI65,rec,3,40-1,40.0,1000.0,39.0,5917.5,False
A178HXQENEAI65,rec,3,40-1,40.0,1000.0,1.0,5117.299999713898,False
A178HXQENEAI65,rec,3,40-1,40.0,1000.0,1.0,4336.400000095367,False
A178HXQENEAI65,rec,4,40-1,40.0,1000.0,35.0,7721.10000038147,False
A178HXQENEAI65,rec,4,40-1,40.0,1000.0,38.0,2516.9000000953674,False
A178HXQENEAI65,rec,4,40-1,40.0,1000.0,40.0,1802.2000002861023,False
A178HXQENEAI65,rec,4,40-1,40.0,1000.0,39.0,2139.300000667572,False
A178HXQENEAI65,rec,4,40-1,40.0,1000.0,39.0,1041.7000002861023,False
A178HXQENEAI65,rec,4,40-1,40.0,1000.0,40.0,3521.300000190735,False
A178HXQENEAI65,rec,4,40-1,40.0,1000.0,39.0,1351.2000002861023,False
A178HXQENEAI65,rec,4,40-1,40.0,1000.0,40.0,0.0,True
A178HXQENEAI65,rec,4,40-1,40.0,1000.0,37.0,3051.9000005722046,False
A17FJLW818UEQU,rec,1,30-1,30.0,1000.0,30.0,579.0,False
A17FJLW818UEQU,rec,1,30-1,30.0,1000.0,29.0,570.0,False
A17FJLW818UEQU,rec,1,30-1,30.0,1000.0,30.0,2711.0,False
A17FJLW818UEQU,rec,1,30-1,30.0,1000.0,26.0,91.0,False
A17FJLW818UEQU,rec,1,30-1,30.0,1000.0,29.0,2907.0,False
A17FJLW818UEQU,rec,1,30-1,30.0,1000.0,30.0,1403.0,False
A17FJLW818UEQU,rec,1,30-1,30.0,1000.0,25.0,2437.0,False
A17FJLW818UEQU,rec,1,30-1,30.0,1000.0,30.0,4783.0,False
A17FJLW818UEQU,rec,1,30-1,30.0,1000.0,27.0,635.0,False
A17FJLW818UEQU,rec,1,30-1,30.0,1000.0,27.0,0.0,True
A17FJLW818UEQU,rec,1,30-1,30.0,1000.0,29.0,480.0,False
A17FJLW818UEQU,rec,2,30-1,30.0,1000.0,26.0,638.0,False
A17FJLW818UEQU,rec,2,30-1,30.0,1000.0,29.0,2726.0,False
A17FJLW818UEQU,rec,2,30-1,30.0,1000.0,29.0,5109.0,False
A17FJLW818UEQU,rec,2,30-1,30.0,1000.0,28.0,3186.0,False
A17FJLW818UEQU,rec,2,30-1,30.0,1000.0,28.0,1585.0,False
A17FJLW818UEQU,rec,2,30-1,30.0,1000.0,29.0,1777.0,False
A17FJLW818UEQU,rec,2,30-1,30.0,1000.0,25.0,8661.0,False
A17FJLW818UEQU,rec,2,30-1,30.0,1000.0,26.0,0.0,True
A17FJLW818UEQU,rec,2,30-1,30.0,1000.0,27.0,2496.0,False
A17FJLW818UEQU,rec,2,30-1,30.0,1000.0,28.0,263.0,False
A17FJLW818UEQU,rec,2,30-1,30.0,1000.0,30.0,2688.0,False
A17FJLW818UEQU,rec,2,30-1,30.0,1000.0,28.0,5017.0,False
A17FJLW818UEQU,rec,3,30-1,30.0,1000.0,28.0,5819.0,False
A17FJLW818UEQU,rec,3,30-1,30.0,1000.0,30.0,1077.0,False
A17FJLW818UEQU,rec,3,30-1,30.0,1000.0,30.0,3799.0,False
A17FJLW818UEQU,rec,3,30-1,30.0,1000.0,29.0,2247.0,False
A17FJLW818UEQU,rec,3,30-1,30.0,1000.0,29.0,1950.0,False
A17FJLW818UEQU,rec,3,30-1,30.0,1000.0,30.0,3724.0,False
A17FJLW818UEQU,rec,3,30-1,30.0,1000.0,27.0,630.0,False
A17FJLW818UEQU,rec,3,30-1,30.0,1000.0,30.0,0.0,True
A17FJLW818UEQU,rec,3,30-1,30.0,1000.0,30.0,1896.0,False
A17FJLW818UEQU,rec,3,30-1,30.0,1000.0,30.0,1080.0,False
A17FJLW818UEQU,rec,3,30-1,30.0,1000.0,30.0,534.0,False
A17FJLW818UEQU,rec,3,30-1,30.0,1000.0,30.0,5305.0,False
A17IPELR5NC2LZ,prim,1,20-2,20.0,2000.0,1.0,4830.0,False
A17IPELR5NC2LZ,prim,1,20-2,20.0,2000.0,5.0,3065.0,False
A17IPELR5NC2LZ,prim,1,20-2,20.0,2000.0,1.0,4765.0,False
A17IPELR5NC2LZ,prim,1,20-2,20.0,2000.0,4.0,1708.0,False
A17IPELR5NC2LZ,prim,1,20-2,20.0,2000.0,20.0,1127.0,False
A17IPELR5NC2LZ,prim,1,20-2,20.0,2000.0,1.0,6652.0,False
A17IPELR5NC2LZ,prim,1,20-2,20.0,2000.0,1.0,0.0,True
A17IPELR5NC2LZ,prim,1,20-2,20.0,2000.0,1.0,1015.0,False
A17IPELR5NC2LZ,prim,1,20-2,20.0,2000.0,20.0,764.0,False
A17IPELR5NC2LZ,prim,2,20-2,20.0,2000.0,1.0,0.0,True
A17IPELR5NC2LZ,prim,2,20-2,20.0,2000.0,1.0,29593.0,False
A17IPELR5NC2LZ,prim,2,20-2,20.0,2000.0,1.0,2966.0,False
A17IPELR5NC2LZ,prim,2,20-2,20.0,2000.0,3.0,7818.0,False
A17IPELR5NC2LZ,prim,2,20-2,20.0,2000.0,2.0,5700.0,False
A17IPELR5NC2LZ,prim,2,20-2,20.0,2000.0,1.0,8370.0,False
A17IPELR5NC2LZ,prim,2,20-2,20.0,2000.0,1.0,12244.0,False
A17IPELR5NC2LZ,prim,2,20-2,20.0,2000.0,2.0,1840.0,False
A17IPELR5NC2LZ,prim,2,20-2,20.0,2000.0,1.0,12921.0,False
A17IPELR5NC2LZ,prim,2,20-2,20.0,2000.0,3.0,3020.0,False
A17IPELR5NC2LZ,prim,2,20-2,20.0,2000.0,1.0,9346.0,False
A17IPELR5NC2LZ,prim,3,20-2,20.0,2000.0,20.0,0.0,True
A17IPELR5NC2LZ,prim,3,20-2,20.0,2000.0,20.0,89.0,False
A17IPELR5NC2LZ,prim,3,20-2,20.0,2000.0,20.0,8365.0,False
A17IPELR5NC2LZ,prim,3,20-2,20.0,2000.0,1.0,3517.0,False
A17IPELR5NC2LZ,prim,3,20-2,20.0,2000.0,1.0,3831.0,False
A17IPELR5NC2LZ,prim,3,20-2,20.0,2000.0,20.0,6000.0,False
A17IPELR5NC2LZ,prim,3,20-2,20.0,2000.0,1.0,2674.0,False
A17R7WX5B0CKK6,rec,1,20-1,20.0,1000.0,19.0,0.0,True
A17R7WX5B0CKK6,rec,1,20-1,20.0,1000.0,20.0,3131.8999996185303,False
A17R7WX5B0CKK6,rec,1,20-1,20.0,1000.0,20.0,1949.5999994277954,False
A17R7WX5B0CKK6,rec,1,20-1,20.0,1000.0,20.0,3535.5999999046326,False
A17R7WX5B0CKK6,rec,1,20-1,20.0,1000.0,20.0,1361.5999994277954,False
A17R7WX5B0CKK6,rec,1,20-1,20.0,1000.0,19.0,6887.399999618528,False
A17R7WX5B0CKK6,rec,1,20-1,20.0,1000.0,20.0,363.09999942779496,False
A17R7WX5B0CKK6,rec,1,20-1,20.0,1000.0,20.0,484.3999996185303,False
A17R7WX5B0CKK6,rec,1,20-1,20.0,1000.0,20.0,1650.1999998092651,False
A17R7WX5B0CKK6,rec,1,20-1,20.0,1000.0,20.0,60.99999952316284,False
A17R7WX5B0CKK6,rec,2,20-1,20.0,1000.0,15.0,0.0,True
A17R7WX5B0CKK6,rec,2,20-1,20.0,1000.0,20.0,4043.00000000745,False
A17R7WX5B0CKK6,rec,2,20-1,20.0,1000.0,18.0,2725.9999999999995,False
A17R7WX5B0CKK6,rec,2,20-1,20.0,1000.0,19.0,329.8000000044699,False
A17R7WX5B0CKK6,rec,2,20-1,20.0,1000.0,20.0,8815.50000000745,False
A17R7WX5B0CKK6,rec,2,20-1,20.0,1000.0,18.0,8270.20000000298,False
A17R7WX5B0CKK6,rec,2,20-1,20.0,1000.0,20.0,1141.90000000596,False
A17R7WX5B0CKK6,rec,2,20-1,20.0,1000.0,20.0,1421.90000000596,False
A17R7WX5B0CKK6,rec,2,20-1,20.0,1000.0,16.0,7381.60000000149,False
A17R7WX5B0CKK6,rec,3,20-1,20.0,1000.0,20.0,281.80000001192093,False
A17R7WX5B0CKK6,rec,3,20-1,20.0,1000.0,20.0,4900.700000017881,False
A17R7WX5B0CKK6,rec,3,20-1,20.0,1000.0,20.0,1773.300000011921,False
A17R7WX5B0CKK6,rec,3,20-1,20.0,1000.0,18.0,2227.800000011921,False
A17R7WX5B0CKK6,rec,3,20-1,20.0,1000.0,20.0,2926.5,False
A17R7WX5B0CKK6,rec,3,20-1,20.0,1000.0,19.0,699.1000000238419,False
A17R7WX5B0CKK6,rec,3,20-1,20.0,1000.0,20.0,0.0,True
A17R7WX5B0CKK6,rec,3,20-1,20.0,1000.0,20.0,856.1000000238419,False
A17R7WX5B0CKK6,rec,4,20-1,20.0,1000.0,20.0,0.0,True
A17R7WX5B0CKK6,rec,4,20-1,20.0,1000.0,20.0,3425.900000035763,False
A17R7WX5B0CKK6,rec,4,20-1,20.0,1000.0,18.0,1645.199999988079,False
A17R7WX5B0CKK6,rec,4,20-1,20.0,1000.0,20.0,3417.900000035763,False
A17R7WX5B0CKK6,rec,4,20-1,20.0,1000.0,1.0,15114.399999976158,False
A17R7WX5B0CKK6,rec,4,20-1,20.0,1000.0,19.0,3256.699999988079,False
A17R7WX5B0CKK6,rec,4,20-1,20.0,1000.0,20.0,1771.8999999761581,False
A17R7WX5B0CKK6,rec,4,20-1,20.0,1000.0,20.0,2032.0000000596046,False
A17R7WX5B0CKK6,rec,4,20-1,20.0,1000.0,20.0,2098.7000000476837,False
A17R7WX5B0CKK6,rec,4,20-1,20.0,1000.0,20.0,1886.2000000476837,False
A17TMQWTCJVOV5,rec,1,20-2,20.0,2000.0,15.0,0.0,True
A17TMQWTCJVOV5,rec,1,20-2,20.0,2000.0,20.0,3523.0,False
A17TMQWTCJVOV5,rec,1,20-2,20.0,2000.0,20.0,3008.0,False
A17TMQWTCJVOV5,rec,1,20-2,20.0,2000.0,12.0,15431.0,False
A17TMQWTCJVOV5,rec,1,20-2,20.0,2000.0,20.0,7231.0,False
A17TMQWTCJVOV5,rec,1,20-2,20.0,2000.0,20.0,4277.0,False
A17TMQWTCJVOV5,rec,1,20-2,20.0,2000.0,20.0,2987.0,False
A17TMQWTCJVOV5,rec,1,20-2,20.0,2000.0,17.0,6136.0,False
A17TMQWTCJVOV5,rec,1,20-2,20.0,2000.0,3.0,6338.0,False
A17TMQWTCJVOV5,rec,1,20-2,20.0,2000.0,20.0,4326.0,False
A17TMQWTCJVOV5,rec,1,20-2,20.0,2000.0,14.0,3549.0,False
A17TMQWTCJVOV5,rec,1,20-2,20.0,2000.0,20.0,3624.0,False
A17TMQWTCJVOV5,rec,2,20-2,20.0,2000.0,18.0,2572.0,False
A17TMQWTCJVOV5,rec,2,20-2,20.0,2000.0,18.0,957.0,False
A17TMQWTCJVOV5,rec,2,20-2,20.0,2000.0,2.0,2040.0,False
A17TMQWTCJVOV5,rec,2,20-2,20.0,2000.0,19.0,2488.0,False
A17TMQWTCJVOV5,rec,2,20-2,20.0,2000.0,18.0,1699.0,False
A17TMQWTCJVOV5,rec,2,20-2,20.0,2000.0,20.0,1237.0,False
A17TMQWTCJVOV5,rec,2,20-2,20.0,2000.0,18.0,0.0,True
A17TMQWTCJVOV5,rec,2,20-2,20.0,2000.0,17.0,1369.0,False
A17TMQWTCJVOV5,rec,2,20-2,20.0,2000.0,20.0,242.0,False
A17TMQWTCJVOV5,rec,2,20-2,20.0,2000.0,16.0,3995.0,False
A17TMQWTCJVOV5,rec,2,20-2,20.0,2000.0,20.0,4568.0,False
A17TMQWTCJVOV5,rec,2,20-2,20.0,2000.0,19.0,844.0,False
A17TMQWTCJVOV5,rec,3,20-2,20.0,2000.0,1.0,1365.0,False
A17TMQWTCJVOV5,rec,3,20-2,20.0,2000.0,19.0,2625.0,False
A17TMQWTCJVOV5,rec,3,20-2,20.0,2000.0,20.0,7514.0,False
A17TMQWTCJVOV5,rec,3,20-2,20.0,2000.0,15.0,1536.0,False
A17TMQWTCJVOV5,rec,3,20-2,20.0,2000.0,20.0,2889.0,False
A17TMQWTCJVOV5,rec,3,20-2,20.0,2000.0,11.0,3744.0,False
A17TMQWTCJVOV5,rec,3,20-2,20.0,2000.0,20.0,0.0,True
A17TMQWTCJVOV5,rec,3,20-2,20.0,2000.0,20.0,849.0,False
A17TMQWTCJVOV5,rec,3,20-2,20.0,2000.0,20.0,1648.0,False
A17TMQWTCJVOV5,rec,4,20-2,20.0,2000.0,18.0,11246.0,False
A17TMQWTCJVOV5,rec,4,20-2,20.0,2000.0,20.0,4730.0,False
A17TMQWTCJVOV5,rec,4,20-2,20.0,2000.0,20.0,10462.0,False
A17TMQWTCJVOV5,rec,4,20-2,20.0,2000.0,18.0,3410.0,False
A17TMQWTCJVOV5,rec,4,20-2,20.0,2000.0,18.0,2325.0,False
A17TMQWTCJVOV5,rec,4,20-2,20.0,2000.0,13.0,5567.0,False
A17TMQWTCJVOV5,rec,4,20-2,20.0,2000.0,20.0,7531.0,False
A17TMQWTCJVOV5,rec,4,20-2,20.0,2000.0,17.0,17117.0,False
A17TMQWTCJVOV5,rec,4,20-2,20.0,2000.0,2.0,4319.0,False
A17TMQWTCJVOV5,rec,4,20-2,20.0,2000.0,16.0,9688.0,False
A17TMQWTCJVOV5,rec,4,20-2,20.0,2000.0,20.0,0.0,True
A17TMQWTCJVOV5,rec,4,20-2,20.0,2000.0,20.0,3170.0,False
A17WB66BXX4R0J,prim,1,20-1,20.0,1000.0,1.0,0.0,True
A17WB66BXX4R0J,prim,1,20-1,20.0,1000.0,2.0,5952.0,False
A17WB66BXX4R0J,prim,1,20-1,20.0,1000.0,1.0,15672.0,False
A17WB66BXX4R0J,prim,1,20-1,20.0,1000.0,1.0,6105.0,False
A17WB66BXX4R0J,prim,1,20-1,20.0,1000.0,1.0,13749.0,False
A17WB66BXX4R0J,prim,1,20-1,20.0,1000.0,2.0,4761.0,False
A17WB66BXX4R0J,prim,1,20-1,20.0,1000.0,1.0,7944.0,False
A17WB66BXX4R0J,prim,1,20-1,20.0,1000.0,2.0,11817.0,False
A17WB66BXX4R0J,prim,1,20-1,20.0,1000.0,2.0,9337.0,False
A17WB66BXX4R0J,prim,1,20-1,20.0,1000.0,1.0,68428.0,False
A17WB66BXX4R0J,prim,1,20-1,20.0,1000.0,1.0,2291.0,False
A17WB66BXX4R0J,prim,2,20-1,20.0,1000.0,2.0,0.0,True
A17WB66BXX4R0J,prim,2,20-1,20.0,1000.0,1.0,4716.0,False
A17WB66BXX4R0J,prim,2,20-1,20.0,1000.0,1.0,1668.0,False
A17WB66BXX4R0J,prim,2,20-1,20.0,1000.0,1.0,12956.0,False
A17WB66BXX4R0J,prim,2,20-1,20.0,1000.0,3.0,12325.0,False
A17WB66BXX4R0J,prim,2,20-1,20.0,1000.0,1.0,209.0,False
A17WB66BXX4R0J,prim,2,20-1,20.0,1000.0,1.0,8242.0,False
A17WB66BXX4R0J,prim,2,20-1,20.0,1000.0,4.0,430.0,False
A17WB66BXX4R0J,prim,2,20-1,20.0,1000.0,1.0,7447.0,False
A17WB66BXX4R0J,prim,2,20-1,20.0,1000.0,2.0,13484.0,False
A17WB66BXX4R0J,prim,2,20-1,20.0,1000.0,3.0,12046.0,False
A17WB66BXX4R0J,prim,2,20-1,20.0,1000.0,2.0,14344.0,False
A17WB66BXX4R0J,prim,3,20-1,20.0,1000.0,1.0,7976.0,False
A17WB66BXX4R0J,prim,3,20-1,20.0,1000.0,1.0,10166.0,False
A17WB66BXX4R0J,prim,3,20-1,20.0,1000.0,1.0,7947.0,False
A17WB66BXX4R0J,prim,3,20-1,20.0,1000.0,2.0,4080.0,False
A17WB66BXX4R0J,prim,3,20-1,20.0,1000.0,1.0,6272.0,False
A17WB66BXX4R0J,prim,3,20-1,20.0,1000.0,1.0,4110.0,False
A17WB66BXX4R0J,prim,3,20-1,20.0,1000.0,1.0,2628.0,False
A17WB66BXX4R0J,prim,3,20-1,20.0,1000.0,1.0,2737.0,False
A17WB66BXX4R0J,prim,3,20-1,20.0,1000.0,1.0,896.0,False
A17WB66BXX4R0J,prim,3,20-1,20.0,1000.0,1.0,0.0,True
A17WB66BXX4R0J,prim,3,20-1,20.0,1000.0,1.0,2707.0,False
A17WB66BXX4R0J,prim,4,20-1,20.0,1000.0,2.0,0.0,True
A17WB66BXX4R0J,prim,4,20-1,20.0,1000.0,1.0,2718.0,False
A17WB66BXX4R0J,prim,4,20-1,20.0,1000.0,1.0,5811.0,False
A17WB66BXX4R0J,prim,4,20-1,20.0,1000.0,1.0,12387.0,False
A17WB66BXX4R0J,prim,4,20-1,20.0,1000.0,1.0,7119.0,False
A17WB66BXX4R0J,prim,4,20-1,20.0,1000.0,1.0,7135.0,False
A17WB66BXX4R0J,prim,4,20-1,20.0,1000.0,1.0,6223.0,False
A17WB66BXX4R0J,prim,4,20-1,20.0,1000.0,1.0,5571.0,False
A17WB66BXX4R0J,prim,4,20-1,20.0,1000.0,1.0,6749.0,False
A17WB66BXX4R0J,prim,4,20-1,20.0,1000.0,2.0,9328.0,False
A186PT9ZLO5EJD,prim,1,30-1,30.0,1000.0,3.0,0.0,True
A186PT9ZLO5EJD,prim,1,30-1,30.0,1000.0,1.0,4139.800000000745,False
A186PT9ZLO5EJD,prim,1,30-1,30.0,1000.0,1.0,6487.500000000002,False
A186PT9ZLO5EJD,prim,1,30-1,30.0,1000.0,2.0,8463.70000000298,False
A186PT9ZLO5EJD,prim,1,30-1,30.0,1000.0,1.0,10524.39999999851,False
A186PT9ZLO5EJD,prim,1,30-1,30.0,1000.0,1.0,13280.300000000745,False
A186PT9ZLO5EJD,prim,1,30-1,30.0,1000.0,1.0,6814.20000000298,False
A186PT9ZLO5EJD,prim,1,30-1,30.0,1000.0,2.0,7334.500000000002,False
A186PT9ZLO5EJD,prim,1,30-1,30.0,1000.0,1.0,23533.000000003725,False
A186PT9ZLO5EJD,prim,1,30-1,30.0,1000.0,1.0,432.1000000014901,False
A186PT9ZLO5EJD,prim,2,30-1,30.0,1000.0,1.0,0.0,True
A186PT9ZLO5EJD,prim,2,30-1,30.0,1000.0,1.0,13557.29999999702,False
A186PT9ZLO5EJD,prim,2,30-1,30.0,1000.0,1.0,5854.599999997767,False
A186PT9ZLO5EJD,prim,2,30-1,30.0,1000.0,2.0,13179.099999997761,False
A186PT9ZLO5EJD,prim,2,30-1,30.0,1000.0,1.0,7355.39999999851,False
A186PT9ZLO5EJD,prim,2,30-1,30.0,1000.0,1.0,4468.39999999851,False
A186PT9ZLO5EJD,prim,2,30-1,30.0,1000.0,1.0,2337.199999999255,False
A186PT9ZLO5EJD,prim,2,30-1,30.0,1000.0,2.0,12321.5,False
A186PT9ZLO5EJD,prim,2,30-1,30.0,1000.0,1.0,8491.89999999851,False
A186PT9ZLO5EJD,prim,2,30-1,30.0,1000.0,1.0,6871.800000000745,False
A18NXRDHQ0ZSOY,ns,1,10-2,10.0,2000.0,10.0,0.0,True
A18NXRDHQ0ZSOY,ns,1,10-2,10.0,2000.0,5.0,9054.799999952316,False
A18NXRDHQ0ZSOY,ns,1,10-2,10.0,2000.0,2.0,24.299999952316284,False
A18NXRDHQ0ZSOY,ns,1,10-2,10.0,2000.0,1.0,2444.199999809265,False
A18NXRDHQ0ZSOY,ns,1,10-2,10.0,2000.0,1.0,535.1999998092651,False
A18NXRDHQ0ZSOY,ns,1,10-2,10.0,2000.0,10.0,832.9999997615814,False
A18NXRDHQ0ZSOY,ns,1,10-2,10.0,2000.0,1.0,890.0999999046326,False
A18NXRDHQ0ZSOY,ns,2,10-2,10.0,2000.0,6.0,0.0,True
A18NXRDHQ0ZSOY,ns,2,10-2,10.0,2000.0,2.0,5190.5,False
A18NXRDHQ0ZSOY,ns,2,10-2,10.0,2000.0,2.0,5883.0,False
A18NXRDHQ0ZSOY,ns,2,10-2,10.0,2000.0,1.0,7433.5,False
A18NXRDHQ0ZSOY,ns,2,10-2,10.0,2000.0,10.0,2272.1000001430507,False
A18NXRDHQ0ZSOY,ns,2,10-2,10.0,2000.0,10.0,2892.299999952316,False
A18NXRDHQ0ZSOY,ns,2,10-2,10.0,2000.0,5.0,6159.799999952316,False
A18NXRDHQ0ZSOY,ns,3,10-2,10.0,2000.0,8.0,0.0,True
A18NXRDHQ0ZSOY,ns,3,10-2,10.0,2000.0,10.0,5147.200000047684,False
A18NXRDHQ0ZSOY,ns,3,10-2,10.0,2000.0,2.0,2202.399999856949,False
A18NXRDHQ0ZSOY,ns,3,10-2,10.0,2000.0,2.0,11379.399999856949,False
A18NXRDHQ0ZSOY,ns,3,10-2,10.0,2000.0,3.0,6740.999999761581,False
A18NXRDHQ0ZSOY,ns,3,10-2,10.0,2000.0,1.0,2653.7999999523163,False
A18NXRDHQ0ZSOY,ns,3,10-2,10.0,2000.0,10.0,2263.899999856949,False
A18NXRDHQ0ZSOY,ns,3,10-2,10.0,2000.0,1.0,9317.599999904633,False
A18NXRDHQ0ZSOY,ns,3,10-2,10.0,2000.0,4.0,2426.7000000476837,False
A18NXRDHQ0ZSOY,ns,3,10-2,10.0,2000.0,10.0,1095.5,False
A18NXRDHQ0ZSOY,ns,4,10-2,10.0,2000.0,6.0,0.0,True
A18NXRDHQ0ZSOY,ns,4,10-2,10.0,2000.0,10.0,2115.2000000476837,False
A18NXRDHQ0ZSOY,ns,4,10-2,10.0,2000.0,6.0,4153.700000047684,False
A18NXRDHQ0ZSOY,ns,4,10-2,10.0,2000.0,10.0,1553.8000001907349,False
A18NXRDHQ0ZSOY,ns,4,10-2,10.0,2000.0,10.0,3837.9000000953674,False
A18NXRDHQ0ZSOY,ns,4,10-2,10.0,2000.0,5.0,9800.400000095367,False
A18NXRDHQ0ZSOY,ns,4,10-2,10.0,2000.0,10.0,1753.2000000476837,False
A18NXRDHQ0ZSOY,ns,4,10-2,10.0,2000.0,5.0,2789.600000143051,False
A18NXRDHQ0ZSOY,ns,4,10-2,10.0,2000.0,9.0,1979.5999999046326,False
A18NXRDHQ0ZSOY,ns,4,10-2,10.0,2000.0,10.0,1456.2000000476837,False
A1969Q0R4Y0E3J,rec,1,10-2,10.0,2000.0,6.0,516.0,False
A1969Q0R4Y0E3J,rec,1,10-2,10.0,2000.0,9.0,0.0,True
A1969Q0R4Y0E3J,rec,1,10-2,10.0,2000.0,9.0,2459.0,False
A1969Q0R4Y0E3J,rec,1,10-2,10.0,2000.0,9.0,1758.0,False
A1969Q0R4Y0E3J,rec,1,10-2,10.0,2000.0,10.0,339.0,False
A1969Q0R4Y0E3J,rec,1,10-2,10.0,2000.0,9.0,2194.0,False
A1969Q0R4Y0E3J,rec,1,10-2,10.0,2000.0,9.0,980.0,False
A1969Q0R4Y0E3J,rec,1,10-2,10.0,2000.0,9.0,1205.0,False
A1969Q0R4Y0E3J,rec,1,10-2,10.0,2000.0,9.0,851.0,False
A1969Q0R4Y0E3J,rec,1,10-2,10.0,2000.0,10.0,4222.0,False
A1969Q0R4Y0E3J,rec,1,10-2,10.0,2000.0,9.0,2202.0,False
A1969Q0R4Y0E3J,rec,1,10-2,10.0,2000.0,10.0,5283.0,False
A1969Q0R4Y0E3J,rec,2,10-2,10.0,2000.0,9.0,6094.0,False
A1969Q0R4Y0E3J,rec,2,10-2,10.0,2000.0,9.0,5587.0,False
A1969Q0R4Y0E3J,rec,2,10-2,10.0,2000.0,7.0,3134.0,False
A1969Q0R4Y0E3J,rec,2,10-2,10.0,2000.0,8.0,2187.0,False
A1969Q0R4Y0E3J,rec,2,10-2,10.0,2000.0,3.0,5254.0,False
A1969Q0R4Y0E3J,rec,2,10-2,10.0,2000.0,9.0,0.0,True
A1969Q0R4Y0E3J,rec,2,10-2,10.0,2000.0,1.0,1663.0,False
A1969Q0R4Y0E3J,rec,2,10-2,10.0,2000.0,8.0,2442.0,False
A1969Q0R4Y0E3J,rec,2,10-2,10.0,2000.0,10.0,1862.0,False
A1969Q0R4Y0E3J,rec,2,10-2,10.0,2000.0,10.0,1667.0,False
A1969Q0R4Y0E3J,rec,3,10-2,10.0,2000.0,9.0,1746.0,False
A1969Q0R4Y0E3J,rec,3,10-2,10.0,2000.0,9.0,2700.0,False
A1969Q0R4Y0E3J,rec,3,10-2,10.0,2000.0,10.0,3738.0,False
A1969Q0R4Y0E3J,rec,3,10-2,10.0,2000.0,9.0,1495.0,False
A1969Q0R4Y0E3J,rec,3,10-2,10.0,2000.0,10.0,1486.0,False
A1969Q0R4Y0E3J,rec,3,10-2,10.0,2000.0,8.0,4287.0,False
A1969Q0R4Y0E3J,rec,3,10-2,10.0,2000.0,10.0,170.0,False
A1969Q0R4Y0E3J,rec,3,10-2,10.0,2000.0,3.0,5517.0,False
A1969Q0R4Y0E3J,rec,3,10-2,10.0,2000.0,9.0,0.0,True
A1969Q0R4Y0E3J,rec,3,10-2,10.0,2000.0,10.0,375.0,False
A1969Q0R4Y0E3J,rec,3,10-2,10.0,2000.0,9.0,667.0,False
A1969Q0R4Y0E3J,rec,4,10-2,10.0,2000.0,4.0,937.0,False
A1969Q0R4Y0E3J,rec,4,10-2,10.0,2000.0,5.0,166.0,False
A1969Q0R4Y0E3J,rec,4,10-2,10.0,2000.0,9.0,3344.0,False
A1969Q0R4Y0E3J,rec,4,10-2,10.0,2000.0,8.0,3576.0,False
A1969Q0R4Y0E3J,rec,4,10-2,10.0,2000.0,9.0,1041.0,False
A1969Q0R4Y0E3J,rec,4,10-2,10.0,2000.0,8.0,520.0,False
A1969Q0R4Y0E3J,rec,4,10-2,10.0,2000.0,1.0,1510.0,False
A1969Q0R4Y0E3J,rec,4,10-2,10.0,2000.0,10.0,43.0,False
A1969Q0R4Y0E3J,rec,4,10-2,10.0,2000.0,9.0,402.0,False
A1969Q0R4Y0E3J,rec,4,10-2,10.0,2000.0,8.0,868.0,False
A1969Q0R4Y0E3J,rec,4,10-2,10.0,2000.0,6.0,813.0,False
A1969Q0R4Y0E3J,rec,4,10-2,10.0,2000.0,9.0,0.0,True
A19QRXLWV5GKXN,rec,1,20-1,20.0,1000.0,20.0,0.0,True
A19QRXLWV5GKXN,rec,1,20-1,20.0,1000.0,17.0,2801.899999976158,False
A19QRXLWV5GKXN,rec,1,20-1,20.0,1000.0,1.0,3652.8000000715256,False
A19QRXLWV5GKXN,rec,1,20-1,20.0,1000.0,20.0,7393.899999976158,False
A19QRXLWV5GKXN,rec,1,20-1,20.0,1000.0,17.0,3245.9000000953674,False
A19QRXLWV5GKXN,rec,1,20-1,20.0,1000.0,18.0,1351.1000000238419,False
A19QRXLWV5GKXN,rec,1,20-1,20.0,1000.0,20.0,5523.700000047684,False
A19QRXLWV5GKXN,rec,1,20-1,20.0,1000.0,20.0,2600.5000001192093,False
A19QRXLWV5GKXN,rec,2,20-1,20.0,1000.0,20.0,0.0,True
A19QRXLWV5GKXN,rec,2,20-1,20.0,1000.0,19.0,6764.199999809265,False
A19QRXLWV5GKXN,rec,2,20-1,20.0,1000.0,19.0,1.5999999046325684,False
A19QRXLWV5GKXN,rec,2,20-1,20.0,1000.0,15.0,11420.700000047684,False
A19QRXLWV5GKXN,rec,2,20-1,20.0,1000.0,20.0,11432.0,False
A19QRXLWV5GKXN,rec,2,20-1,20.0,1000.0,18.0,6867.99999976158,False
A19QRXLWV5GKXN,rec,2,20-1,20.0,1000.0,20.0,1833.4999997615814,False
A19QRXLWV5GKXN,rec,2,20-1,20.0,1000.0,18.0,2268.7999999523163,False
A19QRXLWV5GKXN,rec,2,20-1,20.0,1000.0,15.0,3994.2999999523163,False
A19QRXLWV5GKXN,rec,2,20-1,20.0,1000.0,20.0,5994.599999904633,False
A19QRXLWV5GKXN,rec,2,20-1,20.0,1000.0,19.0,4955.099999904633,False
A19QRXLWV5GKXN,rec,3,20-1,20.0,1000.0,18.0,0.0,True
A19QRXLWV5GKXN,rec,3,20-1,20.0,1000.0,20.0,2129.400000002235,False
A19QRXLWV5GKXN,rec,3,20-1,20.0,1000.0,9.0,5413.800000000747,False
A19QRXLWV5GKXN,rec,3,20-1,20.0,1000.0,10.0,1871.2000000029802,False
A19QRXLWV5GKXN,rec,3,20-1,20.0,1000.0,2.0,3490.9000000022334,False
A19QRXLWV5GKXN,rec,3,20-1,20.0,1000.0,6.0,1912.3000000044703,False
A19QRXLWV5GKXN,rec,3,20-1,20.0,1000.0,20.0,1751.5000000037253,False
A19QRXLWV5GKXN,rec,3,20-1,20.0,1000.0,1.0,2683.0,False
A19QRXLWV5GKXN,rec,3,20-1,20.0,1000.0,19.0,3772.800000000747,False
A19QRXLWV5GKXN,rec,3,20-1,20.0,1000.0,17.0,5894.199999999255,False
A19QRXLWV5GKXN,rec,3,20-1,20.0,1000.0,20.0,2952.400000002235,False
A19QRXLWV5GKXN,rec,3,20-1,20.0,1000.0,19.0,3987.60000000149,False
A19QRXLWV5GKXN,rec,4,20-1,20.0,1000.0,2.0,0.0,True
A19QRXLWV5GKXN,rec,4,20-1,20.0,1000.0,18.0,11234.400000020862,False
A19QRXLWV5GKXN,rec,4,20-1,20.0,1000.0,19.0,4377.10000002384,False
A19QRXLWV5GKXN,rec,4,20-1,20.0,1000.0,20.0,3180.9000000208616,False
A19QRXLWV5GKXN,rec,4,20-1,20.0,1000.0,20.0,3288.6000000089407,False
A19QRXLWV5GKXN,rec,4,20-1,20.0,1000.0,2.0,11163.700000017881,False
A19QRXLWV5GKXN,rec,4,20-1,20.0,1000.0,18.0,2821.1000000089407,False
A19QRXLWV5GKXN,rec,4,20-1,20.0,1000.0,20.0,1573.0000000149012,False
A19QRXLWV5GKXN,rec,4,20-1,20.0,1000.0,15.0,2327.4000000208616,False
A19QRXLWV5GKXN,rec,4,20-1,20.0,1000.0,19.0,2425.800000011921,False
A19QRXLWV5GKXN,rec,4,20-1,20.0,1000.0,17.0,2052.800000011921,False
A19QRXLWV5GKXN,rec,4,20-1,20.0,1000.0,17.0,1864.0000000149012,False
A19X8IA9EKC3XH,ns,1,15-2,15.0,2000.0,1.0,378.60000002384186,False
A19X8IA9EKC3XH,ns,1,15-2,15.0,2000.0,1.0,2831.3000000417233,False
A19X8IA9EKC3XH,ns,1,15-2,15.0,2000.0,9.0,985.6000000238419,False
A19X8IA9EKC3XH,ns,1,15-2,15.0,2000.0,11.0,673.2000000476837,False
A19X8IA9EKC3XH,ns,1,15-2,15.0,2000.0,9.0,1803.5000000298023,False
A19X8IA9EKC3XH,ns,1,15-2,15.0,2000.0,11.0,2437.7000000476837,False
A19X8IA9EKC3XH,ns,1,15-2,15.0,2000.0,8.0,919.8000000119209,False
A19X8IA9EKC3XH,ns,1,15-2,15.0,2000.0,13.0,577.1000000238419,False
A19X8IA9EKC3XH,ns,1,15-2,15.0,2000.0,11.0,1657.800000011921,False
A19X8IA9EKC3XH,ns,1,15-2,15.0,2000.0,12.0,1825.3000000417233,False
A19X8IA9EKC3XH,ns,1,15-2,15.0,2000.0,11.0,3067.400000035763,False
A19X8IA9EKC3XH,ns,1,15-2,15.0,2000.0,15.0,0.0,True
A19X8IA9EKC3XH,ns,2,15-2,15.0,2000.0,9.0,3060.5000000000005,False
A19X8IA9EKC3XH,ns,2,15-2,15.0,2000.0,8.0,1325.0,False
A19X8IA9EKC3XH,ns,2,15-2,15.0,2000.0,12.0,1562.0,False
A19X8IA9EKC3XH,ns,2,15-2,15.0,2000.0,10.0,1908.7000000029807,False
A19X8IA9EKC3XH,ns,2,15-2,15.0,2000.0,11.0,5694.9000000059605,False
A19X8IA9EKC3XH,ns,2,15-2,15.0,2000.0,11.0,1426.0999999940404,False
A19X8IA9EKC3XH,ns,2,15-2,15.0,2000.0,12.0,4268.899999991061,False
A19X8IA9EKC3XH,ns,2,15-2,15.0,2000.0,11.0,717.1999999880804,False
A19X8IA9EKC3XH,ns,2,15-2,15.0,2000.0,10.0,0.0,True
A19X8IA9EKC3XH,ns,2,15-2,15.0,2000.0,13.0,1240.0,False
A19X8IA9EKC3XH,ns,2,15-2,15.0,2000.0,11.0,435.7999999970202,False
A19X8IA9EKC3XH,ns,3,15-2,15.0,2000.0,10.0,798.5000000298023,False
A19X8IA9EKC3XH,ns,3,15-2,15.0,2000.0,11.0,1303.5,False
A19X8IA9EKC3XH,ns,3,15-2,15.0,2000.0,11.0,5381.200000017881,False
A19X8IA9EKC3XH,ns,3,15-2,15.0,2000.0,12.0,0.0,True
A19X8IA9EKC3XH,ns,3,15-2,15.0,2000.0,11.0,5402.299999982119,False
A19X8IA9EKC3XH,ns,3,15-2,15.0,2000.0,11.0,2505.5999999940395,False
A19X8IA9EKC3XH,ns,3,15-2,15.0,2000.0,11.0,2735.800000011921,False
A19X8IA9EKC3XH,ns,3,15-2,15.0,2000.0,11.0,1022.4000000059605,False
A19X8IA9EKC3XH,ns,3,15-2,15.0,2000.0,11.0,8622.099999994041,False
A19X8IA9EKC3XH,ns,3,15-2,15.0,2000.0,11.0,2292.699999988079,False
A19X8IA9EKC3XH,ns,4,15-2,15.0,2000.0,8.0,2655.100000023842,False
A19X8IA9EKC3XH,ns,4,15-2,15.0,2000.0,11.0,1303.1000000238419,False
A19X8IA9EKC3XH,ns,4,15-2,15.0,2000.0,11.0,16338.399999976162,False
A19X8IA9EKC3XH,ns,4,15-2,15.0,2000.0,10.0,596.7000000476837,False
A19X8IA9EKC3XH,ns,4,15-2,15.0,2000.0,11.0,770.6999999880791,False
A19X8IA9EKC3XH,ns,4,15-2,15.0,2000.0,11.0,593.3000000119209,False
A19X8IA9EKC3XH,ns,4,15-2,15.0,2000.0,11.0,557.9000000357628,False
A19X8IA9EKC3XH,ns,4,15-2,15.0,2000.0,11.0,942.5,False
A19X8IA9EKC3XH,ns,4,15-2,15.0,2000.0,11.0,0.0,True
A19X8IA9EKC3XH,ns,4,15-2,15.0,2000.0,10.0,1369.6000000238419,False
A19X8IA9EKC3XH,ns,4,15-2,15.0,2000.0,11.0,567.9000000357628,False
A19X8IA9EKC3XH,ns,4,15-2,15.0,2000.0,11.0,3757.5000000596046,False
A1AKL5YH9NLD2V,ns,1,10-2,10.0,2000.0,5.0,669.5000000000002,False
A1AKL5YH9NLD2V,ns,1,10-2,10.0,2000.0,9.0,1277.5000000000002,False
A1AKL5YH9NLD2V,ns,1,10-2,10.0,2000.0,7.0,257.39999999944143,False
A1AKL5YH9NLD2V,ns,1,10-2,10.0,2000.0,6.0,754.299999999814,False
A1AKL5YH9NLD2V,ns,1,10-2,10.0,2000.0,7.0,2997.100000000559,False
A1AKL5YH9NLD2V,ns,1,10-2,10.0,2000.0,7.0,1035.799999999814,False
A1AKL5YH9NLD2V,ns,1,10-2,10.0,2000.0,8.0,1429.299999999814,False
A1AKL5YH9NLD2V,ns,1,10-2,10.0,2000.0,5.0,102.1000000005588,False
A1AKL5YH9NLD2V,ns,1,10-2,10.0,2000.0,6.0,553.3999999994414,False
A1AKL5YH9NLD2V,ns,1,10-2,10.0,2000.0,5.0,0.0,True
A1AKL5YH9NLD2V,ns,1,10-2,10.0,2000.0,5.0,1449.299999999814,False
A1AKL5YH9NLD2V,ns,1,10-2,10.0,2000.0,6.0,1095.5999999996277,False
A1AKL5YH9NLD2V,ns,2,10-2,10.0,2000.0,7.0,589.0999999996275,False
A1AKL5YH9NLD2V,ns,2,10-2,10.0,2000.0,6.0,1972.9999999981364,False
A1AKL5YH9NLD2V,ns,2,10-2,10.0,2000.0,7.0,561.1999999992549,False
A1AKL5YH9NLD2V,ns,2,10-2,10.0,2000.0,5.0,633.3999999985099,False
A1AKL5YH9NLD2V,ns,2,10-2,10.0,2000.0,7.0,166.29999999888287,False
A1AKL5YH9NLD2V,ns,2,10-2,10.0,2000.0,7.0,207.19999999925494,False
A1AKL5YH9NLD2V,ns,2,10-2,10.0,2000.0,7.0,621.7999999988824,False
A1AKL5YH9NLD2V,ns,2,10-2,10.0,2000.0,7.0,0.0,True
A1AKL5YH9NLD2V,ns,2,10-2,10.0,2000.0,7.0,574.9999999981374,False
A1AKL5YH9NLD2V,ns,2,10-2,10.0,2000.0,7.0,186.89999999850988,False
A1AKL5YH9NLD2V,ns,2,10-2,10.0,2000.0,7.0,516.0999999996275,False
A1AKL5YH9NLD2V,ns,2,10-2,10.0,2000.0,7.0,1849.699999999255,False
A1AKL5YH9NLD2V,ns,3,10-2,10.0,2000.0,4.0,1666.9000000003728,False
A1AKL5YH9NLD2V,ns,3,10-2,10.0,2000.0,4.0,985.0000000000002,False
A1AKL5YH9NLD2V,ns,3,10-2,10.0,2000.0,4.0,995.0999999996277,False
A1AKL5YH9NLD2V,ns,3,10-2,10.0,2000.0,4.0,147.0999999996277,False
A1AKL5YH9NLD2V,ns,3,10-2,10.0,2000.0,6.0,558.6999999992556,False
A1AKL5YH9NLD2V,ns,3,10-2,10.0,2000.0,4.0,835.6999999992552,False
A1AKL5YH9NLD2V,ns,3,10-2,10.0,2000.0,4.0,224.0,False
A1AKL5YH9NLD2V,ns,3,10-2,10.0,2000.0,6.0,423.5,False
A1AKL5YH9NLD2V,ns,3,10-2,10.0,2000.0,6.0,519.4999999981374,False
A1AKL5YH9NLD2V,ns,3,10-2,10.0,2000.0,6.0,0.0,True
A1AKL5YH9NLD2V,ns,3,10-2,10.0,2000.0,6.0,681.7999999988826,False
A1AKL5YH9NLD2V,ns,3,10-2,10.0,2000.0,6.0,308.0999999996277,False
A1AKL5YH9NLD2V,ns,4,10-2,10.0,2000.0,5.0,515.4000000003723,False
A1AKL5YH9NLD2V,ns,4,10-2,10.0,2000.0,5.0,1021.1000000014899,False
A1AKL5YH9NLD2V,ns,4,10-2,10.0,2000.0,5.0,281.59999999962724,False
A1AKL5YH9NLD2V,ns,4,10-2,10.0,2000.0,5.0,715.9000000003723,False
A1AKL5YH9NLD2V,ns,4,10-2,10.0,2000.0,5.0,0.0,True
A1AKL5YH9NLD2V,ns,4,10-2,10.0,2000.0,5.0,381.70000000111736,False
A1AKL5YH9NLD2V,ns,4,10-2,10.0,2000.0,5.0,301.5,False
A1AKL5YH9NLD2V,ns,4,10-2,10.0,2000.0,5.0,272.6000000014899,False
A1AKL5YH9NLD2V,ns,4,10-2,10.0,2000.0,5.0,1787.7999999988822,False
A1AKL5YH9NLD2V,ns,4,10-2,10.0,2000.0,5.0,284.3000000007446,False
A1ARWNTZHGFG8Y,prim,1,10-2,10.0,2000.0,1.0,429.8999996185303,False
A1ARWNTZHGFG8Y,prim,1,10-2,10.0,2000.0,1.0,0.0,True
A1ARWNTZHGFG8Y,prim,1,10-2,10.0,2000.0,9.0,5679.899999618528,False
A1ARWNTZHGFG8Y,prim,1,10-2,10.0,2000.0,1.0,3735.500000000002,False
A1ARWNTZHGFG8Y,prim,1,10-2,10.0,2000.0,2.0,26717.699999809265,False
A1ARWNTZHGFG8Y,prim,1,10-2,10.0,2000.0,4.0,12915.499999999996,False
A1ARWNTZHGFG8Y,prim,1,10-2,10.0,2000.0,1.0,577.8999996185303,False
A1ARWNTZHGFG8Y,prim,1,10-2,10.0,2000.0,1.0,27654.10000038147,False
A1ARWNTZHGFG8Y,prim,1,10-2,10.0,2000.0,3.0,6634.399999618528,False
A1ARWNTZHGFG8Y,prim,1,10-2,10.0,2000.0,1.0,977.4000005722046,False
A1ARWNTZHGFG8Y,prim,1,10-2,10.0,2000.0,9.0,1574.0,False
A1ARWNTZHGFG8Y,prim,2,10-2,10.0,2000.0,1.0,0.0,True
A1ARWNTZHGFG8Y,prim,2,10-2,10.0,2000.0,1.0,2917.5,False
A1ARWNTZHGFG8Y,prim,2,10-2,10.0,2000.0,1.0,7078.10000038147,False
A1ARWNTZHGFG8Y,prim,2,10-2,10.0,2000.0,1.0,2674.5,False
A1ARWNTZHGFG8Y,prim,2,10-2,10.0,2000.0,1.0,11503.89999961853,False
A1ARWNTZHGFG8Y,prim,2,10-2,10.0,2000.0,10.0,233.69999980926514,False
A1ARWNTZHGFG8Y,prim,2,10-2,10.0,2000.0,10.0,2246.3000001907367,False
A1ARWNTZHGFG8Y,prim,2,10-2,10.0,2000.0,10.0,10662.29999923706,False
A1ARWNTZHGFG8Y,prim,2,10-2,10.0,2000.0,10.0,1969.3000001907367,False
A1ARWNTZHGFG8Y,prim,2,10-2,10.0,2000.0,10.0,5183.39999961853,False
A1ARWNTZHGFG8Y,prim,2,10-2,10.0,2000.0,4.0,2722.0,False
A1ARWNTZHGFG8Y,prim,3,10-2,10.0,2000.0,6.0,1984.699999809267,False
A1ARWNTZHGFG8Y,prim,3,10-2,10.0,2000.0,3.0,561.1999988555908,False
A1ARWNTZHGFG8Y,prim,3,10-2,10.0,2000.0,2.0,4565.89999961853,False
A1ARWNTZHGFG8Y,prim,3,10-2,10.0,2000.0,1.0,1672.8999996185303,False
A1ARWNTZHGFG8Y,prim,3,10-2,10.0,2000.0,1.0,6537.199999809267,False
A1ARWNTZHGFG8Y,prim,3,10-2,10.0,2000.0,1.0,0.0,True
A1ARWNTZHGFG8Y,prim,3,10-2,10.0,2000.0,2.0,16949.79999923706,False
A1ARWNTZHGFG8Y,prim,3,10-2,10.0,2000.0,3.0,2644.699999809267,False
A1ARWNTZHGFG8Y,prim,3,10-2,10.0,2000.0,1.0,2789.5999994277936,False
A1ARWNTZHGFG8Y,prim,4,10-2,10.0,2000.0,2.0,2977.800000190735,False
A1ARWNTZHGFG8Y,prim,4,10-2,10.0,2000.0,10.0,5376.000000953674,False
A1ARWNTZHGFG8Y,prim,4,10-2,10.0,2000.0,1.0,1052.1000003814697,False
A1ARWNTZHGFG8Y,prim,4,10-2,10.0,2000.0,9.0,1311.1000003814697,False
A1ARWNTZHGFG8Y,prim,4,10-2,10.0,2000.0,1.0,1949.9000005722046,False
A1ARWNTZHGFG8Y,prim,4,10-2,10.0,2000.0,3.0,0.0,True
A1ARWNTZHGFG8Y,prim,4,10-2,10.0,2000.0,2.0,10793.60000038147,False
A1ARWNTZHGFG8Y,prim,4,10-2,10.0,2000.0,1.0,1018.4000005722046,False
A1ARWNTZHGFG8Y,prim,4,10-2,10.0,2000.0,2.0,6976.900000572205,False
A1ARWNTZHGFG8Y,prim,4,10-2,10.0,2000.0,2.0,12492.0,False
A1ARWNTZHGFG8Y,prim,4,10-2,10.0,2000.0,10.0,10474.699999809265,False
A1AS1H21O9896X,ns,1,30-1,30.0,1000.0,3.0,1619.6000000238419,False
A1AS1H21O9896X,ns,1,30-1,30.0,1000.0,1.0,38118.70000001788,False
A1AS1H21O9896X,ns,1,30-1,30.0,1000.0,1.0,4325.000000000002,False
A1AS1H21O9896X,ns,1,30-1,30.0,1000.0,2.0,31986.30000001192,False
A1AS1H21O9896X,ns,1,30-1,30.0,1000.0,3.0,3084.80000001192,False
A1AS1H21O9896X,ns,1,30-1,30.0,1000.0,2.0,912.8000000119218,False
A1AS1H21O9896X,ns,1,30-1,30.0,1000.0,2.0,361.0000000298023,False
A1AS1H21O9896X,ns,1,30-1,30.0,1000.0,2.0,3162.900000035763,False
A1AS1H21O9896X,ns,1,30-1,30.0,1000.0,27.0,1236.7000000178814,False
A1AS1H21O9896X,ns,1,30-1,30.0,1000.0,4.0,3740.400000035763,False
A1AS1H21O9896X,ns,1,30-1,30.0,1000.0,13.0,7004.600000023842,False
A1AS1H21O9896X,ns,1,30-1,30.0,1000.0,29.0,0.0,True
A1AS1H21O9896X,ns,2,30-1,30.0,1000.0,1.0,0.0,True
A1AS1H21O9896X,ns,2,30-1,30.0,1000.0,1.0,3213.0999999046326,False
A1AS1H21O9896X,ns,2,30-1,30.0,1000.0,5.0,4827.699999928474,False
A1AS1H21O9896X,ns,2,30-1,30.0,1000.0,29.0,526.4000000953674,False
A1AS1H21O9896X,ns,2,30-1,30.0,1000.0,3.0,3177.2000000476837,False
A1AS1H21O9896X,ns,2,30-1,30.0,1000.0,27.0,7159.5,False
A1AS1H21O9896X,ns,2,30-1,30.0,1000.0,8.0,3871.8000000715256,False
A1AS1H21O9896X,ns,2,30-1,30.0,1000.0,3.0,8677.100000023842,False
A1AS1H21O9896X,ns,3,30-1,30.0,1000.0,3.0,0.0,True
A1AS1H21O9896X,ns,3,30-1,30.0,1000.0,2.0,5480.300000071526,False
A1AS1H21O9896X,ns,3,30-1,30.0,1000.0,26.0,9641.199999928474,False
A1AS1H21O9896X,ns,3,30-1,30.0,1000.0,1.0,9152.0,False
A1AS1H21O9896X,ns,3,30-1,30.0,1000.0,4.0,34441.60000002384,False
A1AS1H21O9896X,ns,3,30-1,30.0,1000.0,5.0,9702.099999904633,False
A1AS1H21O9896X,ns,3,30-1,30.0,1000.0,2.0,11714.0,False
A1AS1H21O9896X,ns,3,30-1,30.0,1000.0,12.0,7470.899999976158,False
A1AS1H21O9896X,ns,3,30-1,30.0,1000.0,1.0,3583.100000023842,False
A1AS1H21O9896X,ns,4,30-1,30.0,1000.0,1.0,6790.100000023842,False
A1AS1H21O9896X,ns,4,30-1,30.0,1000.0,29.0,4623.600000143051,False
A1AS1H21O9896X,ns,4,30-1,30.0,1000.0,30.0,1358.4000000953674,False
A1AS1H21O9896X,ns,4,30-1,30.0,1000.0,30.0,0.0,True
A1AS1H21O9896X,ns,4,30-1,30.0,1000.0,27.0,1788.7000000476837,False
A1AS1H21O9896X,ns,4,30-1,30.0,1000.0,3.0,1850.1000000238419,False
A1AS1H21O9896X,ns,4,30-1,30.0,1000.0,30.0,3303.4000000953674,False
A1AYTKAQT201ZV,prim,1,30-1,30.0,1000.0,1.0,782.0,False
A1AYTKAQT201ZV,prim,1,30-1,30.0,1000.0,1.0,1354.0,False
A1AYTKAQT201ZV,prim,1,30-1,30.0,1000.0,30.0,1460.0,False
A1AYTKAQT201ZV,prim,1,30-1,30.0,1000.0,29.0,305.0,False
A1AYTKAQT201ZV,prim,1,30-1,30.0,1000.0,30.0,1192.0,False
A1AYTKAQT201ZV,prim,1,30-1,30.0,1000.0,29.0,0.0,True
A1AYTKAQT201ZV,prim,1,30-1,30.0,1000.0,30.0,1886.0,False
A1AYTKAQT201ZV,prim,1,30-1,30.0,1000.0,30.0,1776.0,False
A1AYTKAQT201ZV,prim,1,30-1,30.0,1000.0,1.0,2748.0,False
A1AYTKAQT201ZV,prim,1,30-1,30.0,1000.0,1.0,1944.0,False
A1AYTKAQT201ZV,prim,2,30-1,30.0,1000.0,1.0,0.0,True
A1AYTKAQT201ZV,prim,2,30-1,30.0,1000.0,2.0,2972.0,False
A1AYTKAQT201ZV,prim,2,30-1,30.0,1000.0,2.0,3178.0,False
A1AYTKAQT201ZV,prim,2,30-1,30.0,1000.0,1.0,10069.0,False
A1AYTKAQT201ZV,prim,2,30-1,30.0,1000.0,1.0,909.0,False
A1AYTKAQT201ZV,prim,2,30-1,30.0,1000.0,1.0,5585.0,False
A1AYTKAQT201ZV,prim,2,30-1,30.0,1000.0,3.0,5698.0,False
A1AYTKAQT201ZV,prim,2,30-1,30.0,1000.0,1.0,3561.0,False
A1AYTKAQT201ZV,prim,3,30-1,30.0,1000.0,1.0,3485.0,False
A1AYTKAQT201ZV,prim,3,30-1,30.0,1000.0,1.0,909.0,False
A1AYTKAQT201ZV,prim,3,30-1,30.0,1000.0,1.0,5893.0,False
A1AYTKAQT201ZV,prim,3,30-1,30.0,1000.0,1.0,0.0,True
A1AYTKAQT201ZV,prim,3,30-1,30.0,1000.0,1.0,1995.0,False
A1AYTKAQT201ZV,prim,3,30-1,30.0,1000.0,1.0,8356.0,False
A1AYTKAQT201ZV,prim,3,30-1,30.0,1000.0,1.0,5489.0,False
A1AYTKAQT201ZV,prim,4,30-1,30.0,1000.0,2.0,5217.0,False
A1AYTKAQT201ZV,prim,4,30-1,30.0,1000.0,2.0,836.0,False
A1AYTKAQT201ZV,prim,4,30-1,30.0,1000.0,1.0,3416.0,False
A1AYTKAQT201ZV,prim,4,30-1,30.0,1000.0,1.0,0.0,True
A1AYTKAQT201ZV,prim,4,30-1,30.0,1000.0,15.0,2102.0,False
A1BLHM2IDH7DH4,prim,1,40-1,40.0,1000.0,1.0,904.0,False
A1BLHM2IDH7DH4,prim,1,40-1,40.0,1000.0,1.0,3080.0,False
A1BLHM2IDH7DH4,prim,1,40-1,40.0,1000.0,2.0,2460.0,False
A1BLHM2IDH7DH4,prim,1,40-1,40.0,1000.0,2.0,559.0,False
A1BLHM2IDH7DH4,prim,1,40-1,40.0,1000.0,4.0,6060.0,False
A1BLHM2IDH7DH4,prim,1,40-1,40.0,1000.0,1.0,0.0,True
A1BLHM2IDH7DH4,prim,1,40-1,40.0,1000.0,2.0,4716.0,False
A1BLHM2IDH7DH4,prim,1,40-1,40.0,1000.0,2.0,3821.0,False
A1BLHM2IDH7DH4,prim,1,40-1,40.0,1000.0,1.0,3024.0,False
A1BLHM2IDH7DH4,prim,1,40-1,40.0,1000.0,4.0,1913.0,False
A1BLHM2IDH7DH4,prim,2,40-1,40.0,1000.0,1.0,0.0,True
A1BLHM2IDH7DH4,prim,2,40-1,40.0,1000.0,1.0,1809.0,False
A1BLHM2IDH7DH4,prim,2,40-1,40.0,1000.0,1.0,31859.0,False
A1BLHM2IDH7DH4,prim,2,40-1,40.0,1000.0,1.0,1926.0,False
A1BLHM2IDH7DH4,prim,2,40-1,40.0,1000.0,2.0,1642.0,False
A1BLHM2IDH7DH4,prim,2,40-1,40.0,1000.0,2.0,3105.0,False
A1BLHM2IDH7DH4,prim,2,40-1,40.0,1000.0,2.0,713.0,False
A1BLHM2IDH7DH4,prim,2,40-1,40.0,1000.0,1.0,939.0,False
A1BLHM2IDH7DH4,prim,2,40-1,40.0,1000.0,2.0,5739.0,False
A1BLHM2IDH7DH4,prim,2,40-1,40.0,1000.0,1.0,3144.0,False
A1BLHM2IDH7DH4,prim,2,40-1,40.0,1000.0,1.0,2229.0,False
A1BLHM2IDH7DH4,prim,3,40-1,40.0,1000.0,1.0,0.0,True
A1BLHM2IDH7DH4,prim,3,40-1,40.0,1000.0,1.0,1100.0,False
A1BLHM2IDH7DH4,prim,3,40-1,40.0,1000.0,2.0,5205.0,False
A1BLHM2IDH7DH4,prim,3,40-1,40.0,1000.0,2.0,5033.0,False
A1BLHM2IDH7DH4,prim,3,40-1,40.0,1000.0,1.0,8962.0,False
A1BLHM2IDH7DH4,prim,3,40-1,40.0,1000.0,1.0,4244.0,False
A1BLHM2IDH7DH4,prim,3,40-1,40.0,1000.0,2.0,473.0,False
A1BLHM2IDH7DH4,prim,3,40-1,40.0,1000.0,2.0,10082.0,False
A1BLHM2IDH7DH4,prim,3,40-1,40.0,1000.0,1.0,3291.0,False
A1BLHM2IDH7DH4,prim,3,40-1,40.0,1000.0,5.0,4274.0,False
A1BLHM2IDH7DH4,prim,4,40-1,40.0,1000.0,1.0,6155.0,False
A1BLHM2IDH7DH4,prim,4,40-1,40.0,1000.0,1.0,1570.0,False
A1BLHM2IDH7DH4,prim,4,40-1,40.0,1000.0,1.0,1061.0,False
A1BLHM2IDH7DH4,prim,4,40-1,40.0,1000.0,1.0,10979.0,False
A1BLHM2IDH7DH4,prim,4,40-1,40.0,1000.0,1.0,0.0,True
A1BLHM2IDH7DH4,prim,4,40-1,40.0,1000.0,3.0,6959.0,False
A1BLHM2IDH7DH4,prim,4,40-1,40.0,1000.0,2.0,3906.0,False
A1BLHM2IDH7DH4,prim,4,40-1,40.0,1000.0,1.0,2320.0,False
A1BLHM2IDH7DH4,prim,4,40-1,40.0,1000.0,1.0,91.0,False
A1BLHM2IDH7DH4,prim,4,40-1,40.0,1000.0,2.0,2793.0,False
A1CB9NR3SN4VMY,prim,1,20-2,20.0,2000.0,1.0,0.0,True
A1CB9NR3SN4VMY,prim,1,20-2,20.0,2000.0,2.0,6698.700000047684,False
A1CB9NR3SN4VMY,prim,1,20-2,20.0,2000.0,1.0,7105.700000047684,False
A1CB9NR3SN4VMY,prim,1,20-2,20.0,2000.0,2.0,3767.5,False
A1CB9NR3SN4VMY,prim,1,20-2,20.0,2000.0,1.0,4372.700000047684,False
A1CB9NR3SN4VMY,prim,1,20-2,20.0,2000.0,5.0,2285.8000000715256,False
A1CB9NR3SN4VMY,prim,1,20-2,20.0,2000.0,1.0,5659.500000119209,False
A1CB9NR3SN4VMY,prim,1,20-2,20.0,2000.0,1.0,2423.100000023842,False
A1CB9NR3SN4VMY,prim,1,20-2,20.0,2000.0,2.0,5015.800000071526,False
A1CB9NR3SN4VMY,prim,1,20-2,20.0,2000.0,1.0,149.79999995231628,False
A1CB9NR3SN4VMY,prim,2,20-2,20.0,2000.0,1.0,0.0,True
A1CB9NR3SN4VMY,prim,2,20-2,20.0,2000.0,1.0,2042.8999999761581,False
A1CB9NR3SN4VMY,prim,2,20-2,20.0,2000.0,1.0,2042.1999999284744,False
A1CB9NR3SN4VMY,prim,2,20-2,20.0,2000.0,2.0,1626.3999998569489,False
A1CB9NR3SN4VMY,prim,2,20-2,20.0,2000.0,1.0,5290.599999904633,False
A1CB9NR3SN4VMY,prim,2,20-2,20.0,2000.0,1.0,6077.499999880791,False
A1CB9NR3SN4VMY,prim,2,20-2,20.0,2000.0,1.0,146.70000004768372,False
A1CB9NR3SN4VMY,prim,2,20-2,20.0,2000.0,20.0,6037.799999952316,False
A1CB9NR3SN4VMY,prim,2,20-2,20.0,2000.0,20.0,1970.2999999523163,False
A1CB9NR3SN4VMY,prim,2,20-2,20.0,2000.0,1.0,3356.5,False
A1CB9NR3SN4VMY,prim,2,20-2,20.0,2000.0,19.0,3426.5,False
A1CB9NR3SN4VMY,prim,3,20-2,20.0,2000.0,1.0,0.0,True
A1CB9NR3SN4VMY,prim,3,20-2,20.0,2000.0,20.0,1515.0,False
A1CB9NR3SN4VMY,prim,3,20-2,20.0,2000.0,1.0,708.2999999988833,False
A1CB9NR3SN4VMY,prim,3,20-2,20.0,2000.0,2.0,3312.9000000003725,False
A1CB9NR3SN4VMY,prim,3,20-2,20.0,2000.0,19.0,3924.9000000003725,False
A1CB9NR3SN4VMY,prim,3,20-2,20.0,2000.0,20.0,2311.4000000003725,False
A1CB9NR3SN4VMY,prim,3,20-2,20.0,2000.0,20.0,692.2999999988833,False
A1CB9NR3SN4VMY,prim,3,20-2,20.0,2000.0,20.0,1771.0,False
A1CB9NR3SN4VMY,prim,3,20-2,20.0,2000.0,20.0,906.4999999981374,False
A1CB9NR3SN4VMY,prim,3,20-2,20.0,2000.0,20.0,88.79999999888332,False
A1CB9NR3SN4VMY,prim,3,20-2,20.0,2000.0,20.0,3146.5,False
A1CB9NR3SN4VMY,prim,4,20-2,20.0,2000.0,4.0,0.0,True
A1CB9NR3SN4VMY,prim,4,20-2,20.0,2000.0,1.0,2728.7999999970198,False
A1CB9NR3SN4VMY,prim,4,20-2,20.0,2000.0,1.0,2590.6000000089407,False
A1CB9NR3SN4VMY,prim,4,20-2,20.0,2000.0,1.0,1828.6000000089407,False
A1CB9NR3SN4VMY,prim,4,20-2,20.0,2000.0,1.0,6160.300000011921,False
A1CB9NR3SN4VMY,prim,4,20-2,20.0,2000.0,1.0,2529.2000000178814,False
A1CB9NR3SN4VMY,prim,4,20-2,20.0,2000.0,4.0,5570.300000011921,False
A1CB9NR3SN4VMY,prim,4,20-2,20.0,2000.0,1.0,4614.300000011921,False
A1CB9NR3SN4VMY,prim,4,20-2,20.0,2000.0,1.0,3467.800000011921,False
A1CB9NR3SN4VMY,prim,4,20-2,20.0,2000.0,1.0,18901.79999999702,False
A1CFMY4CEYOM8Y,rec,1,15-2,15.0,2000.0,14.0,236.69999999925494,False
A1CFMY4CEYOM8Y,rec,1,15-2,15.0,2000.0,14.0,1836.5999999977648,False
A1CFMY4CEYOM8Y,rec,1,15-2,15.0,2000.0,13.0,2662.39999999851,False
A1CFMY4CEYOM8Y,rec,1,15-2,15.0,2000.0,14.0,1293.4000000022352,False
A1CFMY4CEYOM8Y,rec,1,15-2,15.0,2000.0,1.0,10436.29999999702,False
A1CFMY4CEYOM8Y,rec,1,15-2,15.0,2000.0,14.0,3560.800000000745,False
A1CFMY4CEYOM8Y,rec,1,15-2,15.0,2000.0,13.0,0.0,True
A1CFMY4CEYOM8Y,rec,1,15-2,15.0,2000.0,14.0,370.5,False
A1CFMY4CEYOM8Y,rec,1,15-2,15.0,2000.0,14.0,238.19999999925494,False
A1CFMY4CEYOM8Y,rec,1,15-2,15.0,2000.0,14.0,1292.5,False
A1CFMY4CEYOM8Y,rec,1,15-2,15.0,2000.0,13.0,401.3999999985099,False
A1CFMY4CEYOM8Y,rec,2,15-2,15.0,2000.0,15.0,0.0,True
A1CFMY4CEYOM8Y,rec,2,15-2,15.0,2000.0,12.0,4827.5,False
A1CFMY4CEYOM8Y,rec,2,15-2,15.0,2000.0,12.0,5692.600000000093,False
A1CFMY4CEYOM8Y,rec,2,15-2,15.0,2000.0,1.0,1566.3000000002799,False
A1CFMY4CEYOM8Y,rec,2,15-2,15.0,2000.0,14.0,4951.700000000186,False
A1CFMY4CEYOM8Y,rec,2,15-2,15.0,2000.0,11.0,1846.2999999998137,False
A1CFMY4CEYOM8Y,rec,2,15-2,15.0,2000.0,14.0,2376.7000000001863,False
A1CFMY4CEYOM8Y,rec,2,15-2,15.0,2000.0,15.0,2451.2000000001863,False
A1CFMY4CEYOM8Y,rec,2,15-2,15.0,2000.0,14.0,3522.7000000001863,False
A1CFMY4CEYOM8Y,rec,2,15-2,15.0,2000.0,9.0,2504.2999999998137,False
A1CFMY4CEYOM8Y,rec,2,15-2,15.0,2000.0,12.0,1539.2999999998137,False
A1CFMY4CEYOM8Y,rec,2,15-2,15.0,2000.0,14.0,2562.0,False
A1CFMY4CEYOM8Y,rec,3,15-2,15.0,2000.0,15.0,0.0,True
A1CFMY4CEYOM8Y,rec,3,15-2,15.0,2000.0,13.0,2706.399999999907,False
A1CFMY4CEYOM8Y,rec,3,15-2,15.0,2000.0,14.0,2478.0,False
A1CFMY4CEYOM8Y,rec,3,15-2,15.0,2000.0,13.0,1537.5,False
A1CFMY4CEYOM8Y,rec,3,15-2,15.0,2000.0,13.0,2039.5999999996275,False
A1CFMY4CEYOM8Y,rec,3,15-2,15.0,2000.0,14.0,2302.3000000002794,False
A1CFMY4CEYOM8Y,rec,3,15-2,15.0,2000.0,14.0,3511.899999999907,False
A1CFMY4CEYOM8Y,rec,3,15-2,15.0,2000.0,12.0,7967.699999999721,False
A1CFMY4CEYOM8Y,rec,3,15-2,15.0,2000.0,7.0,1553.8999999999069,False
A1CFMY4CEYOM8Y,rec,3,15-2,15.0,2000.0,14.0,2685.399999999907,False
A1CFMY4CEYOM8Y,rec,3,15-2,15.0,2000.0,14.0,1538.6999999997206,False
A1CFMY4CEYOM8Y,rec,4,15-2,15.0,2000.0,14.0,0.0,True
A1CFMY4CEYOM8Y,rec,4,15-2,15.0,2000.0,14.0,3886.8000000026077,False
A1CFMY4CEYOM8Y,rec,4,15-2,15.0,2000.0,14.0,2824.60000000149,False
A1CFMY4CEYOM8Y,rec,4,15-2,15.0,2000.0,14.0,2347.10000000149,False
A1CFMY4CEYOM8Y,rec,4,15-2,15.0,2000.0,12.0,1862.7000000011176,False
A1CFMY4CEYOM8Y,rec,4,15-2,15.0,2000.0,7.0,3760.0000000018626,False
A1CFMY4CEYOM8Y,rec,4,15-2,15.0,2000.0,15.0,5599.700000001118,False
A1CFMY4CEYOM8Y,rec,4,15-2,15.0,2000.0,3.0,2131.9000000003725,False
A1CFMY4CEYOM8Y,rec,4,15-2,15.0,2000.0,6.0,3397.7000000011176,False
A1CFMY4CEYOM8Y,rec,4,15-2,15.0,2000.0,13.0,3061.6000000033528,False
A1CFMY4CEYOM8Y,rec,4,15-2,15.0,2000.0,10.0,9355.00000000186,False
A1CKIYN01NV9GJ,ns,1,20-1,20.0,1000.0,13.0,13.100000023842313,False
A1CKIYN01NV9GJ,ns,1,20-1,20.0,1000.0,4.0,2537.5999999046326,False
A1CKIYN01NV9GJ,ns,1,20-1,20.0,1000.0,20.0,1591.3999999761581,False
A1CKIYN01NV9GJ,ns,1,20-1,20.0,1000.0,19.0,1002.3999999761581,False
A1CKIYN01NV9GJ,ns,1,20-1,20.0,1000.0,16.0,729.5999999046326,False
A1CKIYN01NV9GJ,ns,1,20-1,20.0,1000.0,18.0,403.7999999523163,False
A1CKIYN01NV9GJ,ns,1,20-1,20.0,1000.0,17.0,1508.7999999523163,False
A1CKIYN01NV9GJ,ns,1,20-1,20.0,1000.0,14.0,2288.5,False
A1CKIYN01NV9GJ,ns,1,20-1,20.0,1000.0,19.0,1796.8999999761581,False
A1CKIYN01NV9GJ,ns,1,20-1,20.0,1000.0,6.0,456.6999999284744,False
A1CKIYN01NV9GJ,ns,1,20-1,20.0,1000.0,1.0,0.0,True
A1CKIYN01NV9GJ,ns,1,20-1,20.0,1000.0,13.0,275.7000000476837,False
A1CKIYN01NV9GJ,ns,2,20-1,20.0,1000.0,18.0,316.3000001907353,False
A1CKIYN01NV9GJ,ns,2,20-1,20.0,1000.0,17.0,0.0,True
A1CKIYN01NV9GJ,ns,2,20-1,20.0,1000.0,19.0,2966.2000000476837,False
A1CKIYN01NV9GJ,ns,2,20-1,20.0,1000.0,5.0,3475.5000002384186,False
A1CKIYN01NV9GJ,ns,2,20-1,20.0,1000.0,16.0,593.6000001430511,False
A1CKIYN01NV9GJ,ns,2,20-1,20.0,1000.0,12.0,1618.7000000476842,False
A1CKIYN01NV9GJ,ns,2,20-1,20.0,1000.0,14.0,3091.2000000476837,False
A1CKIYN01NV9GJ,ns,2,20-1,20.0,1000.0,17.0,868.1000001430511,False
A1CKIYN01NV9GJ,ns,2,20-1,20.0,1000.0,16.0,4525.400000333786,False
A1CKIYN01NV9GJ,ns,2,20-1,20.0,1000.0,9.0,1269.2000002861023,False
A1CKIYN01NV9GJ,ns,2,20-1,20.0,1000.0,1.0,2419.0,False
A1CKIYN01NV9GJ,ns,2,20-1,20.0,1000.0,9.0,5431.200000047684,False
A1DJB12ZI46GPX,prim,1,40-1,40.0,1000.0,2.0,0.0,True
A1DJB12ZI46GPX,prim,1,40-1,40.0,1000.0,2.0,3469.0,False
A1DJB12ZI46GPX,prim,1,40-1,40.0,1000.0,3.0,4422.0,False
A1DJB12ZI46GPX,prim,1,40-1,40.0,1000.0,1.0,190.0,False
A1DJB12ZI46GPX,prim,1,40-1,40.0,1000.0,1.0,10728.0,False
A1DJB12ZI46GPX,prim,1,40-1,40.0,1000.0,1.0,3106.0,False
A1DJB12ZI46GPX,prim,2,40-1,40.0,1000.0,2.0,11974.0,False
A1DJB12ZI46GPX,prim,2,40-1,40.0,1000.0,3.0,0.0,True
A1DJB12ZI46GPX,prim,2,40-1,40.0,1000.0,40.0,2206.0,False
A1DJB12ZI46GPX,prim,2,40-1,40.0,1000.0,1.0,5093.0,False
A1DJB12ZI46GPX,prim,2,40-1,40.0,1000.0,4.0,217.0,False
A1DJB12ZI46GPX,prim,2,40-1,40.0,1000.0,1.0,1749.0,False
A1DJB12ZI46GPX,prim,2,40-1,40.0,1000.0,2.0,4267.0,False
A1DJB12ZI46GPX,prim,3,40-1,40.0,1000.0,2.0,0.0,True
A1DJB12ZI46GPX,prim,3,40-1,40.0,1000.0,4.0,5616.0,False
A1DJB12ZI46GPX,prim,3,40-1,40.0,1000.0,1.0,18700.0,False
A1DJB12ZI46GPX,prim,3,40-1,40.0,1000.0,3.0,3257.0,False
A1DJB12ZI46GPX,prim,3,40-1,40.0,1000.0,3.0,5165.0,False
A1DJB12ZI46GPX,prim,3,40-1,40.0,1000.0,3.0,6629.0,False
A1DJB12ZI46GPX,prim,3,40-1,40.0,1000.0,1.0,5003.0,False
A1DJB12ZI46GPX,prim,3,40-1,40.0,1000.0,1.0,117.0,False
A1DJB12ZI46GPX,prim,3,40-1,40.0,1000.0,3.0,10826.0,False
A1DJB12ZI46GPX,prim,4,40-1,40.0,1000.0,3.0,1460.0,False
A1DJB12ZI46GPX,prim,4,40-1,40.0,1000.0,1.0,4655.0,False
A1DJB12ZI46GPX,prim,4,40-1,40.0,1000.0,3.0,0.0,True
A1DJB12ZI46GPX,prim,4,40-1,40.0,1000.0,1.0,2156.0,False
A1DJB12ZI46GPX,prim,4,40-1,40.0,1000.0,1.0,1484.0,False
A1DJB12ZI46GPX,prim,4,40-1,40.0,1000.0,4.0,860.0,False
A1DJB12ZI46GPX,prim,4,40-1,40.0,1000.0,5.0,272.0,False
A1DJB12ZI46GPX,prim,4,40-1,40.0,1000.0,4.0,3292.0,False
A1DJB12ZI46GPX,prim,4,40-1,40.0,1000.0,4.0,5077.0,False
A1DZMZTXWOM9MR,rec,1,40-1,40.0,1000.0,38.0,1.7999999970197678,False
A1DZMZTXWOM9MR,rec,1,40-1,40.0,1000.0,38.0,393.2999999988824,False
A1DZMZTXWOM9MR,rec,1,40-1,40.0,1000.0,39.0,0.0,True
A1DZMZTXWOM9MR,rec,1,40-1,40.0,1000.0,40.0,1144.0999999977648,False
A1DZMZTXWOM9MR,rec,1,40-1,40.0,1000.0,40.0,504.9999999962747,False
A1DZMZTXWOM9MR,rec,1,40-1,40.0,1000.0,39.0,984.9999999962747,False
A1DZMZTXWOM9MR,rec,1,40-1,40.0,1000.0,40.0,1105.5,False
A1DZMZTXWOM9MR,rec,1,40-1,40.0,1000.0,38.0,776.0999999977648,False
A1DZMZTXWOM9MR,rec,1,40-1,40.0,1000.0,40.0,364.19999999925494,False
A1DZMZTXWOM9MR,rec,1,40-1,40.0,1000.0,39.0,4719.799999997022,False
A1DZMZTXWOM9MR,rec,1,40-1,40.0,1000.0,40.0,2608.7999999970198,False
A1DZMZTXWOM9MR,rec,1,40-1,40.0,1000.0,40.0,2103.89999999851,False
A1DZMZTXWOM9MR,rec,2,40-1,40.0,1000.0,36.0,1752.300000000745,False
A1DZMZTXWOM9MR,rec,2,40-1,40.0,1000.0,40.0,1743.6000000014892,False
A1DZMZTXWOM9MR,rec,2,40-1,40.0,1000.0,40.0,3866.7000000011176,False
A1DZMZTXWOM9MR,rec,2,40-1,40.0,1000.0,39.0,2952.800000000745,False
A1DZMZTXWOM9MR,rec,2,40-1,40.0,1000.0,39.0,1820.9000000022352,False
A1DZMZTXWOM9MR,rec,2,40-1,40.0,1000.0,39.0,2621.10000000149,False
A1DZMZTXWOM9MR,rec,2,40-1,40.0,1000.0,39.0,1220.2000000011176,False
A1DZMZTXWOM9MR,rec,2,40-1,40.0,1000.0,39.0,1883.300000000745,False
A1DZMZTXWOM9MR,rec,2,40-1,40.0,1000.0,37.0,3282.60000000149,False
A1DZMZTXWOM9MR,rec,2,40-1,40.0,1000.0,39.0,7871.300000000745,False
A1DZMZTXWOM9MR,rec,2,40-1,40.0,1000.0,39.0,0.0,True
A1DZMZTXWOM9MR,rec,3,40-1,40.0,1000.0,40.0,1060.0999999996275,False
A1DZMZTXWOM9MR,rec,3,40-1,40.0,1000.0,39.0,2459.9000000003725,False
A1DZMZTXWOM9MR,rec,3,40-1,40.0,1000.0,39.0,914.4000000003725,False
A1DZMZTXWOM9MR,rec,3,40-1,40.0,1000.0,39.0,3971.2999999988842,False
A1DZMZTXWOM9MR,rec,3,40-1,40.0,1000.0,40.0,5299.800000000745,False
A1DZMZTXWOM9MR,rec,3,40-1,40.0,1000.0,40.0,0.0,True
A1DZMZTXWOM9MR,rec,3,40-1,40.0,1000.0,40.0,4320.0999999996275,False
A1DZMZTXWOM9MR,rec,3,40-1,40.0,1000.0,40.0,1313.2999999988824,False
A1DZMZTXWOM9MR,rec,3,40-1,40.0,1000.0,39.0,8699.699999999255,False
A1DZMZTXWOM9MR,rec,3,40-1,40.0,1000.0,38.0,1086.5,False
A1DZMZTXWOM9MR,rec,3,40-1,40.0,1000.0,40.0,1464.3999999985099,False
A1DZMZTXWOM9MR,rec,3,40-1,40.0,1000.0,40.0,1535.9999999981374,False
A1DZMZTXWOM9MR,rec,4,40-1,40.0,1000.0,38.0,0.0,True
A1DZMZTXWOM9MR,rec,4,40-1,40.0,1000.0,40.0,1709.3000000044703,False
A1DZMZTXWOM9MR,rec,4,40-1,40.0,1000.0,39.0,3162.9000000022334,False
A1DZMZTXWOM9MR,rec,4,40-1,40.0,1000.0,40.0,2808.0000000037253,False
A1DZMZTXWOM9MR,rec,4,40-1,40.0,1000.0,39.0,2767.2000000029802,False
A1DZMZTXWOM9MR,rec,4,40-1,40.0,1000.0,38.0,1364.1000000014901,False
A1DZMZTXWOM9MR,rec,4,40-1,40.0,1000.0,39.0,1779.1000000014901,False
A1DZMZTXWOM9MR,rec,4,40-1,40.0,1000.0,39.0,2655.300000000747,False
A1DZMZTXWOM9MR,rec,4,40-1,40.0,1000.0,40.0,1935.8999999985099,False
A1DZMZTXWOM9MR,rec,4,40-1,40.0,1000.0,40.0,4124.000000003725,False
A1DZMZTXWOM9MR,rec,4,40-1,40.0,1000.0,40.0,4207.70000000298,False
A1DZMZTXWOM9MR,rec,4,40-1,40.0,1000.0,39.0,3928.39999999851,False
A1E0K2VGY2684V,ns,1,15-2,15.0,2000.0,4.0,36811.0,False
A1E0K2VGY2684V,ns,1,15-2,15.0,2000.0,4.0,0.0,True
A1E0K2VGY2684V,ns,1,15-2,15.0,2000.0,1.0,1518.0,False
A1E0K2VGY2684V,ns,2,15-2,15.0,2000.0,2.0,2379.0,False
A1E0K2VGY2684V,ns,2,15-2,15.0,2000.0,2.0,4517.0,False
A1E0K2VGY2684V,ns,2,15-2,15.0,2000.0,1.0,4396.0,False
A1E0K2VGY2684V,ns,2,15-2,15.0,2000.0,1.0,17194.0,False
A1E0K2VGY2684V,ns,2,15-2,15.0,2000.0,15.0,5232.0,False
A1E0K2VGY2684V,ns,2,15-2,15.0,2000.0,15.0,3027.0,False
A1E0K2VGY2684V,ns,2,15-2,15.0,2000.0,1.0,2587.0,False
A1E0K2VGY2684V,ns,2,15-2,15.0,2000.0,14.0,1648.0,False
A1E0K2VGY2684V,ns,2,15-2,15.0,2000.0,1.0,0.0,True
A1E0K2VGY2684V,ns,2,15-2,15.0,2000.0,1.0,1599.0,False
A1E0K2VGY2684V,ns,3,15-2,15.0,2000.0,14.0,2372.0,False
A1E0K2VGY2684V,ns,3,15-2,15.0,2000.0,5.0,3312.0,False
A1E0K2VGY2684V,ns,3,15-2,15.0,2000.0,1.0,5416.0,False
A1E0K2VGY2684V,ns,3,15-2,15.0,2000.0,2.0,1051.0,False
A1E0K2VGY2684V,ns,3,15-2,15.0,2000.0,15.0,2249.0,False
A1E0K2VGY2684V,ns,3,15-2,15.0,2000.0,14.0,3334.0,False
A1E0K2VGY2684V,ns,3,15-2,15.0,2000.0,13.0,0.0,True
A1E0K2VGY2684V,ns,4,15-2,15.0,2000.0,4.0,7496.0,False
A1E0K2VGY2684V,ns,4,15-2,15.0,2000.0,15.0,20525.0,False
A1E0K2VGY2684V,ns,4,15-2,15.0,2000.0,15.0,0.0,True
A1E0K2VGY2684V,ns,4,15-2,15.0,2000.0,4.0,48103.0,False
A1E0K2VGY2684V,ns,4,15-2,15.0,2000.0,1.0,44209.0,False
A1E0K2VGY2684V,ns,4,15-2,15.0,2000.0,15.0,18397.0,False
A1E0K2VGY2684V,ns,4,15-2,15.0,2000.0,15.0,3335.0,False
A1E0K2VGY2684V,ns,4,15-2,15.0,2000.0,7.0,7985.0,False
A1E0K2VGY2684V,ns,4,15-2,15.0,2000.0,5.0,5163.0,False
A1E0K2VGY2684V,ns,4,15-2,15.0,2000.0,14.0,22775.0,False
A1E0K2VGY2684V,ns,4,15-2,15.0,2000.0,2.0,12139.0,False
A1EII5EWOTBDK9,rec,1,30-1,30.0,1000.0,10.0,763.0,False
A1EII5EWOTBDK9,rec,1,30-1,30.0,1000.0,29.0,26367.0,False
A1EII5EWOTBDK9,rec,1,30-1,30.0,1000.0,29.0,0.0,True
A1EII5EWOTBDK9,rec,1,30-1,30.0,1000.0,29.0,12253.0,False
A1EII5EWOTBDK9,rec,1,30-1,30.0,1000.0,29.0,2563.0,False
A1EII5EWOTBDK9,rec,1,30-1,30.0,1000.0,28.0,6197.0,False
A1EII5EWOTBDK9,rec,1,30-1,30.0,1000.0,29.0,3861.0,False
A1EII5EWOTBDK9,rec,1,30-1,30.0,1000.0,29.0,195.0,False
A1EII5EWOTBDK9,rec,1,30-1,30.0,1000.0,29.0,7789.0,False
A1EII5EWOTBDK9,rec,1,30-1,30.0,1000.0,28.0,4141.0,False
A1EII5EWOTBDK9,rec,1,30-1,30.0,1000.0,29.0,3572.0,False
A1EII5EWOTBDK9,rec,2,30-1,30.0,1000.0,28.0,1821.0,False
A1EII5EWOTBDK9,rec,2,30-1,30.0,1000.0,29.0,3707.0,False
A1EII5EWOTBDK9,rec,2,30-1,30.0,1000.0,26.0,0.0,True
A1EII5EWOTBDK9,rec,2,30-1,30.0,1000.0,1.0,3910.0,False
A1EII5EWOTBDK9,rec,2,30-1,30.0,1000.0,29.0,2587.0,False
A1EII5EWOTBDK9,rec,2,30-1,30.0,1000.0,30.0,2347.0,False
A1EII5EWOTBDK9,rec,2,30-1,30.0,1000.0,29.0,3398.0,False
A1EII5EWOTBDK9,rec,2,30-1,30.0,1000.0,30.0,2930.0,False
A1EII5EWOTBDK9,rec,2,30-1,30.0,1000.0,3.0,14.0,False
A1EII5EWOTBDK9,rec,3,30-1,30.0,1000.0,28.0,463.0,False
A1EII5EWOTBDK9,rec,3,30-1,30.0,1000.0,30.0,3459.0,False
A1EII5EWOTBDK9,rec,3,30-1,30.0,1000.0,24.0,2610.0,False
A1EII5EWOTBDK9,rec,3,30-1,30.0,1000.0,30.0,10082.0,False
A1EII5EWOTBDK9,rec,3,30-1,30.0,1000.0,30.0,2699.0,False
A1EII5EWOTBDK9,rec,3,30-1,30.0,1000.0,30.0,0.0,True
A1EII5EWOTBDK9,rec,3,30-1,30.0,1000.0,29.0,2524.0,False
A1EII5EWOTBDK9,rec,3,30-1,30.0,1000.0,30.0,24990.0,False
A1EII5EWOTBDK9,rec,3,30-1,30.0,1000.0,29.0,1391.0,False
A1EII5EWOTBDK9,rec,3,30-1,30.0,1000.0,29.0,5743.0,False
A1EII5EWOTBDK9,rec,4,30-1,30.0,1000.0,30.0,0.0,True
A1EII5EWOTBDK9,rec,4,30-1,30.0,1000.0,29.0,40.0,False
A1EII5EWOTBDK9,rec,4,30-1,30.0,1000.0,27.0,2471.0,False
A1EII5EWOTBDK9,rec,4,30-1,30.0,1000.0,29.0,985.0,False
A1EII5EWOTBDK9,rec,4,30-1,30.0,1000.0,30.0,926.0,False
A1EII5EWOTBDK9,rec,4,30-1,30.0,1000.0,30.0,4818.0,False
A1EII5EWOTBDK9,rec,4,30-1,30.0,1000.0,22.0,12211.0,False
A1EII5EWOTBDK9,rec,4,30-1,30.0,1000.0,30.0,12399.0,False
A1EII5EWOTBDK9,rec,4,30-1,30.0,1000.0,30.0,3764.0,False
A1EII5EWOTBDK9,rec,4,30-1,30.0,1000.0,28.0,982.0,False
A1EII5EWOTBDK9,rec,4,30-1,30.0,1000.0,30.0,2140.0,False
A1EU59VMI8GL4K,rec,1,40-1,40.0,1000.0,1.0,2437.0,False
A1EU59VMI8GL4K,rec,1,40-1,40.0,1000.0,5.0,5394.0,False
A1EU59VMI8GL4K,rec,1,40-1,40.0,1000.0,2.0,7534.0,False
A1EU59VMI8GL4K,rec,1,40-1,40.0,1000.0,40.0,72.0,False
A1EU59VMI8GL4K,rec,1,40-1,40.0,1000.0,39.0,966.0,False
A1EU59VMI8GL4K,rec,1,40-1,40.0,1000.0,39.0,1813.0,False
A1EU59VMI8GL4K,rec,1,40-1,40.0,1000.0,33.0,0.0,True
A1EU59VMI8GL4K,rec,1,40-1,40.0,1000.0,40.0,10715.0,False
A1EU59VMI8GL4K,rec,1,40-1,40.0,1000.0,40.0,3064.0,False
A1EU59VMI8GL4K,rec,1,40-1,40.0,1000.0,29.0,3954.0,False
A1EU59VMI8GL4K,rec,1,40-1,40.0,1000.0,40.0,2558.0,False
A1EU59VMI8GL4K,rec,1,40-1,40.0,1000.0,40.0,1402.0,False
A1EU59VMI8GL4K,rec,2,40-1,40.0,1000.0,40.0,0.0,True
A1EU59VMI8GL4K,rec,2,40-1,40.0,1000.0,37.0,7899.0,False
A1EU59VMI8GL4K,rec,2,40-1,40.0,1000.0,39.0,6885.0,False
A1EU59VMI8GL4K,rec,2,40-1,40.0,1000.0,39.0,8659.0,False
A1EU59VMI8GL4K,rec,2,40-1,40.0,1000.0,40.0,5914.0,False
A1EU59VMI8GL4K,rec,2,40-1,40.0,1000.0,40.0,15627.0,False
A1EU59VMI8GL4K,rec,2,40-1,40.0,1000.0,39.0,3653.0,False
A1EU59VMI8GL4K,rec,2,40-1,40.0,1000.0,40.0,6374.0,False
A1EU59VMI8GL4K,rec,2,40-1,40.0,1000.0,40.0,11151.0,False
A1EU59VMI8GL4K,rec,2,40-1,40.0,1000.0,38.0,12841.0,False
A1EU59VMI8GL4K,rec,2,40-1,40.0,1000.0,40.0,6296.0,False
A1EU59VMI8GL4K,rec,2,40-1,40.0,1000.0,39.0,7981.0,False
A1EU59VMI8GL4K,rec,3,40-1,40.0,1000.0,38.0,0.0,True
A1EU59VMI8GL4K,rec,3,40-1,40.0,1000.0,39.0,9330.0,False
A1EU59VMI8GL4K,rec,3,40-1,40.0,1000.0,37.0,7970.0,False
A1EU59VMI8GL4K,rec,3,40-1,40.0,1000.0,40.0,7312.0,False
A1EU59VMI8GL4K,rec,3,40-1,40.0,1000.0,34.0,7348.0,False
A1EU59VMI8GL4K,rec,3,40-1,40.0,1000.0,38.0,3081.0,False
A1EU59VMI8GL4K,rec,3,40-1,40.0,1000.0,39.0,5053.0,False
A1EU59VMI8GL4K,rec,3,40-1,40.0,1000.0,37.0,5592.0,False
A1EU59VMI8GL4K,rec,3,40-1,40.0,1000.0,33.0,6179.0,False
A1EU59VMI8GL4K,rec,3,40-1,40.0,1000.0,37.0,1788.0,False
A1EU59VMI8GL4K,rec,3,40-1,40.0,1000.0,40.0,6095.0,False
A1EU59VMI8GL4K,rec,4,40-1,40.0,1000.0,37.0,0.0,True
A1EU59VMI8GL4K,rec,4,40-1,40.0,1000.0,38.0,462.0,False
A1EU59VMI8GL4K,rec,4,40-1,40.0,1000.0,37.0,1499.0,False
A1EU59VMI8GL4K,rec,4,40-1,40.0,1000.0,39.0,6.0,False
A1EU59VMI8GL4K,rec,4,40-1,40.0,1000.0,34.0,2965.0,False
A1EU59VMI8GL4K,rec,4,40-1,40.0,1000.0,40.0,731.0,False
A1EU59VMI8GL4K,rec,4,40-1,40.0,1000.0,27.0,2191.0,False
A1EU59VMI8GL4K,rec,4,40-1,40.0,1000.0,17.0,776.0,False
A1EU59VMI8GL4K,rec,4,40-1,40.0,1000.0,28.0,2080.0,False
A1EU59VMI8GL4K,rec,4,40-1,40.0,1000.0,37.0,2176.0,False
A1EU59VMI8GL4K,rec,4,40-1,40.0,1000.0,40.0,3183.0,False
A1EU59VMI8GL4K,rec,4,40-1,40.0,1000.0,29.0,8017.0,False
A1F0R1MSPTXHHV,ns,1,10-2,10.0,2000.0,2.0,6060.100000143051,False
A1F0R1MSPTXHHV,ns,1,10-2,10.0,2000.0,1.0,3095.7000000476837,False
A1F0R1MSPTXHHV,ns,1,10-2,10.0,2000.0,3.0,1654.5,False
A1F0R1MSPTXHHV,ns,1,10-2,10.0,2000.0,1.0,1711.2000000476837,False
A1F0R1MSPTXHHV,ns,1,10-2,10.0,2000.0,10.0,919.4000000953674,False
A1F0R1MSPTXHHV,ns,1,10-2,10.0,2000.0,10.0,285.40000009536743,False
A1F0R1MSPTXHHV,ns,1,10-2,10.0,2000.0,8.0,0.0,True
A1F0R1MSPTXHHV,ns,1,10-2,10.0,2000.0,10.0,3750.0,False
A1F0R1MSPTXHHV,ns,2,10-2,10.0,2000.0,9.0,0.0,True
A1F0R1MSPTXHHV,ns,2,10-2,10.0,2000.0,9.0,7630.800000190735,False
A1F0R1MSPTXHHV,ns,2,10-2,10.0,2000.0,9.0,1753.9000000953674,False
A1F0R1MSPTXHHV,ns,2,10-2,10.0,2000.0,8.0,3014.7000002861023,False
A1F0R1MSPTXHHV,ns,2,10-2,10.0,2000.0,10.0,3439.000000476837,False
A1F0R1MSPTXHHV,ns,2,10-2,10.0,2000.0,6.0,2915.7000002861023,False
A1F0R1MSPTXHHV,ns,2,10-2,10.0,2000.0,9.0,3790.6000003814697,False
A1F0R1MSPTXHHV,ns,2,10-2,10.0,2000.0,10.0,2644.2000002861023,False
A1F0R1MSPTXHHV,ns,2,10-2,10.0,2000.0,1.0,3849.9000005722046,False
A1F0R1MSPTXHHV,ns,3,10-2,10.0,2000.0,3.0,23.19999998807907,False
A1F0R1MSPTXHHV,ns,3,10-2,10.0,2000.0,3.0,2810.2999999821186,False
A1F0R1MSPTXHHV,ns,3,10-2,10.0,2000.0,1.0,0.0,True
A1F0R1MSPTXHHV,ns,3,10-2,10.0,2000.0,2.0,15812.399999976158,False
A1F0R1MSPTXHHV,ns,3,10-2,10.0,2000.0,2.0,16094.199999988079,False
A1F0R1MSPTXHHV,ns,3,10-2,10.0,2000.0,2.0,16547.5,False
A1F0R1MSPTXHHV,ns,3,10-2,10.0,2000.0,1.0,19423.90000000596,False
A1F0R1MSPTXHHV,ns,3,10-2,10.0,2000.0,1.0,27728.099999964237,False
A1F0R1MSPTXHHV,ns,3,10-2,10.0,2000.0,2.0,19083.5,False
A1F0R1MSPTXHHV,ns,3,10-2,10.0,2000.0,3.0,19166.79999998212,False
A1F0R1MSPTXHHV,ns,4,10-2,10.0,2000.0,1.0,3228.399999856949,False
A1F0R1MSPTXHHV,ns,4,10-2,10.0,2000.0,2.0,0.0,True
A1F0R1MSPTXHHV,ns,4,10-2,10.0,2000.0,2.0,8187.599999904633,False
A1F0R1MSPTXHHV,ns,4,10-2,10.0,2000.0,2.0,10137.99999988079,False
A1F0R1MSPTXHHV,ns,4,10-2,10.0,2000.0,2.0,15276.299999952316,False
A1F0R1MSPTXHHV,ns,4,10-2,10.0,2000.0,3.0,1253.9999998807907,False
A1F0R1MSPTXHHV,ns,4,10-2,10.0,2000.0,5.0,4713.799999952316,False
A1F0VEHWK3IAF4,ns,1,40-1,40.0,1000.0,6.0,0.0,True
A1F0VEHWK3IAF4,ns,1,40-1,40.0,1000.0,1.0,2023.7000000476837,False
A1F0VEHWK3IAF4,ns,1,40-1,40.0,1000.0,9.0,5080.200000047684,False
A1F0VEHWK3IAF4,ns,1,40-1,40.0,1000.0,36.0,7403.299999952316,False
A1F0VEHWK3IAF4,ns,1,40-1,40.0,1000.0,1.0,3074.7000000476837,False
A1F0VEHWK3IAF4,ns,1,40-1,40.0,1000.0,32.0,11155.200000047684,False
A1F0VEHWK3IAF4,ns,1,40-1,40.0,1000.0,37.0,3461.2000000476837,False
A1F0VEHWK3IAF4,ns,1,40-1,40.0,1000.0,32.0,813.6000001430511,False
A1F0VEHWK3IAF4,ns,2,40-1,40.0,1000.0,3.0,3052.5999999046326,False
A1F0VEHWK3IAF4,ns,2,40-1,40.0,1000.0,2.0,2748.4000000953693,False
A1F0VEHWK3IAF4,ns,2,40-1,40.0,1000.0,40.0,9824.599999904633,False
A1F0VEHWK3IAF4,ns,2,40-1,40.0,1000.0,9.0,35498.59999990463,False
A1F0VEHWK3IAF4,ns,2,40-1,40.0,1000.0,17.0,4865.5,False
A1F0VEHWK3IAF4,ns,2,40-1,40.0,1000.0,15.0,788.9000000953674,False
A1F0VEHWK3IAF4,ns,2,40-1,40.0,1000.0,3.0,0.0,True
A1F0VEHWK3IAF4,ns,2,40-1,40.0,1000.0,2.0,10490.0,False
A1F0VEHWK3IAF4,ns,2,40-1,40.0,1000.0,34.0,3184.9000000953693,False
A1F0VEHWK3IAF4,ns,2,40-1,40.0,1000.0,2.0,9026.5,False
A1F0VEHWK3IAF4,ns,3,40-1,40.0,1000.0,3.0,0.0,True
A1F0VEHWK3IAF4,ns,3,40-1,40.0,1000.0,1.0,1364.000000000001,False
A1F0VEHWK3IAF4,ns,3,40-1,40.0,1000.0,1.0,3346.300000011922,False
A1F0VEHWK3IAF4,ns,3,40-1,40.0,1000.0,40.0,8082.199999988082,False
A1F0VEHWK3IAF4,ns,3,40-1,40.0,1000.0,1.0,14747.000000029799,False
A1F0VEHWK3IAF4,ns,3,40-1,40.0,1000.0,9.0,11823.0,False
A1F0VEHWK3IAF4,ns,3,40-1,40.0,1000.0,2.0,5531.000000000001,False
A1F0VEHWK3IAF4,ns,4,40-1,40.0,1000.0,14.0,1176.8000000715256,False
A1F0VEHWK3IAF4,ns,4,40-1,40.0,1000.0,1.0,2049.7000000476837,False
A1F0VEHWK3IAF4,ns,4,40-1,40.0,1000.0,38.0,0.0,True
A1F0VEHWK3IAF4,ns,4,40-1,40.0,1000.0,2.0,878.6000000238419,False
A1F0VEHWK3IAF4,ns,4,40-1,40.0,1000.0,39.0,1314.3999999761581,False
A1F0VEHWK3IAF4,ns,4,40-1,40.0,1000.0,8.0,3066.1999999284744,False
A1F0VEHWK3IAF4,ns,4,40-1,40.0,1000.0,4.0,2677.600000023842,False
A1F0VEHWK3IAF4,ns,4,40-1,40.0,1000.0,5.0,5633.200000047684,False
A1F0VEHWK3IAF4,ns,4,40-1,40.0,1000.0,9.0,4143.5,False
A1F9KLZGHE9DTA,rec,1,30-1,30.0,1000.0,30.0,1553.0999999940395,False
A1F9KLZGHE9DTA,rec,1,30-1,30.0,1000.0,30.0,2642.800000011921,False
A1F9KLZGHE9DTA,rec,1,30-1,30.0,1000.0,30.0,2864.7000000178814,False
A1F9KLZGHE9DTA,rec,1,30-1,30.0,1000.0,29.0,2311.0999999940395,False
A1F9KLZGHE9DTA,rec,1,30-1,30.0,1000.0,30.0,697.5,False
A1F9KLZGHE9DTA,rec,1,30-1,30.0,1000.0,30.0,3346.7999999821186,False
A1F9KLZGHE9DTA,rec,1,30-1,30.0,1000.0,30.0,899.9000000059605,False
A1F9KLZGHE9DTA,rec,1,30-1,30.0,1000.0,29.0,574.0999999940395,False
A1F9KLZGHE9DTA,rec,1,30-1,30.0,1000.0,27.0,0.0,True
A1F9KLZGHE9DTA,rec,1,30-1,30.0,1000.0,28.0,3451.9000000059605,False
A1F9KLZGHE9DTA,rec,1,30-1,30.0,1000.0,30.0,1640.0999999940395,False
A1F9KLZGHE9DTA,rec,1,30-1,30.0,1000.0,29.0,3902.2000000178814,False
A1F9KLZGHE9DTA,rec,2,30-1,30.0,1000.0,29.0,0.0,True
A1F9KLZGHE9DTA,rec,2,30-1,30.0,1000.0,30.0,3454.0,False
A1F9KLZGHE9DTA,rec,2,30-1,30.0,1000.0,29.0,4510.39999999851,False
A1F9KLZGHE9DTA,rec,2,30-1,30.0,1000.0,27.0,2443.39999999851,False
A1F9KLZGHE9DTA,rec,2,30-1,30.0,1000.0,29.0,4937.0,False
A1F9KLZGHE9DTA,rec,2,30-1,30.0,1000.0,26.0,1058.9000000022352,False
A1F9KLZGHE9DTA,rec,2,30-1,30.0,1000.0,28.0,2330.0,False
A1F9KLZGHE9DTA,rec,2,30-1,30.0,1000.0,29.0,1238.3999999985099,False
A1F9KLZGHE9DTA,rec,2,30-1,30.0,1000.0,30.0,2028.0,False
A1F9KLZGHE9DTA,rec,2,30-1,30.0,1000.0,28.0,1085.1999999955297,False
A1F9KLZGHE9DTA,rec,2,30-1,30.0,1000.0,27.0,728.3999999985099,False
A1F9KLZGHE9DTA,rec,3,30-1,30.0,1000.0,26.0,0.0,True
A1F9KLZGHE9DTA,rec,3,30-1,30.0,1000.0,29.0,4126.600000023842,False
A1F9KLZGHE9DTA,rec,3,30-1,30.0,1000.0,30.0,6543.9000000059605,False
A1F9KLZGHE9DTA,rec,3,30-1,30.0,1000.0,29.0,3641.899999976158,False
A1F9KLZGHE9DTA,rec,3,30-1,30.0,1000.0,29.0,3748.300000011921,False
A1F9KLZGHE9DTA,rec,3,30-1,30.0,1000.0,28.0,2877.7999999821186,False
A1F9KLZGHE9DTA,rec,3,30-1,30.0,1000.0,29.0,3766.2999999821186,False
A1F9KLZGHE9DTA,rec,3,30-1,30.0,1000.0,29.0,1446.199999988079,False
A1F9KLZGHE9DTA,rec,3,30-1,30.0,1000.0,27.0,2290.5999999940404,False
A1F9KLZGHE9DTA,rec,3,30-1,30.0,1000.0,29.0,2898.0999999940404,False
A1F9KLZGHE9DTA,rec,3,30-1,30.0,1000.0,29.0,2868.0,False
A1F9KLZGHE9DTA,rec,3,30-1,30.0,1000.0,28.0,3511.5999999940404,False
A1F9KLZGHE9DTA,rec,4,30-1,30.0,1000.0,30.0,0.0,True
A1F9KLZGHE9DTA,rec,4,30-1,30.0,1000.0,30.0,4570.899999976158,False
A1F9KLZGHE9DTA,rec,4,30-1,30.0,1000.0,30.0,2351.100000023842,False
A1F9KLZGHE9DTA,rec,4,30-1,30.0,1000.0,29.0,1703.0999999642372,False
A1F9KLZGHE9DTA,rec,4,30-1,30.0,1000.0,23.0,2014.5999999642372,False
A1F9KLZGHE9DTA,rec,4,30-1,30.0,1000.0,28.0,1952.5,False
A1F9KLZGHE9DTA,rec,4,30-1,30.0,1000.0,29.0,1757.9000000357628,False
A1F9KLZGHE9DTA,rec,4,30-1,30.0,1000.0,28.0,2213.900000035763,False
A1F9KLZGHE9DTA,rec,4,30-1,30.0,1000.0,28.0,2408.5,False
A1F9KLZGHE9DTA,rec,4,30-1,30.0,1000.0,26.0,1937.5999999642372,False
A1F9KLZGHE9DTA,rec,4,30-1,30.0,1000.0,28.0,2187.5,False
A1F9KLZGHE9DTA,rec,4,30-1,30.0,1000.0,28.0,2519.0,False
A1FM638CHGPC1M,ns,1,20-2,20.0,2000.0,2.0,450.19999998807907,False
A1FM638CHGPC1M,ns,1,20-2,20.0,2000.0,1.0,1558.8999999761581,False
A1FM638CHGPC1M,ns,1,20-2,20.0,2000.0,3.0,661.8999999761581,False
A1FM638CHGPC1M,ns,1,20-2,20.0,2000.0,1.0,184.0999999642372,False
A1FM638CHGPC1M,ns,1,20-2,20.0,2000.0,1.0,0.0,True
A1FM638CHGPC1M,ns,1,20-2,20.0,2000.0,1.0,3368.2999999523163,False
A1FM638CHGPC1M,ns,1,20-2,20.0,2000.0,1.0,2914.599999964237,False
A1FM638CHGPC1M,ns,2,20-2,20.0,2000.0,1.0,0.0,True
A1FM638CHGPC1M,ns,2,20-2,20.0,2000.0,20.0,1808.2000000476833,False
A1FM638CHGPC1M,ns,2,20-2,20.0,2000.0,20.0,5750.299999952316,False
A1FM638CHGPC1M,ns,2,20-2,20.0,2000.0,20.0,2068.3999999761577,False
A1FM638CHGPC1M,ns,2,20-2,20.0,2000.0,1.0,3763.599999904632,False
A1FM638CHGPC1M,ns,2,20-2,20.0,2000.0,1.0,5141.199999928474,False
A1FM638CHGPC1M,ns,2,20-2,20.0,2000.0,19.0,317.19999992847397,False
A1FM638CHGPC1M,ns,2,20-2,20.0,2000.0,20.0,4921.399999976158,False
A1FM638CHGPC1M,ns,2,20-2,20.0,2000.0,17.0,1212.4999999999995,False
A1FM638CHGPC1M,ns,3,20-2,20.0,2000.0,1.0,3597.8000000715256,False
A1FM638CHGPC1M,ns,3,20-2,20.0,2000.0,1.0,6279.900000095367,False
A1FM638CHGPC1M,ns,3,20-2,20.0,2000.0,1.0,4104.800000071526,False
A1FM638CHGPC1M,ns,3,20-2,20.0,2000.0,20.0,3010.399999976158,False
A1FM638CHGPC1M,ns,3,20-2,20.0,2000.0,19.0,867.0,False
A1FM638CHGPC1M,ns,3,20-2,20.0,2000.0,20.0,3851.100000023842,False
A1FM638CHGPC1M,ns,3,20-2,20.0,2000.0,19.0,496.39999997615814,False
A1FM638CHGPC1M,ns,3,20-2,20.0,2000.0,20.0,1682.4000000953674,False
A1FM638CHGPC1M,ns,3,20-2,20.0,2000.0,20.0,5005.100000143051,False
A1FM638CHGPC1M,ns,3,20-2,20.0,2000.0,20.0,4072.8000000715256,False
A1FM638CHGPC1M,ns,3,20-2,20.0,2000.0,20.0,0.0,True
A1FM638CHGPC1M,ns,4,20-2,20.0,2000.0,19.0,0.0,True
A1FM638CHGPC1M,ns,4,20-2,20.0,2000.0,1.0,13332.20000000298,False
A1FM638CHGPC1M,ns,4,20-2,20.0,2000.0,1.0,1655.7000000029802,False
A1FM638CHGPC1M,ns,4,20-2,20.0,2000.0,2.0,4475.400000002237,False
A1FM638CHGPC1M,ns,4,20-2,20.0,2000.0,1.0,5870.4000000059605,False
A1FM638CHGPC1M,ns,4,20-2,20.0,2000.0,1.0,27912.300000000745,False
A1FM638CHGPC1M,ns,4,20-2,20.0,2000.0,1.0,13118.0,False
A1GRPIBHW72HDU,rec,1,10-2,10.0,2000.0,10.0,2017.0,False
A1GRPIBHW72HDU,rec,1,10-2,10.0,2000.0,10.0,3400.0,False
A1GRPIBHW72HDU,rec,1,10-2,10.0,2000.0,8.0,2634.0,False
A1GRPIBHW72HDU,rec,1,10-2,10.0,2000.0,10.0,919.0,False
A1GRPIBHW72HDU,rec,1,10-2,10.0,2000.0,8.0,1138.0,False
A1GRPIBHW72HDU,rec,1,10-2,10.0,2000.0,10.0,1103.0,False
A1GRPIBHW72HDU,rec,1,10-2,10.0,2000.0,10.0,0.0,True
A1GRPIBHW72HDU,rec,1,10-2,10.0,2000.0,10.0,875.0,False
A1GRPIBHW72HDU,rec,1,10-2,10.0,2000.0,10.0,3925.0,False
A1GRPIBHW72HDU,rec,1,10-2,10.0,2000.0,10.0,851.0,False
A1GRPIBHW72HDU,rec,1,10-2,10.0,2000.0,10.0,2509.0,False
A1GRPIBHW72HDU,rec,1,10-2,10.0,2000.0,10.0,802.0,False
A1GRPIBHW72HDU,rec,2,10-2,10.0,2000.0,10.0,0.0,True
A1GRPIBHW72HDU,rec,2,10-2,10.0,2000.0,8.0,1644.0,False
A1GRPIBHW72HDU,rec,2,10-2,10.0,2000.0,10.0,1475.0,False
A1GRPIBHW72HDU,rec,2,10-2,10.0,2000.0,9.0,1945.0,False
A1GRPIBHW72HDU,rec,2,10-2,10.0,2000.0,10.0,251.0,False
A1GRPIBHW72HDU,rec,2,10-2,10.0,2000.0,8.0,2583.0,False
A1GRPIBHW72HDU,rec,2,10-2,10.0,2000.0,10.0,886.0,False
A1GRPIBHW72HDU,rec,2,10-2,10.0,2000.0,9.0,1743.0,False
A1GRPIBHW72HDU,rec,2,10-2,10.0,2000.0,9.0,761.0,False
A1GRPIBHW72HDU,rec,2,10-2,10.0,2000.0,9.0,1906.0,False
A1GRPIBHW72HDU,rec,2,10-2,10.0,2000.0,10.0,846.0,False
A1GRPIBHW72HDU,rec,3,10-2,10.0,2000.0,10.0,0.0,True
A1GRPIBHW72HDU,rec,3,10-2,10.0,2000.0,10.0,1142.0,False
A1GRPIBHW72HDU,rec,3,10-2,10.0,2000.0,10.0,1593.0,False
A1GRPIBHW72HDU,rec,3,10-2,10.0,2000.0,8.0,1691.0,False
A1GRPIBHW72HDU,rec,3,10-2,10.0,2000.0,9.0,937.0,False
A1GRPIBHW72HDU,rec,3,10-2,10.0,2000.0,10.0,1662.0,False
A1GRPIBHW72HDU,rec,3,10-2,10.0,2000.0,9.0,3223.0,False
A1GRPIBHW72HDU,rec,3,10-2,10.0,2000.0,10.0,1451.0,False
A1GRPIBHW72HDU,rec,3,10-2,10.0,2000.0,10.0,2426.0,False
A1GRPIBHW72HDU,rec,3,10-2,10.0,2000.0,10.0,1461.0,False
A1GRPIBHW72HDU,rec,3,10-2,10.0,2000.0,10.0,2409.0,False
A1GRPIBHW72HDU,rec,3,10-2,10.0,2000.0,10.0,1708.0,False
A1GRPIBHW72HDU,rec,4,10-2,10.0,2000.0,10.0,0.0,True
A1GRPIBHW72HDU,rec,4,10-2,10.0,2000.0,10.0,3176.0,False
A1GRPIBHW72HDU,rec,4,10-2,10.0,2000.0,10.0,4428.0,False
A1GRPIBHW72HDU,rec,4,10-2,10.0,2000.0,10.0,2306.0,False
A1GRPIBHW72HDU,rec,4,10-2,10.0,2000.0,9.0,1243.0,False
A1GRPIBHW72HDU,rec,4,10-2,10.0,2000.0,8.0,2087.0,False
A1GRPIBHW72HDU,rec,4,10-2,10.0,2000.0,10.0,2327.0,False
A1GRPIBHW72HDU,rec,4,10-2,10.0,2000.0,8.0,1774.0,False
A1GRPIBHW72HDU,rec,4,10-2,10.0,2000.0,10.0,1518.0,False
A1GRPIBHW72HDU,rec,4,10-2,10.0,2000.0,9.0,1758.0,False
A1GRPIBHW72HDU,rec,4,10-2,10.0,2000.0,9.0,2087.0,False
A1GRPIBHW72HDU,rec,4,10-2,10.0,2000.0,10.0,2135.0,False
A1HENLDLQEO5BZ,prim,1,20-2,20.0,2000.0,1.0,0.0,True
A1HENLDLQEO5BZ,prim,1,20-2,20.0,2000.0,1.0,4173.899999856949,False
A1HENLDLQEO5BZ,prim,1,20-2,20.0,2000.0,1.0,4814.699999809265,False
A1HENLDLQEO5BZ,prim,1,20-2,20.0,2000.0,1.0,8004.899999856949,False
A1HENLDLQEO5BZ,prim,1,20-2,20.0,2000.0,1.0,1598.1999998092651,False
A1HENLDLQEO5BZ,prim,1,20-2,20.0,2000.0,1.0,675.8999998569489,False
A1HENLDLQEO5BZ,prim,1,20-2,20.0,2000.0,1.0,5247.599999904633,False
A1HENLDLQEO5BZ,prim,1,20-2,20.0,2000.0,1.0,1810.9999997615814,False
A1HENLDLQEO5BZ,prim,1,20-2,20.0,2000.0,1.0,1617.5,False
A1HENLDLQEO5BZ,prim,2,20-2,20.0,2000.0,1.0,0.0,True
A1HENLDLQEO5BZ,prim,2,20-2,20.0,2000.0,1.0,2383.9000000953674,False
A1HENLDLQEO5BZ,prim,2,20-2,20.0,2000.0,1.0,4374.299999713898,False
A1HENLDLQEO5BZ,prim,2,20-2,20.0,2000.0,1.0,3293.7999997138977,False
A1HENLDLQEO5BZ,prim,2,20-2,20.0,2000.0,1.0,8647.599999904634,False
A1HENLDLQEO5BZ,prim,2,20-2,20.0,2000.0,1.0,565.5999994277954,False
A1HENLDLQEO5BZ,prim,2,20-2,20.0,2000.0,1.0,9357.400000095367,False
A1HENLDLQEO5BZ,prim,2,20-2,20.0,2000.0,1.0,5658.099999904634,False
A1HENLDLQEO5BZ,prim,2,20-2,20.0,2000.0,1.0,3568.0999994277954,False
A1HENLDLQEO5BZ,prim,2,20-2,20.0,2000.0,1.0,11567.499999523161,False
A1HENLDLQEO5BZ,prim,2,20-2,20.0,2000.0,1.0,4859.099999904634,False
A1HENLDLQEO5BZ,prim,3,20-2,20.0,2000.0,1.0,0.0,True
A1HENLDLQEO5BZ,prim,3,20-2,20.0,2000.0,1.0,4588.599999904633,False
A1HENLDLQEO5BZ,prim,3,20-2,20.0,2000.0,1.0,7268.700000286102,False
A1HENLDLQEO5BZ,prim,3,20-2,20.0,2000.0,1.0,8785.300000190737,False
A1HENLDLQEO5BZ,prim,3,20-2,20.0,2000.0,3.0,3899.2999997138977,False
A1HENLDLQEO5BZ,prim,3,20-2,20.0,2000.0,1.0,7183.700000286102,False
A1HENLDLQEO5BZ,prim,3,20-2,20.0,2000.0,1.0,3975.199999809265,False
A1HENLDLQEO5BZ,prim,3,20-2,20.0,2000.0,1.0,3284.699999809265,False
A1HENLDLQEO5BZ,prim,3,20-2,20.0,2000.0,4.0,3582.699999809265,False
A1HENLDLQEO5BZ,prim,3,20-2,20.0,2000.0,1.0,2453.8999996185303,False
A1HENLDLQEO5BZ,prim,3,20-2,20.0,2000.0,1.0,2804.5,False
A1HENLDLQEO5BZ,prim,4,20-2,20.0,2000.0,1.0,2745.5,False
A1HENLDLQEO5BZ,prim,4,20-2,20.0,2000.0,1.0,6816.60000038147,False
A1HENLDLQEO5BZ,prim,4,20-2,20.0,2000.0,1.0,768.9000005722046,False
A1HENLDLQEO5BZ,prim,4,20-2,20.0,2000.0,1.0,1846.0000004768372,False
A1HENLDLQEO5BZ,prim,4,20-2,20.0,2000.0,1.0,2081.000000476837,False
A1HENLDLQEO5BZ,prim,4,20-2,20.0,2000.0,1.0,693.300000667572,False
A1HENLDLQEO5BZ,prim,4,20-2,20.0,2000.0,1.0,1185.2000002861023,False
A1HENLDLQEO5BZ,prim,4,20-2,20.0,2000.0,1.0,2177.500000476837,False
A1HENLDLQEO5BZ,prim,4,20-2,20.0,2000.0,1.0,0.0,True
A1HGWCCIWP7AO0,ns,1,40-1,40.0,1000.0,40.0,0.0,True
A1HGWCCIWP7AO0,ns,1,40-1,40.0,1000.0,1.0,65058.40000152588,False
A1HGWCCIWP7AO0,ns,1,40-1,40.0,1000.0,39.0,8253.900000572203,False
A1HGWCCIWP7AO0,ns,1,40-1,40.0,1000.0,40.0,4428.900001525879,False
A1HGWCCIWP7AO0,ns,1,40-1,40.0,1000.0,3.0,5075.000000953676,False
A1HGWCCIWP7AO0,ns,1,40-1,40.0,1000.0,38.0,4318.600001335144,False
A1HGWCCIWP7AO0,ns,1,40-1,40.0,1000.0,40.0,6749.700000762939,False
A1HGWCCIWP7AO0,ns,1,40-1,40.0,1000.0,38.0,5273.400000572203,False
A1HGWCCIWP7AO0,ns,1,40-1,40.0,1000.0,37.0,2842.5000009536743,False
A1HGWCCIWP7AO0,ns,1,40-1,40.0,1000.0,1.0,10752.30000114441,False
A1HGWCCIWP7AO0,ns,1,40-1,40.0,1000.0,38.0,11687.400000572205,False
A1HGWCCIWP7AO0,ns,2,40-1,40.0,1000.0,40.0,0.0,True
A1HGWCCIWP7AO0,ns,2,40-1,40.0,1000.0,40.0,7116.699999809267,False
A1HGWCCIWP7AO0,ns,2,40-1,40.0,1000.0,1.0,50214.39999961854,False
A1HGWCCIWP7AO0,ns,2,40-1,40.0,1000.0,1.0,17701.5,False
A1HGWCCIWP7AO0,ns,2,40-1,40.0,1000.0,1.0,6888.800000190737,False
A1HGWCCIWP7AO0,ns,2,40-1,40.0,1000.0,15.0,42303.00000000001,False
A1HGWCCIWP7AO0,ns,2,40-1,40.0,1000.0,1.0,2400.4000005722064,False
A1HGWCCIWP7AO0,ns,2,40-1,40.0,1000.0,39.0,3667.6000003814734,False
A1HGWCCIWP7AO0,ns,3,40-1,40.0,1000.0,3.0,0.0,True
A1HGWCCIWP7AO0,ns,3,40-1,40.0,1000.0,1.0,11461.60000038147,False
A1HGWCCIWP7AO0,ns,3,40-1,40.0,1000.0,3.0,4399.600000381468,False
A1HGWCCIWP7AO0,ns,3,40-1,40.0,1000.0,34.0,10124.60000038147,False
A1HGWCCIWP7AO0,ns,3,40-1,40.0,1000.0,39.0,4113.200000762941,False
A1HGWCCIWP7AO0,ns,3,40-1,40.0,1000.0,1.0,11993.200000762936,False
A1HGWCCIWP7AO0,ns,3,40-1,40.0,1000.0,11.0,28409.70000076294,False
A1HGWCCIWP7AO0,ns,3,40-1,40.0,1000.0,22.0,1204.5,False
A1HGWCCIWP7AO0,ns,3,40-1,40.0,1000.0,1.0,6737.800000190735,False
A1HGWCCIWP7AO0,ns,3,40-1,40.0,1000.0,21.0,14056.5,False
A1HGWCCIWP7AO0,ns,3,40-1,40.0,1000.0,38.0,4843.800000190735,False
A1HLDOM6JTYYI2,prim,1,20-1,20.0,1000.0,20.0,0.0,True
A1HLDOM6JTYYI2,prim,1,20-1,20.0,1000.0,1.0,1295.0,False
A1HLDOM6JTYYI2,prim,1,20-1,20.0,1000.0,20.0,1434.0,False
A1HLDOM6JTYYI2,prim,1,20-1,20.0,1000.0,14.0,933.0,False
A1HLDOM6JTYYI2,prim,1,20-1,20.0,1000.0,6.0,1657.0,False
A1HLDOM6JTYYI2,prim,1,20-1,20.0,1000.0,19.0,1028.0,False
A1HLDOM6JTYYI2,prim,1,20-1,20.0,1000.0,1.0,2041.0,False
A1HLDOM6JTYYI2,prim,1,20-1,20.0,1000.0,1.0,1588.0,False
A1HLDOM6JTYYI2,prim,1,20-1,20.0,1000.0,1.0,1356.0,False
A1HLDOM6JTYYI2,prim,1,20-1,20.0,1000.0,1.0,521.0,False
A1HLDOM6JTYYI2,prim,1,20-1,20.0,1000.0,1.0,5291.0,False
A1HLDOM6JTYYI2,prim,2,20-1,20.0,1000.0,1.0,58.0,False
A1HLDOM6JTYYI2,prim,2,20-1,20.0,1000.0,1.0,3259.0,False
A1HLDOM6JTYYI2,prim,2,20-1,20.0,1000.0,3.0,216.0,False
A1HLDOM6JTYYI2,prim,2,20-1,20.0,1000.0,20.0,684.0,False
A1HLDOM6JTYYI2,prim,2,20-1,20.0,1000.0,20.0,207.0,False
A1HLDOM6JTYYI2,prim,2,20-1,20.0,1000.0,1.0,1630.0,False
A1HLDOM6JTYYI2,prim,2,20-1,20.0,1000.0,1.0,0.0,True
A1HLDOM6JTYYI2,prim,2,20-1,20.0,1000.0,3.0,2409.0,False
A1HLDOM6JTYYI2,prim,2,20-1,20.0,1000.0,1.0,33.0,False
A1HLDOM6JTYYI2,prim,2,20-1,20.0,1000.0,1.0,231.0,False
A1HLDOM6JTYYI2,prim,2,20-1,20.0,1000.0,1.0,2147.0,False
A1HLDOM6JTYYI2,prim,2,20-1,20.0,1000.0,1.0,1561.0,False
A1HLDOM6JTYYI2,prim,3,20-1,20.0,1000.0,1.0,1492.0,False
A1HLDOM6JTYYI2,prim,3,20-1,20.0,1000.0,1.0,165.0,False
A1HLDOM6JTYYI2,prim,3,20-1,20.0,1000.0,1.0,44.0,False
A1HLDOM6JTYYI2,prim,3,20-1,20.0,1000.0,1.0,518.0,False
A1HLDOM6JTYYI2,prim,3,20-1,20.0,1000.0,1.0,0.0,True
A1HLDOM6JTYYI2,prim,3,20-1,20.0,1000.0,1.0,724.0,False
A1HLDOM6JTYYI2,prim,3,20-1,20.0,1000.0,1.0,838.0,False
A1HLDOM6JTYYI2,prim,3,20-1,20.0,1000.0,1.0,4574.0,False
A1HLDOM6JTYYI2,prim,3,20-1,20.0,1000.0,1.0,10513.0,False
A1HLDOM6JTYYI2,prim,3,20-1,20.0,1000.0,1.0,1325.0,False
A1HLDOM6JTYYI2,prim,3,20-1,20.0,1000.0,1.0,10916.0,False
A1HLDOM6JTYYI2,prim,4,20-1,20.0,1000.0,1.0,0.0,True
A1HLDOM6JTYYI2,prim,4,20-1,20.0,1000.0,1.0,1622.0,False
A1HLDOM6JTYYI2,prim,4,20-1,20.0,1000.0,1.0,1402.0,False
A1HLDOM6JTYYI2,prim,4,20-1,20.0,1000.0,1.0,1603.0,False
A1HLDOM6JTYYI2,prim,4,20-1,20.0,1000.0,1.0,992.0,False
A1HLDOM6JTYYI2,prim,4,20-1,20.0,1000.0,1.0,2548.0,False
A1HLDOM6JTYYI2,prim,4,20-1,20.0,1000.0,1.0,2127.0,False
A1HLDOM6JTYYI2,prim,4,20-1,20.0,1000.0,1.0,1261.0,False
A1HLDOM6JTYYI2,prim,4,20-1,20.0,1000.0,1.0,1351.0,False
A1HLDOM6JTYYI2,prim,4,20-1,20.0,1000.0,1.0,1713.0,False
A1HLDOM6JTYYI2,prim,4,20-1,20.0,1000.0,1.0,3371.0,False
A1HLDOM6JTYYI2,prim,4,20-1,20.0,1000.0,1.0,4378.0,False
A1HR8IRDC07FO9,prim,1,20-1,20.0,1000.0,2.0,3086.0,False
A1HR8IRDC07FO9,prim,1,20-1,20.0,1000.0,1.0,8362.0,False
A1HR8IRDC07FO9,prim,1,20-1,20.0,1000.0,1.0,3294.0,False
A1HR8IRDC07FO9,prim,1,20-1,20.0,1000.0,1.0,4296.0,False
A1HR8IRDC07FO9,prim,1,20-1,20.0,1000.0,1.0,2318.0,False
A1HR8IRDC07FO9,prim,1,20-1,20.0,1000.0,1.0,5584.0,False
A1HR8IRDC07FO9,prim,1,20-1,20.0,1000.0,1.0,4005.0,False
A1HR8IRDC07FO9,prim,1,20-1,20.0,1000.0,2.0,0.0,True
A1HR8IRDC07FO9,prim,1,20-1,20.0,1000.0,1.0,3577.0,False
A1HR8IRDC07FO9,prim,2,20-1,20.0,1000.0,2.0,3787.0,False
A1HR8IRDC07FO9,prim,2,20-1,20.0,1000.0,1.0,0.0,True
A1HR8IRDC07FO9,prim,2,20-1,20.0,1000.0,1.0,1105.0,False
A1HR8IRDC07FO9,prim,2,20-1,20.0,1000.0,1.0,293.0,False
A1HR8IRDC07FO9,prim,2,20-1,20.0,1000.0,1.0,902.0,False
A1HR8IRDC07FO9,prim,2,20-1,20.0,1000.0,2.0,898.0,False
A1HR8IRDC07FO9,prim,2,20-1,20.0,1000.0,1.0,5191.0,False
A1HR8IRDC07FO9,prim,3,20-1,20.0,1000.0,1.0,444.0,False
A1HR8IRDC07FO9,prim,3,20-1,20.0,1000.0,3.0,4360.0,False
A1HR8IRDC07FO9,prim,3,20-1,20.0,1000.0,2.0,10961.0,False
A1HR8IRDC07FO9,prim,3,20-1,20.0,1000.0,19.0,12604.0,False
A1HR8IRDC07FO9,prim,3,20-1,20.0,1000.0,2.0,7045.0,False
A1HR8IRDC07FO9,prim,3,20-1,20.0,1000.0,19.0,827.0,False
A1HR8IRDC07FO9,prim,3,20-1,20.0,1000.0,19.0,2821.0,False
A1HR8IRDC07FO9,prim,3,20-1,20.0,1000.0,19.0,10098.0,False
A1HR8IRDC07FO9,prim,3,20-1,20.0,1000.0,18.0,0.0,True
A1HR8IRDC07FO9,prim,3,20-1,20.0,1000.0,20.0,3251.0,False
A1HR8IRDC07FO9,prim,4,20-1,20.0,1000.0,1.0,0.0,True
A1HR8IRDC07FO9,prim,4,20-1,20.0,1000.0,1.0,15534.0,False
A1HR8IRDC07FO9,prim,4,20-1,20.0,1000.0,1.0,13011.0,False
A1HR8IRDC07FO9,prim,4,20-1,20.0,1000.0,2.0,12179.0,False
A1HR8IRDC07FO9,prim,4,20-1,20.0,1000.0,19.0,13569.0,False
A1HR8IRDC07FO9,prim,4,20-1,20.0,1000.0,18.0,5700.0,False
A1HR8IRDC07FO9,prim,4,20-1,20.0,1000.0,1.0,7396.0,False
A1HR8IRDC07FO9,prim,4,20-1,20.0,1000.0,18.0,9693.0,False
A1HR8IRDC07FO9,prim,4,20-1,20.0,1000.0,19.0,7596.0,False
A1HR8IRDC07FO9,prim,4,20-1,20.0,1000.0,3.0,11263.0,False
A1I9RLJQ0BYN21,prim,1,10-2,10.0,2000.0,1.0,108.60000014305115,False
A1I9RLJQ0BYN21,prim,1,10-2,10.0,2000.0,3.0,1730.3000001907349,False
A1I9RLJQ0BYN21,prim,1,10-2,10.0,2000.0,1.0,0.0,True
A1I9RLJQ0BYN21,prim,1,10-2,10.0,2000.0,10.0,2269.7000000476837,False
A1I9RLJQ0BYN21,prim,1,10-2,10.0,2000.0,2.0,6433.200000286102,False
A1I9RLJQ0BYN21,prim,1,10-2,10.0,2000.0,2.0,4663.200000047684,False
A1I9RLJQ0BYN21,prim,1,10-2,10.0,2000.0,1.0,22.799999952316284,False
A1I9RLJQ0BYN21,prim,1,10-2,10.0,2000.0,2.0,5564.700000286102,False
A1I9RLJQ0BYN21,prim,1,10-2,10.0,2000.0,3.0,1823.3000001907349,False
A1I9RLJQ0BYN21,prim,1,10-2,10.0,2000.0,1.0,4029.900000333786,False
A1I9RLJQ0BYN21,prim,1,10-2,10.0,2000.0,2.0,881.3000001907349,False
A1I9RLJQ0BYN21,prim,1,10-2,10.0,2000.0,1.0,3367.7000002861023,False
A1I9RLJQ0BYN21,prim,2,10-2,10.0,2000.0,10.0,898.1000001430511,False
A1I9RLJQ0BYN21,prim,2,10-2,10.0,2000.0,1.0,624.5,False
A1I9RLJQ0BYN21,prim,2,10-2,10.0,2000.0,3.0,1485.3000001907349,False
A1I9RLJQ0BYN21,prim,2,10-2,10.0,2000.0,1.0,0.0,True
A1I9RLJQ0BYN21,prim,2,10-2,10.0,2000.0,4.0,1604.0,False
A1I9RLJQ0BYN21,prim,2,10-2,10.0,2000.0,1.0,4900.5,False
A1I9RLJQ0BYN21,prim,2,10-2,10.0,2000.0,3.0,3750.0,False
A1I9RLJQ0BYN21,prim,2,10-2,10.0,2000.0,1.0,18.899999856948853,False
A1I9RLJQ0BYN21,prim,2,10-2,10.0,2000.0,9.0,269.80000019073486,False
A1I9RLJQ0BYN21,prim,2,10-2,10.0,2000.0,10.0,1886.2000000476837,False
A1I9RLJQ0BYN21,prim,2,10-2,10.0,2000.0,2.0,399.2999999523163,False
A1IGKJ200N82S9,rec,1,30-1,30.0,1000.0,6.0,1777.0,False
A1IGKJ200N82S9,rec,1,30-1,30.0,1000.0,1.0,732.0,False
A1IGKJ200N82S9,rec,1,30-1,30.0,1000.0,28.0,2891.0,False
A1IGKJ200N82S9,rec,1,30-1,30.0,1000.0,29.0,1536.0,False
A1IGKJ200N82S9,rec,1,30-1,30.0,1000.0,30.0,187.0,False
A1IGKJ200N82S9,rec,1,30-1,30.0,1000.0,24.0,3660.0,False
A1IGKJ200N82S9,rec,1,30-1,30.0,1000.0,29.0,392.0,False
A1IGKJ200N82S9,rec,1,30-1,30.0,1000.0,30.0,3747.0,False
A1IGKJ200N82S9,rec,1,30-1,30.0,1000.0,25.0,1050.0,False
A1IGKJ200N82S9,rec,1,30-1,30.0,1000.0,27.0,0.0,True
A1IGKJ200N82S9,rec,2,30-1,30.0,1000.0,30.0,0.0,True
A1IGKJ200N82S9,rec,2,30-1,30.0,1000.0,29.0,1121.0,False
A1IGKJ200N82S9,rec,2,30-1,30.0,1000.0,27.0,1667.0,False
A1IGKJ200N82S9,rec,2,30-1,30.0,1000.0,30.0,1574.0,False
A1IGKJ200N82S9,rec,2,30-1,30.0,1000.0,29.0,2294.0,False
A1IGKJ200N82S9,rec,2,30-1,30.0,1000.0,30.0,1939.0,False
A1IGKJ200N82S9,rec,2,30-1,30.0,1000.0,28.0,1112.0,False
A1IGKJ200N82S9,rec,2,30-1,30.0,1000.0,24.0,3234.0,False
A1IGKJ200N82S9,rec,2,30-1,30.0,1000.0,29.0,2246.0,False
A1IGKJ200N82S9,rec,2,30-1,30.0,1000.0,30.0,6038.0,False
A1IGKJ200N82S9,rec,2,30-1,30.0,1000.0,29.0,1643.0,False
A1IGKJ200N82S9,rec,3,30-1,30.0,1000.0,26.0,827.0,False
A1IGKJ200N82S9,rec,3,30-1,30.0,1000.0,27.0,617.0,False
A1IGKJ200N82S9,rec,3,30-1,30.0,1000.0,28.0,1349.0,False
A1IGKJ200N82S9,rec,3,30-1,30.0,1000.0,30.0,0.0,True
A1IGKJ200N82S9,rec,3,30-1,30.0,1000.0,1.0,4117.0,False
A1IGKJ200N82S9,rec,3,30-1,30.0,1000.0,2.0,36191.0,False
A1IGKJ200N82S9,rec,3,30-1,30.0,1000.0,27.0,433.0,False
A1IGKJ200N82S9,rec,3,30-1,30.0,1000.0,2.0,25151.0,False
A1IGKJ200N82S9,rec,3,30-1,30.0,1000.0,28.0,6713.0,False
A1IGKJ200N82S9,rec,3,30-1,30.0,1000.0,26.0,616.0,False
A1IGKJ200N82S9,rec,3,30-1,30.0,1000.0,22.0,2514.0,False
A1IGKJ200N82S9,rec,3,30-1,30.0,1000.0,29.0,1091.0,False
A1IGKJ200N82S9,rec,4,30-1,30.0,1000.0,28.0,0.0,True
A1IGKJ200N82S9,rec,4,30-1,30.0,1000.0,29.0,1632.0,False
A1IGKJ200N82S9,rec,4,30-1,30.0,1000.0,30.0,2481.0,False
A1IGKJ200N82S9,rec,4,30-1,30.0,1000.0,26.0,635.0,False
A1IGKJ200N82S9,rec,4,30-1,30.0,1000.0,29.0,3280.0,False
A1IGKJ200N82S9,rec,4,30-1,30.0,1000.0,30.0,657.0,False
A1IGKJ200N82S9,rec,4,30-1,30.0,1000.0,29.0,2516.0,False
A1IGKJ200N82S9,rec,4,30-1,30.0,1000.0,27.0,1493.0,False
A1IGKJ200N82S9,rec,4,30-1,30.0,1000.0,22.0,2938.0,False
A1IGKJ200N82S9,rec,4,30-1,30.0,1000.0,29.0,1467.0,False
A1IGKJ200N82S9,rec,4,30-1,30.0,1000.0,24.0,24325.0,False
A1IGKJ200N82S9,rec,4,30-1,30.0,1000.0,23.0,1970.0,False
A1IL5P5H5VRW0D,prim,1,40-1,40.0,1000.0,5.0,4576.399999976158,False
A1IL5P5H5VRW0D,prim,1,40-1,40.0,1000.0,1.0,8150.200000047684,False
A1IL5P5H5VRW0D,prim,1,40-1,40.0,1000.0,2.0,1261.3000000715256,False
A1IL5P5H5VRW0D,prim,1,40-1,40.0,1000.0,1.0,1767.0,False
A1IL5P5H5VRW0D,prim,1,40-1,40.0,1000.0,2.0,1095.8999999761581,False
A1IL5P5H5VRW0D,prim,1,40-1,40.0,1000.0,5.0,0.0,True
A1IL5P5H5VRW0D,prim,1,40-1,40.0,1000.0,2.0,199.10000002384186,False
A1IL5P5H5VRW0D,prim,1,40-1,40.0,1000.0,2.0,2058.7999999523163,False
A1IL5P5H5VRW0D,prim,2,40-1,40.0,1000.0,7.0,1527.4000000059605,False
A1IL5P5H5VRW0D,prim,2,40-1,40.0,1000.0,1.0,982.5,False
A1IL5P5H5VRW0D,prim,2,40-1,40.0,1000.0,2.0,2094.9000000059605,False
A1IL5P5H5VRW0D,prim,2,40-1,40.0,1000.0,1.0,705.3000000417233,False
A1IL5P5H5VRW0D,prim,2,40-1,40.0,1000.0,3.0,0.0,True
A1IL5P5H5VRW0D,prim,2,40-1,40.0,1000.0,4.0,6299.800000011921,False
A1IL5P5H5VRW0D,prim,2,40-1,40.0,1000.0,3.0,2696.400000035763,False
A1IL5P5H5VRW0D,prim,2,40-1,40.0,1000.0,1.0,1197.0,False
A1IL5P5H5VRW0D,prim,2,40-1,40.0,1000.0,6.0,2893.900000035763,False
A1IL5P5H5VRW0D,prim,3,40-1,40.0,1000.0,2.0,12048.5,False
A1IL5P5H5VRW0D,prim,3,40-1,40.0,1000.0,3.0,0.0,True
A1IL5P5H5VRW0D,prim,3,40-1,40.0,1000.0,4.0,2655.600000023842,False
A1IL5P5H5VRW0D,prim,3,40-1,40.0,1000.0,1.0,1768.3999999761581,False
A1IL5P5H5VRW0D,prim,3,40-1,40.0,1000.0,1.0,74925.70000004768,False
A1IL5P5H5VRW0D,prim,3,40-1,40.0,1000.0,4.0,7660.899999976158,False
A1IL5P5H5VRW0D,prim,3,40-1,40.0,1000.0,2.0,1832.5,False
A1IL5P5H5VRW0D,prim,3,40-1,40.0,1000.0,1.0,20394.20000004768,False
A1IL5P5H5VRW0D,prim,3,40-1,40.0,1000.0,2.0,2668.3000000715256,False
A1IL5P5H5VRW0D,prim,3,40-1,40.0,1000.0,2.0,9588.400000095367,False
A1IL5P5H5VRW0D,prim,4,40-1,40.0,1000.0,39.0,595.3000001907349,False
A1IL5P5H5VRW0D,prim,4,40-1,40.0,1000.0,2.0,1184.0,False
A1IL5P5H5VRW0D,prim,4,40-1,40.0,1000.0,2.0,2732.899999856949,False
A1IL5P5H5VRW0D,prim,4,40-1,40.0,1000.0,1.0,0.0,True
A1IL5P5H5VRW0D,prim,4,40-1,40.0,1000.0,1.0,20936.000000000004,False
A1IL5P5H5VRW0D,prim,4,40-1,40.0,1000.0,1.0,2482.5999999046326,False
A1IL5P5H5VRW0D,prim,4,40-1,40.0,1000.0,3.0,4174.5,False
A1IL5P5H5VRW0D,prim,4,40-1,40.0,1000.0,5.0,3204.9000000953674,False
A1IL5P5H5VRW0D,prim,4,40-1,40.0,1000.0,3.0,1016.9000000953674,False
A1IL5P5H5VRW0D,prim,4,40-1,40.0,1000.0,6.0,5658.200000047684,False
A1IL5P5H5VRW0D,prim,4,40-1,40.0,1000.0,1.0,26474.299999952324,False
A1J39RAV7TKEMF,ns,1,20-2,20.0,2000.0,3.0,1686.5999999046326,False
A1J39RAV7TKEMF,ns,1,20-2,20.0,2000.0,16.0,11680.099999904633,False
A1J39RAV7TKEMF,ns,1,20-2,20.0,2000.0,1.0,20715.799999952316,False
A1J39RAV7TKEMF,ns,1,20-2,20.0,2000.0,17.0,2187.199999809265,False
A1J39RAV7TKEMF,ns,1,20-2,20.0,2000.0,14.0,22886.5,False
A1J39RAV7TKEMF,ns,1,20-2,20.0,2000.0,20.0,1802.6999998092651,False
A1J39RAV7TKEMF,ns,1,20-2,20.0,2000.0,20.0,3053.899999856949,False
A1J39RAV7TKEMF,ns,1,20-2,20.0,2000.0,20.0,0.0,True
A1J39RAV7TKEMF,ns,1,20-2,20.0,2000.0,6.0,8487.699999809265,False
A1J39RAV7TKEMF,ns,2,20-2,20.0,2000.0,12.0,11148.5,False
A1J39RAV7TKEMF,ns,2,20-2,20.0,2000.0,20.0,2753.0,False
A1J39RAV7TKEMF,ns,2,20-2,20.0,2000.0,1.0,11200.199999809265,False
A1J39RAV7TKEMF,ns,2,20-2,20.0,2000.0,19.0,25039.0,False
A1J39RAV7TKEMF,ns,2,20-2,20.0,2000.0,11.0,34635.300000190735,False
A1J39RAV7TKEMF,ns,2,20-2,20.0,2000.0,12.0,961.9000000953674,False
A1J39RAV7TKEMF,ns,2,20-2,20.0,2000.0,20.0,3911.6999998092633,False
A1J39RAV7TKEMF,ns,2,20-2,20.0,2000.0,10.0,10534.799999952316,False
A1J39RAV7TKEMF,ns,2,20-2,20.0,2000.0,20.0,0.0,True
A1J39RAV7TKEMF,ns,2,20-2,20.0,2000.0,15.0,3899.100000143051,False
A1J39RAV7TKEMF,ns,3,20-2,20.0,2000.0,13.0,615.9000000953674,False
A1J39RAV7TKEMF,ns,3,20-2,20.0,2000.0,19.0,21469.500000000007,False
A1J39RAV7TKEMF,ns,3,20-2,20.0,2000.0,20.0,0.0,True
A1J39RAV7TKEMF,ns,3,20-2,20.0,2000.0,20.0,5129.600000143051,False
A1J39RAV7TKEMF,ns,3,20-2,20.0,2000.0,12.0,46328.70000004769,False
A1J39RAV7TKEMF,ns,3,20-2,20.0,2000.0,17.0,5491.500000238419,False
A1J39RAV7TKEMF,ns,3,20-2,20.0,2000.0,20.0,13624.600000143051,False
A1J39RAV7TKEMF,ns,3,20-2,20.0,2000.0,16.0,3838.0,False
A1J39RAV7TKEMF,ns,3,20-2,20.0,2000.0,5.0,11389.500000238419,False
A1J39RAV7TKEMF,ns,4,20-2,20.0,2000.0,1.0,8309.099999904633,False
A1J39RAV7TKEMF,ns,4,20-2,20.0,2000.0,2.0,218.09999990463257,False
A1J39RAV7TKEMF,ns,4,20-2,20.0,2000.0,3.0,2342.0999999046326,False
A1J39RAV7TKEMF,ns,4,20-2,20.0,2000.0,1.0,33517.5,False
A1J39RAV7TKEMF,ns,4,20-2,20.0,2000.0,11.0,0.0,True
A1J39RAV7TKEMF,ns,4,20-2,20.0,2000.0,2.0,1047.2000002861023,False
A1J39RAV7TKEMF,ns,4,20-2,20.0,2000.0,2.0,3203.800000190735,False
A1J39RAV7TKEMF,ns,4,20-2,20.0,2000.0,2.0,2763.7999997138977,False
A1J39RAV7TKEMF,ns,4,20-2,20.0,2000.0,1.0,3624.1000003814697,False
A1J39RAV7TKEMF,ns,4,20-2,20.0,2000.0,2.0,737.5,False
A1J39RAV7TKEMF,ns,4,20-2,20.0,2000.0,1.0,204.89999961853027,False
A1J5OW12TRQSOW,ns,1,40-1,40.0,1000.0,40.0,2030.6999998092651,False
A1J5OW12TRQSOW,ns,1,40-1,40.0,1000.0,23.0,9284.100000143053,False
A1J5OW12TRQSOW,ns,1,40-1,40.0,1000.0,40.0,937.1999998092651,False
A1J5OW12TRQSOW,ns,1,40-1,40.0,1000.0,30.0,3182.2999999523163,False
A1J5OW12TRQSOW,ns,1,40-1,40.0,1000.0,39.0,0.0,True
A1J5OW12TRQSOW,ns,1,40-1,40.0,1000.0,38.0,1721.5,False
A1J5OW12TRQSOW,ns,1,40-1,40.0,1000.0,39.0,509.0,False
A1J5OW12TRQSOW,ns,1,40-1,40.0,1000.0,27.0,1813.2000000476837,False
A1J5OW12TRQSOW,ns,1,40-1,40.0,1000.0,37.0,1604.0,False
A1J5OW12TRQSOW,ns,2,40-1,40.0,1000.0,4.0,0.0,True
A1J5OW12TRQSOW,ns,2,40-1,40.0,1000.0,32.0,4086.699999988079,False
A1J5OW12TRQSOW,ns,2,40-1,40.0,1000.0,2.0,6475.999999999998,False
A1J5OW12TRQSOW,ns,2,40-1,40.0,1000.0,22.0,5351.0999999940395,False
A1J5OW12TRQSOW,ns,2,40-1,40.0,1000.0,3.0,7679.5999999940395,False
A1J5OW12TRQSOW,ns,2,40-1,40.0,1000.0,39.0,5004.199999988079,False
A1J5OW12TRQSOW,ns,2,40-1,40.0,1000.0,1.0,3601.2999999821186,False
A1J5OW12TRQSOW,ns,2,40-1,40.0,1000.0,1.0,29244.59999999404,False
A1J5OW12TRQSOW,ns,2,40-1,40.0,1000.0,28.0,1911.699999988079,False
A1J5OW12TRQSOW,ns,2,40-1,40.0,1000.0,39.0,2834.699999988079,False
A1J5OW12TRQSOW,ns,2,40-1,40.0,1000.0,17.0,4398.9999999701995,False
A1J5OW12TRQSOW,ns,2,40-1,40.0,1000.0,1.0,16121.09999996424,False
A1J6CZ176U6GDT,rec,1,20-1,20.0,1000.0,20.0,0.0,True
A1J6CZ176U6GDT,rec,1,20-1,20.0,1000.0,20.0,2662.7000002861023,False
A1J6CZ176U6GDT,rec,1,20-1,20.0,1000.0,20.0,572.9000000953674,False
A1J6CZ176U6GDT,rec,1,20-1,20.0,1000.0,19.0,1037.9000000953674,False
A1J6CZ176U6GDT,rec,1,20-1,20.0,1000.0,20.0,1539.9000000953674,False
A1J6CZ176U6GDT,rec,1,20-1,20.0,1000.0,20.0,2036.3000001907349,False
A1J6CZ176U6GDT,rec,1,20-1,20.0,1000.0,20.0,1088.5999999046326,False
A1J6CZ176U6GDT,rec,1,20-1,20.0,1000.0,20.0,2904.9000000953674,False
A1J6CZ176U6GDT,rec,1,20-1,20.0,1000.0,19.0,1876.5999999046326,False
A1J6CZ176U6GDT,rec,1,20-1,20.0,1000.0,20.0,2832.0999999046326,False
A1J6CZ176U6GDT,rec,2,20-1,20.0,1000.0,19.0,0.0,True
A1J6CZ176U6GDT,rec,2,20-1,20.0,1000.0,20.0,2813.400000095367,False
A1J6CZ176U6GDT,rec,2,20-1,20.0,1000.0,20.0,4018.8000001907344,False
A1J6CZ176U6GDT,rec,2,20-1,20.0,1000.0,20.0,2715.8000001907344,False
A1J6CZ176U6GDT,rec,2,20-1,20.0,1000.0,20.0,3663.3000001907344,False
A1J6CZ176U6GDT,rec,2,20-1,20.0,1000.0,20.0,3176.7999997138973,False
A1J6CZ176U6GDT,rec,2,20-1,20.0,1000.0,19.0,1080.8000001907344,False
A1J6CZ176U6GDT,rec,2,20-1,20.0,1000.0,20.0,2742.099999904632,False
A1J6CZ176U6GDT,rec,2,20-1,20.0,1000.0,20.0,457.400000095367,False
A1J6CZ176U6GDT,rec,2,20-1,20.0,1000.0,20.0,2499.599999904632,False
A1J6CZ176U6GDT,rec,2,20-1,20.0,1000.0,20.0,1222.1000003814693,False
A1J6CZ176U6GDT,rec,3,20-1,20.0,1000.0,1.0,463.6000000014901,False
A1J6CZ176U6GDT,rec,3,20-1,20.0,1000.0,20.0,3816.5,False
A1J6CZ176U6GDT,rec,3,20-1,20.0,1000.0,20.0,536.0999999977648,False
A1J6CZ176U6GDT,rec,3,20-1,20.0,1000.0,20.0,7780.60000000149,False
A1J6CZ176U6GDT,rec,3,20-1,20.0,1000.0,19.0,2127.900000002235,False
A1J6CZ176U6GDT,rec,3,20-1,20.0,1000.0,20.0,3007.800000000745,False
A1J6CZ176U6GDT,rec,3,20-1,20.0,1000.0,19.0,2690.099999997765,False
A1J6CZ176U6GDT,rec,3,20-1,20.0,1000.0,20.0,0.0,True
A1J6CZ176U6GDT,rec,3,20-1,20.0,1000.0,20.0,1799.0,False
A1J6CZ176U6GDT,rec,3,20-1,20.0,1000.0,20.0,58.80000000074506,False
A1J6CZ176U6GDT,rec,4,20-1,20.0,1000.0,20.0,0.0,True
A1J6CZ176U6GDT,rec,4,20-1,20.0,1000.0,20.0,6211.700000002979,False
A1J6CZ176U6GDT,rec,4,20-1,20.0,1000.0,20.0,3193.9000000059596,False
A1J6CZ176U6GDT,rec,4,20-1,20.0,1000.0,20.0,2027.5,False
A1J6CZ176U6GDT,rec,4,20-1,20.0,1000.0,20.0,3109.7000000029793,False
A1J6CZ176U6GDT,rec,4,20-1,20.0,1000.0,20.0,1645.1000000089398,False
A1J6CZ176U6GDT,rec,4,20-1,20.0,1000.0,20.0,2781.5999999940386,False
A1J9VZ372FV2QZ,rec,1,20-1,20.0,1000.0,20.0,1201.2000002861023,False
A1J9VZ372FV2QZ,rec,1,20-1,20.0,1000.0,20.0,1098.8000001907349,False
A1J9VZ372FV2QZ,rec,1,20-1,20.0,1000.0,20.0,2702.9000000953656,False
A1J9VZ372FV2QZ,rec,1,20-1,20.0,1000.0,1.0,4560.000000476839,False
A1J9VZ372FV2QZ,rec,1,20-1,20.0,1000.0,16.0,2413.7000002861023,False
A1J9VZ372FV2QZ,rec,1,20-1,20.0,1000.0,20.0,1274.7000002861023,False
A1J9VZ372FV2QZ,rec,1,20-1,20.0,1000.0,19.0,216.30000019073486,False
A1J9VZ372FV2QZ,rec,1,20-1,20.0,1000.0,1.0,0.0,True
A1J9VZ372FV2QZ,rec,1,20-1,20.0,1000.0,1.0,4300.500000476839,False
A1J9VZ372FV2QZ,rec,2,20-1,20.0,1000.0,8.0,0.0,True
A1J9VZ372FV2QZ,rec,2,20-1,20.0,1000.0,8.0,2261.8999996185303,False
A1J9VZ372FV2QZ,rec,2,20-1,20.0,1000.0,7.0,5046.199999809265,False
A1J9VZ372FV2QZ,rec,2,20-1,20.0,1000.0,11.0,4327.199999809265,False
A1J9VZ372FV2QZ,rec,2,20-1,20.0,1000.0,15.0,14619.499999999996,False
A1J9VZ372FV2QZ,rec,2,20-1,20.0,1000.0,18.0,8999.699999809265,False
A1J9VZ372FV2QZ,rec,2,20-1,20.0,1000.0,19.0,6012.799999713898,False
A1J9VZ372FV2QZ,rec,2,20-1,20.0,1000.0,4.0,11254.5,False
A1J9VZ372FV2QZ,rec,2,20-1,20.0,1000.0,18.0,7910.099999904633,False
A1J9VZ372FV2QZ,rec,2,20-1,20.0,1000.0,20.0,5877.000000000002,False
A1J9VZ372FV2QZ,rec,3,20-1,20.0,1000.0,17.0,6629.199999809265,False
A1J9VZ372FV2QZ,rec,3,20-1,20.0,1000.0,20.0,11409.599999904633,False
A1J9VZ372FV2QZ,rec,3,20-1,20.0,1000.0,19.0,2620.9000000953693,False
A1J9VZ372FV2QZ,rec,3,20-1,20.0,1000.0,19.0,0.0,True
A1J9VZ372FV2QZ,rec,3,20-1,20.0,1000.0,19.0,1300.3999996185303,False
A1J9VZ372FV2QZ,rec,3,20-1,20.0,1000.0,20.0,2424.7000002861023,False
A1J9VZ372FV2QZ,rec,3,20-1,20.0,1000.0,18.0,2258.300000190735,False
A1J9VZ372FV2QZ,rec,4,20-1,20.0,1000.0,18.0,0.0,True
A1J9VZ372FV2QZ,rec,4,20-1,20.0,1000.0,20.0,16908.60000014305,False
A1J9VZ372FV2QZ,rec,4,20-1,20.0,1000.0,20.0,12999.900000095367,False
A1J9VZ372FV2QZ,rec,4,20-1,20.0,1000.0,19.0,19709.000000000004,False
A1J9VZ372FV2QZ,rec,4,20-1,20.0,1000.0,20.0,4969.800000190735,False
A1J9VZ372FV2QZ,rec,4,20-1,20.0,1000.0,20.0,8966.400000095367,False
A1J9VZ372FV2QZ,rec,4,20-1,20.0,1000.0,18.0,3513.4000000953674,False
A1J9VZ372FV2QZ,rec,4,20-1,20.0,1000.0,20.0,14092.400000095367,False
A1J9VZ372FV2QZ,rec,4,20-1,20.0,1000.0,20.0,7352.600000143051,False
A1J9VZ372FV2QZ,rec,4,20-1,20.0,1000.0,20.0,5047.200000047684,False
A1J9VZ372FV2QZ,rec,4,20-1,20.0,1000.0,20.0,4970.799999952316,False
A1JI19KPIVNL3Y,ns,1,20-1,20.0,1000.0,1.0,0.0,True
A1JI19KPIVNL3Y,ns,1,20-1,20.0,1000.0,1.0,1094.7999999821195,False
A1JI19KPIVNL3Y,ns,1,20-1,20.0,1000.0,20.0,2693.5,False
A1JI19KPIVNL3Y,ns,1,20-1,20.0,1000.0,20.0,3906.7999999821186,False
A1JI19KPIVNL3Y,ns,1,20-1,20.0,1000.0,20.0,3373.899999976158,False
A1JI19KPIVNL3Y,ns,1,20-1,20.0,1000.0,6.0,2952.0999999940386,False
A1JI19KPIVNL3Y,ns,1,20-1,20.0,1000.0,20.0,6046.9999999701995,False
A1JI19KPIVNL3Y,ns,1,20-1,20.0,1000.0,20.0,274.39999997615814,False
A1JI19KPIVNL3Y,ns,1,20-1,20.0,1000.0,4.0,2905.7999999821177,False
A1JI19KPIVNL3Y,ns,1,20-1,20.0,1000.0,20.0,3214.2999999821177,False
A1JI19KPIVNL3Y,ns,1,20-1,20.0,1000.0,20.0,3398.5,False
A1JI19KPIVNL3Y,ns,1,20-1,20.0,1000.0,20.0,315.7999999821195,False
A1JI19KPIVNL3Y,ns,2,20-1,20.0,1000.0,20.0,0.0,True
A1JI19KPIVNL3Y,ns,2,20-1,20.0,1000.0,20.0,6741.10000002384,False
A1JI19KPIVNL3Y,ns,2,20-1,20.0,1000.0,20.0,5979.500000000002,False
A1JI19KPIVNL3Y,ns,2,20-1,20.0,1000.0,1.0,10371.500000000002,False
A1JI19KPIVNL3Y,ns,2,20-1,20.0,1000.0,1.0,10921.400000035763,False
A1JI19KPIVNL3Y,ns,2,20-1,20.0,1000.0,1.0,6731.900000035763,False
A1JI19KPIVNL3Y,ns,2,20-1,20.0,1000.0,1.0,13815.699999988079,False
A1JI19KPIVNL3Y,ns,2,20-1,20.0,1000.0,1.0,8876.400000035763,False
A1JI19KPIVNL3Y,ns,2,20-1,20.0,1000.0,3.0,15993.300000011921,False
A1JI19KPIVNL3Y,ns,2,20-1,20.0,1000.0,18.0,7980.800000011921,False
A1JI19KPIVNL3Y,ns,2,20-1,20.0,1000.0,2.0,8471.800000011921,False
A1JI19KPIVNL3Y,ns,2,20-1,20.0,1000.0,1.0,7313.099999964237,False
A1JI19KPIVNL3Y,ns,3,20-1,20.0,1000.0,20.0,0.0,True
A1JI19KPIVNL3Y,ns,3,20-1,20.0,1000.0,15.0,5348.600000023842,False
A1JI19KPIVNL3Y,ns,3,20-1,20.0,1000.0,20.0,5936.299999952316,False
A1JI19KPIVNL3Y,ns,3,20-1,20.0,1000.0,20.0,2724.4000000953674,False
A1JI19KPIVNL3Y,ns,3,20-1,20.0,1000.0,20.0,5524.200000047684,False
A1JI19KPIVNL3Y,ns,3,20-1,20.0,1000.0,19.0,3091.8000000715256,False
A1JI19KPIVNL3Y,ns,3,20-1,20.0,1000.0,20.0,5386.200000047684,False
A1JI19KPIVNL3Y,ns,3,20-1,20.0,1000.0,20.0,4728.100000023842,False
A1JI19KPIVNL3Y,ns,3,20-1,20.0,1000.0,20.0,3435.399999976158,False
A1JI19KPIVNL3Y,ns,3,20-1,20.0,1000.0,20.0,2212.2000000476837,False
A1JI19KPIVNL3Y,ns,3,20-1,20.0,1000.0,20.0,2796.0000001192093,False
A1JI19KPIVNL3Y,ns,3,20-1,20.0,1000.0,20.0,3710.899999976158,False
A1JI19KPIVNL3Y,ns,4,20-1,20.0,1000.0,1.0,0.0,True
A1JI19KPIVNL3Y,ns,4,20-1,20.0,1000.0,1.0,4486.600000023842,False
A1JI19KPIVNL3Y,ns,4,20-1,20.0,1000.0,1.0,2006.700000166893,False
A1JI19KPIVNL3Y,ns,4,20-1,20.0,1000.0,1.0,5019.500000119209,False
A1JI19KPIVNL3Y,ns,4,20-1,20.0,1000.0,1.0,4339.900000095367,False
A1JI19KPIVNL3Y,ns,4,20-1,20.0,1000.0,1.0,14068.400000095367,False
A1JI19KPIVNL3Y,ns,4,20-1,20.0,1000.0,1.0,4653.900000095367,False
A1JI19KPIVNL3Y,ns,4,20-1,20.0,1000.0,1.0,5606.000000119209,False
A1JI19KPIVNL3Y,ns,4,20-1,20.0,1000.0,1.0,3676.4000000953674,False
A1JI19KPIVNL3Y,ns,4,20-1,20.0,1000.0,1.0,2377.0000001192093,False
A1JI19KPIVNL3Y,ns,4,20-1,20.0,1000.0,1.0,7130.500000119209,False
A1JI19KPIVNL3Y,ns,4,20-1,20.0,1000.0,1.0,4060.5000001192093,False
A1JL3HCA0MK9UI,prim,1,20-2,20.0,2000.0,13.0,1387.0,False
A1JL3HCA0MK9UI,prim,1,20-2,20.0,2000.0,1.0,2848.6000003814697,False
A1JL3HCA0MK9UI,prim,1,20-2,20.0,2000.0,5.0,4457.499999046326,False
A1JL3HCA0MK9UI,prim,1,20-2,20.0,2000.0,1.0,2962.199999809265,False
A1JL3HCA0MK9UI,prim,1,20-2,20.0,2000.0,3.0,2228.6000003814697,False
A1JL3HCA0MK9UI,prim,1,20-2,20.0,2000.0,1.0,0.0,True
A1JL3HCA0MK9UI,prim,1,20-2,20.0,2000.0,1.0,2331.8999996185303,False
A1JL3HCA0MK9UI,prim,2,20-2,20.0,2000.0,1.0,0.0,True
A1JL3HCA0MK9UI,prim,2,20-2,20.0,2000.0,7.0,3882.0,False
A1JL3HCA0MK9UI,prim,2,20-2,20.0,2000.0,1.0,1511.1999998092651,False
A1JL3HCA0MK9UI,prim,2,20-2,20.0,2000.0,1.0,4124.5,False
A1JL3HCA0MK9UI,prim,2,20-2,20.0,2000.0,1.0,6882.399999618532,False
A1JL3HCA0MK9UI,prim,3,20-2,20.0,2000.0,1.0,2307.199999809265,False
A1JL3HCA0MK9UI,prim,3,20-2,20.0,2000.0,1.0,3039.4000005722046,False
A1JL3HCA0MK9UI,prim,3,20-2,20.0,2000.0,1.0,2090.5000009536743,False
A1JL3HCA0MK9UI,prim,3,20-2,20.0,2000.0,2.0,3787.4000005722046,False
A1JL3HCA0MK9UI,prim,3,20-2,20.0,2000.0,1.0,6963.700000762939,False
A1JL3HCA0MK9UI,prim,3,20-2,20.0,2000.0,1.0,6128.400000572206,False
A1JL3HCA0MK9UI,prim,3,20-2,20.0,2000.0,1.0,0.0,True
A1JL3HCA0MK9UI,prim,3,20-2,20.0,2000.0,1.0,1192.3000001907349,False
A1JL3HCA0MK9UI,prim,3,20-2,20.0,2000.0,1.0,2013.4000005722046,False
A1JL3HCA0MK9UI,prim,4,20-2,20.0,2000.0,1.0,0.0,True
A1JL3HCA0MK9UI,prim,4,20-2,20.0,2000.0,1.0,8483.19999885559,False
A1JL3HCA0MK9UI,prim,4,20-2,20.0,2000.0,1.0,3303.8999996185303,False
A1JL3HCA0MK9UI,prim,4,20-2,20.0,2000.0,1.0,4733.300000190735,False
A1JL3HCA0MK9UI,prim,4,20-2,20.0,2000.0,10.0,1712.5,False
A1JL3HCA0MK9UI,prim,4,20-2,20.0,2000.0,2.0,3326.8999996185303,False
A1JL3HCA0MK9UI,prim,4,20-2,20.0,2000.0,1.0,4607.699999809267,False
A1JL3HCA0MK9UI,prim,4,20-2,20.0,2000.0,18.0,3428.3999996185303,False
A1KCSGTT6Y26LH,prim,1,40-1,40.0,1000.0,1.0,0.0,True
A1KCSGTT6Y26LH,prim,1,40-1,40.0,1000.0,2.0,10102.0,False
A1KCSGTT6Y26LH,prim,1,40-1,40.0,1000.0,1.0,1420.0,False
A1KCSGTT6Y26LH,prim,1,40-1,40.0,1000.0,3.0,5188.0,False
A1KCSGTT6Y26LH,prim,1,40-1,40.0,1000.0,2.0,64926.0,False
A1KCSGTT6Y26LH,prim,1,40-1,40.0,1000.0,1.0,6928.0,False
A1KCSGTT6Y26LH,prim,2,40-1,40.0,1000.0,2.0,497.0,False
A1KCSGTT6Y26LH,prim,2,40-1,40.0,1000.0,1.0,0.0,True
A1KCSGTT6Y26LH,prim,3,40-1,40.0,1000.0,1.0,4375.0,False
A1KCSGTT6Y26LH,prim,3,40-1,40.0,1000.0,1.0,76069.0,False
A1KCSGTT6Y26LH,prim,3,40-1,40.0,1000.0,1.0,10469.0,False
A1KCSGTT6Y26LH,prim,3,40-1,40.0,1000.0,1.0,1271.0,False
A1KCSGTT6Y26LH,prim,3,40-1,40.0,1000.0,4.0,0.0,True
A1KCSGTT6Y26LH,prim,4,40-1,40.0,1000.0,15.0,836.0,False
A1KCSGTT6Y26LH,prim,4,40-1,40.0,1000.0,1.0,7309.0,False
A1KCSGTT6Y26LH,prim,4,40-1,40.0,1000.0,1.0,2656.0,False
A1KCSGTT6Y26LH,prim,4,40-1,40.0,1000.0,3.0,10373.0,False
A1KCSGTT6Y26LH,prim,4,40-1,40.0,1000.0,3.0,23623.0,False
A1KCSGTT6Y26LH,prim,4,40-1,40.0,1000.0,1.0,7883.0,False
A1KCSGTT6Y26LH,prim,4,40-1,40.0,1000.0,1.0,18575.0,False
A1KCSGTT6Y26LH,prim,4,40-1,40.0,1000.0,14.0,9562.0,False
A1KCSGTT6Y26LH,prim,4,40-1,40.0,1000.0,1.0,39639.0,False
A1KCSGTT6Y26LH,prim,4,40-1,40.0,1000.0,1.0,3291.0,False
A1KCSGTT6Y26LH,prim,4,40-1,40.0,1000.0,1.0,0.0,True
A1KGUJMWDCPSYG,rec,1,30-1,30.0,1000.0,30.0,356.0,False
A1KGUJMWDCPSYG,rec,1,30-1,30.0,1000.0,30.0,709.0,False
A1KGUJMWDCPSYG,rec,1,30-1,30.0,1000.0,29.0,1025.0,False
A1KGUJMWDCPSYG,rec,1,30-1,30.0,1000.0,30.0,1181.0,False
A1KGUJMWDCPSYG,rec,1,30-1,30.0,1000.0,30.0,0.0,True
A1KGUJMWDCPSYG,rec,2,30-1,30.0,1000.0,29.0,1837.0,False
A1KGUJMWDCPSYG,rec,2,30-1,30.0,1000.0,30.0,958.0,False
A1KGUJMWDCPSYG,rec,2,30-1,30.0,1000.0,29.0,0.0,True
A1KGUJMWDCPSYG,rec,2,30-1,30.0,1000.0,30.0,1390.0,False
A1KGUJMWDCPSYG,rec,2,30-1,30.0,1000.0,29.0,3755.0,False
A1KGUJMWDCPSYG,rec,2,30-1,30.0,1000.0,30.0,3419.0,False
A1KGUJMWDCPSYG,rec,2,30-1,30.0,1000.0,29.0,4163.0,False
A1KGUJMWDCPSYG,rec,3,30-1,30.0,1000.0,30.0,804.0,False
A1KGUJMWDCPSYG,rec,3,30-1,30.0,1000.0,28.0,0.0,True
A1KGUJMWDCPSYG,rec,3,30-1,30.0,1000.0,29.0,2112.0,False
A1KGUJMWDCPSYG,rec,3,30-1,30.0,1000.0,29.0,1175.0,False
A1KGUJMWDCPSYG,rec,4,30-1,30.0,1000.0,1.0,0.0,True
A1KGUJMWDCPSYG,rec,4,30-1,30.0,1000.0,27.0,1391.0,False
A1KGUJMWDCPSYG,rec,4,30-1,30.0,1000.0,30.0,6935.0,False
A1KGUJMWDCPSYG,rec,4,30-1,30.0,1000.0,28.0,3203.0,False
A1KGUJMWDCPSYG,rec,4,30-1,30.0,1000.0,29.0,1949.0,False
A1KGUJMWDCPSYG,rec,4,30-1,30.0,1000.0,29.0,1684.0,False
A1KGUJMWDCPSYG,rec,4,30-1,30.0,1000.0,30.0,3307.0,False
A1KGUJMWDCPSYG,rec,4,30-1,30.0,1000.0,27.0,2782.0,False
A1KGUJMWDCPSYG,rec,4,30-1,30.0,1000.0,29.0,3165.0,False
A1KGUJMWDCPSYG,rec,4,30-1,30.0,1000.0,28.0,6889.0,False
A1KH9VI2D0V43B,prim,1,20-1,20.0,1000.0,1.0,2549.0,False
A1KH9VI2D0V43B,prim,1,20-1,20.0,1000.0,1.0,8546.0,False
A1KH9VI2D0V43B,prim,1,20-1,20.0,1000.0,2.0,0.0,True
A1KH9VI2D0V43B,prim,1,20-1,20.0,1000.0,4.0,10334.0,False
A1KH9VI2D0V43B,prim,1,20-1,20.0,1000.0,1.0,1240.0,False
A1KH9VI2D0V43B,prim,1,20-1,20.0,1000.0,2.0,6320.0,False
A1KH9VI2D0V43B,prim,2,20-1,20.0,1000.0,1.0,3090.0,False
A1KH9VI2D0V43B,prim,2,20-1,20.0,1000.0,1.0,0.0,True
A1KH9VI2D0V43B,prim,2,20-1,20.0,1000.0,1.0,5602.0,False
A1KH9VI2D0V43B,prim,2,20-1,20.0,1000.0,1.0,11859.0,False
A1KH9VI2D0V43B,prim,2,20-1,20.0,1000.0,1.0,5128.0,False
A1KH9VI2D0V43B,prim,2,20-1,20.0,1000.0,1.0,50834.0,False
A1KH9VI2D0V43B,prim,2,20-1,20.0,1000.0,1.0,5051.0,False
A1KH9VI2D0V43B,prim,2,20-1,20.0,1000.0,1.0,8385.0,False
A1KH9VI2D0V43B,prim,2,20-1,20.0,1000.0,1.0,13720.0,False
A1KH9VI2D0V43B,prim,2,20-1,20.0,1000.0,1.0,82063.0,False
A1KH9VI2D0V43B,prim,3,20-1,20.0,1000.0,1.0,0.0,True
A1KH9VI2D0V43B,prim,3,20-1,20.0,1000.0,1.0,5820.0,False
A1KH9VI2D0V43B,prim,3,20-1,20.0,1000.0,1.0,10806.0,False
A1KH9VI2D0V43B,prim,3,20-1,20.0,1000.0,1.0,3566.0,False
A1KH9VI2D0V43B,prim,3,20-1,20.0,1000.0,1.0,7450.0,False
A1KH9VI2D0V43B,prim,3,20-1,20.0,1000.0,1.0,3259.0,False
A1KH9VI2D0V43B,prim,3,20-1,20.0,1000.0,1.0,31.0,False
A1KH9VI2D0V43B,prim,4,20-1,20.0,1000.0,1.0,0.0,True
A1KH9VI2D0V43B,prim,4,20-1,20.0,1000.0,1.0,5858.0,False
A1KH9VI2D0V43B,prim,4,20-1,20.0,1000.0,1.0,8272.0,False
A1KH9VI2D0V43B,prim,4,20-1,20.0,1000.0,1.0,6454.0,False
A1KH9VI2D0V43B,prim,4,20-1,20.0,1000.0,1.0,5501.0,False
A1KH9VI2D0V43B,prim,4,20-1,20.0,1000.0,2.0,2995.0,False
A1KH9VI2D0V43B,prim,4,20-1,20.0,1000.0,1.0,7118.0,False
A1KH9VI2D0V43B,prim,4,20-1,20.0,1000.0,1.0,5947.0,False
A1KH9VI2D0V43B,prim,4,20-1,20.0,1000.0,1.0,9179.0,False
A1KH9VI2D0V43B,prim,4,20-1,20.0,1000.0,1.0,4382.0,False
A1KH9VI2D0V43B,prim,4,20-1,20.0,1000.0,1.0,3919.0,False
A1L5A88C9PPK5L,prim,1,20-2,20.0,2000.0,1.0,0.0,True
A1L5A88C9PPK5L,prim,1,20-2,20.0,2000.0,1.0,7040.0,False
A1L5A88C9PPK5L,prim,1,20-2,20.0,2000.0,1.0,3949.0,False
A1L5A88C9PPK5L,prim,1,20-2,20.0,2000.0,1.0,7361.0,False
A1L5A88C9PPK5L,prim,1,20-2,20.0,2000.0,1.0,4554.0,False
A1L5A88C9PPK5L,prim,1,20-2,20.0,2000.0,1.0,9892.0,False
A1L5A88C9PPK5L,prim,1,20-2,20.0,2000.0,1.0,6024.0,False
A1L5A88C9PPK5L,prim,1,20-2,20.0,2000.0,1.0,10237.0,False
A1L5A88C9PPK5L,prim,1,20-2,20.0,2000.0,1.0,5403.0,False
A1L5A88C9PPK5L,prim,2,20-2,20.0,2000.0,1.0,0.0,True
A1L5A88C9PPK5L,prim,2,20-2,20.0,2000.0,1.0,14630.0,False
A1L5A88C9PPK5L,prim,2,20-2,20.0,2000.0,1.0,11858.0,False
A1L5A88C9PPK5L,prim,2,20-2,20.0,2000.0,1.0,4489.0,False
A1L5A88C9PPK5L,prim,2,20-2,20.0,2000.0,1.0,7706.0,False
A1L5A88C9PPK5L,prim,2,20-2,20.0,2000.0,1.0,11005.0,False
A1L5A88C9PPK5L,prim,2,20-2,20.0,2000.0,1.0,5671.0,False
A1L5A88C9PPK5L,prim,2,20-2,20.0,2000.0,1.0,10439.0,False
A1L5A88C9PPK5L,prim,2,20-2,20.0,2000.0,1.0,9705.0,False
A1LA6CIGBNDOH9,rec,1,20-2,20.0,2000.0,16.0,515.6999999992549,False
A1LA6CIGBNDOH9,rec,1,20-2,20.0,2000.0,20.0,655.5999999977648,False
A1LA6CIGBNDOH9,rec,1,20-2,20.0,2000.0,19.0,1848.199999999255,False
A1LA6CIGBNDOH9,rec,1,20-2,20.0,2000.0,20.0,326.69999999925494,False
A1LA6CIGBNDOH9,rec,1,20-2,20.0,2000.0,20.0,551.0,False
A1LA6CIGBNDOH9,rec,1,20-2,20.0,2000.0,20.0,84.19999999925494,False
A1LA6CIGBNDOH9,rec,1,20-2,20.0,2000.0,20.0,391.5,False
A1LA6CIGBNDOH9,rec,1,20-2,20.0,2000.0,20.0,0.0,True
A1LA6CIGBNDOH9,rec,1,20-2,20.0,2000.0,19.0,365.0,False
A1LA6CIGBNDOH9,rec,1,20-2,20.0,2000.0,20.0,625.6999999992549,False
A1LA6CIGBNDOH9,rec,1,20-2,20.0,2000.0,20.0,233.39999999850988,False
A1LA6CIGBNDOH9,rec,1,20-2,20.0,2000.0,20.0,3033.5,False
A1LA6CIGBNDOH9,rec,2,20-2,20.0,2000.0,17.0,209.30000000074506,False
A1LA6CIGBNDOH9,rec,2,20-2,20.0,2000.0,1.0,3538.100000000559,False
A1LA6CIGBNDOH9,rec,2,20-2,20.0,2000.0,20.0,4473.500000000001,False
A1LA6CIGBNDOH9,rec,2,20-2,20.0,2000.0,20.0,2004.6000000005588,False
A1LA6CIGBNDOH9,rec,2,20-2,20.0,2000.0,10.0,2777.100000000559,False
A1LA6CIGBNDOH9,rec,2,20-2,20.0,2000.0,20.0,522.0,False
A1LA6CIGBNDOH9,rec,2,20-2,20.0,2000.0,19.0,463.90000000037253,False
A1LA6CIGBNDOH9,rec,2,20-2,20.0,2000.0,19.0,1070.800000000745,False
A1LA6CIGBNDOH9,rec,2,20-2,20.0,2000.0,20.0,2994.800000000745,False
A1LA6CIGBNDOH9,rec,2,20-2,20.0,2000.0,19.0,2228.100000000559,False
A1LA6CIGBNDOH9,rec,2,20-2,20.0,2000.0,18.0,603.4000000003725,False
A1LA6CIGBNDOH9,rec,2,20-2,20.0,2000.0,20.0,0.0,True
A1LA6CIGBNDOH9,rec,3,20-2,20.0,2000.0,17.0,0.0,True
A1LA6CIGBNDOH9,rec,3,20-2,20.0,2000.0,19.0,796.6999999992549,False
A1LA6CIGBNDOH9,rec,3,20-2,20.0,2000.0,17.0,1119.199999999255,False
A1LA6CIGBNDOH9,rec,3,20-2,20.0,2000.0,19.0,875.1999999992549,False
A1LA6CIGBNDOH9,rec,3,20-2,20.0,2000.0,19.0,1959.0,False
A1LA6CIGBNDOH9,rec,3,20-2,20.0,2000.0,20.0,1660.800000000745,False
A1LA6CIGBNDOH9,rec,3,20-2,20.0,2000.0,19.0,462.5,False
A1LA6CIGBNDOH9,rec,3,20-2,20.0,2000.0,18.0,626.9000000022347,False
A1LA6CIGBNDOH9,rec,3,20-2,20.0,2000.0,20.0,783.1999999992549,False
A1LA6CIGBNDOH9,rec,3,20-2,20.0,2000.0,19.0,441.8999999985099,False
A1LA6CIGBNDOH9,rec,3,20-2,20.0,2000.0,18.0,70.10000000149012,False
A1LA6CIGBNDOH9,rec,3,20-2,20.0,2000.0,20.0,782.5,False
A1LA6CIGBNDOH9,rec,4,20-2,20.0,2000.0,20.0,119.40000000037253,False
A1LA6CIGBNDOH9,rec,4,20-2,20.0,2000.0,18.0,239.90000000037253,False
A1LA6CIGBNDOH9,rec,4,20-2,20.0,2000.0,19.0,944.6000000014901,False
A1LA6CIGBNDOH9,rec,4,20-2,20.0,2000.0,20.0,314.59999999962747,False
A1LA6CIGBNDOH9,rec,4,20-2,20.0,2000.0,10.0,1498.9000000003725,False
A1LA6CIGBNDOH9,rec,4,20-2,20.0,2000.0,17.0,497.09999999962747,False
A1LA6CIGBNDOH9,rec,4,20-2,20.0,2000.0,18.0,660.2999999988824,False
A1LA6CIGBNDOH9,rec,4,20-2,20.0,2000.0,18.0,1184.5000000000005,False
A1LA6CIGBNDOH9,rec,4,20-2,20.0,2000.0,19.0,0.0,True
A1LA6CIGBNDOH9,rec,4,20-2,20.0,2000.0,19.0,193.40000000037253,False
A1LA6CIGBNDOH9,rec,4,20-2,20.0,2000.0,20.0,618.5,False
A1LA6CIGBNDOH9,rec,4,20-2,20.0,2000.0,19.0,1167.5000000000005,False
A1LJ4WAEDGELVL,rec,1,20-1,20.0,1000.0,20.0,0.0,True
A1LJ4WAEDGELVL,rec,1,20-1,20.0,1000.0,20.0,1185.400000095368,False
A1LJ4WAEDGELVL,rec,1,20-1,20.0,1000.0,20.0,1229.5,False
A1LJ4WAEDGELVL,rec,1,20-1,20.0,1000.0,18.0,824.900000333786,False
A1LJ4WAEDGELVL,rec,1,20-1,20.0,1000.0,17.0,2594.9000000953674,False
A1LJ4WAEDGELVL,rec,1,20-1,20.0,1000.0,19.0,1109.1000001430511,False
A1LJ4WAEDGELVL,rec,1,20-1,20.0,1000.0,20.0,1955.8000001907349,False
A1LJ4WAEDGELVL,rec,1,20-1,20.0,1000.0,20.0,52.700000286102295,False
A1LJ4WAEDGELVL,rec,1,20-1,20.0,1000.0,20.0,1254.000000238419,False
A1LJ4WAEDGELVL,rec,1,20-1,20.0,1000.0,20.0,1044.1000001430511,False
A1LJ4WAEDGELVL,rec,1,20-1,20.0,1000.0,20.0,1076.3000001907349,False
A1LJ4WAEDGELVL,rec,1,20-1,20.0,1000.0,20.0,461.7000000476837,False
A1LJ4WAEDGELVL,rec,2,20-1,20.0,1000.0,20.0,0.0,True
A1LJ4WAEDGELVL,rec,2,20-1,20.0,1000.0,20.0,732.5999999996275,False
A1LJ4WAEDGELVL,rec,2,20-1,20.0,1000.0,20.0,363.19999999925494,False
A1LJ4WAEDGELVL,rec,2,20-1,20.0,1000.0,19.0,843.9000000003725,False
A1LJ4WAEDGELVL,rec,2,20-1,20.0,1000.0,20.0,1440.7000000011176,False
A1LJ4WAEDGELVL,rec,2,20-1,20.0,1000.0,20.0,1208.4000000003725,False
A1LJ4WAEDGELVL,rec,2,20-1,20.0,1000.0,20.0,1741.699999999254,False
A1LJ4WAEDGELVL,rec,2,20-1,20.0,1000.0,20.0,282.40000000037253,False
A1LJ4WAEDGELVL,rec,2,20-1,20.0,1000.0,20.0,873.4000000003725,False
A1LJ4WAEDGELVL,rec,2,20-1,20.0,1000.0,20.0,133.10000000149012,False
A1LJ4WAEDGELVL,rec,2,20-1,20.0,1000.0,20.0,68.0,False
A1M1E62KXCDNL0,ns,1,30-1,30.0,1000.0,13.0,0.0,True
A1M1E62KXCDNL0,ns,1,30-1,30.0,1000.0,29.0,5960.800000190735,False
A1M1E62KXCDNL0,ns,1,30-1,30.0,1000.0,30.0,4676.600000143051,False
A1M1E62KXCDNL0,ns,1,30-1,30.0,1000.0,23.0,13559.200000047684,False
A1M1E62KXCDNL0,ns,1,30-1,30.0,1000.0,26.0,3086.1000001430507,False
A1M1E62KXCDNL0,ns,1,30-1,30.0,1000.0,20.0,8426.700000047684,False
A1M1E62KXCDNL0,ns,1,30-1,30.0,1000.0,14.0,10216.300000190735,False
A1M1E62KXCDNL0,ns,1,30-1,30.0,1000.0,2.0,2642.200000286102,False
A1M1E62KXCDNL0,ns,1,30-1,30.0,1000.0,17.0,8644.200000047684,False
A1M1E62KXCDNL0,ns,1,30-1,30.0,1000.0,30.0,10754.700000286104,False
A1M1E62KXCDNL0,ns,1,30-1,30.0,1000.0,11.0,10968.09999990463,False
A1M1E62KXCDNL0,ns,1,30-1,30.0,1000.0,27.0,4282.700000047684,False
A1M1E62KXCDNL0,ns,2,30-1,30.0,1000.0,2.0,0.0,True
A1M1E62KXCDNL0,ns,2,30-1,30.0,1000.0,30.0,25991.70000004768,False
A1M1E62KXCDNL0,ns,2,30-1,30.0,1000.0,1.0,13349.200000047684,False
A1M1E62KXCDNL0,ns,2,30-1,30.0,1000.0,30.0,5196.300000011921,False
A1M1E62KXCDNL0,ns,2,30-1,30.0,1000.0,1.0,14633.000000059605,False
A1M1E62KXCDNL0,ns,2,30-1,30.0,1000.0,29.0,22799.800000071526,False
A1M1E62KXCDNL0,ns,2,30-1,30.0,1000.0,30.0,9048.300000071526,False
A1M1E62KXCDNL0,ns,2,30-1,30.0,1000.0,30.0,6422.600000023842,False
A1M1E62KXCDNL0,ns,2,30-1,30.0,1000.0,27.0,5078.400000035763,False
A1M1E62KXCDNL0,ns,2,30-1,30.0,1000.0,2.0,8950.200000047684,False
A1M1E62KXCDNL0,ns,2,30-1,30.0,1000.0,29.0,4081.400000035763,False
A1M1E62KXCDNL0,ns,2,30-1,30.0,1000.0,30.0,10223.900000035761,False
A1M1E62KXCDNL0,ns,3,30-1,30.0,1000.0,17.0,0.0,True
A1M1E62KXCDNL0,ns,3,30-1,30.0,1000.0,27.0,11255.899999976158,False
A1M1E62KXCDNL0,ns,3,30-1,30.0,1000.0,29.0,24337.500000000004,False
A1M1E62KXCDNL0,ns,3,30-1,30.0,1000.0,25.0,16037.300000071526,False
A1M1E62KXCDNL0,ns,3,30-1,30.0,1000.0,30.0,10639.700000047684,False
A1M1E62KXCDNL0,ns,3,30-1,30.0,1000.0,27.0,14311.399999976158,False
A1M1E62KXCDNL0,ns,3,30-1,30.0,1000.0,30.0,4398.600000023842,False
A1M1E62KXCDNL0,ns,3,30-1,30.0,1000.0,24.0,8818.399999976158,False
A1M1E62KXCDNL0,ns,3,30-1,30.0,1000.0,30.0,7386.200000047684,False
A1M1E62KXCDNL0,ns,3,30-1,30.0,1000.0,30.0,6292.300000071526,False
A1M1E62KXCDNL0,ns,3,30-1,30.0,1000.0,30.0,3901.2000000476837,False
A1M1E62KXCDNL0,ns,3,30-1,30.0,1000.0,30.0,28847.600000023842,False
A1M1E62KXCDNL0,ns,4,30-1,30.0,1000.0,30.0,3505.9000000003716,False
A1M1E62KXCDNL0,ns,4,30-1,30.0,1000.0,29.0,3305.5000000018617,False
A1M1E62KXCDNL0,ns,4,30-1,30.0,1000.0,3.0,14561.800000000745,False
A1M1E62KXCDNL0,ns,4,30-1,30.0,1000.0,5.0,2003.2000000011167,False
A1M1E62KXCDNL0,ns,4,30-1,30.0,1000.0,29.0,2735.999999999999,False
A1M1E62KXCDNL0,ns,4,30-1,30.0,1000.0,26.0,0.0,True
A1M1E62KXCDNL0,ns,4,30-1,30.0,1000.0,30.0,2366.800000000744,False
A1M1E62KXCDNL0,ns,4,30-1,30.0,1000.0,30.0,2346.5,False
A1M1E62KXCDNL0,ns,4,30-1,30.0,1000.0,30.0,198.40000000037162,False
A1MD74JPL7E9PK,prim,1,20-2,20.0,2000.0,1.0,2288.0999999046326,False
A1MD74JPL7E9PK,prim,1,20-2,20.0,2000.0,2.0,18837.0,False
A1MD74JPL7E9PK,prim,1,20-2,20.0,2000.0,1.0,8452.000000476837,False
A1MD74JPL7E9PK,prim,1,20-2,20.0,2000.0,6.0,9098.600000381472,False
A1MD74JPL7E9PK,prim,1,20-2,20.0,2000.0,1.0,0.0,True
A1MD74JPL7E9PK,prim,1,20-2,20.0,2000.0,3.0,6007.700000286102,False
A1MD74JPL7E9PK,prim,1,20-2,20.0,2000.0,1.0,6252.300000190735,False
A1MD74JPL7E9PK,prim,1,20-2,20.0,2000.0,1.0,2994.9000000953674,False
A1MD74JPL7E9PK,prim,1,20-2,20.0,2000.0,3.0,7443.100000381472,False
A1MD74JPL7E9PK,prim,1,20-2,20.0,2000.0,1.0,1786.1000003814697,False
A1MD74JPL7E9PK,prim,1,20-2,20.0,2000.0,1.0,3242.800000190735,False
A1MD74JPL7E9PK,prim,1,20-2,20.0,2000.0,3.0,7610.700000286102,False
A1MD74JPL7E9PK,prim,2,20-2,20.0,2000.0,1.0,7005.0,False
A1MD74JPL7E9PK,prim,2,20-2,20.0,2000.0,2.0,11211.099999904633,False
A1MD74JPL7E9PK,prim,2,20-2,20.0,2000.0,1.0,2785.699999809265,False
A1MD74JPL7E9PK,prim,2,20-2,20.0,2000.0,1.0,19771.900000095364,False
A1MD74JPL7E9PK,prim,2,20-2,20.0,2000.0,1.0,0.0,True
A1MD74JPL7E9PK,prim,2,20-2,20.0,2000.0,2.0,934.8999996185303,False
A1MD74JPL7E9PK,prim,2,20-2,20.0,2000.0,1.0,11092.099999904633,False
A1MD74JPL7E9PK,prim,2,20-2,20.0,2000.0,2.0,10882.300000190735,False
A1MD74JPL7E9PK,prim,2,20-2,20.0,2000.0,2.0,6346.699999809265,False
A1MD74JPL7E9PK,prim,2,20-2,20.0,2000.0,2.0,3502.0,False
A1MD74JPL7E9PK,prim,2,20-2,20.0,2000.0,2.0,3740.3999996185303,False
A1MD74JPL7E9PK,prim,2,20-2,20.0,2000.0,1.0,1931.3000001907349,False
A1MD74JPL7E9PK,prim,3,20-2,20.0,2000.0,2.0,10178.299999713898,False
A1MD74JPL7E9PK,prim,3,20-2,20.0,2000.0,1.0,3759.7999997138977,False
A1MD74JPL7E9PK,prim,3,20-2,20.0,2000.0,2.0,3490.8999996185303,False
A1MD74JPL7E9PK,prim,3,20-2,20.0,2000.0,1.0,4337.799999713898,False
A1MD74JPL7E9PK,prim,3,20-2,20.0,2000.0,2.0,3734.699999809265,False
A1MD74JPL7E9PK,prim,3,20-2,20.0,2000.0,1.0,10873.39999961853,False
A1MD74JPL7E9PK,prim,3,20-2,20.0,2000.0,1.0,13983.999999523163,False
A1MD74JPL7E9PK,prim,3,20-2,20.0,2000.0,2.0,6810.699999332428,False
A1MD74JPL7E9PK,prim,3,20-2,20.0,2000.0,1.0,25298.799999713898,False
A1MD74JPL7E9PK,prim,3,20-2,20.0,2000.0,1.0,0.0,True
A1MD74JPL7E9PK,prim,3,20-2,20.0,2000.0,2.0,19821.599999427795,False
A1MG8KNVSVZ365,prim,1,30-1,30.0,1000.0,1.0,2873.0,False
A1MG8KNVSVZ365,prim,1,30-1,30.0,1000.0,2.0,5876.0,False
A1MG8KNVSVZ365,prim,1,30-1,30.0,1000.0,2.0,5150.0,False
A1MG8KNVSVZ365,prim,1,30-1,30.0,1000.0,1.0,0.0,True
A1MG8KNVSVZ365,prim,1,30-1,30.0,1000.0,2.0,3140.0,False
A1MG8KNVSVZ365,prim,1,30-1,30.0,1000.0,1.0,881.0,False
A1MG8KNVSVZ365,prim,1,30-1,30.0,1000.0,2.0,9308.0,False
A1MG8KNVSVZ365,prim,1,30-1,30.0,1000.0,1.0,716.0,False
A1MG8KNVSVZ365,prim,1,30-1,30.0,1000.0,9.0,5098.0,False
A1MG8KNVSVZ365,prim,1,30-1,30.0,1000.0,1.0,2540.0,False
A1MG8KNVSVZ365,prim,2,30-1,30.0,1000.0,27.0,0.0,True
A1MG8KNVSVZ365,prim,2,30-1,30.0,1000.0,29.0,9834.0,False
A1MG8KNVSVZ365,prim,2,30-1,30.0,1000.0,28.0,2722.0,False
A1MG8KNVSVZ365,prim,2,30-1,30.0,1000.0,23.0,3881.0,False
A1MG8KNVSVZ365,prim,2,30-1,30.0,1000.0,24.0,1621.0,False
A1MG8KNVSVZ365,prim,2,30-1,30.0,1000.0,2.0,4044.0,False
A1MG8KNVSVZ365,prim,3,30-1,30.0,1000.0,1.0,0.0,True
A1MG8KNVSVZ365,prim,3,30-1,30.0,1000.0,1.0,2635.0,False
A1MG8KNVSVZ365,prim,3,30-1,30.0,1000.0,4.0,9914.0,False
A1MG8KNVSVZ365,prim,3,30-1,30.0,1000.0,1.0,12976.0,False
A1MG8KNVSVZ365,prim,3,30-1,30.0,1000.0,1.0,3697.0,False
A1MG8KNVSVZ365,prim,3,30-1,30.0,1000.0,1.0,5268.0,False
A1MG8KNVSVZ365,prim,3,30-1,30.0,1000.0,1.0,13755.0,False
A1MG8KNVSVZ365,prim,4,30-1,30.0,1000.0,3.0,6039.0,False
A1MG8KNVSVZ365,prim,4,30-1,30.0,1000.0,1.0,3339.0,False
A1MG8KNVSVZ365,prim,4,30-1,30.0,1000.0,2.0,0.0,True
A1MG8KNVSVZ365,prim,4,30-1,30.0,1000.0,1.0,876.0,False
A1MG8KNVSVZ365,prim,4,30-1,30.0,1000.0,4.0,2528.0,False
A1MG8KNVSVZ365,prim,4,30-1,30.0,1000.0,1.0,22734.0,False
A1MG8KNVSVZ365,prim,4,30-1,30.0,1000.0,1.0,126.0,False
A1MG8KNVSVZ365,prim,4,30-1,30.0,1000.0,2.0,28183.0,False
A1MG8KNVSVZ365,prim,4,30-1,30.0,1000.0,1.0,259.0,False
A1MKEILXWWLBW2,rec,1,30-1,30.0,1000.0,1.0,1432.5999999996275,False
A1MKEILXWWLBW2,rec,1,30-1,30.0,1000.0,1.0,1491.0,False
A1MKEILXWWLBW2,rec,1,30-1,30.0,1000.0,1.0,1543.0,False
A1MKEILXWWLBW2,rec,1,30-1,30.0,1000.0,30.0,1236.4000000003734,False
A1MKEILXWWLBW2,rec,1,30-1,30.0,1000.0,30.0,2162.4000000003734,False
A1MKEILXWWLBW2,rec,1,30-1,30.0,1000.0,30.0,752.5000000018626,False
A1MKEILXWWLBW2,rec,1,30-1,30.0,1000.0,29.0,1701.0,False
A1MKEILXWWLBW2,rec,1,30-1,30.0,1000.0,28.0,839.0999999996275,False
A1MKEILXWWLBW2,rec,1,30-1,30.0,1000.0,30.0,2162.0000000018626,False
A1MKEILXWWLBW2,rec,1,30-1,30.0,1000.0,29.0,1598.4000000003734,False
A1MKEILXWWLBW2,rec,1,30-1,30.0,1000.0,29.0,1993.199999999255,False
A1MKEILXWWLBW2,rec,1,30-1,30.0,1000.0,30.0,0.0,True
A1MKEILXWWLBW2,rec,2,30-1,30.0,1000.0,1.0,0.0,True
A1MKEILXWWLBW2,rec,2,30-1,30.0,1000.0,1.0,1783.199999999255,False
A1MKEILXWWLBW2,rec,2,30-1,30.0,1000.0,1.0,4034.2000000001863,False
A1MKEILXWWLBW2,rec,2,30-1,30.0,1000.0,1.0,9582.599999998698,False
A1MKEILXWWLBW2,rec,2,30-1,30.0,1000.0,30.0,1986.7000000001863,False
A1MKEILXWWLBW2,rec,2,30-1,30.0,1000.0,30.0,2181.9999999990696,False
A1MKEILXWWLBW2,rec,2,30-1,30.0,1000.0,30.0,1489.7000000001863,False
A1MKEILXWWLBW2,rec,2,30-1,30.0,1000.0,30.0,1974.9999999990696,False
A1MKEILXWWLBW2,rec,2,30-1,30.0,1000.0,1.0,7929.999999999069,False
A1MKEILXWWLBW2,rec,2,30-1,30.0,1000.0,30.0,952.1999999983236,False
A1MKEILXWWLBW2,rec,2,30-1,30.0,1000.0,30.0,1274.9999999990696,False
A1MKEILXWWLBW2,rec,2,30-1,30.0,1000.0,30.0,2398.2999999998137,False
A1MKEILXWWLBW2,rec,3,30-1,30.0,1000.0,1.0,0.0,True
A1MKEILXWWLBW2,rec,3,30-1,30.0,1000.0,2.0,2162.0999999996275,False
A1MKEILXWWLBW2,rec,3,30-1,30.0,1000.0,30.0,695.7999999988824,False
A1MKEILXWWLBW2,rec,3,30-1,30.0,1000.0,30.0,483.59999999962747,False
A1MKEILXWWLBW2,rec,3,30-1,30.0,1000.0,29.0,2480.0999999996275,False
A1MKEILXWWLBW2,rec,3,30-1,30.0,1000.0,30.0,1566.4000000003725,False
A1MKEILXWWLBW2,rec,3,30-1,30.0,1000.0,30.0,951.6999999992559,False
A1MKEILXWWLBW2,rec,3,30-1,30.0,1000.0,1.0,421.2999999988824,False
A1MKEILXWWLBW2,rec,3,30-1,30.0,1000.0,30.0,2906.7999999988824,False
A1MKEILXWWLBW2,rec,3,30-1,30.0,1000.0,29.0,4070.4000000003707,False
A1MKEILXWWLBW2,rec,3,30-1,30.0,1000.0,29.0,2256.499999999999,False
A1MKEILXWWLBW2,rec,3,30-1,30.0,1000.0,29.0,3065.4999999981374,False
A1MKEILXWWLBW2,rec,4,30-1,30.0,1000.0,1.0,0.0,True
A1MKEILXWWLBW2,rec,4,30-1,30.0,1000.0,30.0,3256.400000002235,False
A1MKEILXWWLBW2,rec,4,30-1,30.0,1000.0,30.0,2280.0,False
A1MKEILXWWLBW2,rec,4,30-1,30.0,1000.0,30.0,4521.20000000298,False
A1MKEILXWWLBW2,rec,4,30-1,30.0,1000.0,30.0,1144.4000000022352,False
A1MKEILXWWLBW2,rec,4,30-1,30.0,1000.0,30.0,939.6000000052154,False
A1MKEILXWWLBW2,rec,4,30-1,30.0,1000.0,30.0,2063.400000002235,False
A1MKEILXWWLBW2,rec,4,30-1,30.0,1000.0,30.0,3083.7000000029802,False
A1MKEILXWWLBW2,rec,4,30-1,30.0,1000.0,28.0,1120.0000000037253,False
A1MKEILXWWLBW2,rec,4,30-1,30.0,1000.0,26.0,1334.0000000037253,False
A1MKEILXWWLBW2,rec,4,30-1,30.0,1000.0,30.0,893.3000000007451,False
A1NG504QI5LI62,prim,1,10-2,10.0,2000.0,1.0,0.0,True
A1NG504QI5LI62,prim,1,10-2,10.0,2000.0,1.0,5721.0,False
A1NG504QI5LI62,prim,1,10-2,10.0,2000.0,1.0,10797.0,False
A1NG504QI5LI62,prim,1,10-2,10.0,2000.0,1.0,5607.0,False
A1NG504QI5LI62,prim,1,10-2,10.0,2000.0,1.0,4451.0,False
A1NG504QI5LI62,prim,1,10-2,10.0,2000.0,1.0,9867.0,False
A1NG504QI5LI62,prim,1,10-2,10.0,2000.0,1.0,5503.0,False
A1NG504QI5LI62,prim,2,10-2,10.0,2000.0,1.0,166.0,False
A1NG504QI5LI62,prim,2,10-2,10.0,2000.0,1.0,1097.0,False
A1NG504QI5LI62,prim,2,10-2,10.0,2000.0,1.0,832.0,False
A1NG504QI5LI62,prim,2,10-2,10.0,2000.0,1.0,0.0,True
A1NG504QI5LI62,prim,2,10-2,10.0,2000.0,1.0,1602.0,False
A1NG504QI5LI62,prim,2,10-2,10.0,2000.0,1.0,1759.0,False
A1NG504QI5LI62,prim,2,10-2,10.0,2000.0,1.0,652.0,False
A1NG504QI5LI62,prim,2,10-2,10.0,2000.0,1.0,2006.0,False
A1NG504QI5LI62,prim,3,10-2,10.0,2000.0,1.0,0.0,True
A1NG504QI5LI62,prim,3,10-2,10.0,2000.0,1.0,3226.0,False
A1NG504QI5LI62,prim,3,10-2,10.0,2000.0,1.0,3316.0,False
A1NG504QI5LI62,prim,3,10-2,10.0,2000.0,1.0,5453.0,False
A1NG504QI5LI62,prim,3,10-2,10.0,2000.0,1.0,8953.0,False
A1NG504QI5LI62,prim,3,10-2,10.0,2000.0,1.0,6547.0,False
A1NG504QI5LI62,prim,3,10-2,10.0,2000.0,1.0,6763.0,False
A1NG504QI5LI62,prim,3,10-2,10.0,2000.0,1.0,12703.0,False
A1NG504QI5LI62,prim,3,10-2,10.0,2000.0,1.0,8148.0,False
A1NG504QI5LI62,prim,3,10-2,10.0,2000.0,1.0,3378.0,False
A1NG504QI5LI62,prim,4,10-2,10.0,2000.0,1.0,1653.0,False
A1NG504QI5LI62,prim,4,10-2,10.0,2000.0,1.0,0.0,True
A1NG504QI5LI62,prim,4,10-2,10.0,2000.0,1.0,2736.0,False
A1NG504QI5LI62,prim,4,10-2,10.0,2000.0,1.0,10365.0,False
A1NG504QI5LI62,prim,4,10-2,10.0,2000.0,1.0,4489.0,False
A1NG504QI5LI62,prim,4,10-2,10.0,2000.0,1.0,7853.0,False
A1NG504QI5LI62,prim,4,10-2,10.0,2000.0,1.0,2324.0,False
A1NG504QI5LI62,prim,4,10-2,10.0,2000.0,1.0,27736.0,False
A1NG504QI5LI62,prim,4,10-2,10.0,2000.0,1.0,17270.0,False
A1NQ2A0UDW719R,prim,1,10-2,10.0,2000.0,1.0,0.0,True
A1NQ2A0UDW719R,prim,1,10-2,10.0,2000.0,1.0,541.0,False
A1NQ2A0UDW719R,prim,1,10-2,10.0,2000.0,1.0,10777.0,False
A1NQ2A0UDW719R,prim,1,10-2,10.0,2000.0,1.0,1667.0,False
A1NQ2A0UDW719R,prim,1,10-2,10.0,2000.0,1.0,9051.0,False
A1NQ2A0UDW719R,prim,1,10-2,10.0,2000.0,1.0,763.0,False
A1NQ2A0UDW719R,prim,1,10-2,10.0,2000.0,2.0,12362.0,False
A1NQ2A0UDW719R,prim,2,10-2,10.0,2000.0,1.0,206.0,False
A1NQ2A0UDW719R,prim,2,10-2,10.0,2000.0,3.0,0.0,True
A1NQ2A0UDW719R,prim,2,10-2,10.0,2000.0,1.0,8397.0,False
A1NQ2A0UDW719R,prim,2,10-2,10.0,2000.0,2.0,4718.0,False
A1NQ2A0UDW719R,prim,2,10-2,10.0,2000.0,3.0,3861.0,False
A1NQ2A0UDW719R,prim,3,10-2,10.0,2000.0,1.0,0.0,True
A1NQ2A0UDW719R,prim,3,10-2,10.0,2000.0,1.0,2868.0,False
A1NQ2A0UDW719R,prim,3,10-2,10.0,2000.0,1.0,5818.0,False
A1NQ2A0UDW719R,prim,3,10-2,10.0,2000.0,2.0,26180.0,False
A1NQ2A0UDW719R,prim,3,10-2,10.0,2000.0,1.0,3625.0,False
A1NQ2A0UDW719R,prim,4,10-2,10.0,2000.0,2.0,5175.0,False
A1NQ2A0UDW719R,prim,4,10-2,10.0,2000.0,2.0,4777.0,False
A1NQ2A0UDW719R,prim,4,10-2,10.0,2000.0,1.0,13796.0,False
A1NQ2A0UDW719R,prim,4,10-2,10.0,2000.0,1.0,3753.0,False
A1NQ2A0UDW719R,prim,4,10-2,10.0,2000.0,4.0,3238.0,False
A1NQ2A0UDW719R,prim,4,10-2,10.0,2000.0,1.0,0.0,True
A1NQ2A0UDW719R,prim,4,10-2,10.0,2000.0,2.0,37480.0,False
A1NQOR4RQJJDMW,ns,1,15-2,15.0,2000.0,15.0,2617.7000000476837,False
A1NQOR4RQJJDMW,ns,1,15-2,15.0,2000.0,15.0,5431.000000119209,False
A1NQOR4RQJJDMW,ns,1,15-2,15.0,2000.0,15.0,4000.0,False
A1NQOR4RQJJDMW,ns,1,15-2,15.0,2000.0,15.0,5185.300000071526,False
A1NQOR4RQJJDMW,ns,1,15-2,15.0,2000.0,15.0,1723.2000000476837,False
A1NQOR4RQJJDMW,ns,1,15-2,15.0,2000.0,15.0,3483.9000000953674,False
A1NQOR4RQJJDMW,ns,1,15-2,15.0,2000.0,14.0,584.5,False
A1NQOR4RQJJDMW,ns,1,15-2,15.0,2000.0,15.0,982.4000000953674,False
A1NQOR4RQJJDMW,ns,1,15-2,15.0,2000.0,15.0,2439.7000000476837,False
A1NQOR4RQJJDMW,ns,1,15-2,15.0,2000.0,12.0,2608.5,False
A1NQOR4RQJJDMW,ns,1,15-2,15.0,2000.0,15.0,0.0,True
A1NQOR4RQJJDMW,ns,1,15-2,15.0,2000.0,13.0,2146.0000001192093,False
A1NQOR4RQJJDMW,ns,2,15-2,15.0,2000.0,5.0,0.0,True
A1NQOR4RQJJDMW,ns,2,15-2,15.0,2000.0,1.0,3745.099999997765,False
A1NQOR4RQJJDMW,ns,2,15-2,15.0,2000.0,1.0,520.9000000003725,False
A1NQOR4RQJJDMW,ns,2,15-2,15.0,2000.0,4.0,4974.599999999626,False
A1NQOR4RQJJDMW,ns,2,15-2,15.0,2000.0,1.0,631.3999999985108,False
A1NQOR4RQJJDMW,ns,2,15-2,15.0,2000.0,1.0,2145.5999999996275,False
A1NQOR4RQJJDMW,ns,2,15-2,15.0,2000.0,1.0,887.5999999977648,False
A1NQOR4RQJJDMW,ns,2,15-2,15.0,2000.0,1.0,9756.5,False
A1NQOR4RQJJDMW,ns,2,15-2,15.0,2000.0,1.0,7038.4000000003725,False
A1NQOR4RQJJDMW,ns,2,15-2,15.0,2000.0,1.0,5392.699999999255,False
A1NQOR4RQJJDMW,ns,2,15-2,15.0,2000.0,1.0,3735.39999999851,False
A1NQOR4RQJJDMW,ns,2,15-2,15.0,2000.0,1.0,744.0999999996275,False
A1NQOR4RQJJDMW,ns,3,15-2,15.0,2000.0,1.0,1865.0999999940404,False
A1NQOR4RQJJDMW,ns,3,15-2,15.0,2000.0,1.0,781.2999999970198,False
A1NQOR4RQJJDMW,ns,3,15-2,15.0,2000.0,1.0,591.3000000119209,False
A1NQOR4RQJJDMW,ns,3,15-2,15.0,2000.0,1.0,1212.7000000029802,False
A1NQOR4RQJJDMW,ns,3,15-2,15.0,2000.0,10.0,1539.5999999940404,False
A1NQOR4RQJJDMW,ns,3,15-2,15.0,2000.0,1.0,3189.6000000089407,False
A1NQOR4RQJJDMW,ns,3,15-2,15.0,2000.0,15.0,0.0,True
A1NQOR4RQJJDMW,ns,3,15-2,15.0,2000.0,14.0,1332.2000000029802,False
A1NQOR4RQJJDMW,ns,3,15-2,15.0,2000.0,1.0,238.29999999701977,False
A1NQOR4RQJJDMW,ns,3,15-2,15.0,2000.0,1.0,1194.4000000059605,False
A1NQOR4RQJJDMW,ns,3,15-2,15.0,2000.0,15.0,2463.6000000089407,False
A1NQOR4RQJJDMW,ns,3,15-2,15.0,2000.0,9.0,1805.1000000089407,False
A1NQOR4RQJJDMW,ns,4,15-2,15.0,2000.0,1.0,450.49999994039536,False
A1NQOR4RQJJDMW,ns,4,15-2,15.0,2000.0,1.0,1265.3999999761581,False
A1NQOR4RQJJDMW,ns,4,15-2,15.0,2000.0,15.0,5861.899999976158,False
A1NQOR4RQJJDMW,ns,4,15-2,15.0,2000.0,15.0,2362.199999988079,False
A1NQOR4RQJJDMW,ns,4,15-2,15.0,2000.0,15.0,668.8000000119209,False
A1NQOR4RQJJDMW,ns,4,15-2,15.0,2000.0,15.0,4953.699999988079,False
A1NQOR4RQJJDMW,ns,4,15-2,15.0,2000.0,1.0,506.0999999642372,False
A1NQOR4RQJJDMW,ns,4,15-2,15.0,2000.0,15.0,521.0999999642372,False
A1NQOR4RQJJDMW,ns,4,15-2,15.0,2000.0,15.0,887.0,False
A1NQOR4RQJJDMW,ns,4,15-2,15.0,2000.0,1.0,1595.7999999523163,False
A1NQOR4RQJJDMW,ns,4,15-2,15.0,2000.0,15.0,0.0,True
A1NQOR4RQJJDMW,ns,4,15-2,15.0,2000.0,1.0,3255.2999999523163,False
A1O0K8V58YRL4A,ns,1,20-2,20.0,2000.0,20.0,1152.0,False
A1O0K8V58YRL4A,ns,1,20-2,20.0,2000.0,7.0,23.0,False
A1O0K8V58YRL4A,ns,1,20-2,20.0,2000.0,1.0,5617.0,False
A1O0K8V58YRL4A,ns,1,20-2,20.0,2000.0,19.0,8868.0,False
A1O0K8V58YRL4A,ns,1,20-2,20.0,2000.0,19.0,0.0,True
A1O0K8V58YRL4A,ns,1,20-2,20.0,2000.0,19.0,456.0,False
A1O0K8V58YRL4A,ns,1,20-2,20.0,2000.0,16.0,1594.0,False
A1O0K8V58YRL4A,ns,2,20-2,20.0,2000.0,5.0,2795.0,False
A1O0K8V58YRL4A,ns,2,20-2,20.0,2000.0,5.0,0.0,True
A1O0K8V58YRL4A,ns,2,20-2,20.0,2000.0,3.0,16836.0,False
A1O0K8V58YRL4A,ns,2,20-2,20.0,2000.0,20.0,4558.0,False
A1O0K8V58YRL4A,ns,2,20-2,20.0,2000.0,17.0,12835.0,False
A1O0K8V58YRL4A,ns,2,20-2,20.0,2000.0,17.0,3052.0,False
A1O0K8V58YRL4A,ns,3,20-2,20.0,2000.0,14.0,2726.0,False
A1O0K8V58YRL4A,ns,3,20-2,20.0,2000.0,20.0,9693.0,False
A1O0K8V58YRL4A,ns,3,20-2,20.0,2000.0,19.0,12370.0,False
A1O0K8V58YRL4A,ns,3,20-2,20.0,2000.0,5.0,741.0,False
A1O0K8V58YRL4A,ns,3,20-2,20.0,2000.0,3.0,0.0,True
A1O0K8V58YRL4A,ns,3,20-2,20.0,2000.0,1.0,3875.0,False
A1O0K8V58YRL4A,ns,3,20-2,20.0,2000.0,2.0,2503.0,False
A1O0K8V58YRL4A,ns,3,20-2,20.0,2000.0,1.0,5142.0,False
A1O67YS3DU0ZHX,rec,1,30-1,30.0,1000.0,28.0,378.0,False
A1O67YS3DU0ZHX,rec,1,30-1,30.0,1000.0,29.0,1583.0,False
A1O67YS3DU0ZHX,rec,1,30-1,30.0,1000.0,29.0,0.0,True
A1O67YS3DU0ZHX,rec,1,30-1,30.0,1000.0,29.0,589.0,False
A1O67YS3DU0ZHX,rec,1,30-1,30.0,1000.0,27.0,957.0,False
A1O67YS3DU0ZHX,rec,1,30-1,30.0,1000.0,29.0,1995.0,False
A1O67YS3DU0ZHX,rec,1,30-1,30.0,1000.0,29.0,1233.0,False
A1O67YS3DU0ZHX,rec,1,30-1,30.0,1000.0,29.0,546.0,False
A1O67YS3DU0ZHX,rec,1,30-1,30.0,1000.0,28.0,440.0,False
A1O67YS3DU0ZHX,rec,1,30-1,30.0,1000.0,28.0,906.0,False
A1O67YS3DU0ZHX,rec,1,30-1,30.0,1000.0,27.0,1131.0,False
A1O67YS3DU0ZHX,rec,1,30-1,30.0,1000.0,29.0,70.0,False
A1O67YS3DU0ZHX,rec,2,30-1,30.0,1000.0,29.0,0.0,True
A1O67YS3DU0ZHX,rec,2,30-1,30.0,1000.0,29.0,2317.0,False
A1O67YS3DU0ZHX,rec,2,30-1,30.0,1000.0,25.0,1482.0,False
A1O67YS3DU0ZHX,rec,2,30-1,30.0,1000.0,27.0,1359.0,False
A1O67YS3DU0ZHX,rec,2,30-1,30.0,1000.0,27.0,1345.0,False
A1O67YS3DU0ZHX,rec,2,30-1,30.0,1000.0,27.0,1890.0,False
A1O67YS3DU0ZHX,rec,2,30-1,30.0,1000.0,28.0,3275.0,False
A1O67YS3DU0ZHX,rec,2,30-1,30.0,1000.0,28.0,568.0,False
A1O67YS3DU0ZHX,rec,2,30-1,30.0,1000.0,28.0,2063.0,False
A1O67YS3DU0ZHX,rec,2,30-1,30.0,1000.0,29.0,1999.0,False
A1O67YS3DU0ZHX,rec,2,30-1,30.0,1000.0,27.0,1991.0,False
A1O67YS3DU0ZHX,rec,2,30-1,30.0,1000.0,29.0,2433.0,False
A1O67YS3DU0ZHX,rec,3,30-1,30.0,1000.0,29.0,0.0,True
A1O67YS3DU0ZHX,rec,3,30-1,30.0,1000.0,29.0,2525.0,False
A1O67YS3DU0ZHX,rec,3,30-1,30.0,1000.0,29.0,2666.0,False
A1O67YS3DU0ZHX,rec,3,30-1,30.0,1000.0,28.0,2513.0,False
A1O67YS3DU0ZHX,rec,3,30-1,30.0,1000.0,28.0,3291.0,False
A1O67YS3DU0ZHX,rec,3,30-1,30.0,1000.0,27.0,1662.0,False
A1O67YS3DU0ZHX,rec,3,30-1,30.0,1000.0,27.0,2039.0,False
A1O67YS3DU0ZHX,rec,3,30-1,30.0,1000.0,29.0,1369.0,False
A1O67YS3DU0ZHX,rec,3,30-1,30.0,1000.0,27.0,2168.0,False
A1O67YS3DU0ZHX,rec,3,30-1,30.0,1000.0,29.0,1825.0,False
A1O67YS3DU0ZHX,rec,3,30-1,30.0,1000.0,29.0,2234.0,False
A1O67YS3DU0ZHX,rec,4,30-1,30.0,1000.0,28.0,0.0,True
A1O67YS3DU0ZHX,rec,4,30-1,30.0,1000.0,29.0,2811.0,False
A1O67YS3DU0ZHX,rec,4,30-1,30.0,1000.0,25.0,1875.0,False
A1O67YS3DU0ZHX,rec,4,30-1,30.0,1000.0,28.0,2483.0,False
A1O67YS3DU0ZHX,rec,4,30-1,30.0,1000.0,25.0,1714.0,False
A1O67YS3DU0ZHX,rec,4,30-1,30.0,1000.0,28.0,1618.0,False
A1O67YS3DU0ZHX,rec,4,30-1,30.0,1000.0,28.0,1638.0,False
A1O67YS3DU0ZHX,rec,4,30-1,30.0,1000.0,26.0,2463.0,False
A1O67YS3DU0ZHX,rec,4,30-1,30.0,1000.0,28.0,5160.0,False
A1O67YS3DU0ZHX,rec,4,30-1,30.0,1000.0,27.0,3066.0,False
A1O67YS3DU0ZHX,rec,4,30-1,30.0,1000.0,28.0,2170.0,False
A1O67YS3DU0ZHX,rec,4,30-1,30.0,1000.0,27.0,2311.0,False
A1OOCYEFLAJD98,ns,1,20-1,20.0,1000.0,16.0,2244.899999976158,False
A1OOCYEFLAJD98,ns,1,20-1,20.0,1000.0,16.0,2946.699999988079,False
A1OOCYEFLAJD98,ns,1,20-1,20.0,1000.0,15.0,13477.099999964237,False
A1OOCYEFLAJD98,ns,1,20-1,20.0,1000.0,16.0,4892.699999988079,False
A1OOCYEFLAJD98,ns,1,20-1,20.0,1000.0,16.0,1053.199999988079,False
A1OOCYEFLAJD98,ns,1,20-1,20.0,1000.0,15.0,8090.400000035763,False
A1OOCYEFLAJD98,ns,1,20-1,20.0,1000.0,14.0,3521.4999999403954,False
A1OOCYEFLAJD98,ns,1,20-1,20.0,1000.0,16.0,977.0,False
A1OOCYEFLAJD98,ns,1,20-1,20.0,1000.0,16.0,0.0,True
A1OOCYEFLAJD98,ns,1,20-1,20.0,1000.0,16.0,4446.5,False
A1OOCYEFLAJD98,ns,1,20-1,20.0,1000.0,17.0,2535.7999999523163,False
A1OOCYEFLAJD98,ns,1,20-1,20.0,1000.0,17.0,1347.2999999523163,False
A1OOCYEFLAJD98,ns,2,20-1,20.0,1000.0,16.0,0.0,True
A1OOCYEFLAJD98,ns,2,20-1,20.0,1000.0,17.0,2053.5,False
A1OOCYEFLAJD98,ns,2,20-1,20.0,1000.0,16.0,1374.0,False
A1OOCYEFLAJD98,ns,2,20-1,20.0,1000.0,17.0,4064.5000000298014,False
A1OOCYEFLAJD98,ns,2,20-1,20.0,1000.0,16.0,1441.80000001192,False
A1OOCYEFLAJD98,ns,2,20-1,20.0,1000.0,18.0,905.6999999880782,False
A1OOCYEFLAJD98,ns,2,20-1,20.0,1000.0,16.0,4243.80000001192,False
A1OOCYEFLAJD98,ns,2,20-1,20.0,1000.0,16.0,1348.2000000178805,False
A1OOCYEFLAJD98,ns,2,20-1,20.0,1000.0,16.0,6366.30000001192,False
A1OOCYEFLAJD98,ns,2,20-1,20.0,1000.0,17.0,1367.5999999940386,False
A1OOCYEFLAJD98,ns,2,20-1,20.0,1000.0,14.0,21714.90000000596,False
A1OOCYEFLAJD98,ns,3,20-1,20.0,1000.0,17.0,1019.9000000357628,False
A1OOCYEFLAJD98,ns,3,20-1,20.0,1000.0,13.0,1825.300000011921,False
A1OOCYEFLAJD98,ns,3,20-1,20.0,1000.0,17.0,0.0,True
A1OOCYEFLAJD98,ns,3,20-1,20.0,1000.0,16.0,2464.7000000476837,False
A1OOCYEFLAJD98,ns,3,20-1,20.0,1000.0,15.0,9204.30000001192,False
A1OOCYEFLAJD98,ns,3,20-1,20.0,1000.0,13.0,28619.19999998808,False
A1OOCYEFLAJD98,ns,3,20-1,20.0,1000.0,14.0,3246.5,False
A1OOCYEFLAJD98,ns,3,20-1,20.0,1000.0,18.0,1505.800000011921,False
A1OOCYEFLAJD98,ns,3,20-1,20.0,1000.0,15.0,7854.600000023842,False
A1OOCYEFLAJD98,ns,3,20-1,20.0,1000.0,16.0,1203.5999999642372,False
A1OOCYEFLAJD98,ns,3,20-1,20.0,1000.0,15.0,2197.800000011921,False
A1OOCYEFLAJD98,ns,3,20-1,20.0,1000.0,15.0,2419.5,False
A1OOCYEFLAJD98,ns,4,20-1,20.0,1000.0,15.0,1684.8999999761581,False
A1OOCYEFLAJD98,ns,4,20-1,20.0,1000.0,16.0,2401.299999982119,False
A1OOCYEFLAJD98,ns,4,20-1,20.0,1000.0,16.0,1522.7999999821186,False
A1OOCYEFLAJD98,ns,4,20-1,20.0,1000.0,16.0,3563.899999976158,False
A1OOCYEFLAJD98,ns,4,20-1,20.0,1000.0,16.0,824.0999999642372,False
A1OOCYEFLAJD98,ns,4,20-1,20.0,1000.0,17.0,5845.099999964237,False
A1OOCYEFLAJD98,ns,4,20-1,20.0,1000.0,15.0,0.0,True
A1OOCYEFLAJD98,ns,4,20-1,20.0,1000.0,16.0,3485.699999988079,False
A1OOCYEFLAJD98,ns,4,20-1,20.0,1000.0,16.0,2973.899999976158,False
A1OOCYEFLAJD98,ns,4,20-1,20.0,1000.0,16.0,1066.199999988079,False
A1OOCYEFLAJD98,ns,4,20-1,20.0,1000.0,15.0,854.0999999642372,False
A1OOCYEFLAJD98,ns,4,20-1,20.0,1000.0,16.0,5262.7999999821195,False
A1OW27AZS122X2,ns,1,20-1,20.0,1000.0,7.0,0.0,True
A1OW27AZS122X2,ns,1,20-1,20.0,1000.0,5.0,2290.8999999910593,False
A1OW27AZS122X2,ns,1,20-1,20.0,1000.0,18.0,1433.7999999970198,False
A1OW27AZS122X2,ns,1,20-1,20.0,1000.0,18.0,948.2999999970193,False
A1OW27AZS122X2,ns,1,20-1,20.0,1000.0,20.0,2322.2999999970198,False
A1OW27AZS122X2,ns,1,20-1,20.0,1000.0,19.0,1197.7000000029802,False
A1OW27AZS122X2,ns,1,20-1,20.0,1000.0,19.0,952.3999999910598,False
A1OW27AZS122X2,ns,1,20-1,20.0,1000.0,20.0,369.89999999105976,False
A1OW27AZS122X2,ns,1,20-1,20.0,1000.0,1.0,10871.09999999404,False
A1OW27AZS122X2,ns,1,20-1,20.0,1000.0,20.0,722.6999999880791,False
A1OW27AZS122X2,ns,2,20-1,20.0,1000.0,20.0,0.0,True
A1OW27AZS122X2,ns,2,20-1,20.0,1000.0,14.0,2120.2999999523163,False
A1OW27AZS122X2,ns,2,20-1,20.0,1000.0,20.0,5080.899999976158,False
A1OW27AZS122X2,ns,2,20-1,20.0,1000.0,13.0,8837.299999952316,False
A1OW27AZS122X2,ns,2,20-1,20.0,1000.0,4.0,24652.79999995232,False
A1OW27AZS122X2,ns,2,20-1,20.0,1000.0,1.0,8992.899999976158,False
A1OW27AZS122X2,ns,2,20-1,20.0,1000.0,20.0,1964.7999999523163,False
A1OW27AZS122X2,ns,2,20-1,20.0,1000.0,19.0,3109.399999976158,False
A1OW27AZS122X2,ns,2,20-1,20.0,1000.0,19.0,1133.9999999403954,False
A1OW27AZS122X2,ns,2,20-1,20.0,1000.0,11.0,4850.299999952316,False
A1OW27AZS122X2,ns,2,20-1,20.0,1000.0,20.0,386.19999992847397,False
A1OW27AZS122X2,ns,2,20-1,20.0,1000.0,1.0,6503.299999952316,False
A1OW27AZS122X2,ns,3,20-1,20.0,1000.0,13.0,0.0,True
A1OW27AZS122X2,ns,3,20-1,20.0,1000.0,5.0,690.0000001192093,False
A1OW27AZS122X2,ns,3,20-1,20.0,1000.0,18.0,4411.400000095367,False
A1OW27AZS122X2,ns,3,20-1,20.0,1000.0,2.0,16382.300000071522,False
A1OW27AZS122X2,ns,3,20-1,20.0,1000.0,20.0,1405.8000000715256,False
A1OW27AZS122X2,ns,3,20-1,20.0,1000.0,19.0,9318.100000023842,False
A1OW27AZS122X2,ns,3,20-1,20.0,1000.0,20.0,1649.4000000953674,False
A1OW27AZS122X2,ns,3,20-1,20.0,1000.0,19.0,1054.6000000238419,False
A1OW27AZS122X2,ns,3,20-1,20.0,1000.0,2.0,11303.300000071526,False
A1OW27AZS122X2,ns,3,20-1,20.0,1000.0,18.0,1284.3000000715256,False
A1OW27AZS122X2,ns,3,20-1,20.0,1000.0,1.0,1896.1000000238419,False
A1OW27AZS122X2,ns,3,20-1,20.0,1000.0,20.0,2236.9000000953674,False
A1OW27AZS122X2,ns,4,20-1,20.0,1000.0,18.0,0.0,True
A1OW27AZS122X2,ns,4,20-1,20.0,1000.0,20.0,2974.5000000149003,False
A1OW27AZS122X2,ns,4,20-1,20.0,1000.0,17.0,2452.7000000178805,False
A1OW27AZS122X2,ns,4,20-1,20.0,1000.0,20.0,2093.10000000894,False
A1OW27AZS122X2,ns,4,20-1,20.0,1000.0,19.0,2597.2000000029802,False
A1OW27AZS122X2,ns,4,20-1,20.0,1000.0,3.0,14428.40000000596,False
A1OW27AZS122X2,ns,4,20-1,20.0,1000.0,20.0,4184.90000000596,False
A1OW27AZS122X2,ns,4,20-1,20.0,1000.0,17.0,4608.000000014899,False
A1OW27AZS122X2,ns,4,20-1,20.0,1000.0,20.0,8054.10000000894,False
A1OW27AZS122X2,ns,4,20-1,20.0,1000.0,19.0,4560.499999999999,False
A1OW27AZS122X2,ns,4,20-1,20.0,1000.0,2.0,11242.800000011921,False
A1P00XZZG7EEEM,prim,1,10-2,10.0,2000.0,5.0,251.79999995231628,False
A1P00XZZG7EEEM,prim,1,10-2,10.0,2000.0,1.0,8068.199999928474,False
A1P00XZZG7EEEM,prim,1,10-2,10.0,2000.0,1.0,18738.799999952313,False
A1P00XZZG7EEEM,prim,1,10-2,10.0,2000.0,1.0,24125.099999904636,False
A1P00XZZG7EEEM,prim,1,10-2,10.0,2000.0,5.0,32316.399999856956,False
A1P00XZZG7EEEM,prim,1,10-2,10.0,2000.0,3.0,11296.399999976158,False
A1P00XZZG7EEEM,prim,1,10-2,10.0,2000.0,2.0,13952.999999880794,False
A1P00XZZG7EEEM,prim,1,10-2,10.0,2000.0,2.0,18655.799999952313,False
A1P00XZZG7EEEM,prim,1,10-2,10.0,2000.0,8.0,0.0,True
A1P00XZZG7EEEM,prim,2,10-2,10.0,2000.0,1.0,0.0,True
A1P00XZZG7EEEM,prim,2,10-2,10.0,2000.0,1.0,24.200000047683716,False
A1P00XZZG7EEEM,prim,2,10-2,10.0,2000.0,2.0,8870.10000002384,False
A1P00XZZG7EEEM,prim,2,10-2,10.0,2000.0,1.0,14561.39999997616,False
A1P00XZZG7EEEM,prim,2,10-2,10.0,2000.0,1.0,10133.60000002384,False
A1P00XZZG7EEEM,prim,2,10-2,10.0,2000.0,2.0,8485.999999999998,False
A1PTX4IB9R34LI,rec,1,20-2,20.0,2000.0,1.0,1474.0,False
A1PTX4IB9R34LI,rec,1,20-2,20.0,2000.0,19.0,4347.0,False
A1PTX4IB9R34LI,rec,1,20-2,20.0,2000.0,16.0,2782.0,False
A1PTX4IB9R34LI,rec,1,20-2,20.0,2000.0,20.0,12370.0,False
A1PTX4IB9R34LI,rec,1,20-2,20.0,2000.0,20.0,878.0,False
A1PTX4IB9R34LI,rec,1,20-2,20.0,2000.0,20.0,278.0,False
A1PTX4IB9R34LI,rec,1,20-2,20.0,2000.0,19.0,0.0,True
A1PTX4IB9R34LI,rec,1,20-2,20.0,2000.0,19.0,1695.0,False
A1PTX4IB9R34LI,rec,1,20-2,20.0,2000.0,4.0,724.0,False
A1PTX4IB9R34LI,rec,1,20-2,20.0,2000.0,20.0,1272.0,False
A1PTX4IB9R34LI,rec,2,20-2,20.0,2000.0,9.0,0.0,True
A1PTX4IB9R34LI,rec,2,20-2,20.0,2000.0,20.0,4130.0,False
A1PTX4IB9R34LI,rec,2,20-2,20.0,2000.0,1.0,1316.0,False
A1PTX4IB9R34LI,rec,2,20-2,20.0,2000.0,20.0,5871.0,False
A1PTX4IB9R34LI,rec,2,20-2,20.0,2000.0,19.0,622.0,False
A1PTX4IB9R34LI,rec,2,20-2,20.0,2000.0,14.0,2051.0,False
A1PTX4IB9R34LI,rec,2,20-2,20.0,2000.0,20.0,2496.0,False
A1PTX4IB9R34LI,rec,2,20-2,20.0,2000.0,18.0,10501.0,False
A1PTX4IB9R34LI,rec,2,20-2,20.0,2000.0,20.0,1720.0,False
A1PTX4IB9R34LI,rec,2,20-2,20.0,2000.0,19.0,1600.0,False
A1PTX4IB9R34LI,rec,2,20-2,20.0,2000.0,17.0,2782.0,False
A1PTX4IB9R34LI,rec,3,20-2,20.0,2000.0,10.0,396.0,False
A1PTX4IB9R34LI,rec,3,20-2,20.0,2000.0,19.0,3766.0,False
A1PTX4IB9R34LI,rec,3,20-2,20.0,2000.0,20.0,5273.0,False
A1PTX4IB9R34LI,rec,3,20-2,20.0,2000.0,18.0,3223.0,False
A1PTX4IB9R34LI,rec,3,20-2,20.0,2000.0,7.0,822.0,False
A1PTX4IB9R34LI,rec,3,20-2,20.0,2000.0,18.0,257.0,False
A1PTX4IB9R34LI,rec,3,20-2,20.0,2000.0,9.0,3019.0,False
A1PTX4IB9R34LI,rec,3,20-2,20.0,2000.0,20.0,0.0,True
A1PTX4IB9R34LI,rec,3,20-2,20.0,2000.0,19.0,615.0,False
A1PTX4IB9R34LI,rec,3,20-2,20.0,2000.0,18.0,2137.0,False
A1PTX4IB9R34LI,rec,3,20-2,20.0,2000.0,20.0,4968.0,False
A1PTX4IB9R34LI,rec,3,20-2,20.0,2000.0,19.0,5130.0,False
A1PTX4IB9R34LI,rec,4,20-2,20.0,2000.0,20.0,0.0,True
A1PTX4IB9R34LI,rec,4,20-2,20.0,2000.0,19.0,2570.0,False
A1PTX4IB9R34LI,rec,4,20-2,20.0,2000.0,13.0,2107.0,False
A1PTX4IB9R34LI,rec,4,20-2,20.0,2000.0,4.0,1168.0,False
A1PTX4IB9R34LI,rec,4,20-2,20.0,2000.0,18.0,982.0,False
A1PTX4IB9R34LI,rec,4,20-2,20.0,2000.0,19.0,1939.0,False
A1PTX4IB9R34LI,rec,4,20-2,20.0,2000.0,5.0,2580.0,False
A1PTX4IB9R34LI,rec,4,20-2,20.0,2000.0,1.0,5213.0,False
A1PTX4IB9R34LI,rec,4,20-2,20.0,2000.0,19.0,2768.0,False
A1PTX4IB9R34LI,rec,4,20-2,20.0,2000.0,20.0,2568.0,False
A1PTX4IB9R34LI,rec,4,20-2,20.0,2000.0,7.0,3910.0,False
A1PTX4IB9R34LI,rec,4,20-2,20.0,2000.0,20.0,852.0,False
A1PZIN8H1VI6SY,prim,1,15-2,15.0,2000.0,1.0,0.0,True
A1PZIN8H1VI6SY,prim,1,15-2,15.0,2000.0,1.0,3931.5,False
A1PZIN8H1VI6SY,prim,1,15-2,15.0,2000.0,1.0,783.8000001907349,False
A1PZIN8H1VI6SY,prim,1,15-2,15.0,2000.0,1.0,1473.4000000953674,False
A1PZIN8H1VI6SY,prim,1,15-2,15.0,2000.0,1.0,1641.5,False
A1PZIN8H1VI6SY,prim,1,15-2,15.0,2000.0,1.0,3941.5999999046326,False
A1PZIN8H1VI6SY,prim,2,15-2,15.0,2000.0,1.0,1071.8999996185303,False
A1PZIN8H1VI6SY,prim,2,15-2,15.0,2000.0,1.0,1613.4999995231628,False
A1PZIN8H1VI6SY,prim,2,15-2,15.0,2000.0,1.0,2164.5999999046326,False
A1PZIN8H1VI6SY,prim,2,15-2,15.0,2000.0,1.0,0.0,True
A1PZIN8H1VI6SY,prim,2,15-2,15.0,2000.0,1.0,890.1999998092651,False
A1PZIN8H1VI6SY,prim,2,15-2,15.0,2000.0,1.0,2583.5,False
A1PZIN8H1VI6SY,prim,3,15-2,15.0,2000.0,4.0,2702.599999964237,False
A1PZIN8H1VI6SY,prim,3,15-2,15.0,2000.0,2.0,23479.399999976158,False
A1PZIN8H1VI6SY,prim,3,15-2,15.0,2000.0,3.0,3829.599999964237,False
A1PZIN8H1VI6SY,prim,3,15-2,15.0,2000.0,1.0,146.69999998807907,False
A1PZIN8H1VI6SY,prim,3,15-2,15.0,2000.0,1.0,1996.0,False
A1PZIN8H1VI6SY,prim,3,15-2,15.0,2000.0,1.0,1858.0999999642372,False
A1PZIN8H1VI6SY,prim,3,15-2,15.0,2000.0,2.0,49.89999997615814,False
A1PZIN8H1VI6SY,prim,3,15-2,15.0,2000.0,8.0,0.0,True
A1Q0G8JA5EZ8EI,rec,1,30-1,30.0,1000.0,8.0,0.0,True
A1Q0G8JA5EZ8EI,rec,1,30-1,30.0,1000.0,26.0,6639.5,False
A1Q0G8JA5EZ8EI,rec,1,30-1,30.0,1000.0,30.0,13679.400000035763,False
A1Q0G8JA5EZ8EI,rec,1,30-1,30.0,1000.0,26.0,8621.600000023842,False
A1Q0G8JA5EZ8EI,rec,1,30-1,30.0,1000.0,28.0,7786.100000023842,False
A1Q0G8JA5EZ8EI,rec,1,30-1,30.0,1000.0,30.0,4692.100000023842,False
A1Q0G8JA5EZ8EI,rec,1,30-1,30.0,1000.0,29.0,5131.200000047684,False
A1Q0G8JA5EZ8EI,rec,1,30-1,30.0,1000.0,29.0,14325.100000023842,False
A1Q0G8JA5EZ8EI,rec,1,30-1,30.0,1000.0,24.0,9680.100000023842,False
A1Q0G8JA5EZ8EI,rec,1,30-1,30.0,1000.0,29.0,14124.0,False
A1Q0G8JA5EZ8EI,rec,1,30-1,30.0,1000.0,29.0,7698.5000000596065,False
A1Q0G8JA5EZ8EI,rec,1,30-1,30.0,1000.0,29.0,4402.100000023842,False
A1Q0G8JA5EZ8EI,rec,2,30-1,30.0,1000.0,30.0,0.0,True
A1Q0G8JA5EZ8EI,rec,2,30-1,30.0,1000.0,29.0,8440.800000190735,False
A1Q0G8JA5EZ8EI,rec,2,30-1,30.0,1000.0,27.0,9630.5,False
A1Q0G8JA5EZ8EI,rec,2,30-1,30.0,1000.0,30.0,12722.600000143051,False
A1Q0G8JA5EZ8EI,rec,2,30-1,30.0,1000.0,30.0,9116.100000143051,False
A1Q0G8JA5EZ8EI,rec,2,30-1,30.0,1000.0,28.0,9241.59999990463,False
A1Q0G8JA5EZ8EI,rec,2,30-1,30.0,1000.0,30.0,3346.099999904632,False
A1Q0G8JA5EZ8EI,rec,2,30-1,30.0,1000.0,30.0,8105.500000238419,False
A1Q0G8JA5EZ8EI,rec,2,30-1,30.0,1000.0,30.0,2309.500000238418,False
A1Q0G8JA5EZ8EI,rec,2,30-1,30.0,1000.0,26.0,9035.300000190735,False
A1Q0G8JA5EZ8EI,rec,2,30-1,30.0,1000.0,2.0,5614.299999952316,False
A1QRIZY9WJW3R1,prim,1,15-2,15.0,2000.0,3.0,183.0,False
A1QRIZY9WJW3R1,prim,1,15-2,15.0,2000.0,1.0,1770.0,False
A1QRIZY9WJW3R1,prim,1,15-2,15.0,2000.0,2.0,1789.0,False
A1QRIZY9WJW3R1,prim,1,15-2,15.0,2000.0,4.0,0.0,True
A1QRIZY9WJW3R1,prim,1,15-2,15.0,2000.0,2.0,5968.0,False
A1QRIZY9WJW3R1,prim,1,15-2,15.0,2000.0,1.0,855.0,False
A1QRIZY9WJW3R1,prim,1,15-2,15.0,2000.0,1.0,3203.0,False
A1QRIZY9WJW3R1,prim,1,15-2,15.0,2000.0,1.0,8123.0,False
A1QRIZY9WJW3R1,prim,1,15-2,15.0,2000.0,1.0,1110.0,False
A1QRIZY9WJW3R1,prim,1,15-2,15.0,2000.0,4.0,596.0,False
A1QRIZY9WJW3R1,prim,1,15-2,15.0,2000.0,4.0,6960.0,False
A1QRIZY9WJW3R1,prim,2,15-2,15.0,2000.0,3.0,0.0,True
A1QRIZY9WJW3R1,prim,2,15-2,15.0,2000.0,1.0,16986.0,False
A1QRIZY9WJW3R1,prim,2,15-2,15.0,2000.0,1.0,5256.0,False
A1QRIZY9WJW3R1,prim,2,15-2,15.0,2000.0,1.0,9096.0,False
A1QRIZY9WJW3R1,prim,2,15-2,15.0,2000.0,1.0,3508.0,False
A1QRIZY9WJW3R1,prim,2,15-2,15.0,2000.0,1.0,10279.0,False
A1QRIZY9WJW3R1,prim,2,15-2,15.0,2000.0,1.0,3730.0,False
A1QRIZY9WJW3R1,prim,2,15-2,15.0,2000.0,2.0,1954.0,False
A1QRIZY9WJW3R1,prim,2,15-2,15.0,2000.0,1.0,3858.0,False
A1QRIZY9WJW3R1,prim,2,15-2,15.0,2000.0,1.0,2708.0,False
A1QRIZY9WJW3R1,prim,2,15-2,15.0,2000.0,1.0,5017.0,False
A1QRIZY9WJW3R1,prim,3,15-2,15.0,2000.0,1.0,1866.0,False
A1QRIZY9WJW3R1,prim,3,15-2,15.0,2000.0,1.0,4213.0,False
A1QRIZY9WJW3R1,prim,3,15-2,15.0,2000.0,1.0,3114.0,False
A1QRIZY9WJW3R1,prim,3,15-2,15.0,2000.0,1.0,3093.0,False
A1QRIZY9WJW3R1,prim,3,15-2,15.0,2000.0,1.0,915.0,False
A1QRIZY9WJW3R1,prim,3,15-2,15.0,2000.0,1.0,6114.0,False
A1QRIZY9WJW3R1,prim,3,15-2,15.0,2000.0,1.0,10455.0,False
A1QRIZY9WJW3R1,prim,3,15-2,15.0,2000.0,1.0,16012.0,False
A1QRIZY9WJW3R1,prim,3,15-2,15.0,2000.0,1.0,2649.0,False
A1QRIZY9WJW3R1,prim,3,15-2,15.0,2000.0,2.0,0.0,True
A1QRIZY9WJW3R1,prim,4,15-2,15.0,2000.0,1.0,1818.0,False
A1QRIZY9WJW3R1,prim,4,15-2,15.0,2000.0,5.0,10753.0,False
A1QRIZY9WJW3R1,prim,4,15-2,15.0,2000.0,1.0,7709.0,False
A1QRIZY9WJW3R1,prim,4,15-2,15.0,2000.0,1.0,994.0,False
A1QRIZY9WJW3R1,prim,4,15-2,15.0,2000.0,2.0,0.0,True
A1QRIZY9WJW3R1,prim,4,15-2,15.0,2000.0,1.0,6602.0,False
A1QRIZY9WJW3R1,prim,4,15-2,15.0,2000.0,1.0,9545.0,False
A1QRIZY9WJW3R1,prim,4,15-2,15.0,2000.0,2.0,22.0,False
A1QXJZFA5NVGM3,prim,1,15-2,15.0,2000.0,1.0,0.0,True
A1QXJZFA5NVGM3,prim,1,15-2,15.0,2000.0,1.0,5377.0,False
A1QXJZFA5NVGM3,prim,1,15-2,15.0,2000.0,1.0,7055.0,False
A1QXJZFA5NVGM3,prim,1,15-2,15.0,2000.0,1.0,5933.0,False
A1QXJZFA5NVGM3,prim,1,15-2,15.0,2000.0,1.0,4343.0,False
A1QXJZFA5NVGM3,prim,1,15-2,15.0,2000.0,2.0,7034.0,False
A1QXJZFA5NVGM3,prim,1,15-2,15.0,2000.0,2.0,5127.0,False
A1QXJZFA5NVGM3,prim,1,15-2,15.0,2000.0,1.0,4940.0,False
A1QXJZFA5NVGM3,prim,1,15-2,15.0,2000.0,1.0,6989.0,False
A1QXJZFA5NVGM3,prim,1,15-2,15.0,2000.0,1.0,4940.0,False
A1QXJZFA5NVGM3,prim,2,15-2,15.0,2000.0,1.0,0.0,True
A1QXJZFA5NVGM3,prim,2,15-2,15.0,2000.0,1.0,6252.0,False
A1QXJZFA5NVGM3,prim,2,15-2,15.0,2000.0,1.0,3632.0,False
A1QXJZFA5NVGM3,prim,2,15-2,15.0,2000.0,1.0,3232.0,False
A1QXJZFA5NVGM3,prim,2,15-2,15.0,2000.0,1.0,2575.0,False
A1QXJZFA5NVGM3,prim,2,15-2,15.0,2000.0,1.0,2289.0,False
A1QXJZFA5NVGM3,prim,2,15-2,15.0,2000.0,2.0,3600.0,False
A1QXJZFA5NVGM3,prim,2,15-2,15.0,2000.0,1.0,2127.0,False
A1QXJZFA5NVGM3,prim,2,15-2,15.0,2000.0,1.0,2313.0,False
A1R5JNC2LO6X1S,prim,1,20-1,20.0,1000.0,1.0,0.0,True
A1R5JNC2LO6X1S,prim,1,20-1,20.0,1000.0,1.0,6543.0,False
A1R5JNC2LO6X1S,prim,1,20-1,20.0,1000.0,1.0,2580.0,False
A1R5JNC2LO6X1S,prim,1,20-1,20.0,1000.0,1.0,3731.0,False
A1R5JNC2LO6X1S,prim,1,20-1,20.0,1000.0,1.0,3637.0,False
A1R5JNC2LO6X1S,prim,1,20-1,20.0,1000.0,1.0,1491.0,False
A1R5JNC2LO6X1S,prim,1,20-1,20.0,1000.0,1.0,1938.0,False
A1R5JNC2LO6X1S,prim,1,20-1,20.0,1000.0,1.0,4715.0,False
A1R5JNC2LO6X1S,prim,1,20-1,20.0,1000.0,1.0,2626.0,False
A1R5JNC2LO6X1S,prim,1,20-1,20.0,1000.0,1.0,3735.0,False
A1R5JNC2LO6X1S,prim,1,20-1,20.0,1000.0,1.0,3703.0,False
A1R5JNC2LO6X1S,prim,2,20-1,20.0,1000.0,1.0,0.0,True
A1R5JNC2LO6X1S,prim,2,20-1,20.0,1000.0,1.0,4312.0,False
A1R5JNC2LO6X1S,prim,2,20-1,20.0,1000.0,1.0,2033.0,False
A1R5JNC2LO6X1S,prim,2,20-1,20.0,1000.0,1.0,2871.0,False
A1R5JNC2LO6X1S,prim,2,20-1,20.0,1000.0,1.0,6173.0,False
A1R5JNC2LO6X1S,prim,2,20-1,20.0,1000.0,1.0,3343.0,False
A1R5JNC2LO6X1S,prim,2,20-1,20.0,1000.0,1.0,1702.0,False
A1R5JNC2LO6X1S,prim,2,20-1,20.0,1000.0,1.0,2312.0,False
A1R5JNC2LO6X1S,prim,2,20-1,20.0,1000.0,1.0,5384.0,False
A1R5JNC2LO6X1S,prim,2,20-1,20.0,1000.0,1.0,3564.0,False
A1R5JNC2LO6X1S,prim,3,20-1,20.0,1000.0,1.0,1265.0,False
A1R5JNC2LO6X1S,prim,3,20-1,20.0,1000.0,1.0,971.0,False
A1R5JNC2LO6X1S,prim,3,20-1,20.0,1000.0,1.0,481.0,False
A1R5JNC2LO6X1S,prim,3,20-1,20.0,1000.0,1.0,4653.0,False
A1R5JNC2LO6X1S,prim,3,20-1,20.0,1000.0,2.0,0.0,True
A1R5JNC2LO6X1S,prim,3,20-1,20.0,1000.0,1.0,2668.0,False
A1R5JNC2LO6X1S,prim,3,20-1,20.0,1000.0,1.0,254.0,False
A1R5JNC2LO6X1S,prim,3,20-1,20.0,1000.0,1.0,664.0,False
A1R5JNC2LO6X1S,prim,3,20-1,20.0,1000.0,1.0,2264.0,False
A1R5JNC2LO6X1S,prim,4,20-1,20.0,1000.0,1.0,4051.0,False
A1R5JNC2LO6X1S,prim,4,20-1,20.0,1000.0,1.0,299.0,False
A1R5JNC2LO6X1S,prim,4,20-1,20.0,1000.0,1.0,3199.0,False
A1R5JNC2LO6X1S,prim,4,20-1,20.0,1000.0,19.0,4706.0,False
A1R5JNC2LO6X1S,prim,4,20-1,20.0,1000.0,1.0,0.0,True
A1R5JNC2LO6X1S,prim,4,20-1,20.0,1000.0,1.0,1482.0,False
A1RFDB2WUV7QRO,ns,1,10-2,10.0,2000.0,3.0,0.0,True
A1RFDB2WUV7QRO,ns,1,10-2,10.0,2000.0,1.0,3380.7000000011176,False
A1RFDB2WUV7QRO,ns,1,10-2,10.0,2000.0,2.0,5515.699999999255,False
A1RFDB2WUV7QRO,ns,1,10-2,10.0,2000.0,1.0,901.5999999996284,False
A1RFDB2WUV7QRO,ns,1,10-2,10.0,2000.0,1.0,2964.0,False
A1RFDB2WUV7QRO,ns,1,10-2,10.0,2000.0,1.0,3494.4000000003725,False
A1RFDB2WUV7QRO,ns,1,10-2,10.0,2000.0,8.0,820.8999999985099,False
A1RFDB2WUV7QRO,ns,1,10-2,10.0,2000.0,8.0,1374.300000000745,False
A1RFDB2WUV7QRO,ns,1,10-2,10.0,2000.0,8.0,1490.199999999255,False
A1RFDB2WUV7QRO,ns,1,10-2,10.0,2000.0,8.0,1580.699999999255,False
A1RFDB2WUV7QRO,ns,1,10-2,10.0,2000.0,6.0,5905.0999999996275,False
A1RFDB2WUV7QRO,ns,1,10-2,10.0,2000.0,2.0,1614.5999999996284,False
A1RFDB2WUV7QRO,ns,2,10-2,10.0,2000.0,2.0,854.0999999940386,False
A1RFDB2WUV7QRO,ns,2,10-2,10.0,2000.0,1.0,208.30000001192002,False
A1RFDB2WUV7QRO,ns,2,10-2,10.0,2000.0,9.0,412.90000000595955,False
A1RFDB2WUV7QRO,ns,2,10-2,10.0,2000.0,7.0,0.0,True
A1RFDB2WUV7QRO,ns,2,10-2,10.0,2000.0,5.0,601.7000000029793,False
A1RFDB2WUV7QRO,ns,2,10-2,10.0,2000.0,10.0,2185.60000000894,False
A1RFDB2WUV7QRO,ns,2,10-2,10.0,2000.0,8.0,366.7000000029793,False
A1RFDB2WUV7QRO,ns,2,10-2,10.0,2000.0,9.0,4894.40000000596,False
A1RFDB2WUV7QRO,ns,2,10-2,10.0,2000.0,9.0,1218.5000000149003,False
A1RFDB2WUV7QRO,ns,2,10-2,10.0,2000.0,4.0,246.90000000595955,False
A1RFDB2WUV7QRO,ns,2,10-2,10.0,2000.0,5.0,342.2000000029793,False
A1RFDB2WUV7QRO,ns,2,10-2,10.0,2000.0,8.0,850.2000000029793,False
A1ROEDVMTO9Y3X,ns,1,15-2,15.0,2000.0,15.0,0.0,True
A1ROEDVMTO9Y3X,ns,1,15-2,15.0,2000.0,15.0,4175.699999988079,False
A1ROEDVMTO9Y3X,ns,1,15-2,15.0,2000.0,12.0,8912.5,False
A1ROEDVMTO9Y3X,ns,1,15-2,15.0,2000.0,13.0,10047.70000001788,False
A1ROEDVMTO9Y3X,ns,1,15-2,15.0,2000.0,15.0,4264.5999999940395,False
A1ROEDVMTO9Y3X,ns,1,15-2,15.0,2000.0,13.0,2994.2999999821186,False
A1ROEDVMTO9Y3X,ns,1,15-2,15.0,2000.0,1.0,10039.600000023842,False
A1ROEDVMTO9Y3X,ns,1,15-2,15.0,2000.0,1.0,6673.699999988081,False
A1ROEDVMTO9Y3X,ns,1,15-2,15.0,2000.0,15.0,4006.300000011921,False
A1ROEDVMTO9Y3X,ns,1,15-2,15.0,2000.0,14.0,1092.9000000059605,False
A1ROEDVMTO9Y3X,ns,1,15-2,15.0,2000.0,15.0,6289.4000000059605,False
A1ROEDVMTO9Y3X,ns,2,15-2,15.0,2000.0,2.0,0.0,True
A1ROEDVMTO9Y3X,ns,2,15-2,15.0,2000.0,1.0,9777.400000000373,False
A1ROEDVMTO9Y3X,ns,2,15-2,15.0,2000.0,1.0,9801.699999999257,False
A1ROEDVMTO9Y3X,ns,2,15-2,15.0,2000.0,1.0,14185.700000001118,False
A1ROEDVMTO9Y3X,ns,2,15-2,15.0,2000.0,1.0,7108.700000001118,False
A1ROEDVMTO9Y3X,ns,2,15-2,15.0,2000.0,15.0,7421.5,False
A1ROEDVMTO9Y3X,ns,2,15-2,15.0,2000.0,14.0,3050.0,False
A1ROEDVMTO9Y3X,ns,2,15-2,15.0,2000.0,15.0,2631.4000000003725,False
A1ROEDVMTO9Y3X,ns,2,15-2,15.0,2000.0,1.0,11246.0,False
A1ROEDVMTO9Y3X,ns,2,15-2,15.0,2000.0,13.0,6370.5,False
A1ROEDVMTO9Y3X,ns,3,15-2,15.0,2000.0,1.0,0.0,True
A1ROEDVMTO9Y3X,ns,3,15-2,15.0,2000.0,1.0,10898.20000000298,False
A1ROEDVMTO9Y3X,ns,3,15-2,15.0,2000.0,1.0,8253.20000000298,False
A1ROEDVMTO9Y3X,ns,3,15-2,15.0,2000.0,15.0,4641.10000000149,False
A1ROEDVMTO9Y3X,ns,3,15-2,15.0,2000.0,1.0,21329.0,False
A1ROEDVMTO9Y3X,ns,3,15-2,15.0,2000.0,15.0,9649.70000000298,False
A1ROEDVMTO9Y3X,ns,3,15-2,15.0,2000.0,14.0,5202.70000000298,False
A1ROEDVMTO9Y3X,ns,3,15-2,15.0,2000.0,14.0,2424.7999999970198,False
A1ROEDVMTO9Y3X,ns,3,15-2,15.0,2000.0,3.0,25533.20000000298,False
A1ROEDVMTO9Y3X,ns,3,15-2,15.0,2000.0,15.0,5283.9000000059605,False
A1ROEDVMTO9Y3X,ns,3,15-2,15.0,2000.0,15.0,2985.89999999851,False
A1ROEDVMTO9Y3X,ns,3,15-2,15.0,2000.0,15.0,4898.10000000149,False
A1ROEDVMTO9Y3X,ns,4,15-2,15.0,2000.0,1.0,0.0,True
A1ROEDVMTO9Y3X,ns,4,15-2,15.0,2000.0,15.0,5422.299999999814,False
A1ROEDVMTO9Y3X,ns,4,15-2,15.0,2000.0,1.0,22789.800000000047,False
A1ROEDVMTO9Y3X,ns,4,15-2,15.0,2000.0,1.0,6029.699999999953,False
A1ROEDVMTO9Y3X,ns,4,15-2,15.0,2000.0,3.0,12477.399999999905,False
A1ROEDVMTO9Y3X,ns,4,15-2,15.0,2000.0,1.0,6803.40000000014,False
A1ROEDVMTO9Y3X,ns,4,15-2,15.0,2000.0,1.0,7705.199999999953,False
A1ROEDVMTO9Y3X,ns,4,15-2,15.0,2000.0,1.0,12406.499999999767,False
A1ROEDVMTO9Y3X,ns,4,15-2,15.0,2000.0,1.0,9364.699999999953,False
A1ROEDVMTO9Y3X,ns,4,15-2,15.0,2000.0,15.0,8272.599999999862,False
A1ROEDVMTO9Y3X,ns,4,15-2,15.0,2000.0,15.0,8279.599999999862,False
A1ROEDVMTO9Y3X,ns,4,15-2,15.0,2000.0,13.0,11820.199999999953,False
A1RQ8PX7A0CH3C,rec,1,40-1,40.0,1000.0,40.0,4194.0,False
A1RQ8PX7A0CH3C,rec,1,40-1,40.0,1000.0,33.0,2262.0,False
A1RQ8PX7A0CH3C,rec,1,40-1,40.0,1000.0,35.0,2714.0,False
A1RQ8PX7A0CH3C,rec,1,40-1,40.0,1000.0,38.0,1012.0,False
A1RQ8PX7A0CH3C,rec,1,40-1,40.0,1000.0,37.0,2206.0,False
A1RQ8PX7A0CH3C,rec,1,40-1,40.0,1000.0,40.0,3032.0,False
A1RQ8PX7A0CH3C,rec,1,40-1,40.0,1000.0,38.0,4272.0,False
A1RQ8PX7A0CH3C,rec,1,40-1,40.0,1000.0,37.0,0.0,True
A1RQ8PX7A0CH3C,rec,2,40-1,40.0,1000.0,40.0,1752.0,False
A1RQ8PX7A0CH3C,rec,2,40-1,40.0,1000.0,40.0,2737.0,False
A1RQ8PX7A0CH3C,rec,2,40-1,40.0,1000.0,40.0,0.0,True
A1RQ8PX7A0CH3C,rec,2,40-1,40.0,1000.0,33.0,5519.0,False
A1RQ8PX7A0CH3C,rec,2,40-1,40.0,1000.0,40.0,564.0,False
A1RQ8PX7A0CH3C,rec,2,40-1,40.0,1000.0,15.0,1698.0,False
A1RQ8PX7A0CH3C,rec,3,40-1,40.0,1000.0,1.0,0.0,True
A1RQ8PX7A0CH3C,rec,3,40-1,40.0,1000.0,40.0,3330.0,False
A1RQ8PX7A0CH3C,rec,3,40-1,40.0,1000.0,39.0,3109.0,False
A1RQ8PX7A0CH3C,rec,3,40-1,40.0,1000.0,40.0,1328.0,False
A1RQ8PX7A0CH3C,rec,3,40-1,40.0,1000.0,40.0,5978.0,False
A1RQ8PX7A0CH3C,rec,3,40-1,40.0,1000.0,1.0,7750.0,False
A1RQ8PX7A0CH3C,rec,4,40-1,40.0,1000.0,37.0,537.0,False
A1RQ8PX7A0CH3C,rec,4,40-1,40.0,1000.0,39.0,3168.0,False
A1RQ8PX7A0CH3C,rec,4,40-1,40.0,1000.0,2.0,1490.0,False
A1RQ8PX7A0CH3C,rec,4,40-1,40.0,1000.0,38.0,1595.0,False
A1RQ8PX7A0CH3C,rec,4,40-1,40.0,1000.0,1.0,2663.0,False
A1RQ8PX7A0CH3C,rec,4,40-1,40.0,1000.0,39.0,2153.0,False
A1RQ8PX7A0CH3C,rec,4,40-1,40.0,1000.0,39.0,933.0,False
A1RQ8PX7A0CH3C,rec,4,40-1,40.0,1000.0,38.0,0.0,True
A1RQ8PX7A0CH3C,rec,4,40-1,40.0,1000.0,38.0,62.0,False
A1RY1N37JYUHBU,prim,1,40-1,40.0,1000.0,1.0,2308.7000000476837,False
A1RY1N37JYUHBU,prim,1,40-1,40.0,1000.0,1.0,3857.7999999523163,False
A1RY1N37JYUHBU,prim,1,40-1,40.0,1000.0,40.0,3731.7000000476837,False
A1RY1N37JYUHBU,prim,1,40-1,40.0,1000.0,1.0,4204.900000095367,False
A1RY1N37JYUHBU,prim,1,40-1,40.0,1000.0,1.0,0.0,True
A1RY1N37JYUHBU,prim,1,40-1,40.0,1000.0,3.0,1917.4000000953674,False
A1RY1N37JYUHBU,prim,1,40-1,40.0,1000.0,1.0,1073.3000001907349,False
A1RY1N37JYUHBU,prim,1,40-1,40.0,1000.0,1.0,6643.0,False
A1RY1N37JYUHBU,prim,1,40-1,40.0,1000.0,1.0,2304.100000143051,False
A1RY1N37JYUHBU,prim,2,40-1,40.0,1000.0,3.0,0.0,True
A1RY1N37JYUHBU,prim,2,40-1,40.0,1000.0,1.0,10230.999999761581,False
A1RY1N37JYUHBU,prim,2,40-1,40.0,1000.0,2.0,5500.0,False
A1RY1N37JYUHBU,prim,2,40-1,40.0,1000.0,1.0,15397.799999713898,False
A1RY1N37JYUHBU,prim,2,40-1,40.0,1000.0,1.0,9549.199999809265,False
A1RY1N37JYUHBU,prim,2,40-1,40.0,1000.0,2.0,13890.700000047684,False
A1RY1N37JYUHBU,prim,2,40-1,40.0,1000.0,1.0,14075.199999809265,False
A1RY1N37JYUHBU,prim,2,40-1,40.0,1000.0,2.0,10027.200000047684,False
A1RY1N37JYUHBU,prim,2,40-1,40.0,1000.0,1.0,16467.799999952316,False
A1RY1N37JYUHBU,prim,2,40-1,40.0,1000.0,1.0,7729.400000095369,False
A1RY1N37JYUHBU,prim,3,40-1,40.0,1000.0,1.0,912.0,False
A1RY1N37JYUHBU,prim,3,40-1,40.0,1000.0,1.0,0.0,True
A1RY1N37JYUHBU,prim,3,40-1,40.0,1000.0,1.0,16313.000000000004,False
A1RY1N37JYUHBU,prim,3,40-1,40.0,1000.0,5.0,767.8000001907349,False
A1RY1N37JYUHBU,prim,3,40-1,40.0,1000.0,1.0,832.9000000953674,False
A1RY1N37JYUHBU,prim,3,40-1,40.0,1000.0,1.0,1839.7000000476837,False
A1S2EXYEG5I8HW,rec,1,20-2,20.0,2000.0,20.0,0.0,True
A1S2EXYEG5I8HW,rec,1,20-2,20.0,2000.0,20.0,2799.0,False
A1S2EXYEG5I8HW,rec,1,20-2,20.0,2000.0,20.0,2879.0,False
A1S2EXYEG5I8HW,rec,1,20-2,20.0,2000.0,20.0,1928.0,False
A1S2EXYEG5I8HW,rec,1,20-2,20.0,2000.0,20.0,710.0,False
A1S2EXYEG5I8HW,rec,1,20-2,20.0,2000.0,19.0,560.0,False
A1S2EXYEG5I8HW,rec,1,20-2,20.0,2000.0,17.0,1334.0,False
A1S2EXYEG5I8HW,rec,1,20-2,20.0,2000.0,19.0,393.0,False
A1S2EXYEG5I8HW,rec,1,20-2,20.0,2000.0,18.0,1680.0,False
A1S2EXYEG5I8HW,rec,1,20-2,20.0,2000.0,20.0,1437.0,False
A1S2EXYEG5I8HW,rec,1,20-2,20.0,2000.0,20.0,1067.0,False
A1S2EXYEG5I8HW,rec,1,20-2,20.0,2000.0,19.0,491.0,False
A1S2EXYEG5I8HW,rec,2,20-2,20.0,2000.0,20.0,0.0,True
A1S2EXYEG5I8HW,rec,2,20-2,20.0,2000.0,20.0,2926.0,False
A1S2EXYEG5I8HW,rec,2,20-2,20.0,2000.0,19.0,1890.0,False
A1S2EXYEG5I8HW,rec,2,20-2,20.0,2000.0,17.0,1388.0,False
A1S2EXYEG5I8HW,rec,2,20-2,20.0,2000.0,20.0,1846.0,False
A1S2EXYEG5I8HW,rec,2,20-2,20.0,2000.0,14.0,2396.0,False
A1S2EXYEG5I8HW,rec,2,20-2,20.0,2000.0,18.0,1378.0,False
A1S2EXYEG5I8HW,rec,2,20-2,20.0,2000.0,19.0,2492.0,False
A1S2EXYEG5I8HW,rec,2,20-2,20.0,2000.0,20.0,2118.0,False
A1S2EXYEG5I8HW,rec,2,20-2,20.0,2000.0,20.0,1631.0,False
A1S2EXYEG5I8HW,rec,2,20-2,20.0,2000.0,17.0,1451.0,False
A1S2EXYEG5I8HW,rec,2,20-2,20.0,2000.0,19.0,993.0,False
A1S2EXYEG5I8HW,rec,3,20-2,20.0,2000.0,16.0,0.0,True
A1S2EXYEG5I8HW,rec,3,20-2,20.0,2000.0,20.0,1694.0,False
A1S2EXYEG5I8HW,rec,3,20-2,20.0,2000.0,20.0,2575.0,False
A1S2EXYEG5I8HW,rec,3,20-2,20.0,2000.0,18.0,1813.0,False
A1S2EXYEG5I8HW,rec,3,20-2,20.0,2000.0,19.0,1550.0,False
A1S2EXYEG5I8HW,rec,3,20-2,20.0,2000.0,18.0,1159.0,False
A1S2EXYEG5I8HW,rec,3,20-2,20.0,2000.0,17.0,1619.0,False
A1S2EXYEG5I8HW,rec,3,20-2,20.0,2000.0,14.0,3823.0,False
A1S2EXYEG5I8HW,rec,3,20-2,20.0,2000.0,16.0,1597.0,False
A1S2EXYEG5I8HW,rec,3,20-2,20.0,2000.0,3.0,1496.0,False
A1S2EXYEG5I8HW,rec,3,20-2,20.0,2000.0,15.0,3282.0,False
A1S2EXYEG5I8HW,rec,3,20-2,20.0,2000.0,17.0,3626.0,False
A1S54RQW9FDK0X,ns,1,40-1,40.0,1000.0,2.0,2784.0,False
A1S54RQW9FDK0X,ns,1,40-1,40.0,1000.0,2.0,7437.0,False
A1S54RQW9FDK0X,ns,1,40-1,40.0,1000.0,1.0,5172.0,False
A1S54RQW9FDK0X,ns,1,40-1,40.0,1000.0,2.0,4822.0,False
A1S54RQW9FDK0X,ns,1,40-1,40.0,1000.0,27.0,4386.0,False
A1S54RQW9FDK0X,ns,1,40-1,40.0,1000.0,40.0,4372.0,False
A1S54RQW9FDK0X,ns,1,40-1,40.0,1000.0,1.0,19744.0,False
A1S54RQW9FDK0X,ns,1,40-1,40.0,1000.0,37.0,2697.0,False
A1S54RQW9FDK0X,ns,1,40-1,40.0,1000.0,1.0,6597.0,False
A1S54RQW9FDK0X,ns,1,40-1,40.0,1000.0,2.0,788.0,False
A1S54RQW9FDK0X,ns,1,40-1,40.0,1000.0,36.0,0.0,True
A1S54RQW9FDK0X,ns,2,40-1,40.0,1000.0,2.0,0.0,True
A1S54RQW9FDK0X,ns,2,40-1,40.0,1000.0,1.0,4227.0,False
A1S54RQW9FDK0X,ns,2,40-1,40.0,1000.0,1.0,10877.0,False
A1S54RQW9FDK0X,ns,2,40-1,40.0,1000.0,25.0,2934.0,False
A1S54RQW9FDK0X,ns,2,40-1,40.0,1000.0,34.0,4466.0,False
A1S54RQW9FDK0X,ns,2,40-1,40.0,1000.0,1.0,20769.0,False
A1S54RQW9FDK0X,ns,2,40-1,40.0,1000.0,37.0,6679.0,False
A1S54RQW9FDK0X,ns,2,40-1,40.0,1000.0,40.0,3393.0,False
A1S54RQW9FDK0X,ns,2,40-1,40.0,1000.0,39.0,10178.0,False
A1S54RQW9FDK0X,ns,2,40-1,40.0,1000.0,16.0,20226.0,False
A1S54RQW9FDK0X,ns,2,40-1,40.0,1000.0,37.0,7332.0,False
A1S54RQW9FDK0X,ns,3,40-1,40.0,1000.0,2.0,443.0,False
A1S54RQW9FDK0X,ns,3,40-1,40.0,1000.0,21.0,21836.0,False
A1S54RQW9FDK0X,ns,3,40-1,40.0,1000.0,23.0,15205.0,False
A1S54RQW9FDK0X,ns,3,40-1,40.0,1000.0,2.0,18999.0,False
A1S54RQW9FDK0X,ns,3,40-1,40.0,1000.0,25.0,6198.0,False
A1S54RQW9FDK0X,ns,3,40-1,40.0,1000.0,3.0,6246.0,False
A1S54RQW9FDK0X,ns,3,40-1,40.0,1000.0,37.0,0.0,True
A1S54RQW9FDK0X,ns,3,40-1,40.0,1000.0,2.0,11213.0,False
A1S54RQW9FDK0X,ns,3,40-1,40.0,1000.0,9.0,4515.0,False
A1S54RQW9FDK0X,ns,3,40-1,40.0,1000.0,6.0,2866.0,False
A1S54RQW9FDK0X,ns,3,40-1,40.0,1000.0,35.0,7762.0,False
A1S54RQW9FDK0X,ns,4,40-1,40.0,1000.0,40.0,0.0,True
A1S54RQW9FDK0X,ns,4,40-1,40.0,1000.0,40.0,5197.0,False
A1S54RQW9FDK0X,ns,4,40-1,40.0,1000.0,38.0,5340.0,False
A1S54RQW9FDK0X,ns,4,40-1,40.0,1000.0,40.0,2808.0,False
A1S54RQW9FDK0X,ns,4,40-1,40.0,1000.0,34.0,4962.0,False
A1S54RQW9FDK0X,ns,4,40-1,40.0,1000.0,38.0,813.0,False
A1S54RQW9FDK0X,ns,4,40-1,40.0,1000.0,37.0,4370.0,False
A1S54RQW9FDK0X,ns,4,40-1,40.0,1000.0,37.0,1442.0,False
A1S54RQW9FDK0X,ns,4,40-1,40.0,1000.0,40.0,2687.0,False
A1S54RQW9FDK0X,ns,4,40-1,40.0,1000.0,40.0,5558.0,False
A1S54RQW9FDK0X,ns,4,40-1,40.0,1000.0,40.0,968.0,False
A1SCF3L6LTFQHF,prim,1,15-2,15.0,2000.0,1.0,0.0,True
A1SCF3L6LTFQHF,prim,1,15-2,15.0,2000.0,1.0,4815.499999880791,False
A1SCF3L6LTFQHF,prim,1,15-2,15.0,2000.0,1.0,4162.700000047684,False
A1SCF3L6LTFQHF,prim,1,15-2,15.0,2000.0,1.0,3901.899999976158,False
A1SCF3L6LTFQHF,prim,1,15-2,15.0,2000.0,1.0,2137.399999976158,False
A1SCF3L6LTFQHF,prim,1,15-2,15.0,2000.0,1.0,4655.599999904633,False
A1SCF3L6LTFQHF,prim,1,15-2,15.0,2000.0,1.0,3951.1999999284744,False
A1SCF3L6LTFQHF,prim,1,15-2,15.0,2000.0,1.0,2593.399999976158,False
A1SCF3L6LTFQHF,prim,1,15-2,15.0,2000.0,1.0,3339.600000023842,False
A1SCF3L6LTFQHF,prim,1,15-2,15.0,2000.0,1.0,2870.2999999523163,False
A1SCF3L6LTFQHF,prim,2,15-2,15.0,2000.0,2.0,0.0,True
A1SCF3L6LTFQHF,prim,2,15-2,15.0,2000.0,1.0,4791.200000047684,False
A1SCF3L6LTFQHF,prim,2,15-2,15.0,2000.0,1.0,8679.200000047684,False
A1SCF3L6LTFQHF,prim,2,15-2,15.0,2000.0,1.0,1572.2000000476837,False
A1SCF3L6LTFQHF,prim,2,15-2,15.0,2000.0,2.0,2528.600000143051,False
A1SCF3L6LTFQHF,prim,2,15-2,15.0,2000.0,1.0,2820.800000190735,False
A1SCF3L6LTFQHF,prim,2,15-2,15.0,2000.0,1.0,2692.5000002384204,False
A1SCF3L6LTFQHF,prim,2,15-2,15.0,2000.0,1.0,3706.300000190735,False
A1SCF3L6LTFQHF,prim,2,15-2,15.0,2000.0,1.0,9260.299999952316,False
A1SCF3L6LTFQHF,prim,3,15-2,15.0,2000.0,1.0,0.0,True
A1SCF3L6LTFQHF,prim,3,15-2,15.0,2000.0,1.0,10663.5,False
A1SCF3L6LTFQHF,prim,3,15-2,15.0,2000.0,1.0,5575.599999904633,False
A1SCF3L6LTFQHF,prim,3,15-2,15.0,2000.0,1.0,7373.5,False
A1SCF3L6LTFQHF,prim,3,15-2,15.0,2000.0,1.0,8858.5,False
A1SCF3L6LTFQHF,prim,3,15-2,15.0,2000.0,1.0,6461.200000047684,False
A1SCF3L6LTFQHF,prim,3,15-2,15.0,2000.0,1.0,7267.299999952316,False
A1SCF3L6LTFQHF,prim,3,15-2,15.0,2000.0,2.0,7618.599999904633,False
A1SCF3L6LTFQHF,prim,3,15-2,15.0,2000.0,1.0,4918.299999952316,False
A1SCF3L6LTFQHF,prim,4,15-2,15.0,2000.0,1.0,0.0,True
A1SCF3L6LTFQHF,prim,4,15-2,15.0,2000.0,1.0,4217.299999952316,False
A1SCF3L6LTFQHF,prim,4,15-2,15.0,2000.0,1.0,6975.499999761581,False
A1SCF3L6LTFQHF,prim,4,15-2,15.0,2000.0,1.0,7775.900000095369,False
A1SCF3L6LTFQHF,prim,4,15-2,15.0,2000.0,1.0,3725.4999997615814,False
A1SCF3L6LTFQHF,prim,4,15-2,15.0,2000.0,2.0,5924.599999904633,False
A1SCF3L6LTFQHF,prim,4,15-2,15.0,2000.0,1.0,5228.099999904633,False
A1SCF3L6LTFQHF,prim,4,15-2,15.0,2000.0,1.0,4448.599999904633,False
A1SCF3L6LTFQHF,prim,4,15-2,15.0,2000.0,1.0,5241.599999904633,False
A1SJLXB0XFCJ97,prim,1,20-2,20.0,2000.0,3.0,0.0,True
A1SJLXB0XFCJ97,prim,1,20-2,20.0,2000.0,1.0,4686.899999976158,False
A1SJLXB0XFCJ97,prim,1,20-2,20.0,2000.0,1.0,3700.400000035763,False
A1SJLXB0XFCJ97,prim,1,20-2,20.0,2000.0,1.0,5366.800000011921,False
A1SJLXB0XFCJ97,prim,1,20-2,20.0,2000.0,1.0,2886.800000011921,False
A1SJLXB0XFCJ97,prim,1,20-2,20.0,2000.0,1.0,5997.999999999998,False
A1SJLXB0XFCJ97,prim,1,20-2,20.0,2000.0,1.0,8325.099999964237,False
A1SJLXB0XFCJ97,prim,2,20-2,20.0,2000.0,1.0,1999.6999999880773,False
A1SJLXB0XFCJ97,prim,2,20-2,20.0,2000.0,1.0,2193.0,False
A1SJLXB0XFCJ97,prim,2,20-2,20.0,2000.0,1.0,1128.6000000238419,False
A1SJLXB0XFCJ97,prim,2,20-2,20.0,2000.0,2.0,2612.0000000596065,False
A1SJLXB0XFCJ97,prim,2,20-2,20.0,2000.0,1.0,0.0,True
A1SJLXB0XFCJ97,prim,2,20-2,20.0,2000.0,2.0,1123.2000000476837,False
A1SJLXB0XFCJ97,prim,2,20-2,20.0,2000.0,1.0,1227.1000000238419,False
A1SJLXB0XFCJ97,prim,2,20-2,20.0,2000.0,1.0,1220.1999999880773,False
A1SJLXB0XFCJ97,prim,3,20-2,20.0,2000.0,1.0,705.2000000029802,False
A1SJLXB0XFCJ97,prim,3,20-2,20.0,2000.0,1.0,702.7000000029802,False
A1SJLXB0XFCJ97,prim,3,20-2,20.0,2000.0,20.0,3552.2000000029802,False
A1SJLXB0XFCJ97,prim,3,20-2,20.0,2000.0,19.0,5592.4000000059605,False
A1SJLXB0XFCJ97,prim,3,20-2,20.0,2000.0,1.0,500.79999999701977,False
A1SJLXB0XFCJ97,prim,3,20-2,20.0,2000.0,1.0,1591.1000000089407,False
A1SJLXB0XFCJ97,prim,3,20-2,20.0,2000.0,14.0,3988.2999999970198,False
A1SJLXB0XFCJ97,prim,3,20-2,20.0,2000.0,6.0,3006.0,False
A1SJLXB0XFCJ97,prim,3,20-2,20.0,2000.0,1.0,3868.0999999940395,False
A1SJLXB0XFCJ97,prim,3,20-2,20.0,2000.0,1.0,5916.100000008941,False
A1SJLXB0XFCJ97,prim,3,20-2,20.0,2000.0,2.0,0.0,True
A1SJLXB0XFCJ97,prim,4,20-2,20.0,2000.0,15.0,11711.199999988083,False
A1SJLXB0XFCJ97,prim,4,20-2,20.0,2000.0,15.0,348.60000002384186,False
A1SJLXB0XFCJ97,prim,4,20-2,20.0,2000.0,20.0,0.0,True
A1SJLXB0XFCJ97,prim,4,20-2,20.0,2000.0,18.0,1335.1000000238419,False
A1SJLXB0XFCJ97,prim,4,20-2,20.0,2000.0,19.0,13843.800000011925,False
A1SJLXB0XFCJ97,prim,4,20-2,20.0,2000.0,1.0,5066.600000023844,False
A1SJLXB0XFCJ97,prim,4,20-2,20.0,2000.0,20.0,12145.400000035763,False
A1SJLXB0XFCJ97,prim,4,20-2,20.0,2000.0,19.0,2499.100000023842,False
A1SJLXB0XFCJ97,prim,4,20-2,20.0,2000.0,20.0,4681.499999999998,False
A1SJLXB0XFCJ97,prim,4,20-2,20.0,2000.0,2.0,1582.9000000357628,False
A1SLJKNSNHOJRN,rec,1,30-1,30.0,1000.0,1.0,0.0,True
A1SLJKNSNHOJRN,rec,1,30-1,30.0,1000.0,30.0,4799.899999991061,False
A1SLJKNSNHOJRN,rec,1,30-1,30.0,1000.0,30.0,3212.2000000029807,False
A1SLJKNSNHOJRN,rec,1,30-1,30.0,1000.0,29.0,2263.2000000029807,False
A1SLJKNSNHOJRN,rec,1,30-1,30.0,1000.0,29.0,3308.1999999880795,False
A1SLJKNSNHOJRN,rec,1,30-1,30.0,1000.0,29.0,2363.0000000000005,False
A1SLJKNSNHOJRN,rec,1,30-1,30.0,1000.0,26.0,3023.59999999404,False
A1SLJKNSNHOJRN,rec,1,30-1,30.0,1000.0,20.0,3757.4999999850993,False
A1SLJKNSNHOJRN,rec,1,30-1,30.0,1000.0,28.0,2489.1999999880795,False
A1SLJKNSNHOJRN,rec,1,30-1,30.0,1000.0,27.0,2371.29999999702,False
A1SLJKNSNHOJRN,rec,1,30-1,30.0,1000.0,29.0,2422.8999999910607,False
A1SLJKNSNHOJRN,rec,1,30-1,30.0,1000.0,28.0,2704.3999999910607,False
A1SLJKNSNHOJRN,rec,2,30-1,30.0,1000.0,30.0,0.0,True
A1SLJKNSNHOJRN,rec,2,30-1,30.0,1000.0,29.0,2937.300000011921,False
A1SLJKNSNHOJRN,rec,2,30-1,30.0,1000.0,29.0,2628.899999976158,False
A1SLJKNSNHOJRN,rec,2,30-1,30.0,1000.0,30.0,1257.0999999642372,False
A1SLJKNSNHOJRN,rec,2,30-1,30.0,1000.0,29.0,1715.3999999761581,False
A1SLJKNSNHOJRN,rec,2,30-1,30.0,1000.0,30.0,2761.099999964237,False
A1SLJKNSNHOJRN,rec,2,30-1,30.0,1000.0,29.0,1847.0,False
A1SLJKNSNHOJRN,rec,2,30-1,30.0,1000.0,30.0,1844.5999999642372,False
A1SLJKNSNHOJRN,rec,2,30-1,30.0,1000.0,30.0,3588.4999999403954,False
A1SLJKNSNHOJRN,rec,2,30-1,30.0,1000.0,29.0,1378.3999999761581,False
A1SLJKNSNHOJRN,rec,2,30-1,30.0,1000.0,30.0,1657.5,False
A1SLJKNSNHOJRN,rec,2,30-1,30.0,1000.0,29.0,1725.0,False
A1SLJKNSNHOJRN,rec,3,30-1,30.0,1000.0,30.0,0.0,True
A1SLJKNSNHOJRN,rec,3,30-1,30.0,1000.0,28.0,2542.6000000834465,False
A1SLJKNSNHOJRN,rec,3,30-1,30.0,1000.0,30.0,2867.6000000834465,False
A1SLJKNSNHOJRN,rec,3,30-1,30.0,1000.0,28.0,2122.300000011921,False
A1SLJKNSNHOJRN,rec,3,30-1,30.0,1000.0,24.0,2944.0000000596046,False
A1SLJKNSNHOJRN,rec,3,30-1,30.0,1000.0,30.0,2195.5000000596046,False
A1SLJKNSNHOJRN,rec,3,30-1,30.0,1000.0,28.0,2267.0000000596046,False
A1SLJKNSNHOJRN,rec,3,30-1,30.0,1000.0,30.0,2550.3000000715256,False
A1SLJKNSNHOJRN,rec,3,30-1,30.0,1000.0,30.0,2312.900000035763,False
A1SLJKNSNHOJRN,rec,3,30-1,30.0,1000.0,26.0,2467.300000011921,False
A1SLJKNSNHOJRN,rec,3,30-1,30.0,1000.0,30.0,2815.7000000476837,False
A1SLJKNSNHOJRN,rec,3,30-1,30.0,1000.0,30.0,2845.900000035763,False
A1SLJKNSNHOJRN,rec,4,30-1,30.0,1000.0,30.0,0.0,True
A1SLJKNSNHOJRN,rec,4,30-1,30.0,1000.0,29.0,2856.299999952316,False
A1SLJKNSNHOJRN,rec,4,30-1,30.0,1000.0,28.0,2434.599999904632,False
A1SLJKNSNHOJRN,rec,4,30-1,30.0,1000.0,28.0,2669.699999928474,False
A1SLJKNSNHOJRN,rec,4,30-1,30.0,1000.0,28.0,2000.7000000476837,False
A1SLJKNSNHOJRN,rec,4,30-1,30.0,1000.0,29.0,2429.1000000238414,False
A1SLJKNSNHOJRN,rec,4,30-1,30.0,1000.0,28.0,3577.199999928474,False
A1SLJKNSNHOJRN,rec,4,30-1,30.0,1000.0,29.0,2539.8999999761577,False
A1SLJKNSNHOJRN,rec,4,30-1,30.0,1000.0,29.0,2503.299999952316,False
A1SLJKNSNHOJRN,rec,4,30-1,30.0,1000.0,29.0,2649.9999998807903,False
A1SLJKNSNHOJRN,rec,4,30-1,30.0,1000.0,28.0,3865.4999999999995,False
A1SLJKNSNHOJRN,rec,4,30-1,30.0,1000.0,30.0,6245.799999952316,False
A1SUTNVLSFPXFK,ns,1,20-1,20.0,1000.0,1.0,0.0,True
A1SUTNVLSFPXFK,ns,1,20-1,20.0,1000.0,1.0,6489.100000143051,False
A1SUTNVLSFPXFK,ns,1,20-1,20.0,1000.0,1.0,1524.4000000953674,False
A1SUTNVLSFPXFK,ns,1,20-1,20.0,1000.0,7.0,6070.100000143051,False
A1SUTNVLSFPXFK,ns,1,20-1,20.0,1000.0,1.0,4704.500000238419,False
A1SUTNVLSFPXFK,ns,1,20-1,20.0,1000.0,1.0,6826.200000047684,False
A1SUTNVLSFPXFK,ns,1,20-1,20.0,1000.0,1.0,13853.600000143051,False
A1SUTNVLSFPXFK,ns,1,20-1,20.0,1000.0,1.0,4683.200000047684,False
A1SUTNVLSFPXFK,ns,1,20-1,20.0,1000.0,1.0,10532.0,False
A1SUTNVLSFPXFK,ns,1,20-1,20.0,1000.0,1.0,3983.9000000953674,False
A1SUTNVLSFPXFK,ns,2,20-1,20.0,1000.0,2.0,8920.799999952316,False
A1SUTNVLSFPXFK,ns,2,20-1,20.0,1000.0,1.0,2569.7999999523163,False
A1SUTNVLSFPXFK,ns,2,20-1,20.0,1000.0,1.0,7136.299999952316,False
A1SUTNVLSFPXFK,ns,2,20-1,20.0,1000.0,1.0,0.0,True
A1SUTNVLSFPXFK,ns,2,20-1,20.0,1000.0,3.0,10791.899999856949,False
A1SUTNVLSFPXFK,ns,2,20-1,20.0,1000.0,1.0,4434.099999904633,False
A1SUTNVLSFPXFK,ns,3,20-1,20.0,1000.0,20.0,2927.600000143051,False
A1SUTNVLSFPXFK,ns,3,20-1,20.0,1000.0,20.0,2913.600000143051,False
A1SUTNVLSFPXFK,ns,3,20-1,20.0,1000.0,19.0,3711.4000000953674,False
A1SUTNVLSFPXFK,ns,3,20-1,20.0,1000.0,20.0,2483.9000000953674,False
A1SUTNVLSFPXFK,ns,3,20-1,20.0,1000.0,19.0,2480.2000000476837,False
A1SUTNVLSFPXFK,ns,3,20-1,20.0,1000.0,20.0,1515.1000001430511,False
A1SUTNVLSFPXFK,ns,3,20-1,20.0,1000.0,20.0,3232.5000002384186,False
A1SUTNVLSFPXFK,ns,3,20-1,20.0,1000.0,20.0,3896.9000000953674,False
A1SUTNVLSFPXFK,ns,3,20-1,20.0,1000.0,20.0,0.0,True
A1SUTNVLSFPXFK,ns,4,20-1,20.0,1000.0,20.0,3706.199999809265,False
A1SUTNVLSFPXFK,ns,4,20-1,20.0,1000.0,20.0,4288.199999809265,False
A1SUTNVLSFPXFK,ns,4,20-1,20.0,1000.0,20.0,0.0,True
A1SUTNVLSFPXFK,ns,4,20-1,20.0,1000.0,19.0,2170.5999999046326,False
A1SUTNVLSFPXFK,ns,4,20-1,20.0,1000.0,20.0,4089.300000190735,False
A1SUTNVLSFPXFK,ns,4,20-1,20.0,1000.0,19.0,3616.7999997138977,False
A1T2P6E67251U5,prim,1,30-1,30.0,1000.0,1.0,0.0,True
A1T2P6E67251U5,prim,1,30-1,30.0,1000.0,1.0,12313.499999761581,False
A1T2P6E67251U5,prim,1,30-1,30.0,1000.0,1.0,8693.5,False
A1T2P6E67251U5,prim,1,30-1,30.0,1000.0,3.0,10165.299999952316,False
A1T2P6E67251U5,prim,1,30-1,30.0,1000.0,2.0,1506.2999999523163,False
A1T2P6E67251U5,prim,1,30-1,30.0,1000.0,1.0,5725.099999904633,False
A1T2P6E67251U5,prim,1,30-1,30.0,1000.0,1.0,4899.099999904633,False
A1T2P6E67251U5,prim,1,30-1,30.0,1000.0,1.0,6145.699999809265,False
A1T2P6E67251U5,prim,1,30-1,30.0,1000.0,1.0,7414.200000047684,False
A1T2P6E67251U5,prim,2,30-1,30.0,1000.0,1.0,0.0,True
A1T2P6E67251U5,prim,2,30-1,30.0,1000.0,18.0,9437.400000095367,False
A1T2P6E67251U5,prim,2,30-1,30.0,1000.0,2.0,8487.099999904633,False
A1T2P6E67251U5,prim,2,30-1,30.0,1000.0,1.0,4607.299999713896,False
A1T2P6E67251U5,prim,2,30-1,30.0,1000.0,1.0,4429.89999961853,False
A1T2P6E67251U5,prim,2,30-1,30.0,1000.0,1.0,6730.5,False
A1T2P6E67251U5,prim,2,30-1,30.0,1000.0,1.0,3678.5,False
A1T2P6E67251U5,prim,2,30-1,30.0,1000.0,1.0,11195.700000286102,False
A1T2P6E67251U5,prim,2,30-1,30.0,1000.0,2.0,8423.0,False
A1T2P6E67251U5,prim,2,30-1,30.0,1000.0,1.0,8063.700000286102,False
A1T2P6E67251U5,prim,2,30-1,30.0,1000.0,1.0,7019.400000095369,False
A1T2P6E67251U5,prim,2,30-1,30.0,1000.0,1.0,1187.8999996185303,False
A1T2P6E67251U5,prim,3,30-1,30.0,1000.0,1.0,0.0,True
A1T2P6E67251U5,prim,3,30-1,30.0,1000.0,3.0,11217.200000286104,False
A1T2P6E67251U5,prim,3,30-1,30.0,1000.0,1.0,12200.59999990463,False
A1T2P6E67251U5,prim,3,30-1,30.0,1000.0,1.0,15776.500000000007,False
A1T2P6E67251U5,prim,3,30-1,30.0,1000.0,1.0,7798.700000286104,False
A1T2P6E67251U5,prim,3,30-1,30.0,1000.0,2.0,13027.000000476837,False
A1T2P6E67251U5,prim,3,30-1,30.0,1000.0,1.0,12923.099999904633,False
A1T2P6E67251U5,prim,3,30-1,30.0,1000.0,1.0,7195.200000286104,False
A1T2P6E67251U5,prim,3,30-1,30.0,1000.0,1.0,7805.300000190735,False
A1T2P6E67251U5,prim,3,30-1,30.0,1000.0,1.0,5541.400000095367,False
A1T2P6E67251U5,prim,3,30-1,30.0,1000.0,2.0,9590.5,False
A1T2P6E67251U5,prim,4,30-1,30.0,1000.0,1.0,6400.500000476839,False
A1T2P6E67251U5,prim,4,30-1,30.0,1000.0,1.0,2460.1000003814697,False
A1T2P6E67251U5,prim,4,30-1,30.0,1000.0,2.0,2870.9000000953656,False
A1T2P6E67251U5,prim,4,30-1,30.0,1000.0,1.0,3475.6000003814697,False
A1T2P6E67251U5,prim,4,30-1,30.0,1000.0,1.0,7368.400000572205,False
A1T2P6E67251U5,prim,4,30-1,30.0,1000.0,1.0,7744.900000095366,False
A1T2P6E67251U5,prim,4,30-1,30.0,1000.0,1.0,3057.000000476839,False
A1T2P6E67251U5,prim,4,30-1,30.0,1000.0,1.0,0.0,True
A1T2P6E67251U5,prim,4,30-1,30.0,1000.0,1.0,9053.800000190735,False
A1T2P6E67251U5,prim,4,30-1,30.0,1000.0,1.0,3127.7000002861023,False
A1T7EB1WEDCMXV,ns,1,15-2,15.0,2000.0,1.0,1820.2300000011455,False
A1T7EB1WEDCMXV,ns,1,15-2,15.0,2000.0,1.0,3962.305000000866,False
A1T7EB1WEDCMXV,ns,1,15-2,15.0,2000.0,1.0,2621.6100000001024,False
A1T7EB1WEDCMXV,ns,1,15-2,15.0,2000.0,1.0,583.0650000006426,False
A1T7EB1WEDCMXV,ns,1,15-2,15.0,2000.0,4.0,7322.70500000054,False
A1T7EB1WEDCMXV,ns,1,15-2,15.0,2000.0,1.0,2136.6400000024587,False
A1T7EB1WEDCMXV,ns,1,15-2,15.0,2000.0,2.0,6118.18500000122,False
A1T7EB1WEDCMXV,ns,1,15-2,15.0,2000.0,15.0,0.0,True
A1T7EB1WEDCMXV,ns,1,15-2,15.0,2000.0,15.0,313.6699999999255,False
A1T7EB1WEDCMXV,ns,1,15-2,15.0,2000.0,13.0,2857.7700000004843,False
A1T7EB1WEDCMXV,ns,1,15-2,15.0,2000.0,14.0,8669.600000001024,False
A1T7EB1WEDCMXV,ns,1,15-2,15.0,2000.0,15.0,2158.3549999995157,False
A1T7EB1WEDCMXV,ns,2,15-2,15.0,2000.0,14.0,562.7700000003679,False
A1T7EB1WEDCMXV,ns,2,15-2,15.0,2000.0,13.0,4722.225000001257,False
A1T7EB1WEDCMXV,ns,2,15-2,15.0,2000.0,15.0,0.0,True
A1T7EB1WEDCMXV,ns,2,15-2,15.0,2000.0,15.0,1408.3200000004144,False
A1T7EB1WEDCMXV,ns,2,15-2,15.0,2000.0,14.0,5674.479999999516,False
A1T7EB1WEDCMXV,ns,2,15-2,15.0,2000.0,14.0,496.31000000052154,False
A1T7EB1WEDCMXV,ns,2,15-2,15.0,2000.0,13.0,4146.28499999875,False
A1T7EB1WEDCMXV,ns,2,15-2,15.0,2000.0,15.0,5796.385000001406,False
A1T7EB1WEDCMXV,ns,2,15-2,15.0,2000.0,13.0,1183.8050000004005,False
A1T7EB1WEDCMXV,ns,2,15-2,15.0,2000.0,12.0,3201.430000000866,False
A1T7EB1WEDCMXV,ns,2,15-2,15.0,2000.0,12.0,623.5850000011269,False
A1T7EB1WEDCMXV,ns,2,15-2,15.0,2000.0,12.0,1055.389999999432,False
A1T7EB1WEDCMXV,ns,3,15-2,15.0,2000.0,13.0,85.12000000016997,False
A1T7EB1WEDCMXV,ns,3,15-2,15.0,2000.0,13.0,859.2549999998882,False
A1T7EB1WEDCMXV,ns,3,15-2,15.0,2000.0,11.0,783.5699999999488,False
A1T7EB1WEDCMXV,ns,3,15-2,15.0,2000.0,14.0,2985.68499999959,False
A1T7EB1WEDCMXV,ns,3,15-2,15.0,2000.0,13.0,5720.394999999786,False
A1T7EB1WEDCMXV,ns,3,15-2,15.0,2000.0,12.0,9828.39000000013,False
A1T7EB1WEDCMXV,ns,3,15-2,15.0,2000.0,13.0,466.6899999997113,False
A1T7EB1WEDCMXV,ns,3,15-2,15.0,2000.0,14.0,2915.524999999907,False
A1T7EB1WEDCMXV,ns,3,15-2,15.0,2000.0,11.0,3287.6149999999907,False
A1T7EB1WEDCMXV,ns,3,15-2,15.0,2000.0,11.0,0.0,True
A1T7EB1WEDCMXV,ns,3,15-2,15.0,2000.0,11.0,1602.429999999702,False
A1T7EB1WEDCMXV,ns,3,15-2,15.0,2000.0,12.0,926.6099999998696,False
A1T7EB1WEDCMXV,ns,4,15-2,15.0,2000.0,10.0,996.0150000001304,False
A1T7EB1WEDCMXV,ns,4,15-2,15.0,2000.0,12.0,0.0,True
A1T7EB1WEDCMXV,ns,4,15-2,15.0,2000.0,13.0,1298.7400000002235,False
A1T7EB1WEDCMXV,ns,4,15-2,15.0,2000.0,10.0,2467.964999999851,False
A1T7EB1WEDCMXV,ns,4,15-2,15.0,2000.0,13.0,75.31500000006054,False
A1T7EB1WEDCMXV,ns,4,15-2,15.0,2000.0,11.0,1316.714999999851,False
A1T7EB1WEDCMXV,ns,4,15-2,15.0,2000.0,12.0,602.5449999996927,False
A1T7EB1WEDCMXV,ns,4,15-2,15.0,2000.0,13.0,6207.585000000196,False
A1T7EB1WEDCMXV,ns,4,15-2,15.0,2000.0,10.0,3230.6299999998882,False
A1T7EB1WEDCMXV,ns,4,15-2,15.0,2000.0,12.0,167.38500000024214,False
A1T7EB1WEDCMXV,ns,4,15-2,15.0,2000.0,11.0,2680.304999999935,False
A1T7EB1WEDCMXV,ns,4,15-2,15.0,2000.0,11.0,969.7450000008103,False
A1TG34GJ1WTN0C,prim,1,40-1,40.0,1000.0,4.0,2505.600000143051,False
A1TG34GJ1WTN0C,prim,1,40-1,40.0,1000.0,1.0,0.0,True
A1TG34GJ1WTN0C,prim,1,40-1,40.0,1000.0,1.0,12538.200000047684,False
A1TG34GJ1WTN0C,prim,1,40-1,40.0,1000.0,17.0,20280.29999995232,False
A1TG34GJ1WTN0C,prim,1,40-1,40.0,1000.0,1.0,7174.700000047684,False
A1TG34GJ1WTN0C,prim,1,40-1,40.0,1000.0,1.0,9246.299999952316,False
A1TG34GJ1WTN0C,prim,1,40-1,40.0,1000.0,1.0,9298.799999952316,False
A1TG34GJ1WTN0C,prim,1,40-1,40.0,1000.0,28.0,37677.0,False
A1TG34GJ1WTN0C,prim,2,40-1,40.0,1000.0,1.0,1024.8999996185303,False
A1TG34GJ1WTN0C,prim,2,40-1,40.0,1000.0,1.0,23183.099999427795,False
A1TG34GJ1WTN0C,prim,2,40-1,40.0,1000.0,2.0,2695.499999523161,False
A1TG34GJ1WTN0C,prim,2,40-1,40.0,1000.0,1.0,0.0,True
A1TG34GJ1WTN0C,prim,2,40-1,40.0,1000.0,1.0,2222.5,False
A1TG34GJ1WTN0C,prim,2,40-1,40.0,1000.0,32.0,3885.0999999046344,False
A1TG34GJ1WTN0C,prim,3,40-1,40.0,1000.0,3.0,540.4999999701986,False
A1TG34GJ1WTN0C,prim,3,40-1,40.0,1000.0,3.0,16448.999999970198,False
A1TG34GJ1WTN0C,prim,3,40-1,40.0,1000.0,1.0,1656.2999999821177,False
A1TG34GJ1WTN0C,prim,3,40-1,40.0,1000.0,7.0,3699.4999999701977,False
A1TG34GJ1WTN0C,prim,3,40-1,40.0,1000.0,2.0,0.0,True
A1TG34GJ1WTN0C,prim,3,40-1,40.0,1000.0,7.0,1289.7999999821177,False
A1TG34GJ1WTN0C,prim,3,40-1,40.0,1000.0,6.0,4689.299999982119,False
A1TG34GJ1WTN0C,prim,3,40-1,40.0,1000.0,2.0,3890.599999964239,False
A1TG34GJ1WTN0C,prim,3,40-1,40.0,1000.0,8.0,9348.399999976158,False
A1TG34GJ1WTN0C,prim,3,40-1,40.0,1000.0,1.0,1850.699999988079,False
A1TG34GJ1WTN0C,prim,4,40-1,40.0,1000.0,31.0,7095.099999904633,False
A1TG34GJ1WTN0C,prim,4,40-1,40.0,1000.0,2.0,56033.5,False
A1TG34GJ1WTN0C,prim,4,40-1,40.0,1000.0,6.0,1939.5,False
A1TG34GJ1WTN0C,prim,4,40-1,40.0,1000.0,3.0,4583.300000071526,False
A1TG34GJ1WTN0C,prim,4,40-1,40.0,1000.0,3.0,9368.199999928474,False
A1TG34GJ1WTN0C,prim,4,40-1,40.0,1000.0,2.0,289.7999999523163,False
A1TG34GJ1WTN0C,prim,4,40-1,40.0,1000.0,2.0,0.0,True
A1TG34GJ1WTN0C,prim,4,40-1,40.0,1000.0,1.0,5919.5,False
A1TPGXT718D68E,rec,1,20-2,20.0,2000.0,20.0,5732.5,False
A1TPGXT718D68E,rec,1,20-2,20.0,2000.0,20.0,910.1999999880791,False
A1TPGXT718D68E,rec,1,20-2,20.0,2000.0,20.0,1858.1000000238419,False
A1TPGXT718D68E,rec,1,20-2,20.0,2000.0,17.0,0.0,True
A1TPGXT718D68E,rec,1,20-2,20.0,2000.0,20.0,513.6999999880791,False
A1TPGXT718D68E,rec,1,20-2,20.0,2000.0,20.0,1688.0000000596046,False
A1TPGXT718D68E,rec,1,20-2,20.0,2000.0,19.0,565.8000000119209,False
A1TPGXT718D68E,rec,1,20-2,20.0,2000.0,20.0,1945.9000000357628,False
A1TPGXT718D68E,rec,1,20-2,20.0,2000.0,18.0,437.80000001192093,False
A1TPGXT718D68E,rec,1,20-2,20.0,2000.0,20.0,198.9000000357628,False
A1TPGXT718D68E,rec,2,20-2,20.0,2000.0,20.0,0.0,True
A1TPGXT718D68E,rec,2,20-2,20.0,2000.0,20.0,2506.199999988079,False
A1TPGXT718D68E,rec,2,20-2,20.0,2000.0,20.0,2154.5,False
A1TPGXT718D68E,rec,2,20-2,20.0,2000.0,20.0,2751.800000011921,False
A1TPGXT718D68E,rec,2,20-2,20.0,2000.0,20.0,2127.5,False
A1TPGXT718D68E,rec,2,20-2,20.0,2000.0,20.0,5759.100000023842,False
A1TPGXT718D68E,rec,2,20-2,20.0,2000.0,20.0,2047.0999999642372,False
A1TPGXT718D68E,rec,2,20-2,20.0,2000.0,20.0,1943.300000011921,False
A1TPGXT718D68E,rec,2,20-2,20.0,2000.0,20.0,2012.6000000238419,False
A1TPGXT718D68E,rec,2,20-2,20.0,2000.0,20.0,15333.0,False
A1TPGXT718D68E,rec,2,20-2,20.0,2000.0,20.0,4365.800000011921,False
A1TPGXT718D68E,rec,2,20-2,20.0,2000.0,20.0,2616.800000011921,False
A1TPGXT718D68E,rec,3,20-2,20.0,2000.0,20.0,379.79999999888196,False
A1TPGXT718D68E,rec,3,20-2,20.0,2000.0,19.0,2099.1999999992554,False
A1TPGXT718D68E,rec,3,20-2,20.0,2000.0,19.0,956.099999999627,False
A1TPGXT718D68E,rec,3,20-2,20.0,2000.0,15.0,1548.599999999627,False
A1TPGXT718D68E,rec,3,20-2,20.0,2000.0,20.0,1972.4999999999995,False
A1TPGXT718D68E,rec,3,20-2,20.0,2000.0,19.0,0.0,True
A1TPGXT718D68E,rec,3,20-2,20.0,2000.0,19.0,926.9000000003721,False
A1TPGXT718D68E,rec,3,20-2,20.0,2000.0,19.0,2503.1999999992554,False
A1TPGXT718D68E,rec,3,20-2,20.0,2000.0,20.0,1270.799999998882,False
A1TPGXT718D68E,rec,3,20-2,20.0,2000.0,20.0,1839.8000000007446,False
A1TPGXT718D68E,rec,3,20-2,20.0,2000.0,20.0,1036.1999999992554,False
A1TPGXT718D68E,rec,3,20-2,20.0,2000.0,20.0,196.09999999962702,False
A1TPGXT718D68E,rec,4,20-2,20.0,2000.0,20.0,0.0,True
A1TPGXT718D68E,rec,4,20-2,20.0,2000.0,20.0,3479.799999952316,False
A1TPGXT718D68E,rec,4,20-2,20.0,2000.0,19.0,9112.499999940397,False
A1TPGXT718D68E,rec,4,20-2,20.0,2000.0,20.0,2574.3999999761577,False
A1TPGXT718D68E,rec,4,20-2,20.0,2000.0,20.0,2857.399999916553,False
A1TPGXT718D68E,rec,4,20-2,20.0,2000.0,19.0,4207.599999964237,False
A1TPGXT718D68E,rec,4,20-2,20.0,2000.0,18.0,11237.0,False
A1TPGXT718D68E,rec,4,20-2,20.0,2000.0,14.0,2110.499999940395,False
A1TPGXT718D68E,rec,4,20-2,20.0,2000.0,18.0,2864.799999952316,False
A1TPGXT718D68E,rec,4,20-2,20.0,2000.0,19.0,3799.799999952316,False
A1TPGXT718D68E,rec,4,20-2,20.0,2000.0,19.0,7130.499999940397,False
A1TPGXT718D68E,rec,4,20-2,20.0,2000.0,20.0,2323.5999999642368,False
A1TR2AOKWGQ78A,ns,1,15-2,15.0,2000.0,1.0,14306.0,False
A1TR2AOKWGQ78A,ns,1,15-2,15.0,2000.0,1.0,6540.0,False
A1TR2AOKWGQ78A,ns,1,15-2,15.0,2000.0,2.0,4843.0,False
A1TR2AOKWGQ78A,ns,1,15-2,15.0,2000.0,1.0,5132.0,False
A1TR2AOKWGQ78A,ns,1,15-2,15.0,2000.0,5.0,1533.0,False
A1TR2AOKWGQ78A,ns,1,15-2,15.0,2000.0,1.0,0.0,True
A1TR2AOKWGQ78A,ns,1,15-2,15.0,2000.0,5.0,4223.0,False
A1TR2AOKWGQ78A,ns,1,15-2,15.0,2000.0,2.0,5217.0,False
A1TR2AOKWGQ78A,ns,1,15-2,15.0,2000.0,2.0,441.0,False
A1TR2AOKWGQ78A,ns,1,15-2,15.0,2000.0,1.0,2432.0,False
A1TR2AOKWGQ78A,ns,1,15-2,15.0,2000.0,5.0,7307.0,False
A1TR2AOKWGQ78A,ns,2,15-2,15.0,2000.0,1.0,2107.0,False
A1TR2AOKWGQ78A,ns,2,15-2,15.0,2000.0,6.0,7374.0,False
A1TR2AOKWGQ78A,ns,2,15-2,15.0,2000.0,2.0,4192.0,False
A1TR2AOKWGQ78A,ns,2,15-2,15.0,2000.0,14.0,800.0,False
A1TR2AOKWGQ78A,ns,2,15-2,15.0,2000.0,2.0,1491.0,False
A1TR2AOKWGQ78A,ns,2,15-2,15.0,2000.0,1.0,7678.0,False
A1TR2AOKWGQ78A,ns,2,15-2,15.0,2000.0,3.0,33573.0,False
A1TR2AOKWGQ78A,ns,2,15-2,15.0,2000.0,1.0,28549.0,False
A1TR2AOKWGQ78A,ns,2,15-2,15.0,2000.0,2.0,5605.0,False
A1TR2AOKWGQ78A,ns,2,15-2,15.0,2000.0,14.0,0.0,True
A1TR2AOKWGQ78A,ns,3,15-2,15.0,2000.0,1.0,995.0,False
A1TR2AOKWGQ78A,ns,3,15-2,15.0,2000.0,15.0,2552.0,False
A1TR2AOKWGQ78A,ns,3,15-2,15.0,2000.0,15.0,662.0,False
A1TR2AOKWGQ78A,ns,3,15-2,15.0,2000.0,13.0,766.0,False
A1TR2AOKWGQ78A,ns,3,15-2,15.0,2000.0,13.0,0.0,True
A1TR2AOKWGQ78A,ns,3,15-2,15.0,2000.0,1.0,1917.0,False
A1TR2AOKWGQ78A,ns,3,15-2,15.0,2000.0,14.0,1571.0,False
A1TR2AOKWGQ78A,ns,3,15-2,15.0,2000.0,1.0,4544.0,False
A1TR2AOKWGQ78A,ns,3,15-2,15.0,2000.0,1.0,4357.0,False
A1TR2AOKWGQ78A,ns,3,15-2,15.0,2000.0,1.0,1502.0,False
A1TVWMWE03AWAW,rec,1,20-2,20.0,2000.0,1.0,2441.0,False
A1TVWMWE03AWAW,rec,1,20-2,20.0,2000.0,1.0,0.0,True
A1TVWMWE03AWAW,rec,2,20-2,20.0,2000.0,20.0,0.0,True
A1TVWMWE03AWAW,rec,2,20-2,20.0,2000.0,20.0,5823.0,False
A1TVWMWE03AWAW,rec,2,20-2,20.0,2000.0,20.0,6373.0,False
A1TVWMWE03AWAW,rec,2,20-2,20.0,2000.0,20.0,5606.0,False
A1TVWMWE03AWAW,rec,2,20-2,20.0,2000.0,20.0,5231.0,False
A1TVWMWE03AWAW,rec,2,20-2,20.0,2000.0,20.0,6350.0,False
A1TVWMWE03AWAW,rec,2,20-2,20.0,2000.0,20.0,3249.0,False
A1TVWMWE03AWAW,rec,2,20-2,20.0,2000.0,20.0,7185.0,False
A1TVWMWE03AWAW,rec,3,20-2,20.0,2000.0,16.0,1312.0,False
A1TVWMWE03AWAW,rec,3,20-2,20.0,2000.0,20.0,4549.0,False
A1TVWMWE03AWAW,rec,3,20-2,20.0,2000.0,19.0,1702.0,False
A1TVWMWE03AWAW,rec,3,20-2,20.0,2000.0,19.0,2253.0,False
A1TVWMWE03AWAW,rec,3,20-2,20.0,2000.0,19.0,2024.0,False
A1TVWMWE03AWAW,rec,3,20-2,20.0,2000.0,19.0,4124.0,False
A1TVWMWE03AWAW,rec,3,20-2,20.0,2000.0,19.0,26818.0,False
A1TVWMWE03AWAW,rec,3,20-2,20.0,2000.0,20.0,11949.0,False
A1TVWMWE03AWAW,rec,3,20-2,20.0,2000.0,20.0,0.0,True
A1TVWMWE03AWAW,rec,4,20-2,20.0,2000.0,15.0,1642.0,False
A1TVWMWE03AWAW,rec,4,20-2,20.0,2000.0,17.0,7523.0,False
A1TVWMWE03AWAW,rec,4,20-2,20.0,2000.0,20.0,0.0,True
A1TVWMWE03AWAW,rec,4,20-2,20.0,2000.0,18.0,4043.0,False
A1TVWMWE03AWAW,rec,4,20-2,20.0,2000.0,20.0,11327.0,False
A1TVWMWE03AWAW,rec,4,20-2,20.0,2000.0,20.0,10072.0,False
A1TVWMWE03AWAW,rec,4,20-2,20.0,2000.0,20.0,709.0,False
A1TVWMWE03AWAW,rec,4,20-2,20.0,2000.0,20.0,4719.0,False
A1U4WS9KJMADV,rec,1,30-1,30.0,1000.0,27.0,0.0,True
A1U4WS9KJMADV,rec,1,30-1,30.0,1000.0,30.0,7645.100000381472,False
A1U4WS9KJMADV,rec,1,30-1,30.0,1000.0,28.0,4881.800000190735,False
A1U4WS9KJMADV,rec,1,30-1,30.0,1000.0,30.0,4857.499999999998,False
A1U4WS9KJMADV,rec,1,30-1,30.0,1000.0,29.0,3201.0,False
A1U4WS9KJMADV,rec,1,30-1,30.0,1000.0,30.0,7052.400000572205,False
A1U4WS9KJMADV,rec,1,30-1,30.0,1000.0,28.0,3857.300000190735,False
A1U4WS9KJMADV,rec,1,30-1,30.0,1000.0,30.0,15791.900000572205,False
A1U4WS9KJMADV,rec,1,30-1,30.0,1000.0,27.0,4796.200000762939,False
A1U4WS9KJMADV,rec,1,30-1,30.0,1000.0,30.0,3643.699999809265,False
A1U4WS9KJMADV,rec,1,30-1,30.0,1000.0,30.0,1332.2000007629395,False
A1U4WS9KJMADV,rec,1,30-1,30.0,1000.0,28.0,4883.300000190735,False
A1U4WS9KJMADV,rec,2,30-1,30.0,1000.0,30.0,0.0,True
A1U4WS9KJMADV,rec,2,30-1,30.0,1000.0,30.0,5608.200000762939,False
A1U4WS9KJMADV,rec,2,30-1,30.0,1000.0,29.0,6606.800000190737,False
A1U4WS9KJMADV,rec,2,30-1,30.0,1000.0,28.0,9037.199999809263,False
A1U4WS9KJMADV,rec,2,30-1,30.0,1000.0,28.0,2848.199999809265,False
A1U4WS9KJMADV,rec,2,30-1,30.0,1000.0,29.0,6371.200000762939,False
A1U4WS9KJMADV,rec,2,30-1,30.0,1000.0,30.0,3412.199999809265,False
A1U4WS9KJMADV,rec,2,30-1,30.0,1000.0,30.0,4353.900000572205,False
A1U4WS9KJMADV,rec,2,30-1,30.0,1000.0,28.0,2787.800000190735,False
A1U4WS9KJMADV,rec,2,30-1,30.0,1000.0,4.0,11447.70000076294,False
A1U4WS9KJMADV,rec,2,30-1,30.0,1000.0,29.0,3528.7000007629395,False
A1U4WS9KJMADV,rec,3,30-1,30.0,1000.0,23.0,0.0,True
A1U4WS9KJMADV,rec,3,30-1,30.0,1000.0,30.0,6880.899999976156,False
A1U4WS9KJMADV,rec,3,30-1,30.0,1000.0,29.0,5278.199999988079,False
A1U4WS9KJMADV,rec,3,30-1,30.0,1000.0,30.0,7235.399999976156,False
A1U4WS9KJMADV,rec,3,30-1,30.0,1000.0,28.0,3524.5,False
A1U4WS9KJMADV,rec,3,30-1,30.0,1000.0,29.0,3600.599999964237,False
A1U4WS9KJMADV,rec,3,30-1,30.0,1000.0,29.0,3783.399999976158,False
A1U4WS9KJMADV,rec,3,30-1,30.0,1000.0,30.0,9352.800000011921,False
A1U4WS9KJMADV,rec,3,30-1,30.0,1000.0,29.0,2803.699999988079,False
A1U4WS9KJMADV,rec,3,30-1,30.0,1000.0,29.0,9020.000000000002,False
A1U4WS9KJMADV,rec,3,30-1,30.0,1000.0,29.0,10262.299999952318,False
A1U4WS9KJMADV,rec,3,30-1,30.0,1000.0,30.0,16109.199999988075,False
A1U4WS9KJMADV,rec,4,30-1,30.0,1000.0,17.0,0.0,True
A1U4WS9KJMADV,rec,4,30-1,30.0,1000.0,2.0,3115.399999976158,False
A1U4WS9KJMADV,rec,4,30-1,30.0,1000.0,1.0,11346.900000095367,False
A1U4WS9KJMADV,rec,4,30-1,30.0,1000.0,24.0,2450.2000000476837,False
A1U4WS9KJMADV,rec,4,30-1,30.0,1000.0,26.0,20972.59999990464,False
A1U4WS9KJMADV,rec,4,30-1,30.0,1000.0,23.0,2317.100000023842,False
A1U4WS9KJMADV,rec,4,30-1,30.0,1000.0,30.0,6982.600000023842,False
A1U4WS9KJMADV,rec,4,30-1,30.0,1000.0,1.0,3628.5,False
A1U4WS9KJMADV,rec,4,30-1,30.0,1000.0,29.0,1214.2000000476837,False
A1U4WS9KJMADV,rec,4,30-1,30.0,1000.0,2.0,8211.199999928474,False
A1U4WS9KJMADV,rec,4,30-1,30.0,1000.0,30.0,2140.100000023842,False
A1UH6A625GF5MD,prim,1,40-1,40.0,1000.0,1.0,4231.0,False
A1UH6A625GF5MD,prim,1,40-1,40.0,1000.0,1.0,0.0,True
A1UH6A625GF5MD,prim,1,40-1,40.0,1000.0,1.0,804.0,False
A1UH6A625GF5MD,prim,1,40-1,40.0,1000.0,1.0,1340.0,False
A1UH6A625GF5MD,prim,1,40-1,40.0,1000.0,7.0,2745.0,False
A1UH6A625GF5MD,prim,1,40-1,40.0,1000.0,1.0,6135.0,False
A1UH6A625GF5MD,prim,1,40-1,40.0,1000.0,1.0,12781.0,False
A1UH6A625GF5MD,prim,1,40-1,40.0,1000.0,1.0,5789.0,False
A1UH6A625GF5MD,prim,1,40-1,40.0,1000.0,1.0,1321.0,False
A1UH6A625GF5MD,prim,2,40-1,40.0,1000.0,1.0,0.0,True
A1UH6A625GF5MD,prim,2,40-1,40.0,1000.0,1.0,1495.0,False
A1UH6A625GF5MD,prim,2,40-1,40.0,1000.0,1.0,21635.0,False
A1UH6A625GF5MD,prim,2,40-1,40.0,1000.0,1.0,7790.0,False
A1UH6A625GF5MD,prim,2,40-1,40.0,1000.0,1.0,8599.0,False
A1UH6A625GF5MD,prim,2,40-1,40.0,1000.0,1.0,8372.0,False
A1UH6A625GF5MD,prim,2,40-1,40.0,1000.0,2.0,24081.0,False
A1UH6A625GF5MD,prim,2,40-1,40.0,1000.0,1.0,6180.0,False
A1UH6A625GF5MD,prim,2,40-1,40.0,1000.0,1.0,8210.0,False
A1UH6A625GF5MD,prim,2,40-1,40.0,1000.0,1.0,25535.0,False
A1UH6A625GF5MD,prim,2,40-1,40.0,1000.0,1.0,3883.0,False
A1UH6A625GF5MD,prim,3,40-1,40.0,1000.0,2.0,4503.0,False
A1UH6A625GF5MD,prim,3,40-1,40.0,1000.0,3.0,2868.0,False
A1UH6A625GF5MD,prim,3,40-1,40.0,1000.0,2.0,4604.0,False
A1UH6A625GF5MD,prim,3,40-1,40.0,1000.0,1.0,0.0,True
A1UH6A625GF5MD,prim,3,40-1,40.0,1000.0,1.0,1542.0,False
A1UH6A625GF5MD,prim,3,40-1,40.0,1000.0,2.0,3687.0,False
A1UH6A625GF5MD,prim,3,40-1,40.0,1000.0,2.0,2911.0,False
A1UH6A625GF5MD,prim,3,40-1,40.0,1000.0,1.0,1878.0,False
A1UH6A625GF5MD,prim,3,40-1,40.0,1000.0,1.0,1278.0,False
A1UH6A625GF5MD,prim,3,40-1,40.0,1000.0,1.0,2100.0,False
A1UH6A625GF5MD,prim,4,40-1,40.0,1000.0,1.0,1093.0,False
A1UH6A625GF5MD,prim,4,40-1,40.0,1000.0,1.0,2187.0,False
A1UH6A625GF5MD,prim,4,40-1,40.0,1000.0,1.0,3587.0,False
A1UH6A625GF5MD,prim,4,40-1,40.0,1000.0,3.0,2283.0,False
A1UH6A625GF5MD,prim,4,40-1,40.0,1000.0,3.0,17271.0,False
A1UH6A625GF5MD,prim,4,40-1,40.0,1000.0,2.0,0.0,True
A1UH6A625GF5MD,prim,4,40-1,40.0,1000.0,1.0,907.0,False
A1UH6A625GF5MD,prim,4,40-1,40.0,1000.0,4.0,7011.0,False
A1UH6A625GF5MD,prim,4,40-1,40.0,1000.0,4.0,1883.0,False
A1UH6A625GF5MD,prim,4,40-1,40.0,1000.0,2.0,550.0,False
A1UOP419O6P55R,prim,1,15-2,15.0,2000.0,1.0,0.0,True
A1UOP419O6P55R,prim,1,15-2,15.0,2000.0,1.0,3912.0,False
A1UOP419O6P55R,prim,1,15-2,15.0,2000.0,1.0,261.0,False
A1UOP419O6P55R,prim,1,15-2,15.0,2000.0,1.0,2250.0,False
A1UOP419O6P55R,prim,1,15-2,15.0,2000.0,1.0,3673.0,False
A1UOP419O6P55R,prim,1,15-2,15.0,2000.0,1.0,985.0,False
A1UOP419O6P55R,prim,1,15-2,15.0,2000.0,1.0,1772.0,False
A1UOP419O6P55R,prim,1,15-2,15.0,2000.0,1.0,4909.0,False
A1UOP419O6P55R,prim,1,15-2,15.0,2000.0,1.0,982.0,False
A1UOP419O6P55R,prim,2,15-2,15.0,2000.0,1.0,0.0,True
A1UOP419O6P55R,prim,2,15-2,15.0,2000.0,1.0,5166.0,False
A1UOP419O6P55R,prim,2,15-2,15.0,2000.0,1.0,5214.0,False
A1UOP419O6P55R,prim,2,15-2,15.0,2000.0,1.0,3166.0,False
A1UOP419O6P55R,prim,2,15-2,15.0,2000.0,1.0,1647.0,False
A1UOP419O6P55R,prim,2,15-2,15.0,2000.0,1.0,935.0,False
A1UOP419O6P55R,prim,2,15-2,15.0,2000.0,1.0,503.0,False
A1UOP419O6P55R,prim,2,15-2,15.0,2000.0,2.0,2296.0,False
A1UOP419O6P55R,prim,3,15-2,15.0,2000.0,1.0,334.0,False
A1UOP419O6P55R,prim,3,15-2,15.0,2000.0,1.0,849.0,False
A1UOP419O6P55R,prim,3,15-2,15.0,2000.0,15.0,1931.0,False
A1UOP419O6P55R,prim,3,15-2,15.0,2000.0,1.0,0.0,True
A1UOP419O6P55R,prim,3,15-2,15.0,2000.0,1.0,1566.0,False
A1UOP419O6P55R,prim,3,15-2,15.0,2000.0,1.0,2650.0,False
A1UOP419O6P55R,prim,3,15-2,15.0,2000.0,1.0,151.0,False
A1UOP419O6P55R,prim,3,15-2,15.0,2000.0,1.0,466.0,False
A1UOP419O6P55R,prim,3,15-2,15.0,2000.0,15.0,4452.0,False
A1UOP419O6P55R,prim,3,15-2,15.0,2000.0,1.0,1022.0,False
A1V2H0UF94ATWY,ns,1,10-2,10.0,2000.0,8.0,856.2000000001863,False
A1V2H0UF94ATWY,ns,1,10-2,10.0,2000.0,10.0,596.6000000005588,False
A1V2H0UF94ATWY,ns,1,10-2,10.0,2000.0,9.0,1192.5,False
A1V2H0UF94ATWY,ns,1,10-2,10.0,2000.0,10.0,679.2999999998137,False
A1V2H0UF94ATWY,ns,1,10-2,10.0,2000.0,8.0,0.0,True
A1V2H0UF94ATWY,ns,1,10-2,10.0,2000.0,8.0,2532.0,False
A1V2H0UF94ATWY,ns,1,10-2,10.0,2000.0,7.0,1036.6000000005588,False
A1V2H0UF94ATWY,ns,1,10-2,10.0,2000.0,8.0,869.7999999998137,False
A1V2H0UF94ATWY,ns,1,10-2,10.0,2000.0,9.0,185.90000000037298,False
A1V2H0UF94ATWY,ns,1,10-2,10.0,2000.0,10.0,508.5,False
A1V2H0UF94ATWY,ns,1,10-2,10.0,2000.0,7.0,809.0,False
A1V2H0UF94ATWY,ns,1,10-2,10.0,2000.0,9.0,425.0,False
A1V2H0UF94ATWY,ns,2,10-2,10.0,2000.0,10.0,0.0,True
A1V2H0UF94ATWY,ns,2,10-2,10.0,2000.0,8.0,2383.0,False
A1V2H0UF94ATWY,ns,2,10-2,10.0,2000.0,6.0,4016.899999999907,False
A1V2H0UF94ATWY,ns,2,10-2,10.0,2000.0,6.0,2753.5,False
A1V2H0UF94ATWY,ns,2,10-2,10.0,2000.0,7.0,2847.299999999349,False
A1V2H0UF94ATWY,ns,2,10-2,10.0,2000.0,8.0,2414.8000000002794,False
A1V2H0UF94ATWY,ns,2,10-2,10.0,2000.0,7.0,6425.09999999916,False
A1V2H0UF94ATWY,ns,2,10-2,10.0,2000.0,8.0,3433.6999999997206,False
A1V2H0UF94ATWY,ns,2,10-2,10.0,2000.0,7.0,4991.800000000279,False
A1V2H0UF94ATWY,ns,2,10-2,10.0,2000.0,7.0,2313.399999999907,False
A1V2H0UF94ATWY,ns,2,10-2,10.0,2000.0,7.0,7991.199999999721,False
A1V2H0UF94ATWY,ns,3,10-2,10.0,2000.0,7.0,0.0,True
A1V2H0UF94ATWY,ns,3,10-2,10.0,2000.0,10.0,2628.199999999256,False
A1V2H0UF94ATWY,ns,3,10-2,10.0,2000.0,8.0,3994.199999999256,False
A1V2H0UF94ATWY,ns,3,10-2,10.0,2000.0,8.0,2389.5,False
A1V2H0UF94ATWY,ns,3,10-2,10.0,2000.0,9.0,2301.7999999998137,False
A1V2H0UF94ATWY,ns,3,10-2,10.0,2000.0,8.0,2745.899999999441,False
A1V2H0UF94ATWY,ns,3,10-2,10.0,2000.0,8.0,3189.2999999998137,False
A1V2H0UF94ATWY,ns,3,10-2,10.0,2000.0,9.0,3123.9999999990687,False
A1V2H0UF94ATWY,ns,3,10-2,10.0,2000.0,9.0,4520.200000000186,False
A1V2H0UF94ATWY,ns,3,10-2,10.0,2000.0,8.0,2597.9999999990687,False
A1V2H0UF94ATWY,ns,3,10-2,10.0,2000.0,7.0,2780.9999999990687,False
A1V2H0UF94ATWY,ns,3,10-2,10.0,2000.0,10.0,2422.5999999996275,False
A1V2H0UF94ATWY,ns,4,10-2,10.0,2000.0,4.0,2945.799999999581,False
A1V2H0UF94ATWY,ns,4,10-2,10.0,2000.0,5.0,1011.6999999997206,False
A1V2H0UF94ATWY,ns,4,10-2,10.0,2000.0,5.0,1095.399999999674,False
A1V2H0UF94ATWY,ns,4,10-2,10.0,2000.0,7.0,334.69999999995343,False
A1V2H0UF94ATWY,ns,4,10-2,10.0,2000.0,8.0,0.0,True
A1V2H0UF94ATWY,ns,4,10-2,10.0,2000.0,9.0,4558.100000000093,False
A1V2H0UF94ATWY,ns,4,10-2,10.0,2000.0,9.0,1582.8999999999069,False
A1V2H0UF94ATWY,ns,4,10-2,10.0,2000.0,8.0,479.5,False
A1V2H0UF94ATWY,ns,4,10-2,10.0,2000.0,4.0,2892.399999999907,False
A1V2H0UF94ATWY,ns,4,10-2,10.0,2000.0,9.0,920.3999999999069,False
A1V2H0UF94ATWY,ns,4,10-2,10.0,2000.0,4.0,1377.1000000000931,False
A1V2H0UF94ATWY,ns,4,10-2,10.0,2000.0,8.0,901.5999999996275,False
A1V91Z2CQKMR55,rec,1,20-1,20.0,1000.0,16.0,0.0,True
A1V91Z2CQKMR55,rec,1,20-1,20.0,1000.0,20.0,1503.0999999940404,False
A1V91Z2CQKMR55,rec,1,20-1,20.0,1000.0,20.0,1558.4999999850993,False
A1V91Z2CQKMR55,rec,1,20-1,20.0,1000.0,18.0,2005.1999999880795,False
A1V91Z2CQKMR55,rec,1,20-1,20.0,1000.0,20.0,1956.9999999850993,False
A1V91Z2CQKMR55,rec,1,20-1,20.0,1000.0,17.0,1564.900000005961,False
A1V91Z2CQKMR55,rec,1,20-1,20.0,1000.0,16.0,1348.6999999880804,False
A1V91Z2CQKMR55,rec,1,20-1,20.0,1000.0,20.0,1897.2999999970202,False
A1V91Z2CQKMR55,rec,1,20-1,20.0,1000.0,20.0,4102.399999991061,False
A1V91Z2CQKMR55,rec,1,20-1,20.0,1000.0,17.0,1376.5999999940404,False
A1V91Z2CQKMR55,rec,1,20-1,20.0,1000.0,20.0,2069.5000000000005,False
A1V91Z2CQKMR55,rec,2,20-1,20.0,1000.0,10.0,0.0,True
A1V91Z2CQKMR55,rec,2,20-1,20.0,1000.0,18.0,2720.0000000298023,False
A1V91Z2CQKMR55,rec,2,20-1,20.0,1000.0,20.0,3208.0,False
A1V91Z2CQKMR55,rec,2,20-1,20.0,1000.0,14.0,2937.5,False
A1V91Z2CQKMR55,rec,2,20-1,20.0,1000.0,19.0,1876.5000000298023,False
A1V91Z2CQKMR55,rec,2,20-1,20.0,1000.0,20.0,2261.0000000000005,False
A1V91Z2CQKMR55,rec,2,20-1,20.0,1000.0,18.0,1633.7000000178814,False
A1V91Z2CQKMR55,rec,2,20-1,20.0,1000.0,17.0,1535.4000000059605,False
A1V91Z2CQKMR55,rec,2,20-1,20.0,1000.0,20.0,2756.300000011922,False
A1V91Z2CQKMR55,rec,2,20-1,20.0,1000.0,17.0,926.1000000238419,False
A1V91Z2CQKMR55,rec,2,20-1,20.0,1000.0,20.0,3514.100000023842,False
A1V91Z2CQKMR55,rec,2,20-1,20.0,1000.0,19.0,2020.2000000178814,False
A1V91Z2CQKMR55,rec,3,20-1,20.0,1000.0,18.0,0.0,True
A1V91Z2CQKMR55,rec,3,20-1,20.0,1000.0,18.0,802.3999999761581,False
A1V91Z2CQKMR55,rec,3,20-1,20.0,1000.0,16.0,1648.2000000476842,False
A1V91Z2CQKMR55,rec,3,20-1,20.0,1000.0,19.0,3702.199999988079,False
A1V91Z2CQKMR55,rec,3,20-1,20.0,1000.0,20.0,10016.099999964235,False
A1V91Z2CQKMR55,rec,3,20-1,20.0,1000.0,19.0,1702.199999988079,False
A1V91Z2CQKMR55,rec,3,20-1,20.0,1000.0,20.0,5691.600000023842,False
A1V91Z2CQKMR55,rec,3,20-1,20.0,1000.0,20.0,1692.199999988079,False
A1V91Z2CQKMR55,rec,3,20-1,20.0,1000.0,18.0,4898.0,False
A1V91Z2CQKMR55,rec,3,20-1,20.0,1000.0,20.0,1684.1000000238419,False
A1V91Z2CQKMR55,rec,3,20-1,20.0,1000.0,16.0,6678.800000011921,False
A1V91Z2CQKMR55,rec,3,20-1,20.0,1000.0,20.0,1689.6000000238419,False
A1V91Z2CQKMR55,rec,4,20-1,20.0,1000.0,18.0,0.0,True
A1V91Z2CQKMR55,rec,4,20-1,20.0,1000.0,19.0,2999.599999964237,False
A1V91Z2CQKMR55,rec,4,20-1,20.0,1000.0,20.0,2154.899999976158,False
A1V91Z2CQKMR55,rec,4,20-1,20.0,1000.0,19.0,1192.3999999761581,False
A1V91Z2CQKMR55,rec,4,20-1,20.0,1000.0,19.0,7596.199999988079,False
A1V91Z2CQKMR55,rec,4,20-1,20.0,1000.0,16.0,893.7999999523163,False
A1V91Z2CQKMR55,rec,4,20-1,20.0,1000.0,20.0,1472.3999999761581,False
A1V91Z2CQKMR55,rec,4,20-1,20.0,1000.0,19.0,5170.599999964237,False
A1V91Z2CQKMR55,rec,4,20-1,20.0,1000.0,18.0,1345.1000000238419,False
A1V91Z2CQKMR55,rec,4,20-1,20.0,1000.0,16.0,1342.0999999642372,False
A1V91Z2CQKMR55,rec,4,20-1,20.0,1000.0,19.0,2157.900000035763,False
A1VEOI1H4AE1T3,prim,1,20-2,20.0,2000.0,1.0,6680.399999976158,False
A1VEOI1H4AE1T3,prim,1,20-2,20.0,2000.0,1.0,5078.699999958277,False
A1VEOI1H4AE1T3,prim,1,20-2,20.0,2000.0,1.0,3554.4999999701977,False
A1VEOI1H4AE1T3,prim,1,20-2,20.0,2000.0,1.0,4108.4000000059605,False
A1VEOI1H4AE1T3,prim,1,20-2,20.0,2000.0,1.0,3067.5,False
A1VEOI1H4AE1T3,prim,1,20-2,20.0,2000.0,20.0,0.0,True
A1VEOI1H4AE1T3,prim,1,20-2,20.0,2000.0,1.0,2899.5999999940395,False
A1VEOI1H4AE1T3,prim,1,20-2,20.0,2000.0,1.0,1561.4999999701977,False
A1VEOI1H4AE1T3,prim,1,20-2,20.0,2000.0,20.0,1313.199999988079,False
A1VEOI1H4AE1T3,prim,1,20-2,20.0,2000.0,2.0,2818.199999988078,False
A1VEOI1H4AE1T3,prim,2,20-2,20.0,2000.0,20.0,1027.0999999940395,False
A1VEOI1H4AE1T3,prim,2,20-2,20.0,2000.0,20.0,1603.300000011921,False
A1VEOI1H4AE1T3,prim,2,20-2,20.0,2000.0,20.0,6195.5,False
A1VEOI1H4AE1T3,prim,2,20-2,20.0,2000.0,20.0,1596.9000000059605,False
A1VEOI1H4AE1T3,prim,2,20-2,20.0,2000.0,20.0,0.0,True
A1VEOI1H4AE1T3,prim,2,20-2,20.0,2000.0,20.0,218.59999999403954,False
A1VEOI1H4AE1T3,prim,2,20-2,20.0,2000.0,20.0,2643.69999998808,False
A1VEOI1H4AE1T3,prim,2,20-2,20.0,2000.0,20.0,3430.300000011921,False
A1VEOI1H4AE1T3,prim,3,20-2,20.0,2000.0,1.0,0.0,True
A1VEOI1H4AE1T3,prim,3,20-2,20.0,2000.0,1.0,1799.2000000029802,False
A1VEOI1H4AE1T3,prim,3,20-2,20.0,2000.0,20.0,819.6000000089407,False
A1VEOI1H4AE1T3,prim,3,20-2,20.0,2000.0,1.0,2313.5999999940386,False
A1VEOI1H4AE1T3,prim,3,20-2,20.0,2000.0,2.0,654.5,False
A1VEOI1H4AE1T3,prim,3,20-2,20.0,2000.0,1.0,2518.0,False
A1VEOI1H4AE1T3,prim,3,20-2,20.0,2000.0,1.0,1978.5,False
A1VEOI1H4AE1T3,prim,3,20-2,20.0,2000.0,1.0,3343.8999999910593,False
A1VEOI1H4AE1T3,prim,3,20-2,20.0,2000.0,1.0,1821.7000000029802,False
A1VEOI1H4AE1T3,prim,4,20-2,20.0,2000.0,1.0,35.599999994040445,False
A1VEOI1H4AE1T3,prim,4,20-2,20.0,2000.0,1.0,1955.4000000059605,False
A1VEOI1H4AE1T3,prim,4,20-2,20.0,2000.0,1.0,2441.9000000059596,False
A1VEOI1H4AE1T3,prim,4,20-2,20.0,2000.0,1.0,0.0,True
A1VEOI1H4AE1T3,prim,4,20-2,20.0,2000.0,2.0,1771.300000011921,False
A1VEOI1H4AE1T3,prim,4,20-2,20.0,2000.0,1.0,2704.2000000178814,False
A1VEOI1H4AE1T3,prim,4,20-2,20.0,2000.0,1.0,1756.5,False
A1VEOI1H4AE1T3,prim,4,20-2,20.0,2000.0,1.0,4154.0999999940395,False
A1VEOI1H4AE1T3,prim,4,20-2,20.0,2000.0,1.0,3851.9000000059605,False
A1VEOI1H4AE1T3,prim,4,20-2,20.0,2000.0,1.0,1174.300000011921,False
A1VEOI1H4AE1T3,prim,4,20-2,20.0,2000.0,1.0,2533.5,False
A1VEOI1H4AE1T3,prim,4,20-2,20.0,2000.0,1.0,2031.5,False
A1VHK9OFD7H8ZH,rec,1,40-1,40.0,1000.0,39.0,0.0,True
A1VHK9OFD7H8ZH,rec,1,40-1,40.0,1000.0,40.0,6228.0,False
A1VHK9OFD7H8ZH,rec,1,40-1,40.0,1000.0,39.0,5787.0,False
A1VHK9OFD7H8ZH,rec,1,40-1,40.0,1000.0,39.0,1417.0,False
A1VHK9OFD7H8ZH,rec,1,40-1,40.0,1000.0,40.0,2797.0,False
A1VHK9OFD7H8ZH,rec,1,40-1,40.0,1000.0,39.0,3622.0,False
A1VHK9OFD7H8ZH,rec,1,40-1,40.0,1000.0,39.0,3540.0,False
A1VHK9OFD7H8ZH,rec,1,40-1,40.0,1000.0,40.0,2140.0,False
A1VHK9OFD7H8ZH,rec,1,40-1,40.0,1000.0,39.0,1407.0,False
A1VHK9OFD7H8ZH,rec,1,40-1,40.0,1000.0,39.0,2944.0,False
A1VHK9OFD7H8ZH,rec,1,40-1,40.0,1000.0,40.0,3548.0,False
A1VHK9OFD7H8ZH,rec,2,40-1,40.0,1000.0,40.0,0.0,True
A1VHK9OFD7H8ZH,rec,2,40-1,40.0,1000.0,40.0,7509.0,False
A1VHK9OFD7H8ZH,rec,2,40-1,40.0,1000.0,39.0,7340.0,False
A1VHK9OFD7H8ZH,rec,2,40-1,40.0,1000.0,39.0,7369.0,False
A1VHK9OFD7H8ZH,rec,2,40-1,40.0,1000.0,40.0,7661.0,False
A1VHK9OFD7H8ZH,rec,2,40-1,40.0,1000.0,40.0,7226.0,False
A1VHK9OFD7H8ZH,rec,2,40-1,40.0,1000.0,39.0,5116.0,False
A1VHK9OFD7H8ZH,rec,2,40-1,40.0,1000.0,40.0,10574.0,False
A1VHK9OFD7H8ZH,rec,2,40-1,40.0,1000.0,40.0,10597.0,False
A1VHK9OFD7H8ZH,rec,2,40-1,40.0,1000.0,39.0,4489.0,False
A1VHK9OFD7H8ZH,rec,2,40-1,40.0,1000.0,39.0,7128.0,False
A1VHK9OFD7H8ZH,rec,3,40-1,40.0,1000.0,40.0,0.0,True
A1VHK9OFD7H8ZH,rec,3,40-1,40.0,1000.0,39.0,11873.0,False
A1VHK9OFD7H8ZH,rec,3,40-1,40.0,1000.0,39.0,7926.0,False
A1VHK9OFD7H8ZH,rec,3,40-1,40.0,1000.0,39.0,6076.0,False
A1VHK9OFD7H8ZH,rec,3,40-1,40.0,1000.0,38.0,9777.0,False
A1VHK9OFD7H8ZH,rec,3,40-1,40.0,1000.0,37.0,4027.0,False
A1VHK9OFD7H8ZH,rec,3,40-1,40.0,1000.0,39.0,5636.0,False
A1VHK9OFD7H8ZH,rec,3,40-1,40.0,1000.0,39.0,4602.0,False
A1VHK9OFD7H8ZH,rec,3,40-1,40.0,1000.0,38.0,3644.0,False
A1VHK9OFD7H8ZH,rec,3,40-1,40.0,1000.0,40.0,9081.0,False
A1VHK9OFD7H8ZH,rec,3,40-1,40.0,1000.0,38.0,4784.0,False
A1VHK9OFD7H8ZH,rec,3,40-1,40.0,1000.0,40.0,5349.0,False
A1VHK9OFD7H8ZH,rec,4,40-1,40.0,1000.0,38.0,5283.0,False
A1VHK9OFD7H8ZH,rec,4,40-1,40.0,1000.0,39.0,2405.0,False
A1VHK9OFD7H8ZH,rec,4,40-1,40.0,1000.0,35.0,1908.0,False
A1VHK9OFD7H8ZH,rec,4,40-1,40.0,1000.0,39.0,572.0,False
A1VHK9OFD7H8ZH,rec,4,40-1,40.0,1000.0,38.0,0.0,True
A1VHK9OFD7H8ZH,rec,4,40-1,40.0,1000.0,39.0,5452.0,False
A1VHK9OFD7H8ZH,rec,4,40-1,40.0,1000.0,38.0,455.0,False
A1VHK9OFD7H8ZH,rec,4,40-1,40.0,1000.0,38.0,578.0,False
A1VHK9OFD7H8ZH,rec,4,40-1,40.0,1000.0,37.0,7249.0,False
A1VHK9OFD7H8ZH,rec,4,40-1,40.0,1000.0,1.0,22284.0,False
A1W7T8V97ZPUH0,ns,1,10-2,10.0,2000.0,1.0,0.0,True
A1W7T8V97ZPUH0,ns,1,10-2,10.0,2000.0,1.0,3663.0,False
A1W7T8V97ZPUH0,ns,1,10-2,10.0,2000.0,2.0,11294.0,False
A1W7T8V97ZPUH0,ns,1,10-2,10.0,2000.0,3.0,9194.0,False
A1W7T8V97ZPUH0,ns,1,10-2,10.0,2000.0,5.0,10997.0,False
A1W7T8V97ZPUH0,ns,1,10-2,10.0,2000.0,4.0,14704.0,False
A1W7T8V97ZPUH0,ns,2,10-2,10.0,2000.0,2.0,4360.0,False
A1W7T8V97ZPUH0,ns,2,10-2,10.0,2000.0,1.0,4955.0,False
A1W7T8V97ZPUH0,ns,2,10-2,10.0,2000.0,1.0,11842.0,False
A1W7T8V97ZPUH0,ns,2,10-2,10.0,2000.0,10.0,482.0,False
A1W7T8V97ZPUH0,ns,2,10-2,10.0,2000.0,1.0,0.0,True
A1W7T8V97ZPUH0,ns,2,10-2,10.0,2000.0,6.0,2873.0,False
A1W7T8V97ZPUH0,ns,3,10-2,10.0,2000.0,7.0,11701.0,False
A1W7T8V97ZPUH0,ns,3,10-2,10.0,2000.0,4.0,1636.0,False
A1W7T8V97ZPUH0,ns,3,10-2,10.0,2000.0,5.0,1754.0,False
A1W7T8V97ZPUH0,ns,3,10-2,10.0,2000.0,4.0,12603.0,False
A1W7T8V97ZPUH0,ns,3,10-2,10.0,2000.0,9.0,0.0,True
A1W7T8V97ZPUH0,ns,3,10-2,10.0,2000.0,9.0,236.0,False
A1W7T8V97ZPUH0,ns,3,10-2,10.0,2000.0,9.0,1841.0,False
A1W7T8V97ZPUH0,ns,3,10-2,10.0,2000.0,2.0,2223.0,False
A1W7T8V97ZPUH0,ns,4,10-2,10.0,2000.0,1.0,0.0,True
A1W7T8V97ZPUH0,ns,4,10-2,10.0,2000.0,1.0,1813.0,False
A1W7T8V97ZPUH0,ns,4,10-2,10.0,2000.0,1.0,2039.0,False
A1W7T8V97ZPUH0,ns,4,10-2,10.0,2000.0,1.0,7820.0,False
A1W7T8V97ZPUH0,ns,4,10-2,10.0,2000.0,1.0,2226.0,False
A1W7T8V97ZPUH0,ns,4,10-2,10.0,2000.0,1.0,5017.0,False
A1W7T8V97ZPUH0,ns,4,10-2,10.0,2000.0,1.0,7642.0,False
A1W7T8V97ZPUH0,ns,4,10-2,10.0,2000.0,2.0,3286.0,False
A1WJIRT360P5VB,rec,1,10-2,10.0,2000.0,9.0,263.7999999970193,False
A1WJIRT360P5VB,rec,1,10-2,10.0,2000.0,10.0,1357.3000000119205,False
A1WJIRT360P5VB,rec,1,10-2,10.0,2000.0,9.0,665.1000000089402,False
A1WJIRT360P5VB,rec,1,10-2,10.0,2000.0,9.0,694.0,False
A1WJIRT360P5VB,rec,1,10-2,10.0,2000.0,9.0,730.7000000029798,False
A1WJIRT360P5VB,rec,1,10-2,10.0,2000.0,9.0,0.0,True
A1WJIRT360P5VB,rec,1,10-2,10.0,2000.0,9.0,7618.600000008941,False
A1WJIRT360P5VB,rec,1,10-2,10.0,2000.0,9.0,2426.20000000298,False
A1WJIRT360P5VB,rec,1,10-2,10.0,2000.0,10.0,6555.300000011921,False
A1WJIRT360P5VB,rec,1,10-2,10.0,2000.0,10.0,2527.90000000596,False
A1WJIRT360P5VB,rec,1,10-2,10.0,2000.0,10.0,4357.70000000298,False
A1WJIRT360P5VB,rec,1,10-2,10.0,2000.0,10.0,1539.6000000089402,False
A1WJIRT360P5VB,rec,2,10-2,10.0,2000.0,10.0,2490.099999964237,False
A1WJIRT360P5VB,rec,2,10-2,10.0,2000.0,9.0,4749.5,False
A1WJIRT360P5VB,rec,2,10-2,10.0,2000.0,9.0,1504.2999999523163,False
A1WJIRT360P5VB,rec,2,10-2,10.0,2000.0,9.0,1447.0,False
A1WJIRT360P5VB,rec,2,10-2,10.0,2000.0,9.0,2119.399999976158,False
A1WJIRT360P5VB,rec,2,10-2,10.0,2000.0,9.0,1077.899999916553,False
A1WJIRT360P5VB,rec,2,10-2,10.0,2000.0,9.0,837.899999916553,False
A1WJIRT360P5VB,rec,2,10-2,10.0,2000.0,9.0,2155.599999964237,False
A1WJIRT360P5VB,rec,2,10-2,10.0,2000.0,9.0,0.0,True
A1WJIRT360P5VB,rec,2,10-2,10.0,2000.0,9.0,5827.099999964237,False
A1WJIRT360P5VB,rec,2,10-2,10.0,2000.0,10.0,1011.9999999403954,False
A1WJIRT360P5VB,rec,2,10-2,10.0,2000.0,9.0,943.3999999761581,False
A1WJIRT360P5VB,rec,3,10-2,10.0,2000.0,10.0,1209.3999999985103,False
A1WJIRT360P5VB,rec,3,10-2,10.0,2000.0,9.0,1059.7999999970202,False
A1WJIRT360P5VB,rec,3,10-2,10.0,2000.0,9.0,1275.0000000000005,False
A1WJIRT360P5VB,rec,3,10-2,10.0,2000.0,10.0,1677.7999999970202,False
A1WJIRT360P5VB,rec,3,10-2,10.0,2000.0,10.0,917.2000000029811,False
A1WJIRT360P5VB,rec,3,10-2,10.0,2000.0,10.0,672.8999999985103,False
A1WJIRT360P5VB,rec,3,10-2,10.0,2000.0,10.0,959.0,False
A1WJIRT360P5VB,rec,3,10-2,10.0,2000.0,10.0,659.6999999955301,False
A1WJIRT360P5VB,rec,3,10-2,10.0,2000.0,10.0,751.5999999940404,False
A1WJIRT360P5VB,rec,3,10-2,10.0,2000.0,9.0,8870.79999999702,False
A1WJIRT360P5VB,rec,3,10-2,10.0,2000.0,10.0,0.0,True
A1WJIRT360P5VB,rec,3,10-2,10.0,2000.0,10.0,556.5999999940404,False
A1WJIRT360P5VB,rec,4,10-2,10.0,2000.0,9.0,716.3000000119209,False
A1WJIRT360P5VB,rec,4,10-2,10.0,2000.0,9.0,1624.199999988079,False
A1WJIRT360P5VB,rec,4,10-2,10.0,2000.0,10.0,2646.300000011921,False
A1WJIRT360P5VB,rec,4,10-2,10.0,2000.0,10.0,2501.699999988079,False
A1WJIRT360P5VB,rec,4,10-2,10.0,2000.0,10.0,3350.699999988079,False
A1WJIRT360P5VB,rec,4,10-2,10.0,2000.0,9.0,607.9000000357628,False
A1WJIRT360P5VB,rec,4,10-2,10.0,2000.0,10.0,1938.6000000238419,False
A1WJIRT360P5VB,rec,4,10-2,10.0,2000.0,9.0,3920.199999988079,False
A1WJIRT360P5VB,rec,4,10-2,10.0,2000.0,10.0,1982.199999988079,False
A1WJIRT360P5VB,rec,4,10-2,10.0,2000.0,10.0,0.0,True
A1WJIRT360P5VB,rec,4,10-2,10.0,2000.0,9.0,2733.100000023842,False
A1WJIRT360P5VB,rec,4,10-2,10.0,2000.0,9.0,3032.7999999523163,False
A1WM3INNDW2776,ns,1,15-2,15.0,2000.0,1.0,23540.0,False
A1WM3INNDW2776,ns,1,15-2,15.0,2000.0,8.0,6883.0,False
A1WM3INNDW2776,ns,1,15-2,15.0,2000.0,12.0,4799.0,False
A1WM3INNDW2776,ns,1,15-2,15.0,2000.0,14.0,176.0,False
A1WM3INNDW2776,ns,1,15-2,15.0,2000.0,15.0,4947.0,False
A1WM3INNDW2776,ns,1,15-2,15.0,2000.0,15.0,1119.0,False
A1WM3INNDW2776,ns,1,15-2,15.0,2000.0,3.0,2958.0,False
A1WM3INNDW2776,ns,1,15-2,15.0,2000.0,3.0,4838.0,False
A1WM3INNDW2776,ns,1,15-2,15.0,2000.0,14.0,0.0,True
A1WM3INNDW2776,ns,2,15-2,15.0,2000.0,3.0,5327.0,False
A1WM3INNDW2776,ns,2,15-2,15.0,2000.0,15.0,2883.0,False
A1WM3INNDW2776,ns,2,15-2,15.0,2000.0,1.0,4542.0,False
A1WM3INNDW2776,ns,2,15-2,15.0,2000.0,15.0,6281.0,False
A1WM3INNDW2776,ns,2,15-2,15.0,2000.0,13.0,0.0,True
A1WM3INNDW2776,ns,2,15-2,15.0,2000.0,2.0,2046.0,False
A1WM3INNDW2776,ns,3,15-2,15.0,2000.0,1.0,5266.0,False
A1WM3INNDW2776,ns,3,15-2,15.0,2000.0,1.0,7673.0,False
A1WM3INNDW2776,ns,3,15-2,15.0,2000.0,1.0,7625.0,False
A1WM3INNDW2776,ns,3,15-2,15.0,2000.0,1.0,7032.0,False
A1WM3INNDW2776,ns,3,15-2,15.0,2000.0,2.0,8251.0,False
A1WM3INNDW2776,ns,3,15-2,15.0,2000.0,1.0,2719.0,False
A1WM3INNDW2776,ns,3,15-2,15.0,2000.0,2.0,2704.0,False
A1WM3INNDW2776,ns,3,15-2,15.0,2000.0,15.0,3438.0,False
A1WM3INNDW2776,ns,3,15-2,15.0,2000.0,1.0,2657.0,False
A1WM3INNDW2776,ns,3,15-2,15.0,2000.0,15.0,0.0,True
A1WM3INNDW2776,ns,3,15-2,15.0,2000.0,1.0,2110.0,False
A1WM3INNDW2776,ns,4,15-2,15.0,2000.0,2.0,1042.0,False
A1WM3INNDW2776,ns,4,15-2,15.0,2000.0,15.0,2937.0,False
A1WM3INNDW2776,ns,4,15-2,15.0,2000.0,15.0,6040.0,False
A1WM3INNDW2776,ns,4,15-2,15.0,2000.0,15.0,791.0,False
A1WM3INNDW2776,ns,4,15-2,15.0,2000.0,15.0,3307.0,False
A1WM3INNDW2776,ns,4,15-2,15.0,2000.0,15.0,0.0,True
A1WM3INNDW2776,ns,4,15-2,15.0,2000.0,15.0,2371.0,False
A1WM3INNDW2776,ns,4,15-2,15.0,2000.0,15.0,5767.0,False
A1WM3INNDW2776,ns,4,15-2,15.0,2000.0,12.0,4041.0,False
A1WM3INNDW2776,ns,4,15-2,15.0,2000.0,14.0,2022.0,False
A1WM3INNDW2776,ns,4,15-2,15.0,2000.0,14.0,2149.0,False
A1WM3INNDW2776,ns,4,15-2,15.0,2000.0,15.0,5473.0,False
A1WPGNK8Y65BV3,ns,1,10-2,10.0,2000.0,1.0,0.0,True
A1WPGNK8Y65BV3,ns,1,10-2,10.0,2000.0,10.0,2551.7999999523163,False
A1WPGNK8Y65BV3,ns,1,10-2,10.0,2000.0,10.0,1502.8999998569489,False
A1WPGNK8Y65BV3,ns,1,10-2,10.0,2000.0,8.0,3361.2999999523163,False
A1WPGNK8Y65BV3,ns,1,10-2,10.0,2000.0,10.0,1866.6999998092656,False
A1WPGNK8Y65BV3,ns,1,10-2,10.0,2000.0,10.0,4649.200000047684,False
A1WPGNK8Y65BV3,ns,1,10-2,10.0,2000.0,1.0,291.7999999523165,False
A1WPGNK8Y65BV3,ns,1,10-2,10.0,2000.0,1.0,432.89999985694885,False
A1WPGNK8Y65BV3,ns,1,10-2,10.0,2000.0,1.0,563.0999999046326,False
A1WPGNK8Y65BV3,ns,1,10-2,10.0,2000.0,1.0,646.2999999523167,False
A1WPGNK8Y65BV3,ns,1,10-2,10.0,2000.0,1.0,1373.3999998569489,False
A1WPGNK8Y65BV3,ns,1,10-2,10.0,2000.0,10.0,325.59999990463257,False
A1WPGNK8Y65BV3,ns,2,10-2,10.0,2000.0,1.0,1328.69999998808,False
A1WPGNK8Y65BV3,ns,2,10-2,10.0,2000.0,1.0,615.2000000178814,False
A1WPGNK8Y65BV3,ns,2,10-2,10.0,2000.0,1.0,0.0,True
A1WPGNK8Y65BV3,ns,2,10-2,10.0,2000.0,6.0,4579.299999982119,False
A1WPGNK8Y65BV3,ns,2,10-2,10.0,2000.0,10.0,2948.69999998808,False
A1WPGNK8Y65BV3,ns,2,10-2,10.0,2000.0,10.0,681.69999998808,False
A1WPGNK8Y65BV3,ns,2,10-2,10.0,2000.0,10.0,526.0999999940395,False
A1WPGNK8Y65BV3,ns,2,10-2,10.0,2000.0,10.0,1706.5999999940395,False
A1WPGNK8Y65BV3,ns,2,10-2,10.0,2000.0,10.0,6100.199999988079,False
A1WPGNK8Y65BV3,ns,2,10-2,10.0,2000.0,10.0,3988.999999999999,False
A1WPGNK8Y65BV3,ns,2,10-2,10.0,2000.0,10.0,1355.19999998808,False
A1WPGNK8Y65BV3,ns,2,10-2,10.0,2000.0,10.0,2871.9000000059605,False
A1WPGNK8Y65BV3,ns,3,10-2,10.0,2000.0,8.0,0.0,True
A1WPGNK8Y65BV3,ns,3,10-2,10.0,2000.0,10.0,5584.8999999165535,False
A1WPGNK8Y65BV3,ns,3,10-2,10.0,2000.0,10.0,1058.8999999761581,False
A1WPGNK8Y65BV3,ns,3,10-2,10.0,2000.0,10.0,2222.9999999403954,False
A1WPGNK8Y65BV3,ns,3,10-2,10.0,2000.0,9.0,1323.3999999761581,False
A1WPGNK8Y65BV3,ns,3,10-2,10.0,2000.0,10.0,1502.199999988079,False
A1WPGNK8Y65BV3,ns,3,10-2,10.0,2000.0,10.0,5148.699999988079,False
A1WPGNK8Y65BV3,ns,3,10-2,10.0,2000.0,10.0,3688.1999999284744,False
A1WPGNK8Y65BV3,ns,3,10-2,10.0,2000.0,10.0,2340.099999964237,False
A1WPGNK8Y65BV3,ns,3,10-2,10.0,2000.0,10.0,3133.599999964237,False
A1WPGNK8Y65BV3,ns,3,10-2,10.0,2000.0,10.0,2071.3999999165535,False
A1WPGNK8Y65BV3,ns,3,10-2,10.0,2000.0,10.0,2618.5,False
A1WPGNK8Y65BV3,ns,4,10-2,10.0,2000.0,9.0,1209.2000000029802,False
A1WPGNK8Y65BV3,ns,4,10-2,10.0,2000.0,10.0,2823.300000000745,False
A1WPGNK8Y65BV3,ns,4,10-2,10.0,2000.0,1.0,158.90000000223517,False
A1WPGNK8Y65BV3,ns,4,10-2,10.0,2000.0,1.0,902.0999999977648,False
A1WPGNK8Y65BV3,ns,4,10-2,10.0,2000.0,10.0,1709.9000000022352,False
A1WPGNK8Y65BV3,ns,4,10-2,10.0,2000.0,5.0,758.6999999992549,False
A1WPGNK8Y65BV3,ns,4,10-2,10.0,2000.0,1.0,1456.5,False
A1WPGNK8Y65BV3,ns,4,10-2,10.0,2000.0,10.0,0.0,True
A1WPGNK8Y65BV3,ns,4,10-2,10.0,2000.0,1.0,561.3000000007451,False
A1WPGNK8Y65BV3,ns,4,10-2,10.0,2000.0,2.0,469.5999999977648,False
A1WPGNK8Y65BV3,ns,4,10-2,10.0,2000.0,1.0,612.2000000029798,False
A1WT2CM71Z9MP3,prim,1,20-2,20.0,2000.0,4.0,1530.0,False
A1WT2CM71Z9MP3,prim,1,20-2,20.0,2000.0,1.0,7816.0,False
A1WT2CM71Z9MP3,prim,1,20-2,20.0,2000.0,20.0,0.0,True
A1WT2CM71Z9MP3,prim,1,20-2,20.0,2000.0,20.0,3389.0,False
A1WT2CM71Z9MP3,prim,1,20-2,20.0,2000.0,19.0,3276.0,False
A1WT2CM71Z9MP3,prim,1,20-2,20.0,2000.0,1.0,2561.0,False
A1WT2CM71Z9MP3,prim,1,20-2,20.0,2000.0,20.0,8875.0,False
A1WT2CM71Z9MP3,prim,1,20-2,20.0,2000.0,1.0,3148.0,False
A1WT2CM71Z9MP3,prim,1,20-2,20.0,2000.0,10.0,4117.0,False
A1WT2CM71Z9MP3,prim,1,20-2,20.0,2000.0,16.0,2993.0,False
A1WT2CM71Z9MP3,prim,1,20-2,20.0,2000.0,1.0,435.0,False
A1WT2CM71Z9MP3,prim,2,20-2,20.0,2000.0,8.0,0.0,True
A1WT2CM71Z9MP3,prim,2,20-2,20.0,2000.0,1.0,5612.0,False
A1WT2CM71Z9MP3,prim,2,20-2,20.0,2000.0,20.0,1278.0,False
A1WT2CM71Z9MP3,prim,2,20-2,20.0,2000.0,1.0,5442.0,False
A1WT2CM71Z9MP3,prim,2,20-2,20.0,2000.0,20.0,5244.0,False
A1WT2CM71Z9MP3,prim,2,20-2,20.0,2000.0,1.0,11013.0,False
A1WT2CM71Z9MP3,prim,2,20-2,20.0,2000.0,20.0,3418.0,False
A1WT2CM71Z9MP3,prim,2,20-2,20.0,2000.0,1.0,4222.0,False
A1WT2CM71Z9MP3,prim,2,20-2,20.0,2000.0,19.0,3262.0,False
A1WT2CM71Z9MP3,prim,3,20-2,20.0,2000.0,1.0,0.0,True
A1WT2CM71Z9MP3,prim,3,20-2,20.0,2000.0,1.0,9561.0,False
A1WT2CM71Z9MP3,prim,3,20-2,20.0,2000.0,1.0,9942.0,False
A1WT2CM71Z9MP3,prim,3,20-2,20.0,2000.0,6.0,6757.0,False
A1WT2CM71Z9MP3,prim,3,20-2,20.0,2000.0,1.0,15798.0,False
A1WT2CM71Z9MP3,prim,3,20-2,20.0,2000.0,1.0,7504.0,False
A1WT2CM71Z9MP3,prim,3,20-2,20.0,2000.0,1.0,12009.0,False
A1WT2CM71Z9MP3,prim,3,20-2,20.0,2000.0,1.0,7562.0,False
A1WT2CM71Z9MP3,prim,3,20-2,20.0,2000.0,1.0,5484.0,False
A1WT2CM71Z9MP3,prim,3,20-2,20.0,2000.0,1.0,10634.0,False
A1WT2CM71Z9MP3,prim,3,20-2,20.0,2000.0,1.0,10534.0,False
A1WT2CM71Z9MP3,prim,4,20-2,20.0,2000.0,1.0,13.0,False
A1WT2CM71Z9MP3,prim,4,20-2,20.0,2000.0,1.0,0.0,True
A1WT2CM71Z9MP3,prim,4,20-2,20.0,2000.0,1.0,4049.0,False
A1WT2CM71Z9MP3,prim,4,20-2,20.0,2000.0,1.0,3554.0,False
A1X4T3QSIE8YYX,prim,1,30-1,30.0,1000.0,3.0,0.0,True
A1X4T3QSIE8YYX,prim,1,30-1,30.0,1000.0,2.0,5369.0,False
A1X4T3QSIE8YYX,prim,1,30-1,30.0,1000.0,5.0,9215.0,False
A1X4T3QSIE8YYX,prim,1,30-1,30.0,1000.0,1.0,1536.0,False
A1X4T3QSIE8YYX,prim,1,30-1,30.0,1000.0,2.0,5469.0,False
A1X4T3QSIE8YYX,prim,1,30-1,30.0,1000.0,1.0,11868.0,False
A1X4T3QSIE8YYX,prim,1,30-1,30.0,1000.0,1.0,4659.0,False
A1X4T3QSIE8YYX,prim,1,30-1,30.0,1000.0,1.0,10724.0,False
A1X4T3QSIE8YYX,prim,1,30-1,30.0,1000.0,1.0,2777.0,False
A1X4T3QSIE8YYX,prim,1,30-1,30.0,1000.0,1.0,3059.0,False
A1X4T3QSIE8YYX,prim,1,30-1,30.0,1000.0,1.0,1844.0,False
A1X4T3QSIE8YYX,prim,1,30-1,30.0,1000.0,1.0,2244.0,False
A1X4T3QSIE8YYX,prim,2,30-1,30.0,1000.0,1.0,0.0,True
A1X4T3QSIE8YYX,prim,2,30-1,30.0,1000.0,2.0,8716.0,False
A1X4T3QSIE8YYX,prim,2,30-1,30.0,1000.0,1.0,10728.0,False
A1X4T3QSIE8YYX,prim,2,30-1,30.0,1000.0,2.0,12940.0,False
A1X4T3QSIE8YYX,prim,2,30-1,30.0,1000.0,1.0,2743.0,False
A1X4T3QSIE8YYX,prim,2,30-1,30.0,1000.0,4.0,5906.0,False
A1X4T3QSIE8YYX,prim,2,30-1,30.0,1000.0,2.0,15352.0,False
A1X4T3QSIE8YYX,prim,2,30-1,30.0,1000.0,1.0,3757.0,False
A1X4T3QSIE8YYX,prim,2,30-1,30.0,1000.0,1.0,4790.0,False
A1X4T3QSIE8YYX,prim,2,30-1,30.0,1000.0,3.0,5932.0,False
A1X4T3QSIE8YYX,prim,2,30-1,30.0,1000.0,1.0,9362.0,False
A1X4T3QSIE8YYX,prim,2,30-1,30.0,1000.0,1.0,5252.0,False
A1XMGLCK09Z0DW,ns,1,10-2,10.0,2000.0,1.0,1898.0,False
A1XMGLCK09Z0DW,ns,1,10-2,10.0,2000.0,8.0,13613.0,False
A1XMGLCK09Z0DW,ns,1,10-2,10.0,2000.0,10.0,2245.0,False
A1XMGLCK09Z0DW,ns,1,10-2,10.0,2000.0,7.0,17164.0,False
A1XMGLCK09Z0DW,ns,1,10-2,10.0,2000.0,1.0,10869.0,False
A1XMGLCK09Z0DW,ns,1,10-2,10.0,2000.0,1.0,3406.0,False
A1XMGLCK09Z0DW,ns,1,10-2,10.0,2000.0,1.0,56076.0,False
A1XMGLCK09Z0DW,ns,1,10-2,10.0,2000.0,1.0,0.0,True
A1XMGLCK09Z0DW,ns,2,10-2,10.0,2000.0,1.0,10549.0,False
A1XMGLCK09Z0DW,ns,2,10-2,10.0,2000.0,6.0,248.0,False
A1XMGLCK09Z0DW,ns,2,10-2,10.0,2000.0,1.0,0.0,True
A1XMGLCK09Z0DW,ns,2,10-2,10.0,2000.0,9.0,14138.0,False
A1XMGLCK09Z0DW,ns,2,10-2,10.0,2000.0,3.0,7624.0,False
A1XMGLCK09Z0DW,ns,2,10-2,10.0,2000.0,5.0,6170.0,False
A1XMGLCK09Z0DW,ns,2,10-2,10.0,2000.0,4.0,1883.0,False
A1XMGLCK09Z0DW,ns,3,10-2,10.0,2000.0,1.0,0.0,True
A1XMGLCK09Z0DW,ns,3,10-2,10.0,2000.0,1.0,10349.0,False
A1XMGLCK09Z0DW,ns,3,10-2,10.0,2000.0,9.0,3597.0,False
A1XMGLCK09Z0DW,ns,3,10-2,10.0,2000.0,6.0,7357.0,False
A1XMGLCK09Z0DW,ns,3,10-2,10.0,2000.0,7.0,9879.0,False
A1XMGLCK09Z0DW,ns,3,10-2,10.0,2000.0,3.0,3288.0,False
A1XMGLCK09Z0DW,ns,3,10-2,10.0,2000.0,1.0,1734.0,False
A1XMGLCK09Z0DW,ns,3,10-2,10.0,2000.0,5.0,1515.0,False
A1XMGLCK09Z0DW,ns,3,10-2,10.0,2000.0,8.0,6977.0,False
A1XMGLCK09Z0DW,ns,3,10-2,10.0,2000.0,4.0,5041.0,False
A1XMGLCK09Z0DW,ns,3,10-2,10.0,2000.0,6.0,813.0,False
A1XMGLCK09Z0DW,ns,4,10-2,10.0,2000.0,1.0,0.0,True
A1XMGLCK09Z0DW,ns,4,10-2,10.0,2000.0,4.0,7169.0,False
A1XMGLCK09Z0DW,ns,4,10-2,10.0,2000.0,1.0,6829.0,False
A1XMGLCK09Z0DW,ns,4,10-2,10.0,2000.0,5.0,15903.0,False
A1XMGLCK09Z0DW,ns,4,10-2,10.0,2000.0,3.0,11551.0,False
A1XMGLCK09Z0DW,ns,4,10-2,10.0,2000.0,7.0,26836.0,False
A1XMGLCK09Z0DW,ns,4,10-2,10.0,2000.0,7.0,5309.0,False
A1XMGLCK09Z0DW,ns,4,10-2,10.0,2000.0,10.0,20914.0,False
A1YA2FCN3KEK36,prim,1,10-2,10.0,2000.0,1.0,3765.699999988079,False
A1YA2FCN3KEK36,prim,1,10-2,10.0,2000.0,1.0,903.3000000119209,False
A1YA2FCN3KEK36,prim,1,10-2,10.0,2000.0,1.0,2005.199999988079,False
A1YA2FCN3KEK36,prim,1,10-2,10.0,2000.0,3.0,0.0,True
A1YA2FCN3KEK36,prim,1,10-2,10.0,2000.0,1.0,5245.399999976158,False
A1YA2FCN3KEK36,prim,1,10-2,10.0,2000.0,1.0,3795.899999976158,False
A1YA2FCN3KEK36,prim,1,10-2,10.0,2000.0,1.0,6571.599999964235,False
A1YA2FCN3KEK36,prim,1,10-2,10.0,2000.0,1.0,6032.5,False
A1YA2FCN3KEK36,prim,2,10-2,10.0,2000.0,1.0,0.0,True
A1YA2FCN3KEK36,prim,2,10-2,10.0,2000.0,1.0,7798.200000047684,False
A1YA2FCN3KEK36,prim,2,10-2,10.0,2000.0,1.0,2258.2000000476837,False
A1YA2FCN3KEK36,prim,2,10-2,10.0,2000.0,1.0,3340.3000000715256,False
A1YA2FCN3KEK36,prim,2,10-2,10.0,2000.0,1.0,2855.3000000715256,False
A1YA2FCN3KEK36,prim,2,10-2,10.0,2000.0,1.0,3974.1999999284744,False
A1YA2FCN3KEK36,prim,2,10-2,10.0,2000.0,1.0,8230.200000047684,False
A1YA2FCN3KEK36,prim,2,10-2,10.0,2000.0,1.0,6159.0,False
A1YA2FCN3KEK36,prim,2,10-2,10.0,2000.0,1.0,2865.2000000476837,False
A1YA2FCN3KEK36,prim,2,10-2,10.0,2000.0,1.0,9767.100000023842,False
A1YA2FCN3KEK36,prim,3,10-2,10.0,2000.0,3.0,8729.799999952316,False
A1YA2FCN3KEK36,prim,3,10-2,10.0,2000.0,1.0,7782.5,False
A1YA2FCN3KEK36,prim,3,10-2,10.0,2000.0,1.0,6530.299999952316,False
A1YA2FCN3KEK36,prim,3,10-2,10.0,2000.0,1.0,9684.299999952316,False
A1YA2FCN3KEK36,prim,3,10-2,10.0,2000.0,1.0,8831.100000023842,False
A1YA2FCN3KEK36,prim,3,10-2,10.0,2000.0,3.0,0.0,True
A1YA2FCN3KEK36,prim,3,10-2,10.0,2000.0,1.0,5075.5,False
A1YA2FCN3KEK36,prim,3,10-2,10.0,2000.0,1.0,6701.899999976158,False
A1YA2FCN3KEK36,prim,3,10-2,10.0,2000.0,1.0,12100.899999976158,False
A1YA2FCN3KEK36,prim,3,10-2,10.0,2000.0,3.0,9208.700000047684,False
A1YA2FCN3KEK36,prim,4,10-2,10.0,2000.0,1.0,0.0,True
A1YA2FCN3KEK36,prim,4,10-2,10.0,2000.0,1.0,13098.600000143053,False
A1YA2FCN3KEK36,prim,4,10-2,10.0,2000.0,1.0,11398.0,False
A1YA2FCN3KEK36,prim,4,10-2,10.0,2000.0,1.0,23471.099999904636,False
A1YA2FCN3KEK36,prim,4,10-2,10.0,2000.0,1.0,2718.599999904632,False
A1YA2FCN3KEK36,prim,4,10-2,10.0,2000.0,1.0,17399.0,False
A1YA2FCN3KEK36,prim,4,10-2,10.0,2000.0,1.0,8520.099999904633,False
A1YA2FCN3KEK36,prim,4,10-2,10.0,2000.0,1.0,7649.799999952316,False
A1YA2FCN3KEK36,prim,4,10-2,10.0,2000.0,1.0,8619.799999952316,False
A1YA2FCN3KEK36,prim,4,10-2,10.0,2000.0,1.0,22723.099999904636,False
A1YFL5HXPZ7MVV,ns,1,20-1,20.0,1000.0,1.0,0.0,True
A1YFL5HXPZ7MVV,ns,1,20-1,20.0,1000.0,3.0,3834.400000035761,False
A1YFL5HXPZ7MVV,ns,1,20-1,20.0,1000.0,19.0,12448.500000029802,False
A1YFL5HXPZ7MVV,ns,1,20-1,20.0,1000.0,20.0,2398.0000000298014,False
A1YFL5HXPZ7MVV,ns,1,20-1,20.0,1000.0,18.0,5102.200000017881,False
A1YFL5HXPZ7MVV,ns,1,20-1,20.0,1000.0,1.0,2280.2000000178805,False
A1YFL5HXPZ7MVV,ns,1,20-1,20.0,1000.0,1.0,6125.600000023842,False
A1YFL5HXPZ7MVV,ns,1,20-1,20.0,1000.0,19.0,2508.100000023842,False
A1YFL5HXPZ7MVV,ns,1,20-1,20.0,1000.0,20.0,4286.600000023842,False
A1YFL5HXPZ7MVV,ns,1,20-1,20.0,1000.0,3.0,20247.100000023842,False
A1YFL5HXPZ7MVV,ns,2,20-1,20.0,1000.0,1.0,2267.0999999046326,False
A1YFL5HXPZ7MVV,ns,2,20-1,20.0,1000.0,16.0,5733.5,False
A1YFL5HXPZ7MVV,ns,2,20-1,20.0,1000.0,17.0,266.2000000476837,False
A1YFL5HXPZ7MVV,ns,2,20-1,20.0,1000.0,15.0,1898.7999999523163,False
A1YFL5HXPZ7MVV,ns,2,20-1,20.0,1000.0,20.0,5340.399999856949,False
A1YFL5HXPZ7MVV,ns,2,20-1,20.0,1000.0,19.0,1868.7999999523163,False
A1YFL5HXPZ7MVV,ns,2,20-1,20.0,1000.0,20.0,380.4999997615814,False
A1YFL5HXPZ7MVV,ns,2,20-1,20.0,1000.0,20.0,0.0,True
A1YFL5HXPZ7MVV,ns,2,20-1,20.0,1000.0,20.0,8445.099999904633,False
A1YFL5HXPZ7MVV,ns,2,20-1,20.0,1000.0,20.0,625.7999999523163,False
A1YFL5HXPZ7MVV,ns,3,20-1,20.0,1000.0,3.0,1852.7999999523158,False
A1YFL5HXPZ7MVV,ns,3,20-1,20.0,1000.0,15.0,745.8000001907344,False
A1YFL5HXPZ7MVV,ns,3,20-1,20.0,1000.0,20.0,758.7999999523158,False
A1YFL5HXPZ7MVV,ns,3,20-1,20.0,1000.0,19.0,1774.0000002384181,False
A1YFL5HXPZ7MVV,ns,3,20-1,20.0,1000.0,15.0,0.0,True
A1YFL5HXPZ7MVV,ns,3,20-1,20.0,1000.0,15.0,1664.400000095367,False
A1YFL5HXPZ7MVV,ns,3,20-1,20.0,1000.0,15.0,968.7000000476833,False
A1YFL5HXPZ7MVV,ns,3,20-1,20.0,1000.0,17.0,340.2000000476828,False
A1YFL5HXPZ7MVV,ns,3,20-1,20.0,1000.0,16.0,2681.9999999999995,False
A1YFL5HXPZ7MVV,ns,3,20-1,20.0,1000.0,19.0,1510.900000095367,False
A1YFL5HXPZ7MVV,ns,4,20-1,20.0,1000.0,20.0,2837.4000000953674,False
A1YFL5HXPZ7MVV,ns,4,20-1,20.0,1000.0,13.0,11588.099999904633,False
A1YFL5HXPZ7MVV,ns,4,20-1,20.0,1000.0,17.0,0.0,True
A1YFL5HXPZ7MVV,ns,4,20-1,20.0,1000.0,16.0,2658.7000002861023,False
A1YFL5HXPZ7MVV,ns,4,20-1,20.0,1000.0,20.0,1234.7999997138977,False
A1YFL5HXPZ7MVV,ns,4,20-1,20.0,1000.0,19.0,7926.200000286102,False
A1YFL5HXPZ7MVV,ns,4,20-1,20.0,1000.0,20.0,2702.0999999046326,False
A1YFL5HXPZ7MVV,ns,4,20-1,20.0,1000.0,18.0,830.8000001907349,False
A1YFL5HXPZ7MVV,ns,4,20-1,20.0,1000.0,19.0,585.1000003814697,False
A1Z82Y9E6YWY80,ns,1,15-2,15.0,2000.0,2.0,0.0,True
A1Z82Y9E6YWY80,ns,1,15-2,15.0,2000.0,1.0,37.39999985694885,False
A1Z82Y9E6YWY80,ns,1,15-2,15.0,2000.0,5.0,4030.100000143053,False
A1Z82Y9E6YWY80,ns,1,15-2,15.0,2000.0,15.0,482.0,False
A1Z82Y9E6YWY80,ns,1,15-2,15.0,2000.0,1.0,688.2999999523163,False
A1Z82Y9E6YWY80,ns,1,15-2,15.0,2000.0,3.0,1220.6999998092651,False
A1Z82Y9E6YWY80,ns,2,15-2,15.0,2000.0,2.0,6000.100000143051,False
A1Z82Y9E6YWY80,ns,2,15-2,15.0,2000.0,1.0,656.8000001907349,False
A1Z82Y9E6YWY80,ns,2,15-2,15.0,2000.0,15.0,4435.600000143051,False
A1Z82Y9E6YWY80,ns,2,15-2,15.0,2000.0,15.0,0.0,True
A1Z82Y9E6YWY80,ns,2,15-2,15.0,2000.0,15.0,62.60000014305115,False
A1Z82Y9E6YWY80,ns,2,15-2,15.0,2000.0,15.0,5251.600000143051,False
A1Z82Y9E6YWY80,ns,3,15-2,15.0,2000.0,15.0,15990.199999809265,False
A1Z82Y9E6YWY80,ns,3,15-2,15.0,2000.0,15.0,6123.500000000002,False
A1Z82Y9E6YWY80,ns,3,15-2,15.0,2000.0,15.0,2168.800000190735,False
A1Z82Y9E6YWY80,ns,3,15-2,15.0,2000.0,15.0,24029.999999523163,False
A1Z82Y9E6YWY80,ns,3,15-2,15.0,2000.0,14.0,2275.8999996185303,False
A1Z82Y9E6YWY80,ns,3,15-2,15.0,2000.0,1.0,6696.199999809265,False
A1Z82Y9E6YWY80,ns,3,15-2,15.0,2000.0,1.0,10692.400000095367,False
A1Z82Y9E6YWY80,ns,3,15-2,15.0,2000.0,15.0,0.0,True
A1Z82Y9E6YWY80,ns,3,15-2,15.0,2000.0,15.0,14496.199999809265,False
A1Z82Y9E6YWY80,ns,4,15-2,15.0,2000.0,15.0,4021.000000476837,False
A1Z82Y9E6YWY80,ns,4,15-2,15.0,2000.0,15.0,0.0,True
A1Z82Y9E6YWY80,ns,4,15-2,15.0,2000.0,13.0,16082.900000095375,False
A1Z82Y9E6YWY80,ns,4,15-2,15.0,2000.0,11.0,24780.900000572205,False
A1Z82Y9E6YWY80,ns,4,15-2,15.0,2000.0,14.0,13476.0,False
A1Z82Y9E6YWY80,ns,4,15-2,15.0,2000.0,10.0,5637.300000190735,False
A1ZLLYRW6GIVC7,rec,1,40-1,40.0,1000.0,40.0,100.19999998808044,False
A1ZLLYRW6GIVC7,rec,1,40-1,40.0,1000.0,39.0,2481.900000005961,False
A1ZLLYRW6GIVC7,rec,1,40-1,40.0,1000.0,39.0,4040.59999999404,False
A1ZLLYRW6GIVC7,rec,1,40-1,40.0,1000.0,36.0,0.0,True
A1ZLLYRW6GIVC7,rec,1,40-1,40.0,1000.0,38.0,1260.400000005961,False
A1ZLLYRW6GIVC7,rec,1,40-1,40.0,1000.0,36.0,2782.6999999880795,False
A1ZLLYRW6GIVC7,rec,1,40-1,40.0,1000.0,40.0,1445.1999999880795,False
A1ZLLYRW6GIVC7,rec,1,40-1,40.0,1000.0,39.0,1534.6999999880795,False
A1ZLLYRW6GIVC7,rec,1,40-1,40.0,1000.0,38.0,616.0999999940404,False
A1ZLLYRW6GIVC7,rec,1,40-1,40.0,1000.0,38.0,2339.79999999702,False
A1ZLLYRW6GIVC7,rec,1,40-1,40.0,1000.0,39.0,1647.7999999970202,False
A1ZLLYRW6GIVC7,rec,2,40-1,40.0,1000.0,40.0,32.30000001192093,False
A1ZLLYRW6GIVC7,rec,2,40-1,40.0,1000.0,36.0,1562.300000011921,False
A1ZLLYRW6GIVC7,rec,2,40-1,40.0,1000.0,40.0,1776.300000011921,False
A1ZLLYRW6GIVC7,rec,2,40-1,40.0,1000.0,39.0,2839.800000011921,False
A1ZLLYRW6GIVC7,rec,2,40-1,40.0,1000.0,40.0,964.3999999761581,False
A1ZLLYRW6GIVC7,rec,2,40-1,40.0,1000.0,38.0,3445.7000000476837,False
A1ZLLYRW6GIVC7,rec,2,40-1,40.0,1000.0,38.0,1090.699999988079,False
A1ZLLYRW6GIVC7,rec,2,40-1,40.0,1000.0,40.0,1480.800000011921,False
A1ZLLYRW6GIVC7,rec,2,40-1,40.0,1000.0,40.0,902.3000000119209,False
A1ZLLYRW6GIVC7,rec,2,40-1,40.0,1000.0,40.0,832.3000000119209,False
A1ZLLYRW6GIVC7,rec,2,40-1,40.0,1000.0,37.0,0.0,True
A1ZLLYRW6GIVC7,rec,2,40-1,40.0,1000.0,40.0,873.7000000476842,False
A1ZLLYRW6GIVC7,rec,3,40-1,40.0,1000.0,40.0,234.90000000596046,False
A1ZLLYRW6GIVC7,rec,3,40-1,40.0,1000.0,1.0,924.2999999970193,False
A1ZLLYRW6GIVC7,rec,3,40-1,40.0,1000.0,36.0,2150.0999999940395,False
A1ZLLYRW6GIVC7,rec,3,40-1,40.0,1000.0,36.0,3804.9000000059605,False
A1ZLLYRW6GIVC7,rec,3,40-1,40.0,1000.0,22.0,1422.0000000000005,False
A1ZLLYRW6GIVC7,rec,3,40-1,40.0,1000.0,37.0,1809.0000000000005,False
A1ZLLYRW6GIVC7,rec,3,40-1,40.0,1000.0,38.0,1631.7999999970193,False
A1ZLLYRW6GIVC7,rec,3,40-1,40.0,1000.0,40.0,4955.0999999940395,False
A1ZLLYRW6GIVC7,rec,3,40-1,40.0,1000.0,22.0,1039.0,False
A1ZLLYRW6GIVC7,rec,3,40-1,40.0,1000.0,35.0,821.7999999970193,False
A1ZLLYRW6GIVC7,rec,3,40-1,40.0,1000.0,37.0,2149.0999999940395,False
A1ZLLYRW6GIVC7,rec,3,40-1,40.0,1000.0,38.0,0.0,True
A1ZLLYRW6GIVC7,rec,4,40-1,40.0,1000.0,40.0,0.0,True
A1ZLLYRW6GIVC7,rec,4,40-1,40.0,1000.0,40.0,802.6999999999539,False
A1ZLLYRW6GIVC7,rec,4,40-1,40.0,1000.0,40.0,1052.8999999999073,False
A1ZLLYRW6GIVC7,rec,4,40-1,40.0,1000.0,39.0,737.6999999999539,False
A1ZLLYRW6GIVC7,rec,4,40-1,40.0,1000.0,2.0,1357.7000000001872,False
A1ZLLYRW6GIVC7,rec,4,40-1,40.0,1000.0,28.0,283.300000000047,False
A1ZLLYRW6GIVC7,rec,4,40-1,40.0,1000.0,38.0,734.3999999996745,False
A1ZLLYRW6GIVC7,rec,4,40-1,40.0,1000.0,37.0,1107.1000000003264,False
A1ZLLYRW6GIVC7,rec,4,40-1,40.0,1000.0,38.0,1489.800000000047,False
A1ZLLYRW6GIVC7,rec,4,40-1,40.0,1000.0,38.0,376.70000000041955,False
A20GD3EBBTBYY2,rec,1,10-2,10.0,2000.0,2.0,3639.0,False
A20GD3EBBTBYY2,rec,1,10-2,10.0,2000.0,1.0,10918.0,False
A20GD3EBBTBYY2,rec,1,10-2,10.0,2000.0,10.0,1124.0,False
A20GD3EBBTBYY2,rec,1,10-2,10.0,2000.0,1.0,10388.0,False
A20GD3EBBTBYY2,rec,1,10-2,10.0,2000.0,1.0,5044.0,False
A20GD3EBBTBYY2,rec,1,10-2,10.0,2000.0,10.0,1517.0,False
A20GD3EBBTBYY2,rec,1,10-2,10.0,2000.0,1.0,0.0,True
A20GD3EBBTBYY2,rec,1,10-2,10.0,2000.0,1.0,1963.0,False
A20GD3EBBTBYY2,rec,1,10-2,10.0,2000.0,10.0,1111.0,False
A20GD3EBBTBYY2,rec,2,10-2,10.0,2000.0,3.0,0.0,True
A20GD3EBBTBYY2,rec,2,10-2,10.0,2000.0,10.0,5483.0,False
A20GD3EBBTBYY2,rec,2,10-2,10.0,2000.0,9.0,3608.0,False
A20GD3EBBTBYY2,rec,2,10-2,10.0,2000.0,9.0,1967.0,False
A20GD3EBBTBYY2,rec,2,10-2,10.0,2000.0,9.0,2968.0,False
A20GD3EBBTBYY2,rec,2,10-2,10.0,2000.0,9.0,2683.0,False
A20GD3EBBTBYY2,rec,2,10-2,10.0,2000.0,10.0,5134.0,False
A20GD3EBBTBYY2,rec,2,10-2,10.0,2000.0,9.0,4283.0,False
A20GD3EBBTBYY2,rec,2,10-2,10.0,2000.0,10.0,4697.0,False
A20GD3EBBTBYY2,rec,2,10-2,10.0,2000.0,10.0,5699.0,False
A20GD3EBBTBYY2,rec,3,10-2,10.0,2000.0,1.0,5542.0,False
A20GD3EBBTBYY2,rec,3,10-2,10.0,2000.0,10.0,2901.0,False
A20GD3EBBTBYY2,rec,3,10-2,10.0,2000.0,8.0,1869.0,False
A20GD3EBBTBYY2,rec,3,10-2,10.0,2000.0,10.0,4861.0,False
A20GD3EBBTBYY2,rec,3,10-2,10.0,2000.0,10.0,3665.0,False
A20GD3EBBTBYY2,rec,3,10-2,10.0,2000.0,10.0,5342.0,False
A20GD3EBBTBYY2,rec,3,10-2,10.0,2000.0,10.0,4148.0,False
A20GD3EBBTBYY2,rec,3,10-2,10.0,2000.0,10.0,0.0,True
A20GD3EBBTBYY2,rec,3,10-2,10.0,2000.0,10.0,5490.0,False
A20GD3EBBTBYY2,rec,4,10-2,10.0,2000.0,10.0,0.0,True
A20GD3EBBTBYY2,rec,4,10-2,10.0,2000.0,9.0,3489.0,False
A20GD3EBBTBYY2,rec,4,10-2,10.0,2000.0,10.0,2919.0,False
A20GD3EBBTBYY2,rec,4,10-2,10.0,2000.0,10.0,9903.0,False
A20GD3EBBTBYY2,rec,4,10-2,10.0,2000.0,10.0,3158.0,False
A20GD3EBBTBYY2,rec,4,10-2,10.0,2000.0,10.0,4700.0,False
A20GD3EBBTBYY2,rec,4,10-2,10.0,2000.0,10.0,5303.0,False
A20GD3EBBTBYY2,rec,4,10-2,10.0,2000.0,10.0,4445.0,False
A20GD3EBBTBYY2,rec,4,10-2,10.0,2000.0,10.0,4035.0,False
A20GD3EBBTBYY2,rec,4,10-2,10.0,2000.0,8.0,3221.0,False
A20GJP9C5KC2ZU,ns,1,40-1,40.0,1000.0,1.0,0.0,True
A20GJP9C5KC2ZU,ns,1,40-1,40.0,1000.0,40.0,7704.700000286104,False
A20GJP9C5KC2ZU,ns,1,40-1,40.0,1000.0,2.0,8589.59999990463,False
A20GJP9C5KC2ZU,ns,1,40-1,40.0,1000.0,2.0,5074.900000095367,False
A20GJP9C5KC2ZU,ns,1,40-1,40.0,1000.0,30.0,9222.10000038147,False
A20GJP9C5KC2ZU,ns,1,40-1,40.0,1000.0,39.0,7009.199999809265,False
A20GJP9C5KC2ZU,ns,1,40-1,40.0,1000.0,39.0,16561.599999904633,False
A20GJP9C5KC2ZU,ns,1,40-1,40.0,1000.0,5.0,4982.800000190735,False
A20GJP9C5KC2ZU,ns,1,40-1,40.0,1000.0,2.0,5434.10000038147,False
A20GJP9C5KC2ZU,ns,2,40-1,40.0,1000.0,3.0,12882.400000095377,False
A20GJP9C5KC2ZU,ns,2,40-1,40.0,1000.0,1.0,997.9000000953693,False
A20GJP9C5KC2ZU,ns,2,40-1,40.0,1000.0,5.0,7844.199999809267,False
A20GJP9C5KC2ZU,ns,2,40-1,40.0,1000.0,28.0,3529.1000003814734,False
A20GJP9C5KC2ZU,ns,2,40-1,40.0,1000.0,1.0,0.0,True
A20GJP9C5KC2ZU,ns,2,40-1,40.0,1000.0,3.0,14534.400000095377,False
A20GJP9C5KC2ZU,ns,2,40-1,40.0,1000.0,1.0,3487.500000476839,False
A20GJP9C5KC2ZU,ns,2,40-1,40.0,1000.0,2.0,5657.900000095369,False
A20YXCVKHSTSPC,prim,1,20-2,20.0,2000.0,1.0,2650.0,False
A20YXCVKHSTSPC,prim,1,20-2,20.0,2000.0,1.0,2643.0,False
A20YXCVKHSTSPC,prim,1,20-2,20.0,2000.0,1.0,3516.0,False
A20YXCVKHSTSPC,prim,1,20-2,20.0,2000.0,1.0,3245.0,False
A20YXCVKHSTSPC,prim,1,20-2,20.0,2000.0,7.0,3755.0,False
A20YXCVKHSTSPC,prim,1,20-2,20.0,2000.0,1.0,1250.0,False
A20YXCVKHSTSPC,prim,1,20-2,20.0,2000.0,1.0,2425.0,False
A20YXCVKHSTSPC,prim,1,20-2,20.0,2000.0,1.0,5907.0,False
A20YXCVKHSTSPC,prim,1,20-2,20.0,2000.0,1.0,1224.0,False
A20YXCVKHSTSPC,prim,1,20-2,20.0,2000.0,1.0,0.0,True
A20YXCVKHSTSPC,prim,1,20-2,20.0,2000.0,1.0,2230.0,False
A20YXCVKHSTSPC,prim,1,20-2,20.0,2000.0,1.0,944.0,False
A20YXCVKHSTSPC,prim,2,20-2,20.0,2000.0,13.0,506.0,False
A20YXCVKHSTSPC,prim,2,20-2,20.0,2000.0,1.0,1286.0,False
A20YXCVKHSTSPC,prim,2,20-2,20.0,2000.0,1.0,4284.0,False
A20YXCVKHSTSPC,prim,2,20-2,20.0,2000.0,1.0,0.0,True
A20YXCVKHSTSPC,prim,2,20-2,20.0,2000.0,1.0,5933.0,False
A20YXCVKHSTSPC,prim,2,20-2,20.0,2000.0,1.0,750.0,False
A20YXCVKHSTSPC,prim,2,20-2,20.0,2000.0,1.0,4077.0,False
A20YXCVKHSTSPC,prim,2,20-2,20.0,2000.0,1.0,2571.0,False
A20YXCVKHSTSPC,prim,2,20-2,20.0,2000.0,1.0,2780.0,False
A20YXCVKHSTSPC,prim,2,20-2,20.0,2000.0,1.0,1262.0,False
A20YXCVKHSTSPC,prim,2,20-2,20.0,2000.0,1.0,631.0,False
A20YXCVKHSTSPC,prim,2,20-2,20.0,2000.0,1.0,1184.0,False
A2113B699TVADG,prim,1,15-2,15.0,2000.0,1.0,0.0,True
A2113B699TVADG,prim,1,15-2,15.0,2000.0,1.0,3576.0,False
A2113B699TVADG,prim,1,15-2,15.0,2000.0,1.0,2736.0,False
A2113B699TVADG,prim,1,15-2,15.0,2000.0,2.0,16879.0,False
A2113B699TVADG,prim,1,15-2,15.0,2000.0,2.0,652.0,False
A2113B699TVADG,prim,1,15-2,15.0,2000.0,3.0,8084.0,False
A2113B699TVADG,prim,1,15-2,15.0,2000.0,1.0,4034.0,False
A2113B699TVADG,prim,1,15-2,15.0,2000.0,1.0,4095.0,False
A2113B699TVADG,prim,2,15-2,15.0,2000.0,1.0,185.0,False
A2113B699TVADG,prim,2,15-2,15.0,2000.0,1.0,4205.0,False
A2113B699TVADG,prim,2,15-2,15.0,2000.0,1.0,3138.0,False
A2113B699TVADG,prim,2,15-2,15.0,2000.0,1.0,5842.0,False
A2113B699TVADG,prim,2,15-2,15.0,2000.0,1.0,8261.0,False
A2113B699TVADG,prim,2,15-2,15.0,2000.0,1.0,0.0,True
A2113B699TVADG,prim,2,15-2,15.0,2000.0,2.0,3811.0,False
A2113B699TVADG,prim,2,15-2,15.0,2000.0,1.0,4042.0,False
A2113B699TVADG,prim,2,15-2,15.0,2000.0,1.0,8280.0,False
A2113B699TVADG,prim,2,15-2,15.0,2000.0,2.0,1029.0,False
A2113B699TVADG,prim,2,15-2,15.0,2000.0,1.0,1255.0,False
A2113B699TVADG,prim,2,15-2,15.0,2000.0,1.0,159.0,False
A2147HO7VBGJCU,prim,1,20-2,20.0,2000.0,1.0,8943.0,False
A2147HO7VBGJCU,prim,1,20-2,20.0,2000.0,1.0,2802.0,False
A2147HO7VBGJCU,prim,1,20-2,20.0,2000.0,2.0,91.0,False
A2147HO7VBGJCU,prim,1,20-2,20.0,2000.0,1.0,1804.0,False
A2147HO7VBGJCU,prim,1,20-2,20.0,2000.0,1.0,0.0,True
A2147HO7VBGJCU,prim,1,20-2,20.0,2000.0,1.0,3825.0,False
A2147HO7VBGJCU,prim,1,20-2,20.0,2000.0,5.0,28269.0,False
A2147HO7VBGJCU,prim,1,20-2,20.0,2000.0,1.0,4539.0,False
A2147HO7VBGJCU,prim,1,20-2,20.0,2000.0,1.0,1754.0,False
A2147HO7VBGJCU,prim,1,20-2,20.0,2000.0,2.0,4041.0,False
A2147HO7VBGJCU,prim,2,20-2,20.0,2000.0,1.0,1850.0,False
A2147HO7VBGJCU,prim,2,20-2,20.0,2000.0,3.0,2978.0,False
A2147HO7VBGJCU,prim,2,20-2,20.0,2000.0,2.0,4323.0,False
A2147HO7VBGJCU,prim,2,20-2,20.0,2000.0,1.0,0.0,True
A2147HO7VBGJCU,prim,2,20-2,20.0,2000.0,1.0,2826.0,False
A2147HO7VBGJCU,prim,2,20-2,20.0,2000.0,1.0,1191.0,False
A2147HO7VBGJCU,prim,2,20-2,20.0,2000.0,19.0,5708.0,False
A219SZBLCCCXN9,prim,1,15-2,15.0,2000.0,3.0,19813.5,False
A219SZBLCCCXN9,prim,1,15-2,15.0,2000.0,1.0,1842.8000001907349,False
A219SZBLCCCXN9,prim,1,15-2,15.0,2000.0,1.0,0.0,True
A219SZBLCCCXN9,prim,1,15-2,15.0,2000.0,3.0,1471.0,False
A219SZBLCCCXN9,prim,1,15-2,15.0,2000.0,1.0,0.09999990463256836,False
A219SZBLCCCXN9,prim,1,15-2,15.0,2000.0,1.0,1182.7999997138977,False
A219SZBLCCCXN9,prim,2,15-2,15.0,2000.0,1.0,1572.8000001907367,False
A219SZBLCCCXN9,prim,2,15-2,15.0,2000.0,1.0,0.0,True
A219SZBLCCCXN9,prim,2,15-2,15.0,2000.0,1.0,3558.5999994277972,False
A219SZBLCCCXN9,prim,2,15-2,15.0,2000.0,6.0,2354.000000000002,False
A219SZBLCCCXN9,prim,2,15-2,15.0,2000.0,3.0,5878.300000190737,False
A219SZBLCCCXN9,prim,2,15-2,15.0,2000.0,3.0,7635.000000953676,False
A219SZBLCCCXN9,prim,2,15-2,15.0,2000.0,1.0,9578.300000190737,False
A219SZBLCCCXN9,prim,2,15-2,15.0,2000.0,1.0,6601.900000572206,False
A219SZBLCCCXN9,prim,3,15-2,15.0,2000.0,1.0,0.0,True
A219SZBLCCCXN9,prim,3,15-2,15.0,2000.0,1.0,4748.700000017881,False
A219SZBLCCCXN9,prim,3,15-2,15.0,2000.0,1.0,7859.0000000298005,False
A219SZBLCCCXN9,prim,3,15-2,15.0,2000.0,2.0,4490.200000017881,False
A219SZBLCCCXN9,prim,3,15-2,15.0,2000.0,1.0,7124.800000041723,False
A219SZBLCCCXN9,prim,3,15-2,15.0,2000.0,1.0,12714.100000023842,False
A219SZBLCCCXN9,prim,3,15-2,15.0,2000.0,15.0,2580.600000023841,False
A219SZBLCCCXN9,prim,3,15-2,15.0,2000.0,15.0,3948.4000000059623,False
A219SZBLCCCXN9,prim,3,15-2,15.0,2000.0,1.0,583.4000000357628,False
A219SZBLCCCXN9,prim,3,15-2,15.0,2000.0,15.0,4575.700000017881,False
A219SZBLCCCXN9,prim,3,15-2,15.0,2000.0,15.0,919.0,False
A219SZBLCCCXN9,prim,4,15-2,15.0,2000.0,1.0,22403.500000000007,False
A219SZBLCCCXN9,prim,4,15-2,15.0,2000.0,3.0,30278.000000000007,False
A219SZBLCCCXN9,prim,4,15-2,15.0,2000.0,2.0,2637.500000119213,False
A219SZBLCCCXN9,prim,4,15-2,15.0,2000.0,11.0,0.0,True
A219SZBLCCCXN9,prim,4,15-2,15.0,2000.0,1.0,3995.600000143051,False
A219SZBLCCCXN9,prim,4,15-2,15.0,2000.0,1.0,4684.800000071522,False
A225J5T6WHO2MG,prim,1,30-1,30.0,1000.0,2.0,0.0,True
A225J5T6WHO2MG,prim,1,30-1,30.0,1000.0,20.0,3865.0,False
A225J5T6WHO2MG,prim,1,30-1,30.0,1000.0,1.0,7204.0,False
A225J5T6WHO2MG,prim,1,30-1,30.0,1000.0,3.0,8329.0,False
A225J5T6WHO2MG,prim,1,30-1,30.0,1000.0,1.0,1893.0,False
A225J5T6WHO2MG,prim,1,30-1,30.0,1000.0,4.0,8919.0,False
A225J5T6WHO2MG,prim,1,30-1,30.0,1000.0,1.0,9219.0,False
A225J5T6WHO2MG,prim,1,30-1,30.0,1000.0,1.0,12334.0,False
A225J5T6WHO2MG,prim,1,30-1,30.0,1000.0,1.0,16951.0,False
A225J5T6WHO2MG,prim,1,30-1,30.0,1000.0,1.0,7292.0,False
A225J5T6WHO2MG,prim,1,30-1,30.0,1000.0,2.0,2763.0,False
A225J5T6WHO2MG,prim,1,30-1,30.0,1000.0,3.0,17084.0,False
A225J5T6WHO2MG,prim,2,30-1,30.0,1000.0,1.0,2730.0,False
A225J5T6WHO2MG,prim,2,30-1,30.0,1000.0,28.0,1985.0,False
A225J5T6WHO2MG,prim,2,30-1,30.0,1000.0,1.0,0.0,True
A225J5T6WHO2MG,prim,2,30-1,30.0,1000.0,1.0,14070.0,False
A225J5T6WHO2MG,prim,2,30-1,30.0,1000.0,2.0,12984.0,False
A225J5T6WHO2MG,prim,2,30-1,30.0,1000.0,2.0,15994.0,False
A225J5T6WHO2MG,prim,2,30-1,30.0,1000.0,1.0,2475.0,False
A225J5T6WHO2MG,prim,2,30-1,30.0,1000.0,1.0,1893.0,False
A225J5T6WHO2MG,prim,2,30-1,30.0,1000.0,1.0,82.0,False
A225J5T6WHO2MG,prim,2,30-1,30.0,1000.0,1.0,313.0,False
A225J5T6WHO2MG,prim,2,30-1,30.0,1000.0,3.0,3199.0,False
A225J5T6WHO2MG,prim,3,30-1,30.0,1000.0,2.0,3605.0,False
A225J5T6WHO2MG,prim,3,30-1,30.0,1000.0,1.0,1228.0,False
A225J5T6WHO2MG,prim,3,30-1,30.0,1000.0,1.0,3571.0,False
A225J5T6WHO2MG,prim,3,30-1,30.0,1000.0,2.0,2415.0,False
A225J5T6WHO2MG,prim,3,30-1,30.0,1000.0,1.0,2518.0,False
A225J5T6WHO2MG,prim,3,30-1,30.0,1000.0,1.0,0.0,True
A225J5T6WHO2MG,prim,3,30-1,30.0,1000.0,1.0,1208.0,False
A225J5T6WHO2MG,prim,3,30-1,30.0,1000.0,1.0,5785.0,False
A225J5T6WHO2MG,prim,3,30-1,30.0,1000.0,2.0,4128.0,False
A225J5T6WHO2MG,prim,3,30-1,30.0,1000.0,2.0,14386.0,False
A225J5T6WHO2MG,prim,4,30-1,30.0,1000.0,1.0,1137.0,False
A225J5T6WHO2MG,prim,4,30-1,30.0,1000.0,1.0,3369.0,False
A225J5T6WHO2MG,prim,4,30-1,30.0,1000.0,1.0,5470.0,False
A225J5T6WHO2MG,prim,4,30-1,30.0,1000.0,1.0,1232.0,False
A225J5T6WHO2MG,prim,4,30-1,30.0,1000.0,5.0,1063.0,False
A225J5T6WHO2MG,prim,4,30-1,30.0,1000.0,4.0,8750.0,False
A225J5T6WHO2MG,prim,4,30-1,30.0,1000.0,2.0,4602.0,False
A225J5T6WHO2MG,prim,4,30-1,30.0,1000.0,1.0,833.0,False
A225J5T6WHO2MG,prim,4,30-1,30.0,1000.0,2.0,149.0,False
A225J5T6WHO2MG,prim,4,30-1,30.0,1000.0,2.0,2933.0,False
A225J5T6WHO2MG,prim,4,30-1,30.0,1000.0,1.0,0.0,True
A22GYYJXTS5KBH,ns,1,15-2,15.0,2000.0,1.0,0.0,True
A22GYYJXTS5KBH,ns,1,15-2,15.0,2000.0,2.0,2625.6999999955297,False
A22GYYJXTS5KBH,ns,1,15-2,15.0,2000.0,1.0,901.8999999985099,False
A22GYYJXTS5KBH,ns,1,15-2,15.0,2000.0,1.0,1850.3999999985099,False
A22GYYJXTS5KBH,ns,1,15-2,15.0,2000.0,15.0,789.3999999985099,False
A22GYYJXTS5KBH,ns,1,15-2,15.0,2000.0,1.0,2111.5,False
A22GYYJXTS5KBH,ns,1,15-2,15.0,2000.0,1.0,284.20000000298023,False
A22GYYJXTS5KBH,ns,1,15-2,15.0,2000.0,1.0,969.1999999955297,False
A22GYYJXTS5KBH,ns,1,15-2,15.0,2000.0,15.0,895.5,False
A22GYYJXTS5KBH,ns,1,15-2,15.0,2000.0,15.0,2644.39999999851,False
A22GYYJXTS5KBH,ns,2,15-2,15.0,2000.0,1.0,3261.400000035763,False
A22GYYJXTS5KBH,ns,2,15-2,15.0,2000.0,14.0,0.0,True
A22GYYJXTS5KBH,ns,2,15-2,15.0,2000.0,14.0,4258.600000023842,False
A22GYYJXTS5KBH,ns,2,15-2,15.0,2000.0,1.0,799.0999999642372,False
A22GYYJXTS5KBH,ns,2,15-2,15.0,2000.0,11.0,524.5999999642372,False
A22GYYJXTS5KBH,ns,2,15-2,15.0,2000.0,1.0,3315.5,False
A22GYYJXTS5KBH,ns,2,15-2,15.0,2000.0,15.0,445.5,False
A22GYYJXTS5KBH,ns,2,15-2,15.0,2000.0,1.0,643.8999999761581,False
A22GYYJXTS5KBH,ns,2,15-2,15.0,2000.0,1.0,2278.100000023842,False
A22GYYJXTS5KBH,ns,3,15-2,15.0,2000.0,1.0,352.20000000298023,False
A22GYYJXTS5KBH,ns,3,15-2,15.0,2000.0,1.0,3730.0,False
A22GYYJXTS5KBH,ns,3,15-2,15.0,2000.0,10.0,926.9000000059605,False
A22GYYJXTS5KBH,ns,3,15-2,15.0,2000.0,15.0,0.0,True
A22GYYJXTS5KBH,ns,3,15-2,15.0,2000.0,1.0,3763.0,False
A22GYYJXTS5KBH,ns,3,15-2,15.0,2000.0,1.0,4163.399999991059,False
A22GYYJXTS5KBH,ns,3,15-2,15.0,2000.0,15.0,2014.5999999940404,False
A22GYYJXTS5KBH,ns,3,15-2,15.0,2000.0,3.0,2134.5999999940404,False
A22GYYJXTS5KBH,ns,3,15-2,15.0,2000.0,1.0,132.29999999701977,False
A22UMPYYQBXT0F,rec,1,20-1,20.0,1000.0,20.0,0.0,True
A22UMPYYQBXT0F,rec,1,20-1,20.0,1000.0,20.0,723.4999999850988,False
A22UMPYYQBXT0F,rec,1,20-1,20.0,1000.0,20.0,1098.8999999910593,False
A22UMPYYQBXT0F,rec,1,20-1,20.0,1000.0,20.0,873.6999999880795,False
A22UMPYYQBXT0F,rec,1,20-1,20.0,1000.0,20.0,1597.8999999910593,False
A22UMPYYQBXT0F,rec,1,20-1,20.0,1000.0,20.0,955.3999999910593,False
A22UMPYYQBXT0F,rec,1,20-1,20.0,1000.0,20.0,835.8999999910593,False
A22UMPYYQBXT0F,rec,1,20-1,20.0,1000.0,20.0,2712.2999999970198,False
A22UMPYYQBXT0F,rec,1,20-1,20.0,1000.0,20.0,592.0999999940391,False
A22UMPYYQBXT0F,rec,1,20-1,20.0,1000.0,6.0,1550.8999999910593,False
A22UMPYYQBXT0F,rec,1,20-1,20.0,1000.0,1.0,927.2999999970198,False
A22UMPYYQBXT0F,rec,1,20-1,20.0,1000.0,1.0,2136.7999999970198,False
A22UMPYYQBXT0F,rec,2,20-1,20.0,1000.0,20.0,1212.0000000000005,False
A22UMPYYQBXT0F,rec,2,20-1,20.0,1000.0,20.0,1224.7999999523167,False
A22UMPYYQBXT0F,rec,2,20-1,20.0,1000.0,1.0,79.70000004768417,False
A22UMPYYQBXT0F,rec,2,20-1,20.0,1000.0,20.0,812.6000000238423,False
A22UMPYYQBXT0F,rec,2,20-1,20.0,1000.0,20.0,0.0,True
A22UMPYYQBXT0F,rec,2,20-1,20.0,1000.0,20.0,679.1000000238423,False
A22UMPYYQBXT0F,rec,2,20-1,20.0,1000.0,19.0,1360.0000000000005,False
A22UMPYYQBXT0F,rec,2,20-1,20.0,1000.0,20.0,23.30000007152603,False
A22UMPYYQBXT0F,rec,2,20-1,20.0,1000.0,19.0,1150.900000095368,False
A22UMPYYQBXT0F,rec,2,20-1,20.0,1000.0,19.0,14471.800000071522,False
A22UMPYYQBXT0F,rec,2,20-1,20.0,1000.0,20.0,1423.5000000000005,False
A22UMPYYQBXT0F,rec,2,20-1,20.0,1000.0,20.0,600.1000000238423,False
A22UMPYYQBXT0F,rec,3,20-1,20.0,1000.0,20.0,0.0,True
A22UMPYYQBXT0F,rec,3,20-1,20.0,1000.0,20.0,1662.8999998569489,False
A22UMPYYQBXT0F,rec,3,20-1,20.0,1000.0,19.0,2233.399999856949,False
A22UMPYYQBXT0F,rec,3,20-1,20.0,1000.0,20.0,1477.1999998092651,False
A22UMPYYQBXT0F,rec,3,20-1,20.0,1000.0,19.0,1796.2000000476837,False
A22UMPYYQBXT0F,rec,3,20-1,20.0,1000.0,19.0,941.1999998092647,False
A22UMPYYQBXT0F,rec,3,20-1,20.0,1000.0,20.0,3442.699999809265,False
A22UMPYYQBXT0F,rec,3,20-1,20.0,1000.0,20.0,2193.399999856949,False
A22UMPYYQBXT0F,rec,3,20-1,20.0,1000.0,1.0,2784.899999856949,False
A22UMPYYQBXT0F,rec,3,20-1,20.0,1000.0,1.0,3433.899999856949,False
A22UMPYYQBXT0F,rec,3,20-1,20.0,1000.0,11.0,1944.4999997615814,False
A22UMPYYQBXT0F,rec,3,20-1,20.0,1000.0,20.0,5976.399999856949,False
A22UMPYYQBXT0F,rec,4,20-1,20.0,1000.0,20.0,0.0,True
A22UMPYYQBXT0F,rec,4,20-1,20.0,1000.0,20.0,1434.3000001907344,False
A22UMPYYQBXT0F,rec,4,20-1,20.0,1000.0,20.0,2381.200000286102,False
A22UMPYYQBXT0F,rec,4,20-1,20.0,1000.0,20.0,2197.2000000476833,False
A22UMPYYQBXT0F,rec,4,20-1,20.0,1000.0,20.0,2136.6000001430507,False
A22UMPYYQBXT0F,rec,4,20-1,20.0,1000.0,20.0,2003.3000001907344,False
A22UMPYYQBXT0F,rec,4,20-1,20.0,1000.0,19.0,2043.4999999999995,False
A22UMPYYQBXT0F,rec,4,20-1,20.0,1000.0,20.0,775.5,False
A22UMPYYQBXT0F,rec,4,20-1,20.0,1000.0,20.0,1523.9999999999995,False
A22UMPYYQBXT0F,rec,4,20-1,20.0,1000.0,20.0,2009.5000002384181,False
A22UMPYYQBXT0F,rec,4,20-1,20.0,1000.0,1.0,906.0000002384181,False
A22Y78RVB8UFTD,ns,1,15-2,15.0,2000.0,1.0,0.0,True
A22Y78RVB8UFTD,ns,1,15-2,15.0,2000.0,1.0,1089.1000000834465,False
A22Y78RVB8UFTD,ns,1,15-2,15.0,2000.0,1.0,775.3000000119209,False
A22Y78RVB8UFTD,ns,1,15-2,15.0,2000.0,4.0,301.4000000357628,False
A22Y78RVB8UFTD,ns,1,15-2,15.0,2000.0,1.0,25.30000001192093,False
A22Y78RVB8UFTD,ns,1,15-2,15.0,2000.0,10.0,666.3000000715256,False
A22Y78RVB8UFTD,ns,1,15-2,15.0,2000.0,12.0,761.5000000596046,False
A22Y78RVB8UFTD,ns,1,15-2,15.0,2000.0,1.0,1704.7000000476837,False
A22Y78RVB8UFTD,ns,1,15-2,15.0,2000.0,15.0,2667.7000000476837,False
A22Y78RVB8UFTD,ns,1,15-2,15.0,2000.0,1.0,918.1000000238419,False
A22Y78RVB8UFTD,ns,1,15-2,15.0,2000.0,1.0,1569.199999988079,False
A22Y78RVB8UFTD,ns,2,15-2,15.0,2000.0,1.0,0.0,True
A22Y78RVB8UFTD,ns,2,15-2,15.0,2000.0,14.0,2531.399999976158,False
A22Y78RVB8UFTD,ns,2,15-2,15.0,2000.0,15.0,1583.5999999046326,False
A22Y78RVB8UFTD,ns,2,15-2,15.0,2000.0,1.0,3048.399999976158,False
A22Y78RVB8UFTD,ns,2,15-2,15.0,2000.0,13.0,2224.7999999523163,False
A22Y78RVB8UFTD,ns,2,15-2,15.0,2000.0,15.0,4745.199999928474,False
A22Y78RVB8UFTD,ns,2,15-2,15.0,2000.0,14.0,1695.0,False
A22Y78RVB8UFTD,ns,2,15-2,15.0,2000.0,1.0,2518.3000000715256,False
A22Y78RVB8UFTD,ns,2,15-2,15.0,2000.0,15.0,2332.2000000476837,False
A22Y78RVB8UFTD,ns,2,15-2,15.0,2000.0,13.0,2645.7999999523163,False
A22Y78RVB8UFTD,ns,2,15-2,15.0,2000.0,3.0,6922.399999976158,False
A233LLG8YAXWF,rec,1,15-2,15.0,2000.0,15.0,354.5,False
A233LLG8YAXWF,rec,1,15-2,15.0,2000.0,15.0,792.5,False
A233LLG8YAXWF,rec,1,15-2,15.0,2000.0,13.0,2602.800000000745,False
A233LLG8YAXWF,rec,1,15-2,15.0,2000.0,13.0,1422.800000000745,False
A233LLG8YAXWF,rec,1,15-2,15.0,2000.0,13.0,424.8999999985099,False
A233LLG8YAXWF,rec,1,15-2,15.0,2000.0,14.0,5905.10000000149,False
A233LLG8YAXWF,rec,1,15-2,15.0,2000.0,1.0,2039.699999999255,False
A233LLG8YAXWF,rec,1,15-2,15.0,2000.0,15.0,1615.5999999977648,False
A233LLG8YAXWF,rec,1,15-2,15.0,2000.0,13.0,0.0,True
A233LLG8YAXWF,rec,1,15-2,15.0,2000.0,13.0,1976.0,False
A233LLG8YAXWF,rec,1,15-2,15.0,2000.0,12.0,358.6000000014901,False
A233LLG8YAXWF,rec,1,15-2,15.0,2000.0,11.0,395.30000000074506,False
A233LLG8YAXWF,rec,2,15-2,15.0,2000.0,4.0,0.0,True
A233LLG8YAXWF,rec,2,15-2,15.0,2000.0,13.0,3907.60000000149,False
A233LLG8YAXWF,rec,2,15-2,15.0,2000.0,14.0,3334.300000000745,False
A233LLG8YAXWF,rec,2,15-2,15.0,2000.0,15.0,3700.300000000745,False
A233LLG8YAXWF,rec,2,15-2,15.0,2000.0,10.0,3982.5,False
A233LLG8YAXWF,rec,2,15-2,15.0,2000.0,15.0,3824.900000002235,False
A233LLG8YAXWF,rec,2,15-2,15.0,2000.0,15.0,907.1999999992549,False
A233LLG8YAXWF,rec,2,15-2,15.0,2000.0,10.0,3019.900000002235,False
A233LLG8YAXWF,rec,2,15-2,15.0,2000.0,15.0,4443.900000002235,False
A233LLG8YAXWF,rec,2,15-2,15.0,2000.0,14.0,4091.5,False
A233LLG8YAXWF,rec,2,15-2,15.0,2000.0,15.0,645.5000000037248,False
A233LLG8YAXWF,rec,2,15-2,15.0,2000.0,15.0,3845.099999997765,False
A233LLG8YAXWF,rec,3,15-2,15.0,2000.0,15.0,752.3000000007451,False
A233LLG8YAXWF,rec,3,15-2,15.0,2000.0,14.0,4654.19999999553,False
A233LLG8YAXWF,rec,3,15-2,15.0,2000.0,14.0,1686.5999999977648,False
A233LLG8YAXWF,rec,3,15-2,15.0,2000.0,14.0,2671.099999997765,False
A233LLG8YAXWF,rec,3,15-2,15.0,2000.0,13.0,2358.699999999255,False
A233LLG8YAXWF,rec,3,15-2,15.0,2000.0,15.0,3194.89999999851,False
A233LLG8YAXWF,rec,3,15-2,15.0,2000.0,14.0,2871.599999997765,False
A233LLG8YAXWF,rec,3,15-2,15.0,2000.0,13.0,1169.2999999970198,False
A233LLG8YAXWF,rec,3,15-2,15.0,2000.0,14.0,4587.89999999851,False
A233LLG8YAXWF,rec,3,15-2,15.0,2000.0,13.0,0.0,True
A233LLG8YAXWF,rec,3,15-2,15.0,2000.0,13.0,5262.499999996275,False
A233LLG8YAXWF,rec,3,15-2,15.0,2000.0,13.0,2647.39999999851,False
A233LLG8YAXWF,rec,4,15-2,15.0,2000.0,1.0,1267.5000000000005,False
A233LLG8YAXWF,rec,4,15-2,15.0,2000.0,14.0,1970.7000000029807,False
A233LLG8YAXWF,rec,4,15-2,15.0,2000.0,15.0,1578.4999999850993,False
A233LLG8YAXWF,rec,4,15-2,15.0,2000.0,13.0,2814.5000000000005,False
A233LLG8YAXWF,rec,4,15-2,15.0,2000.0,9.0,0.0,True
A233LLG8YAXWF,rec,4,15-2,15.0,2000.0,15.0,317.69999998808044,False
A233LLG8YAXWF,rec,4,15-2,15.0,2000.0,15.0,3867.29999999702,False
A233LLG8YAXWF,rec,4,15-2,15.0,2000.0,15.0,2891.600000008941,False
A233LLG8YAXWF,rec,4,15-2,15.0,2000.0,12.0,1359.7999999970202,False
A233LLG8YAXWF,rec,4,15-2,15.0,2000.0,14.0,3298.7000000029807,False
A233LLG8YAXWF,rec,4,15-2,15.0,2000.0,15.0,2126.09999999404,False
A233LLG8YAXWF,rec,4,15-2,15.0,2000.0,15.0,1462.7999999970202,False
A23KDD6OPM4NJ0,prim,1,30-1,30.0,1000.0,1.0,1818.5,False
A23KDD6OPM4NJ0,prim,1,30-1,30.0,1000.0,1.0,8064.600000023842,False
A23KDD6OPM4NJ0,prim,1,30-1,30.0,1000.0,4.0,12197.899999976158,False
A23KDD6OPM4NJ0,prim,1,30-1,30.0,1000.0,1.0,0.0,True
A23KDD6OPM4NJ0,prim,1,30-1,30.0,1000.0,2.0,2879.5,False
A23KDD6OPM4NJ0,prim,1,30-1,30.0,1000.0,3.0,7368.0,False
A23KDD6OPM4NJ0,prim,2,30-1,30.0,1000.0,1.0,1441.7000000476833,False
A23KDD6OPM4NJ0,prim,2,30-1,30.0,1000.0,1.0,2731.799999952316,False
A23KDD6OPM4NJ0,prim,2,30-1,30.0,1000.0,2.0,373.0999999046321,False
A23KDD6OPM4NJ0,prim,2,30-1,30.0,1000.0,2.0,894.9999999999995,False
A23KDD6OPM4NJ0,prim,2,30-1,30.0,1000.0,2.0,116.0,False
A23KDD6OPM4NJ0,prim,2,30-1,30.0,1000.0,1.0,3162.4999999999995,False
A23KDD6OPM4NJ0,prim,2,30-1,30.0,1000.0,5.0,0.0,True
A23KDD6OPM4NJ0,prim,3,30-1,30.0,1000.0,1.0,3276.0999999046326,False
A23KDD6OPM4NJ0,prim,3,30-1,30.0,1000.0,5.0,18570.299999952316,False
A23KDD6OPM4NJ0,prim,3,30-1,30.0,1000.0,3.0,47313.29999995231,False
A23KDD6OPM4NJ0,prim,3,30-1,30.0,1000.0,2.0,31595.29999995231,False
A23KDD6OPM4NJ0,prim,3,30-1,30.0,1000.0,2.0,8496.399999856949,False
A23KDD6OPM4NJ0,prim,3,30-1,30.0,1000.0,15.0,443.2999999523163,False
A23KDD6OPM4NJ0,prim,3,30-1,30.0,1000.0,10.0,3004.699999809265,False
A23KDD6OPM4NJ0,prim,3,30-1,30.0,1000.0,1.0,0.0,True
A23KDD6OPM4NJ0,prim,4,30-1,30.0,1000.0,23.0,2215.199999809265,False
A23KDD6OPM4NJ0,prim,4,30-1,30.0,1000.0,1.0,902.7999997138977,False
A23KDD6OPM4NJ0,prim,4,30-1,30.0,1000.0,1.0,0.0,True
A23KDD6OPM4NJ0,prim,4,30-1,30.0,1000.0,1.0,4237.800000190735,False
A23W5HVE02LM0E,prim,1,40-1,40.0,1000.0,1.0,7292.600000143051,False
A23W5HVE02LM0E,prim,1,40-1,40.0,1000.0,15.0,17013.700000047684,False
A23W5HVE02LM0E,prim,1,40-1,40.0,1000.0,40.0,0.0,True
A23W5HVE02LM0E,prim,1,40-1,40.0,1000.0,4.0,11099.899999856949,False
A23W5HVE02LM0E,prim,1,40-1,40.0,1000.0,39.0,3842.5999999046326,False
A23W5HVE02LM0E,prim,1,40-1,40.0,1000.0,7.0,39308.69999980927,False
A23W5HVE02LM0E,prim,1,40-1,40.0,1000.0,23.0,10.099999904632568,False
A23W5HVE02LM0E,prim,2,40-1,40.0,1000.0,1.0,11854.200000047684,False
A23W5HVE02LM0E,prim,2,40-1,40.0,1000.0,1.0,3276.5,False
A23W5HVE02LM0E,prim,2,40-1,40.0,1000.0,1.0,0.0,True
A23W5HVE02LM0E,prim,2,40-1,40.0,1000.0,2.0,3357.9999997615796,False
A23W5HVE02LM0E,prim,2,40-1,40.0,1000.0,1.0,4166.700000047684,False
A23W5HVE02LM0E,prim,2,40-1,40.0,1000.0,1.0,886.1999998092651,False
A23W5HVE02LM0E,prim,2,40-1,40.0,1000.0,1.0,4705.599999904633,False
A23W5HVE02LM0E,prim,2,40-1,40.0,1000.0,1.0,256.5,False
A23W5HVE02LM0E,prim,3,40-1,40.0,1000.0,1.0,3861.7999999523163,False
A23W5HVE02LM0E,prim,3,40-1,40.0,1000.0,1.0,0.0,True
A23W5HVE02LM0E,prim,3,40-1,40.0,1000.0,1.0,6331.199999809265,False
A23W5HVE02LM0E,prim,3,40-1,40.0,1000.0,1.0,4177.0,False
A23W5HVE02LM0E,prim,3,40-1,40.0,1000.0,1.0,10689.5,False
A23W5HVE02LM0E,prim,3,40-1,40.0,1000.0,1.0,11201.699999809269,False
A23W5HVE02LM0E,prim,3,40-1,40.0,1000.0,1.0,9826.899999856949,False
A23W5HVE02LM0E,prim,3,40-1,40.0,1000.0,1.0,4354.599999666212,False
A23W5HVE02LM0E,prim,4,40-1,40.0,1000.0,1.0,0.0,True
A23W5HVE02LM0E,prim,4,40-1,40.0,1000.0,1.0,3134.900000333786,False
A23W5HVE02LM0E,prim,4,40-1,40.0,1000.0,1.0,2390.2000000476837,False
A23W5HVE02LM0E,prim,4,40-1,40.0,1000.0,1.0,707.5,False
A23W5HVE02LM0E,prim,4,40-1,40.0,1000.0,1.0,4711.100000143051,False
A23W5HVE02LM0E,prim,4,40-1,40.0,1000.0,1.0,1700.0,False
A23W5HVE02LM0E,prim,4,40-1,40.0,1000.0,2.0,7754.800000190735,False
A23W5HVE02LM0E,prim,4,40-1,40.0,1000.0,1.0,4734.600000143051,False
A23W5HVE02LM0E,prim,4,40-1,40.0,1000.0,1.0,2689.100000143051,False
A248QG4DPULP46,ns,1,20-2,20.0,2000.0,1.0,0.0,True
A248QG4DPULP46,ns,1,20-2,20.0,2000.0,8.0,5241.700000047684,False
A248QG4DPULP46,ns,1,20-2,20.0,2000.0,15.0,1269.800000071526,False
A248QG4DPULP46,ns,1,20-2,20.0,2000.0,17.0,3482.800000071526,False
A248QG4DPULP46,ns,1,20-2,20.0,2000.0,7.0,1551.6000001430516,False
A248QG4DPULP46,ns,1,20-2,20.0,2000.0,18.0,3395.5000001192097,False
A248QG4DPULP46,ns,1,20-2,20.0,2000.0,14.0,3589.900000095368,False
A248QG4DPULP46,ns,1,20-2,20.0,2000.0,1.0,1641.5000000000005,False
A248QG4DPULP46,ns,1,20-2,20.0,2000.0,17.0,1399.7999999523167,False
A248QG4DPULP46,ns,1,20-2,20.0,2000.0,12.0,2664.5000001192097,False
A248QG4DPULP46,ns,1,20-2,20.0,2000.0,1.0,1547.0000000000005,False
A248QG4DPULP46,ns,1,20-2,20.0,2000.0,14.0,4985.600000023842,False
A248QG4DPULP46,ns,2,20-2,20.0,2000.0,7.0,0.0,True
A248QG4DPULP46,ns,2,20-2,20.0,2000.0,19.0,1443.0,False
A248QG4DPULP46,ns,2,20-2,20.0,2000.0,14.0,4142.0,False
A248QG4DPULP46,ns,2,20-2,20.0,2000.0,12.0,120.89999997615814,False
A248QG4DPULP46,ns,2,20-2,20.0,2000.0,16.0,301.6999999284744,False
A248QG4DPULP46,ns,2,20-2,20.0,2000.0,17.0,429.5,False
A248QG4DPULP46,ns,2,20-2,20.0,2000.0,10.0,65.10000002384186,False
A248QG4DPULP46,ns,2,20-2,20.0,2000.0,13.0,591.8000000715256,False
A248QG4DPULP46,ns,2,20-2,20.0,2000.0,18.0,2940.899999976158,False
A248QG4DPULP46,ns,2,20-2,20.0,2000.0,11.0,571.2999999523163,False
A248QG4DPULP46,ns,2,20-2,20.0,2000.0,2.0,248.09999990463257,False
A248QG4DPULP46,ns,2,20-2,20.0,2000.0,5.0,2247.4999998807907,False
A248QG4DPULP46,ns,3,20-2,20.0,2000.0,19.0,0.0,True
A248QG4DPULP46,ns,3,20-2,20.0,2000.0,19.0,2203.8000000715256,False
A248QG4DPULP46,ns,3,20-2,20.0,2000.0,19.0,1945.6000000238419,False
A248QG4DPULP46,ns,3,20-2,20.0,2000.0,19.0,1097.199999988079,False
A248QG4DPULP46,ns,3,20-2,20.0,2000.0,18.0,1828.1000000238419,False
A248QG4DPULP46,ns,3,20-2,20.0,2000.0,18.0,1684.199999988079,False
A248QG4DPULP46,ns,3,20-2,20.0,2000.0,19.0,3513.2000000476837,False
A248QG4DPULP46,ns,3,20-2,20.0,2000.0,19.0,2279.100000023842,False
A248QG4DPULP46,ns,3,20-2,20.0,2000.0,2.0,930.9000000357628,False
A248QG4DPULP46,ns,3,20-2,20.0,2000.0,19.0,1731.7000000476837,False
A248QG4DPULP46,ns,3,20-2,20.0,2000.0,19.0,1440.2000000476837,False
A248QG4DPULP46,ns,3,20-2,20.0,2000.0,13.0,749.3000000119209,False
A248QG4DPULP46,ns,4,20-2,20.0,2000.0,5.0,148.20000004768372,False
A248QG4DPULP46,ns,4,20-2,20.0,2000.0,19.0,1725.3999999761581,False
A248QG4DPULP46,ns,4,20-2,20.0,2000.0,11.0,1321.3999999761581,False
A248QG4DPULP46,ns,4,20-2,20.0,2000.0,20.0,1062.0,False
A248QG4DPULP46,ns,4,20-2,20.0,2000.0,3.0,772.3000000119209,False
A248QG4DPULP46,ns,4,20-2,20.0,2000.0,18.0,1054.3999999761581,False
A248QG4DPULP46,ns,4,20-2,20.0,2000.0,13.0,1102.6000000238419,False
A248QG4DPULP46,ns,4,20-2,20.0,2000.0,14.0,1072.3999999761581,False
A248QG4DPULP46,ns,4,20-2,20.0,2000.0,1.0,0.0,True
A248QG4DPULP46,ns,4,20-2,20.0,2000.0,10.0,2208.199999988079,False
A24BRTWG07T53Z,prim,1,10-2,10.0,2000.0,1.0,0.0,True
A24BRTWG07T53Z,prim,1,10-2,10.0,2000.0,1.0,2341.0,False
A24BRTWG07T53Z,prim,1,10-2,10.0,2000.0,2.0,1196.0,False
A24BRTWG07T53Z,prim,1,10-2,10.0,2000.0,1.0,970.0,False
A24BRTWG07T53Z,prim,1,10-2,10.0,2000.0,1.0,792.0,False
A24BRTWG07T53Z,prim,1,10-2,10.0,2000.0,1.0,796.0,False
A24BRTWG07T53Z,prim,1,10-2,10.0,2000.0,7.0,4261.0,False
A24BRTWG07T53Z,prim,1,10-2,10.0,2000.0,1.0,2998.0,False
A24BRTWG07T53Z,prim,1,10-2,10.0,2000.0,1.0,1992.0,False
A24BRTWG07T53Z,prim,1,10-2,10.0,2000.0,1.0,2736.0,False
A24BRTWG07T53Z,prim,1,10-2,10.0,2000.0,1.0,1928.0,False
A24BRTWG07T53Z,prim,2,10-2,10.0,2000.0,1.0,0.0,True
A24BRTWG07T53Z,prim,2,10-2,10.0,2000.0,1.0,5117.0,False
A24BRTWG07T53Z,prim,2,10-2,10.0,2000.0,1.0,1814.0,False
A24BRTWG07T53Z,prim,2,10-2,10.0,2000.0,2.0,2135.0,False
A24BRTWG07T53Z,prim,2,10-2,10.0,2000.0,1.0,4247.0,False
A24BRTWG07T53Z,prim,2,10-2,10.0,2000.0,1.0,2231.0,False
A24BRTWG07T53Z,prim,2,10-2,10.0,2000.0,10.0,2235.0,False
A24BRTWG07T53Z,prim,2,10-2,10.0,2000.0,1.0,3416.0,False
A24BRTWG07T53Z,prim,2,10-2,10.0,2000.0,8.0,3557.0,False
A24BRTWG07T53Z,prim,2,10-2,10.0,2000.0,1.0,3184.0,False
A24BRTWG07T53Z,prim,2,10-2,10.0,2000.0,1.0,2063.0,False
A24BRTWG07T53Z,prim,3,10-2,10.0,2000.0,1.0,0.0,True
A24BRTWG07T53Z,prim,3,10-2,10.0,2000.0,1.0,695.0,False
A24BRTWG07T53Z,prim,3,10-2,10.0,2000.0,1.0,972.0,False
A24BRTWG07T53Z,prim,3,10-2,10.0,2000.0,1.0,531.0,False
A24BRTWG07T53Z,prim,3,10-2,10.0,2000.0,1.0,1489.0,False
A24BRTWG07T53Z,prim,3,10-2,10.0,2000.0,1.0,1783.0,False
A24BRTWG07T53Z,prim,3,10-2,10.0,2000.0,1.0,76.0,False
A24BRTWG07T53Z,prim,3,10-2,10.0,2000.0,1.0,1994.0,False
A24BRTWG07T53Z,prim,3,10-2,10.0,2000.0,1.0,496.0,False
A24BRTWG07T53Z,prim,3,10-2,10.0,2000.0,4.0,560.0,False
A24BRTWG07T53Z,prim,3,10-2,10.0,2000.0,1.0,629.0,False
A24BRTWG07T53Z,prim,3,10-2,10.0,2000.0,3.0,493.0,False
A24BRTWG07T53Z,prim,4,10-2,10.0,2000.0,1.0,0.0,True
A24BRTWG07T53Z,prim,4,10-2,10.0,2000.0,1.0,3022.0,False
A24BRTWG07T53Z,prim,4,10-2,10.0,2000.0,7.0,5094.0,False
A24BRTWG07T53Z,prim,4,10-2,10.0,2000.0,1.0,510.0,False
A24BRTWG07T53Z,prim,4,10-2,10.0,2000.0,2.0,976.0,False
A24BRTWG07T53Z,prim,4,10-2,10.0,2000.0,1.0,709.0,False
A24BRTWG07T53Z,prim,4,10-2,10.0,2000.0,2.0,3117.0,False
A24BRTWG07T53Z,prim,4,10-2,10.0,2000.0,1.0,5287.0,False
A24BRTWG07T53Z,prim,4,10-2,10.0,2000.0,1.0,476.0,False
A24BRTWG07T53Z,prim,4,10-2,10.0,2000.0,1.0,292.0,False
A24BRTWG07T53Z,prim,4,10-2,10.0,2000.0,1.0,2153.0,False
A24GX1OZE6AY04,ns,1,15-2,15.0,2000.0,14.0,1984.5000000004654,False
A24GX1OZE6AY04,ns,1,15-2,15.0,2000.0,14.0,1035.3000000002792,False
A24GX1OZE6AY04,ns,1,15-2,15.0,2000.0,13.0,1439.200000000186,False
A24GX1OZE6AY04,ns,1,15-2,15.0,2000.0,12.0,598.9000000003723,False
A24GX1OZE6AY04,ns,1,15-2,15.0,2000.0,11.0,752.2000000004189,False
A24GX1OZE6AY04,ns,1,15-2,15.0,2000.0,13.0,0.0,True
A24GX1OZE6AY04,ns,1,15-2,15.0,2000.0,13.0,829.0000000004654,False
A24GX1OZE6AY04,ns,1,15-2,15.0,2000.0,12.0,1198.4999999999998,False
A24GX1OZE6AY04,ns,1,15-2,15.0,2000.0,13.0,889.4000000003723,False
A24GX1OZE6AY04,ns,1,15-2,15.0,2000.0,11.0,2000.200000000186,False
A24GX1OZE6AY04,ns,1,15-2,15.0,2000.0,11.0,1453.6000000005586,False
A24GX1OZE6AY04,ns,1,15-2,15.0,2000.0,13.0,585.1000000000929,False
A24GX1OZE6AY04,ns,2,15-2,15.0,2000.0,9.0,0.0,True
A24GX1OZE6AY04,ns,2,15-2,15.0,2000.0,13.0,1434.4000000003725,False
A24GX1OZE6AY04,ns,2,15-2,15.0,2000.0,10.0,147.1000000005588,False
A24GX1OZE6AY04,ns,2,15-2,15.0,2000.0,13.0,1258.5999999996275,False
A24GX1OZE6AY04,ns,2,15-2,15.0,2000.0,11.0,1896.6000000005588,False
A24GX1OZE6AY04,ns,2,15-2,15.0,2000.0,11.0,1205.9000000003725,False
A24GX1OZE6AY04,ns,2,15-2,15.0,2000.0,12.0,662.5,False
A24GX1OZE6AY04,ns,2,15-2,15.0,2000.0,11.0,1187.7999999988824,False
A24GX1OZE6AY04,ns,2,15-2,15.0,2000.0,7.0,466.7000000011176,False
A24GX1OZE6AY04,ns,2,15-2,15.0,2000.0,12.0,895.2999999988824,False
A24GX1OZE6AY04,ns,2,15-2,15.0,2000.0,11.0,612.6999999992549,False
A24GX1OZE6AY04,ns,3,15-2,15.0,2000.0,11.0,0.0,True
A24GX1OZE6AY04,ns,3,15-2,15.0,2000.0,12.0,1508.0000000004652,False
A24GX1OZE6AY04,ns,3,15-2,15.0,2000.0,12.0,584.7000000006519,False
A24GX1OZE6AY04,ns,3,15-2,15.0,2000.0,13.0,1001.5000000004657,False
A24GX1OZE6AY04,ns,3,15-2,15.0,2000.0,12.0,553.1000000000931,False
A24GX1OZE6AY04,ns,3,15-2,15.0,2000.0,12.0,1390.8000000002794,False
A24GX1OZE6AY04,ns,3,15-2,15.0,2000.0,14.0,1496.7000000001863,False
A24GX1OZE6AY04,ns,3,15-2,15.0,2000.0,12.0,594.1000000000931,False
A24GX1OZE6AY04,ns,3,15-2,15.0,2000.0,13.0,414.39999999990687,False
A24GX1OZE6AY04,ns,3,15-2,15.0,2000.0,12.0,195.89999999990687,False
A24GX1OZE6AY04,ns,3,15-2,15.0,2000.0,14.0,1635.700000000652,False
A24GX1OZE6AY04,ns,3,15-2,15.0,2000.0,11.0,1583.1000000000931,False
A24GX1OZE6AY04,ns,4,15-2,15.0,2000.0,13.0,0.0,True
A24GX1OZE6AY04,ns,4,15-2,15.0,2000.0,13.0,1131.7000000001863,False
A24GX1OZE6AY04,ns,4,15-2,15.0,2000.0,13.0,1636.7000000001863,False
A24GX1OZE6AY04,ns,4,15-2,15.0,2000.0,11.0,882.8000000002794,False
A24GX1OZE6AY04,ns,4,15-2,15.0,2000.0,10.0,871.6000000000931,False
A24GX1OZE6AY04,ns,4,15-2,15.0,2000.0,13.0,1104.3000000002794,False
A24GX1OZE6AY04,ns,4,15-2,15.0,2000.0,12.0,360.8000000002794,False
A24GX1OZE6AY04,ns,4,15-2,15.0,2000.0,11.0,554.7000000001863,False
A24GX1OZE6AY04,ns,4,15-2,15.0,2000.0,12.0,730.3000000002794,False
A24GX1OZE6AY04,ns,4,15-2,15.0,2000.0,12.0,464.40000000037253,False
A24GX1OZE6AY04,ns,4,15-2,15.0,2000.0,12.0,3015.0,False
A24GX1OZE6AY04,ns,4,15-2,15.0,2000.0,10.0,662.7000000001863,False
A2541C8MY0BYV3,rec,1,40-1,40.0,1000.0,29.0,1222.0000000000005,False
A2541C8MY0BYV3,rec,1,40-1,40.0,1000.0,40.0,968.6999999880795,False
A2541C8MY0BYV3,rec,1,40-1,40.0,1000.0,40.0,1560.4999999701977,False
A2541C8MY0BYV3,rec,1,40-1,40.0,1000.0,40.0,1026.4999999701977,False
A2541C8MY0BYV3,rec,1,40-1,40.0,1000.0,40.0,2858.2999999821186,False
A2541C8MY0BYV3,rec,1,40-1,40.0,1000.0,40.0,987.7999999821186,False
A2541C8MY0BYV3,rec,1,40-1,40.0,1000.0,40.0,0.0,True
A2541C8MY0BYV3,rec,1,40-1,40.0,1000.0,40.0,1509.0999999940395,False
A2541C8MY0BYV3,rec,1,40-1,40.0,1000.0,40.0,849.2000000178814,False
A2541C8MY0BYV3,rec,1,40-1,40.0,1000.0,40.0,234.19999998807907,False
A2541C8MY0BYV3,rec,1,40-1,40.0,1000.0,40.0,573.0999999940395,False
A2541C8MY0BYV3,rec,2,40-1,40.0,1000.0,37.0,997.0,False
A2541C8MY0BYV3,rec,2,40-1,40.0,1000.0,35.0,784.0,False
A2541C8MY0BYV3,rec,2,40-1,40.0,1000.0,38.0,162.0,False
A2541C8MY0BYV3,rec,2,40-1,40.0,1000.0,40.0,2047.0,False
A2541C8MY0BYV3,rec,2,40-1,40.0,1000.0,38.0,99.0,False
A2541C8MY0BYV3,rec,2,40-1,40.0,1000.0,40.0,9304.0,False
A2541C8MY0BYV3,rec,2,40-1,40.0,1000.0,38.0,467.0,False
A2541C8MY0BYV3,rec,2,40-1,40.0,1000.0,39.0,721.0,False
A2541C8MY0BYV3,rec,2,40-1,40.0,1000.0,35.0,0.0,True
A2541C8MY0BYV3,rec,2,40-1,40.0,1000.0,38.0,566.0,False
A2541C8MY0BYV3,rec,2,40-1,40.0,1000.0,37.0,74.0,False
A2541C8MY0BYV3,rec,3,40-1,40.0,1000.0,39.0,0.0,True
A2541C8MY0BYV3,rec,3,40-1,40.0,1000.0,39.0,2816.0,False
A2541C8MY0BYV3,rec,3,40-1,40.0,1000.0,38.0,2022.0,False
A2541C8MY0BYV3,rec,3,40-1,40.0,1000.0,37.0,3473.0,False
A2541C8MY0BYV3,rec,3,40-1,40.0,1000.0,37.0,2932.0,False
A2541C8MY0BYV3,rec,3,40-1,40.0,1000.0,38.0,3468.0,False
A2541C8MY0BYV3,rec,3,40-1,40.0,1000.0,40.0,22706.0,False
A2541C8MY0BYV3,rec,3,40-1,40.0,1000.0,37.0,3490.0,False
A2541C8MY0BYV3,rec,3,40-1,40.0,1000.0,38.0,2513.0,False
A2541C8MY0BYV3,rec,3,40-1,40.0,1000.0,38.0,4620.0,False
A2541C8MY0BYV3,rec,3,40-1,40.0,1000.0,37.0,1592.0,False
A2541C8MY0BYV3,rec,3,40-1,40.0,1000.0,39.0,2662.0,False
A2541C8MY0BYV3,rec,4,40-1,40.0,1000.0,26.0,0.0,True
A2541C8MY0BYV3,rec,4,40-1,40.0,1000.0,39.0,13986.0,False
A2541C8MY0BYV3,rec,4,40-1,40.0,1000.0,39.0,13309.0,False
A2541C8MY0BYV3,rec,4,40-1,40.0,1000.0,36.0,1803.0,False
A2541C8MY0BYV3,rec,4,40-1,40.0,1000.0,39.0,6960.0,False
A2541C8MY0BYV3,rec,4,40-1,40.0,1000.0,38.0,1052.0,False
A2541C8MY0BYV3,rec,4,40-1,40.0,1000.0,38.0,993.0,False
A2541C8MY0BYV3,rec,4,40-1,40.0,1000.0,36.0,2696.0,False
A2541C8MY0BYV3,rec,4,40-1,40.0,1000.0,37.0,978.0,False
A2541C8MY0BYV3,rec,4,40-1,40.0,1000.0,37.0,1118.0,False
A2541C8MY0BYV3,rec,4,40-1,40.0,1000.0,37.0,1152.0,False
A25S9Y5DZ9OR16,prim,1,20-2,20.0,2000.0,1.0,1551.0,False
A25S9Y5DZ9OR16,prim,1,20-2,20.0,2000.0,9.0,3342.0,False
A25S9Y5DZ9OR16,prim,1,20-2,20.0,2000.0,18.0,3080.0,False
A25S9Y5DZ9OR16,prim,1,20-2,20.0,2000.0,3.0,1819.0,False
A25S9Y5DZ9OR16,prim,1,20-2,20.0,2000.0,18.0,1690.0,False
A25S9Y5DZ9OR16,prim,1,20-2,20.0,2000.0,18.0,0.0,True
A25S9Y5DZ9OR16,prim,1,20-2,20.0,2000.0,1.0,1414.0,False
A25S9Y5DZ9OR16,prim,1,20-2,20.0,2000.0,1.0,1936.0,False
A25S9Y5DZ9OR16,prim,1,20-2,20.0,2000.0,3.0,10912.0,False
A25S9Y5DZ9OR16,prim,2,20-2,20.0,2000.0,20.0,3144.0,False
A25S9Y5DZ9OR16,prim,2,20-2,20.0,2000.0,2.0,1847.0,False
A25S9Y5DZ9OR16,prim,2,20-2,20.0,2000.0,1.0,0.0,True
A25S9Y5DZ9OR16,prim,2,20-2,20.0,2000.0,2.0,1125.0,False
A25S9Y5DZ9OR16,prim,2,20-2,20.0,2000.0,1.0,973.0,False
A25S9Y5DZ9OR16,prim,2,20-2,20.0,2000.0,1.0,657.0,False
A25S9Y5DZ9OR16,prim,3,20-2,20.0,2000.0,20.0,170.0,False
A25S9Y5DZ9OR16,prim,3,20-2,20.0,2000.0,2.0,696.0,False
A25S9Y5DZ9OR16,prim,3,20-2,20.0,2000.0,2.0,0.0,True
A25S9Y5DZ9OR16,prim,3,20-2,20.0,2000.0,2.0,1300.0,False
A25S9Y5DZ9OR16,prim,3,20-2,20.0,2000.0,1.0,862.0,False
A25S9Y5DZ9OR16,prim,3,20-2,20.0,2000.0,7.0,4024.0,False
A25S9Y5DZ9OR16,prim,3,20-2,20.0,2000.0,2.0,5287.0,False
A25S9Y5DZ9OR16,prim,3,20-2,20.0,2000.0,3.0,2751.0,False
A25S9Y5DZ9OR16,prim,3,20-2,20.0,2000.0,3.0,21047.0,False
A25S9Y5DZ9OR16,prim,4,20-2,20.0,2000.0,1.0,2746.0,False
A25S9Y5DZ9OR16,prim,4,20-2,20.0,2000.0,12.0,5988.0,False
A25S9Y5DZ9OR16,prim,4,20-2,20.0,2000.0,3.0,5558.0,False
A25S9Y5DZ9OR16,prim,4,20-2,20.0,2000.0,1.0,1725.0,False
A25S9Y5DZ9OR16,prim,4,20-2,20.0,2000.0,2.0,1753.0,False
A25S9Y5DZ9OR16,prim,4,20-2,20.0,2000.0,1.0,2025.0,False
A25S9Y5DZ9OR16,prim,4,20-2,20.0,2000.0,3.0,1912.0,False
A25S9Y5DZ9OR16,prim,4,20-2,20.0,2000.0,1.0,0.0,True
A25S9Y5DZ9OR16,prim,4,20-2,20.0,2000.0,20.0,2722.0,False
A25VK411P03A5T,rec,1,20-2,20.0,2000.0,1.0,7776.0,False
A25VK411P03A5T,rec,1,20-2,20.0,2000.0,1.0,4125.0,False
A25VK411P03A5T,rec,1,20-2,20.0,2000.0,13.0,5307.0,False
A25VK411P03A5T,rec,1,20-2,20.0,2000.0,20.0,1526.0,False
A25VK411P03A5T,rec,1,20-2,20.0,2000.0,17.0,1228.0,False
A25VK411P03A5T,rec,1,20-2,20.0,2000.0,18.0,0.0,True
A25VK411P03A5T,rec,1,20-2,20.0,2000.0,18.0,2459.0,False
A25VK411P03A5T,rec,1,20-2,20.0,2000.0,2.0,8532.0,False
A25VK411P03A5T,rec,1,20-2,20.0,2000.0,18.0,352.0,False
A25VK411P03A5T,rec,1,20-2,20.0,2000.0,18.0,930.0,False
A25VK411P03A5T,rec,1,20-2,20.0,2000.0,18.0,4444.0,False
A25VK411P03A5T,rec,2,20-2,20.0,2000.0,16.0,3200.0,False
A25VK411P03A5T,rec,2,20-2,20.0,2000.0,17.0,13452.0,False
A25VK411P03A5T,rec,2,20-2,20.0,2000.0,19.0,15405.0,False
A25VK411P03A5T,rec,2,20-2,20.0,2000.0,18.0,13604.0,False
A25VK411P03A5T,rec,2,20-2,20.0,2000.0,19.0,1716.0,False
A25VK411P03A5T,rec,2,20-2,20.0,2000.0,16.0,0.0,True
A25VK411P03A5T,rec,2,20-2,20.0,2000.0,17.0,913.0,False
A25VK411P03A5T,rec,2,20-2,20.0,2000.0,1.0,4201.0,False
A25VK411P03A5T,rec,2,20-2,20.0,2000.0,17.0,368.0,False
A25VK411P03A5T,rec,2,20-2,20.0,2000.0,19.0,2339.0,False
A25VK411P03A5T,rec,3,20-2,20.0,2000.0,17.0,2550.0,False
A25VK411P03A5T,rec,3,20-2,20.0,2000.0,17.0,3772.0,False
A25VK411P03A5T,rec,3,20-2,20.0,2000.0,19.0,1587.0,False
A25VK411P03A5T,rec,3,20-2,20.0,2000.0,19.0,0.0,True
A25VK411P03A5T,rec,3,20-2,20.0,2000.0,19.0,2625.0,False
A25VK411P03A5T,rec,3,20-2,20.0,2000.0,18.0,99.0,False
A25VK411P03A5T,rec,3,20-2,20.0,2000.0,18.0,1246.0,False
A25VK411P03A5T,rec,3,20-2,20.0,2000.0,19.0,1628.0,False
A25VK411P03A5T,rec,4,20-2,20.0,2000.0,1.0,3404.0,False
A25VK411P03A5T,rec,4,20-2,20.0,2000.0,19.0,1618.0,False
A25VK411P03A5T,rec,4,20-2,20.0,2000.0,18.0,796.0,False
A25VK411P03A5T,rec,4,20-2,20.0,2000.0,19.0,931.0,False
A25VK411P03A5T,rec,4,20-2,20.0,2000.0,19.0,0.0,True
A25VK411P03A5T,rec,4,20-2,20.0,2000.0,18.0,2331.0,False
A25VK411P03A5T,rec,4,20-2,20.0,2000.0,18.0,1706.0,False
A25VK411P03A5T,rec,4,20-2,20.0,2000.0,17.0,1628.0,False
A25VK411P03A5T,rec,4,20-2,20.0,2000.0,18.0,1188.0,False
A25Y3D2Y2DR8WM,prim,1,30-1,30.0,1000.0,1.0,0.0,True
A25Y3D2Y2DR8WM,prim,1,30-1,30.0,1000.0,1.0,770.0,False
A25Y3D2Y2DR8WM,prim,1,30-1,30.0,1000.0,1.0,4789.0,False
A25Y3D2Y2DR8WM,prim,1,30-1,30.0,1000.0,1.0,6957.0,False
A25Y3D2Y2DR8WM,prim,1,30-1,30.0,1000.0,2.0,14257.0,False
A25Y3D2Y2DR8WM,prim,1,30-1,30.0,1000.0,1.0,6706.0,False
A25Y3D2Y2DR8WM,prim,1,30-1,30.0,1000.0,1.0,5454.0,False
A25Y3D2Y2DR8WM,prim,1,30-1,30.0,1000.0,1.0,6689.0,False
A25Y3D2Y2DR8WM,prim,1,30-1,30.0,1000.0,2.0,16305.0,False
A25Y3D2Y2DR8WM,prim,1,30-1,30.0,1000.0,26.0,9065.0,False
A25Y3D2Y2DR8WM,prim,2,30-1,30.0,1000.0,1.0,0.0,True
A25Y3D2Y2DR8WM,prim,2,30-1,30.0,1000.0,2.0,23630.0,False
A25Y3D2Y2DR8WM,prim,2,30-1,30.0,1000.0,30.0,2038.0,False
A25Y3D2Y2DR8WM,prim,2,30-1,30.0,1000.0,27.0,3288.0,False
A25Y3D2Y2DR8WM,prim,2,30-1,30.0,1000.0,28.0,4745.0,False
A25Y3D2Y2DR8WM,prim,2,30-1,30.0,1000.0,27.0,6370.0,False
A25Y3D2Y2DR8WM,prim,2,30-1,30.0,1000.0,29.0,4845.0,False
A25Y3D2Y2DR8WM,prim,2,30-1,30.0,1000.0,1.0,5977.0,False
A25Y3D2Y2DR8WM,prim,2,30-1,30.0,1000.0,1.0,4546.0,False
A25Y3D2Y2DR8WM,prim,2,30-1,30.0,1000.0,30.0,2000.0,False
A25Y3D2Y2DR8WM,prim,2,30-1,30.0,1000.0,30.0,921.0,False
A25Y3D2Y2DR8WM,prim,3,30-1,30.0,1000.0,1.0,0.0,True
A25Y3D2Y2DR8WM,prim,3,30-1,30.0,1000.0,1.0,2874.0,False
A25Y3D2Y2DR8WM,prim,3,30-1,30.0,1000.0,30.0,3727.0,False
A25Y3D2Y2DR8WM,prim,3,30-1,30.0,1000.0,1.0,5248.0,False
A25Y3D2Y2DR8WM,prim,3,30-1,30.0,1000.0,1.0,7862.0,False
A25Y3D2Y2DR8WM,prim,3,30-1,30.0,1000.0,2.0,7553.0,False
A25Y3D2Y2DR8WM,prim,3,30-1,30.0,1000.0,1.0,5963.0,False
A25Y3D2Y2DR8WM,prim,3,30-1,30.0,1000.0,1.0,6576.0,False
A25Y3D2Y2DR8WM,prim,3,30-1,30.0,1000.0,1.0,5841.0,False
A25Y3D2Y2DR8WM,prim,3,30-1,30.0,1000.0,1.0,6019.0,False
A25Y3D2Y2DR8WM,prim,3,30-1,30.0,1000.0,2.0,7397.0,False
A25Y3D2Y2DR8WM,prim,4,30-1,30.0,1000.0,1.0,3712.0,False
A25Y3D2Y2DR8WM,prim,4,30-1,30.0,1000.0,1.0,2324.0,False
A25Y3D2Y2DR8WM,prim,4,30-1,30.0,1000.0,30.0,1041.0,False
A25Y3D2Y2DR8WM,prim,4,30-1,30.0,1000.0,28.0,5695.0,False
A25Y3D2Y2DR8WM,prim,4,30-1,30.0,1000.0,30.0,0.0,True
A25Y3D2Y2DR8WM,prim,4,30-1,30.0,1000.0,30.0,4238.0,False
A25Y3D2Y2DR8WM,prim,4,30-1,30.0,1000.0,4.0,5667.0,False
A25Y3D2Y2DR8WM,prim,4,30-1,30.0,1000.0,2.0,5226.0,False
A25Y3D2Y2DR8WM,prim,4,30-1,30.0,1000.0,1.0,426.0,False
A25Y3D2Y2DR8WM,prim,4,30-1,30.0,1000.0,29.0,542.0,False
A25Y3D2Y2DR8WM,prim,4,30-1,30.0,1000.0,2.0,4065.0,False
A26M997VYVK0E6,prim,1,20-1,20.0,1000.0,13.0,0.0,True
A26M997VYVK0E6,prim,1,20-1,20.0,1000.0,2.0,16553.0,False
A26M997VYVK0E6,prim,1,20-1,20.0,1000.0,2.0,12048.0,False
A26M997VYVK0E6,prim,1,20-1,20.0,1000.0,2.0,12384.0,False
A26M997VYVK0E6,prim,1,20-1,20.0,1000.0,3.0,17860.0,False
A26M997VYVK0E6,prim,1,20-1,20.0,1000.0,3.0,14056.0,False
A26M997VYVK0E6,prim,1,20-1,20.0,1000.0,2.0,11579.0,False
A26M997VYVK0E6,prim,1,20-1,20.0,1000.0,2.0,18036.0,False
A26M997VYVK0E6,prim,1,20-1,20.0,1000.0,2.0,11335.0,False
A26M997VYVK0E6,prim,1,20-1,20.0,1000.0,2.0,13002.0,False
A26M997VYVK0E6,prim,1,20-1,20.0,1000.0,1.0,11899.0,False
A26M997VYVK0E6,prim,1,20-1,20.0,1000.0,2.0,14754.0,False
A26M997VYVK0E6,prim,2,20-1,20.0,1000.0,2.0,0.0,True
A26M997VYVK0E6,prim,2,20-1,20.0,1000.0,2.0,16211.0,False
A26M997VYVK0E6,prim,2,20-1,20.0,1000.0,3.0,9599.0,False
A26M997VYVK0E6,prim,2,20-1,20.0,1000.0,3.0,34104.0,False
A26M997VYVK0E6,prim,2,20-1,20.0,1000.0,3.0,8900.0,False
A26M997VYVK0E6,prim,2,20-1,20.0,1000.0,3.0,12121.0,False
A26M997VYVK0E6,prim,2,20-1,20.0,1000.0,2.0,13351.0,False
A26M997VYVK0E6,prim,2,20-1,20.0,1000.0,2.0,8100.0,False
A26M997VYVK0E6,prim,2,20-1,20.0,1000.0,2.0,7218.0,False
A26M997VYVK0E6,prim,2,20-1,20.0,1000.0,2.0,9372.0,False
A26M997VYVK0E6,prim,2,20-1,20.0,1000.0,2.0,15170.0,False
A26M997VYVK0E6,prim,3,20-1,20.0,1000.0,3.0,0.0,True
A26M997VYVK0E6,prim,3,20-1,20.0,1000.0,2.0,9569.0,False
A26M997VYVK0E6,prim,3,20-1,20.0,1000.0,2.0,8427.0,False
A26M997VYVK0E6,prim,3,20-1,20.0,1000.0,2.0,19706.0,False
A26M997VYVK0E6,prim,3,20-1,20.0,1000.0,2.0,7421.0,False
A26M997VYVK0E6,prim,3,20-1,20.0,1000.0,2.0,7819.0,False
A26M997VYVK0E6,prim,3,20-1,20.0,1000.0,2.0,7559.0,False
A26M997VYVK0E6,prim,3,20-1,20.0,1000.0,3.0,7955.0,False
A26M997VYVK0E6,prim,3,20-1,20.0,1000.0,2.0,7852.0,False
A26M997VYVK0E6,prim,3,20-1,20.0,1000.0,2.0,8829.0,False
A26M997VYVK0E6,prim,3,20-1,20.0,1000.0,2.0,7736.0,False
A26M997VYVK0E6,prim,3,20-1,20.0,1000.0,2.0,7072.0,False
A26M997VYVK0E6,prim,4,20-1,20.0,1000.0,3.0,0.0,True
A26M997VYVK0E6,prim,4,20-1,20.0,1000.0,3.0,8448.0,False
A26M997VYVK0E6,prim,4,20-1,20.0,1000.0,4.0,9366.0,False
A26M997VYVK0E6,prim,4,20-1,20.0,1000.0,2.0,8399.0,False
A26M997VYVK0E6,prim,4,20-1,20.0,1000.0,2.0,8589.0,False
A26M997VYVK0E6,prim,4,20-1,20.0,1000.0,2.0,16484.0,False
A26M997VYVK0E6,prim,4,20-1,20.0,1000.0,2.0,8241.0,False
A26M997VYVK0E6,prim,4,20-1,20.0,1000.0,2.0,8311.0,False
A26M997VYVK0E6,prim,4,20-1,20.0,1000.0,3.0,11607.0,False
A26M997VYVK0E6,prim,4,20-1,20.0,1000.0,2.0,8469.0,False
A26M997VYVK0E6,prim,4,20-1,20.0,1000.0,1.0,55706.0,False
A26M997VYVK0E6,prim,4,20-1,20.0,1000.0,2.0,13328.0,False
A26MT7KJ7NJLRN,ns,1,15-2,15.0,2000.0,15.0,174.49999976158142,False
A26MT7KJ7NJLRN,ns,1,15-2,15.0,2000.0,15.0,1597.5999999046326,False
A26MT7KJ7NJLRN,ns,1,15-2,15.0,2000.0,14.0,1258.599999666214,False
A26MT7KJ7NJLRN,ns,1,15-2,15.0,2000.0,14.0,3366.4999997615814,False
A26MT7KJ7NJLRN,ns,1,15-2,15.0,2000.0,13.0,0.0,True
A26MT7KJ7NJLRN,ns,1,15-2,15.0,2000.0,15.0,1560.1999998092651,False
A26MT7KJ7NJLRN,ns,1,15-2,15.0,2000.0,15.0,419.89999985694885,False
A26MT7KJ7NJLRN,ns,1,15-2,15.0,2000.0,14.0,900.0999999046326,False
A26MT7KJ7NJLRN,ns,1,15-2,15.0,2000.0,11.0,295.19999980926514,False
A26MT7KJ7NJLRN,ns,1,15-2,15.0,2000.0,10.0,733.1999998092651,False
A26MT7KJ7NJLRN,ns,1,15-2,15.0,2000.0,4.0,753.8999998569489,False
A26MT7KJ7NJLRN,ns,1,15-2,15.0,2000.0,1.0,978.1999998092651,False
A26MT7KJ7NJLRN,ns,2,15-2,15.0,2000.0,1.0,0.0,True
A26MT7KJ7NJLRN,ns,2,15-2,15.0,2000.0,14.0,3571.7999999523163,False
A26MT7KJ7NJLRN,ns,2,15-2,15.0,2000.0,15.0,447.5,False
A26MT7KJ7NJLRN,ns,2,15-2,15.0,2000.0,15.0,1301.4000000953674,False
A26MT7KJ7NJLRN,ns,2,15-2,15.0,2000.0,9.0,1048.5,False
A26MT7KJ7NJLRN,ns,2,15-2,15.0,2000.0,9.0,744.4000000953674,False
A26MT7KJ7NJLRN,ns,2,15-2,15.0,2000.0,14.0,698.5000002384186,False
A26MT7KJ7NJLRN,ns,2,15-2,15.0,2000.0,5.0,380.5,False
A26MT7KJ7NJLRN,ns,2,15-2,15.0,2000.0,13.0,1487.4000000953674,False
A26MT7KJ7NJLRN,ns,2,15-2,15.0,2000.0,1.0,925.5,False
A26MT7KJ7NJLRN,ns,2,15-2,15.0,2000.0,2.0,500.10000014305115,False
A26MT7KJ7NJLRN,ns,2,15-2,15.0,2000.0,15.0,4876.0,False
A26MT7KJ7NJLRN,ns,3,15-2,15.0,2000.0,3.0,734.5999999046321,False
A26MT7KJ7NJLRN,ns,3,15-2,15.0,2000.0,10.0,2189.4999999999995,False
A26MT7KJ7NJLRN,ns,3,15-2,15.0,2000.0,11.0,1831.400000095367,False
A26MT7KJ7NJLRN,ns,3,15-2,15.0,2000.0,1.0,2279.299999952316,False
A26MT7KJ7NJLRN,ns,3,15-2,15.0,2000.0,1.0,2466.999999761581,False
A26MT7KJ7NJLRN,ns,3,15-2,15.0,2000.0,5.0,1827.599999904632,False
A26MT7KJ7NJLRN,ns,3,15-2,15.0,2000.0,5.0,2046.1999998092647,False
A26MT7KJ7NJLRN,ns,3,15-2,15.0,2000.0,8.0,3570.3999998569484,False
A26MT7KJ7NJLRN,ns,3,15-2,15.0,2000.0,1.0,338.49999976158097,False
A26MT7KJ7NJLRN,ns,3,15-2,15.0,2000.0,10.0,2206.900000095367,False
A26MT7KJ7NJLRN,ns,3,15-2,15.0,2000.0,15.0,288.20000004768326,False
A26MT7KJ7NJLRN,ns,3,15-2,15.0,2000.0,9.0,0.0,True
A26MT7KJ7NJLRN,ns,4,15-2,15.0,2000.0,12.0,0.0,True
A26MT7KJ7NJLRN,ns,4,15-2,15.0,2000.0,1.0,2653.9999999999995,False
A26MT7KJ7NJLRN,ns,4,15-2,15.0,2000.0,13.0,2185.900000095367,False
A26MT7KJ7NJLRN,ns,4,15-2,15.0,2000.0,1.0,2307.300000071525,False
A26MT7KJ7NJLRN,ns,4,15-2,15.0,2000.0,1.0,6084.5,False
A26MT7KJ7NJLRN,ns,4,15-2,15.0,2000.0,14.0,4145.300000190735,False
A26MT7KJ7NJLRN,ns,4,15-2,15.0,2000.0,15.0,1482.5000001192088,False
A26MT7KJ7NJLRN,ns,4,15-2,15.0,2000.0,12.0,2900.1000001430507,False
A26MT7KJ7NJLRN,ns,4,15-2,15.0,2000.0,2.0,3719.800000071525,False
A26MT7KJ7NJLRN,ns,4,15-2,15.0,2000.0,15.0,2314.500000119209,False
A26T0U2Y6LZOF3,rec,1,15-2,15.0,2000.0,6.0,0.0,True
A26T0U2Y6LZOF3,rec,1,15-2,15.0,2000.0,15.0,7703.0,False
A26T0U2Y6LZOF3,rec,1,15-2,15.0,2000.0,15.0,1386.0,False
A26T0U2Y6LZOF3,rec,1,15-2,15.0,2000.0,15.0,1922.0,False
A26T0U2Y6LZOF3,rec,1,15-2,15.0,2000.0,15.0,19958.0,False
A26T0U2Y6LZOF3,rec,1,15-2,15.0,2000.0,15.0,4007.0,False
A26T0U2Y6LZOF3,rec,2,15-2,15.0,2000.0,15.0,1989.0,False
A26T0U2Y6LZOF3,rec,2,15-2,15.0,2000.0,14.0,1638.0,False
A26T0U2Y6LZOF3,rec,2,15-2,15.0,2000.0,10.0,410.0,False
A26T0U2Y6LZOF3,rec,2,15-2,15.0,2000.0,15.0,2018.0,False
A26T0U2Y6LZOF3,rec,2,15-2,15.0,2000.0,15.0,0.0,True
A26XKTGGGYBI4J,prim,1,30-1,30.0,1000.0,3.0,0.0,True
A26XKTGGGYBI4J,prim,1,30-1,30.0,1000.0,1.0,4040.0,False
A26XKTGGGYBI4J,prim,1,30-1,30.0,1000.0,1.0,4144.0,False
A26XKTGGGYBI4J,prim,1,30-1,30.0,1000.0,3.0,10437.0,False
A26XKTGGGYBI4J,prim,1,30-1,30.0,1000.0,1.0,6270.0,False
A26XKTGGGYBI4J,prim,1,30-1,30.0,1000.0,2.0,7201.0,False
A26XKTGGGYBI4J,prim,1,30-1,30.0,1000.0,2.0,7860.0,False
A26XKTGGGYBI4J,prim,1,30-1,30.0,1000.0,1.0,15127.0,False
A26XKTGGGYBI4J,prim,1,30-1,30.0,1000.0,2.0,9551.0,False
A26XKTGGGYBI4J,prim,1,30-1,30.0,1000.0,3.0,17731.0,False
A26XKTGGGYBI4J,prim,1,30-1,30.0,1000.0,4.0,6394.0,False
A26XKTGGGYBI4J,prim,2,30-1,30.0,1000.0,4.0,0.0,True
A26XKTGGGYBI4J,prim,2,30-1,30.0,1000.0,2.0,8329.0,False
A26XKTGGGYBI4J,prim,2,30-1,30.0,1000.0,2.0,9672.0,False
A26XKTGGGYBI4J,prim,2,30-1,30.0,1000.0,2.0,21319.0,False
A26XKTGGGYBI4J,prim,2,30-1,30.0,1000.0,1.0,12633.0,False
A26XKTGGGYBI4J,prim,2,30-1,30.0,1000.0,1.0,2946.0,False
A26XKTGGGYBI4J,prim,2,30-1,30.0,1000.0,1.0,13469.0,False
A26XKTGGGYBI4J,prim,2,30-1,30.0,1000.0,1.0,5126.0,False
A26XKTGGGYBI4J,prim,2,30-1,30.0,1000.0,1.0,6580.0,False
A26XKTGGGYBI4J,prim,2,30-1,30.0,1000.0,1.0,1824.0,False
A26XKTGGGYBI4J,prim,2,30-1,30.0,1000.0,2.0,5375.0,False
A26XKTGGGYBI4J,prim,3,30-1,30.0,1000.0,1.0,0.0,True
A26XKTGGGYBI4J,prim,3,30-1,30.0,1000.0,2.0,1381.0,False
A26XKTGGGYBI4J,prim,3,30-1,30.0,1000.0,1.0,4151.0,False
A26XKTGGGYBI4J,prim,3,30-1,30.0,1000.0,5.0,28117.0,False
A26XKTGGGYBI4J,prim,3,30-1,30.0,1000.0,2.0,7137.0,False
A26XKTGGGYBI4J,prim,3,30-1,30.0,1000.0,2.0,6074.0,False
A26XKTGGGYBI4J,prim,3,30-1,30.0,1000.0,1.0,2641.0,False
A26XKTGGGYBI4J,prim,4,30-1,30.0,1000.0,1.0,0.0,True
A26XKTGGGYBI4J,prim,4,30-1,30.0,1000.0,1.0,22210.0,False
A26XKTGGGYBI4J,prim,4,30-1,30.0,1000.0,2.0,6862.0,False
A26XKTGGGYBI4J,prim,4,30-1,30.0,1000.0,20.0,5226.0,False
A26XKTGGGYBI4J,prim,4,30-1,30.0,1000.0,1.0,9004.0,False
A26XKTGGGYBI4J,prim,4,30-1,30.0,1000.0,1.0,6596.0,False
A26XKTGGGYBI4J,prim,4,30-1,30.0,1000.0,1.0,5133.0,False
A26XKTGGGYBI4J,prim,4,30-1,30.0,1000.0,1.0,7805.0,False
A26XKTGGGYBI4J,prim,4,30-1,30.0,1000.0,1.0,8626.0,False
A271830PNYAI2G,rec,1,40-1,40.0,1000.0,16.0,267.20000000018626,False
A271830PNYAI2G,rec,1,40-1,40.0,1000.0,39.0,0.0,True
A271830PNYAI2G,rec,1,40-1,40.0,1000.0,6.0,5768.299999999814,False
A271830PNYAI2G,rec,1,40-1,40.0,1000.0,40.0,3158.7999999998137,False
A271830PNYAI2G,rec,1,40-1,40.0,1000.0,40.0,3635.0,False
A271830PNYAI2G,rec,1,40-1,40.0,1000.0,40.0,2640.7999999998137,False
A271830PNYAI2G,rec,1,40-1,40.0,1000.0,40.0,3235.7999999998137,False
A271830PNYAI2G,rec,1,40-1,40.0,1000.0,38.0,821.5999999986961,False
A271830PNYAI2G,rec,1,40-1,40.0,1000.0,40.0,2760.600000000559,False
A271830PNYAI2G,rec,1,40-1,40.0,1000.0,40.0,1202.8999999994412,False
A271830PNYAI2G,rec,1,40-1,40.0,1000.0,40.0,3417.100000000559,False
A271830PNYAI2G,rec,1,40-1,40.0,1000.0,37.0,1206.0999999986961,False
A271830PNYAI2G,rec,2,40-1,40.0,1000.0,28.0,0.0,True
A271830PNYAI2G,rec,2,40-1,40.0,1000.0,40.0,2837.7000000029802,False
A271830PNYAI2G,rec,2,40-1,40.0,1000.0,39.0,7420.9000000059605,False
A271830PNYAI2G,rec,2,40-1,40.0,1000.0,40.0,5147.60000000149,False
A271830PNYAI2G,rec,2,40-1,40.0,1000.0,40.0,3329.9000000059605,False
A271830PNYAI2G,rec,2,40-1,40.0,1000.0,28.0,8634.5,False
A271830PNYAI2G,rec,2,40-1,40.0,1000.0,25.0,5938.0,False
A271830PNYAI2G,rec,2,40-1,40.0,1000.0,38.0,3861.8000000044703,False
A271830PNYAI2G,rec,2,40-1,40.0,1000.0,40.0,4952.60000000149,False
A271830PNYAI2G,rec,2,40-1,40.0,1000.0,12.0,56045.30000000447,False
A271830PNYAI2G,rec,2,40-1,40.0,1000.0,1.0,7549.60000000149,False
A271830PNYAI2G,rec,3,40-1,40.0,1000.0,1.0,1768.3999999985099,False
A271830PNYAI2G,rec,3,40-1,40.0,1000.0,40.0,2051.4999999962747,False
A271830PNYAI2G,rec,3,40-1,40.0,1000.0,38.0,0.0,True
A271830PNYAI2G,rec,3,40-1,40.0,1000.0,40.0,4215.999999996275,False
A271830PNYAI2G,rec,3,40-1,40.0,1000.0,39.0,173.89999999850988,False
A271830PNYAI2G,rec,3,40-1,40.0,1000.0,40.0,903.8999999985099,False
A271830PNYAI2G,rec,3,40-1,40.0,1000.0,40.0,2186.599999997765,False
A271830PNYAI2G,rec,3,40-1,40.0,1000.0,40.0,2340.099999997765,False
A271830PNYAI2G,rec,3,40-1,40.0,1000.0,39.0,2229.39999999851,False
A271830PNYAI2G,rec,3,40-1,40.0,1000.0,40.0,2309.9999999962747,False
A271830PNYAI2G,rec,3,40-1,40.0,1000.0,40.0,1358.199999999255,False
A277V4SHQB8JRS,rec,1,20-1,20.0,1000.0,19.0,0.0,True
A277V4SHQB8JRS,rec,1,20-1,20.0,1000.0,19.0,1397.0,False
A277V4SHQB8JRS,rec,1,20-1,20.0,1000.0,17.0,954.0,False
A277V4SHQB8JRS,rec,1,20-1,20.0,1000.0,19.0,1812.0,False
A277V4SHQB8JRS,rec,1,20-1,20.0,1000.0,19.0,1958.0,False
A277V4SHQB8JRS,rec,1,20-1,20.0,1000.0,19.0,1193.0,False
A277V4SHQB8JRS,rec,1,20-1,20.0,1000.0,19.0,569.0,False
A277V4SHQB8JRS,rec,1,20-1,20.0,1000.0,16.0,2136.0,False
A277V4SHQB8JRS,rec,1,20-1,20.0,1000.0,19.0,886.0,False
A277V4SHQB8JRS,rec,1,20-1,20.0,1000.0,18.0,1513.0,False
A277V4SHQB8JRS,rec,1,20-1,20.0,1000.0,18.0,1436.0,False
A277V4SHQB8JRS,rec,1,20-1,20.0,1000.0,16.0,1461.0,False
A277V4SHQB8JRS,rec,2,20-1,20.0,1000.0,17.0,0.0,True
A277V4SHQB8JRS,rec,2,20-1,20.0,1000.0,18.0,665.0,False
A277V4SHQB8JRS,rec,2,20-1,20.0,1000.0,18.0,1211.0,False
A277V4SHQB8JRS,rec,2,20-1,20.0,1000.0,19.0,482.0,False
A277V4SHQB8JRS,rec,2,20-1,20.0,1000.0,18.0,524.0,False
A277V4SHQB8JRS,rec,2,20-1,20.0,1000.0,19.0,2340.0,False
A277V4SHQB8JRS,rec,2,20-1,20.0,1000.0,17.0,1398.0,False
A277V4SHQB8JRS,rec,2,20-1,20.0,1000.0,19.0,679.0,False
A277V4SHQB8JRS,rec,2,20-1,20.0,1000.0,17.0,2040.0,False
A277V4SHQB8JRS,rec,2,20-1,20.0,1000.0,17.0,2147.0,False
A277V4SHQB8JRS,rec,2,20-1,20.0,1000.0,13.0,337.0,False
A277V4SHQB8JRS,rec,2,20-1,20.0,1000.0,16.0,287.0,False
A277V4SHQB8JRS,rec,3,20-1,20.0,1000.0,17.0,0.0,True
A277V4SHQB8JRS,rec,3,20-1,20.0,1000.0,17.0,1938.0,False
A277V4SHQB8JRS,rec,3,20-1,20.0,1000.0,16.0,999.0,False
A277V4SHQB8JRS,rec,3,20-1,20.0,1000.0,19.0,199.0,False
A277V4SHQB8JRS,rec,3,20-1,20.0,1000.0,18.0,831.0,False
A277V4SHQB8JRS,rec,3,20-1,20.0,1000.0,19.0,484.0,False
A277V4SHQB8JRS,rec,3,20-1,20.0,1000.0,18.0,40.0,False
A277V4SHQB8JRS,rec,3,20-1,20.0,1000.0,19.0,977.0,False
A277V4SHQB8JRS,rec,3,20-1,20.0,1000.0,18.0,666.0,False
A277V4SHQB8JRS,rec,3,20-1,20.0,1000.0,18.0,403.0,False
A277V4SHQB8JRS,rec,3,20-1,20.0,1000.0,18.0,214.0,False
A277V4SHQB8JRS,rec,4,20-1,20.0,1000.0,19.0,0.0,True
A277V4SHQB8JRS,rec,4,20-1,20.0,1000.0,17.0,1187.0,False
A277V4SHQB8JRS,rec,4,20-1,20.0,1000.0,19.0,370.0,False
A277V4SHQB8JRS,rec,4,20-1,20.0,1000.0,19.0,973.0,False
A277V4SHQB8JRS,rec,4,20-1,20.0,1000.0,17.0,284.0,False
A277V4SHQB8JRS,rec,4,20-1,20.0,1000.0,16.0,634.0,False
A277V4SHQB8JRS,rec,4,20-1,20.0,1000.0,19.0,66.0,False
A277V4SHQB8JRS,rec,4,20-1,20.0,1000.0,18.0,528.0,False
A277V4SHQB8JRS,rec,4,20-1,20.0,1000.0,18.0,1375.0,False
A277V4SHQB8JRS,rec,4,20-1,20.0,1000.0,15.0,1308.0,False
A277V4SHQB8JRS,rec,4,20-1,20.0,1000.0,16.0,235.0,False
A277V4SHQB8JRS,rec,4,20-1,20.0,1000.0,18.0,227.0,False
A27QXQ22F9ODSP,prim,1,10-2,10.0,2000.0,2.0,0.0,True
A27QXQ22F9ODSP,prim,1,10-2,10.0,2000.0,1.0,3992.0,False
A27QXQ22F9ODSP,prim,1,10-2,10.0,2000.0,1.0,10995.0,False
A27QXQ22F9ODSP,prim,1,10-2,10.0,2000.0,10.0,17199.0,False
A27QXQ22F9ODSP,prim,1,10-2,10.0,2000.0,1.0,31380.0,False
A27QXQ22F9ODSP,prim,1,10-2,10.0,2000.0,1.0,29207.0,False
A27QXQ22F9ODSP,prim,1,10-2,10.0,2000.0,1.0,17195.0,False
A27QXQ22F9ODSP,prim,1,10-2,10.0,2000.0,10.0,2570.0,False
A27QXQ22F9ODSP,prim,1,10-2,10.0,2000.0,10.0,1499.0,False
A27QXQ22F9ODSP,prim,1,10-2,10.0,2000.0,1.0,20237.0,False
A27QXQ22F9ODSP,prim,2,10-2,10.0,2000.0,1.0,0.0,True
A27QXQ22F9ODSP,prim,2,10-2,10.0,2000.0,1.0,6154.0,False
A27QXQ22F9ODSP,prim,2,10-2,10.0,2000.0,2.0,32979.0,False
A27QXQ22F9ODSP,prim,2,10-2,10.0,2000.0,1.0,7993.0,False
A27QXQ22F9ODSP,prim,2,10-2,10.0,2000.0,2.0,8253.0,False
A27QXQ22F9ODSP,prim,2,10-2,10.0,2000.0,1.0,34790.0,False
A27QXQ22F9ODSP,prim,2,10-2,10.0,2000.0,1.0,6469.0,False
A27QXQ22F9ODSP,prim,2,10-2,10.0,2000.0,10.0,5117.0,False
A27QXQ22F9ODSP,prim,2,10-2,10.0,2000.0,1.0,8272.0,False
A27QXQ22F9ODSP,prim,3,10-2,10.0,2000.0,1.0,0.0,True
A27QXQ22F9ODSP,prim,3,10-2,10.0,2000.0,1.0,356.0,False
A27QXQ22F9ODSP,prim,3,10-2,10.0,2000.0,1.0,4392.0,False
A27QXQ22F9ODSP,prim,3,10-2,10.0,2000.0,1.0,21784.0,False
A27QXQ22F9ODSP,prim,3,10-2,10.0,2000.0,2.0,1097.0,False
A27QXQ22F9ODSP,prim,3,10-2,10.0,2000.0,1.0,4792.0,False
A27QXQ22F9ODSP,prim,3,10-2,10.0,2000.0,3.0,1596.0,False
A27QXQ22F9ODSP,prim,3,10-2,10.0,2000.0,1.0,21912.0,False
A27QXQ22F9ODSP,prim,3,10-2,10.0,2000.0,1.0,9424.0,False
A27QXQ22F9ODSP,prim,4,10-2,10.0,2000.0,1.0,1303.0,False
A27QXQ22F9ODSP,prim,4,10-2,10.0,2000.0,1.0,885.0,False
A27QXQ22F9ODSP,prim,4,10-2,10.0,2000.0,2.0,74551.0,False
A27QXQ22F9ODSP,prim,4,10-2,10.0,2000.0,1.0,1023.0,False
A27QXQ22F9ODSP,prim,4,10-2,10.0,2000.0,1.0,0.0,True
A27QXQ22F9ODSP,prim,4,10-2,10.0,2000.0,2.0,2801.0,False
A27QXQ22F9ODSP,prim,4,10-2,10.0,2000.0,1.0,1311.0,False
A27QXQ22F9ODSP,prim,4,10-2,10.0,2000.0,1.0,15005.0,False
A27T2Z568L69U1,prim,1,10-2,10.0,2000.0,3.0,0.0,True
A27T2Z568L69U1,prim,1,10-2,10.0,2000.0,1.0,30737.0,False
A27T2Z568L69U1,prim,1,10-2,10.0,2000.0,1.0,13579.0,False
A27T2Z568L69U1,prim,1,10-2,10.0,2000.0,1.0,13318.0,False
A27T2Z568L69U1,prim,1,10-2,10.0,2000.0,2.0,33326.0,False
A27T2Z568L69U1,prim,1,10-2,10.0,2000.0,1.0,15194.0,False
A27T2Z568L69U1,prim,1,10-2,10.0,2000.0,1.0,35950.0,False
A27T2Z568L69U1,prim,1,10-2,10.0,2000.0,1.0,6884.0,False
A27T2Z568L69U1,prim,1,10-2,10.0,2000.0,2.0,9280.0,False
A27T2Z568L69U1,prim,1,10-2,10.0,2000.0,1.0,14842.0,False
A27T2Z568L69U1,prim,1,10-2,10.0,2000.0,1.0,20065.0,False
A27T2Z568L69U1,prim,1,10-2,10.0,2000.0,1.0,7784.0,False
A27T2Z568L69U1,prim,2,10-2,10.0,2000.0,5.0,0.0,True
A27T2Z568L69U1,prim,2,10-2,10.0,2000.0,8.0,9125.0,False
A27T2Z568L69U1,prim,2,10-2,10.0,2000.0,1.0,7947.0,False
A27T2Z568L69U1,prim,2,10-2,10.0,2000.0,1.0,981.0,False
A27T2Z568L69U1,prim,2,10-2,10.0,2000.0,2.0,2994.0,False
A27T2Z568L69U1,prim,2,10-2,10.0,2000.0,1.0,2906.0,False
A27T2Z568L69U1,prim,2,10-2,10.0,2000.0,1.0,8870.0,False
A27T2Z568L69U1,prim,2,10-2,10.0,2000.0,2.0,7404.0,False
A27T2Z568L69U1,prim,3,10-2,10.0,2000.0,1.0,0.0,True
A27T2Z568L69U1,prim,3,10-2,10.0,2000.0,1.0,15637.0,False
A27T2Z568L69U1,prim,3,10-2,10.0,2000.0,1.0,4570.0,False
A27T2Z568L69U1,prim,3,10-2,10.0,2000.0,1.0,3597.0,False
A27T2Z568L69U1,prim,3,10-2,10.0,2000.0,1.0,1275.0,False
A27T2Z568L69U1,prim,3,10-2,10.0,2000.0,1.0,920.0,False
A27T2Z568L69U1,prim,3,10-2,10.0,2000.0,1.0,1400.0,False
A27T2Z568L69U1,prim,3,10-2,10.0,2000.0,3.0,20780.0,False
A27T2Z568L69U1,prim,3,10-2,10.0,2000.0,1.0,2259.0,False
A27T2Z568L69U1,prim,4,10-2,10.0,2000.0,2.0,243.0,False
A27T2Z568L69U1,prim,4,10-2,10.0,2000.0,1.0,23136.0,False
A27T2Z568L69U1,prim,4,10-2,10.0,2000.0,1.0,0.0,True
A27T2Z568L69U1,prim,4,10-2,10.0,2000.0,3.0,8643.0,False
A27T2Z568L69U1,prim,4,10-2,10.0,2000.0,1.0,9345.0,False
A27T2Z568L69U1,prim,4,10-2,10.0,2000.0,1.0,5761.0,False
A27T2Z568L69U1,prim,4,10-2,10.0,2000.0,1.0,12279.0,False
A27T2Z568L69U1,prim,4,10-2,10.0,2000.0,1.0,5642.0,False
A27T2Z568L69U1,prim,4,10-2,10.0,2000.0,2.0,2872.0,False
A27T2Z568L69U1,prim,4,10-2,10.0,2000.0,1.0,9823.0,False
A27T2Z568L69U1,prim,4,10-2,10.0,2000.0,1.0,1811.0,False
A27T2Z568L69U1,prim,4,10-2,10.0,2000.0,1.0,12912.0,False
A282UM3NAIM0YO,ns,1,10-2,10.0,2000.0,2.0,3545.0,False
A282UM3NAIM0YO,ns,1,10-2,10.0,2000.0,1.0,1615.0,False
A282UM3NAIM0YO,ns,1,10-2,10.0,2000.0,1.0,2270.0,False
A282UM3NAIM0YO,ns,1,10-2,10.0,2000.0,3.0,2443.0,False
A282UM3NAIM0YO,ns,1,10-2,10.0,2000.0,10.0,11767.0,False
A282UM3NAIM0YO,ns,1,10-2,10.0,2000.0,2.0,313.0,False
A282UM3NAIM0YO,ns,1,10-2,10.0,2000.0,2.0,5467.0,False
A282UM3NAIM0YO,ns,1,10-2,10.0,2000.0,10.0,0.0,True
A282UM3NAIM0YO,ns,2,10-2,10.0,2000.0,1.0,955.0,False
A282UM3NAIM0YO,ns,2,10-2,10.0,2000.0,10.0,3723.0,False
A282UM3NAIM0YO,ns,2,10-2,10.0,2000.0,9.0,618.0,False
A282UM3NAIM0YO,ns,2,10-2,10.0,2000.0,2.0,1037.0,False
A282UM3NAIM0YO,ns,2,10-2,10.0,2000.0,3.0,4453.0,False
A282UM3NAIM0YO,ns,2,10-2,10.0,2000.0,10.0,2787.0,False
A282UM3NAIM0YO,ns,2,10-2,10.0,2000.0,8.0,1781.0,False
A282UM3NAIM0YO,ns,2,10-2,10.0,2000.0,7.0,5011.0,False
A282UM3NAIM0YO,ns,2,10-2,10.0,2000.0,1.0,0.0,True
A282UM3NAIM0YO,ns,2,10-2,10.0,2000.0,7.0,242.0,False
A282UM3NAIM0YO,ns,3,10-2,10.0,2000.0,10.0,1163.0,False
A282UM3NAIM0YO,ns,3,10-2,10.0,2000.0,9.0,0.0,True
A282UM3NAIM0YO,ns,3,10-2,10.0,2000.0,10.0,3594.0,False
A282UM3NAIM0YO,ns,3,10-2,10.0,2000.0,10.0,1764.0,False
A282UM3NAIM0YO,ns,3,10-2,10.0,2000.0,10.0,1609.0,False
A282UM3NAIM0YO,ns,3,10-2,10.0,2000.0,10.0,5828.0,False
A282UM3NAIM0YO,ns,3,10-2,10.0,2000.0,10.0,416.0,False
A282UM3NAIM0YO,ns,3,10-2,10.0,2000.0,10.0,860.0,False
A282UM3NAIM0YO,ns,3,10-2,10.0,2000.0,10.0,559.0,False
A282UM3NAIM0YO,ns,4,10-2,10.0,2000.0,3.0,0.0,True
A282UM3NAIM0YO,ns,4,10-2,10.0,2000.0,9.0,6190.0,False
A282UM3NAIM0YO,ns,4,10-2,10.0,2000.0,9.0,2960.0,False
A282UM3NAIM0YO,ns,4,10-2,10.0,2000.0,10.0,5578.0,False
A282UM3NAIM0YO,ns,4,10-2,10.0,2000.0,9.0,13982.0,False
A282UM3NAIM0YO,ns,4,10-2,10.0,2000.0,10.0,6166.0,False
A282UM3NAIM0YO,ns,4,10-2,10.0,2000.0,10.0,10995.0,False
A282UM3NAIM0YO,ns,4,10-2,10.0,2000.0,9.0,1324.0,False
A282UM3NAIM0YO,ns,4,10-2,10.0,2000.0,2.0,3061.0,False
A289D98Z4GAZ28,prim,1,20-2,20.0,2000.0,1.0,0.0,True
A289D98Z4GAZ28,prim,1,20-2,20.0,2000.0,2.0,9320.60000000149,False
A289D98Z4GAZ28,prim,1,20-2,20.0,2000.0,1.0,4814.0,False
A289D98Z4GAZ28,prim,1,20-2,20.0,2000.0,1.0,5571.70000000298,False
A289D98Z4GAZ28,prim,1,20-2,20.0,2000.0,1.0,6133.89999999851,False
A289D98Z4GAZ28,prim,1,20-2,20.0,2000.0,1.0,6078.60000000149,False
A289D98Z4GAZ28,prim,1,20-2,20.0,2000.0,1.0,4526.500000007451,False
A289D98Z4GAZ28,prim,1,20-2,20.0,2000.0,1.0,8181.80000000447,False
A289D98Z4GAZ28,prim,1,20-2,20.0,2000.0,2.0,14745.70000000298,False
A289D98Z4GAZ28,prim,1,20-2,20.0,2000.0,1.0,6194.80000000447,False
A289D98Z4GAZ28,prim,1,20-2,20.0,2000.0,1.0,3987.89999999851,False
A289D98Z4GAZ28,prim,1,20-2,20.0,2000.0,1.0,6727.0,False
A289D98Z4GAZ28,prim,2,20-2,20.0,2000.0,1.0,1575.7999999970198,False
A289D98Z4GAZ28,prim,2,20-2,20.0,2000.0,1.0,4500.5,False
A289D98Z4GAZ28,prim,2,20-2,20.0,2000.0,1.0,8624.29999999702,False
A289D98Z4GAZ28,prim,2,20-2,20.0,2000.0,1.0,1012.5,False
A289D98Z4GAZ28,prim,2,20-2,20.0,2000.0,2.0,5557.5999999940395,False
A289D98Z4GAZ28,prim,2,20-2,20.0,2000.0,1.0,4534.29999999702,False
A289D98Z4GAZ28,prim,2,20-2,20.0,2000.0,1.0,3745.7999999970198,False
A289D98Z4GAZ28,prim,2,20-2,20.0,2000.0,1.0,5528.5999999940395,False
A289D98Z4GAZ28,prim,2,20-2,20.0,2000.0,1.0,5636.999999992549,False
A289D98Z4GAZ28,prim,2,20-2,20.0,2000.0,3.0,2211.5999999940395,False
A289D98Z4GAZ28,prim,2,20-2,20.0,2000.0,1.0,0.0,True
A289D98Z4GAZ28,prim,2,20-2,20.0,2000.0,1.0,1861.5999999940395,False
A289D98Z4GAZ28,prim,3,20-2,20.0,2000.0,1.0,2177.89999999851,False
A289D98Z4GAZ28,prim,3,20-2,20.0,2000.0,1.0,4723.29999999702,False
A289D98Z4GAZ28,prim,3,20-2,20.0,2000.0,2.0,1988.5,False
A289D98Z4GAZ28,prim,3,20-2,20.0,2000.0,1.0,761.9999999962747,False
A289D98Z4GAZ28,prim,3,20-2,20.0,2000.0,1.0,64.5,False
A289D98Z4GAZ28,prim,3,20-2,20.0,2000.0,1.0,2086.60000000149,False
A289D98Z4GAZ28,prim,3,20-2,20.0,2000.0,20.0,0.0,True
A289D98Z4GAZ28,prim,3,20-2,20.0,2000.0,1.0,3726.2999999970198,False
A289D98Z4GAZ28,prim,3,20-2,20.0,2000.0,1.0,8052.39999999851,False
A289D98Z4GAZ28,prim,3,20-2,20.0,2000.0,1.0,2061.5,False
A289D98Z4GAZ28,prim,3,20-2,20.0,2000.0,2.0,1585.0,False
A289D98Z4GAZ28,prim,4,20-2,20.0,2000.0,1.0,3840.5,False
A289D98Z4GAZ28,prim,4,20-2,20.0,2000.0,1.0,1638.2999999970198,False
A289D98Z4GAZ28,prim,4,20-2,20.0,2000.0,1.0,0.0,True
A289D98Z4GAZ28,prim,4,20-2,20.0,2000.0,1.0,3579.6999999955297,False
A289D98Z4GAZ28,prim,4,20-2,20.0,2000.0,1.0,1739.5,False
A289D98Z4GAZ28,prim,4,20-2,20.0,2000.0,1.0,1983.0,False
A289D98Z4GAZ28,prim,4,20-2,20.0,2000.0,1.0,2383.1999999955297,False
A289D98Z4GAZ28,prim,4,20-2,20.0,2000.0,1.0,2742.7000000029802,False
A289D98Z4GAZ28,prim,4,20-2,20.0,2000.0,1.0,2034.1000000014901,False
A289D98Z4GAZ28,prim,4,20-2,20.0,2000.0,1.0,3740.5,False
A289D98Z4GAZ28,prim,4,20-2,20.0,2000.0,1.0,1121.0,False
A28OD52SMLYQ16,rec,1,30-1,30.0,1000.0,5.0,0.0,True
A28OD52SMLYQ16,rec,1,30-1,30.0,1000.0,30.0,5994.0,False
A28OD52SMLYQ16,rec,1,30-1,30.0,1000.0,27.0,4699.0,False
A28OD52SMLYQ16,rec,1,30-1,30.0,1000.0,29.0,3068.0,False
A28OD52SMLYQ16,rec,1,30-1,30.0,1000.0,30.0,5833.0,False
A28OD52SMLYQ16,rec,1,30-1,30.0,1000.0,27.0,1873.0,False
A28OD52SMLYQ16,rec,1,30-1,30.0,1000.0,27.0,1941.0,False
A28OD52SMLYQ16,rec,1,30-1,30.0,1000.0,30.0,2248.0,False
A28OD52SMLYQ16,rec,1,30-1,30.0,1000.0,29.0,2746.0,False
A28OD52SMLYQ16,rec,1,30-1,30.0,1000.0,28.0,4741.0,False
A28OD52SMLYQ16,rec,2,30-1,30.0,1000.0,30.0,8409.0,False
A28OD52SMLYQ16,rec,2,30-1,30.0,1000.0,27.0,1322.0,False
A28OD52SMLYQ16,rec,2,30-1,30.0,1000.0,26.0,7654.0,False
A28OD52SMLYQ16,rec,2,30-1,30.0,1000.0,28.0,10515.0,False
A28OD52SMLYQ16,rec,2,30-1,30.0,1000.0,27.0,3434.0,False
A28OD52SMLYQ16,rec,2,30-1,30.0,1000.0,29.0,2190.0,False
A28OD52SMLYQ16,rec,2,30-1,30.0,1000.0,30.0,0.0,True
A28OD52SMLYQ16,rec,2,30-1,30.0,1000.0,26.0,980.0,False
A28OD52SMLYQ16,rec,2,30-1,30.0,1000.0,30.0,1412.0,False
A28OD52SMLYQ16,rec,2,30-1,30.0,1000.0,28.0,630.0,False
A28OD52SMLYQ16,rec,2,30-1,30.0,1000.0,29.0,393.0,False
A28OD52SMLYQ16,rec,2,30-1,30.0,1000.0,29.0,1731.0,False
A28OD52SMLYQ16,rec,3,30-1,30.0,1000.0,1.0,188.0,False
A28OD52SMLYQ16,rec,3,30-1,30.0,1000.0,28.0,2028.0,False
A28OD52SMLYQ16,rec,3,30-1,30.0,1000.0,26.0,5509.0,False
A28OD52SMLYQ16,rec,3,30-1,30.0,1000.0,29.0,393.0,False
A28OD52SMLYQ16,rec,3,30-1,30.0,1000.0,29.0,1471.0,False
A28OD52SMLYQ16,rec,3,30-1,30.0,1000.0,1.0,15435.0,False
A28OD52SMLYQ16,rec,3,30-1,30.0,1000.0,21.0,15838.0,False
A28OD52SMLYQ16,rec,3,30-1,30.0,1000.0,30.0,1744.0,False
A28OD52SMLYQ16,rec,3,30-1,30.0,1000.0,30.0,0.0,True
A28OD52SMLYQ16,rec,3,30-1,30.0,1000.0,18.0,5152.0,False
A28OD52SMLYQ16,rec,4,30-1,30.0,1000.0,22.0,0.0,True
A28OD52SMLYQ16,rec,4,30-1,30.0,1000.0,24.0,5119.0,False
A28OD52SMLYQ16,rec,4,30-1,30.0,1000.0,29.0,2881.0,False
A28OD52SMLYQ16,rec,4,30-1,30.0,1000.0,28.0,6915.0,False
A28OD52SMLYQ16,rec,4,30-1,30.0,1000.0,30.0,5874.0,False
A28OD52SMLYQ16,rec,4,30-1,30.0,1000.0,30.0,930.0,False
A28OD52SMLYQ16,rec,4,30-1,30.0,1000.0,27.0,8467.0,False
A28OD52SMLYQ16,rec,4,30-1,30.0,1000.0,20.0,5000.0,False
A28OD52SMLYQ16,rec,4,30-1,30.0,1000.0,29.0,2955.0,False
A28OD52SMLYQ16,rec,4,30-1,30.0,1000.0,27.0,8097.0,False
A28OD52SMLYQ16,rec,4,30-1,30.0,1000.0,28.0,2932.0,False
A28TA25NJGLL3Y,prim,1,30-1,30.0,1000.0,2.0,1643.0,False
A28TA25NJGLL3Y,prim,1,30-1,30.0,1000.0,1.0,1328.0,False
A28TA25NJGLL3Y,prim,1,30-1,30.0,1000.0,3.0,30133.0,False
A28TA25NJGLL3Y,prim,1,30-1,30.0,1000.0,1.0,9090.0,False
A28TA25NJGLL3Y,prim,1,30-1,30.0,1000.0,5.0,3982.0,False
A28TA25NJGLL3Y,prim,1,30-1,30.0,1000.0,30.0,29702.0,False
A28TA25NJGLL3Y,prim,1,30-1,30.0,1000.0,1.0,15213.0,False
A28TA25NJGLL3Y,prim,1,30-1,30.0,1000.0,3.0,0.0,True
A28TA25NJGLL3Y,prim,1,30-1,30.0,1000.0,5.0,4759.0,False
A28TA25NJGLL3Y,prim,2,30-1,30.0,1000.0,1.0,1707.0,False
A28TA25NJGLL3Y,prim,2,30-1,30.0,1000.0,3.0,1636.0,False
A28TA25NJGLL3Y,prim,2,30-1,30.0,1000.0,1.0,1947.0,False
A28TA25NJGLL3Y,prim,2,30-1,30.0,1000.0,3.0,14058.0,False
A28TA25NJGLL3Y,prim,2,30-1,30.0,1000.0,2.0,11030.0,False
A28TA25NJGLL3Y,prim,2,30-1,30.0,1000.0,2.0,1979.0,False
A28TA25NJGLL3Y,prim,2,30-1,30.0,1000.0,3.0,4462.0,False
A28TA25NJGLL3Y,prim,2,30-1,30.0,1000.0,2.0,7128.0,False
A28TA25NJGLL3Y,prim,2,30-1,30.0,1000.0,3.0,2533.0,False
A28TA25NJGLL3Y,prim,2,30-1,30.0,1000.0,1.0,6088.0,False
A28TA25NJGLL3Y,prim,2,30-1,30.0,1000.0,13.0,0.0,True
A28TA25NJGLL3Y,prim,2,30-1,30.0,1000.0,12.0,3711.0,False
A28TA25NJGLL3Y,prim,3,30-1,30.0,1000.0,1.0,0.0,True
A28TA25NJGLL3Y,prim,3,30-1,30.0,1000.0,1.0,5331.0,False
A28TA25NJGLL3Y,prim,3,30-1,30.0,1000.0,3.0,5736.0,False
A28TA25NJGLL3Y,prim,3,30-1,30.0,1000.0,2.0,2899.0,False
A28TA25NJGLL3Y,prim,3,30-1,30.0,1000.0,4.0,14450.0,False
A28TA25NJGLL3Y,prim,3,30-1,30.0,1000.0,3.0,3644.0,False
A28TA25NJGLL3Y,prim,3,30-1,30.0,1000.0,1.0,3651.0,False
A28TA25NJGLL3Y,prim,4,30-1,30.0,1000.0,1.0,15994.0,False
A28TA25NJGLL3Y,prim,4,30-1,30.0,1000.0,1.0,15336.0,False
A28TA25NJGLL3Y,prim,4,30-1,30.0,1000.0,1.0,2925.0,False
A28TA25NJGLL3Y,prim,4,30-1,30.0,1000.0,2.0,10791.0,False
A28TA25NJGLL3Y,prim,4,30-1,30.0,1000.0,2.0,53924.0,False
A28TA25NJGLL3Y,prim,4,30-1,30.0,1000.0,2.0,0.0,True
A28ZPY6D5AS7GZ,ns,1,30-1,30.0,1000.0,30.0,0.0,True
A28ZPY6D5AS7GZ,ns,1,30-1,30.0,1000.0,1.0,5434.89999999851,False
A28ZPY6D5AS7GZ,ns,1,30-1,30.0,1000.0,29.0,5843.20000000298,False
A28ZPY6D5AS7GZ,ns,1,30-1,30.0,1000.0,1.0,3203.3999999985094,False
A28ZPY6D5AS7GZ,ns,1,30-1,30.0,1000.0,1.0,2556.3999999985094,False
A28ZPY6D5AS7GZ,ns,1,30-1,30.0,1000.0,23.0,2522.6000000014897,False
A28ZPY6D5AS7GZ,ns,1,30-1,30.0,1000.0,30.0,2090.50000000745,False
A28ZPY6D5AS7GZ,ns,1,30-1,30.0,1000.0,30.0,503.60000000148966,False
A28ZPY6D5AS7GZ,ns,1,30-1,30.0,1000.0,30.0,2386.20000000298,False
A28ZPY6D5AS7GZ,ns,1,30-1,30.0,1000.0,7.0,1579.9999999999995,False
A28ZPY6D5AS7GZ,ns,1,30-1,30.0,1000.0,17.0,1619.80000000447,False
A28ZPY6D5AS7GZ,ns,2,30-1,30.0,1000.0,1.0,3507.3000000119196,False
A28ZPY6D5AS7GZ,ns,2,30-1,30.0,1000.0,3.0,463.60000000894024,False
A28ZPY6D5AS7GZ,ns,2,30-1,30.0,1000.0,1.0,454.60000000894024,False
A28ZPY6D5AS7GZ,ns,2,30-1,30.0,1000.0,1.0,1509.6000000089402,False
A28ZPY6D5AS7GZ,ns,2,30-1,30.0,1000.0,30.0,209.6000000089398,False
A28ZPY6D5AS7GZ,ns,2,30-1,30.0,1000.0,30.0,0.0,True
A28ZPY6D5AS7GZ,ns,2,30-1,30.0,1000.0,30.0,105.90000000596001,False
A28ZPY6D5AS7GZ,ns,2,30-1,30.0,1000.0,2.0,1025.7000000029798,False
A28ZPY6D5AS7GZ,ns,2,30-1,30.0,1000.0,1.0,550.40000000596,False
A28ZPY6D5AS7GZ,ns,2,30-1,30.0,1000.0,1.0,383.7000000029798,False
A28ZPY6D5AS7GZ,ns,2,30-1,30.0,1000.0,29.0,1280.1000000089402,False
A28ZPY6D5AS7GZ,ns,3,30-1,30.0,1000.0,30.0,317.0999999977648,False
A28ZPY6D5AS7GZ,ns,3,30-1,30.0,1000.0,25.0,1935.5,False
A28ZPY6D5AS7GZ,ns,3,30-1,30.0,1000.0,29.0,1764.5,False
A28ZPY6D5AS7GZ,ns,3,30-1,30.0,1000.0,23.0,1938.0,False
A28ZPY6D5AS7GZ,ns,3,30-1,30.0,1000.0,30.0,0.0,True
A28ZPY6D5AS7GZ,ns,3,30-1,30.0,1000.0,26.0,497.0999999977648,False
A28ZPY6D5AS7GZ,ns,3,30-1,30.0,1000.0,29.0,410.0,False
A28ZPY6D5AS7GZ,ns,3,30-1,30.0,1000.0,2.0,2129.39999999851,False
A28ZPY6D5AS7GZ,ns,3,30-1,30.0,1000.0,30.0,2559.7000000029802,False
A28ZPY6D5AS7GZ,ns,3,30-1,30.0,1000.0,1.0,932.6000000014901,False
A28ZPY6D5AS7GZ,ns,3,30-1,30.0,1000.0,30.0,2502.699999999255,False
A28ZPY6D5AS7GZ,ns,3,30-1,30.0,1000.0,30.0,617.1999999992549,False
A29J4LL0MQL3AC,prim,1,15-2,15.0,2000.0,1.0,0.0,True
A29J4LL0MQL3AC,prim,1,15-2,15.0,2000.0,1.0,10192.100000023842,False
A29J4LL0MQL3AC,prim,1,15-2,15.0,2000.0,1.0,5115.100000023842,False
A29J4LL0MQL3AC,prim,1,15-2,15.0,2000.0,1.0,11712.200000047684,False
A29J4LL0MQL3AC,prim,1,15-2,15.0,2000.0,1.0,19724.100000023842,False
A29J4LL0MQL3AC,prim,1,15-2,15.0,2000.0,3.0,8415.100000023842,False
A29J4LL0MQL3AC,prim,1,15-2,15.0,2000.0,1.0,4037.7999999523163,False
A29J4LL0MQL3AC,prim,1,15-2,15.0,2000.0,2.0,12981.600000023842,False
A29J4LL0MQL3AC,prim,1,15-2,15.0,2000.0,1.0,2763.100000023842,False
A29J4LL0MQL3AC,prim,1,15-2,15.0,2000.0,1.0,4245.5,False
A29J4LL0MQL3AC,prim,1,15-2,15.0,2000.0,1.0,387.5,False
A29J4LL0MQL3AC,prim,2,15-2,15.0,2000.0,5.0,10935.199999928474,False
A29J4LL0MQL3AC,prim,2,15-2,15.0,2000.0,2.0,30838.199999928474,False
A29J4LL0MQL3AC,prim,2,15-2,15.0,2000.0,1.0,3332.299999833107,False
A29J4LL0MQL3AC,prim,2,15-2,15.0,2000.0,1.0,24219.89999985695,False
A29J4LL0MQL3AC,prim,2,15-2,15.0,2000.0,2.0,16056.899999856949,False
A29J4LL0MQL3AC,prim,2,15-2,15.0,2000.0,3.0,8160.899999976158,False
A29J4LL0MQL3AC,prim,2,15-2,15.0,2000.0,3.0,10407.599999904633,False
A29J4LL0MQL3AC,prim,2,15-2,15.0,2000.0,2.0,2298.600000023842,False
A29J4LL0MQL3AC,prim,2,15-2,15.0,2000.0,2.0,0.0,True
A29J4LL0MQL3AC,prim,3,15-2,15.0,2000.0,2.0,187.69999980926468,False
A29J4LL0MQL3AC,prim,3,15-2,15.0,2000.0,1.0,23391.099999904636,False
A29J4LL0MQL3AC,prim,3,15-2,15.0,2000.0,3.0,15079.200000047684,False
A29J4LL0MQL3AC,prim,3,15-2,15.0,2000.0,2.0,18968.200000047684,False
A29J4LL0MQL3AC,prim,3,15-2,15.0,2000.0,1.0,3951.299999952316,False
A29J4LL0MQL3AC,prim,3,15-2,15.0,2000.0,2.0,1381.2999999523158,False
A29J4LL0MQL3AC,prim,3,15-2,15.0,2000.0,1.0,0.0,True
A29J4LL0MQL3AC,prim,3,15-2,15.0,2000.0,1.0,15617.0,False
A29J4LL0MQL3AC,prim,3,15-2,15.0,2000.0,1.0,3619.4999999999995,False
A29J4LL0MQL3AC,prim,3,15-2,15.0,2000.0,1.0,27055.699999809265,False
A29J4LL0MQL3AC,prim,4,15-2,15.0,2000.0,1.0,0.0,True
A29J4LL0MQL3AC,prim,4,15-2,15.0,2000.0,1.0,810.5000000037253,False
A29J4LL0MQL3AC,prim,4,15-2,15.0,2000.0,1.0,3753.800000000745,False
A29J4LL0MQL3AC,prim,4,15-2,15.0,2000.0,1.0,12567.999999999996,False
A29J4LL0MQL3AC,prim,4,15-2,15.0,2000.0,1.0,214.0,False
A29J4LL0MQL3AC,prim,4,15-2,15.0,2000.0,1.0,29782.5,False
A29J4LL0MQL3AC,prim,4,15-2,15.0,2000.0,1.0,7680.000000000002,False
A29J4LL0MQL3AC,prim,4,15-2,15.0,2000.0,1.0,18399.900000002235,False
A29J4LL0MQL3AC,prim,4,15-2,15.0,2000.0,1.0,11596.10000000149,False
A29J4LL0MQL3AC,prim,4,15-2,15.0,2000.0,1.0,31985.39999999851,False
A29J4LL0MQL3AC,prim,4,15-2,15.0,2000.0,1.0,6580.70000000298,False
A29JQ7VMQ1HKYP,ns,1,40-1,40.0,1000.0,2.0,1975.6999998092651,False
A29JQ7VMQ1HKYP,ns,1,40-1,40.0,1000.0,2.0,5102.7000000476855,False
A29JQ7VMQ1HKYP,ns,1,40-1,40.0,1000.0,1.0,4212.399999856949,False
A29JQ7VMQ1HKYP,ns,1,40-1,40.0,1000.0,6.0,0.0,True
A29JQ7VMQ1HKYP,ns,1,40-1,40.0,1000.0,2.0,11645.700000047684,False
A29JQ7VMQ1HKYP,ns,1,40-1,40.0,1000.0,5.0,15707.699999809269,False
A29JQ7VMQ1HKYP,ns,1,40-1,40.0,1000.0,3.0,21204.799999713898,False
A29JQ7VMQ1HKYP,ns,1,40-1,40.0,1000.0,1.0,2636.2999997138977,False
A29JQ7VMQ1HKYP,ns,1,40-1,40.0,1000.0,1.0,1718.3999998569489,False
A29JQ7VMQ1HKYP,ns,1,40-1,40.0,1000.0,5.0,11113.399999856949,False
A29JQ7VMQ1HKYP,ns,1,40-1,40.0,1000.0,2.0,13495.499999761589,False
A29JQ7VMQ1HKYP,ns,1,40-1,40.0,1000.0,1.0,2684.0999999046326,False
A29JQ7VMQ1HKYP,ns,2,40-1,40.0,1000.0,1.0,0.0,True
A29JQ7VMQ1HKYP,ns,2,40-1,40.0,1000.0,32.0,20937.900000095367,False
A29JQ7VMQ1HKYP,ns,2,40-1,40.0,1000.0,40.0,3731.5999999046326,False
A29JQ7VMQ1HKYP,ns,2,40-1,40.0,1000.0,3.0,3792.7999997138977,False
A29JQ7VMQ1HKYP,ns,2,40-1,40.0,1000.0,28.0,5479.0,False
A29JQ7VMQ1HKYP,ns,2,40-1,40.0,1000.0,40.0,770.7000002861023,False
A29JQ7VMQ1HKYP,ns,2,40-1,40.0,1000.0,39.0,547.7000002861023,False
A29JQ7VMQ1HKYP,ns,2,40-1,40.0,1000.0,2.0,4110.799999713898,False
A29JQ7VMQ1HKYP,ns,2,40-1,40.0,1000.0,5.0,5722.0,False
A29JQ7VMQ1HKYP,ns,2,40-1,40.0,1000.0,3.0,4485.400000095367,False
A29JQ7VMQ1HKYP,ns,3,40-1,40.0,1000.0,37.0,596.5999999940404,False
A29JQ7VMQ1HKYP,ns,3,40-1,40.0,1000.0,34.0,1100.699999988079,False
A29JQ7VMQ1HKYP,ns,3,40-1,40.0,1000.0,14.0,2046.300000011921,False
A29JQ7VMQ1HKYP,ns,3,40-1,40.0,1000.0,39.0,0.0,True
A29JQ7VMQ1HKYP,ns,3,40-1,40.0,1000.0,39.0,1697.4000000059596,False
A29JQ7VMQ1HKYP,ns,3,40-1,40.0,1000.0,3.0,3284.5999999940395,False
A29JQ7VMQ1HKYP,ns,3,40-1,40.0,1000.0,26.0,2322.300000011921,False
A29JQ7VMQ1HKYP,ns,3,40-1,40.0,1000.0,37.0,1883.3999999761581,False
A29JQ7VMQ1HKYP,ns,3,40-1,40.0,1000.0,31.0,6249.5,False
A29JQ7VMQ1HKYP,ns,3,40-1,40.0,1000.0,2.0,1683.800000011921,False
A29JQ7VMQ1HKYP,ns,3,40-1,40.0,1000.0,1.0,22256.69999998808,False
A29JQ7VMQ1HKYP,ns,4,40-1,40.0,1000.0,29.0,3172.6999999284744,False
A29JQ7VMQ1HKYP,ns,4,40-1,40.0,1000.0,40.0,184.19999992847443,False
A29JQ7VMQ1HKYP,ns,4,40-1,40.0,1000.0,38.0,1205.3999999761581,False
A29JQ7VMQ1HKYP,ns,4,40-1,40.0,1000.0,24.0,16463.80000007153,False
A29JQ7VMQ1HKYP,ns,4,40-1,40.0,1000.0,4.0,14232.80000007153,False
A29JQ7VMQ1HKYP,ns,4,40-1,40.0,1000.0,1.0,11052.900000095367,False
A29JQ7VMQ1HKYP,ns,4,40-1,40.0,1000.0,40.0,0.0,True
A29JQ7VMQ1HKYP,ns,4,40-1,40.0,1000.0,1.0,9989.0,False
A2ASRB2MTHDHPD,prim,1,30-1,30.0,1000.0,1.0,0.0,True
A2ASRB2MTHDHPD,prim,1,30-1,30.0,1000.0,1.0,7106.70000000298,False
A2ASRB2MTHDHPD,prim,1,30-1,30.0,1000.0,3.0,3894.0,False
A2ASRB2MTHDHPD,prim,1,30-1,30.0,1000.0,1.0,6933.900000002235,False
A2ASRB2MTHDHPD,prim,1,30-1,30.0,1000.0,3.0,6397.900000002235,False
A2ASRB2MTHDHPD,prim,1,30-1,30.0,1000.0,1.0,9222.699999999255,False
A2ASRB2MTHDHPD,prim,1,30-1,30.0,1000.0,3.0,9390.70000000298,False
A2ASRB2MTHDHPD,prim,1,30-1,30.0,1000.0,1.0,9908.900000002235,False
A2ASRB2MTHDHPD,prim,1,30-1,30.0,1000.0,1.0,5974.900000002235,False
A2ASRB2MTHDHPD,prim,2,30-1,30.0,1000.0,1.0,0.0,True
A2ASRB2MTHDHPD,prim,2,30-1,30.0,1000.0,1.0,3243.89999999851,False
A2ASRB2MTHDHPD,prim,2,30-1,30.0,1000.0,2.0,4166.29999999702,False
A2ASRB2MTHDHPD,prim,2,30-1,30.0,1000.0,1.0,3627.0,False
A2ASRB2MTHDHPD,prim,2,30-1,30.0,1000.0,1.0,5780.39999999851,False
A2ASRB2MTHDHPD,prim,2,30-1,30.0,1000.0,2.0,4020.5,False
A2ASRB2MTHDHPD,prim,2,30-1,30.0,1000.0,1.0,9576.199999999253,False
A2ASRB2MTHDHPD,prim,2,30-1,30.0,1000.0,1.0,8654.29999999702,False
A2ASRB2MTHDHPD,prim,2,30-1,30.0,1000.0,3.0,7599.199999999253,False
A2ASRB2MTHDHPD,prim,2,30-1,30.0,1000.0,1.0,3761.39999999851,False
A2ASRB2MTHDHPD,prim,3,30-1,30.0,1000.0,1.0,0.0,True
A2ASRB2MTHDHPD,prim,3,30-1,30.0,1000.0,1.0,10397.199999988079,False
A2ASRB2MTHDHPD,prim,3,30-1,30.0,1000.0,1.0,9790.399999976158,False
A2ASRB2MTHDHPD,prim,3,30-1,30.0,1000.0,1.0,6718.599999964239,False
A2ASRB2MTHDHPD,prim,3,30-1,30.0,1000.0,1.0,10860.4999999702,False
A2ASRB2MTHDHPD,prim,3,30-1,30.0,1000.0,1.0,7712.399999976158,False
A2ASRB2MTHDHPD,prim,3,30-1,30.0,1000.0,1.0,9620.399999976158,False
A2ASRB2MTHDHPD,prim,3,30-1,30.0,1000.0,2.0,7682.4999999701995,False
A2ASRB2MTHDHPD,prim,3,30-1,30.0,1000.0,1.0,8083.199999988079,False
A2ASRB2MTHDHPD,prim,3,30-1,30.0,1000.0,1.0,6770.299999982119,False
A2ASRB2MTHDHPD,prim,3,30-1,30.0,1000.0,1.0,10481.099999964239,False
A2ASRB2MTHDHPD,prim,4,30-1,30.0,1000.0,1.0,0.0,True
A2ASRB2MTHDHPD,prim,4,30-1,30.0,1000.0,1.0,4154.199999928474,False
A2ASRB2MTHDHPD,prim,4,30-1,30.0,1000.0,1.0,3891.5,False
A2ASRB2MTHDHPD,prim,4,30-1,30.0,1000.0,1.0,4652.300000011921,False
A2ASRB2MTHDHPD,prim,4,30-1,30.0,1000.0,2.0,12936.599999964237,False
A2ASRB2MTHDHPD,prim,4,30-1,30.0,1000.0,1.0,5516.899999976158,False
A2ASRB2MTHDHPD,prim,4,30-1,30.0,1000.0,2.0,24632.9999999404,False
A2ASRB2MTHDHPD,prim,4,30-1,30.0,1000.0,2.0,2251.0,False
A2ASRB2MTHDHPD,prim,4,30-1,30.0,1000.0,15.0,3531.7999999523163,False
A2ASRB2MTHDHPD,prim,4,30-1,30.0,1000.0,1.0,4067.4999999403954,False
A2ASRB2MTHDHPD,prim,4,30-1,30.0,1000.0,1.0,4136.899999976158,False
A2BREH6STESM0G,rec,1,10-2,10.0,2000.0,3.0,632.0,False
A2BREH6STESM0G,rec,1,10-2,10.0,2000.0,1.0,689.8000000715256,False
A2BREH6STESM0G,rec,1,10-2,10.0,2000.0,1.0,0.0,True
A2BREH6STESM0G,rec,1,10-2,10.0,2000.0,2.0,30379.100000023842,False
A2BREH6STESM0G,rec,1,10-2,10.0,2000.0,10.0,1069.0,False
A2BREH6STESM0G,rec,1,10-2,10.0,2000.0,1.0,1291.1000000238419,False
A2BREH6STESM0G,rec,1,10-2,10.0,2000.0,2.0,1094.7999999523163,False
A2BREH6STESM0G,rec,1,10-2,10.0,2000.0,9.0,1965.8999999761581,False
A2BREH6STESM0G,rec,2,10-2,10.0,2000.0,9.0,0.0,True
A2BREH6STESM0G,rec,2,10-2,10.0,2000.0,1.0,14095.799999952316,False
A2BREH6STESM0G,rec,2,10-2,10.0,2000.0,9.0,966.0,False
A2BREH6STESM0G,rec,2,10-2,10.0,2000.0,10.0,1675.1000000238419,False
A2BREH6STESM0G,rec,2,10-2,10.0,2000.0,10.0,3615.899999976158,False
A2BREH6STESM0G,rec,2,10-2,10.0,2000.0,9.0,872.1000000238419,False
A2BREH6STESM0G,rec,2,10-2,10.0,2000.0,10.0,5963.099999904633,False
A2BREH6STESM0G,rec,2,10-2,10.0,2000.0,10.0,956.2999999523163,False
A2BREH6STESM0G,rec,2,10-2,10.0,2000.0,10.0,9461.899999976158,False
A2BREH6STESM0G,rec,3,10-2,10.0,2000.0,1.0,0.0,True
A2BREH6STESM0G,rec,3,10-2,10.0,2000.0,3.0,8857.400000000373,False
A2BREH6STESM0G,rec,3,10-2,10.0,2000.0,9.0,6794.5,False
A2BREH6STESM0G,rec,3,10-2,10.0,2000.0,8.0,18052.700000000183,False
A2BREH6STESM0G,rec,3,10-2,10.0,2000.0,10.0,5438.300000000279,False
A2BREH6STESM0G,rec,3,10-2,10.0,2000.0,6.0,1037.8999999999069,False
A2BREH6STESM0G,rec,3,10-2,10.0,2000.0,9.0,1284.5,False
A2BREH6STESM0G,rec,3,10-2,10.0,2000.0,8.0,1826.1999999997206,False
A2BREH6STESM0G,rec,3,10-2,10.0,2000.0,6.0,2895.7000000001863,False
A2BREH6STESM0G,rec,3,10-2,10.0,2000.0,10.0,3127.7000000001863,False
A2BREH6STESM0G,rec,4,10-2,10.0,2000.0,10.0,0.0,True
A2BREH6STESM0G,rec,4,10-2,10.0,2000.0,9.0,3290.2000000029807,False
A2BREH6STESM0G,rec,4,10-2,10.0,2000.0,10.0,3116.29999999702,False
A2BREH6STESM0G,rec,4,10-2,10.0,2000.0,10.0,2300.0000000000005,False
A2BREH6STESM0G,rec,4,10-2,10.0,2000.0,10.0,1116.900000005961,False
A2BREH6STESM0G,rec,4,10-2,10.0,2000.0,10.0,5991.20000000298,False
A2BTEQA95MCIHU,prim,1,20-2,20.0,2000.0,1.0,1411.5000009536761,False
A2BTEQA95MCIHU,prim,1,20-2,20.0,2000.0,1.0,8925.100001335144,False
A2BTEQA95MCIHU,prim,1,20-2,20.0,2000.0,1.0,8222.60000038147,False
A2BTEQA95MCIHU,prim,1,20-2,20.0,2000.0,2.0,4721.700000762939,False
A2BTEQA95MCIHU,prim,1,20-2,20.0,2000.0,1.0,0.0,True
A2BTEQA95MCIHU,prim,1,20-2,20.0,2000.0,1.0,3846.1000003814697,False
A2BTEQA95MCIHU,prim,2,20-2,20.0,2000.0,1.0,361.7999992370587,False
A2BTEQA95MCIHU,prim,2,20-2,20.0,2000.0,1.0,3301.5999994277954,False
A2BTEQA95MCIHU,prim,2,20-2,20.0,2000.0,3.0,1343.9999990463257,False
A2BTEQA95MCIHU,prim,2,20-2,20.0,2000.0,3.0,11168.099999427795,False
A2BTEQA95MCIHU,prim,2,20-2,20.0,2000.0,10.0,20157.899998664856,False
A2BTEQA95MCIHU,prim,2,20-2,20.0,2000.0,1.0,4811.800000190735,False
A2BTEQA95MCIHU,prim,2,20-2,20.0,2000.0,20.0,1419.4999990463257,False
A2BTEQA95MCIHU,prim,2,20-2,20.0,2000.0,20.0,0.0,True
A2BTEQA95MCIHU,prim,3,20-2,20.0,2000.0,1.0,765.6999998092651,False
A2BTEQA95MCIHU,prim,3,20-2,20.0,2000.0,20.0,6743.099999427795,False
A2BTEQA95MCIHU,prim,3,20-2,20.0,2000.0,1.0,26864.0,False
A2BTEQA95MCIHU,prim,3,20-2,20.0,2000.0,3.0,3074.800000190735,False
A2BTEQA95MCIHU,prim,3,20-2,20.0,2000.0,1.0,11272.29999923706,False
A2BTEQA95MCIHU,prim,3,20-2,20.0,2000.0,1.0,0.0,True
A2BTEQA95MCIHU,prim,4,20-2,20.0,2000.0,3.0,0.0,True
A2BTEQA95MCIHU,prim,4,20-2,20.0,2000.0,4.0,3551.0,False
A2BTEQA95MCIHU,prim,4,20-2,20.0,2000.0,1.0,4990.60000038147,False
A2BUHMLNE3LUU0,ns,1,30-1,30.0,1000.0,13.0,0.0,True
A2BUHMLNE3LUU0,ns,1,30-1,30.0,1000.0,10.0,4298.099999997765,False
A2BUHMLNE3LUU0,ns,1,30-1,30.0,1000.0,18.0,5998.099999997765,False
A2BUHMLNE3LUU0,ns,1,30-1,30.0,1000.0,12.0,1840.699999999255,False
A2BUHMLNE3LUU0,ns,1,30-1,30.0,1000.0,11.0,1700.800000000745,False
A2BUHMLNE3LUU0,ns,1,30-1,30.0,1000.0,18.0,2205.5,False
A2BUHMLNE3LUU0,ns,1,30-1,30.0,1000.0,8.0,1353.699999999255,False
A2BUHMLNE3LUU0,ns,1,30-1,30.0,1000.0,13.0,2013.7999999970198,False
A2BUHMLNE3LUU0,ns,1,30-1,30.0,1000.0,14.0,2730.2999999970198,False
A2BUHMLNE3LUU0,ns,1,30-1,30.0,1000.0,30.0,4594.70000000298,False
A2BUHMLNE3LUU0,ns,1,30-1,30.0,1000.0,30.0,4634.70000000298,False
A2BUHMLNE3LUU0,ns,2,30-1,30.0,1000.0,30.0,0.0,True
A2BUHMLNE3LUU0,ns,2,30-1,30.0,1000.0,22.0,9933.0,False
A2BUHMLNE3LUU0,ns,2,30-1,30.0,1000.0,13.0,9828.90000000596,False
A2BUHMLNE3LUU0,ns,2,30-1,30.0,1000.0,18.0,9643.60000000149,False
A2BUHMLNE3LUU0,ns,2,30-1,30.0,1000.0,4.0,10739.40000000596,False
A2BUHMLNE3LUU0,ns,2,30-1,30.0,1000.0,16.0,5364.4000000059605,False
A2BUHMLNE3LUU0,ns,2,30-1,30.0,1000.0,30.0,7411.89999999851,False
A2BUHMLNE3LUU0,ns,2,30-1,30.0,1000.0,28.0,14174.90000000596,False
A2BUHMLNE3LUU0,ns,3,30-1,30.0,1000.0,30.0,0.0,True
A2BUHMLNE3LUU0,ns,3,30-1,30.0,1000.0,22.0,2477.8000000044703,False
A2BUHMLNE3LUU0,ns,3,30-1,30.0,1000.0,19.0,855.3000000044703,False
A2BUHMLNE3LUU0,ns,3,30-1,30.0,1000.0,22.0,5446.0,False
A2BUHMLNE3LUU0,ns,3,30-1,30.0,1000.0,20.0,4574.60000000149,False
A2BUHMLNE3LUU0,ns,3,30-1,30.0,1000.0,29.0,1918.9000000059605,False
A2BUHMLNE3LUU0,ns,3,30-1,30.0,1000.0,30.0,6513.70000000298,False
A2BUHMLNE3LUU0,ns,3,30-1,30.0,1000.0,25.0,2524.2000000029802,False
A2BUHMLNE3LUU0,ns,3,30-1,30.0,1000.0,29.0,5860.30000000447,False
A2BUHMLNE3LUU0,ns,3,30-1,30.0,1000.0,26.0,10124.40000000596,False
A2BUHMLNE3LUU0,ns,4,30-1,30.0,1000.0,27.0,0.0,True
A2BUHMLNE3LUU0,ns,4,30-1,30.0,1000.0,23.0,7487.9000000059605,False
A2BUHMLNE3LUU0,ns,4,30-1,30.0,1000.0,23.0,5300.29999999702,False
A2BUHMLNE3LUU0,ns,4,30-1,30.0,1000.0,21.0,6166.60000000149,False
A2BUHMLNE3LUU0,ns,4,30-1,30.0,1000.0,29.0,9073.90000000596,False
A2BUHMLNE3LUU0,ns,4,30-1,30.0,1000.0,28.0,9120.10000000149,False
A2BUHMLNE3LUU0,ns,4,30-1,30.0,1000.0,27.0,2251.39999999851,False
A2BUHMLNE3LUU0,ns,4,30-1,30.0,1000.0,29.0,1491.8000000044703,False
A2BUHMLNE3LUU0,ns,4,30-1,30.0,1000.0,25.0,2512.5,False
A2BUHMLNE3LUU0,ns,4,30-1,30.0,1000.0,29.0,3517.7999999970198,False
A2E2SLXF4KQ3S1,prim,1,30-1,30.0,1000.0,2.0,0.0,True
A2E2SLXF4KQ3S1,prim,1,30-1,30.0,1000.0,1.0,755.8999996185303,False
A2E2SLXF4KQ3S1,prim,1,30-1,30.0,1000.0,1.0,1306.4000005722046,False
A2E2SLXF4KQ3S1,prim,1,30-1,30.0,1000.0,1.0,198.9000005722046,False
A2E2SLXF4KQ3S1,prim,1,30-1,30.0,1000.0,1.0,2949.5999994277954,False
A2E2SLXF4KQ3S1,prim,1,30-1,30.0,1000.0,2.0,1420.1999998092633,False
A2E2SLXF4KQ3S1,prim,1,30-1,30.0,1000.0,2.0,1682.8000001907367,False
A2E2SLXF4KQ3S1,prim,1,30-1,30.0,1000.0,4.0,2572.9000005722046,False
A2E2SLXF4KQ3S1,prim,1,30-1,30.0,1000.0,2.0,2185.6000003814697,False
A2E2SLXF4KQ3S1,prim,1,30-1,30.0,1000.0,1.0,2006.8000001907367,False
A2E2SLXF4KQ3S1,prim,1,30-1,30.0,1000.0,2.0,1837.8999996185303,False
A2E2SLXF4KQ3S1,prim,2,30-1,30.0,1000.0,1.0,0.0,True
A2E2SLXF4KQ3S1,prim,2,30-1,30.0,1000.0,1.0,8038.10000038147,False
A2E2SLXF4KQ3S1,prim,2,30-1,30.0,1000.0,1.0,3429.0999994277954,False
A2E2SLXF4KQ3S1,prim,2,30-1,30.0,1000.0,4.0,10758.70000076294,False
A2E2SLXF4KQ3S1,prim,2,30-1,30.0,1000.0,1.0,12845.5,False
A2E2SLXF4KQ3S1,prim,2,30-1,30.0,1000.0,1.0,9653.300000190737,False
A2E2SLXF4KQ3S1,prim,2,30-1,30.0,1000.0,3.0,25636.199999809265,False
A2E2SLXF4KQ3S1,prim,2,30-1,30.0,1000.0,2.0,15699.400000572205,False
A2E2SLXF4KQ3S1,prim,2,30-1,30.0,1000.0,5.0,5257.300000190737,False
A2E2SLXF4KQ3S1,prim,2,30-1,30.0,1000.0,1.0,5231.0,False
A2E2SLXF4KQ3S1,prim,2,30-1,30.0,1000.0,1.0,6473.199999809263,False
A2E2SLXF4KQ3S1,prim,3,30-1,30.0,1000.0,1.0,0.0,True
A2E2SLXF4KQ3S1,prim,3,30-1,30.0,1000.0,1.0,6086.700000762939,False
A2E2SLXF4KQ3S1,prim,3,30-1,30.0,1000.0,2.0,5679.900000572205,False
A2E2SLXF4KQ3S1,prim,3,30-1,30.0,1000.0,3.0,5890.200000762939,False
A2E2SLXF4KQ3S1,prim,3,30-1,30.0,1000.0,1.0,5064.60000038147,False
A2E2SLXF4KQ3S1,prim,3,30-1,30.0,1000.0,1.0,4387.800001144409,False
A2E2SLXF4KQ3S1,prim,3,30-1,30.0,1000.0,2.0,7882.100000381468,False
A2E2SLXF4KQ3S1,prim,3,30-1,30.0,1000.0,2.0,9176.000000953674,False
A2E2SLXF4KQ3S1,prim,3,30-1,30.0,1000.0,1.0,5926.300000190735,False
A2E2SLXF4KQ3S1,prim,3,30-1,30.0,1000.0,1.0,3610.4000005722046,False
A2E2SLXF4KQ3S1,prim,4,30-1,30.0,1000.0,1.0,6211.60000038147,False
A2E2SLXF4KQ3S1,prim,4,30-1,30.0,1000.0,1.0,1281.3999996185303,False
A2E2SLXF4KQ3S1,prim,4,30-1,30.0,1000.0,1.0,3328.6000003814697,False
A2E2SLXF4KQ3S1,prim,4,30-1,30.0,1000.0,1.0,1338.5,False
A2E2SLXF4KQ3S1,prim,4,30-1,30.0,1000.0,1.0,1394.8999996185303,False
A2E2SLXF4KQ3S1,prim,4,30-1,30.0,1000.0,1.0,6.699999809265137,False
A2E2SLXF4KQ3S1,prim,4,30-1,30.0,1000.0,2.0,15273.300000190731,False
A2E2SLXF4KQ3S1,prim,4,30-1,30.0,1000.0,1.0,6998.699999809263,False
A2E2SLXF4KQ3S1,prim,4,30-1,30.0,1000.0,1.0,0.0,True
A2E2SLXF4KQ3S1,prim,4,30-1,30.0,1000.0,1.0,219.89999961853027,False
A2E5PV1BHNG67N,ns,1,20-1,20.0,1000.0,2.0,711.0999999046326,False
A2E5PV1BHNG67N,ns,1,20-1,20.0,1000.0,1.0,21008.599999904633,False
A2E5PV1BHNG67N,ns,1,20-1,20.0,1000.0,19.0,2559.699999809265,False
A2E5PV1BHNG67N,ns,1,20-1,20.0,1000.0,1.0,29540.39999961853,False
A2E5PV1BHNG67N,ns,1,20-1,20.0,1000.0,18.0,1425.2999997138977,False
A2E5PV1BHNG67N,ns,1,20-1,20.0,1000.0,18.0,2951.0,False
A2E5PV1BHNG67N,ns,1,20-1,20.0,1000.0,20.0,2680.2999997138977,False
A2E5PV1BHNG67N,ns,1,20-1,20.0,1000.0,19.0,1085.0,False
A2E5PV1BHNG67N,ns,1,20-1,20.0,1000.0,20.0,1838.7999997138977,False
A2E5PV1BHNG67N,ns,1,20-1,20.0,1000.0,18.0,0.0,True
A2E5PV1BHNG67N,ns,2,20-1,20.0,1000.0,2.0,1409.1000003814697,False
A2E5PV1BHNG67N,ns,2,20-1,20.0,1000.0,18.0,0.0,True
A2E5PV1BHNG67N,ns,2,20-1,20.0,1000.0,1.0,4435.800000190733,False
A2E5PV1BHNG67N,ns,2,20-1,20.0,1000.0,18.0,3823.0,False
A2E5PV1BHNG67N,ns,2,20-1,20.0,1000.0,3.0,7603.200000762939,False
A2E5PV1BHNG67N,ns,2,20-1,20.0,1000.0,1.0,4313.800001144409,False
A2E5PV1BHNG67N,ns,2,20-1,20.0,1000.0,4.0,38686.60000038147,False
A2E8PL8ZWIZVJ0,prim,1,20-2,20.0,2000.0,1.0,0.0,True
A2E8PL8ZWIZVJ0,prim,1,20-2,20.0,2000.0,1.0,6497.89999961853,False
A2E8PL8ZWIZVJ0,prim,1,20-2,20.0,2000.0,2.0,2468.3999996185303,False
A2E8PL8ZWIZVJ0,prim,1,20-2,20.0,2000.0,6.0,2743.300000190735,False
A2E8PL8ZWIZVJ0,prim,1,20-2,20.0,2000.0,1.0,1663.6999988555908,False
A2E8PL8ZWIZVJ0,prim,1,20-2,20.0,2000.0,1.0,2199.8999996185303,False
A2E8PL8ZWIZVJ0,prim,2,20-2,20.0,2000.0,1.0,670.4000005722046,False
A2E8PL8ZWIZVJ0,prim,2,20-2,20.0,2000.0,1.0,11363.10000038147,False
A2E8PL8ZWIZVJ0,prim,2,20-2,20.0,2000.0,1.0,2926.300000190735,False
A2E8PL8ZWIZVJ0,prim,2,20-2,20.0,2000.0,1.0,0.0,True
A2E8PL8ZWIZVJ0,prim,3,20-2,20.0,2000.0,1.0,2366.0999994277954,False
A2E8PL8ZWIZVJ0,prim,3,20-2,20.0,2000.0,1.0,2341.800000190735,False
A2E8PL8ZWIZVJ0,prim,3,20-2,20.0,2000.0,1.0,4962.499999999998,False
A2E8PL8ZWIZVJ0,prim,3,20-2,20.0,2000.0,1.0,19526.300000190735,False
A2E8PL8ZWIZVJ0,prim,3,20-2,20.0,2000.0,1.0,0.0,True
A2E8PL8ZWIZVJ0,prim,3,20-2,20.0,2000.0,1.0,2325.999999999998,False
A2E8PL8ZWIZVJ0,prim,3,20-2,20.0,2000.0,1.0,1692.5999994277954,False
A2E8PL8ZWIZVJ0,prim,3,20-2,20.0,2000.0,1.0,1709.8000001907349,False
A2E8PL8ZWIZVJ0,prim,3,20-2,20.0,2000.0,1.0,411.6000003814697,False
A2E8PL8ZWIZVJ0,prim,4,20-2,20.0,2000.0,1.0,0.0,True
A2E8PL8ZWIZVJ0,prim,4,20-2,20.0,2000.0,1.0,15612.10000038147,False
A2E8PL8ZWIZVJ0,prim,4,20-2,20.0,2000.0,2.0,2534.7000007629395,False
A2E8PL8ZWIZVJ0,prim,4,20-2,20.0,2000.0,1.0,12784.70000076294,False
A2E8PL8ZWIZVJ0,prim,4,20-2,20.0,2000.0,1.0,1336.1999998092651,False
A2E8PL8ZWIZVJ0,prim,4,20-2,20.0,2000.0,1.0,7491.5,False
A2FJIZUHR6E4EZ,prim,1,30-1,30.0,1000.0,1.0,4425.799999952316,False
A2FJIZUHR6E4EZ,prim,1,30-1,30.0,1000.0,1.0,1363.5,False
A2FJIZUHR6E4EZ,prim,1,30-1,30.0,1000.0,1.0,3180.5,False
A2FJIZUHR6E4EZ,prim,1,30-1,30.0,1000.0,1.0,3400.699999988079,False
A2FJIZUHR6E4EZ,prim,1,30-1,30.0,1000.0,2.0,0.0,True
A2FJIZUHR6E4EZ,prim,1,30-1,30.0,1000.0,16.0,3842.699999988081,False
A2FJIZUHR6E4EZ,prim,1,30-1,30.0,1000.0,2.0,5564.699999988081,False
A2FJIZUHR6E4EZ,prim,2,30-1,30.0,1000.0,1.0,3398.5,False
A2FJIZUHR6E4EZ,prim,2,30-1,30.0,1000.0,1.0,4347.199999928474,False
A2FJIZUHR6E4EZ,prim,2,30-1,30.0,1000.0,1.0,9418.5,False
A2FJIZUHR6E4EZ,prim,2,30-1,30.0,1000.0,1.0,6862.399999976158,False
A2FJIZUHR6E4EZ,prim,2,30-1,30.0,1000.0,1.0,6857.600000023842,False
A2FJIZUHR6E4EZ,prim,2,30-1,30.0,1000.0,19.0,5012.599999904633,False
A2FJIZUHR6E4EZ,prim,2,30-1,30.0,1000.0,25.0,1945.0,False
A2FJIZUHR6E4EZ,prim,2,30-1,30.0,1000.0,1.0,7186.699999928474,False
A2FJIZUHR6E4EZ,prim,2,30-1,30.0,1000.0,2.0,2167.0999999046326,False
A2FJIZUHR6E4EZ,prim,2,30-1,30.0,1000.0,1.0,0.0,True
A2FJIZUHR6E4EZ,prim,3,30-1,30.0,1000.0,1.0,710.6000000238423,False
A2FJIZUHR6E4EZ,prim,3,30-1,30.0,1000.0,1.0,6421.899999976158,False
A2FJIZUHR6E4EZ,prim,3,30-1,30.0,1000.0,1.0,0.0,True
A2FJIZUHR6E4EZ,prim,3,30-1,30.0,1000.0,1.0,5171.5,False
A2FJIZUHR6E4EZ,prim,3,30-1,30.0,1000.0,1.0,3768.899999976158,False
A2FJIZUHR6E4EZ,prim,3,30-1,30.0,1000.0,1.0,6702.300000071526,False
A2FJIZUHR6E4EZ,prim,3,30-1,30.0,1000.0,1.0,5434.099999904633,False
A2FJIZUHR6E4EZ,prim,3,30-1,30.0,1000.0,1.0,3353.2999999523163,False
A2FJIZUHR6E4EZ,prim,4,30-1,30.0,1000.0,1.0,0.0,True
A2FJIZUHR6E4EZ,prim,4,30-1,30.0,1000.0,30.0,5038.099999904633,False
A2FJIZUHR6E4EZ,prim,4,30-1,30.0,1000.0,30.0,3966.5999999046326,False
A2FJIZUHR6E4EZ,prim,4,30-1,30.0,1000.0,30.0,7789.5,False
A2FJIZUHR6E4EZ,prim,4,30-1,30.0,1000.0,30.0,1104.2999999523163,False
A2FJIZUHR6E4EZ,prim,4,30-1,30.0,1000.0,30.0,1570.1000001430511,False
A2FJIZUHR6E4EZ,prim,4,30-1,30.0,1000.0,2.0,3851.2000000476837,False
A2FJIZUHR6E4EZ,prim,4,30-1,30.0,1000.0,1.0,4258.200000047684,False
A2FJIZUHR6E4EZ,prim,4,30-1,30.0,1000.0,30.0,11733.200000047684,False
A2FJIZUHR6E4EZ,prim,4,30-1,30.0,1000.0,29.0,2003.0999999046326,False
A2FJIZUHR6E4EZ,prim,4,30-1,30.0,1000.0,27.0,3437.8000001907367,False
A2FLBMZ38IZ2SQ,prim,1,10-2,10.0,2000.0,1.0,0.0,True
A2FLBMZ38IZ2SQ,prim,1,10-2,10.0,2000.0,9.0,2413.699999809265,False
A2FLBMZ38IZ2SQ,prim,1,10-2,10.0,2000.0,1.0,5287.700000762939,False
A2FLBMZ38IZ2SQ,prim,1,10-2,10.0,2000.0,2.0,9844.400000572205,False
A2FLBMZ38IZ2SQ,prim,1,10-2,10.0,2000.0,2.0,9977.89999961853,False
A2FLBMZ38IZ2SQ,prim,1,10-2,10.0,2000.0,1.0,3531.800000190735,False
A2FLBMZ38IZ2SQ,prim,1,10-2,10.0,2000.0,4.0,2737.699999809265,False
A2FLBMZ38IZ2SQ,prim,1,10-2,10.0,2000.0,2.0,9529.300000190737,False
A2FLBMZ38IZ2SQ,prim,1,10-2,10.0,2000.0,1.0,9200.0,False
A2FLBMZ38IZ2SQ,prim,2,10-2,10.0,2000.0,1.0,0.0,True
A2FLBMZ38IZ2SQ,prim,2,10-2,10.0,2000.0,1.0,10150.69999885559,False
A2FLBMZ38IZ2SQ,prim,2,10-2,10.0,2000.0,1.0,1956.9999990463257,False
A2FLBMZ38IZ2SQ,prim,2,10-2,10.0,2000.0,1.0,4275.999999046326,False
A2FLBMZ38IZ2SQ,prim,2,10-2,10.0,2000.0,1.0,5907.0,False
A2FLBMZ38IZ2SQ,prim,2,10-2,10.0,2000.0,1.0,2605.699999809265,False
A2FLBMZ38IZ2SQ,prim,2,10-2,10.0,2000.0,2.0,6437.399999618532,False
A2FLBMZ38IZ2SQ,prim,2,10-2,10.0,2000.0,1.0,12255.199999809265,False
A2FLBMZ38IZ2SQ,prim,2,10-2,10.0,2000.0,1.0,17193.999999046326,False
A2FLBMZ38IZ2SQ,prim,2,10-2,10.0,2000.0,1.0,3639.7999992370587,False
A2FLBMZ38IZ2SQ,prim,3,10-2,10.0,2000.0,1.0,1361.3999996185303,False
A2FLBMZ38IZ2SQ,prim,3,10-2,10.0,2000.0,2.0,1759.8999996185303,False
A2FLBMZ38IZ2SQ,prim,3,10-2,10.0,2000.0,1.0,16044.0,False
A2FLBMZ38IZ2SQ,prim,3,10-2,10.0,2000.0,2.0,1909.8999996185303,False
A2FLBMZ38IZ2SQ,prim,3,10-2,10.0,2000.0,1.0,1031.0,False
A2FLBMZ38IZ2SQ,prim,3,10-2,10.0,2000.0,1.0,4233.199999809263,False
A2FLBMZ38IZ2SQ,prim,3,10-2,10.0,2000.0,1.0,2853.4000005722046,False
A2FLBMZ38IZ2SQ,prim,3,10-2,10.0,2000.0,1.0,2675.8000001907367,False
A2FLBMZ38IZ2SQ,prim,3,10-2,10.0,2000.0,1.0,4770.699999809263,False
A2FLBMZ38IZ2SQ,prim,3,10-2,10.0,2000.0,1.0,0.0,True
A2FLBMZ38IZ2SQ,prim,3,10-2,10.0,2000.0,1.0,1848.8999996185303,False
A2FLBMZ38IZ2SQ,prim,4,10-2,10.0,2000.0,1.0,0.0,True
A2FLBMZ38IZ2SQ,prim,4,10-2,10.0,2000.0,1.0,1499.3000001907349,False
A2FLBMZ38IZ2SQ,prim,4,10-2,10.0,2000.0,1.0,5492.0,False
A2FLBMZ38IZ2SQ,prim,4,10-2,10.0,2000.0,1.0,1310.9000005722046,False
A2FLBMZ38IZ2SQ,prim,4,10-2,10.0,2000.0,1.0,2660.6000003814697,False
A2FLBMZ38IZ2SQ,prim,4,10-2,10.0,2000.0,1.0,2059.2000007629395,False
A2FLBMZ38IZ2SQ,prim,4,10-2,10.0,2000.0,1.0,9416.60000038147,False
A2FLBMZ38IZ2SQ,prim,4,10-2,10.0,2000.0,1.0,1625.8000001907349,False
A2FLBMZ38IZ2SQ,prim,4,10-2,10.0,2000.0,1.0,2820.800001144409,False
A2FLBMZ38IZ2SQ,prim,4,10-2,10.0,2000.0,1.0,31.200000762939453,False
A2FM1N5AOMVTGL,prim,1,10-2,10.0,2000.0,9.0,1737.5999999046326,False
A2FM1N5AOMVTGL,prim,1,10-2,10.0,2000.0,4.0,2945.699999809265,False
A2FM1N5AOMVTGL,prim,1,10-2,10.0,2000.0,1.0,592.5999994277954,False
A2FM1N5AOMVTGL,prim,1,10-2,10.0,2000.0,1.0,1260.8999996185303,False
A2FM1N5AOMVTGL,prim,1,10-2,10.0,2000.0,1.0,0.0,True
A2FM1N5AOMVTGL,prim,1,10-2,10.0,2000.0,1.0,4414.400000095367,False
A2FM1N5AOMVTGL,prim,2,10-2,10.0,2000.0,1.0,0.0,True
A2FM1N5AOMVTGL,prim,2,10-2,10.0,2000.0,1.0,4031.5,False
A2FM1N5AOMVTGL,prim,2,10-2,10.0,2000.0,1.0,2879.7999997138977,False
A2FM1N5AOMVTGL,prim,2,10-2,10.0,2000.0,1.0,2706.5999999046326,False
A2FM1N5AOMVTGL,prim,2,10-2,10.0,2000.0,1.0,3499.999999523163,False
A2FM1N5AOMVTGL,prim,2,10-2,10.0,2000.0,1.0,1409.5999999046326,False
A2FM1N5AOMVTGL,prim,3,10-2,10.0,2000.0,1.0,0.0,True
A2FM1N5AOMVTGL,prim,3,10-2,10.0,2000.0,1.0,2726.3999996185303,False
A2FM1N5AOMVTGL,prim,3,10-2,10.0,2000.0,1.0,4417.499999523161,False
A2FM1N5AOMVTGL,prim,3,10-2,10.0,2000.0,1.0,565.7999997138977,False
A2FM1N5AOMVTGL,prim,3,10-2,10.0,2000.0,2.0,1509.199999332428,False
A2FM1N5AOMVTGL,prim,3,10-2,10.0,2000.0,1.0,1348.9999995231628,False
A2FM1N5AOMVTGL,prim,3,10-2,10.0,2000.0,1.0,5981.699999809265,False
A2FM1N5AOMVTGL,prim,3,10-2,10.0,2000.0,1.0,3563.999999523163,False
A2FM1N5AOMVTGL,prim,3,10-2,10.0,2000.0,1.0,481.7999997138977,False
A2FM1N5AOMVTGL,prim,3,10-2,10.0,2000.0,2.0,8612.900000095367,False
A2FM1N5AOMVTGL,prim,3,10-2,10.0,2000.0,1.0,2418.3999996185303,False
A2FM1N5AOMVTGL,prim,4,10-2,10.0,2000.0,10.0,6652.800000190735,False
A2FM1N5AOMVTGL,prim,4,10-2,10.0,2000.0,10.0,3371.7000007629395,False
A2FM1N5AOMVTGL,prim,4,10-2,10.0,2000.0,10.0,7093.200000762939,False
A2FM1N5AOMVTGL,prim,4,10-2,10.0,2000.0,10.0,5280.39999961853,False
A2FM1N5AOMVTGL,prim,4,10-2,10.0,2000.0,10.0,0.0,True
A2FM1N5AOMVTGL,prim,4,10-2,10.0,2000.0,10.0,2100.6000003814697,False
A2FM1N5AOMVTGL,prim,4,10-2,10.0,2000.0,10.0,1075.8000001907349,False
A2FM1N5AOMVTGL,prim,4,10-2,10.0,2000.0,10.0,6480.499999999998,False
A2FM1N5AOMVTGL,prim,4,10-2,10.0,2000.0,10.0,8429.800000190735,False
A2FQVRBXJZQAWT,prim,1,20-1,20.0,1000.0,1.0,0.0,True
A2FQVRBXJZQAWT,prim,1,20-1,20.0,1000.0,1.0,2766.0,False
A2FQVRBXJZQAWT,prim,1,20-1,20.0,1000.0,1.0,2633.0,False
A2FQVRBXJZQAWT,prim,1,20-1,20.0,1000.0,1.0,1164.0,False
A2FQVRBXJZQAWT,prim,1,20-1,20.0,1000.0,1.0,2861.0,False
A2FQVRBXJZQAWT,prim,1,20-1,20.0,1000.0,1.0,796.0,False
A2FQVRBXJZQAWT,prim,1,20-1,20.0,1000.0,1.0,3020.0,False
A2FQVRBXJZQAWT,prim,1,20-1,20.0,1000.0,1.0,2159.0,False
A2FQVRBXJZQAWT,prim,1,20-1,20.0,1000.0,1.0,6102.0,False
A2FQVRBXJZQAWT,prim,1,20-1,20.0,1000.0,1.0,2421.0,False
A2FQVRBXJZQAWT,prim,2,20-1,20.0,1000.0,1.0,1324.0,False
A2FQVRBXJZQAWT,prim,2,20-1,20.0,1000.0,1.0,454.0,False
A2FQVRBXJZQAWT,prim,2,20-1,20.0,1000.0,1.0,3749.0,False
A2FQVRBXJZQAWT,prim,2,20-1,20.0,1000.0,1.0,1935.0,False
A2FQVRBXJZQAWT,prim,2,20-1,20.0,1000.0,1.0,2191.0,False
A2FQVRBXJZQAWT,prim,2,20-1,20.0,1000.0,2.0,6721.0,False
A2FQVRBXJZQAWT,prim,2,20-1,20.0,1000.0,1.0,2281.0,False
A2FQVRBXJZQAWT,prim,2,20-1,20.0,1000.0,1.0,0.0,True
A2FQVRBXJZQAWT,prim,2,20-1,20.0,1000.0,1.0,2116.0,False
A2FYFCD16Z3PCC,rec,1,10-2,10.0,2000.0,10.0,980.7000000029802,False
A2FYFCD16Z3PCC,rec,1,10-2,10.0,2000.0,10.0,6529.500000003725,False
A2FYFCD16Z3PCC,rec,1,10-2,10.0,2000.0,10.0,2950.199999999255,False
A2FYFCD16Z3PCC,rec,1,10-2,10.0,2000.0,6.0,31.200000002980232,False
A2FYFCD16Z3PCC,rec,1,10-2,10.0,2000.0,10.0,1934.6000000014901,False
A2FYFCD16Z3PCC,rec,1,10-2,10.0,2000.0,10.0,626.3000000044703,False
A2FYFCD16Z3PCC,rec,1,10-2,10.0,2000.0,8.0,133.80000000447035,False
A2FYFCD16Z3PCC,rec,1,10-2,10.0,2000.0,10.0,1349.2000000029802,False
A2FYFCD16Z3PCC,rec,1,10-2,10.0,2000.0,9.0,1150.9000000022352,False
A2FYFCD16Z3PCC,rec,1,10-2,10.0,2000.0,7.0,0.0,True
A2FYFCD16Z3PCC,rec,1,10-2,10.0,2000.0,10.0,1827.1000000014901,False
A2FYFCD16Z3PCC,rec,1,10-2,10.0,2000.0,5.0,1060.2000000029802,False
A2FYFCD16Z3PCC,rec,2,10-2,10.0,2000.0,7.0,0.0,True
A2FYFCD16Z3PCC,rec,2,10-2,10.0,2000.0,9.0,1682.6999999880795,False
A2FYFCD16Z3PCC,rec,2,10-2,10.0,2000.0,10.0,670.2999999970202,False
A2FYFCD16Z3PCC,rec,2,10-2,10.0,2000.0,6.0,20.399999991059758,False
A2FYFCD16Z3PCC,rec,2,10-2,10.0,2000.0,10.0,1241.5,False
A2FYFCD16Z3PCC,rec,2,10-2,10.0,2000.0,8.0,846.2000000029807,False
A2FYFCD16Z3PCC,rec,2,10-2,10.0,2000.0,10.0,1346.2999999970202,False
A2FYFCD16Z3PCC,rec,2,10-2,10.0,2000.0,10.0,602.3999999910598,False
A2FYFCD16Z3PCC,rec,2,10-2,10.0,2000.0,9.0,505.5,False
A2FYFCD16Z3PCC,rec,2,10-2,10.0,2000.0,8.0,329.0,False
A2FYFCD16Z3PCC,rec,2,10-2,10.0,2000.0,8.0,932.6999999880804,False
A2FYFCD16Z3PCC,rec,2,10-2,10.0,2000.0,10.0,480.9999999850993,False
A2FYFCD16Z3PCC,rec,3,10-2,10.0,2000.0,7.0,0.0,True
A2FYFCD16Z3PCC,rec,3,10-2,10.0,2000.0,8.0,777.5,False
A2FYFCD16Z3PCC,rec,3,10-2,10.0,2000.0,8.0,400.19999998807907,False
A2FYFCD16Z3PCC,rec,3,10-2,10.0,2000.0,8.0,993.1999999880791,False
A2FYFCD16Z3PCC,rec,3,10-2,10.0,2000.0,7.0,623.9000000059605,False
A2FYFCD16Z3PCC,rec,3,10-2,10.0,2000.0,8.0,209.7000000178814,False
A2FYFCD16Z3PCC,rec,3,10-2,10.0,2000.0,9.0,588.6999999880791,False
A2FYFCD16Z3PCC,rec,3,10-2,10.0,2000.0,8.0,1076.5,False
A2FYFCD16Z3PCC,rec,3,10-2,10.0,2000.0,10.0,1832.5999999940404,False
A2FYFCD16Z3PCC,rec,3,10-2,10.0,2000.0,8.0,696.3000000119209,False
A2FYFCD16Z3PCC,rec,3,10-2,10.0,2000.0,8.0,180.7000000178814,False
A2FYFCD16Z3PCC,rec,3,10-2,10.0,2000.0,6.0,371.40000000596046,False
A2FYFCD16Z3PCC,rec,4,10-2,10.0,2000.0,9.0,0.0,True
A2FYFCD16Z3PCC,rec,4,10-2,10.0,2000.0,8.0,1126.199999999255,False
A2FYFCD16Z3PCC,rec,4,10-2,10.0,2000.0,7.0,1967.5999999977648,False
A2FYFCD16Z3PCC,rec,4,10-2,10.0,2000.0,8.0,1576.4000000022347,False
A2FYFCD16Z3PCC,rec,4,10-2,10.0,2000.0,9.0,1123.3999999985099,False
A2FYFCD16Z3PCC,rec,4,10-2,10.0,2000.0,9.0,1759.699999999255,False
A2FYFCD16Z3PCC,rec,4,10-2,10.0,2000.0,9.0,3032.89999999851,False
A2FYFCD16Z3PCC,rec,4,10-2,10.0,2000.0,10.0,458.5999999977648,False
A2FYFCD16Z3PCC,rec,4,10-2,10.0,2000.0,9.0,542.3000000007451,False
A2FYFCD16Z3PCC,rec,4,10-2,10.0,2000.0,7.0,1589.6000000014901,False
A2FYFCD16Z3PCC,rec,4,10-2,10.0,2000.0,10.0,238.90000000223472,False
A2G2T6EMXAOKMS,rec,1,30-1,30.0,1000.0,27.0,0.0,True
A2G2T6EMXAOKMS,rec,1,30-1,30.0,1000.0,29.0,1798.8999999985094,False
A2G2T6EMXAOKMS,rec,1,30-1,30.0,1000.0,29.0,2866.89999999851,False
A2G2T6EMXAOKMS,rec,1,30-1,30.0,1000.0,29.0,141.30000000447035,False
A2G2T6EMXAOKMS,rec,1,30-1,30.0,1000.0,25.0,991.6999999955297,False
A2G2T6EMXAOKMS,rec,1,30-1,30.0,1000.0,24.0,631.0000000074506,False
A2G2T6EMXAOKMS,rec,1,30-1,30.0,1000.0,30.0,875.3999999985094,False
A2G2T6EMXAOKMS,rec,1,30-1,30.0,1000.0,28.0,832.8000000044703,False
A2G2T6EMXAOKMS,rec,1,30-1,30.0,1000.0,27.0,1172.4999999925499,False
A2G2T6EMXAOKMS,rec,1,30-1,30.0,1000.0,26.0,163.39999999850943,False
A2G2T6EMXAOKMS,rec,1,30-1,30.0,1000.0,27.0,353.7999999895692,False
A2G2T6EMXAOKMS,rec,1,30-1,30.0,1000.0,27.0,664.3999999985094,False
A2G2T6EMXAOKMS,rec,2,30-1,30.0,1000.0,27.0,0.0,True
A2G2T6EMXAOKMS,rec,2,30-1,30.0,1000.0,27.0,2056.4000000953674,False
A2G2T6EMXAOKMS,rec,2,30-1,30.0,1000.0,27.0,478.50000011920974,False
A2G2T6EMXAOKMS,rec,2,30-1,30.0,1000.0,27.0,1457.2000000476837,False
A2G2T6EMXAOKMS,rec,2,30-1,30.0,1000.0,27.0,1096.2000000476837,False
A2G2T6EMXAOKMS,rec,2,30-1,30.0,1000.0,26.0,1125.2000000476837,False
A2G2T6EMXAOKMS,rec,2,30-1,30.0,1000.0,28.0,2356.5,False
A2G2T6EMXAOKMS,rec,2,30-1,30.0,1000.0,28.0,2348.600000023842,False
A2G2T6EMXAOKMS,rec,2,30-1,30.0,1000.0,26.0,1705.3999999761586,False
A2G2T6EMXAOKMS,rec,2,30-1,30.0,1000.0,25.0,1007.2000000476837,False
A2G2T6EMXAOKMS,rec,2,30-1,30.0,1000.0,28.0,2533.9000000953674,False
A2G2T6EMXAOKMS,rec,2,30-1,30.0,1000.0,27.0,782.8000000715256,False
A2G2T6EMXAOKMS,rec,3,30-1,30.0,1000.0,26.0,478.80000000074506,False
A2G2T6EMXAOKMS,rec,3,30-1,30.0,1000.0,27.0,2542.10000000149,False
A2G2T6EMXAOKMS,rec,3,30-1,30.0,1000.0,28.0,1559.1000000014901,False
A2G2T6EMXAOKMS,rec,3,30-1,30.0,1000.0,27.0,3179.5,False
A2G2T6EMXAOKMS,rec,3,30-1,30.0,1000.0,29.0,1153.0,False
A2G2T6EMXAOKMS,rec,3,30-1,30.0,1000.0,23.0,1058.800000000745,False
A2G2T6EMXAOKMS,rec,3,30-1,30.0,1000.0,29.0,911.0,False
A2G2T6EMXAOKMS,rec,3,30-1,30.0,1000.0,28.0,1769.5999999977648,False
A2G2T6EMXAOKMS,rec,3,30-1,30.0,1000.0,28.0,2910.5,False
A2G2T6EMXAOKMS,rec,3,30-1,30.0,1000.0,26.0,0.0,True
A2G2T6EMXAOKMS,rec,3,30-1,30.0,1000.0,26.0,774.6999999992549,False
A2G2T6EMXAOKMS,rec,3,30-1,30.0,1000.0,26.0,1424.800000000745,False
A2G4R0GS677RC2,rec,1,15-2,15.0,2000.0,15.0,1444.0,False
A2G4R0GS677RC2,rec,1,15-2,15.0,2000.0,15.0,366.0,False
A2G4R0GS677RC2,rec,1,15-2,15.0,2000.0,13.0,5868.0,False
A2G4R0GS677RC2,rec,1,15-2,15.0,2000.0,15.0,851.0,False
A2G4R0GS677RC2,rec,1,15-2,15.0,2000.0,15.0,991.0,False
A2G4R0GS677RC2,rec,1,15-2,15.0,2000.0,15.0,0.0,True
A2G4R0GS677RC2,rec,2,15-2,15.0,2000.0,14.0,9046.0,False
A2G4R0GS677RC2,rec,2,15-2,15.0,2000.0,15.0,6856.0,False
A2G4R0GS677RC2,rec,2,15-2,15.0,2000.0,15.0,0.0,True
A2G4R0GS677RC2,rec,2,15-2,15.0,2000.0,15.0,14299.0,False
A2G4R0GS677RC2,rec,2,15-2,15.0,2000.0,15.0,8653.0,False
A2G4R0GS677RC2,rec,2,15-2,15.0,2000.0,1.0,51336.0,False
A2GM1ZIBRBHBK7,ns,1,20-1,20.0,1000.0,3.0,161.50000023841903,False
A2GM1ZIBRBHBK7,ns,1,20-1,20.0,1000.0,2.0,3129.800000190735,False
A2GM1ZIBRBHBK7,ns,1,20-1,20.0,1000.0,2.0,1027.2000002861023,False
A2GM1ZIBRBHBK7,ns,1,20-1,20.0,1000.0,3.0,0.0,True
A2GM1ZIBRBHBK7,ns,1,20-1,20.0,1000.0,2.0,1764.1000001430511,False
A2GM1ZIBRBHBK7,ns,1,20-1,20.0,1000.0,5.0,1193.1000001430511,False
A2GM1ZIBRBHBK7,ns,1,20-1,20.0,1000.0,1.0,1208.1000001430511,False
A2GM1ZIBRBHBK7,ns,1,20-1,20.0,1000.0,20.0,1092.5000002384186,False
A2GM1ZIBRBHBK7,ns,1,20-1,20.0,1000.0,2.0,4140.100000143051,False
A2GM1ZIBRBHBK7,ns,1,20-1,20.0,1000.0,1.0,662.400000333786,False
A2GM1ZIBRBHBK7,ns,1,20-1,20.0,1000.0,4.0,471.40000009536743,False
A2GM1ZIBRBHBK7,ns,2,20-1,20.0,1000.0,15.0,0.0,True
A2GM1ZIBRBHBK7,ns,2,20-1,20.0,1000.0,18.0,1765.0,False
A2GM1ZIBRBHBK7,ns,2,20-1,20.0,1000.0,14.0,1839.0000002384186,False
A2GM1ZIBRBHBK7,ns,2,20-1,20.0,1000.0,1.0,2863.2999999523163,False
A2GM1ZIBRBHBK7,ns,2,20-1,20.0,1000.0,3.0,1338.6000001430511,False
A2GM1ZIBRBHBK7,ns,2,20-1,20.0,1000.0,1.0,7821.900000095367,False
A2GM1ZIBRBHBK7,ns,2,20-1,20.0,1000.0,16.0,3793.7000000476837,False
A2GM1ZIBRBHBK7,ns,2,20-1,20.0,1000.0,2.0,7556.200000286102,False
A2GM1ZIBRBHBK7,ns,2,20-1,20.0,1000.0,1.0,1041.9000000953674,False
A2GM1ZIBRBHBK7,ns,3,20-1,20.0,1000.0,10.0,2492.7999999523163,False
A2GM1ZIBRBHBK7,ns,3,20-1,20.0,1000.0,1.0,10106.400000095367,False
A2GM1ZIBRBHBK7,ns,3,20-1,20.0,1000.0,6.0,5472.600000143051,False
A2GM1ZIBRBHBK7,ns,3,20-1,20.0,1000.0,1.0,1211.3999998569489,False
A2GM1ZIBRBHBK7,ns,3,20-1,20.0,1000.0,5.0,0.0,True
A2GM1ZIBRBHBK7,ns,3,20-1,20.0,1000.0,6.0,602.5,False
A2GM1ZIBRBHBK7,ns,3,20-1,20.0,1000.0,20.0,1729.0,False
A2GM1ZIBRBHBK7,ns,3,20-1,20.0,1000.0,3.0,389.7999999523163,False
A2GM1ZIBRBHBK7,ns,3,20-1,20.0,1000.0,1.0,27571.699999809265,False
A2GM1ZIBRBHBK7,ns,3,20-1,20.0,1000.0,1.0,2838.7000000476837,False
A2GM1ZIBRBHBK7,ns,4,20-1,20.0,1000.0,1.0,1535.7000000476833,False
A2GM1ZIBRBHBK7,ns,4,20-1,20.0,1000.0,2.0,2489.6999998092647,False
A2GM1ZIBRBHBK7,ns,4,20-1,20.0,1000.0,2.0,3534.4999999999995,False
A2GM1ZIBRBHBK7,ns,4,20-1,20.0,1000.0,1.0,1950.6999998092647,False
A2GM1ZIBRBHBK7,ns,4,20-1,20.0,1000.0,5.0,1054.2000000476833,False
A2GM1ZIBRBHBK7,ns,4,20-1,20.0,1000.0,20.0,796.499999761581,False
A2GM1ZIBRBHBK7,ns,4,20-1,20.0,1000.0,4.0,3267.3999998569484,False
A2GM1ZIBRBHBK7,ns,4,20-1,20.0,1000.0,15.0,22224.700000047684,False
A2GM1ZIBRBHBK7,ns,4,20-1,20.0,1000.0,2.0,0.0,True
A2GM1ZIBRBHBK7,ns,4,20-1,20.0,1000.0,19.0,957.999999761581,False
A2GM1ZIBRBHBK7,ns,4,20-1,20.0,1000.0,4.0,5089.5,False
A2GRA6N98ZPIQ1,prim,1,30-1,30.0,1000.0,1.0,9159.0,False
A2GRA6N98ZPIQ1,prim,1,30-1,30.0,1000.0,1.0,3750.0,False
A2GRA6N98ZPIQ1,prim,1,30-1,30.0,1000.0,1.0,129.0,False
A2GRA6N98ZPIQ1,prim,1,30-1,30.0,1000.0,2.0,1929.0,False
A2GRA6N98ZPIQ1,prim,1,30-1,30.0,1000.0,1.0,0.0,True
A2GRA6N98ZPIQ1,prim,1,30-1,30.0,1000.0,1.0,15128.0,False
A2GRA6N98ZPIQ1,prim,2,30-1,30.0,1000.0,1.0,0.0,True
A2GRA6N98ZPIQ1,prim,2,30-1,30.0,1000.0,1.0,3797.0,False
A2GRA6N98ZPIQ1,prim,2,30-1,30.0,1000.0,1.0,4560.0,False
A2GRA6N98ZPIQ1,prim,2,30-1,30.0,1000.0,1.0,8706.0,False
A2GRA6N98ZPIQ1,prim,2,30-1,30.0,1000.0,1.0,48540.0,False
A2GRA6N98ZPIQ1,prim,2,30-1,30.0,1000.0,1.0,3713.0,False
A2GRA6N98ZPIQ1,prim,2,30-1,30.0,1000.0,1.0,6146.0,False
A2GRA6N98ZPIQ1,prim,2,30-1,30.0,1000.0,1.0,7773.0,False
A2GRA6N98ZPIQ1,prim,2,30-1,30.0,1000.0,1.0,4644.0,False
A2GRA6N98ZPIQ1,prim,2,30-1,30.0,1000.0,1.0,6848.0,False
A2GRA6N98ZPIQ1,prim,2,30-1,30.0,1000.0,2.0,17337.0,False
A2GUPBBFPPSXYR,prim,1,40-1,40.0,1000.0,40.0,2391.0,False
A2GUPBBFPPSXYR,prim,1,40-1,40.0,1000.0,1.0,8117.0,False
A2GUPBBFPPSXYR,prim,1,40-1,40.0,1000.0,39.0,0.0,True
A2GUPBBFPPSXYR,prim,1,40-1,40.0,1000.0,2.0,6464.0,False
A2GUPBBFPPSXYR,prim,1,40-1,40.0,1000.0,1.0,10715.0,False
A2GUPBBFPPSXYR,prim,1,40-1,40.0,1000.0,1.0,21138.0,False
A2GUPBBFPPSXYR,prim,1,40-1,40.0,1000.0,38.0,7035.0,False
A2GUPBBFPPSXYR,prim,1,40-1,40.0,1000.0,38.0,7898.0,False
A2GUPBBFPPSXYR,prim,1,40-1,40.0,1000.0,40.0,1297.0,False
A2GUPBBFPPSXYR,prim,1,40-1,40.0,1000.0,2.0,3794.0,False
A2GUPBBFPPSXYR,prim,1,40-1,40.0,1000.0,2.0,12214.0,False
A2GUPBBFPPSXYR,prim,2,40-1,40.0,1000.0,1.0,0.0,True
A2GUPBBFPPSXYR,prim,2,40-1,40.0,1000.0,1.0,14668.0,False
A2GUPBBFPPSXYR,prim,2,40-1,40.0,1000.0,1.0,3052.0,False
A2GUPBBFPPSXYR,prim,2,40-1,40.0,1000.0,1.0,37079.0,False
A2GUPBBFPPSXYR,prim,2,40-1,40.0,1000.0,1.0,4985.0,False
A2GUPBBFPPSXYR,prim,2,40-1,40.0,1000.0,1.0,13163.0,False
A2GUPBBFPPSXYR,prim,2,40-1,40.0,1000.0,2.0,21690.0,False
A2GUPBBFPPSXYR,prim,2,40-1,40.0,1000.0,1.0,5496.0,False
A2GUPBBFPPSXYR,prim,2,40-1,40.0,1000.0,1.0,24783.0,False
A2GUPBBFPPSXYR,prim,2,40-1,40.0,1000.0,2.0,11222.0,False
A2GUPBBFPPSXYR,prim,2,40-1,40.0,1000.0,1.0,5848.0,False
A2GUPBBFPPSXYR,prim,3,40-1,40.0,1000.0,1.0,0.0,True
A2GUPBBFPPSXYR,prim,3,40-1,40.0,1000.0,1.0,5354.0,False
A2GUPBBFPPSXYR,prim,3,40-1,40.0,1000.0,2.0,22198.0,False
A2GUPBBFPPSXYR,prim,3,40-1,40.0,1000.0,3.0,8013.0,False
A2GUPBBFPPSXYR,prim,3,40-1,40.0,1000.0,2.0,748.0,False
A2GUPBBFPPSXYR,prim,3,40-1,40.0,1000.0,2.0,4456.0,False
A2GUPBBFPPSXYR,prim,3,40-1,40.0,1000.0,1.0,5630.0,False
A2GUPBBFPPSXYR,prim,3,40-1,40.0,1000.0,1.0,11649.0,False
A2GUPBBFPPSXYR,prim,3,40-1,40.0,1000.0,4.0,20023.0,False
A2GUPBBFPPSXYR,prim,3,40-1,40.0,1000.0,5.0,9155.0,False
A2GUPBBFPPSXYR,prim,3,40-1,40.0,1000.0,1.0,1933.0,False
A2GUPBBFPPSXYR,prim,4,40-1,40.0,1000.0,1.0,12228.0,False
A2GUPBBFPPSXYR,prim,4,40-1,40.0,1000.0,2.0,0.0,True
A2GUPBBFPPSXYR,prim,4,40-1,40.0,1000.0,1.0,6588.0,False
A2GUPBBFPPSXYR,prim,4,40-1,40.0,1000.0,4.0,3319.0,False
A2GUPBBFPPSXYR,prim,4,40-1,40.0,1000.0,1.0,5855.0,False
A2GUPBBFPPSXYR,prim,4,40-1,40.0,1000.0,1.0,5796.0,False
A2GUPBBFPPSXYR,prim,4,40-1,40.0,1000.0,1.0,5014.0,False
A2GUPBBFPPSXYR,prim,4,40-1,40.0,1000.0,3.0,3834.0,False
A2GUPBBFPPSXYR,prim,4,40-1,40.0,1000.0,2.0,15202.0,False
A2GUPBBFPPSXYR,prim,4,40-1,40.0,1000.0,3.0,6153.0,False
A2GUPBBFPPSXYR,prim,4,40-1,40.0,1000.0,4.0,2804.0,False
A2GUPBBFPPSXYR,prim,4,40-1,40.0,1000.0,2.0,2379.0,False
A2H8PEGI28NKZD,ns,1,10-2,10.0,2000.0,3.0,0.0,True
A2H8PEGI28NKZD,ns,1,10-2,10.0,2000.0,9.0,2055.400000002235,False
A2H8PEGI28NKZD,ns,1,10-2,10.0,2000.0,9.0,638.4000000022352,False
A2H8PEGI28NKZD,ns,1,10-2,10.0,2000.0,1.0,488.9000000022352,False
A2H8PEGI28NKZD,ns,1,10-2,10.0,2000.0,1.0,3419.10000000149,False
A2H8PEGI28NKZD,ns,1,10-2,10.0,2000.0,3.0,2008.3000000026077,False
A2H8PEGI28NKZD,ns,1,10-2,10.0,2000.0,3.0,2052.10000000149,False
A2H8PEGI28NKZD,ns,1,10-2,10.0,2000.0,1.0,2157.8000000026077,False
A2H8PEGI28NKZD,ns,1,10-2,10.0,2000.0,1.0,147.00000000186265,False
A2H8PEGI28NKZD,ns,1,10-2,10.0,2000.0,1.0,3608.2000000011185,False
A2H8PEGI28NKZD,ns,1,10-2,10.0,2000.0,1.0,3225.800000000745,False
A2H8PEGI28NKZD,ns,1,10-2,10.0,2000.0,1.0,1102.7000000029802,False
A2H8PEGI28NKZD,ns,2,10-2,10.0,2000.0,1.0,2840.800000000745,False
A2H8PEGI28NKZD,ns,2,10-2,10.0,2000.0,9.0,3018.600000000559,False
A2H8PEGI28NKZD,ns,2,10-2,10.0,2000.0,9.0,3319.800000000745,False
A2H8PEGI28NKZD,ns,2,10-2,10.0,2000.0,9.0,2682.600000000559,False
A2H8PEGI28NKZD,ns,2,10-2,10.0,2000.0,9.0,2819.2000000011176,False
A2H8PEGI28NKZD,ns,2,10-2,10.0,2000.0,8.0,2424.3000000007446,False
A2H8PEGI28NKZD,ns,2,10-2,10.0,2000.0,9.0,2149.0,False
A2H8PEGI28NKZD,ns,2,10-2,10.0,2000.0,9.0,0.0,True
A2H8PEGI28NKZD,ns,2,10-2,10.0,2000.0,9.0,2346.100000000559,False
A2H8PEGI28NKZD,ns,2,10-2,10.0,2000.0,8.0,5807.5,False
A2H8PEGI28NKZD,ns,2,10-2,10.0,2000.0,9.0,2716.300000000745,False
A2H8PEGI28NKZD,ns,2,10-2,10.0,2000.0,9.0,349.9000000003721,False
A2H8PEGI28NKZD,ns,3,10-2,10.0,2000.0,7.0,871.5999999998601,False
A2H8PEGI28NKZD,ns,3,10-2,10.0,2000.0,7.0,1708.4999999998251,False
A2H8PEGI28NKZD,ns,3,10-2,10.0,2000.0,1.0,1509.9999999998843,False
A2H8PEGI28NKZD,ns,3,10-2,10.0,2000.0,1.0,1036.09999999986,False
A2H8PEGI28NKZD,ns,3,10-2,10.0,2000.0,1.0,845.299999999813,False
A2H8PEGI28NKZD,ns,3,10-2,10.0,2000.0,3.0,2439.199999999837,False
A2H8PEGI28NKZD,ns,3,10-2,10.0,2000.0,3.0,4010.3000000000466,False
A2H8PEGI28NKZD,ns,3,10-2,10.0,2000.0,1.0,0.0,True
A2H8PEGI28NKZD,ns,3,10-2,10.0,2000.0,1.0,793.3999999996738,False
A2H8PEGI28NKZD,ns,3,10-2,10.0,2000.0,1.0,1425.1999999997204,False
A2H8PEGI28NKZD,ns,3,10-2,10.0,2000.0,1.0,2132.2999999998137,False
A2H8PEGI28NKZD,ns,4,10-2,10.0,2000.0,1.0,723.6000000005588,False
A2H8PEGI28NKZD,ns,4,10-2,10.0,2000.0,1.0,834.6000000005588,False
A2H8PEGI28NKZD,ns,4,10-2,10.0,2000.0,1.0,660.0,False
A2H8PEGI28NKZD,ns,4,10-2,10.0,2000.0,3.0,1365.2000000001863,False
A2H8PEGI28NKZD,ns,4,10-2,10.0,2000.0,7.0,2371.100000000559,False
A2H8PEGI28NKZD,ns,4,10-2,10.0,2000.0,5.0,5191.5,False
A2H8PEGI28NKZD,ns,4,10-2,10.0,2000.0,9.0,1509.000000000001,False
A2H8PEGI28NKZD,ns,4,10-2,10.0,2000.0,7.0,866.5,False
A2H8PEGI28NKZD,ns,4,10-2,10.0,2000.0,1.0,1488.0000000009313,False
A2H8PEGI28NKZD,ns,4,10-2,10.0,2000.0,2.0,1581.300000000745,False
A2H8PEGI28NKZD,ns,4,10-2,10.0,2000.0,5.0,0.0,True
A2H8PEGI28NKZD,ns,4,10-2,10.0,2000.0,10.0,3143.800000000745,False
A2HRUFTA09371Y,rec,1,40-1,40.0,1000.0,40.0,0.0,True
A2HRUFTA09371Y,rec,1,40-1,40.0,1000.0,40.0,7315.699998855591,False
A2HRUFTA09371Y,rec,1,40-1,40.0,1000.0,40.0,2870.0,False
A2HRUFTA09371Y,rec,1,40-1,40.0,1000.0,39.0,4394.0,False
A2HRUFTA09371Y,rec,1,40-1,40.0,1000.0,38.0,1337.5,False
A2HRUFTA09371Y,rec,1,40-1,40.0,1000.0,39.0,2150.70000076294,False
A2HRUFTA09371Y,rec,1,40-1,40.0,1000.0,38.0,1024.5,False
A2HRUFTA09371Y,rec,1,40-1,40.0,1000.0,39.0,3121.0,False
A2HRUFTA09371Y,rec,1,40-1,40.0,1000.0,38.0,935.2999992370605,False
A2HRUFTA09371Y,rec,1,40-1,40.0,1000.0,38.0,2540.5,False
A2HRUFTA09371Y,rec,1,40-1,40.0,1000.0,39.0,1724.099998474121,False
A2HRUFTA09371Y,rec,2,40-1,40.0,1000.0,34.0,0.0,True
A2HRUFTA09371Y,rec,2,40-1,40.0,1000.0,39.0,1507.900001525879,False
A2HRUFTA09371Y,rec,2,40-1,40.0,1000.0,39.0,647.1000022888184,False
A2HRUFTA09371Y,rec,2,40-1,40.0,1000.0,38.0,2292.900001525879,False
A2HRUFTA09371Y,rec,2,40-1,40.0,1000.0,39.0,1632.0,False
A2HRUFTA09371Y,rec,2,40-1,40.0,1000.0,38.0,1788.1000022888184,False
A2HRUFTA09371Y,rec,2,40-1,40.0,1000.0,38.0,886.2000026702881,False
A2HRUFTA09371Y,rec,2,40-1,40.0,1000.0,40.0,3004.6000022888184,False
A2HRUFTA09371Y,rec,2,40-1,40.0,1000.0,39.0,1525.8000011444092,False
A2HRUFTA09371Y,rec,2,40-1,40.0,1000.0,39.0,621.2000026702881,False
A2HRUFTA09371Y,rec,2,40-1,40.0,1000.0,39.0,1276.6000022888184,False
A2HRUFTA09371Y,rec,2,40-1,40.0,1000.0,38.0,1338.5,False
A2HRUFTA09371Y,rec,3,40-1,40.0,1000.0,37.0,0.0,True
A2HRUFTA09371Y,rec,3,40-1,40.0,1000.0,39.0,2249.7000007629395,False
A2HRUFTA09371Y,rec,3,40-1,40.0,1000.0,39.0,3141.400001525879,False
A2HRUFTA09371Y,rec,3,40-1,40.0,1000.0,39.0,1625.5000000000002,False
A2HRUFTA09371Y,rec,3,40-1,40.0,1000.0,40.0,4395.5,False
A2HRUFTA09371Y,rec,3,40-1,40.0,1000.0,39.0,2191.7000007629395,False
A2HRUFTA09371Y,rec,3,40-1,40.0,1000.0,39.0,1477.0000000000002,False
A2HRUFTA09371Y,rec,3,40-1,40.0,1000.0,39.0,2510.7999992370605,False
A2HRUFTA09371Y,rec,3,40-1,40.0,1000.0,39.0,1898.10000038147,False
A2HRUFTA09371Y,rec,3,40-1,40.0,1000.0,40.0,2685.3999996185303,False
A2HRUFTA09371Y,rec,3,40-1,40.0,1000.0,40.0,1533.7999992370608,False
A2HRUFTA09371Y,rec,3,40-1,40.0,1000.0,38.0,626.3999996185305,False
A2I6HVUDBTGD1,prim,1,20-2,20.0,2000.0,4.0,7134.099999904631,False
A2I6HVUDBTGD1,prim,1,20-2,20.0,2000.0,1.0,6055.199999809263,False
A2I6HVUDBTGD1,prim,1,20-2,20.0,2000.0,1.0,2960.9000000953656,False
A2I6HVUDBTGD1,prim,1,20-2,20.0,2000.0,3.0,1397.1999998092633,False
A2I6HVUDBTGD1,prim,1,20-2,20.0,2000.0,1.0,2812.5999999046307,False
A2I6HVUDBTGD1,prim,1,20-2,20.0,2000.0,3.0,14603.899999618528,False
A2I6HVUDBTGD1,prim,1,20-2,20.0,2000.0,3.0,5923.599999904631,False
A2I6HVUDBTGD1,prim,1,20-2,20.0,2000.0,2.0,959.6999998092633,False
A2I6HVUDBTGD1,prim,1,20-2,20.0,2000.0,2.0,4178.599999904631,False
A2I6HVUDBTGD1,prim,1,20-2,20.0,2000.0,1.0,0.0,True
A2I6HVUDBTGD1,prim,2,20-2,20.0,2000.0,1.0,10.5,False
A2I6HVUDBTGD1,prim,2,20-2,20.0,2000.0,3.0,8413.699999809265,False
A2I6HVUDBTGD1,prim,2,20-2,20.0,2000.0,1.0,6082.599999904633,False
A2I6HVUDBTGD1,prim,2,20-2,20.0,2000.0,11.0,3012.699999809265,False
A2I6HVUDBTGD1,prim,2,20-2,20.0,2000.0,19.0,12725.199999809272,False
A2I6HVUDBTGD1,prim,2,20-2,20.0,2000.0,14.0,0.0,True
A2I6HVUDBTGD1,prim,2,20-2,20.0,2000.0,2.0,23645.0,False
A2I6HVUDBTGD1,prim,2,20-2,20.0,2000.0,1.0,6565.900000095369,False
A2I6HVUDBTGD1,prim,2,20-2,20.0,2000.0,4.0,2202.0999999046326,False
A2I6HVUDBTGD1,prim,2,20-2,20.0,2000.0,3.0,4774.099999904633,False
A2I6HVUDBTGD1,prim,2,20-2,20.0,2000.0,2.0,8592.799999713898,False
A2I6HVUDBTGD1,prim,2,20-2,20.0,2000.0,2.0,1839.8999996185303,False
A2I6HVUDBTGD1,prim,3,20-2,20.0,2000.0,4.0,13196.500000000007,False
A2I6HVUDBTGD1,prim,3,20-2,20.0,2000.0,1.0,6615.800000190735,False
A2I6HVUDBTGD1,prim,3,20-2,20.0,2000.0,2.0,0.0,True
A2I6HVUDBTGD1,prim,3,20-2,20.0,2000.0,2.0,9736.900000095367,False
A2I6HVUDBTGD1,prim,3,20-2,20.0,2000.0,1.0,10633.700000286099,False
A2I6HVUDBTGD1,prim,3,20-2,20.0,2000.0,1.0,2513.2000002861023,False
A2I6HVUDBTGD1,prim,3,20-2,20.0,2000.0,1.0,3975.0999999046326,False
A2I6HVUDBTGD1,prim,3,20-2,20.0,2000.0,1.0,5154.200000286099,False
A2I6HVUDBTGD1,prim,3,20-2,20.0,2000.0,1.0,4440.800000190735,False
A2I6HVUDBTGD1,prim,4,20-2,20.0,2000.0,2.0,0.0,True
A2I6HVUDBTGD1,prim,4,20-2,20.0,2000.0,3.0,9453.0,False
A2I6HVUDBTGD1,prim,4,20-2,20.0,2000.0,1.0,6517.10000038147,False
A2I6HVUDBTGD1,prim,4,20-2,20.0,2000.0,6.0,8963.900000095367,False
A2I6HVUDBTGD1,prim,4,20-2,20.0,2000.0,1.0,6033.099999904633,False
A2I6HVUDBTGD1,prim,4,20-2,20.0,2000.0,2.0,7210.10000038147,False
A2I6HVUDBTGD1,prim,4,20-2,20.0,2000.0,1.0,2487.7999997138977,False
A2I6HVUDBTGD1,prim,4,20-2,20.0,2000.0,2.0,5410.0,False
A2I6ZALE49CVSC,prim,1,10-2,10.0,2000.0,10.0,0.0,True
A2I6ZALE49CVSC,prim,1,10-2,10.0,2000.0,10.0,2121.8999999910593,False
A2I6ZALE49CVSC,prim,1,10-2,10.0,2000.0,1.0,1052.8999999910593,False
A2I6ZALE49CVSC,prim,1,10-2,10.0,2000.0,1.0,1793.5999999791384,False
A2I6ZALE49CVSC,prim,1,10-2,10.0,2000.0,1.0,1806.9999999850997,False
A2I6ZALE49CVSC,prim,1,10-2,10.0,2000.0,10.0,953.1999999880791,False
A2I6ZALE49CVSC,prim,1,10-2,10.0,2000.0,1.0,5289.399999991059,False
A2I6ZALE49CVSC,prim,1,10-2,10.0,2000.0,1.0,865.6999999880791,False
A2I6ZALE49CVSC,prim,1,10-2,10.0,2000.0,1.0,370.0999999940391,False
A2I6ZALE49CVSC,prim,1,10-2,10.0,2000.0,1.0,528.7999999821186,False
A2I6ZALE49CVSC,prim,1,10-2,10.0,2000.0,1.0,926.4999999850997,False
A2I6ZALE49CVSC,prim,1,10-2,10.0,2000.0,1.0,1368.7999999821186,False
A2I6ZALE49CVSC,prim,2,10-2,10.0,2000.0,1.0,2352.39999999851,False
A2I6ZALE49CVSC,prim,2,10-2,10.0,2000.0,9.0,706.5999999977648,False
A2I6ZALE49CVSC,prim,2,10-2,10.0,2000.0,10.0,14827.099999999627,False
A2I6ZALE49CVSC,prim,2,10-2,10.0,2000.0,10.0,5511.799999998882,False
A2I6ZALE49CVSC,prim,2,10-2,10.0,2000.0,10.0,741.9000000003725,False
A2I6ZALE49CVSC,prim,2,10-2,10.0,2000.0,1.0,228.80000000074506,False
A2I6ZALE49CVSC,prim,2,10-2,10.0,2000.0,1.0,654.5999999996275,False
A2I6ZALE49CVSC,prim,2,10-2,10.0,2000.0,1.0,3078.0,False
A2I6ZALE49CVSC,prim,2,10-2,10.0,2000.0,1.0,3560.2999999988824,False
A2I6ZALE49CVSC,prim,2,10-2,10.0,2000.0,1.0,242.19999999925494,False
A2I6ZALE49CVSC,prim,2,10-2,10.0,2000.0,1.0,4435.199999999255,False
A2I6ZALE49CVSC,prim,2,10-2,10.0,2000.0,10.0,0.0,True
A2I6ZALE49CVSC,prim,3,10-2,10.0,2000.0,1.0,0.0,True
A2I6ZALE49CVSC,prim,3,10-2,10.0,2000.0,1.0,1930.5000000037253,False
A2I6ZALE49CVSC,prim,3,10-2,10.0,2000.0,1.0,2298.7000000029802,False
A2I6ZALE49CVSC,prim,3,10-2,10.0,2000.0,1.0,1799.5,False
A2I6ZALE49CVSC,prim,3,10-2,10.0,2000.0,1.0,5108.70000000298,False
A2I6ZALE49CVSC,prim,3,10-2,10.0,2000.0,1.0,8393.900000002235,False
A2I6ZALE49CVSC,prim,3,10-2,10.0,2000.0,1.0,1771.7000000029802,False
A2I6ZALE49CVSC,prim,3,10-2,10.0,2000.0,1.0,2265.400000002235,False
A2I6ZALE49CVSC,prim,3,10-2,10.0,2000.0,1.0,2295.1000000052154,False
A2I6ZALE49CVSC,prim,3,10-2,10.0,2000.0,1.0,1640.0000000037253,False
A2I6ZALE49CVSC,prim,3,10-2,10.0,2000.0,1.0,1679.1999999992554,False
A2I6ZALE49CVSC,prim,4,10-2,10.0,2000.0,1.0,0.0,True
A2I6ZALE49CVSC,prim,4,10-2,10.0,2000.0,1.0,5360.300000000745,False
A2I6ZALE49CVSC,prim,4,10-2,10.0,2000.0,1.0,1845.0,False
A2I6ZALE49CVSC,prim,4,10-2,10.0,2000.0,1.0,3029.10000000149,False
A2I6ZALE49CVSC,prim,4,10-2,10.0,2000.0,1.0,1028.199999999255,False
A2I6ZALE49CVSC,prim,4,10-2,10.0,2000.0,1.0,1289.8999999985099,False
A2I6ZALE49CVSC,prim,4,10-2,10.0,2000.0,1.0,3981.0,False
A2I6ZALE49CVSC,prim,4,10-2,10.0,2000.0,1.0,2845.300000000745,False
A2I6ZALE49CVSC,prim,4,10-2,10.0,2000.0,1.0,2061.300000000745,False
A2I6ZALE49CVSC,prim,4,10-2,10.0,2000.0,1.0,5845.699999999255,False
A2I6ZALE49CVSC,prim,4,10-2,10.0,2000.0,1.0,1066.9000000022352,False
A2I6ZALE49CVSC,prim,4,10-2,10.0,2000.0,1.0,4056.39999999851,False
A2IK3H6MQ1QV6E,rec,1,40-1,40.0,1000.0,35.0,0.0,True
A2IK3H6MQ1QV6E,rec,1,40-1,40.0,1000.0,28.0,7233.5,False
A2IK3H6MQ1QV6E,rec,1,40-1,40.0,1000.0,38.0,3597.100000143051,False
A2IK3H6MQ1QV6E,rec,1,40-1,40.0,1000.0,39.0,5034.700000047684,False
A2IK3H6MQ1QV6E,rec,1,40-1,40.0,1000.0,40.0,6282.0,False
A2IK3H6MQ1QV6E,rec,1,40-1,40.0,1000.0,39.0,4070.7999999523163,False
A2IK3H6MQ1QV6E,rec,1,40-1,40.0,1000.0,30.0,16494.59999990464,False
A2IK3H6MQ1QV6E,rec,1,40-1,40.0,1000.0,17.0,10455.900000095367,False
A2IK3H6MQ1QV6E,rec,1,40-1,40.0,1000.0,10.0,25712.200000047684,False
A2IK3H6MQ1QV6E,rec,1,40-1,40.0,1000.0,40.0,4206.600000143051,False
A2IK3H6MQ1QV6E,rec,1,40-1,40.0,1000.0,40.0,4291.599999904633,False
A2IK3H6MQ1QV6E,rec,1,40-1,40.0,1000.0,37.0,2284.7999999523163,False
A2IK3H6MQ1QV6E,rec,2,40-1,40.0,1000.0,39.0,0.0,True
A2IK3H6MQ1QV6E,rec,2,40-1,40.0,1000.0,40.0,7107.400000095367,False
A2IK3H6MQ1QV6E,rec,2,40-1,40.0,1000.0,40.0,6407.199999809263,False
A2IK3H6MQ1QV6E,rec,2,40-1,40.0,1000.0,30.0,7854.800000190737,False
A2IK3H6MQ1QV6E,rec,2,40-1,40.0,1000.0,39.0,20790.09999990464,False
A2IK3H6MQ1QV6E,rec,2,40-1,40.0,1000.0,38.0,2714.199999809265,False
A2IK3H6MQ1QV6E,rec,2,40-1,40.0,1000.0,37.0,3117.399999856949,False
A2IK3H6MQ1QV6E,rec,2,40-1,40.0,1000.0,39.0,808.5,False
A2IK3H6MQ1QV6E,rec,2,40-1,40.0,1000.0,35.0,2174.0999999046326,False
A2IK3H6MQ1QV6E,rec,2,40-1,40.0,1000.0,32.0,3664.2999999523163,False
A2IK3H6MQ1QV6E,rec,2,40-1,40.0,1000.0,37.0,8128.199999809263,False
A2IK3H6MQ1QV6E,rec,3,40-1,40.0,1000.0,40.0,884.0000002384186,False
A2IK3H6MQ1QV6E,rec,3,40-1,40.0,1000.0,40.0,1235.0,False
A2IK3H6MQ1QV6E,rec,3,40-1,40.0,1000.0,39.0,815.5000002384186,False
A2IK3H6MQ1QV6E,rec,3,40-1,40.0,1000.0,38.0,3400.800000190735,False
A2IK3H6MQ1QV6E,rec,3,40-1,40.0,1000.0,40.0,2394.0,False
A2IK3H6MQ1QV6E,rec,3,40-1,40.0,1000.0,38.0,2350.7000002861023,False
A2IK3H6MQ1QV6E,rec,3,40-1,40.0,1000.0,38.0,11364.500000238419,False
A2IK3H6MQ1QV6E,rec,3,40-1,40.0,1000.0,35.0,5333.300000190735,False
A2IK3H6MQ1QV6E,rec,3,40-1,40.0,1000.0,38.0,6210.300000190735,False
A2IK3H6MQ1QV6E,rec,3,40-1,40.0,1000.0,8.0,28665.10000014305,False
A2IK3H6MQ1QV6E,rec,3,40-1,40.0,1000.0,36.0,0.0,True
A2IK3H6MQ1QV6E,rec,3,40-1,40.0,1000.0,39.0,1239.8000001907349,False
A2IK3H6MQ1QV6E,rec,4,40-1,40.0,1000.0,38.0,591.5999999046326,False
A2IK3H6MQ1QV6E,rec,4,40-1,40.0,1000.0,37.0,3704.899999856949,False
A2IK3H6MQ1QV6E,rec,4,40-1,40.0,1000.0,39.0,4217.199999809265,False
A2IK3H6MQ1QV6E,rec,4,40-1,40.0,1000.0,35.0,893.0999999046326,False
A2IK3H6MQ1QV6E,rec,4,40-1,40.0,1000.0,40.0,5004.599999904633,False
A2IK3H6MQ1QV6E,rec,4,40-1,40.0,1000.0,39.0,0.0,True
A2IK3H6MQ1QV6E,rec,4,40-1,40.0,1000.0,39.0,4265.099999904633,False
A2IK3H6MQ1QV6E,rec,4,40-1,40.0,1000.0,29.0,4081.5999999046326,False
A2IK3H6MQ1QV6E,rec,4,40-1,40.0,1000.0,38.0,4402.499999761581,False
A2IK3H6MQ1QV6E,rec,4,40-1,40.0,1000.0,32.0,3503.4999997615814,False
A2IK3H6MQ1QV6E,rec,4,40-1,40.0,1000.0,38.0,563.3999998569489,False
A2IKLJWU2OJ1YX,prim,1,30-1,30.0,1000.0,1.0,0.0,True
A2IKLJWU2OJ1YX,prim,1,30-1,30.0,1000.0,1.0,23718.5,False
A2IKLJWU2OJ1YX,prim,1,30-1,30.0,1000.0,2.0,16323.400000005957,False
A2IKLJWU2OJ1YX,prim,1,30-1,30.0,1000.0,1.0,20018.79999998212,False
A2IKLJWU2OJ1YX,prim,1,30-1,30.0,1000.0,1.0,15593.19999995828,False
A2IKLJWU2OJ1YX,prim,1,30-1,30.0,1000.0,4.0,13850.699999988079,False
A2IKLJWU2OJ1YX,prim,1,30-1,30.0,1000.0,7.0,10936.9999999702,False
A2IKLJWU2OJ1YX,prim,1,30-1,30.0,1000.0,1.0,41940.9999999702,False
A2IKLJWU2OJ1YX,prim,1,30-1,30.0,1000.0,5.0,10646.899999976158,False
A2IKLJWU2OJ1YX,prim,2,30-1,30.0,1000.0,1.0,0.0,True
A2IKLJWU2OJ1YX,prim,2,30-1,30.0,1000.0,12.0,1405.8999999761581,False
A2IKLJWU2OJ1YX,prim,2,30-1,30.0,1000.0,9.0,21764.099999964237,False
A2IKLJWU2OJ1YX,prim,2,30-1,30.0,1000.0,4.0,4561.599999964239,False
A2IKLJWU2OJ1YX,prim,2,30-1,30.0,1000.0,2.0,16873.199999928478,False
A2IKLJWU2OJ1YX,prim,2,30-1,30.0,1000.0,3.0,6602.100000023842,False
A2IKLJWU2OJ1YX,prim,2,30-1,30.0,1000.0,1.0,3947.899999976158,False
A2IKLJWU2OJ1YX,prim,2,30-1,30.0,1000.0,6.0,20164.399999976158,False
A2IKLJWU2OJ1YX,prim,2,30-1,30.0,1000.0,9.0,11480.499999999996,False
A2IKLJWU2OJ1YX,prim,2,30-1,30.0,1000.0,5.0,9502.499999940399,False
A2IKLJWU2OJ1YX,prim,3,30-1,30.0,1000.0,2.0,0.0,True
A2IKLJWU2OJ1YX,prim,3,30-1,30.0,1000.0,1.0,9727.399999976158,False
A2IKLJWU2OJ1YX,prim,3,30-1,30.0,1000.0,1.0,9246.200000047684,False
A2IKLJWU2OJ1YX,prim,3,30-1,30.0,1000.0,1.0,13926.500000000004,False
A2IKLJWU2OJ1YX,prim,3,30-1,30.0,1000.0,1.0,10954.400000095367,False
A2IKLJWU2OJ1YX,prim,3,30-1,30.0,1000.0,2.0,9152.5,False
A2IKLJWU2OJ1YX,prim,3,30-1,30.0,1000.0,4.0,11458.200000047684,False
A2IKLJWU2OJ1YX,prim,3,30-1,30.0,1000.0,2.0,19939.400000095367,False
A2IKLJWU2OJ1YX,prim,3,30-1,30.0,1000.0,4.0,11069.800000071526,False
A2IKLJWU2OJ1YX,prim,3,30-1,30.0,1000.0,2.0,11345.399999976158,False
A2IKLJWU2OJ1YX,prim,4,30-1,30.0,1000.0,4.0,10448.200000047687,False
A2IKLJWU2OJ1YX,prim,4,30-1,30.0,1000.0,4.0,7497.900000095367,False
A2IKLJWU2OJ1YX,prim,4,30-1,30.0,1000.0,3.0,8271.099999904633,False
A2IKLJWU2OJ1YX,prim,4,30-1,30.0,1000.0,1.0,850.5000002384186,False
A2IKLJWU2OJ1YX,prim,4,30-1,30.0,1000.0,2.0,25860.799999952316,False
A2IKLJWU2OJ1YX,prim,4,30-1,30.0,1000.0,4.0,0.0,True
A2IKLJWU2OJ1YX,prim,4,30-1,30.0,1000.0,6.0,5348.000000000007,False
A2IKLJWU2OJ1YX,prim,4,30-1,30.0,1000.0,6.0,5117.500000000007,False
A2IKLJWU2OJ1YX,prim,4,30-1,30.0,1000.0,7.0,21454.70000004769,False
A2IKLJWU2OJ1YX,prim,4,30-1,30.0,1000.0,9.0,4553.099999904633,False
A2IKLJWU2OJ1YX,prim,4,30-1,30.0,1000.0,5.0,34618.5,False
A2IKLJWU2OJ1YX,prim,4,30-1,30.0,1000.0,2.0,19589.300000190735,False
A2IV3SSVTU90BN,ns,1,15-2,15.0,2000.0,7.0,0.0,True
A2IV3SSVTU90BN,ns,1,15-2,15.0,2000.0,2.0,6146.699999809263,False
A2IV3SSVTU90BN,ns,1,15-2,15.0,2000.0,1.0,3484.1000003814697,False
A2IV3SSVTU90BN,ns,1,15-2,15.0,2000.0,3.0,8851.300000190737,False
A2IV3SSVTU90BN,ns,1,15-2,15.0,2000.0,1.0,6744.900000095367,False
A2IV3SSVTU90BN,ns,1,15-2,15.0,2000.0,1.0,4566.099999904633,False
A2IV3SSVTU90BN,ns,1,15-2,15.0,2000.0,1.0,3121.4000000953674,False
A2IV3SSVTU90BN,ns,1,15-2,15.0,2000.0,1.0,3491.5,False
A2IV3SSVTU90BN,ns,1,15-2,15.0,2000.0,1.0,7602.5,False
A2IV3SSVTU90BN,ns,1,15-2,15.0,2000.0,2.0,7163.699999809263,False
A2IV3SSVTU90BN,ns,2,15-2,15.0,2000.0,15.0,5666.399999976158,False
A2IV3SSVTU90BN,ns,2,15-2,15.0,2000.0,3.0,15416.000000000004,False
A2IV3SSVTU90BN,ns,2,15-2,15.0,2000.0,2.0,3824.5,False
A2IV3SSVTU90BN,ns,2,15-2,15.0,2000.0,10.0,4778.999999880791,False
A2IV3SSVTU90BN,ns,2,15-2,15.0,2000.0,15.0,4874.699999928474,False
A2IV3SSVTU90BN,ns,2,15-2,15.0,2000.0,15.0,0.0,True
A2IV3SSVTU90BN,ns,2,15-2,15.0,2000.0,4.0,2292.0999999046326,False
A2IV3SSVTU90BN,ns,2,15-2,15.0,2000.0,8.0,1666.0999999046326,False
A2IV3SSVTU90BN,ns,2,15-2,15.0,2000.0,14.0,285.7999999523163,False
A2IV3SSVTU90BN,ns,2,15-2,15.0,2000.0,14.0,1444.9999998807907,False
A2IV3SSVTU90BN,ns,3,15-2,15.0,2000.0,1.0,795.0,False
A2IV3SSVTU90BN,ns,3,15-2,15.0,2000.0,4.0,5251.800000190735,False
A2IV3SSVTU90BN,ns,3,15-2,15.0,2000.0,7.0,4154.400000095367,False
A2IV3SSVTU90BN,ns,3,15-2,15.0,2000.0,6.0,3797.4000000953674,False
A2IV3SSVTU90BN,ns,3,15-2,15.0,2000.0,14.0,1732.0,False
A2IV3SSVTU90BN,ns,3,15-2,15.0,2000.0,10.0,3746.600000143051,False
A2IV3SSVTU90BN,ns,3,15-2,15.0,2000.0,12.0,0.0,True
A2IV3SSVTU90BN,ns,3,15-2,15.0,2000.0,3.0,4166.099999904633,False
A2IV3SSVTU90BN,ns,3,15-2,15.0,2000.0,1.0,5724.200000047684,False
A2IV3SSVTU90BN,ns,3,15-2,15.0,2000.0,2.0,1940.2000000476837,False
A2IV3SSVTU90BN,ns,3,15-2,15.0,2000.0,12.0,5118.0,False
A2IV3SSVTU90BN,ns,3,15-2,15.0,2000.0,9.0,4402.599999904633,False
A2IV3SSVTU90BN,ns,4,15-2,15.0,2000.0,3.0,0.0,True
A2IV3SSVTU90BN,ns,4,15-2,15.0,2000.0,15.0,10048.799999952316,False
A2IV3SSVTU90BN,ns,4,15-2,15.0,2000.0,15.0,7302.100000143051,False
A2IV3SSVTU90BN,ns,4,15-2,15.0,2000.0,13.0,6172.100000143051,False
A2IV3SSVTU90BN,ns,4,15-2,15.0,2000.0,15.0,7556.700000047684,False
A2IV3SSVTU90BN,ns,4,15-2,15.0,2000.0,15.0,3695.7999999523163,False
A2IV3SSVTU90BN,ns,4,15-2,15.0,2000.0,15.0,7563.200000286104,False
A2IV3SSVTU90BN,ns,4,15-2,15.0,2000.0,15.0,5622.800000190735,False
A2IV3SSVTU90BN,ns,4,15-2,15.0,2000.0,14.0,3034.7000000476837,False
A2IV3SSVTU90BN,ns,4,15-2,15.0,2000.0,13.0,4108.300000190735,False
A2IV3SSVTU90BN,ns,4,15-2,15.0,2000.0,14.0,9582.5,False
A2IV3SSVTU90BN,ns,4,15-2,15.0,2000.0,15.0,7729.000000238419,False
A2K5AXCSY703CU,ns,1,30-1,30.0,1000.0,2.0,8325.0,False
A2K5AXCSY703CU,ns,1,30-1,30.0,1000.0,2.0,6918.0,False
A2K5AXCSY703CU,ns,1,30-1,30.0,1000.0,4.0,8038.0,False
A2K5AXCSY703CU,ns,1,30-1,30.0,1000.0,1.0,10301.0,False
A2K5AXCSY703CU,ns,1,30-1,30.0,1000.0,30.0,7146.0,False
A2K5AXCSY703CU,ns,1,30-1,30.0,1000.0,30.0,2846.0,False
A2K5AXCSY703CU,ns,1,30-1,30.0,1000.0,1.0,9549.0,False
A2K5AXCSY703CU,ns,1,30-1,30.0,1000.0,5.0,0.0,True
A2K5AXCSY703CU,ns,1,30-1,30.0,1000.0,25.0,6112.0,False
A2K5AXCSY703CU,ns,2,30-1,30.0,1000.0,30.0,7316.0,False
A2K5AXCSY703CU,ns,2,30-1,30.0,1000.0,29.0,2511.0,False
A2K5AXCSY703CU,ns,2,30-1,30.0,1000.0,2.0,4034.0,False
A2K5AXCSY703CU,ns,2,30-1,30.0,1000.0,30.0,1509.0,False
A2K5AXCSY703CU,ns,2,30-1,30.0,1000.0,30.0,2344.0,False
A2K5AXCSY703CU,ns,2,30-1,30.0,1000.0,30.0,0.0,True
A2K5AXCSY703CU,ns,2,30-1,30.0,1000.0,1.0,1495.0,False
A2K5AXCSY703CU,ns,2,30-1,30.0,1000.0,26.0,1543.0,False
A2K5AXCSY703CU,ns,2,30-1,30.0,1000.0,1.0,1478.0,False
A2K5AXCSY703CU,ns,3,30-1,30.0,1000.0,2.0,4783.0,False
A2K5AXCSY703CU,ns,3,30-1,30.0,1000.0,2.0,1644.0,False
A2K5AXCSY703CU,ns,3,30-1,30.0,1000.0,1.0,1255.0,False
A2K5AXCSY703CU,ns,3,30-1,30.0,1000.0,30.0,2296.0,False
A2K5AXCSY703CU,ns,3,30-1,30.0,1000.0,27.0,4540.0,False
A2K5AXCSY703CU,ns,3,30-1,30.0,1000.0,28.0,2056.0,False
A2K5AXCSY703CU,ns,3,30-1,30.0,1000.0,29.0,0.0,True
A2K5AXCSY703CU,ns,3,30-1,30.0,1000.0,25.0,3257.0,False
A2K5AXCSY703CU,ns,3,30-1,30.0,1000.0,30.0,2161.0,False
A2K5AXCSY703CU,ns,3,30-1,30.0,1000.0,4.0,2247.0,False
A2K5AXCSY703CU,ns,3,30-1,30.0,1000.0,1.0,4561.0,False
A2K5AXCSY703CU,ns,3,30-1,30.0,1000.0,3.0,7076.0,False
A2KHR0GTA0DBWI,rec,1,20-2,20.0,2000.0,1.0,5587.0,False
A2KHR0GTA0DBWI,rec,1,20-2,20.0,2000.0,17.0,3696.0,False
A2KHR0GTA0DBWI,rec,1,20-2,20.0,2000.0,2.0,8931.0,False
A2KHR0GTA0DBWI,rec,1,20-2,20.0,2000.0,19.0,4220.0,False
A2KHR0GTA0DBWI,rec,1,20-2,20.0,2000.0,18.0,0.0,True
A2KHR0GTA0DBWI,rec,1,20-2,20.0,2000.0,2.0,3304.0,False
A2KHR0GTA0DBWI,rec,1,20-2,20.0,2000.0,19.0,2717.0,False
A2KHR0GTA0DBWI,rec,1,20-2,20.0,2000.0,19.0,1496.0,False
A2KHR0GTA0DBWI,rec,1,20-2,20.0,2000.0,1.0,14324.0,False
A2KHR0GTA0DBWI,rec,1,20-2,20.0,2000.0,20.0,5473.0,False
A2KHR0GTA0DBWI,rec,1,20-2,20.0,2000.0,19.0,7703.0,False
A2KHR0GTA0DBWI,rec,2,20-2,20.0,2000.0,19.0,5116.0,False
A2KHR0GTA0DBWI,rec,2,20-2,20.0,2000.0,19.0,1279.0,False
A2KHR0GTA0DBWI,rec,2,20-2,20.0,2000.0,20.0,3494.0,False
A2KHR0GTA0DBWI,rec,2,20-2,20.0,2000.0,20.0,640.0,False
A2KHR0GTA0DBWI,rec,2,20-2,20.0,2000.0,15.0,12254.0,False
A2KHR0GTA0DBWI,rec,2,20-2,20.0,2000.0,19.0,0.0,True
A2KHR0GTA0DBWI,rec,2,20-2,20.0,2000.0,18.0,1397.0,False
A2KHR0GTA0DBWI,rec,2,20-2,20.0,2000.0,20.0,2462.0,False
A2KHR0GTA0DBWI,rec,2,20-2,20.0,2000.0,1.0,1382.0,False
A2KHR0GTA0DBWI,rec,2,20-2,20.0,2000.0,20.0,3167.0,False
A2KHR0GTA0DBWI,rec,2,20-2,20.0,2000.0,20.0,2474.0,False
A2KHR0GTA0DBWI,rec,3,20-2,20.0,2000.0,1.0,0.0,True
A2KHR0GTA0DBWI,rec,3,20-2,20.0,2000.0,20.0,25874.0,False
A2KHR0GTA0DBWI,rec,3,20-2,20.0,2000.0,17.0,4562.0,False
A2KHR0GTA0DBWI,rec,3,20-2,20.0,2000.0,20.0,3790.0,False
A2KHR0GTA0DBWI,rec,3,20-2,20.0,2000.0,20.0,3430.0,False
A2KHR0GTA0DBWI,rec,3,20-2,20.0,2000.0,20.0,5177.0,False
A2KHR0GTA0DBWI,rec,3,20-2,20.0,2000.0,19.0,4163.0,False
A2KHR0GTA0DBWI,rec,3,20-2,20.0,2000.0,19.0,5475.0,False
A2KHR0GTA0DBWI,rec,3,20-2,20.0,2000.0,20.0,5115.0,False
A2KHR0GTA0DBWI,rec,3,20-2,20.0,2000.0,20.0,7663.0,False
A2KHR0GTA0DBWI,rec,3,20-2,20.0,2000.0,20.0,6021.0,False
A2KHR0GTA0DBWI,rec,4,20-2,20.0,2000.0,1.0,228.0,False
A2KHR0GTA0DBWI,rec,4,20-2,20.0,2000.0,20.0,3406.0,False
A2KHR0GTA0DBWI,rec,4,20-2,20.0,2000.0,18.0,14965.0,False
A2KHR0GTA0DBWI,rec,4,20-2,20.0,2000.0,19.0,5648.0,False
A2KHR0GTA0DBWI,rec,4,20-2,20.0,2000.0,18.0,1511.0,False
A2KHR0GTA0DBWI,rec,4,20-2,20.0,2000.0,2.0,2953.0,False
A2KHR0GTA0DBWI,rec,4,20-2,20.0,2000.0,20.0,11864.0,False
A2KHR0GTA0DBWI,rec,4,20-2,20.0,2000.0,20.0,1178.0,False
A2KHR0GTA0DBWI,rec,4,20-2,20.0,2000.0,20.0,0.0,True
A2KHR0GTA0DBWI,rec,4,20-2,20.0,2000.0,19.0,3466.0,False
A2KHR0GTA0DBWI,rec,4,20-2,20.0,2000.0,20.0,1012.0,False
A2KPEUCEE2M05G,prim,1,10-2,10.0,2000.0,1.0,0.0,True
A2KPEUCEE2M05G,prim,1,10-2,10.0,2000.0,1.0,2491.9000000059605,False
A2KPEUCEE2M05G,prim,1,10-2,10.0,2000.0,1.0,1885.699999988079,False
A2KPEUCEE2M05G,prim,1,10-2,10.0,2000.0,1.0,2920.199999988079,False
A2KPEUCEE2M05G,prim,1,10-2,10.0,2000.0,1.0,2831.399999976158,False
A2KPEUCEE2M05G,prim,1,10-2,10.0,2000.0,1.0,1746.09999999404,False
A2KPEUCEE2M05G,prim,1,10-2,10.0,2000.0,1.0,2942.899999976158,False
A2KPEUCEE2M05G,prim,1,10-2,10.0,2000.0,8.0,4299.999999970198,False
A2KPEUCEE2M05G,prim,1,10-2,10.0,2000.0,8.0,1433.3999999761581,False
A2KPEUCEE2M05G,prim,1,10-2,10.0,2000.0,1.0,2656.199999988079,False
A2KPEUCEE2M05G,prim,1,10-2,10.0,2000.0,8.0,1588.8999999761581,False
A2KPEUCEE2M05G,prim,1,10-2,10.0,2000.0,1.0,1709.4000000059605,False
A2KPEUCEE2M05G,prim,2,10-2,10.0,2000.0,1.0,0.0,True
A2KPEUCEE2M05G,prim,2,10-2,10.0,2000.0,1.0,1665.8999999761577,False
A2KPEUCEE2M05G,prim,2,10-2,10.0,2000.0,1.0,2174.0999999642368,False
A2KPEUCEE2M05G,prim,2,10-2,10.0,2000.0,1.0,1997.2999999523158,False
A2KPEUCEE2M05G,prim,2,10-2,10.0,2000.0,1.0,1435.0999999642368,False
A2KPEUCEE2M05G,prim,2,10-2,10.0,2000.0,1.0,2057.499999940395,False
A2KPEUCEE2M05G,prim,2,10-2,10.0,2000.0,1.0,3562.499999940395,False
A2KPEUCEE2M05G,prim,2,10-2,10.0,2000.0,1.0,1276.7999999523158,False
A2KPEUCEE2M05G,prim,2,10-2,10.0,2000.0,1.0,1737.8999999761577,False
A2KPEUCEE2M05G,prim,2,10-2,10.0,2000.0,1.0,1412.999999940395,False
A2KPEUCEE2M05G,prim,2,10-2,10.0,2000.0,1.0,1366.099999904632,False
A2KPEUCEE2M05G,prim,2,10-2,10.0,2000.0,1.0,1708.699999928474,False
A2KT30RCVX67ZS,prim,1,20-2,20.0,2000.0,1.0,3821.5,False
A2KT30RCVX67ZS,prim,1,20-2,20.0,2000.0,1.0,0.0,True
A2KT30RCVX67ZS,prim,1,20-2,20.0,2000.0,1.0,1551.2999999821204,False
A2KT30RCVX67ZS,prim,2,20-2,20.0,2000.0,1.0,6875.600000023842,False
A2KT30RCVX67ZS,prim,2,20-2,20.0,2000.0,1.0,3093.899999856949,False
A2KT30RCVX67ZS,prim,2,20-2,20.0,2000.0,1.0,2435.4999998807907,False
A2KT30RCVX67ZS,prim,2,20-2,20.0,2000.0,1.0,1374.8999999761581,False
A2KT30RCVX67ZS,prim,2,20-2,20.0,2000.0,1.0,3227.0999999046326,False
A2KT30RCVX67ZS,prim,2,20-2,20.0,2000.0,2.0,0.0,True
A2KT30RCVX67ZS,prim,2,20-2,20.0,2000.0,1.0,4469.999999880791,False
A2KT30RCVX67ZS,prim,3,20-2,20.0,2000.0,1.0,20605.60000002384,False
A2KT30RCVX67ZS,prim,3,20-2,20.0,2000.0,1.0,0.0,True
A2KT30RCVX67ZS,prim,3,20-2,20.0,2000.0,1.0,4688.800000071526,False
A2KT30RCVX67ZS,prim,3,20-2,20.0,2000.0,16.0,7196.899999976158,False
A2KT30RCVX67ZS,prim,3,20-2,20.0,2000.0,1.0,4937.399999976158,False
A2KT30RCVX67ZS,prim,4,20-2,20.0,2000.0,1.0,9539.400000095367,False
A2KT30RCVX67ZS,prim,4,20-2,20.0,2000.0,1.0,3973.7999999523163,False
A2KT30RCVX67ZS,prim,4,20-2,20.0,2000.0,1.0,0.0,True
A2KT30RCVX67ZS,prim,4,20-2,20.0,2000.0,1.0,7405.899999856947,False
A2KT30RCVX67ZS,prim,4,20-2,20.0,2000.0,1.0,3289.5,False
A2KT30RCVX67ZS,prim,4,20-2,20.0,2000.0,1.0,3207.5,False
A2KT30RCVX67ZS,prim,4,20-2,20.0,2000.0,2.0,1407.5,False
A2KZN3UH5NGC9,rec,1,15-2,15.0,2000.0,15.0,0.0,True
A2KZN3UH5NGC9,rec,1,15-2,15.0,2000.0,14.0,6099.700000762939,False
A2KZN3UH5NGC9,rec,1,15-2,15.0,2000.0,2.0,4795.60000038147,False
A2KZN3UH5NGC9,rec,1,15-2,15.0,2000.0,15.0,3986.300000190735,False
A2KZN3UH5NGC9,rec,1,15-2,15.0,2000.0,4.0,5637.300000190735,False
A2KZN3UH5NGC9,rec,1,15-2,15.0,2000.0,14.0,5698.699999809265,False
A2KZN3UH5NGC9,rec,1,15-2,15.0,2000.0,6.0,5842.10000038147,False
A2KZN3UH5NGC9,rec,1,15-2,15.0,2000.0,15.0,19970.500000953674,False
A2KZN3UH5NGC9,rec,1,15-2,15.0,2000.0,14.0,2813.699999809265,False
A2KZN3UH5NGC9,rec,1,15-2,15.0,2000.0,3.0,4575.60000038147,False
A2KZN3UH5NGC9,rec,1,15-2,15.0,2000.0,14.0,3631.199999809265,False
A2KZN3UH5NGC9,rec,2,15-2,15.0,2000.0,15.0,0.0,True
A2KZN3UH5NGC9,rec,2,15-2,15.0,2000.0,15.0,2394.5999994277954,False
A2KZN3UH5NGC9,rec,2,15-2,15.0,2000.0,8.0,2708.8999996185303,False
A2KZN3UH5NGC9,rec,2,15-2,15.0,2000.0,5.0,5882.39999961853,False
A2KZN3UH5NGC9,rec,2,15-2,15.0,2000.0,3.0,4492.699998855591,False
A2KZN3UH5NGC9,rec,2,15-2,15.0,2000.0,14.0,13902.599999427795,False
A2KZN3UH5NGC9,rec,2,15-2,15.0,2000.0,7.0,6836.699999809267,False
A2KZN3UH5NGC9,rec,2,15-2,15.0,2000.0,1.0,27964.79999923706,False
A2KZN3UH5NGC9,rec,2,15-2,15.0,2000.0,6.0,2973.5,False
A2KZN3UH5NGC9,rec,2,15-2,15.0,2000.0,15.0,6408.799999237061,False
A2KZN3UH5NGC9,rec,3,15-2,15.0,2000.0,10.0,270.40000057220504,False
A2KZN3UH5NGC9,rec,3,15-2,15.0,2000.0,15.0,2964.60000038147,False
A2KZN3UH5NGC9,rec,3,15-2,15.0,2000.0,15.0,2178.900000572205,False
A2KZN3UH5NGC9,rec,3,15-2,15.0,2000.0,15.0,595.6000003814702,False
A2KZN3UH5NGC9,rec,3,15-2,15.0,2000.0,14.0,870.6000003814702,False
A2KZN3UH5NGC9,rec,3,15-2,15.0,2000.0,15.0,1568.1999998092656,False
A2KZN3UH5NGC9,rec,3,15-2,15.0,2000.0,8.0,2126.3000001907353,False
A2KZN3UH5NGC9,rec,3,15-2,15.0,2000.0,14.0,2034.900000572205,False
A2KZN3UH5NGC9,rec,3,15-2,15.0,2000.0,15.0,696.3000001907353,False
A2KZN3UH5NGC9,rec,3,15-2,15.0,2000.0,13.0,606.6000003814702,False
A2KZN3UH5NGC9,rec,3,15-2,15.0,2000.0,15.0,0.0,True
A2KZN3UH5NGC9,rec,4,15-2,15.0,2000.0,9.0,0.0,True
A2KZN3UH5NGC9,rec,4,15-2,15.0,2000.0,15.0,4305.60000038147,False
A2KZN3UH5NGC9,rec,4,15-2,15.0,2000.0,15.0,1729.1000003814697,False
A2KZN3UH5NGC9,rec,4,15-2,15.0,2000.0,15.0,4863.599999427795,False
A2KZN3UH5NGC9,rec,4,15-2,15.0,2000.0,14.0,9672.10000038147,False
A2KZN3UH5NGC9,rec,4,15-2,15.0,2000.0,15.0,1502.8999996185303,False
A2KZN3UH5NGC9,rec,4,15-2,15.0,2000.0,15.0,1543.6999998092651,False
A2KZN3UH5NGC9,rec,4,15-2,15.0,2000.0,15.0,575.6000003814697,False
A2KZN3UH5NGC9,rec,4,15-2,15.0,2000.0,15.0,2734.7000007629395,False
A2KZN3UH5NGC9,rec,4,15-2,15.0,2000.0,14.0,2414.5,False
A2KZN3UH5NGC9,rec,4,15-2,15.0,2000.0,2.0,1403.7999992370605,False
A2L7RTYO4UMYDH,ns,1,40-1,40.0,1000.0,1.0,0.0,True
A2L7RTYO4UMYDH,ns,1,40-1,40.0,1000.0,2.0,4837.0,False
A2L7RTYO4UMYDH,ns,1,40-1,40.0,1000.0,39.0,1984.0,False
A2L7RTYO4UMYDH,ns,1,40-1,40.0,1000.0,37.0,3982.0,False
A2L7RTYO4UMYDH,ns,1,40-1,40.0,1000.0,37.0,4605.0,False
A2L7RTYO4UMYDH,ns,1,40-1,40.0,1000.0,1.0,977.0,False
A2L7RTYO4UMYDH,ns,1,40-1,40.0,1000.0,28.0,36786.0,False
A2L7RTYO4UMYDH,ns,1,40-1,40.0,1000.0,40.0,2945.0,False
A2L7RTYO4UMYDH,ns,1,40-1,40.0,1000.0,38.0,927.0,False
A2L7RTYO4UMYDH,ns,1,40-1,40.0,1000.0,40.0,788.0,False
A2L7RTYO4UMYDH,ns,1,40-1,40.0,1000.0,2.0,24508.0,False
A2L7RTYO4UMYDH,ns,2,40-1,40.0,1000.0,1.0,6096.0,False
A2L7RTYO4UMYDH,ns,2,40-1,40.0,1000.0,2.0,200.0,False
A2L7RTYO4UMYDH,ns,2,40-1,40.0,1000.0,6.0,20037.0,False
A2L7RTYO4UMYDH,ns,2,40-1,40.0,1000.0,40.0,907.0,False
A2L7RTYO4UMYDH,ns,2,40-1,40.0,1000.0,1.0,15313.0,False
A2L7RTYO4UMYDH,ns,2,40-1,40.0,1000.0,35.0,25450.0,False
A2L7RTYO4UMYDH,ns,2,40-1,40.0,1000.0,1.0,8863.0,False
A2L7RTYO4UMYDH,ns,2,40-1,40.0,1000.0,39.0,793.0,False
A2L7RTYO4UMYDH,ns,2,40-1,40.0,1000.0,38.0,0.0,True
A2L7RTYO4UMYDH,ns,2,40-1,40.0,1000.0,39.0,6112.0,False
A2LI1OIR4BVJRW,prim,1,40-1,40.0,1000.0,4.0,3448.300000190733,False
A2LI1OIR4BVJRW,prim,1,40-1,40.0,1000.0,2.0,207.30000019073304,False
A2LI1OIR4BVJRW,prim,1,40-1,40.0,1000.0,2.0,8292.999999999998,False
A2LI1OIR4BVJRW,prim,1,40-1,40.0,1000.0,3.0,5044.0,False
A2LI1OIR4BVJRW,prim,1,40-1,40.0,1000.0,2.0,3750.0999994277936,False
A2LI1OIR4BVJRW,prim,1,40-1,40.0,1000.0,4.0,9742.099999427794,False
A2LI1OIR4BVJRW,prim,1,40-1,40.0,1000.0,2.0,1935.7999992370587,False
A2LI1OIR4BVJRW,prim,1,40-1,40.0,1000.0,1.0,332.5,False
A2LI1OIR4BVJRW,prim,1,40-1,40.0,1000.0,2.0,542.0999994277936,False
A2LI1OIR4BVJRW,prim,1,40-1,40.0,1000.0,2.0,5000.799999237059,False
A2LI1OIR4BVJRW,prim,1,40-1,40.0,1000.0,1.0,0.0,True
A2LI1OIR4BVJRW,prim,2,40-1,40.0,1000.0,1.0,754.7999992370605,False
A2LI1OIR4BVJRW,prim,2,40-1,40.0,1000.0,1.0,4308.099999427795,False
A2LI1OIR4BVJRW,prim,2,40-1,40.0,1000.0,3.0,13422.29999923706,False
A2LI1OIR4BVJRW,prim,2,40-1,40.0,1000.0,2.0,4328.500000000002,False
A2LI1OIR4BVJRW,prim,2,40-1,40.0,1000.0,2.0,5960.999999046326,False
A2LI1OIR4BVJRW,prim,2,40-1,40.0,1000.0,16.0,5966.099999427795,False
A2LI1OIR4BVJRW,prim,2,40-1,40.0,1000.0,1.0,4931.599999427795,False
A2LI1OIR4BVJRW,prim,2,40-1,40.0,1000.0,9.0,6150.800000190735,False
A2LI1OIR4BVJRW,prim,2,40-1,40.0,1000.0,3.0,8354.199999809265,False
A2LI1OIR4BVJRW,prim,2,40-1,40.0,1000.0,2.0,541.7999992370605,False
A2LI1OIR4BVJRW,prim,2,40-1,40.0,1000.0,2.0,0.0,True
A2LI1OIR4BVJRW,prim,3,40-1,40.0,1000.0,1.0,3156.7000007629395,False
A2LI1OIR4BVJRW,prim,3,40-1,40.0,1000.0,2.0,3218.2000007629395,False
A2LI1OIR4BVJRW,prim,3,40-1,40.0,1000.0,2.0,4246.700000762939,False
A2LI1OIR4BVJRW,prim,3,40-1,40.0,1000.0,7.0,5450.10000038147,False
A2LI1OIR4BVJRW,prim,3,40-1,40.0,1000.0,2.0,3885.0,False
A2LI1OIR4BVJRW,prim,3,40-1,40.0,1000.0,2.0,4390.800001144409,False
A2LI1OIR4BVJRW,prim,3,40-1,40.0,1000.0,1.0,960.2000007629395,False
A2LI1OIR4BVJRW,prim,3,40-1,40.0,1000.0,3.0,10308.60000038147,False
A2LI1OIR4BVJRW,prim,3,40-1,40.0,1000.0,4.0,587.8000001907349,False
A2LI1OIR4BVJRW,prim,3,40-1,40.0,1000.0,1.0,0.0,True
A2LI1OIR4BVJRW,prim,4,40-1,40.0,1000.0,1.0,433.4000005722046,False
A2LI1OIR4BVJRW,prim,4,40-1,40.0,1000.0,1.0,10877.30000114441,False
A2LI1OIR4BVJRW,prim,4,40-1,40.0,1000.0,1.0,4396.500000953674,False
A2LI1OIR4BVJRW,prim,4,40-1,40.0,1000.0,1.0,1950.8000001907349,False
A2LI1OIR4BVJRW,prim,4,40-1,40.0,1000.0,2.0,3159.4000005722046,False
A2LI1OIR4BVJRW,prim,4,40-1,40.0,1000.0,2.0,6256.400000572205,False
A2LI1OIR4BVJRW,prim,4,40-1,40.0,1000.0,3.0,1423.8000001907349,False
A2LI1OIR4BVJRW,prim,4,40-1,40.0,1000.0,1.0,4698.300001144409,False
A2LI1OIR4BVJRW,prim,4,40-1,40.0,1000.0,1.0,3453.300000190735,False
A2LI1OIR4BVJRW,prim,4,40-1,40.0,1000.0,3.0,5586.400000572205,False
A2LI1OIR4BVJRW,prim,4,40-1,40.0,1000.0,1.0,0.0,True
A2LI1OIR4BVJRW,prim,4,40-1,40.0,1000.0,1.0,6662.100000381468,False
A2LJ1FRUYGW469,ns,1,10-2,10.0,2000.0,1.0,0.0,True
A2LJ1FRUYGW469,ns,1,10-2,10.0,2000.0,10.0,10299.699999809265,False
A2LJ1FRUYGW469,ns,1,10-2,10.0,2000.0,10.0,5879.000000000002,False
A2LJ1FRUYGW469,ns,1,10-2,10.0,2000.0,10.0,4969.800000190735,False
A2LJ1FRUYGW469,ns,1,10-2,10.0,2000.0,10.0,14788.099999427795,False
A2LJ1FRUYGW469,ns,1,10-2,10.0,2000.0,8.0,28402.79999923706,False
A2LJ1FRUYGW469,ns,1,10-2,10.0,2000.0,10.0,4733.89999961853,False
A2LJ1FRUYGW469,ns,1,10-2,10.0,2000.0,9.0,12239.300000190735,False
A2LJ1FRUYGW469,ns,1,10-2,10.0,2000.0,1.0,8431.999999046326,False
A2LJ1FRUYGW469,ns,1,10-2,10.0,2000.0,10.0,8882.300000190735,False
A2LJ1FRUYGW469,ns,2,10-2,10.0,2000.0,1.0,0.0,True
A2LJ1FRUYGW469,ns,2,10-2,10.0,2000.0,8.0,10851.400000572205,False
A2LJ1FRUYGW469,ns,2,10-2,10.0,2000.0,10.0,9311.30000114441,False
A2LJ1FRUYGW469,ns,2,10-2,10.0,2000.0,10.0,6897.400000572206,False
A2LJ1FRUYGW469,ns,2,10-2,10.0,2000.0,10.0,5525.10000038147,False
A2LJ1FRUYGW469,ns,2,10-2,10.0,2000.0,1.0,4833.10000038147,False
A2LJ1FRUYGW469,ns,2,10-2,10.0,2000.0,10.0,2935.5,False
A2LJ1FRUYGW469,ns,2,10-2,10.0,2000.0,10.0,7015.89999961853,False
A2LJ1FRUYGW469,ns,2,10-2,10.0,2000.0,10.0,4628.700000762939,False
A2LJ1FRUYGW469,ns,2,10-2,10.0,2000.0,10.0,3029.300000190735,False
A2LJ1FRUYGW469,ns,2,10-2,10.0,2000.0,1.0,2974.0,False
A2LJ1FRUYGW469,ns,3,10-2,10.0,2000.0,1.0,0.0,True
A2LJ1FRUYGW469,ns,3,10-2,10.0,2000.0,1.0,10717.999999046324,False
A2LJ1FRUYGW469,ns,3,10-2,10.0,2000.0,10.0,4938.599999427797,False
A2LJ1FRUYGW469,ns,3,10-2,10.0,2000.0,10.0,11260.599998474121,False
A2LJ1FRUYGW469,ns,3,10-2,10.0,2000.0,10.0,9242.499999046324,False
A2LJ1FRUYGW469,ns,3,10-2,10.0,2000.0,9.0,2822.4999990463257,False
A2LJ1FRUYGW469,ns,3,10-2,10.0,2000.0,10.0,6598.599999427797,False
A2LJ1FRUYGW469,ns,3,10-2,10.0,2000.0,10.0,8559.099999427797,False
A2LJ1FRUYGW469,ns,3,10-2,10.0,2000.0,10.0,4321.39999961853,False
A2LJ1FRUYGW469,ns,3,10-2,10.0,2000.0,10.0,4325.39999961853,False
A2LJ1FRUYGW469,ns,4,10-2,10.0,2000.0,1.0,0.0,True
A2LJ1FRUYGW469,ns,4,10-2,10.0,2000.0,1.0,7071.300000000745,False
A2LJ1FRUYGW469,ns,4,10-2,10.0,2000.0,1.0,6037.4000000003725,False
A2LJ1FRUYGW469,ns,4,10-2,10.0,2000.0,1.0,32106.300000000745,False
A2LJ1FRUYGW469,ns,4,10-2,10.0,2000.0,1.0,21476.900000000373,False
A2LJ1FRUYGW469,ns,4,10-2,10.0,2000.0,1.0,11108.500000000002,False
A2LJ1FRUYGW469,ns,4,10-2,10.0,2000.0,2.0,7551.500000001863,False
A2LJ1FRUYGW469,ns,4,10-2,10.0,2000.0,2.0,4947.200000001118,False
A2LJ1FRUYGW469,ns,4,10-2,10.0,2000.0,3.0,20644.200000001118,False
A2LJ1FRUYGW469,ns,4,10-2,10.0,2000.0,1.0,9816.900000000373,False
A2LJ1FRUYGW469,ns,4,10-2,10.0,2000.0,1.0,5311.700000001118,False
A2M183CETUMR96,rec,1,10-2,10.0,2000.0,1.0,1931.9000000003725,False
A2M183CETUMR96,rec,1,10-2,10.0,2000.0,10.0,1630.9000000003725,False
A2M183CETUMR96,rec,1,10-2,10.0,2000.0,9.0,2341.5999999996275,False
A2M183CETUMR96,rec,1,10-2,10.0,2000.0,5.0,1183.5,False
A2M183CETUMR96,rec,1,10-2,10.0,2000.0,9.0,2085.2999999988824,False
A2M183CETUMR96,rec,1,10-2,10.0,2000.0,9.0,2833.299999998883,False
A2M183CETUMR96,rec,1,10-2,10.0,2000.0,10.0,1584.199999999255,False
A2M183CETUMR96,rec,1,10-2,10.0,2000.0,10.0,1509.199999999255,False
A2M183CETUMR96,rec,1,10-2,10.0,2000.0,9.0,1184.0999999996275,False
A2M183CETUMR96,rec,1,10-2,10.0,2000.0,9.0,1777.199999999255,False
A2M183CETUMR96,rec,1,10-2,10.0,2000.0,9.0,873.3999999985099,False
A2M183CETUMR96,rec,1,10-2,10.0,2000.0,9.0,0.0,True
A2M183CETUMR96,rec,2,10-2,10.0,2000.0,9.0,825.3000000026077,False
A2M183CETUMR96,rec,2,10-2,10.0,2000.0,9.0,5281.200000001118,False
A2M183CETUMR96,rec,2,10-2,10.0,2000.0,9.0,1626.800000000746,False
A2M183CETUMR96,rec,2,10-2,10.0,2000.0,9.0,232.00000000186265,False
A2M183CETUMR96,rec,2,10-2,10.0,2000.0,10.0,492.6000000014901,False
A2M183CETUMR96,rec,2,10-2,10.0,2000.0,7.0,4322.800000000746,False
A2M183CETUMR96,rec,2,10-2,10.0,2000.0,7.0,0.0,True
A2M183CETUMR96,rec,2,10-2,10.0,2000.0,9.0,1473.0,False
A2M183CETUMR96,rec,2,10-2,10.0,2000.0,9.0,290.00000000186265,False
A2M183CETUMR96,rec,2,10-2,10.0,2000.0,9.0,665.8000000007451,False
A2M183CETUMR96,rec,2,10-2,10.0,2000.0,9.0,294.2000000011176,False
A2M183CETUMR96,rec,3,10-2,10.0,2000.0,8.0,2725.5,False
A2M183CETUMR96,rec,3,10-2,10.0,2000.0,9.0,1181.1000000014901,False
A2M183CETUMR96,rec,3,10-2,10.0,2000.0,10.0,1444.8999999985099,False
A2M183CETUMR96,rec,3,10-2,10.0,2000.0,9.0,830.0,False
A2M183CETUMR96,rec,3,10-2,10.0,2000.0,7.0,1324.2999999970202,False
A2M183CETUMR96,rec,3,10-2,10.0,2000.0,9.0,181.0,False
A2M183CETUMR96,rec,3,10-2,10.0,2000.0,9.0,940.2999999970202,False
A2M183CETUMR96,rec,3,10-2,10.0,2000.0,9.0,617.1999999955297,False
A2M183CETUMR96,rec,3,10-2,10.0,2000.0,9.0,2459.2999999970198,False
A2M183CETUMR96,rec,3,10-2,10.0,2000.0,9.0,1113.2000000029798,False
A2M183CETUMR96,rec,3,10-2,10.0,2000.0,9.0,1135.8999999985099,False
A2M183CETUMR96,rec,3,10-2,10.0,2000.0,9.0,0.0,True
A2M183CETUMR96,rec,4,10-2,10.0,2000.0,6.0,0.0,True
A2M183CETUMR96,rec,4,10-2,10.0,2000.0,9.0,1662.4999999962747,False
A2M183CETUMR96,rec,4,10-2,10.0,2000.0,9.0,2110.6999999955297,False
A2M183CETUMR96,rec,4,10-2,10.0,2000.0,10.0,1047.699999999255,False
A2M183CETUMR96,rec,4,10-2,10.0,2000.0,9.0,2840.1999999955297,False
A2M183CETUMR96,rec,4,10-2,10.0,2000.0,9.0,769.2999999970198,False
A2M183CETUMR96,rec,4,10-2,10.0,2000.0,9.0,705.5999999977648,False
A2M183CETUMR96,rec,4,10-2,10.0,2000.0,9.0,1109.5999999977648,False
A2M183CETUMR96,rec,4,10-2,10.0,2000.0,9.0,1075.7999999970198,False
A2M183CETUMR96,rec,4,10-2,10.0,2000.0,9.0,1602.3999999985099,False
A2M183CETUMR96,rec,4,10-2,10.0,2000.0,9.0,1749.6999999955297,False
A2M183CETUMR96,rec,4,10-2,10.0,2000.0,9.0,2779.8999999947846,False
A2MBFIAGBPU5NG,prim,1,15-2,15.0,2000.0,3.0,1428.0,False
A2MBFIAGBPU5NG,prim,1,15-2,15.0,2000.0,2.0,2462.0,False
A2MBFIAGBPU5NG,prim,1,15-2,15.0,2000.0,2.0,2086.0,False
A2MBFIAGBPU5NG,prim,1,15-2,15.0,2000.0,1.0,1896.0,False
A2MBFIAGBPU5NG,prim,1,15-2,15.0,2000.0,1.0,2005.0,False
A2MBFIAGBPU5NG,prim,1,15-2,15.0,2000.0,15.0,856.0,False
A2MBFIAGBPU5NG,prim,1,15-2,15.0,2000.0,15.0,0.0,True
A2MBFIAGBPU5NG,prim,2,15-2,15.0,2000.0,1.0,756.0,False
A2MBFIAGBPU5NG,prim,2,15-2,15.0,2000.0,10.0,1994.0,False
A2MBFIAGBPU5NG,prim,2,15-2,15.0,2000.0,13.0,2282.0,False
A2MBFIAGBPU5NG,prim,2,15-2,15.0,2000.0,2.0,27021.0,False
A2MBFIAGBPU5NG,prim,2,15-2,15.0,2000.0,12.0,405.0,False
A2MBFIAGBPU5NG,prim,2,15-2,15.0,2000.0,1.0,3020.0,False
A2MBFIAGBPU5NG,prim,2,15-2,15.0,2000.0,3.0,2633.0,False
A2MBFIAGBPU5NG,prim,2,15-2,15.0,2000.0,14.0,0.0,True
A2MBFIAGBPU5NG,prim,2,15-2,15.0,2000.0,2.0,1636.0,False
A2MBFIAGBPU5NG,prim,2,15-2,15.0,2000.0,2.0,1197.0,False
A2MBFIAGBPU5NG,prim,2,15-2,15.0,2000.0,12.0,1698.0,False
A2MBFIAGBPU5NG,prim,3,15-2,15.0,2000.0,1.0,4167.0,False
A2MBFIAGBPU5NG,prim,3,15-2,15.0,2000.0,1.0,1060.0,False
A2MBFIAGBPU5NG,prim,3,15-2,15.0,2000.0,2.0,1310.0,False
A2MBFIAGBPU5NG,prim,3,15-2,15.0,2000.0,2.0,2331.0,False
A2MBFIAGBPU5NG,prim,3,15-2,15.0,2000.0,2.0,206.0,False
A2MBFIAGBPU5NG,prim,3,15-2,15.0,2000.0,1.0,0.0,True
A2MBFIAGBPU5NG,prim,3,15-2,15.0,2000.0,1.0,666.0,False
A2MBFIAGBPU5NG,prim,3,15-2,15.0,2000.0,1.0,4463.0,False
A2MBFIAGBPU5NG,prim,4,15-2,15.0,2000.0,1.0,2.0,False
A2MBFIAGBPU5NG,prim,4,15-2,15.0,2000.0,1.0,4730.0,False
A2MBFIAGBPU5NG,prim,4,15-2,15.0,2000.0,1.0,0.0,True
A2MBFIAGBPU5NG,prim,4,15-2,15.0,2000.0,15.0,2827.0,False
A2MBFIAGBPU5NG,prim,4,15-2,15.0,2000.0,13.0,217.0,False
A2MBFIAGBPU5NG,prim,4,15-2,15.0,2000.0,5.0,618.0,False
A2MBFIAGBPU5NG,prim,4,15-2,15.0,2000.0,1.0,1844.0,False
A2MBFIAGBPU5NG,prim,4,15-2,15.0,2000.0,2.0,678.0,False
A2MBFIAGBPU5NG,prim,4,15-2,15.0,2000.0,1.0,1426.0,False
A2MBFIAGBPU5NG,prim,4,15-2,15.0,2000.0,3.0,1659.0,False
A2MMGDAA7JJKIE,prim,1,20-2,20.0,2000.0,1.0,4816.700000286104,False
A2MMGDAA7JJKIE,prim,1,20-2,20.0,2000.0,1.0,3558.5000002384186,False
A2MMGDAA7JJKIE,prim,1,20-2,20.0,2000.0,1.0,4411.600000143051,False
A2MMGDAA7JJKIE,prim,1,20-2,20.0,2000.0,1.0,220.20000004768372,False
A2MMGDAA7JJKIE,prim,1,20-2,20.0,2000.0,1.0,0.0,True
A2MMGDAA7JJKIE,prim,2,20-2,20.0,2000.0,1.0,0.0,True
A2MMGDAA7JJKIE,prim,2,20-2,20.0,2000.0,1.0,11551.5,False
A2MMGDAA7JJKIE,prim,2,20-2,20.0,2000.0,1.0,3870.5999999046326,False
A2MMGDAA7JJKIE,prim,2,20-2,20.0,2000.0,2.0,6108.5,False
A2MMGDAA7JJKIE,prim,2,20-2,20.0,2000.0,2.0,25207.300000190735,False
A2MMGDAA7JJKIE,prim,2,20-2,20.0,2000.0,3.0,12514.5,False
A2MMGDAA7JJKIE,prim,2,20-2,20.0,2000.0,1.0,4791.599999904631,False
A2MMGDAA7JJKIE,prim,2,20-2,20.0,2000.0,1.0,8695.699999809265,False
A2MMGDAA7JJKIE,prim,2,20-2,20.0,2000.0,1.0,31057.5,False
A2MMGDAA7JJKIE,prim,3,20-2,20.0,2000.0,1.0,5908.699999809265,False
A2MMGDAA7JJKIE,prim,3,20-2,20.0,2000.0,1.0,2432.300000190735,False
A2MMGDAA7JJKIE,prim,3,20-2,20.0,2000.0,1.0,16510.199999809272,False
A2MMGDAA7JJKIE,prim,3,20-2,20.0,2000.0,1.0,5414.900000095369,False
A2MMGDAA7JJKIE,prim,3,20-2,20.0,2000.0,1.0,0.0,True
A2MMGDAA7JJKIE,prim,3,20-2,20.0,2000.0,3.0,0.19999980926513672,False
A2MMGDAA7JJKIE,prim,3,20-2,20.0,2000.0,8.0,2597.9000000953693,False
A2MMGDAA7JJKIE,prim,4,20-2,20.0,2000.0,1.0,0.0,True
A2MMGDAA7JJKIE,prim,4,20-2,20.0,2000.0,1.0,6555.299999713898,False
A2MMGDAA7JJKIE,prim,4,20-2,20.0,2000.0,1.0,2701.7999997138977,False
A2MMGDAA7JJKIE,prim,4,20-2,20.0,2000.0,1.0,2811.0999994277954,False
A2MMGDAA7JJKIE,prim,4,20-2,20.0,2000.0,1.0,1487.7999997138977,False
A2MMGDAA7JJKIE,prim,4,20-2,20.0,2000.0,1.0,5905.39999961853,False
A2MMGDAA7JJKIE,prim,4,20-2,20.0,2000.0,1.0,6774.89999961853,False
A2MMGDAA7JJKIE,prim,4,20-2,20.0,2000.0,1.0,5066.400000095367,False
A2MMGDAA7JJKIE,prim,4,20-2,20.0,2000.0,1.0,4500.999999523163,False
A2MMGDAA7JJKIE,prim,4,20-2,20.0,2000.0,1.0,11363.5,False
A2MOKIEQZ0OF2M,prim,1,20-2,20.0,2000.0,1.0,562.0999999996275,False
A2MOKIEQZ0OF2M,prim,1,20-2,20.0,2000.0,1.0,4337.700000000186,False
A2MOKIEQZ0OF2M,prim,1,20-2,20.0,2000.0,1.0,3320.6999999997206,False
A2MOKIEQZ0OF2M,prim,1,20-2,20.0,2000.0,1.0,6562.699999999721,False
A2MOKIEQZ0OF2M,prim,1,20-2,20.0,2000.0,1.0,3745.7999999998156,False
A2MOKIEQZ0OF2M,prim,1,20-2,20.0,2000.0,1.0,0.0,True
A2MOKIEQZ0OF2M,prim,1,20-2,20.0,2000.0,1.0,4622.299999999816,False
A2MOKIEQZ0OF2M,prim,1,20-2,20.0,2000.0,1.0,3707.100000000093,False
A2MOKIEQZ0OF2M,prim,1,20-2,20.0,2000.0,2.0,6046.699999999721,False
A2MOKIEQZ0OF2M,prim,1,20-2,20.0,2000.0,1.0,4351.700000000186,False
A2MOKIEQZ0OF2M,prim,1,20-2,20.0,2000.0,1.0,1801.1000000000931,False
A2MOKIEQZ0OF2M,prim,1,20-2,20.0,2000.0,1.0,5344.099999999164,False
A2MOKIEQZ0OF2M,prim,2,20-2,20.0,2000.0,1.0,1582.0,False
A2MOKIEQZ0OF2M,prim,2,20-2,20.0,2000.0,1.0,3799.7000000011176,False
A2MOKIEQZ0OF2M,prim,2,20-2,20.0,2000.0,20.0,2052.9000000003725,False
A2MOKIEQZ0OF2M,prim,2,20-2,20.0,2000.0,1.0,5909.699999999255,False
A2MOKIEQZ0OF2M,prim,2,20-2,20.0,2000.0,1.0,4789.89999999851,False
A2MOKIEQZ0OF2M,prim,2,20-2,20.0,2000.0,19.0,4560.0,False
A2MOKIEQZ0OF2M,prim,2,20-2,20.0,2000.0,2.0,1965.9000000003725,False
A2MOKIEQZ0OF2M,prim,2,20-2,20.0,2000.0,1.0,3479.4000000003707,False
A2MOKIEQZ0OF2M,prim,2,20-2,20.0,2000.0,1.0,1411.8999999985099,False
A2MOKIEQZ0OF2M,prim,2,20-2,20.0,2000.0,20.0,0.0,True
A2MOKIEQZ0OF2M,prim,3,20-2,20.0,2000.0,1.0,3632.199999999253,False
A2MOKIEQZ0OF2M,prim,3,20-2,20.0,2000.0,1.0,1815.300000000745,False
A2MOKIEQZ0OF2M,prim,3,20-2,20.0,2000.0,1.0,3466.199999999253,False
A2MOKIEQZ0OF2M,prim,3,20-2,20.0,2000.0,1.0,355.59999999776664,False
A2MOKIEQZ0OF2M,prim,3,20-2,20.0,2000.0,1.0,4227.699999999253,False
A2MOKIEQZ0OF2M,prim,3,20-2,20.0,2000.0,1.0,291.29999999701977,False
A2MOKIEQZ0OF2M,prim,3,20-2,20.0,2000.0,1.0,1394.5,False
A2MOKIEQZ0OF2M,prim,3,20-2,20.0,2000.0,1.0,779.3999999985099,False
A2MOKIEQZ0OF2M,prim,3,20-2,20.0,2000.0,1.0,0.0,True
A2MOKIEQZ0OF2M,prim,3,20-2,20.0,2000.0,1.0,5298.099999997767,False
A2MOKIEQZ0OF2M,prim,3,20-2,20.0,2000.0,1.0,4219.099999997767,False
A2MUOD1JHWJ735,ns,1,10-2,10.0,2000.0,9.0,0.0,True
A2MUOD1JHWJ735,ns,1,10-2,10.0,2000.0,7.0,2204.4000000953674,False
A2MUOD1JHWJ735,ns,1,10-2,10.0,2000.0,7.0,1927.7000000476842,False
A2MUOD1JHWJ735,ns,1,10-2,10.0,2000.0,8.0,2649.099999904633,False
A2MUOD1JHWJ735,ns,1,10-2,10.0,2000.0,5.0,1992.9000000953674,False
A2MUOD1JHWJ735,ns,1,10-2,10.0,2000.0,5.0,1740.8000001907349,False
A2MUOD1JHWJ735,ns,1,10-2,10.0,2000.0,7.0,1619.7000000476842,False
A2MUOD1JHWJ735,ns,1,10-2,10.0,2000.0,6.0,1217.1000001430511,False
A2MUOD1JHWJ735,ns,1,10-2,10.0,2000.0,5.0,2645.600000143051,False
A2MUOD1JHWJ735,ns,1,10-2,10.0,2000.0,7.0,1627.5,False
A2MUOD1JHWJ735,ns,1,10-2,10.0,2000.0,10.0,1482.6000001430511,False
A2MUOD1JHWJ735,ns,1,10-2,10.0,2000.0,9.0,2540.799999952316,False
A2MUOD1JHWJ735,ns,2,10-2,10.0,2000.0,7.0,0.0,True
A2MUOD1JHWJ735,ns,2,10-2,10.0,2000.0,7.0,3742.7999999523163,False
A2MUOD1JHWJ735,ns,2,10-2,10.0,2000.0,9.0,2166.9999999403954,False
A2MUOD1JHWJ735,ns,2,10-2,10.0,2000.0,9.0,1518.9999999403954,False
A2MUOD1JHWJ735,ns,2,10-2,10.0,2000.0,5.0,1051.5,False
A2MUOD1JHWJ735,ns,2,10-2,10.0,2000.0,7.0,1099.0999999642372,False
A2MUOD1JHWJ735,ns,2,10-2,10.0,2000.0,8.0,2621.5,False
A2MUOD1JHWJ735,ns,2,10-2,10.0,2000.0,6.0,2313.2999999523163,False
A2MUOD1JHWJ735,ns,2,10-2,10.0,2000.0,7.0,966.8999999761581,False
A2MUOD1JHWJ735,ns,2,10-2,10.0,2000.0,6.0,1598.3999999761581,False
A2MUOD1JHWJ735,ns,2,10-2,10.0,2000.0,5.0,1089.800000011921,False
A2MUOD1JHWJ735,ns,2,10-2,10.0,2000.0,8.0,1939.7999999523163,False
A2MUOD1JHWJ735,ns,3,10-2,10.0,2000.0,1.0,0.0,True
A2MUOD1JHWJ735,ns,3,10-2,10.0,2000.0,8.0,2890.800000190735,False
A2MUOD1JHWJ735,ns,3,10-2,10.0,2000.0,6.0,1122.2999997138977,False
A2MUOD1JHWJ735,ns,3,10-2,10.0,2000.0,9.0,1670.599999904633,False
A2MUOD1JHWJ735,ns,3,10-2,10.0,2000.0,6.0,2728.5,False
A2MUOD1JHWJ735,ns,3,10-2,10.0,2000.0,5.0,1288.599999904633,False
A2MUOD1JHWJ735,ns,3,10-2,10.0,2000.0,6.0,1695.7999997138977,False
A2MUOD1JHWJ735,ns,3,10-2,10.0,2000.0,6.0,904.099999904633,False
A2MUOD1JHWJ735,ns,3,10-2,10.0,2000.0,7.0,1641.3000001907349,False
A2MUOD1JHWJ735,ns,3,10-2,10.0,2000.0,6.0,1930.7999997138977,False
A2MUOD1JHWJ735,ns,3,10-2,10.0,2000.0,8.0,786.099999904633,False
A2MUOD1JHWJ735,ns,3,10-2,10.0,2000.0,7.0,1506.900000095368,False
A2MUOD1JHWJ735,ns,4,10-2,10.0,2000.0,6.0,1336.3000000119218,False
A2MUOD1JHWJ735,ns,4,10-2,10.0,2000.0,6.0,1160.5000000298023,False
A2MUOD1JHWJ735,ns,4,10-2,10.0,2000.0,6.0,158.90000000596046,False
A2MUOD1JHWJ735,ns,4,10-2,10.0,2000.0,6.0,479.8000000119214,False
A2MUOD1JHWJ735,ns,4,10-2,10.0,2000.0,6.0,626.8000000119214,False
A2MUOD1JHWJ735,ns,4,10-2,10.0,2000.0,6.0,1505.6000000238419,False
A2MUOD1JHWJ735,ns,4,10-2,10.0,2000.0,6.0,0.0,True
A2MUOD1JHWJ735,ns,4,10-2,10.0,2000.0,6.0,604.4000000059605,False
A2MUOD1JHWJ735,ns,4,10-2,10.0,2000.0,7.0,50.20000001788139,False
A2MUOD1JHWJ735,ns,4,10-2,10.0,2000.0,6.0,980.0,False
A2MUOD1JHWJ735,ns,4,10-2,10.0,2000.0,5.0,819.1000000238423,False
A2MV1R6YYOIO30,prim,1,30-1,30.0,1000.0,3.0,1656.5000004768376,False
A2MV1R6YYOIO30,prim,1,30-1,30.0,1000.0,1.0,9160.800000190733,False
A2MV1R6YYOIO30,prim,1,30-1,30.0,1000.0,1.0,3986.5000004768376,False
A2MV1R6YYOIO30,prim,1,30-1,30.0,1000.0,2.0,25461.400000095367,False
A2MV1R6YYOIO30,prim,1,30-1,30.0,1000.0,6.0,0.0,True
A2MV1R6YYOIO30,prim,1,30-1,30.0,1000.0,9.0,9414.60000038147,False
A2MV1R6YYOIO30,prim,1,30-1,30.0,1000.0,1.0,2000.8000001907353,False
A2MV1R6YYOIO30,prim,1,30-1,30.0,1000.0,3.0,24636.300000190735,False
A2MV1R6YYOIO30,prim,1,30-1,30.0,1000.0,9.0,25425.10000038147,False
A2MV1R6YYOIO30,prim,1,30-1,30.0,1000.0,1.0,6329.500000476837,False
A2MV1R6YYOIO30,prim,1,30-1,30.0,1000.0,30.0,13869.200000286102,False
A2MV1R6YYOIO30,prim,2,30-1,30.0,1000.0,3.0,0.0,True
A2MV1R6YYOIO30,prim,2,30-1,30.0,1000.0,3.0,1401.6999998092651,False
A2MV1R6YYOIO30,prim,2,30-1,30.0,1000.0,1.0,10152.400000095367,False
A2MV1R6YYOIO30,prim,2,30-1,30.0,1000.0,5.0,12145.09999990464,False
A2MV1R6YYOIO30,prim,2,30-1,30.0,1000.0,2.0,7126.799999713898,False
A2MV1R6YYOIO30,prim,2,30-1,30.0,1000.0,2.0,3866.1000003814697,False
A2MV1R6YYOIO30,prim,2,30-1,30.0,1000.0,2.0,6956.699999809263,False
A2MV1R6YYOIO30,prim,2,30-1,30.0,1000.0,1.0,2961.0,False
A2MV1R6YYOIO30,prim,2,30-1,30.0,1000.0,12.0,5973.60000038147,False
A2MV1R6YYOIO30,prim,2,30-1,30.0,1000.0,5.0,3905.8999996185303,False
A2MV1R6YYOIO30,prim,2,30-1,30.0,1000.0,5.0,5720.099999904633,False
A2MV1R6YYOIO30,prim,2,30-1,30.0,1000.0,1.0,4622.800000190737,False
A2MV1R6YYOIO30,prim,3,30-1,30.0,1000.0,1.0,2082.000000029802,False
A2MV1R6YYOIO30,prim,3,30-1,30.0,1000.0,4.0,0.0,True
A2MV1R6YYOIO30,prim,3,30-1,30.0,1000.0,10.0,2304.40000000596,False
A2MV1R6YYOIO30,prim,3,30-1,30.0,1000.0,1.0,804.6000000238414,False
A2MV1R6YYOIO30,prim,3,30-1,30.0,1000.0,29.0,1001.90000000596,False
A2MV1R6YYOIO30,prim,3,30-1,30.0,1000.0,1.0,2420.40000000596,False
A2MV1R6YYOIO30,prim,3,30-1,30.0,1000.0,4.0,2755.8000000119205,False
A2MV1R6YYOIO30,prim,3,30-1,30.0,1000.0,1.0,290.0999999940391,False
A2MV1R6YYOIO30,prim,3,30-1,30.0,1000.0,1.0,12628.500000029802,False
A2MV1R6YYOIO30,prim,3,30-1,30.0,1000.0,1.0,4060.599999994039,False
A2MV1R6YYOIO30,prim,3,30-1,30.0,1000.0,2.0,4159.500000029802,False
A2NEFRREWF33YP,rec,1,40-1,40.0,1000.0,39.0,243.5,False
A2NEFRREWF33YP,rec,1,40-1,40.0,1000.0,38.0,815.1000000238419,False
A2NEFRREWF33YP,rec,1,40-1,40.0,1000.0,38.0,1294.5,False
A2NEFRREWF33YP,rec,1,40-1,40.0,1000.0,38.0,1534.5000000298023,False
A2NEFRREWF33YP,rec,1,40-1,40.0,1000.0,39.0,1796.300000011921,False
A2NEFRREWF33YP,rec,1,40-1,40.0,1000.0,40.0,794.7000000178814,False
A2NEFRREWF33YP,rec,1,40-1,40.0,1000.0,36.0,824.2000000178814,False
A2NEFRREWF33YP,rec,1,40-1,40.0,1000.0,39.0,2037.4000000059614,False
A2NEFRREWF33YP,rec,1,40-1,40.0,1000.0,39.0,200.40000000596137,False
A2NEFRREWF33YP,rec,1,40-1,40.0,1000.0,40.0,1255.6000000238419,False
A2NEFRREWF33YP,rec,1,40-1,40.0,1000.0,39.0,0.0,True
A2NEFRREWF33YP,rec,1,40-1,40.0,1000.0,38.0,890.0000000298023,False
A2NEFRREWF33YP,rec,2,40-1,40.0,1000.0,1.0,0.0,True
A2NEFRREWF33YP,rec,2,40-1,40.0,1000.0,39.0,6619.899999999441,False
A2NEFRREWF33YP,rec,2,40-1,40.0,1000.0,38.0,632.7000000001863,False
A2NEFRREWF33YP,rec,2,40-1,40.0,1000.0,39.0,3343.9999999990687,False
A2NEFRREWF33YP,rec,2,40-1,40.0,1000.0,38.0,3378.4000000003725,False
A2NEFRREWF33YP,rec,2,40-1,40.0,1000.0,38.0,1550.0999999996275,False
A2NEFRREWF33YP,rec,2,40-1,40.0,1000.0,40.0,1221.1000000005588,False
A2NEFRREWF33YP,rec,2,40-1,40.0,1000.0,39.0,1667.0999999996275,False
A2NEFRREWF33YP,rec,2,40-1,40.0,1000.0,39.0,1437.2999999998137,False
A2NEFRREWF33YP,rec,2,40-1,40.0,1000.0,38.0,1630.3999999994421,False
A2NEFRREWF33YP,rec,2,40-1,40.0,1000.0,38.0,1013.2000000001867,False
A2NEFRREWF33YP,rec,2,40-1,40.0,1000.0,38.0,915.7999999998137,False
A2NEFRREWF33YP,rec,3,40-1,40.0,1000.0,38.0,229.90000000596,False
A2NEFRREWF33YP,rec,3,40-1,40.0,1000.0,38.0,412.50000002980187,False
A2NEFRREWF33YP,rec,3,40-1,40.0,1000.0,38.0,1095.9999999999995,False
A2NEFRREWF33YP,rec,3,40-1,40.0,1000.0,38.0,564.0999999940391,False
A2NEFRREWF33YP,rec,3,40-1,40.0,1000.0,39.0,889.1000000238414,False
A2NEFRREWF33YP,rec,3,40-1,40.0,1000.0,38.0,505.20000001788094,False
A2NEFRREWF33YP,rec,3,40-1,40.0,1000.0,37.0,1143.200000017881,False
A2NEFRREWF33YP,rec,3,40-1,40.0,1000.0,38.0,850.8000000119214,False
A2NEFRREWF33YP,rec,3,40-1,40.0,1000.0,38.0,855.90000000596,False
A2NEFRREWF33YP,rec,3,40-1,40.0,1000.0,38.0,193.90000000596,False
A2NEFRREWF33YP,rec,3,40-1,40.0,1000.0,38.0,0.0,True
A2NEFRREWF33YP,rec,3,40-1,40.0,1000.0,35.0,433.3000000119214,False
A2NEFRREWF33YP,rec,4,40-1,40.0,1000.0,37.0,1331.0999999642372,False
A2NEFRREWF33YP,rec,4,40-1,40.0,1000.0,38.0,1860.0999999642372,False
A2NEFRREWF33YP,rec,4,40-1,40.0,1000.0,38.0,1710.5999999642372,False
A2NEFRREWF33YP,rec,4,40-1,40.0,1000.0,38.0,1098.800000011921,False
A2NEFRREWF33YP,rec,4,40-1,40.0,1000.0,38.0,832.9999999403954,False
A2NEFRREWF33YP,rec,4,40-1,40.0,1000.0,39.0,3637.0,False
A2NEFRREWF33YP,rec,4,40-1,40.0,1000.0,37.0,952.3000000119209,False
A2NEFRREWF33YP,rec,4,40-1,40.0,1000.0,38.0,842.6000000238423,False
A2NEFRREWF33YP,rec,4,40-1,40.0,1000.0,38.0,1155.3999999761581,False
A2NEFRREWF33YP,rec,4,40-1,40.0,1000.0,38.0,289.69999998807907,False
A2NEFRREWF33YP,rec,4,40-1,40.0,1000.0,38.0,0.0,True
A2NEFRREWF33YP,rec,4,40-1,40.0,1000.0,38.0,2351.2999999523163,False
A2NU82V08QSPCC,prim,1,30-1,30.0,1000.0,1.0,7084.699999809265,False
A2NU82V08QSPCC,prim,1,30-1,30.0,1000.0,28.0,4520.700000047684,False
A2NU82V08QSPCC,prim,1,30-1,30.0,1000.0,2.0,3273.6000001430507,False
A2NU82V08QSPCC,prim,1,30-1,30.0,1000.0,2.0,2144.1999998092647,False
A2NU82V08QSPCC,prim,1,30-1,30.0,1000.0,7.0,2064.9999999999995,False
A2NU82V08QSPCC,prim,1,30-1,30.0,1000.0,1.0,1416.099999904632,False
A2NU82V08QSPCC,prim,1,30-1,30.0,1000.0,1.0,1458.599999904632,False
A2NU82V08QSPCC,prim,1,30-1,30.0,1000.0,1.0,1923.099999904632,False
A2NU82V08QSPCC,prim,1,30-1,30.0,1000.0,1.0,8444.699999809265,False
A2NU82V08QSPCC,prim,1,30-1,30.0,1000.0,1.0,3533.599999904632,False
A2NU82V08QSPCC,prim,1,30-1,30.0,1000.0,26.0,2022.7999999523158,False
A2NU82V08QSPCC,prim,1,30-1,30.0,1000.0,28.0,0.0,True
A2NU82V08QSPCC,prim,2,30-1,30.0,1000.0,2.0,3748.799999952316,False
A2NU82V08QSPCC,prim,2,30-1,30.0,1000.0,2.0,3548.2000000476833,False
A2NU82V08QSPCC,prim,2,30-1,30.0,1000.0,1.0,2241.099999904632,False
A2NU82V08QSPCC,prim,2,30-1,30.0,1000.0,1.0,4853.0,False
A2NU82V08QSPCC,prim,2,30-1,30.0,1000.0,30.0,0.0,True
A2NU82V08QSPCC,prim,2,30-1,30.0,1000.0,4.0,12341.09999990463,False
A2NU82V08QSPCC,prim,2,30-1,30.0,1000.0,29.0,2737.1000001430507,False
A2NU82V08QSPCC,prim,2,30-1,30.0,1000.0,29.0,4418.300000190735,False
A2NU82V08QSPCC,prim,2,30-1,30.0,1000.0,1.0,6491.600000143051,False
A2NU82V08QSPCC,prim,2,30-1,30.0,1000.0,2.0,2590.3000001907344,False
A2NU82V08QSPCC,prim,2,30-1,30.0,1000.0,1.0,3283.3000001907344,False
A2NU82V08QSPCC,prim,2,30-1,30.0,1000.0,2.0,3311.799999952316,False
A2NU82V08QSPCC,prim,3,30-1,30.0,1000.0,1.0,3155.1999998092647,False
A2NU82V08QSPCC,prim,3,30-1,30.0,1000.0,4.0,5070.799999952316,False
A2NU82V08QSPCC,prim,3,30-1,30.0,1000.0,2.0,6339.599999904633,False
A2NU82V08QSPCC,prim,3,30-1,30.0,1000.0,29.0,8080.399999856949,False
A2NU82V08QSPCC,prim,3,30-1,30.0,1000.0,30.0,3317.999999761581,False
A2NU82V08QSPCC,prim,3,30-1,30.0,1000.0,1.0,0.0,True
A2NU82V08QSPCC,prim,3,30-1,30.0,1000.0,1.0,6696.900000095367,False
A2NU82V08QSPCC,prim,3,30-1,30.0,1000.0,30.0,1875.2999999523158,False
A2NU82V08QSPCC,prim,3,30-1,30.0,1000.0,2.0,5232.099999904633,False
A2NU82V08QSPCC,prim,3,30-1,30.0,1000.0,1.0,5261.700000047684,False
A2NU82V08QSPCC,prim,3,30-1,30.0,1000.0,30.0,4302.499999761581,False
A2NU82V08QSPCC,prim,3,30-1,30.0,1000.0,27.0,2575.4999999999995,False
A2NXMRPHG86N2T,ns,1,10-2,10.0,2000.0,1.0,1130.6999999992559,False
A2NXMRPHG86N2T,ns,1,10-2,10.0,2000.0,1.0,3999.7999999988842,False
A2NXMRPHG86N2T,ns,1,10-2,10.0,2000.0,1.0,3164.5999999996275,False
A2NXMRPHG86N2T,ns,1,10-2,10.0,2000.0,5.0,8663.099999999627,False
A2NXMRPHG86N2T,ns,1,10-2,10.0,2000.0,6.0,2082.9000000003725,False
A2NXMRPHG86N2T,ns,1,10-2,10.0,2000.0,7.0,0.0,True
A2NXMRPHG86N2T,ns,1,10-2,10.0,2000.0,9.0,652.4000000003725,False
A2NXMRPHG86N2T,ns,1,10-2,10.0,2000.0,8.0,4706.400000000371,False
A2NXMRPHG86N2T,ns,1,10-2,10.0,2000.0,6.0,1941.5000000018626,False
A2NXMRPHG86N2T,ns,1,10-2,10.0,2000.0,9.0,1297.9000000003725,False
A2NXMRPHG86N2T,ns,1,10-2,10.0,2000.0,3.0,1673.2999999988824,False
A2NXMRPHG86N2T,ns,1,10-2,10.0,2000.0,9.0,365.49999999813735,False
A2NXMRPHG86N2T,ns,2,10-2,10.0,2000.0,1.0,658.1000000014901,False
A2NXMRPHG86N2T,ns,2,10-2,10.0,2000.0,1.0,3264.5,False
A2NXMRPHG86N2T,ns,2,10-2,10.0,2000.0,10.0,3544.10000000149,False
A2NXMRPHG86N2T,ns,2,10-2,10.0,2000.0,6.0,4299.299999998882,False
A2NXMRPHG86N2T,ns,2,10-2,10.0,2000.0,5.0,2254.89999999851,False
A2NXMRPHG86N2T,ns,2,10-2,10.0,2000.0,8.0,2935.9000000003725,False
A2NXMRPHG86N2T,ns,2,10-2,10.0,2000.0,5.0,3111.0,False
A2NXMRPHG86N2T,ns,2,10-2,10.0,2000.0,5.0,2447.2000000011176,False
A2NXMRPHG86N2T,ns,2,10-2,10.0,2000.0,1.0,0.0,True
A2NXMRPHG86N2T,ns,2,10-2,10.0,2000.0,1.0,2710.0999999996284,False
A2NXMRPHG86N2T,ns,2,10-2,10.0,2000.0,8.0,1363.5,False
A2NXMRPHG86N2T,ns,2,10-2,10.0,2000.0,8.0,1844.7000000011176,False
A2NXMRPHG86N2T,ns,3,10-2,10.0,2000.0,1.0,267.4000000022352,False
A2NXMRPHG86N2T,ns,3,10-2,10.0,2000.0,10.0,1205.5999999977648,False
A2NXMRPHG86N2T,ns,3,10-2,10.0,2000.0,6.0,2059.800000000745,False
A2NXMRPHG86N2T,ns,3,10-2,10.0,2000.0,7.0,1348.6000000014901,False
A2NXMRPHG86N2T,ns,3,10-2,10.0,2000.0,6.0,0.0,True
A2NXMRPHG86N2T,ns,3,10-2,10.0,2000.0,8.0,46.899999998509884,False
A2NXMRPHG86N2T,ns,3,10-2,10.0,2000.0,6.0,993.1000000014901,False
A2NXMRPHG86N2T,ns,3,10-2,10.0,2000.0,8.0,3018.5,False
A2NXMRPHG86N2T,ns,3,10-2,10.0,2000.0,8.0,318.4000000022352,False
A2NXMRPHG86N2T,ns,3,10-2,10.0,2000.0,1.0,1517.0,False
A2NXMRPHG86N2T,ns,3,10-2,10.0,2000.0,8.0,1469.300000000745,False
A2NXMRPHG86N2T,ns,3,10-2,10.0,2000.0,6.0,2289.2000000029802,False
A2NXMRPHG86N2T,ns,4,10-2,10.0,2000.0,8.0,0.0,True
A2NXMRPHG86N2T,ns,4,10-2,10.0,2000.0,10.0,3492.4000000059605,False
A2NXMRPHG86N2T,ns,4,10-2,10.0,2000.0,10.0,744.7000000029802,False
A2NXMRPHG86N2T,ns,4,10-2,10.0,2000.0,10.0,2162.0,False
A2NXMRPHG86N2T,ns,4,10-2,10.0,2000.0,10.0,3261.699999988079,False
A2NXMRPHG86N2T,ns,4,10-2,10.0,2000.0,10.0,3251.0,False
A2NXMRPHG86N2T,ns,4,10-2,10.0,2000.0,9.0,1323.4000000059605,False
A2NXMRPHG86N2T,ns,4,10-2,10.0,2000.0,6.0,3857.8999999910593,False
A2NXMRPHG86N2T,ns,4,10-2,10.0,2000.0,3.0,1657.7999999970198,False
A2NXMRPHG86N2T,ns,4,10-2,10.0,2000.0,6.0,3181.8999999910593,False
A2NXMRPHG86N2T,ns,4,10-2,10.0,2000.0,9.0,1982.5999999940404,False
A2NXMRPHG86N2T,ns,4,10-2,10.0,2000.0,8.0,5039.79999999702,False
A2NY0VWEWDULC6,rec,1,30-1,30.0,1000.0,30.0,0.0,True
A2NY0VWEWDULC6,rec,1,30-1,30.0,1000.0,30.0,1883.5,False
A2NY0VWEWDULC6,rec,1,30-1,30.0,1000.0,28.0,4306.800000190735,False
A2NY0VWEWDULC6,rec,1,30-1,30.0,1000.0,25.0,3692.4000000953674,False
A2NY0VWEWDULC6,rec,1,30-1,30.0,1000.0,29.0,403.2000002861023,False
A2NY0VWEWDULC6,rec,1,30-1,30.0,1000.0,30.0,494.40000009536743,False
A2NY0VWEWDULC6,rec,1,30-1,30.0,1000.0,6.0,9230.900000095367,False
A2NY0VWEWDULC6,rec,1,30-1,30.0,1000.0,29.0,6700.0,False
A2NY0VWEWDULC6,rec,1,30-1,30.0,1000.0,29.0,2961.0999999046326,False
A2NY0VWEWDULC6,rec,1,30-1,30.0,1000.0,29.0,2188.0999999046326,False
A2NY0VWEWDULC6,rec,1,30-1,30.0,1000.0,23.0,4160.599999904633,False
A2NY0VWEWDULC6,rec,1,30-1,30.0,1000.0,30.0,3273.699999809265,False
A2NY0VWEWDULC6,rec,2,30-1,30.0,1000.0,27.0,292.7000000178805,False
A2NY0VWEWDULC6,rec,2,30-1,30.0,1000.0,3.0,3331.80000001192,False
A2NY0VWEWDULC6,rec,2,30-1,30.0,1000.0,23.0,1011.4000000059596,False
A2NY0VWEWDULC6,rec,2,30-1,30.0,1000.0,25.0,1401.7000000178805,False
A2NY0VWEWDULC6,rec,2,30-1,30.0,1000.0,30.0,0.0,True
A2NY0VWEWDULC6,rec,2,30-1,30.0,1000.0,27.0,6196.40000000596,False
A2NY0VWEWDULC6,rec,2,30-1,30.0,1000.0,28.0,165.90000000595955,False
A2NY0VWEWDULC6,rec,2,30-1,30.0,1000.0,28.0,1852.9000000059596,False
A2NY0VWEWDULC6,rec,2,30-1,30.0,1000.0,27.0,999.4000000059596,False
A2NY0VWEWDULC6,rec,2,30-1,30.0,1000.0,18.0,10520.40000000596,False
A2NY0VWEWDULC6,rec,2,30-1,30.0,1000.0,27.0,873.0999999940386,False
A2NY0VWEWDULC6,rec,3,30-1,30.0,1000.0,30.0,0.0,True
A2NY0VWEWDULC6,rec,3,30-1,30.0,1000.0,30.0,862.4000000357628,False
A2NY0VWEWDULC6,rec,3,30-1,30.0,1000.0,16.0,4369.600000023842,False
A2NY0VWEWDULC6,rec,3,30-1,30.0,1000.0,16.0,5704.300000011921,False
A2NY0VWEWDULC6,rec,3,30-1,30.0,1000.0,30.0,1713.6000000238419,False
A2NY0VWEWDULC6,rec,3,30-1,30.0,1000.0,22.0,8565.100000023842,False
A2NY0VWEWDULC6,rec,3,30-1,30.0,1000.0,30.0,3347.399999976158,False
A2NY0VWEWDULC6,rec,3,30-1,30.0,1000.0,26.0,2366.7000000476837,False
A2NY0VWEWDULC6,rec,3,30-1,30.0,1000.0,28.0,1800.1000000238419,False
A2NY0VWEWDULC6,rec,3,30-1,30.0,1000.0,30.0,1253.2000000476837,False
A2NY0VWEWDULC6,rec,3,30-1,30.0,1000.0,30.0,1105.300000011921,False
A2NY0VWEWDULC6,rec,3,30-1,30.0,1000.0,30.0,1686.800000011921,False
A2NY0VWEWDULC6,rec,4,30-1,30.0,1000.0,29.0,1795.4999997615814,False
A2NY0VWEWDULC6,rec,4,30-1,30.0,1000.0,29.0,507.2000000476837,False
A2NY0VWEWDULC6,rec,4,30-1,30.0,1000.0,29.0,3704.799999713896,False
A2NY0VWEWDULC6,rec,4,30-1,30.0,1000.0,29.0,1837.5999999046326,False
A2NY0VWEWDULC6,rec,4,30-1,30.0,1000.0,3.0,4364.700000047684,False
A2NY0VWEWDULC6,rec,4,30-1,30.0,1000.0,30.0,1022.0999999046326,False
A2NY0VWEWDULC6,rec,4,30-1,30.0,1000.0,30.0,1076.1999998092651,False
A2NY0VWEWDULC6,rec,4,30-1,30.0,1000.0,28.0,0.0,True
A2NY0VWEWDULC6,rec,4,30-1,30.0,1000.0,28.0,3489.4000000953693,False
A2NY0VWEWDULC6,rec,4,30-1,30.0,1000.0,27.0,1661.7999999523163,False
A2NY0VWEWDULC6,rec,4,30-1,30.0,1000.0,30.0,3020.4999997615814,False
A2NZ783AY1LBPW,prim,1,20-2,20.0,2000.0,4.0,52.599999994039536,False
A2NZ783AY1LBPW,prim,1,20-2,20.0,2000.0,20.0,0.0,True
A2NZ783AY1LBPW,prim,1,20-2,20.0,2000.0,19.0,2616.999999999998,False
A2NZ783AY1LBPW,prim,1,20-2,20.0,2000.0,19.0,2285.599999964237,False
A2NZ783AY1LBPW,prim,1,20-2,20.0,2000.0,17.0,1517.7999999821186,False
A2NZ783AY1LBPW,prim,1,20-2,20.0,2000.0,1.0,1643.3999999761581,False
A2NZ783AY1LBPW,prim,1,20-2,20.0,2000.0,3.0,2265.699999988079,False
A2NZ783AY1LBPW,prim,1,20-2,20.0,2000.0,3.0,7649.800000011921,False
A2NZ783AY1LBPW,prim,1,20-2,20.0,2000.0,17.0,829.0999999642372,False
A2NZ783AY1LBPW,prim,1,20-2,20.0,2000.0,19.0,1246.199999988079,False
A2NZ783AY1LBPW,prim,2,20-2,20.0,2000.0,3.0,355.90000000595865,False
A2NZ783AY1LBPW,prim,2,20-2,20.0,2000.0,1.0,7342.70000001788,False
A2NZ783AY1LBPW,prim,2,20-2,20.0,2000.0,1.0,7079.199999988077,False
A2NZ783AY1LBPW,prim,2,20-2,20.0,2000.0,1.0,1038.0000000297987,False
A2NZ783AY1LBPW,prim,2,20-2,20.0,2000.0,3.0,792.0000000297987,False
A2NZ783AY1LBPW,prim,2,20-2,20.0,2000.0,1.0,3515.400000035761,False
A2NZ783AY1LBPW,prim,2,20-2,20.0,2000.0,1.0,0.0,True
A2NZ783AY1LBPW,prim,2,20-2,20.0,2000.0,2.0,1936.800000011919,False
A2NZ783AY1LBPW,prim,2,20-2,20.0,2000.0,19.0,2348.9000000059586,False
A2NZ783AY1LBPW,prim,2,20-2,20.0,2000.0,3.0,3665.300000011919,False
A2NZ783AY1LBPW,prim,2,20-2,20.0,2000.0,3.0,1098.4000000059586,False
A2NZ783AY1LBPW,prim,2,20-2,20.0,2000.0,1.0,10552.30000001192,False
A2NZ783AY1LBPW,prim,3,20-2,20.0,2000.0,1.0,0.0,True
A2NZ783AY1LBPW,prim,3,20-2,20.0,2000.0,1.0,6827.29999999702,False
A2NZ783AY1LBPW,prim,3,20-2,20.0,2000.0,20.0,17900.89999999106,False
A2NZ783AY1LBPW,prim,3,20-2,20.0,2000.0,1.0,8805.70000000298,False
A2NZ783AY1LBPW,prim,3,20-2,20.0,2000.0,1.0,3814.2999999970198,False
A2NZ783AY1LBPW,prim,3,20-2,20.0,2000.0,1.0,2536.7000000029793,False
A2NZ783AY1LBPW,prim,3,20-2,20.0,2000.0,1.0,4913.5999999940395,False
A2NZ783AY1LBPW,prim,3,20-2,20.0,2000.0,20.0,6005.399999991059,False
A2NZ783AY1LBPW,prim,3,20-2,20.0,2000.0,1.0,9579.59999999404,False
A2NZ783AY1LBPW,prim,3,20-2,20.0,2000.0,20.0,4562.4000000059605,False
A2NZ783AY1LBPW,prim,3,20-2,20.0,2000.0,20.0,2366.4000000059605,False
A2NZ783AY1LBPW,prim,3,20-2,20.0,2000.0,1.0,3721.7999999970198,False
A2NZ783AY1LBPW,prim,4,20-2,20.0,2000.0,1.0,1492.0,False
A2NZ783AY1LBPW,prim,4,20-2,20.0,2000.0,1.0,14526.0,False
A2NZ783AY1LBPW,prim,4,20-2,20.0,2000.0,1.0,2000.0,False
A2NZ783AY1LBPW,prim,4,20-2,20.0,2000.0,20.0,3922.0,False
A2NZ783AY1LBPW,prim,4,20-2,20.0,2000.0,1.0,51529.0,False
A2NZ783AY1LBPW,prim,4,20-2,20.0,2000.0,20.0,0.0,True
A2NZ783AY1LBPW,prim,4,20-2,20.0,2000.0,1.0,1191.0,False
A2NZ783AY1LBPW,prim,4,20-2,20.0,2000.0,1.0,775.0,False
A2NZ783AY1LBPW,prim,4,20-2,20.0,2000.0,1.0,1125.0,False
A2NZ783AY1LBPW,prim,4,20-2,20.0,2000.0,1.0,2462.0,False
A2NZ783AY1LBPW,prim,4,20-2,20.0,2000.0,1.0,1754.0,False
A2NZAL7KHOR6VF,rec,1,20-2,20.0,2000.0,20.0,0.0,True
A2NZAL7KHOR6VF,rec,1,20-2,20.0,2000.0,19.0,1995.9000000357628,False
A2NZAL7KHOR6VF,rec,1,20-2,20.0,2000.0,18.0,1361.3000000119214,False
A2NZAL7KHOR6VF,rec,1,20-2,20.0,2000.0,18.0,843.2000000178814,False
A2NZAL7KHOR6VF,rec,1,20-2,20.0,2000.0,19.0,648.7000000178814,False
A2NZAL7KHOR6VF,rec,1,20-2,20.0,2000.0,18.0,973.5999999940395,False
A2NZAL7KHOR6VF,rec,1,20-2,20.0,2000.0,18.0,1732.4000000357628,False
A2NZAL7KHOR6VF,rec,1,20-2,20.0,2000.0,19.0,369.10000002384186,False
A2NZAL7KHOR6VF,rec,1,20-2,20.0,2000.0,19.0,1063.2000000178814,False
A2NZAL7KHOR6VF,rec,1,20-2,20.0,2000.0,20.0,479.60000002384186,False
A2NZAL7KHOR6VF,rec,1,20-2,20.0,2000.0,19.0,733.9000000059605,False
A2NZAL7KHOR6VF,rec,1,20-2,20.0,2000.0,18.0,1695.5000000298023,False
A2NZAL7KHOR6VF,rec,2,20-2,20.0,2000.0,20.0,0.0,True
A2NZAL7KHOR6VF,rec,2,20-2,20.0,2000.0,19.0,884.5,False
A2NZAL7KHOR6VF,rec,2,20-2,20.0,2000.0,18.0,1213.6000000238419,False
A2NZAL7KHOR6VF,rec,2,20-2,20.0,2000.0,18.0,1316.0,False
A2NZAL7KHOR6VF,rec,2,20-2,20.0,2000.0,19.0,2650.3000000715256,False
A2NZAL7KHOR6VF,rec,2,20-2,20.0,2000.0,18.0,2691.300000011921,False
A2NZAL7KHOR6VF,rec,2,20-2,20.0,2000.0,19.0,2290.899999976158,False
A2NZAL7KHOR6VF,rec,2,20-2,20.0,2000.0,20.0,596.3000000119209,False
A2NZAL7KHOR6VF,rec,2,20-2,20.0,2000.0,19.0,606.5,False
A2NZAL7KHOR6VF,rec,2,20-2,20.0,2000.0,19.0,581.9000000357628,False
A2NZAL7KHOR6VF,rec,2,20-2,20.0,2000.0,19.0,5417.0,False
A2NZAL7KHOR6VF,rec,3,20-2,20.0,2000.0,20.0,378.5,False
A2NZAL7KHOR6VF,rec,3,20-2,20.0,2000.0,19.0,778.8999999985103,False
A2NZAL7KHOR6VF,rec,3,20-2,20.0,2000.0,18.0,527.1000000014906,False
A2NZAL7KHOR6VF,rec,3,20-2,20.0,2000.0,19.0,1165.0000000000005,False
A2NZAL7KHOR6VF,rec,3,20-2,20.0,2000.0,19.0,706.0999999940404,False
A2NZAL7KHOR6VF,rec,3,20-2,20.0,2000.0,18.0,460.5,False
A2NZAL7KHOR6VF,rec,3,20-2,20.0,2000.0,19.0,60.699999995530106,False
A2NZAL7KHOR6VF,rec,3,20-2,20.0,2000.0,17.0,767.5,False
A2NZAL7KHOR6VF,rec,3,20-2,20.0,2000.0,18.0,390.5,False
A2NZAL7KHOR6VF,rec,3,20-2,20.0,2000.0,20.0,324.1999999955301,False
A2NZAL7KHOR6VF,rec,3,20-2,20.0,2000.0,18.0,0.0,True
A2NZAL7KHOR6VF,rec,3,20-2,20.0,2000.0,18.0,895.6999999955301,False
A2NZAL7KHOR6VF,rec,4,20-2,20.0,2000.0,19.0,301.7000000029807,False
A2NZAL7KHOR6VF,rec,4,20-2,20.0,2000.0,19.0,726.7000000029807,False
A2NZAL7KHOR6VF,rec,4,20-2,20.0,2000.0,19.0,2492.09999999404,False
A2NZAL7KHOR6VF,rec,4,20-2,20.0,2000.0,20.0,1437.4999999850993,False
A2NZAL7KHOR6VF,rec,4,20-2,20.0,2000.0,18.0,0.0,True
A2NZAL7KHOR6VF,rec,4,20-2,20.0,2000.0,19.0,1176.0999999940404,False
A2NZAL7KHOR6VF,rec,4,20-2,20.0,2000.0,19.0,484.5,False
A2NZAL7KHOR6VF,rec,4,20-2,20.0,2000.0,17.0,1511.7999999970202,False
A2NZAL7KHOR6VF,rec,4,20-2,20.0,2000.0,20.0,651.4999999850993,False
A2NZAL7KHOR6VF,rec,4,20-2,20.0,2000.0,20.0,931.5999999940404,False
A2NZAL7KHOR6VF,rec,4,20-2,20.0,2000.0,19.0,469.69999998808044,False
A2NZAL7KHOR6VF,rec,4,20-2,20.0,2000.0,19.0,448.0,False
A2O86E23R5T4YO,prim,1,15-2,15.0,2000.0,1.0,14272.299999952314,False
A2O86E23R5T4YO,prim,1,15-2,15.0,2000.0,2.0,0.0,True
A2O86E23R5T4YO,prim,1,15-2,15.0,2000.0,2.0,7659.300000011919,False
A2O86E23R5T4YO,prim,1,15-2,15.0,2000.0,2.0,716.8999999761545,False
A2O86E23R5T4YO,prim,1,15-2,15.0,2000.0,1.0,24094.299999952316,False
A2O86E23R5T4YO,prim,2,15-2,15.0,2000.0,1.0,0.0,True
A2O86E23R5T4YO,prim,2,15-2,15.0,2000.0,2.0,2758.7000000476837,False
A2O86E23R5T4YO,prim,2,15-2,15.0,2000.0,1.0,2020.5000001192093,False
A2O86E23R5T4YO,prim,2,15-2,15.0,2000.0,1.0,4672.600000023842,False
A2O86E23R5T4YO,prim,2,15-2,15.0,2000.0,1.0,7438.200000047684,False
A2O86E23R5T4YO,prim,2,15-2,15.0,2000.0,1.0,6771.199999928474,False
A2O86E23R5T4YO,prim,2,15-2,15.0,2000.0,1.0,5006.200000047684,False
A2O86E23R5T4YO,prim,2,15-2,15.0,2000.0,1.0,2286.7000000476837,False
A2O86E23R5T4YO,prim,3,15-2,15.0,2000.0,1.0,0.0,True
A2O86E23R5T4YO,prim,3,15-2,15.0,2000.0,14.0,3141.1999999284744,False
A2O86E23R5T4YO,prim,3,15-2,15.0,2000.0,1.0,4648.899999976158,False
A2O86E23R5T4YO,prim,3,15-2,15.0,2000.0,3.0,5319.700000047684,False
A2O86E23R5T4YO,prim,3,15-2,15.0,2000.0,1.0,1868.8999999761581,False
A2O86E23R5T4YO,prim,3,15-2,15.0,2000.0,1.0,3473.899999976158,False
A2O86E23R5T4YO,prim,3,15-2,15.0,2000.0,2.0,5672.899999976158,False
A2O86E23R5T4YO,prim,3,15-2,15.0,2000.0,1.0,3759.0,False
A2O86E23R5T4YO,prim,3,15-2,15.0,2000.0,1.0,2820.7999999523163,False
A2O86E23R5T4YO,prim,3,15-2,15.0,2000.0,2.0,3595.6999999284744,False
A2O86E23R5T4YO,prim,4,15-2,15.0,2000.0,1.0,11937.099999904633,False
A2O86E23R5T4YO,prim,4,15-2,15.0,2000.0,2.0,8902.299999952316,False
A2O86E23R5T4YO,prim,4,15-2,15.0,2000.0,1.0,3906.5999999046326,False
A2O86E23R5T4YO,prim,4,15-2,15.0,2000.0,1.0,3748.699999809265,False
A2O86E23R5T4YO,prim,4,15-2,15.0,2000.0,1.0,4416.599999904633,False
A2O86E23R5T4YO,prim,4,15-2,15.0,2000.0,1.0,5689.499999761581,False
A2O86E23R5T4YO,prim,4,15-2,15.0,2000.0,2.0,0.0,True
A2O86E23R5T4YO,prim,4,15-2,15.0,2000.0,1.0,4542.299999952316,False
A2O86E23R5T4YO,prim,4,15-2,15.0,2000.0,1.0,3554.7000000476837,False
A2O86E23R5T4YO,prim,4,15-2,15.0,2000.0,1.0,2060.4999997615814,False
A2O86E23R5T4YO,prim,4,15-2,15.0,2000.0,2.0,7941.399999856949,False
A2OFVEA8BEJDZN,ns,1,30-1,30.0,1000.0,5.0,36165.500000953674,False
A2OFVEA8BEJDZN,ns,1,30-1,30.0,1000.0,5.0,1704.6000003814734,False
A2OFVEA8BEJDZN,ns,1,30-1,30.0,1000.0,1.0,27257.699999809265,False
A2OFVEA8BEJDZN,ns,1,30-1,30.0,1000.0,7.0,3660.9000005722064,False
A2OFVEA8BEJDZN,ns,1,30-1,30.0,1000.0,3.0,5217.500000000002,False
A2OFVEA8BEJDZN,ns,1,30-1,30.0,1000.0,1.0,10751.600000381468,False
A2OFVEA8BEJDZN,ns,1,30-1,30.0,1000.0,1.0,315.00000095367614,False
A2OFVEA8BEJDZN,ns,1,30-1,30.0,1000.0,5.0,0.0,True
A2OFVEA8BEJDZN,ns,2,30-1,30.0,1000.0,16.0,1432.0,False
A2OFVEA8BEJDZN,ns,2,30-1,30.0,1000.0,3.0,9309.5,False
A2OFVEA8BEJDZN,ns,2,30-1,30.0,1000.0,2.0,3352.5,False
A2OFVEA8BEJDZN,ns,2,30-1,30.0,1000.0,2.0,13031.39999961853,False
A2OFVEA8BEJDZN,ns,2,30-1,30.0,1000.0,1.0,3281.0999994277954,False
A2OFVEA8BEJDZN,ns,2,30-1,30.0,1000.0,2.0,0.0,True
A2OFVEA8BEJDZN,ns,2,30-1,30.0,1000.0,15.0,10448.89999961853,False
A2OFVEA8BEJDZN,ns,2,30-1,30.0,1000.0,1.0,9056.5,False
A2OFVEA8BEJDZN,ns,2,30-1,30.0,1000.0,2.0,9726.300000190735,False
A2OFVEA8BEJDZN,ns,3,30-1,30.0,1000.0,2.0,0.0,True
A2OFVEA8BEJDZN,ns,3,30-1,30.0,1000.0,30.0,10322.099999427795,False
A2OFVEA8BEJDZN,ns,3,30-1,30.0,1000.0,1.0,17056.499999046326,False
A2OFVEA8BEJDZN,ns,3,30-1,30.0,1000.0,2.0,21985.099999427795,False
A2OFVEA8BEJDZN,ns,3,30-1,30.0,1000.0,3.0,11958.099999427795,False
A2OFVEA8BEJDZN,ns,3,30-1,30.0,1000.0,3.0,5884.299999237061,False
A2OFVEA8BEJDZN,ns,3,30-1,30.0,1000.0,2.0,12809.699999809261,False
A2OFVEA8BEJDZN,ns,3,30-1,30.0,1000.0,2.0,6978.599999427794,False
A2OFVEA8BEJDZN,ns,3,30-1,30.0,1000.0,5.0,9495.0,False
A2OFVEA8BEJDZN,ns,3,30-1,30.0,1000.0,8.0,37083.5,False
A2OFVEA8BEJDZN,ns,3,30-1,30.0,1000.0,1.0,5475.800000190735,False
A2OFVEA8BEJDZN,ns,3,30-1,30.0,1000.0,3.0,9874.5,False
A2OFVEA8BEJDZN,ns,4,30-1,30.0,1000.0,29.0,7300.5,False
A2OFVEA8BEJDZN,ns,4,30-1,30.0,1000.0,25.0,1487.6999998092651,False
A2OFVEA8BEJDZN,ns,4,30-1,30.0,1000.0,30.0,2137.0,False
A2OFVEA8BEJDZN,ns,4,30-1,30.0,1000.0,24.0,1272.1999998092651,False
A2OFVEA8BEJDZN,ns,4,30-1,30.0,1000.0,25.0,0.0,True
A2OFVEA8BEJDZN,ns,4,30-1,30.0,1000.0,23.0,2303.800000190735,False
A2OFVEA8BEJDZN,ns,4,30-1,30.0,1000.0,1.0,21293.30000019073,False
A2OFVEA8BEJDZN,ns,4,30-1,30.0,1000.0,1.0,7540.699999809263,False
A2OFVEA8BEJDZN,ns,4,30-1,30.0,1000.0,27.0,9099.89999961853,False
A2ONILC0LZKG6Y,rec,1,20-1,20.0,1000.0,20.0,0.0,True
A2ONILC0LZKG6Y,rec,1,20-1,20.0,1000.0,19.0,1031.0,False
A2ONILC0LZKG6Y,rec,1,20-1,20.0,1000.0,19.0,1295.0,False
A2ONILC0LZKG6Y,rec,1,20-1,20.0,1000.0,20.0,1183.0,False
A2ONILC0LZKG6Y,rec,1,20-1,20.0,1000.0,20.0,6307.0,False
A2ONILC0LZKG6Y,rec,1,20-1,20.0,1000.0,20.0,530.0,False
A2ONILC0LZKG6Y,rec,1,20-1,20.0,1000.0,20.0,1440.0,False
A2ONILC0LZKG6Y,rec,1,20-1,20.0,1000.0,20.0,1431.0,False
A2ONILC0LZKG6Y,rec,1,20-1,20.0,1000.0,20.0,2244.0,False
A2ONILC0LZKG6Y,rec,1,20-1,20.0,1000.0,19.0,2951.0,False
A2ONILC0LZKG6Y,rec,1,20-1,20.0,1000.0,19.0,2342.0,False
A2ONILC0LZKG6Y,rec,1,20-1,20.0,1000.0,19.0,1319.0,False
A2ONILC0LZKG6Y,rec,2,20-1,20.0,1000.0,20.0,0.0,True
A2ONILC0LZKG6Y,rec,2,20-1,20.0,1000.0,20.0,4891.0,False
A2ONILC0LZKG6Y,rec,2,20-1,20.0,1000.0,20.0,3174.0,False
A2ONILC0LZKG6Y,rec,2,20-1,20.0,1000.0,19.0,1833.0,False
A2ONILC0LZKG6Y,rec,2,20-1,20.0,1000.0,19.0,3238.0,False
A2ONILC0LZKG6Y,rec,2,20-1,20.0,1000.0,20.0,1588.0,False
A2ONILC0LZKG6Y,rec,2,20-1,20.0,1000.0,20.0,2193.0,False
A2ONILC0LZKG6Y,rec,2,20-1,20.0,1000.0,19.0,1831.0,False
A2ONILC0LZKG6Y,rec,2,20-1,20.0,1000.0,19.0,1278.0,False
A2ONILC0LZKG6Y,rec,2,20-1,20.0,1000.0,20.0,2654.0,False
A2ONILC0LZKG6Y,rec,2,20-1,20.0,1000.0,20.0,2025.0,False
A2ONILC0LZKG6Y,rec,2,20-1,20.0,1000.0,20.0,1697.0,False
A2ONILC0LZKG6Y,rec,3,20-1,20.0,1000.0,20.0,0.0,True
A2ONILC0LZKG6Y,rec,3,20-1,20.0,1000.0,18.0,4823.0,False
A2ONILC0LZKG6Y,rec,3,20-1,20.0,1000.0,20.0,3383.0,False
A2ONILC0LZKG6Y,rec,3,20-1,20.0,1000.0,20.0,6944.0,False
A2ONILC0LZKG6Y,rec,3,20-1,20.0,1000.0,19.0,3119.0,False
A2ONILC0LZKG6Y,rec,3,20-1,20.0,1000.0,1.0,4944.0,False
A2ONILC0LZKG6Y,rec,3,20-1,20.0,1000.0,20.0,4143.0,False
A2ONILC0LZKG6Y,rec,3,20-1,20.0,1000.0,20.0,4714.0,False
A2ONILC0LZKG6Y,rec,3,20-1,20.0,1000.0,19.0,3515.0,False
A2ONILC0LZKG6Y,rec,3,20-1,20.0,1000.0,20.0,3129.0,False
A2ONILC0LZKG6Y,rec,3,20-1,20.0,1000.0,20.0,3312.0,False
A2ONILC0LZKG6Y,rec,3,20-1,20.0,1000.0,20.0,3473.0,False
A2ONILC0LZKG6Y,rec,4,20-1,20.0,1000.0,17.0,0.0,True
A2ONILC0LZKG6Y,rec,4,20-1,20.0,1000.0,19.0,1954.0,False
A2ONILC0LZKG6Y,rec,4,20-1,20.0,1000.0,19.0,1173.0,False
A2ONILC0LZKG6Y,rec,4,20-1,20.0,1000.0,19.0,166.0,False
A2ONILC0LZKG6Y,rec,4,20-1,20.0,1000.0,20.0,539.0,False
A2ONILC0LZKG6Y,rec,4,20-1,20.0,1000.0,20.0,226.0,False
A2ONILC0LZKG6Y,rec,4,20-1,20.0,1000.0,18.0,2406.0,False
A2ONILC0LZKG6Y,rec,4,20-1,20.0,1000.0,20.0,1151.0,False
A2ONILC0LZKG6Y,rec,4,20-1,20.0,1000.0,19.0,3844.0,False
A2ONILC0LZKG6Y,rec,4,20-1,20.0,1000.0,20.0,497.0,False
A2ONILC0LZKG6Y,rec,4,20-1,20.0,1000.0,20.0,1876.0,False
A2ONILC0LZKG6Y,rec,4,20-1,20.0,1000.0,20.0,2644.0,False
A2OOS7IXSKJFFI,ns,1,20-2,20.0,2000.0,3.0,3384.6999998092647,False
A2OOS7IXSKJFFI,ns,1,20-2,20.0,2000.0,3.0,14619.999999523163,False
A2OOS7IXSKJFFI,ns,1,20-2,20.0,2000.0,1.0,5203.099999904633,False
A2OOS7IXSKJFFI,ns,1,20-2,20.0,2000.0,19.0,4084.7999997138973,False
A2OOS7IXSKJFFI,ns,1,20-2,20.0,2000.0,5.0,1576.7999997138973,False
A2OOS7IXSKJFFI,ns,1,20-2,20.0,2000.0,18.0,0.0,True
A2OOS7IXSKJFFI,ns,2,20-2,20.0,2000.0,10.0,13750.0,False
A2OOS7IXSKJFFI,ns,2,20-2,20.0,2000.0,1.0,5247.39999961853,False
A2OOS7IXSKJFFI,ns,2,20-2,20.0,2000.0,7.0,3177.300000190735,False
A2OOS7IXSKJFFI,ns,2,20-2,20.0,2000.0,1.0,123.30000019073486,False
A2OOS7IXSKJFFI,ns,2,20-2,20.0,2000.0,2.0,2641.2999992370605,False
A2OOS7IXSKJFFI,ns,2,20-2,20.0,2000.0,3.0,409.5999994277954,False
A2OOS7IXSKJFFI,ns,2,20-2,20.0,2000.0,2.0,0.0,True
A2OOS7IXSKJFFI,ns,2,20-2,20.0,2000.0,1.0,2355.3999996185303,False
A2OOS7IXSKJFFI,ns,2,20-2,20.0,2000.0,1.0,2909.3999996185303,False
A2P2YEHX1FXD20,rec,1,20-2,20.0,2000.0,20.0,0.0,True
A2P2YEHX1FXD20,rec,1,20-2,20.0,2000.0,1.0,5183.0,False
A2P2YEHX1FXD20,rec,1,20-2,20.0,2000.0,1.0,3519.0,False
A2P2YEHX1FXD20,rec,1,20-2,20.0,2000.0,1.0,2366.0,False
A2P2YEHX1FXD20,rec,1,20-2,20.0,2000.0,1.0,3631.0,False
A2P2YEHX1FXD20,rec,1,20-2,20.0,2000.0,2.0,4262.0,False
A2P2YEHX1FXD20,rec,1,20-2,20.0,2000.0,19.0,20156.0,False
A2P2YEHX1FXD20,rec,2,20-2,20.0,2000.0,1.0,836.0,False
A2P2YEHX1FXD20,rec,2,20-2,20.0,2000.0,19.0,268.0,False
A2P2YEHX1FXD20,rec,2,20-2,20.0,2000.0,20.0,0.0,True
A2P2YEHX1FXD20,rec,2,20-2,20.0,2000.0,19.0,991.0,False
A2P2YEHX1FXD20,rec,2,20-2,20.0,2000.0,20.0,1603.0,False
A2P2YEHX1FXD20,rec,3,20-2,20.0,2000.0,20.0,0.0,True
A2P2YEHX1FXD20,rec,3,20-2,20.0,2000.0,20.0,1837.0,False
A2P2YEHX1FXD20,rec,3,20-2,20.0,2000.0,20.0,3647.0,False
A2P2YEHX1FXD20,rec,3,20-2,20.0,2000.0,20.0,386.0,False
A2P83PY6P7ECM5,ns,1,30-1,30.0,1000.0,1.0,9111.900000095367,False
A2P83PY6P7ECM5,ns,1,30-1,30.0,1000.0,1.0,3908.5000002384204,False
A2P83PY6P7ECM5,ns,1,30-1,30.0,1000.0,1.0,188.5,False
A2P83PY6P7ECM5,ns,1,30-1,30.0,1000.0,2.0,4535.099999904633,False
A2P83PY6P7ECM5,ns,1,30-1,30.0,1000.0,11.0,5970.300000190735,False
A2P83PY6P7ECM5,ns,1,30-1,30.0,1000.0,1.0,0.0,True
A2P83PY6P7ECM5,ns,1,30-1,30.0,1000.0,1.0,581.5,False
A2P83PY6P7ECM5,ns,2,30-1,30.0,1000.0,1.0,13477.100000143051,False
A2P83PY6P7ECM5,ns,2,30-1,30.0,1000.0,24.0,0.0,True
A2P83PY6P7ECM5,ns,2,30-1,30.0,1000.0,30.0,650.5,False
A2P83PY6P7ECM5,ns,2,30-1,30.0,1000.0,2.0,6670.50000023842,False
A2P83PY6P7ECM5,ns,2,30-1,30.0,1000.0,30.0,5502.600000143051,False
A2P83PY6P7ECM5,ns,2,30-1,30.0,1000.0,30.0,517.5,False
A2P83PY6P7ECM5,ns,2,30-1,30.0,1000.0,30.0,55.0,False
A2P83PY6P7ECM5,ns,3,30-1,30.0,1000.0,2.0,12549.399999976158,False
A2P83PY6P7ECM5,ns,3,30-1,30.0,1000.0,6.0,0.0,True
A2P83PY6P7ECM5,ns,3,30-1,30.0,1000.0,29.0,1187.7999999821186,False
A2P83PY6P7ECM5,ns,3,30-1,30.0,1000.0,1.0,21960.0,False
A2P8V5SKYLL5I4,rec,1,40-1,40.0,1000.0,40.0,5752.100000143051,False
A2P8V5SKYLL5I4,rec,1,40-1,40.0,1000.0,40.0,0.0,True
A2P8V5SKYLL5I4,rec,1,40-1,40.0,1000.0,38.0,3023.5999999046326,False
A2P8V5SKYLL5I4,rec,1,40-1,40.0,1000.0,40.0,3562.800000190735,False
A2P8V5SKYLL5I4,rec,1,40-1,40.0,1000.0,38.0,1079.7999999523163,False
A2P8V5SKYLL5I4,rec,1,40-1,40.0,1000.0,40.0,4231.0,False
A2P8V5SKYLL5I4,rec,1,40-1,40.0,1000.0,37.0,3261.399999856949,False
A2P8V5SKYLL5I4,rec,1,40-1,40.0,1000.0,37.0,3888.4000000953674,False
A2P8V5SKYLL5I4,rec,1,40-1,40.0,1000.0,38.0,972.4000000953674,False
A2P8V5SKYLL5I4,rec,1,40-1,40.0,1000.0,40.0,2137.5,False
A2P8V5SKYLL5I4,rec,1,40-1,40.0,1000.0,38.0,1901.2999999523163,False
A2P8V5SKYLL5I4,rec,2,40-1,40.0,1000.0,40.0,0.0,True
A2P8V5SKYLL5I4,rec,2,40-1,40.0,1000.0,39.0,2116.599999904632,False
A2P8V5SKYLL5I4,rec,2,40-1,40.0,1000.0,34.0,3748.4999999999995,False
A2P8V5SKYLL5I4,rec,2,40-1,40.0,1000.0,37.0,2323.099999904632,False
A2P8V5SKYLL5I4,rec,2,40-1,40.0,1000.0,37.0,3158.400000095367,False
A2P8V5SKYLL5I4,rec,2,40-1,40.0,1000.0,39.0,4399.699999809265,False
A2P8V5SKYLL5I4,rec,2,40-1,40.0,1000.0,38.0,1413.2999999523158,False
A2P8V5SKYLL5I4,rec,2,40-1,40.0,1000.0,38.0,4793.400000095367,False
A2P8V5SKYLL5I4,rec,2,40-1,40.0,1000.0,36.0,2920.1999998092647,False
A2P8V5SKYLL5I4,rec,2,40-1,40.0,1000.0,40.0,1870.4999999999995,False
A2P8V5SKYLL5I4,rec,2,40-1,40.0,1000.0,36.0,4254.899999856949,False
A2P8V5SKYLL5I4,rec,3,40-1,40.0,1000.0,40.0,3080.5,False
A2P8V5SKYLL5I4,rec,3,40-1,40.0,1000.0,10.0,4175.699999988079,False
A2P8V5SKYLL5I4,rec,3,40-1,40.0,1000.0,39.0,11199.19999998808,False
A2P8V5SKYLL5I4,rec,3,40-1,40.0,1000.0,40.0,0.0,True
A2P8V5SKYLL5I4,rec,3,40-1,40.0,1000.0,39.0,1463.7000000476837,False
A2P8V5SKYLL5I4,rec,3,40-1,40.0,1000.0,39.0,2658.899999976158,False
A2P8V5SKYLL5I4,rec,3,40-1,40.0,1000.0,39.0,1205.0,False
A2P8V5SKYLL5I4,rec,3,40-1,40.0,1000.0,39.0,278.80000001192093,False
A2P8V5SKYLL5I4,rec,3,40-1,40.0,1000.0,40.0,11453.0,False
A2P8V5SKYLL5I4,rec,3,40-1,40.0,1000.0,38.0,519.8000000119209,False
A2P8V5SKYLL5I4,rec,3,40-1,40.0,1000.0,38.0,1540.800000011921,False
A2P8V5SKYLL5I4,rec,4,40-1,40.0,1000.0,37.0,0.0,True
A2P8V5SKYLL5I4,rec,4,40-1,40.0,1000.0,39.0,1798.199999988079,False
A2P8V5SKYLL5I4,rec,4,40-1,40.0,1000.0,39.0,1848.699999988079,False
A2P8V5SKYLL5I4,rec,4,40-1,40.0,1000.0,39.0,2760.5,False
A2P8V5SKYLL5I4,rec,4,40-1,40.0,1000.0,37.0,3103.099999964237,False
A2P8V5SKYLL5I4,rec,4,40-1,40.0,1000.0,38.0,1347.8999999761581,False
A2P8V5SKYLL5I4,rec,4,40-1,40.0,1000.0,37.0,1296.0999999642372,False
A2P8V5SKYLL5I4,rec,4,40-1,40.0,1000.0,39.0,2253.600000023842,False
A2P8V5SKYLL5I4,rec,4,40-1,40.0,1000.0,35.0,1650.0999999642372,False
A2P8V5SKYLL5I4,rec,4,40-1,40.0,1000.0,38.0,3729.599999964237,False
A2P8V5SKYLL5I4,rec,4,40-1,40.0,1000.0,37.0,1709.3999999761581,False
A2PQDK3MLDFXYM,rec,1,10-2,10.0,2000.0,9.0,1965.0,False
A2PQDK3MLDFXYM,rec,1,10-2,10.0,2000.0,10.0,2188.4999997615814,False
A2PQDK3MLDFXYM,rec,1,10-2,10.0,2000.0,10.0,2175.299999713898,False
A2PQDK3MLDFXYM,rec,1,10-2,10.0,2000.0,10.0,1773.5999999046326,False
A2PQDK3MLDFXYM,rec,1,10-2,10.0,2000.0,10.0,1924.9999997615814,False
A2PQDK3MLDFXYM,rec,1,10-2,10.0,2000.0,8.0,1966.4999997615814,False
A2PQDK3MLDFXYM,rec,1,10-2,10.0,2000.0,9.0,1916.6999998092651,False
A2PQDK3MLDFXYM,rec,1,10-2,10.0,2000.0,10.0,1701.7999997138982,False
A2PQDK3MLDFXYM,rec,1,10-2,10.0,2000.0,10.0,600.9999997615816,False
A2PQDK3MLDFXYM,rec,1,10-2,10.0,2000.0,10.0,0.0,True
A2PQDK3MLDFXYM,rec,1,10-2,10.0,2000.0,10.0,1307.7999999523163,False
A2PQDK3MLDFXYM,rec,1,10-2,10.0,2000.0,10.0,1670.5,False
A2PQDK3MLDFXYM,rec,2,10-2,10.0,2000.0,10.0,90.0,False
A2PQDK3MLDFXYM,rec,2,10-2,10.0,2000.0,10.0,1485.2000000178814,False
A2PQDK3MLDFXYM,rec,2,10-2,10.0,2000.0,10.0,509.90000000596046,False
A2PQDK3MLDFXYM,rec,2,10-2,10.0,2000.0,10.0,336.0,False
A2PQDK3MLDFXYM,rec,2,10-2,10.0,2000.0,9.0,451.40000000596046,False
A2PQDK3MLDFXYM,rec,2,10-2,10.0,2000.0,10.0,0.0,True
A2PQDK3MLDFXYM,rec,2,10-2,10.0,2000.0,10.0,378.59999999403954,False
A2PQDK3MLDFXYM,rec,2,10-2,10.0,2000.0,10.0,1493.7000000178814,False
A2PQDK3MLDFXYM,rec,2,10-2,10.0,2000.0,9.0,308.90000000596046,False
A2PQDK3MLDFXYM,rec,2,10-2,10.0,2000.0,10.0,2256.300000011921,False
A2PQDK3MLDFXYM,rec,2,10-2,10.0,2000.0,10.0,222.09999999403954,False
A2PQDK3MLDFXYM,rec,2,10-2,10.0,2000.0,10.0,554.4000000059605,False
A2PQDK3MLDFXYM,rec,3,10-2,10.0,2000.0,9.0,159.30000001192093,False
A2PQDK3MLDFXYM,rec,3,10-2,10.0,2000.0,9.0,25.600000023841858,False
A2PQDK3MLDFXYM,rec,3,10-2,10.0,2000.0,10.0,513.0,False
A2PQDK3MLDFXYM,rec,3,10-2,10.0,2000.0,9.0,179.9000000357628,False
A2PQDK3MLDFXYM,rec,3,10-2,10.0,2000.0,9.0,208.70000004768372,False
A2PQDK3MLDFXYM,rec,3,10-2,10.0,2000.0,10.0,336.4000000357628,False
A2PQDK3MLDFXYM,rec,3,10-2,10.0,2000.0,9.0,783.4000000357628,False
A2PQDK3MLDFXYM,rec,3,10-2,10.0,2000.0,7.0,558.5,False
A2PQDK3MLDFXYM,rec,3,10-2,10.0,2000.0,7.0,1468.6000000238419,False
A2PQDK3MLDFXYM,rec,3,10-2,10.0,2000.0,10.0,0.0,True
A2PQDK3MLDFXYM,rec,3,10-2,10.0,2000.0,10.0,769.0,False
A2PQDK3MLDFXYM,rec,3,10-2,10.0,2000.0,10.0,509.80000001192093,False
A2PQDK3MLDFXYM,rec,4,10-2,10.0,2000.0,10.0,0.0,True
A2PQDK3MLDFXYM,rec,4,10-2,10.0,2000.0,10.0,1648.2000000029798,False
A2PQDK3MLDFXYM,rec,4,10-2,10.0,2000.0,10.0,1207.3999999985099,False
A2PQDK3MLDFXYM,rec,4,10-2,10.0,2000.0,10.0,1259.300000000745,False
A2PQDK3MLDFXYM,rec,4,10-2,10.0,2000.0,10.0,1002.9000000022352,False
A2PQDK3MLDFXYM,rec,4,10-2,10.0,2000.0,9.0,457.6000000014901,False
A2PQDK3MLDFXYM,rec,4,10-2,10.0,2000.0,10.0,962.5,False
A2PQDK3MLDFXYM,rec,4,10-2,10.0,2000.0,10.0,1008.3999999985099,False
A2PQDK3MLDFXYM,rec,4,10-2,10.0,2000.0,10.0,1769.0,False
A2PQDK3MLDFXYM,rec,4,10-2,10.0,2000.0,10.0,1023.1999999992549,False
A2PSU15S8ZI3V5,prim,1,40-1,40.0,1000.0,1.0,0.0,True
A2PSU15S8ZI3V5,prim,1,40-1,40.0,1000.0,1.0,4922.200000286102,False
A2PSU15S8ZI3V5,prim,1,40-1,40.0,1000.0,2.0,1787.7000002861023,False
A2PSU15S8ZI3V5,prim,1,40-1,40.0,1000.0,1.0,4133.60000038147,False
A2PSU15S8ZI3V5,prim,1,40-1,40.0,1000.0,2.0,3741.1000003814697,False
A2PSU15S8ZI3V5,prim,1,40-1,40.0,1000.0,11.0,2289.6000003814697,False
A2PSU15S8ZI3V5,prim,1,40-1,40.0,1000.0,1.0,6433.300000190735,False
A2PSU15S8ZI3V5,prim,1,40-1,40.0,1000.0,1.0,1895.9000005722046,False
A2PSU15S8ZI3V5,prim,1,40-1,40.0,1000.0,2.0,1815.6000003814697,False
A2PSU15S8ZI3V5,prim,1,40-1,40.0,1000.0,2.0,7028.5,False
A2PSU15S8ZI3V5,prim,1,40-1,40.0,1000.0,1.0,5355.200000286102,False
A2PSU15S8ZI3V5,prim,2,40-1,40.0,1000.0,2.0,2068.0,False
A2PSU15S8ZI3V5,prim,2,40-1,40.0,1000.0,1.0,19805.800000190735,False
A2PSU15S8ZI3V5,prim,2,40-1,40.0,1000.0,1.0,5945.999999999998,False
A2PSU15S8ZI3V5,prim,2,40-1,40.0,1000.0,2.0,3845.5999999046326,False
A2PSU15S8ZI3V5,prim,2,40-1,40.0,1000.0,1.0,0.0,True
A2PSU15S8ZI3V5,prim,2,40-1,40.0,1000.0,1.0,571.8000001907349,False
A2PSU15S8ZI3V5,prim,2,40-1,40.0,1000.0,1.0,1689.1999998092651,False
A2PSU15S8ZI3V5,prim,2,40-1,40.0,1000.0,10.0,34542.800000190735,False
A2PSU15S8ZI3V5,prim,2,40-1,40.0,1000.0,1.0,1720.6000003814697,False
A2PSU15S8ZI3V5,prim,2,40-1,40.0,1000.0,1.0,3361.9000005722046,False
A2PSU15S8ZI3V5,prim,2,40-1,40.0,1000.0,1.0,12394.0,False
A2PSU15S8ZI3V5,prim,2,40-1,40.0,1000.0,1.0,2847.4000000953674,False
A2PSU15S8ZI3V5,prim,3,40-1,40.0,1000.0,1.0,0.0,True
A2PSU15S8ZI3V5,prim,3,40-1,40.0,1000.0,1.0,12484.099999904633,False
A2PSU15S8ZI3V5,prim,3,40-1,40.0,1000.0,1.0,3680.4000000953674,False
A2PSU15S8ZI3V5,prim,3,40-1,40.0,1000.0,1.0,5378.60000038147,False
A2PSU15S8ZI3V5,prim,3,40-1,40.0,1000.0,2.0,10556.099999904633,False
A2PSU15S8ZI3V5,prim,3,40-1,40.0,1000.0,2.0,3189.5,False
A2PSU15S8ZI3V5,prim,3,40-1,40.0,1000.0,2.0,4934.400000095367,False
A2PSU15S8ZI3V5,prim,3,40-1,40.0,1000.0,1.0,843.6000003814697,False
A2PSU15S8ZI3V5,prim,3,40-1,40.0,1000.0,1.0,5113.199999809265,False
A2PSU15S8ZI3V5,prim,3,40-1,40.0,1000.0,2.0,6300.000000476837,False
A2PSU15S8ZI3V5,prim,3,40-1,40.0,1000.0,1.0,5166.300000190735,False
A2PSU15S8ZI3V5,prim,4,40-1,40.0,1000.0,1.0,0.0,True
A2PSU15S8ZI3V5,prim,4,40-1,40.0,1000.0,1.0,5473.299999713898,False
A2PSU15S8ZI3V5,prim,4,40-1,40.0,1000.0,1.0,8959.89999961853,False
A2PSU15S8ZI3V5,prim,4,40-1,40.0,1000.0,1.0,3327.199999809265,False
A2PSU15S8ZI3V5,prim,4,40-1,40.0,1000.0,1.0,10059.699999809265,False
A2PSU15S8ZI3V5,prim,4,40-1,40.0,1000.0,2.0,6378.5,False
A2PSU15S8ZI3V5,prim,4,40-1,40.0,1000.0,1.0,5718.299999713898,False
A2PSU15S8ZI3V5,prim,4,40-1,40.0,1000.0,1.0,13350.399999618538,False
A2PSU15S8ZI3V5,prim,4,40-1,40.0,1000.0,1.0,4889.599999904634,False
A2PSU15S8ZI3V5,prim,4,40-1,40.0,1000.0,1.0,7872.5,False
A2PSU15S8ZI3V5,prim,4,40-1,40.0,1000.0,2.0,2067.999999523163,False
A2PSU15S8ZI3V5,prim,4,40-1,40.0,1000.0,1.0,5765.799999713898,False
A2PTABUVOUYAH5,ns,1,15-2,15.0,2000.0,14.0,0.0,True
A2PTABUVOUYAH5,ns,1,15-2,15.0,2000.0,9.0,3251.8000000715256,False
A2PTABUVOUYAH5,ns,1,15-2,15.0,2000.0,10.0,2444.5,False
A2PTABUVOUYAH5,ns,1,15-2,15.0,2000.0,1.0,4781.700000047684,False
A2PTABUVOUYAH5,ns,1,15-2,15.0,2000.0,15.0,6543.600000143051,False
A2PTABUVOUYAH5,ns,1,15-2,15.0,2000.0,13.0,5368.600000023842,False
A2PTABUVOUYAH5,ns,1,15-2,15.0,2000.0,12.0,2901.4000000953674,False
A2PTABUVOUYAH5,ns,1,15-2,15.0,2000.0,10.0,3827.899999976158,False
A2PTABUVOUYAH5,ns,1,15-2,15.0,2000.0,15.0,5706.600000023842,False
A2PTABUVOUYAH5,ns,1,15-2,15.0,2000.0,14.0,5043.400000095367,False
A2PTABUVOUYAH5,ns,1,15-2,15.0,2000.0,10.0,2931.0,False
A2PTABUVOUYAH5,ns,2,15-2,15.0,2000.0,5.0,0.0,True
A2PTABUVOUYAH5,ns,2,15-2,15.0,2000.0,12.0,2491.200000166893,False
A2PTABUVOUYAH5,ns,2,15-2,15.0,2000.0,15.0,1568.6000001430511,False
A2PTABUVOUYAH5,ns,2,15-2,15.0,2000.0,10.0,2381.100000143051,False
A2PTABUVOUYAH5,ns,2,15-2,15.0,2000.0,1.0,1643.8000000715256,False
A2PTABUVOUYAH5,ns,2,15-2,15.0,2000.0,1.0,1754.4000000953674,False
A2PTABUVOUYAH5,ns,2,15-2,15.0,2000.0,1.0,2008.7000000476837,False
A2PTABUVOUYAH5,ns,2,15-2,15.0,2000.0,1.0,2200.100000023842,False
A2PTABUVOUYAH5,ns,2,15-2,15.0,2000.0,14.0,382.2000000476837,False
A2PTABUVOUYAH5,ns,2,15-2,15.0,2000.0,15.0,1481.4000000953674,False
A2PTABUVOUYAH5,ns,2,15-2,15.0,2000.0,9.0,1774.8000000715256,False
A2PTABUVOUYAH5,ns,2,15-2,15.0,2000.0,14.0,773.6000001430511,False
A2PTABUVOUYAH5,ns,3,15-2,15.0,2000.0,1.0,0.0,True
A2PTABUVOUYAH5,ns,3,15-2,15.0,2000.0,13.0,4002.2000000178814,False
A2PTABUVOUYAH5,ns,3,15-2,15.0,2000.0,14.0,2773.5,False
A2PTABUVOUYAH5,ns,3,15-2,15.0,2000.0,13.0,3633.600000023842,False
A2PTABUVOUYAH5,ns,3,15-2,15.0,2000.0,15.0,3134.2000000178814,False
A2PTABUVOUYAH5,ns,3,15-2,15.0,2000.0,14.0,5296.500000029802,False
A2PTABUVOUYAH5,ns,3,15-2,15.0,2000.0,14.0,1767.6000000238419,False
A2PTABUVOUYAH5,ns,3,15-2,15.0,2000.0,14.0,1542.8000000119214,False
A2PTABUVOUYAH5,ns,3,15-2,15.0,2000.0,13.0,1241.4000000059605,False
A2PTABUVOUYAH5,ns,3,15-2,15.0,2000.0,12.0,297.30000001192093,False
A2PTABUVOUYAH5,ns,3,15-2,15.0,2000.0,15.0,2666.100000023842,False
A2PTABUVOUYAH5,ns,3,15-2,15.0,2000.0,15.0,297.30000004172325,False
A2PTABUVOUYAH5,ns,4,15-2,15.0,2000.0,13.0,1455.5999999642374,False
A2PTABUVOUYAH5,ns,4,15-2,15.0,2000.0,10.0,3378.699999988079,False
A2PTABUVOUYAH5,ns,4,15-2,15.0,2000.0,14.0,2635.599999964237,False
A2PTABUVOUYAH5,ns,4,15-2,15.0,2000.0,1.0,1177.8999999761584,False
A2PTABUVOUYAH5,ns,4,15-2,15.0,2000.0,13.0,1494.1999999880793,False
A2PTABUVOUYAH5,ns,4,15-2,15.0,2000.0,12.0,305.09999996423744,False
A2PTABUVOUYAH5,ns,4,15-2,15.0,2000.0,14.0,551.0000000000002,False
A2PTABUVOUYAH5,ns,4,15-2,15.0,2000.0,14.0,7313.399999976158,False
A2PTABUVOUYAH5,ns,4,15-2,15.0,2000.0,11.0,3113.599999964237,False
A2PTABUVOUYAH5,ns,4,15-2,15.0,2000.0,13.0,0.0,True
A2PTABUVOUYAH5,ns,4,15-2,15.0,2000.0,14.0,28.1999999880793,False
A2PTABUVOUYAH5,ns,4,15-2,15.0,2000.0,14.0,3771.6999999284744,False
A2PUL3ZDXOW0VZ,rec,1,30-1,30.0,1000.0,4.0,8606.399999856949,False
A2PUL3ZDXOW0VZ,rec,1,30-1,30.0,1000.0,27.0,4651.799999952316,False
A2PUL3ZDXOW0VZ,rec,1,30-1,30.0,1000.0,30.0,7366.099999904633,False
A2PUL3ZDXOW0VZ,rec,1,30-1,30.0,1000.0,30.0,5998.899999856949,False
A2PUL3ZDXOW0VZ,rec,1,30-1,30.0,1000.0,30.0,2138.5999999046326,False
A2PUL3ZDXOW0VZ,rec,1,30-1,30.0,1000.0,30.0,7331.700000047684,False
A2PUL3ZDXOW0VZ,rec,1,30-1,30.0,1000.0,30.0,2741.5,False
A2PUL3ZDXOW0VZ,rec,1,30-1,30.0,1000.0,29.0,3499.699999809265,False
A2PUL3ZDXOW0VZ,rec,1,30-1,30.0,1000.0,30.0,4671.499999761581,False
A2PUL3ZDXOW0VZ,rec,1,30-1,30.0,1000.0,30.0,0.0,True
A2PUL3ZDXOW0VZ,rec,1,30-1,30.0,1000.0,30.0,2432.2000000476837,False
A2PUL3ZDXOW0VZ,rec,1,30-1,30.0,1000.0,29.0,4321.799999713896,False
A2PUL3ZDXOW0VZ,rec,2,30-1,30.0,1000.0,29.0,0.0,True
A2PUL3ZDXOW0VZ,rec,2,30-1,30.0,1000.0,30.0,4994.699999928473,False
A2PUL3ZDXOW0VZ,rec,2,30-1,30.0,1000.0,29.0,15163.199999988075,False
A2PUL3ZDXOW0VZ,rec,2,30-1,30.0,1000.0,29.0,5420.799999952318,False
A2PUL3ZDXOW0VZ,rec,2,30-1,30.0,1000.0,30.0,8851.899999976156,False
A2PUL3ZDXOW0VZ,rec,2,30-1,30.0,1000.0,29.0,209.79999995231628,False
A2PUL3ZDXOW0VZ,rec,2,30-1,30.0,1000.0,30.0,497.1999999284744,False
A2PUL3ZDXOW0VZ,rec,2,30-1,30.0,1000.0,30.0,1261.0999999642372,False
A2PUL3ZDXOW0VZ,rec,2,30-1,30.0,1000.0,30.0,4092.9999999403954,False
A2PUL3ZDXOW0VZ,rec,2,30-1,30.0,1000.0,29.0,9595.799999952318,False
A2PUL3ZDXOW0VZ,rec,2,30-1,30.0,1000.0,29.0,2529.4999999403954,False
A2PUL3ZDXOW0VZ,rec,2,30-1,30.0,1000.0,29.0,7001.699999988079,False
A2PUL3ZDXOW0VZ,rec,3,30-1,30.0,1000.0,23.0,0.0,True
A2PUL3ZDXOW0VZ,rec,3,30-1,30.0,1000.0,30.0,8271.800000011923,False
A2PUL3ZDXOW0VZ,rec,3,30-1,30.0,1000.0,30.0,2854.599999964239,False
A2PUL3ZDXOW0VZ,rec,3,30-1,30.0,1000.0,28.0,4839.4999999403935,False
A2PUL3ZDXOW0VZ,rec,3,30-1,30.0,1000.0,30.0,8564.699999988077,False
A2PUL3ZDXOW0VZ,rec,3,30-1,30.0,1000.0,29.0,5655.699999988077,False
A2PUL3ZDXOW0VZ,rec,3,30-1,30.0,1000.0,29.0,4017.6999999880773,False
A2PUL3ZDXOW0VZ,rec,3,30-1,30.0,1000.0,30.0,16263.599999964237,False
A2PUL3ZDXOW0VZ,rec,3,30-1,30.0,1000.0,28.0,1773.1000000238419,False
A2PUL3ZDXOW0VZ,rec,3,30-1,30.0,1000.0,29.0,4551.099999964239,False
A2PUL3ZDXOW0VZ,rec,3,30-1,30.0,1000.0,30.0,2091.4999999403954,False
A2PUL3ZDXOW0VZ,rec,4,30-1,30.0,1000.0,30.0,1489.4999999403954,False
A2PUL3ZDXOW0VZ,rec,4,30-1,30.0,1000.0,30.0,2352.9999999403954,False
A2PUL3ZDXOW0VZ,rec,4,30-1,30.0,1000.0,27.0,7518.299999952318,False
A2PUL3ZDXOW0VZ,rec,4,30-1,30.0,1000.0,29.0,3502.599999964237,False
A2PUL3ZDXOW0VZ,rec,4,30-1,30.0,1000.0,29.0,8424.199999988079,False
A2PUL3ZDXOW0VZ,rec,4,30-1,30.0,1000.0,27.0,6887.599999964237,False
A2PUL3ZDXOW0VZ,rec,4,30-1,30.0,1000.0,30.0,154.69999998807907,False
A2PUL3ZDXOW0VZ,rec,4,30-1,30.0,1000.0,29.0,1692.8999999761581,False
A2PUL3ZDXOW0VZ,rec,4,30-1,30.0,1000.0,30.0,1985.0999999642372,False
A2PUL3ZDXOW0VZ,rec,4,30-1,30.0,1000.0,29.0,0.0,True
A2PUL3ZDXOW0VZ,rec,4,30-1,30.0,1000.0,29.0,1991.300000011921,False
A2PUL3ZDXOW0VZ,rec,4,30-1,30.0,1000.0,30.0,1285.7999999523163,False
A2QHI85LQPJZYP,prim,1,20-2,20.0,2000.0,2.0,0.0,True
A2QHI85LQPJZYP,prim,1,20-2,20.0,2000.0,1.0,2292.0,False
A2QHI85LQPJZYP,prim,1,20-2,20.0,2000.0,2.0,2216.0,False
A2QHI85LQPJZYP,prim,1,20-2,20.0,2000.0,1.0,2685.0,False
A2QHI85LQPJZYP,prim,1,20-2,20.0,2000.0,1.0,13691.0,False
A2QHI85LQPJZYP,prim,1,20-2,20.0,2000.0,1.0,2958.0,False
A2QHI85LQPJZYP,prim,1,20-2,20.0,2000.0,2.0,12627.0,False
A2QHI85LQPJZYP,prim,2,20-2,20.0,2000.0,1.0,0.0,True
A2QHI85LQPJZYP,prim,2,20-2,20.0,2000.0,1.0,6413.0,False
A2QHI85LQPJZYP,prim,2,20-2,20.0,2000.0,1.0,1865.0,False
A2QHI85LQPJZYP,prim,2,20-2,20.0,2000.0,1.0,1635.0,False
A2QHI85LQPJZYP,prim,2,20-2,20.0,2000.0,1.0,6941.0,False
A2QHI85LQPJZYP,prim,2,20-2,20.0,2000.0,1.0,5273.0,False
A2QHI85LQPJZYP,prim,2,20-2,20.0,2000.0,1.0,1187.0,False
A2QHI85LQPJZYP,prim,3,20-2,20.0,2000.0,1.0,0.0,True
A2QHI85LQPJZYP,prim,3,20-2,20.0,2000.0,1.0,7185.0,False
A2QHI85LQPJZYP,prim,3,20-2,20.0,2000.0,1.0,5075.0,False
A2QHI85LQPJZYP,prim,3,20-2,20.0,2000.0,16.0,5854.0,False
A2QHI85LQPJZYP,prim,3,20-2,20.0,2000.0,16.0,7937.0,False
A2QHI85LQPJZYP,prim,3,20-2,20.0,2000.0,1.0,8715.0,False
A2QHI85LQPJZYP,prim,3,20-2,20.0,2000.0,17.0,3637.0,False
A2QHI85LQPJZYP,prim,3,20-2,20.0,2000.0,1.0,6856.0,False
A2QRJKXTK4JDD8,ns,1,10-2,10.0,2000.0,9.0,1656.0,False
A2QRJKXTK4JDD8,ns,1,10-2,10.0,2000.0,9.0,5695.0,False
A2QRJKXTK4JDD8,ns,1,10-2,10.0,2000.0,10.0,882.0,False
A2QRJKXTK4JDD8,ns,1,10-2,10.0,2000.0,10.0,2876.0,False
A2QRJKXTK4JDD8,ns,1,10-2,10.0,2000.0,8.0,3044.0,False
A2QRJKXTK4JDD8,ns,1,10-2,10.0,2000.0,10.0,625.0,False
A2QRJKXTK4JDD8,ns,1,10-2,10.0,2000.0,9.0,639.0,False
A2QRJKXTK4JDD8,ns,1,10-2,10.0,2000.0,1.0,0.0,True
A2QRJKXTK4JDD8,ns,2,10-2,10.0,2000.0,10.0,0.0,True
A2QRJKXTK4JDD8,ns,2,10-2,10.0,2000.0,10.0,4008.0,False
A2QRJKXTK4JDD8,ns,2,10-2,10.0,2000.0,9.0,15650.0,False
A2QRJKXTK4JDD8,ns,2,10-2,10.0,2000.0,1.0,6039.0,False
A2QRJKXTK4JDD8,ns,2,10-2,10.0,2000.0,8.0,8726.0,False
A2QRJKXTK4JDD8,ns,2,10-2,10.0,2000.0,10.0,5817.0,False
A2QRJKXTK4JDD8,ns,2,10-2,10.0,2000.0,1.0,3953.0,False
A2QRJKXTK4JDD8,ns,2,10-2,10.0,2000.0,10.0,3714.0,False
A2QRJKXTK4JDD8,ns,3,10-2,10.0,2000.0,10.0,0.0,True
A2QRJKXTK4JDD8,ns,3,10-2,10.0,2000.0,1.0,8981.0,False
A2QRJKXTK4JDD8,ns,3,10-2,10.0,2000.0,10.0,13168.0,False
A2QRJKXTK4JDD8,ns,3,10-2,10.0,2000.0,10.0,2625.0,False
A2QRJKXTK4JDD8,ns,3,10-2,10.0,2000.0,9.0,5595.0,False
A2QRJKXTK4JDD8,ns,3,10-2,10.0,2000.0,1.0,51537.0,False
A2QRJKXTK4JDD8,ns,3,10-2,10.0,2000.0,10.0,13163.0,False
A2QRJKXTK4JDD8,ns,3,10-2,10.0,2000.0,10.0,2683.0,False
A2QRJKXTK4JDD8,ns,3,10-2,10.0,2000.0,10.0,7678.0,False
A2QRJKXTK4JDD8,ns,3,10-2,10.0,2000.0,10.0,1930.0,False
A2QRJKXTK4JDD8,ns,4,10-2,10.0,2000.0,1.0,599.0,False
A2QRJKXTK4JDD8,ns,4,10-2,10.0,2000.0,1.0,8909.0,False
A2QRJKXTK4JDD8,ns,4,10-2,10.0,2000.0,1.0,1408.0,False
A2QRJKXTK4JDD8,ns,4,10-2,10.0,2000.0,1.0,13167.0,False
A2QRJKXTK4JDD8,ns,4,10-2,10.0,2000.0,1.0,128.0,False
A2QRJKXTK4JDD8,ns,4,10-2,10.0,2000.0,1.0,1835.0,False
A2QRJKXTK4JDD8,ns,4,10-2,10.0,2000.0,1.0,0.0,True
A2QUSCZS3RXGXE,ns,1,40-1,40.0,1000.0,2.0,3297.0000009536743,False
A2QUSCZS3RXGXE,ns,1,40-1,40.0,1000.0,1.0,2168.1000003814697,False
A2QUSCZS3RXGXE,ns,1,40-1,40.0,1000.0,38.0,1469.3000001907349,False
A2QUSCZS3RXGXE,ns,1,40-1,40.0,1000.0,30.0,0.0,True
A2QUSCZS3RXGXE,ns,1,40-1,40.0,1000.0,1.0,2219.1000003814697,False
A2QUSCZS3RXGXE,ns,1,40-1,40.0,1000.0,1.0,517.2000007629395,False
A2QUSCZS3RXGXE,ns,1,40-1,40.0,1000.0,2.0,1051.6000003814697,False
A2QUSCZS3RXGXE,ns,1,40-1,40.0,1000.0,2.0,2743.2000007629395,False
A2QUSCZS3RXGXE,ns,1,40-1,40.0,1000.0,1.0,2203.800001144409,False
A2QUSCZS3RXGXE,ns,1,40-1,40.0,1000.0,1.0,804.9000005722046,False
A2QUSCZS3RXGXE,ns,1,40-1,40.0,1000.0,28.0,2428.699999809265,False
A2QUSCZS3RXGXE,ns,2,40-1,40.0,1000.0,2.0,1090.0,False
A2QUSCZS3RXGXE,ns,2,40-1,40.0,1000.0,37.0,0.0,True
A2QUSCZS3RXGXE,ns,2,40-1,40.0,1000.0,1.0,44.69999885559082,False
A2QUSCZS3RXGXE,ns,2,40-1,40.0,1000.0,1.0,9581.599999427794,False
A2QUSCZS3RXGXE,ns,2,40-1,40.0,1000.0,1.0,1940.6999998092651,False
A2QUSCZS3RXGXE,ns,2,40-1,40.0,1000.0,1.0,992.8999996185303,False
A2QUSCZS3RXGXE,ns,2,40-1,40.0,1000.0,2.0,1214.0999994277954,False
A2QUSCZS3RXGXE,ns,2,40-1,40.0,1000.0,1.0,1713.3000001907349,False
A2QUSCZS3RXGXE,ns,2,40-1,40.0,1000.0,4.0,3127.8999996185303,False
A2QUSCZS3RXGXE,ns,2,40-1,40.0,1000.0,40.0,1392.8999996185303,False
A2QUSCZS3RXGXE,ns,2,40-1,40.0,1000.0,1.0,1015.8999996185303,False
A2QUSCZS3RXGXE,ns,2,40-1,40.0,1000.0,1.0,4177.099999427795,False
A2QUSCZS3RXGXE,ns,3,40-1,40.0,1000.0,39.0,2914.800000190734,False
A2QUSCZS3RXGXE,ns,3,40-1,40.0,1000.0,40.0,4460.400000572204,False
A2QUSCZS3RXGXE,ns,3,40-1,40.0,1000.0,39.0,2298.3000011444083,False
A2QUSCZS3RXGXE,ns,3,40-1,40.0,1000.0,33.0,148.4000005722039,False
A2QUSCZS3RXGXE,ns,3,40-1,40.0,1000.0,32.0,746.600000381469,False
A2QUSCZS3RXGXE,ns,3,40-1,40.0,1000.0,39.0,1211.3000001907342,False
A2QUSCZS3RXGXE,ns,3,40-1,40.0,1000.0,3.0,3093.199999809264,False
A2QUSCZS3RXGXE,ns,3,40-1,40.0,1000.0,1.0,5589.7000007629385,False
A2QUSCZS3RXGXE,ns,3,40-1,40.0,1000.0,31.0,649.0000009536736,False
A2QUSCZS3RXGXE,ns,3,40-1,40.0,1000.0,33.0,0.0,True
A2QUSCZS3RXGXE,ns,4,40-1,40.0,1000.0,4.0,3827.0,False
A2QUSCZS3RXGXE,ns,4,40-1,40.0,1000.0,40.0,974.0999994277954,False
A2QUSCZS3RXGXE,ns,4,40-1,40.0,1000.0,1.0,2676.3999996185303,False
A2QUSCZS3RXGXE,ns,4,40-1,40.0,1000.0,1.0,2380.5999994277954,False
A2QUSCZS3RXGXE,ns,4,40-1,40.0,1000.0,34.0,324.69999980926514,False
A2QUSCZS3RXGXE,ns,4,40-1,40.0,1000.0,2.0,4548.599999427795,False
A2QUSCZS3RXGXE,ns,4,40-1,40.0,1000.0,38.0,0.0,True
A2QUSCZS3RXGXE,ns,4,40-1,40.0,1000.0,35.0,1442.8999996185303,False
A2QUSCZS3RXGXE,ns,4,40-1,40.0,1000.0,39.0,1999.8999996185303,False
A2QUSCZS3RXGXE,ns,4,40-1,40.0,1000.0,40.0,1049.0999994277954,False
A2QUSCZS3RXGXE,ns,4,40-1,40.0,1000.0,36.0,434.0,False
A2QUSCZS3RXGXE,ns,4,40-1,40.0,1000.0,36.0,1227.8999996185303,False
A2QX1SJXQN1NV1,prim,1,20-1,20.0,1000.0,17.0,4207.0,False
A2QX1SJXQN1NV1,prim,1,20-1,20.0,1000.0,2.0,4830.0,False
A2QX1SJXQN1NV1,prim,1,20-1,20.0,1000.0,3.0,9151.0,False
A2QX1SJXQN1NV1,prim,1,20-1,20.0,1000.0,1.0,1135.0,False
A2QX1SJXQN1NV1,prim,1,20-1,20.0,1000.0,1.0,13682.0,False
A2QX1SJXQN1NV1,prim,1,20-1,20.0,1000.0,1.0,5797.0,False
A2QX1SJXQN1NV1,prim,1,20-1,20.0,1000.0,19.0,0.0,True
A2QX1SJXQN1NV1,prim,1,20-1,20.0,1000.0,1.0,4293.0,False
A2QX1SJXQN1NV1,prim,2,20-1,20.0,1000.0,2.0,1137.0,False
A2QX1SJXQN1NV1,prim,2,20-1,20.0,1000.0,1.0,6602.0,False
A2QX1SJXQN1NV1,prim,2,20-1,20.0,1000.0,2.0,2290.0,False
A2QX1SJXQN1NV1,prim,2,20-1,20.0,1000.0,20.0,1316.0,False
A2QX1SJXQN1NV1,prim,2,20-1,20.0,1000.0,6.0,0.0,True
A2QX1SJXQN1NV1,prim,2,20-1,20.0,1000.0,1.0,4083.0,False
A2QX1SJXQN1NV1,prim,2,20-1,20.0,1000.0,5.0,2827.0,False
A2QX1SJXQN1NV1,prim,2,20-1,20.0,1000.0,1.0,1188.0,False
A2QY653X9531JP,ns,1,20-1,20.0,1000.0,3.0,6459.89999961853,False
A2QY653X9531JP,ns,1,20-1,20.0,1000.0,1.0,4278.800000190737,False
A2QY653X9531JP,ns,1,20-1,20.0,1000.0,1.0,5124.599999904633,False
A2QY653X9531JP,ns,1,20-1,20.0,1000.0,20.0,1238.5999999046326,False
A2QY653X9531JP,ns,1,20-1,20.0,1000.0,18.0,521.5999999046326,False
A2QY653X9531JP,ns,1,20-1,20.0,1000.0,18.0,3449.9000000953674,False
A2QY653X9531JP,ns,1,20-1,20.0,1000.0,5.0,2182.0999999046326,False
A2QY653X9531JP,ns,1,20-1,20.0,1000.0,19.0,0.0,True
A2QY653X9531JP,ns,1,20-1,20.0,1000.0,17.0,621.5,False
A2QY653X9531JP,ns,2,20-1,20.0,1000.0,4.0,0.0,True
A2QY653X9531JP,ns,2,20-1,20.0,1000.0,17.0,2612.2000002861023,False
A2QY653X9531JP,ns,2,20-1,20.0,1000.0,19.0,2389.7000002861023,False
A2QY653X9531JP,ns,2,20-1,20.0,1000.0,19.0,481.80000019073486,False
A2QY653X9531JP,ns,2,20-1,20.0,1000.0,1.0,5170.599999904633,False
A2QY653X9531JP,ns,2,20-1,20.0,1000.0,16.0,2952.5,False
A2QY653X9531JP,ns,2,20-1,20.0,1000.0,14.0,1031.6999998092651,False
A2QY653X9531JP,ns,2,20-1,20.0,1000.0,13.0,3781.3000001907367,False
A2QY653X9531JP,ns,2,20-1,20.0,1000.0,20.0,4793.800000190737,False
A2QY653X9531JP,ns,2,20-1,20.0,1000.0,20.0,4406.799999713898,False
A2QY653X9531JP,ns,3,20-1,20.0,1000.0,6.0,0.0,True
A2QY653X9531JP,ns,3,20-1,20.0,1000.0,20.0,10374.400000095367,False
A2QY653X9531JP,ns,3,20-1,20.0,1000.0,17.0,2925.3999996185303,False
A2QY653X9531JP,ns,3,20-1,20.0,1000.0,14.0,2663.0,False
A2QY653X9531JP,ns,3,20-1,20.0,1000.0,15.0,5073.700000286102,False
A2QY653X9531JP,ns,3,20-1,20.0,1000.0,18.0,5336.599999904633,False
A2QY653X9531JP,ns,3,20-1,20.0,1000.0,20.0,7999.5,False
A2QY653X9531JP,ns,3,20-1,20.0,1000.0,19.0,4663.599999904633,False
A2QY653X9531JP,ns,3,20-1,20.0,1000.0,19.0,5368.5,False
A2QY653X9531JP,ns,3,20-1,20.0,1000.0,18.0,11495.799999713898,False
A2QY653X9531JP,ns,4,20-1,20.0,1000.0,7.0,490.3999996185303,False
A2QY653X9531JP,ns,4,20-1,20.0,1000.0,19.0,0.0,True
A2QY653X9531JP,ns,4,20-1,20.0,1000.0,5.0,8352.699999809265,False
A2QY653X9531JP,ns,4,20-1,20.0,1000.0,20.0,5619.300000190735,False
A2QY653X9531JP,ns,4,20-1,20.0,1000.0,20.0,7513.399999618528,False
A2QY653X9531JP,ns,4,20-1,20.0,1000.0,3.0,1441.0,False
A2QY653X9531JP,ns,4,20-1,20.0,1000.0,20.0,3062.2999992370605,False
A2QY653X9531JP,ns,4,20-1,20.0,1000.0,18.0,8762.000000000002,False
A2R75YFKVALBXE,rec,1,15-2,15.0,2000.0,15.0,0.0,True
A2R75YFKVALBXE,rec,1,15-2,15.0,2000.0,12.0,4835.899999976158,False
A2R75YFKVALBXE,rec,1,15-2,15.0,2000.0,12.0,6149.5,False
A2R75YFKVALBXE,rec,1,15-2,15.0,2000.0,15.0,6835.100000023842,False
A2R75YFKVALBXE,rec,1,15-2,15.0,2000.0,14.0,4721.899999976158,False
A2R75YFKVALBXE,rec,1,15-2,15.0,2000.0,14.0,9747.800000071526,False
A2R75YFKVALBXE,rec,1,15-2,15.0,2000.0,13.0,7991.100000023842,False
A2R75YFKVALBXE,rec,1,15-2,15.0,2000.0,15.0,8461.199999928474,False
A2R75YFKVALBXE,rec,1,15-2,15.0,2000.0,13.0,4191.299999952316,False
A2R75YFKVALBXE,rec,1,15-2,15.0,2000.0,10.0,4028.2000000476837,False
A2R75YFKVALBXE,rec,1,15-2,15.0,2000.0,13.0,3429.0,False
A2R75YFKVALBXE,rec,1,15-2,15.0,2000.0,12.0,7711.200000047684,False
A2R75YFKVALBXE,rec,2,15-2,15.0,2000.0,15.0,0.0,True
A2R75YFKVALBXE,rec,2,15-2,15.0,2000.0,15.0,1962.5000000596046,False
A2R75YFKVALBXE,rec,2,15-2,15.0,2000.0,13.0,3107.7000000476837,False
A2R75YFKVALBXE,rec,2,15-2,15.0,2000.0,13.0,7290.500000059603,False
A2R75YFKVALBXE,rec,2,15-2,15.0,2000.0,15.0,5882.800000071526,False
A2R75YFKVALBXE,rec,2,15-2,15.0,2000.0,11.0,3859.0000000596046,False
A2R75YFKVALBXE,rec,2,15-2,15.0,2000.0,13.0,7663.100000023842,False
A2R75YFKVALBXE,rec,2,15-2,15.0,2000.0,14.0,3623.3000000715256,False
A2R75YFKVALBXE,rec,2,15-2,15.0,2000.0,12.0,6408.100000023842,False
A2R75YFKVALBXE,rec,2,15-2,15.0,2000.0,12.0,5082.600000023842,False
A2R75YFKVALBXE,rec,2,15-2,15.0,2000.0,12.0,6186.400000035765,False
A2R75YFKVALBXE,rec,2,15-2,15.0,2000.0,12.0,6375.600000023842,False
A2R970Q1Q2A6DJ,prim,1,10-2,10.0,2000.0,1.0,0.0,True
A2R970Q1Q2A6DJ,prim,1,10-2,10.0,2000.0,9.0,4310.899999856949,False
A2R970Q1Q2A6DJ,prim,1,10-2,10.0,2000.0,4.0,5485.199999928474,False
A2R970Q1Q2A6DJ,prim,1,10-2,10.0,2000.0,1.0,3854.0,False
A2R970Q1Q2A6DJ,prim,1,10-2,10.0,2000.0,2.0,8530.100000023842,False
A2R970Q1Q2A6DJ,prim,1,10-2,10.0,2000.0,2.0,5632.799999952316,False
A2R970Q1Q2A6DJ,prim,1,10-2,10.0,2000.0,1.0,4241.699999928474,False
A2R970Q1Q2A6DJ,prim,2,10-2,10.0,2000.0,2.0,0.0,True
A2R970Q1Q2A6DJ,prim,2,10-2,10.0,2000.0,1.0,3851.0,False
A2R970Q1Q2A6DJ,prim,2,10-2,10.0,2000.0,2.0,7943.79999998212,False
A2R970Q1Q2A6DJ,prim,2,10-2,10.0,2000.0,1.0,10503.600000023842,False
A2R970Q1Q2A6DJ,prim,2,10-2,10.0,2000.0,1.0,788.3999999761581,False
A2R970Q1Q2A6DJ,prim,2,10-2,10.0,2000.0,1.0,5947.800000011919,False
A2R970Q1Q2A6DJ,prim,2,10-2,10.0,2000.0,2.0,8136.800000011919,False
A2R970Q1Q2A6DJ,prim,2,10-2,10.0,2000.0,1.0,3452.100000023842,False
A2R970Q1Q2A6DJ,prim,2,10-2,10.0,2000.0,1.0,15324.699999988079,False
A2R970Q1Q2A6DJ,prim,3,10-2,10.0,2000.0,1.0,0.0,True
A2R970Q1Q2A6DJ,prim,3,10-2,10.0,2000.0,1.0,2918.399999976158,False
A2R970Q1Q2A6DJ,prim,3,10-2,10.0,2000.0,1.0,3715.2999999523163,False
A2R970Q1Q2A6DJ,prim,3,10-2,10.0,2000.0,1.0,2700.5,False
A2R970Q1Q2A6DJ,prim,3,10-2,10.0,2000.0,2.0,1607.2000000476837,False
A2R970Q1Q2A6DJ,prim,3,10-2,10.0,2000.0,1.0,4335.399999976158,False
A2R970Q1Q2A6DJ,prim,3,10-2,10.0,2000.0,1.0,5850.999999880791,False
A2R970Q1Q2A6DJ,prim,4,10-2,10.0,2000.0,3.0,3934.600000143051,False
A2R970Q1Q2A6DJ,prim,4,10-2,10.0,2000.0,1.0,2903.0,False
A2R970Q1Q2A6DJ,prim,4,10-2,10.0,2000.0,1.0,5111.400000095367,False
A2R970Q1Q2A6DJ,prim,4,10-2,10.0,2000.0,1.0,2568.800000190735,False
A2R970Q1Q2A6DJ,prim,4,10-2,10.0,2000.0,1.0,4955.199999809263,False
A2R970Q1Q2A6DJ,prim,4,10-2,10.0,2000.0,2.0,2946.0999999046326,False
A2R970Q1Q2A6DJ,prim,4,10-2,10.0,2000.0,1.0,0.0,True
A2R970Q1Q2A6DJ,prim,4,10-2,10.0,2000.0,1.0,2028.4000000953674,False
A2R970Q1Q2A6DJ,prim,4,10-2,10.0,2000.0,1.0,1587.7000000476837,False
A2RBF3IIJP15IH,rec,1,20-1,20.0,1000.0,1.0,0.0,True
A2RBF3IIJP15IH,rec,1,20-1,20.0,1000.0,18.0,4825.900000035763,False
A2RBF3IIJP15IH,rec,1,20-1,20.0,1000.0,16.0,4420.600000023842,False
A2RBF3IIJP15IH,rec,1,20-1,20.0,1000.0,20.0,3588.0,False
A2RBF3IIJP15IH,rec,1,20-1,20.0,1000.0,19.0,1082.300000011921,False
A2RBF3IIJP15IH,rec,1,20-1,20.0,1000.0,17.0,1568.5000000596046,False
A2RBF3IIJP15IH,rec,1,20-1,20.0,1000.0,6.0,5196.600000023842,False
A2RBF3IIJP15IH,rec,1,20-1,20.0,1000.0,19.0,5301.800000011921,False
A2RBF3IIJP15IH,rec,1,20-1,20.0,1000.0,13.0,9488.300000011923,False
A2RBF3IIJP15IH,rec,1,20-1,20.0,1000.0,20.0,12157.300000011923,False
A2RBF3IIJP15IH,rec,2,20-1,20.0,1000.0,19.0,1091.7000002861018,False
A2RBF3IIJP15IH,rec,2,20-1,20.0,1000.0,19.0,3567.200000286102,False
A2RBF3IIJP15IH,rec,2,20-1,20.0,1000.0,20.0,673.2000000476833,False
A2RBF3IIJP15IH,rec,2,20-1,20.0,1000.0,18.0,0.0,True
A2RBF3IIJP15IH,rec,2,20-1,20.0,1000.0,19.0,3043.799999952316,False
A2RBF3IIJP15IH,rec,2,20-1,20.0,1000.0,12.0,2428.4999999999995,False
A2RBF3IIJP15IH,rec,2,20-1,20.0,1000.0,19.0,1561.7000000476833,False
A2RBF3IIJP15IH,rec,2,20-1,20.0,1000.0,15.0,828.5000002384181,False
A2RBF3IIJP15IH,rec,2,20-1,20.0,1000.0,15.0,489.5999999046321,False
A2RBF3IIJP15IH,rec,2,20-1,20.0,1000.0,17.0,2466.8000001907344,False
A2RBF3IIJP15IH,rec,2,20-1,20.0,1000.0,18.0,2436.2000000476833,False
A2RBF3IIJP15IH,rec,3,20-1,20.0,1000.0,16.0,520.7000002861023,False
A2RBF3IIJP15IH,rec,3,20-1,20.0,1000.0,17.0,938.500000238419,False
A2RBF3IIJP15IH,rec,3,20-1,20.0,1000.0,14.0,4582.400000095367,False
A2RBF3IIJP15IH,rec,3,20-1,20.0,1000.0,19.0,9389.400000333786,False
A2RBF3IIJP15IH,rec,3,20-1,20.0,1000.0,17.0,1081.3000001907349,False
A2RBF3IIJP15IH,rec,3,20-1,20.0,1000.0,19.0,3286.2000002861023,False
A2RBF3IIJP15IH,rec,3,20-1,20.0,1000.0,18.0,0.0,True
A2RBF3IIJP15IH,rec,3,20-1,20.0,1000.0,18.0,3140.2000000476837,False
A2RBF3IIJP15IH,rec,3,20-1,20.0,1000.0,17.0,2210.1000003814697,False
A2RBF3IIJP15IH,rec,3,20-1,20.0,1000.0,16.0,431.400000333786,False
A2RBF3IIJP15IH,rec,3,20-1,20.0,1000.0,16.0,137.60000014305115,False
A2RBF3IIJP15IH,rec,4,20-1,20.0,1000.0,17.0,0.0,True
A2RBF3IIJP15IH,rec,4,20-1,20.0,1000.0,18.0,20512.80000019073,False
A2RBF3IIJP15IH,rec,4,20-1,20.0,1000.0,15.0,16814.5,False
A2RBF3IIJP15IH,rec,4,20-1,20.0,1000.0,16.0,5115.900000095367,False
A2RBF3IIJP15IH,rec,4,20-1,20.0,1000.0,17.0,4260.400000095367,False
A2RBF3IIJP15IH,rec,4,20-1,20.0,1000.0,18.0,6732.5,False
A2RBF3IIJP15IH,rec,4,20-1,20.0,1000.0,17.0,663.8000001907349,False
A2RBF3IIJP15IH,rec,4,20-1,20.0,1000.0,18.0,895.8000001907349,False
A2RBF3IIJP15IH,rec,4,20-1,20.0,1000.0,17.0,2242.2999997138977,False
A2RBF3IIJP15IH,rec,4,20-1,20.0,1000.0,18.0,1980.5,False
A2RBF3IIJP15IH,rec,4,20-1,20.0,1000.0,20.0,2076.5999999046326,False
A2RBF3IIJP15IH,rec,4,20-1,20.0,1000.0,17.0,247.0,False
A2ROI30AQITC3V,ns,1,30-1,30.0,1000.0,6.0,1944.0999999046326,False
A2ROI30AQITC3V,ns,1,30-1,30.0,1000.0,13.0,5547.599999904633,False
A2ROI30AQITC3V,ns,1,30-1,30.0,1000.0,29.0,1518.7999992370605,False
A2ROI30AQITC3V,ns,1,30-1,30.0,1000.0,23.0,0.0,True
A2ROI30AQITC3V,ns,1,30-1,30.0,1000.0,25.0,3418.8999996185303,False
A2ROI30AQITC3V,ns,1,30-1,30.0,1000.0,24.0,4362.099999427794,False
A2ROI30AQITC3V,ns,1,30-1,30.0,1000.0,26.0,5180.39999961853,False
A2ROI30AQITC3V,ns,1,30-1,30.0,1000.0,22.0,3937.999999523163,False
A2ROI30AQITC3V,ns,1,30-1,30.0,1000.0,28.0,2048.999999523163,False
A2ROI30AQITC3V,ns,1,30-1,30.0,1000.0,26.0,738.8999996185303,False
A2ROI30AQITC3V,ns,1,30-1,30.0,1000.0,7.0,1098.2999997138977,False
A2ROI30AQITC3V,ns,2,30-1,30.0,1000.0,3.0,38244.299999713905,False
A2ROI30AQITC3V,ns,2,30-1,30.0,1000.0,4.0,4475.5,False
A2ROI30AQITC3V,ns,2,30-1,30.0,1000.0,20.0,7273.699999809265,False
A2ROI30AQITC3V,ns,2,30-1,30.0,1000.0,28.0,0.0,True
A2ROI30AQITC3V,ns,2,30-1,30.0,1000.0,4.0,1859.7999997138977,False
A2ROI30AQITC3V,ns,2,30-1,30.0,1000.0,3.0,1672.7999997138977,False
A2ROI30AQITC3V,ns,2,30-1,30.0,1000.0,22.0,4547.900000095369,False
A2ROI30AQITC3V,ns,2,30-1,30.0,1000.0,23.0,612.4000000953674,False
A2ROI30AQITC3V,ns,2,30-1,30.0,1000.0,13.0,6213.5,False
A2ROI30AQITC3V,ns,3,30-1,30.0,1000.0,11.0,0.0,True
A2ROI30AQITC3V,ns,3,30-1,30.0,1000.0,28.0,6685.299999713896,False
A2ROI30AQITC3V,ns,3,30-1,30.0,1000.0,29.0,827.4999999999995,False
A2ROI30AQITC3V,ns,3,30-1,30.0,1000.0,3.0,1982.599999904632,False
A2ROI30AQITC3V,ns,3,30-1,30.0,1000.0,7.0,6904.800000190735,False
A2ROI30AQITC3V,ns,3,30-1,30.0,1000.0,13.0,6975.89999961853,False
A2ROI30AQITC3V,ns,3,30-1,30.0,1000.0,7.0,3527.1999998092647,False
A2ROI30AQITC3V,ns,3,30-1,30.0,1000.0,28.0,19305.099999904633,False
A2ROI30AQITC3V,ns,3,30-1,30.0,1000.0,29.0,11706.699999809265,False
A2ROI30AQITC3V,ns,4,30-1,30.0,1000.0,30.0,0.0,True
A2ROI30AQITC3V,ns,4,30-1,30.0,1000.0,28.0,4435.0,False
A2ROI30AQITC3V,ns,4,30-1,30.0,1000.0,30.0,4860.700000047684,False
A2ROI30AQITC3V,ns,4,30-1,30.0,1000.0,28.0,3688.2999999523163,False
A2ROI30AQITC3V,ns,4,30-1,30.0,1000.0,13.0,3910.600000023842,False
A2ROI30AQITC3V,ns,4,30-1,30.0,1000.0,29.0,1069.6000000238419,False
A2ROI30AQITC3V,ns,4,30-1,30.0,1000.0,1.0,6149.0,False
A2ROI30AQITC3V,ns,4,30-1,30.0,1000.0,3.0,2531.0,False
A2ROI30AQITC3V,ns,4,30-1,30.0,1000.0,30.0,5126.200000047684,False
A2RU1Q3C9VHBAO,prim,1,15-2,15.0,2000.0,1.0,0.0,True
A2RU1Q3C9VHBAO,prim,1,15-2,15.0,2000.0,1.0,9418.0,False
A2RU1Q3C9VHBAO,prim,1,15-2,15.0,2000.0,1.0,4171.0,False
A2RU1Q3C9VHBAO,prim,1,15-2,15.0,2000.0,1.0,22010.0,False
A2RU1Q3C9VHBAO,prim,1,15-2,15.0,2000.0,1.0,26331.0,False
A2RU1Q3C9VHBAO,prim,1,15-2,15.0,2000.0,1.0,19020.0,False
A2RU1Q3C9VHBAO,prim,1,15-2,15.0,2000.0,1.0,11018.0,False
A2RU1Q3C9VHBAO,prim,1,15-2,15.0,2000.0,1.0,7896.0,False
A2RU1Q3C9VHBAO,prim,1,15-2,15.0,2000.0,1.0,4306.0,False
A2RU1Q3C9VHBAO,prim,1,15-2,15.0,2000.0,15.0,7335.0,False
A2RU1Q3C9VHBAO,prim,1,15-2,15.0,2000.0,14.0,3390.0,False
A2RU1Q3C9VHBAO,prim,2,15-2,15.0,2000.0,14.0,0.0,True
A2RU1Q3C9VHBAO,prim,2,15-2,15.0,2000.0,13.0,4884.0,False
A2RU1Q3C9VHBAO,prim,2,15-2,15.0,2000.0,14.0,4010.0,False
A2RU1Q3C9VHBAO,prim,2,15-2,15.0,2000.0,1.0,1999.0,False
A2RU1Q3C9VHBAO,prim,2,15-2,15.0,2000.0,2.0,9626.0,False
A2RU1Q3C9VHBAO,prim,2,15-2,15.0,2000.0,13.0,3.0,False
A2RU1Q3C9VHBAO,prim,2,15-2,15.0,2000.0,11.0,1061.0,False
A2RU1Q3C9VHBAO,prim,2,15-2,15.0,2000.0,1.0,71488.0,False
A2RU1Q3C9VHBAO,prim,2,15-2,15.0,2000.0,2.0,57017.0,False
A2RU1Q3C9VHBAO,prim,2,15-2,15.0,2000.0,1.0,46727.0,False
A2RU1Q3C9VHBAO,prim,2,15-2,15.0,2000.0,1.0,2158.0,False
A2RU1Q3C9VHBAO,prim,3,15-2,15.0,2000.0,1.0,16238.0,False
A2RU1Q3C9VHBAO,prim,3,15-2,15.0,2000.0,1.0,13251.0,False
A2RU1Q3C9VHBAO,prim,3,15-2,15.0,2000.0,3.0,51803.0,False
A2RU1Q3C9VHBAO,prim,3,15-2,15.0,2000.0,1.0,64958.0,False
A2RU1Q3C9VHBAO,prim,3,15-2,15.0,2000.0,2.0,52678.0,False
A2RU1Q3C9VHBAO,prim,3,15-2,15.0,2000.0,1.0,67501.0,False
A2RU1Q3C9VHBAO,prim,3,15-2,15.0,2000.0,1.0,8251.0,False
A2RU1Q3C9VHBAO,prim,3,15-2,15.0,2000.0,1.0,2264.0,False
A2RU1Q3C9VHBAO,prim,3,15-2,15.0,2000.0,1.0,160.0,False
A2RU1Q3C9VHBAO,prim,3,15-2,15.0,2000.0,2.0,51309.0,False
A2RU1Q3C9VHBAO,prim,3,15-2,15.0,2000.0,2.0,0.0,True
A2RU1Q3C9VHBAO,prim,3,15-2,15.0,2000.0,1.0,664.0,False
A2RU1Q3C9VHBAO,prim,4,15-2,15.0,2000.0,1.0,1371.0,False
A2RU1Q3C9VHBAO,prim,4,15-2,15.0,2000.0,2.0,4226.0,False
A2RU1Q3C9VHBAO,prim,4,15-2,15.0,2000.0,1.0,27357.0,False
A2RU1Q3C9VHBAO,prim,4,15-2,15.0,2000.0,2.0,4636.0,False
A2RU1Q3C9VHBAO,prim,4,15-2,15.0,2000.0,1.0,9548.0,False
A2RU1Q3C9VHBAO,prim,4,15-2,15.0,2000.0,1.0,4628.0,False
A2RU1Q3C9VHBAO,prim,4,15-2,15.0,2000.0,2.0,3596.0,False
A2RU1Q3C9VHBAO,prim,4,15-2,15.0,2000.0,13.0,0.0,True
A2RU1Q3C9VHBAO,prim,4,15-2,15.0,2000.0,1.0,3872.0,False
A2RU1Q3C9VHBAO,prim,4,15-2,15.0,2000.0,1.0,951.0,False
A2RU1Q3C9VHBAO,prim,4,15-2,15.0,2000.0,1.0,3993.0,False
A2RU1Q3C9VHBAO,prim,4,15-2,15.0,2000.0,3.0,1978.0,False
A2RVG8Y97DE0GM,prim,1,15-2,15.0,2000.0,2.0,0.0,True
A2RVG8Y97DE0GM,prim,1,15-2,15.0,2000.0,3.0,6462.600000023842,False
A2RVG8Y97DE0GM,prim,1,15-2,15.0,2000.0,1.0,10105.000000059606,False
A2RVG8Y97DE0GM,prim,1,15-2,15.0,2000.0,1.0,17943.20000004768,False
A2RVG8Y97DE0GM,prim,1,15-2,15.0,2000.0,1.0,3577.8000000119227,False
A2RVG8Y97DE0GM,prim,1,15-2,15.0,2000.0,1.0,11180.5,False
A2RVG8Y97DE0GM,prim,1,15-2,15.0,2000.0,1.0,11264.5,False
A2RVG8Y97DE0GM,prim,1,15-2,15.0,2000.0,1.0,9837.900000035761,False
A2RVG8Y97DE0GM,prim,1,15-2,15.0,2000.0,1.0,13277.800000011921,False
A2RVG8Y97DE0GM,prim,1,15-2,15.0,2000.0,1.0,10047.5,False
A2RVG8Y97DE0GM,prim,1,15-2,15.0,2000.0,1.0,10805.800000011921,False
A2RVG8Y97DE0GM,prim,2,15-2,15.0,2000.0,1.0,0.0,True
A2RVG8Y97DE0GM,prim,2,15-2,15.0,2000.0,1.0,7050.800000000743,False
A2RVG8Y97DE0GM,prim,2,15-2,15.0,2000.0,1.0,6390.4000000003725,False
A2RVG8Y97DE0GM,prim,2,15-2,15.0,2000.0,2.0,14652.60000000149,False
A2RVG8Y97DE0GM,prim,2,15-2,15.0,2000.0,1.0,7825.200000001118,False
A2RVG8Y97DE0GM,prim,2,15-2,15.0,2000.0,1.0,3610.0999999996275,False
A2RVG8Y97DE0GM,prim,2,15-2,15.0,2000.0,1.0,18001.599999999627,False
A2RVG8Y97DE0GM,prim,2,15-2,15.0,2000.0,1.0,14521.60000000149,False
A2RVG8Y97DE0GM,prim,3,15-2,15.0,2000.0,1.0,4019.4000000059605,False
A2RVG8Y97DE0GM,prim,3,15-2,15.0,2000.0,1.0,0.0,True
A2RVG8Y97DE0GM,prim,3,15-2,15.0,2000.0,1.0,17533.20000000298,False
A2RVG8Y97DE0GM,prim,3,15-2,15.0,2000.0,1.0,6377.0999999940395,False
A2RVG8Y97DE0GM,prim,3,15-2,15.0,2000.0,1.0,11248.199999988079,False
A2RVG8Y97DE0GM,prim,3,15-2,15.0,2000.0,1.0,11681.89999999106,False
A2RVG8Y97DE0GM,prim,4,15-2,15.0,2000.0,1.0,0.0,True
A2RVG8Y97DE0GM,prim,4,15-2,15.0,2000.0,1.0,12469.5,False
A2RVG8Y97DE0GM,prim,4,15-2,15.0,2000.0,1.0,8745.699999809265,False
A2RVG8Y97DE0GM,prim,4,15-2,15.0,2000.0,1.0,2243.4999997615814,False
A2RVG8Y97DE0GM,prim,4,15-2,15.0,2000.0,1.0,8312.999999761581,False
A2RVG8Y97DE0GM,prim,4,15-2,15.0,2000.0,1.0,9153.099999904633,False
A2RVG8Y97DE0GM,prim,4,15-2,15.0,2000.0,1.0,5854.799999952316,False
A2RVG8Y97DE0GM,prim,4,15-2,15.0,2000.0,1.0,13735.70000004768,False
A2RWLFIP23FZA7,prim,1,20-1,20.0,1000.0,1.0,8997.999999999069,False
A2RWLFIP23FZA7,prim,1,20-1,20.0,1000.0,1.0,2697.0999999996275,False
A2RWLFIP23FZA7,prim,1,20-1,20.0,1000.0,2.0,3968.699999999255,False
A2RWLFIP23FZA7,prim,1,20-1,20.0,1000.0,1.0,1567.699999999255,False
A2RWLFIP23FZA7,prim,1,20-1,20.0,1000.0,1.0,4427.0,False
A2RWLFIP23FZA7,prim,1,20-1,20.0,1000.0,1.0,3351.899999999441,False
A2RWLFIP23FZA7,prim,1,20-1,20.0,1000.0,1.0,5993.399999999441,False
A2RWLFIP23FZA7,prim,1,20-1,20.0,1000.0,1.0,5602.699999999255,False
A2RWLFIP23FZA7,prim,1,20-1,20.0,1000.0,2.0,0.0,True
A2RWLFIP23FZA7,prim,1,20-1,20.0,1000.0,4.0,1399.2999999988833,False
A2RWLFIP23FZA7,prim,2,20-1,20.0,1000.0,1.0,567.8999999985103,False
A2RWLFIP23FZA7,prim,2,20-1,20.0,1000.0,19.0,3513.6999999992554,False
A2RWLFIP23FZA7,prim,2,20-1,20.0,1000.0,18.0,0.0,True
A2RWLFIP23FZA7,prim,2,20-1,20.0,1000.0,4.0,7311.29999999702,False
A2RWLFIP23FZA7,prim,2,20-1,20.0,1000.0,3.0,1705.0999999977653,False
A2RWLFIP23FZA7,prim,2,20-1,20.0,1000.0,1.0,3003.6999999992554,False
A2RWLFIP23FZA7,prim,2,20-1,20.0,1000.0,1.0,5531.79999999702,False
A2RWLFIP23FZA7,prim,2,20-1,20.0,1000.0,1.0,6656.599999997763,False
A2RWLFIP23FZA7,prim,2,20-1,20.0,1000.0,1.0,4785.79999999702,False
A2RWLFIP23FZA7,prim,2,20-1,20.0,1000.0,1.0,8946.39999999851,False
A2RWLFIP23FZA7,prim,2,20-1,20.0,1000.0,1.0,4475.599999997765,False
A2RWLFIP23FZA7,prim,3,20-1,20.0,1000.0,5.0,0.0,True
A2RWLFIP23FZA7,prim,3,20-1,20.0,1000.0,1.0,13147.499999996275,False
A2RWLFIP23FZA7,prim,3,20-1,20.0,1000.0,1.0,7550.099999997765,False
A2RWLFIP23FZA7,prim,3,20-1,20.0,1000.0,20.0,6109.79999999702,False
A2RWLFIP23FZA7,prim,3,20-1,20.0,1000.0,1.0,8095.399999998512,False
A2RWLFIP23FZA7,prim,3,20-1,20.0,1000.0,2.0,8945.899999998512,False
A2RWLFIP23FZA7,prim,3,20-1,20.0,1000.0,1.0,8374.79999999702,False
A2RWLFIP23FZA7,prim,3,20-1,20.0,1000.0,1.0,5569.10000000149,False
A2RWLFIP23FZA7,prim,3,20-1,20.0,1000.0,4.0,7382.699999999255,False
A2RWLFIP23FZA7,prim,3,20-1,20.0,1000.0,1.0,13015.599999997765,False
A2RWLFIP23FZA7,prim,4,20-1,20.0,1000.0,20.0,0.0,True
A2RWLFIP23FZA7,prim,4,20-1,20.0,1000.0,1.0,5773.79999999702,False
A2RWLFIP23FZA7,prim,4,20-1,20.0,1000.0,19.0,2859.39999999851,False
A2RWLFIP23FZA7,prim,4,20-1,20.0,1000.0,1.0,4500.0,False
A2RWLFIP23FZA7,prim,4,20-1,20.0,1000.0,5.0,4112.499999996275,False
A2RWLFIP23FZA7,prim,4,20-1,20.0,1000.0,1.0,8199.599999997765,False
A2RWLFIP23FZA7,prim,4,20-1,20.0,1000.0,19.0,2960.39999999851,False
A2RWLFIP23FZA7,prim,4,20-1,20.0,1000.0,19.0,1709.0999999977648,False
A2RWLFIP23FZA7,prim,4,20-1,20.0,1000.0,20.0,2495.099999997765,False
A2RWLFIP23FZA7,prim,4,20-1,20.0,1000.0,1.0,2964.89999999851,False
A2SBZCFAVT83GN,rec,1,20-1,20.0,1000.0,19.0,2728.0,False
A2SBZCFAVT83GN,rec,1,20-1,20.0,1000.0,19.0,914.0,False
A2SBZCFAVT83GN,rec,1,20-1,20.0,1000.0,9.0,1501.0,False
A2SBZCFAVT83GN,rec,1,20-1,20.0,1000.0,20.0,2128.0,False
A2SBZCFAVT83GN,rec,1,20-1,20.0,1000.0,20.0,72.0,False
A2SBZCFAVT83GN,rec,1,20-1,20.0,1000.0,20.0,211.0,False
A2SBZCFAVT83GN,rec,1,20-1,20.0,1000.0,20.0,1645.0,False
A2SBZCFAVT83GN,rec,1,20-1,20.0,1000.0,20.0,766.0,False
A2SBZCFAVT83GN,rec,1,20-1,20.0,1000.0,20.0,977.0,False
A2SBZCFAVT83GN,rec,1,20-1,20.0,1000.0,20.0,639.0,False
A2SBZCFAVT83GN,rec,1,20-1,20.0,1000.0,20.0,212.0,False
A2SBZCFAVT83GN,rec,1,20-1,20.0,1000.0,19.0,0.0,True
A2SBZCFAVT83GN,rec,2,20-1,20.0,1000.0,19.0,258.0,False
A2SBZCFAVT83GN,rec,2,20-1,20.0,1000.0,18.0,10310.0,False
A2SBZCFAVT83GN,rec,2,20-1,20.0,1000.0,18.0,1106.0,False
A2SBZCFAVT83GN,rec,2,20-1,20.0,1000.0,20.0,1736.0,False
A2SBZCFAVT83GN,rec,2,20-1,20.0,1000.0,20.0,586.0,False
A2SBZCFAVT83GN,rec,2,20-1,20.0,1000.0,19.0,637.0,False
A2SBZCFAVT83GN,rec,2,20-1,20.0,1000.0,19.0,2269.0,False
A2SBZCFAVT83GN,rec,2,20-1,20.0,1000.0,20.0,0.0,True
A2SBZCFAVT83GN,rec,2,20-1,20.0,1000.0,20.0,388.0,False
A2SBZCFAVT83GN,rec,2,20-1,20.0,1000.0,19.0,551.0,False
A2SBZCFAVT83GN,rec,2,20-1,20.0,1000.0,20.0,529.0,False
A2SBZCFAVT83GN,rec,3,20-1,20.0,1000.0,18.0,0.0,True
A2SBZCFAVT83GN,rec,3,20-1,20.0,1000.0,19.0,2052.0,False
A2SBZCFAVT83GN,rec,3,20-1,20.0,1000.0,19.0,1298.0,False
A2SBZCFAVT83GN,rec,3,20-1,20.0,1000.0,20.0,2160.0,False
A2SBZCFAVT83GN,rec,3,20-1,20.0,1000.0,19.0,2028.0,False
A2SBZCFAVT83GN,rec,3,20-1,20.0,1000.0,19.0,1259.0,False
A2SBZCFAVT83GN,rec,3,20-1,20.0,1000.0,19.0,2683.0,False
A2SBZCFAVT83GN,rec,3,20-1,20.0,1000.0,20.0,3018.0,False
A2SBZCFAVT83GN,rec,3,20-1,20.0,1000.0,17.0,1991.0,False
A2SBZCFAVT83GN,rec,3,20-1,20.0,1000.0,19.0,3251.0,False
A2SBZCFAVT83GN,rec,3,20-1,20.0,1000.0,19.0,2258.0,False
A2SBZCFAVT83GN,rec,3,20-1,20.0,1000.0,18.0,1132.0,False
A2SQGKP2REXOTN,prim,1,20-1,20.0,1000.0,1.0,2663.0,False
A2SQGKP2REXOTN,prim,1,20-1,20.0,1000.0,1.0,3688.0,False
A2SQGKP2REXOTN,prim,1,20-1,20.0,1000.0,18.0,0.0,True
A2SQGKP2REXOTN,prim,1,20-1,20.0,1000.0,1.0,2493.0,False
A2SQGKP2REXOTN,prim,1,20-1,20.0,1000.0,1.0,5215.0,False
A2SQGKP2REXOTN,prim,1,20-1,20.0,1000.0,1.0,6895.0,False
A2SQGKP2REXOTN,prim,1,20-1,20.0,1000.0,1.0,1478.0,False
A2SQGKP2REXOTN,prim,1,20-1,20.0,1000.0,1.0,2174.0,False
A2SQGKP2REXOTN,prim,1,20-1,20.0,1000.0,2.0,7971.0,False
A2SQGKP2REXOTN,prim,1,20-1,20.0,1000.0,1.0,3858.0,False
A2SQGKP2REXOTN,prim,1,20-1,20.0,1000.0,1.0,1078.0,False
A2SQGKP2REXOTN,prim,2,20-1,20.0,1000.0,1.0,0.0,True
A2SQGKP2REXOTN,prim,2,20-1,20.0,1000.0,1.0,10055.0,False
A2SQGKP2REXOTN,prim,2,20-1,20.0,1000.0,2.0,383.0,False
A2SQGKP2REXOTN,prim,2,20-1,20.0,1000.0,1.0,5685.0,False
A2SQGKP2REXOTN,prim,2,20-1,20.0,1000.0,1.0,2747.0,False
A2SQGKP2REXOTN,prim,2,20-1,20.0,1000.0,1.0,1284.0,False
A2SQGKP2REXOTN,prim,2,20-1,20.0,1000.0,1.0,999.0,False
A2SQGKP2REXOTN,prim,2,20-1,20.0,1000.0,1.0,4500.0,False
A2SQGKP2REXOTN,prim,2,20-1,20.0,1000.0,1.0,864.0,False
A2SQGKP2REXOTN,prim,3,20-1,20.0,1000.0,3.0,3549.0,False
A2SQGKP2REXOTN,prim,3,20-1,20.0,1000.0,1.0,2372.0,False
A2SQGKP2REXOTN,prim,3,20-1,20.0,1000.0,1.0,0.0,True
A2SQGKP2REXOTN,prim,3,20-1,20.0,1000.0,1.0,3528.0,False
A2SQGKP2REXOTN,prim,3,20-1,20.0,1000.0,3.0,2509.0,False
A2SQGKP2REXOTN,prim,3,20-1,20.0,1000.0,1.0,2901.0,False
A2SQGKP2REXOTN,prim,3,20-1,20.0,1000.0,1.0,16112.0,False
A2SQGKP2REXOTN,prim,3,20-1,20.0,1000.0,1.0,1209.0,False
A2SQGKP2REXOTN,prim,3,20-1,20.0,1000.0,2.0,3626.0,False
A2SQGKP2REXOTN,prim,3,20-1,20.0,1000.0,2.0,2078.0,False
A2SQGKP2REXOTN,prim,3,20-1,20.0,1000.0,1.0,4256.0,False
A2SQTRNQWDLU4F,ns,1,20-1,20.0,1000.0,17.0,467.0,False
A2SQTRNQWDLU4F,ns,1,20-1,20.0,1000.0,19.0,1313.0,False
A2SQTRNQWDLU4F,ns,1,20-1,20.0,1000.0,1.0,1254.0,False
A2SQTRNQWDLU4F,ns,1,20-1,20.0,1000.0,5.0,1210.0,False
A2SQTRNQWDLU4F,ns,1,20-1,20.0,1000.0,5.0,2055.0,False
A2SQTRNQWDLU4F,ns,1,20-1,20.0,1000.0,2.0,4457.0,False
A2SQTRNQWDLU4F,ns,1,20-1,20.0,1000.0,1.0,2815.0,False
A2SQTRNQWDLU4F,ns,1,20-1,20.0,1000.0,4.0,73.0,False
A2SQTRNQWDLU4F,ns,1,20-1,20.0,1000.0,1.0,0.0,True
A2SQTRNQWDLU4F,ns,1,20-1,20.0,1000.0,2.0,730.0,False
A2SQTRNQWDLU4F,ns,2,20-1,20.0,1000.0,2.0,0.0,True
A2SQTRNQWDLU4F,ns,2,20-1,20.0,1000.0,2.0,4646.0,False
A2SQTRNQWDLU4F,ns,2,20-1,20.0,1000.0,5.0,6373.0,False
A2SQTRNQWDLU4F,ns,2,20-1,20.0,1000.0,6.0,8585.0,False
A2SQTRNQWDLU4F,ns,2,20-1,20.0,1000.0,1.0,467.0,False
A2SQTRNQWDLU4F,ns,2,20-1,20.0,1000.0,4.0,4353.0,False
A2SQTRNQWDLU4F,ns,2,20-1,20.0,1000.0,4.0,7410.0,False
A2SQTRNQWDLU4F,ns,2,20-1,20.0,1000.0,5.0,11900.0,False
A2SQTRNQWDLU4F,ns,2,20-1,20.0,1000.0,2.0,4662.0,False
A2SQTRNQWDLU4F,ns,2,20-1,20.0,1000.0,6.0,4947.0,False
A2SSY7MHPDQVUS,prim,1,20-2,20.0,2000.0,1.0,9706.700000047684,False
A2SSY7MHPDQVUS,prim,1,20-2,20.0,2000.0,1.0,420.60000014305115,False
A2SSY7MHPDQVUS,prim,1,20-2,20.0,2000.0,1.0,4121.800000071526,False
A2SSY7MHPDQVUS,prim,1,20-2,20.0,2000.0,1.0,0.0,True
A2SSY7MHPDQVUS,prim,1,20-2,20.0,2000.0,1.0,919.5000001192093,False
A2SSY7MHPDQVUS,prim,1,20-2,20.0,2000.0,2.0,1059.5000001192093,False
A2SSY7MHPDQVUS,prim,1,20-2,20.0,2000.0,1.0,3527.8000000715256,False
A2SSY7MHPDQVUS,prim,1,20-2,20.0,2000.0,13.0,2098.2000000476837,False
A2SSY7MHPDQVUS,prim,1,20-2,20.0,2000.0,1.0,6614.0,False
A2SSY7MHPDQVUS,prim,1,20-2,20.0,2000.0,1.0,171.10000002384186,False
A2SSY7MHPDQVUS,prim,2,20-2,20.0,2000.0,1.0,0.0,True
A2SSY7MHPDQVUS,prim,2,20-2,20.0,2000.0,2.0,1041.2999999523163,False
A2SSY7MHPDQVUS,prim,2,20-2,20.0,2000.0,1.0,1705.0,False
A2SSY7MHPDQVUS,prim,2,20-2,20.0,2000.0,1.0,4263.900000095367,False
A2SSY7MHPDQVUS,prim,2,20-2,20.0,2000.0,1.0,1353.0999999046326,False
A2SSY7MHPDQVUS,prim,2,20-2,20.0,2000.0,1.0,5391.099999904633,False
A2SSY7MHPDQVUS,prim,2,20-2,20.0,2000.0,2.0,1793.5999999046326,False
A2SSY7MHPDQVUS,prim,2,20-2,20.0,2000.0,1.0,1286.8000001907349,False
A2SSY7MHPDQVUS,prim,2,20-2,20.0,2000.0,1.0,1246.0,False
A2SSY7MHPDQVUS,prim,2,20-2,20.0,2000.0,2.0,1613.0,False
A2SSY7MHPDQVUS,prim,2,20-2,20.0,2000.0,1.0,3325.5999999046326,False
A2SSY7MHPDQVUS,prim,2,20-2,20.0,2000.0,1.0,1275.5999999046326,False
A2SWQM5X54P1O5,ns,1,20-1,20.0,1000.0,18.0,0.0,True
A2SWQM5X54P1O5,ns,1,20-1,20.0,1000.0,18.0,2565.599999964237,False
A2SWQM5X54P1O5,ns,1,20-1,20.0,1000.0,17.0,2323.7999999523163,False
A2SWQM5X54P1O5,ns,1,20-1,20.0,1000.0,17.0,2296.9999999403954,False
A2SWQM5X54P1O5,ns,1,20-1,20.0,1000.0,16.0,2438.4999999403954,False
A2SWQM5X54P1O5,ns,1,20-1,20.0,1000.0,17.0,2821.0,False
A2SWQM5X54P1O5,ns,1,20-1,20.0,1000.0,18.0,5917.100000023844,False
A2SWQM5X54P1O5,ns,1,20-1,20.0,1000.0,18.0,1962.9000000357628,False
A2SWQM5X54P1O5,ns,1,20-1,20.0,1000.0,18.0,4458.800000011921,False
A2SWQM5X54P1O5,ns,1,20-1,20.0,1000.0,17.0,2704.800000011921,False
A2SWQM5X54P1O5,ns,1,20-1,20.0,1000.0,18.0,3612.2999999523163,False
A2SWQM5X54P1O5,ns,1,20-1,20.0,1000.0,17.0,1528.300000011921,False
A2SWQM5X54P1O5,ns,2,20-1,20.0,1000.0,17.0,925.0,False
A2SWQM5X54P1O5,ns,2,20-1,20.0,1000.0,17.0,6559.100000023842,False
A2SWQM5X54P1O5,ns,2,20-1,20.0,1000.0,16.0,6925.0,False
A2SWQM5X54P1O5,ns,2,20-1,20.0,1000.0,16.0,1264.8999999761581,False
A2SWQM5X54P1O5,ns,2,20-1,20.0,1000.0,17.0,3517.100000023842,False
A2SWQM5X54P1O5,ns,2,20-1,20.0,1000.0,14.0,1402.7000000476837,False
A2SWQM5X54P1O5,ns,2,20-1,20.0,1000.0,17.0,2128.800000011921,False
A2SWQM5X54P1O5,ns,2,20-1,20.0,1000.0,20.0,2497.2999999523163,False
A2SWQM5X54P1O5,ns,2,20-1,20.0,1000.0,18.0,14.5,False
A2SWQM5X54P1O5,ns,2,20-1,20.0,1000.0,18.0,634.7000000476837,False
A2SWQM5X54P1O5,ns,2,20-1,20.0,1000.0,17.0,0.0,True
A2SWQM5X54P1O5,ns,3,20-1,20.0,1000.0,19.0,0.0,True
A2SWQM5X54P1O5,ns,3,20-1,20.0,1000.0,17.0,2176.800000071525,False
A2SWQM5X54P1O5,ns,3,20-1,20.0,1000.0,15.0,2631.400000095367,False
A2SWQM5X54P1O5,ns,3,20-1,20.0,1000.0,15.0,2164.6000001430507,False
A2SWQM5X54P1O5,ns,3,20-1,20.0,1000.0,19.0,3338.900000095367,False
A2SWQM5X54P1O5,ns,3,20-1,20.0,1000.0,16.0,1374.6000001430507,False
A2SWQM5X54P1O5,ns,3,20-1,20.0,1000.0,14.0,1402.5000001192088,False
A2SWQM5X54P1O5,ns,3,20-1,20.0,1000.0,18.0,1158.2000001668926,False
A2SWQM5X54P1O5,ns,3,20-1,20.0,1000.0,17.0,1328.5000001192088,False
A2SWQM5X54P1O5,ns,3,20-1,20.0,1000.0,17.0,1744.6000000238414,False
A2SWQM5X54P1O5,ns,3,20-1,20.0,1000.0,15.0,3478.6000001430507,False
A2SWQM5X54P1O5,ns,3,20-1,20.0,1000.0,13.0,1549.8000000715251,False
A2SWQM5X54P1O5,ns,4,20-1,20.0,1000.0,14.0,0.0,True
A2SWQM5X54P1O5,ns,4,20-1,20.0,1000.0,14.0,1787.3999996185303,False
A2SWQM5X54P1O5,ns,4,20-1,20.0,1000.0,15.0,644.3999996185303,False
A2SWQM5X54P1O5,ns,4,20-1,20.0,1000.0,16.0,1615.5999999046326,False
A2SWQM5X54P1O5,ns,4,20-1,20.0,1000.0,15.0,1851.1999998092651,False
A2SWQM5X54P1O5,ns,4,20-1,20.0,1000.0,16.0,910.3999998569489,False
A2SWQM5X54P1O5,ns,4,20-1,20.0,1000.0,16.0,453.3999998569493,False
A2SWQM5X54P1O5,ns,4,20-1,20.0,1000.0,14.0,2404.9999997615814,False
A2SWQM5X54P1O5,ns,4,20-1,20.0,1000.0,17.0,167.79999995231628,False
A2SWQM5X54P1O5,ns,4,20-1,20.0,1000.0,17.0,1962.9999997615814,False
A2SWQM5X54P1O5,ns,4,20-1,20.0,1000.0,17.0,1135.5999999046326,False
A2SWQM5X54P1O5,ns,4,20-1,20.0,1000.0,18.0,2019.2999999523163,False
A2TG5ESEOPXAHI,prim,1,20-1,20.0,1000.0,1.0,0.0,True
A2TG5ESEOPXAHI,prim,1,20-1,20.0,1000.0,2.0,8940.900000095367,False
A2TG5ESEOPXAHI,prim,1,20-1,20.0,1000.0,1.0,15853.100000023845,False
A2TG5ESEOPXAHI,prim,1,20-1,20.0,1000.0,1.0,5054.800000071526,False
A2TG5ESEOPXAHI,prim,1,20-1,20.0,1000.0,1.0,14719.100000023845,False
A2TG5ESEOPXAHI,prim,1,20-1,20.0,1000.0,1.0,22917.899999976158,False
A2TG5ESEOPXAHI,prim,1,20-1,20.0,1000.0,1.0,4982.700000047684,False
A2TG5ESEOPXAHI,prim,1,20-1,20.0,1000.0,1.0,5306.5,False
A2TG5ESEOPXAHI,prim,1,20-1,20.0,1000.0,1.0,4020.399999976158,False
A2TG5ESEOPXAHI,prim,1,20-1,20.0,1000.0,3.0,5608.300000071526,False
A2TG5ESEOPXAHI,prim,1,20-1,20.0,1000.0,1.0,5146.500000119209,False
A2TG5ESEOPXAHI,prim,2,20-1,20.0,1000.0,1.0,0.0,True
A2TG5ESEOPXAHI,prim,2,20-1,20.0,1000.0,1.0,9144.300000071526,False
A2TG5ESEOPXAHI,prim,2,20-1,20.0,1000.0,1.0,6337.700000047684,False
A2TG5ESEOPXAHI,prim,2,20-1,20.0,1000.0,3.0,6085.800000071526,False
A2TG5ESEOPXAHI,prim,2,20-1,20.0,1000.0,1.0,6970.5,False
A2TG5ESEOPXAHI,prim,2,20-1,20.0,1000.0,1.0,13685.5,False
A2TG5ESEOPXAHI,prim,2,20-1,20.0,1000.0,1.0,28098.799999952324,False
A2TG5ESEOPXAHI,prim,3,20-1,20.0,1000.0,1.0,0.0,True
A2TG5ESEOPXAHI,prim,3,20-1,20.0,1000.0,1.0,2489.600000023842,False
A2TG5ESEOPXAHI,prim,3,20-1,20.0,1000.0,1.0,4093.2999999523163,False
A2TG5ESEOPXAHI,prim,3,20-1,20.0,1000.0,1.0,4176.0,False
A2TG5ESEOPXAHI,prim,3,20-1,20.0,1000.0,1.0,37511.39999985695,False
A2TG5ESEOPXAHI,prim,3,20-1,20.0,1000.0,1.0,5445.399999976158,False
A2TG5ESEOPXAHI,prim,4,20-1,20.0,1000.0,3.0,0.0,True
A2TG5ESEOPXAHI,prim,4,20-1,20.0,1000.0,1.0,7685.5,False
A2TG5ESEOPXAHI,prim,4,20-1,20.0,1000.0,1.0,8191.400000095367,False
A2TG5ESEOPXAHI,prim,4,20-1,20.0,1000.0,1.0,7793.600000023842,False
A2TG5ESEOPXAHI,prim,4,20-1,20.0,1000.0,1.0,3079.9000000953674,False
A2TG5ESEOPXAHI,prim,4,20-1,20.0,1000.0,16.0,8571.0,False
A2TG5ESEOPXAHI,prim,4,20-1,20.0,1000.0,1.0,18597.600000023842,False
A2TUYGXQ15U6GO,prim,1,40-1,40.0,1000.0,2.0,0.0,True
A2TUYGXQ15U6GO,prim,1,40-1,40.0,1000.0,3.0,1386.0,False
A2TUYGXQ15U6GO,prim,1,40-1,40.0,1000.0,2.0,1942.0,False
A2TUYGXQ15U6GO,prim,1,40-1,40.0,1000.0,1.0,262.0,False
A2TUYGXQ15U6GO,prim,1,40-1,40.0,1000.0,1.0,343.0,False
A2TUYGXQ15U6GO,prim,1,40-1,40.0,1000.0,1.0,318.0,False
A2TUYGXQ15U6GO,prim,1,40-1,40.0,1000.0,3.0,844.0,False
A2TUYGXQ15U6GO,prim,2,40-1,40.0,1000.0,7.0,0.0,True
A2TUYGXQ15U6GO,prim,2,40-1,40.0,1000.0,2.0,6093.0,False
A2TUYGXQ15U6GO,prim,2,40-1,40.0,1000.0,1.0,4992.0,False
A2TUYGXQ15U6GO,prim,2,40-1,40.0,1000.0,2.0,2170.0,False
A2TUYGXQ15U6GO,prim,2,40-1,40.0,1000.0,2.0,6760.0,False
A2TUYGXQ15U6GO,prim,2,40-1,40.0,1000.0,1.0,4132.0,False
A2TUYGXQ15U6GO,prim,2,40-1,40.0,1000.0,1.0,2108.0,False
A2TUYGXQ15U6GO,prim,2,40-1,40.0,1000.0,1.0,381.0,False
A2TUYGXQ15U6GO,prim,3,40-1,40.0,1000.0,1.0,3808.0,False
A2TUYGXQ15U6GO,prim,3,40-1,40.0,1000.0,1.0,3723.0,False
A2TUYGXQ15U6GO,prim,3,40-1,40.0,1000.0,1.0,5128.0,False
A2TUYGXQ15U6GO,prim,3,40-1,40.0,1000.0,1.0,7356.0,False
A2TUYGXQ15U6GO,prim,3,40-1,40.0,1000.0,1.0,5868.0,False
A2TUYGXQ15U6GO,prim,3,40-1,40.0,1000.0,1.0,0.0,True
A2TUYGXQ15U6GO,prim,3,40-1,40.0,1000.0,2.0,5954.0,False
A2TUYGXQ15U6GO,prim,3,40-1,40.0,1000.0,2.0,3500.0,False
A2TUYGXQ15U6GO,prim,3,40-1,40.0,1000.0,38.0,2796.0,False
A2TUYGXQ15U6GO,prim,3,40-1,40.0,1000.0,39.0,4722.0,False
A2UEVNT8VQD1SA,ns,1,40-1,40.0,1000.0,1.0,11953.60000000149,False
A2UEVNT8VQD1SA,ns,1,40-1,40.0,1000.0,1.0,5715.500000003725,False
A2UEVNT8VQD1SA,ns,1,40-1,40.0,1000.0,2.0,6102.600000001488,False
A2UEVNT8VQD1SA,ns,1,40-1,40.0,1000.0,3.0,10199.10000000149,False
A2UEVNT8VQD1SA,ns,1,40-1,40.0,1000.0,1.0,6018.699999999255,False
A2UEVNT8VQD1SA,ns,1,40-1,40.0,1000.0,1.0,5229.000000000002,False
A2UEVNT8VQD1SA,ns,1,40-1,40.0,1000.0,39.0,0.0,True
A2UEVNT8VQD1SA,ns,1,40-1,40.0,1000.0,1.0,10562.800000000745,False
A2UEVNT8VQD1SA,ns,1,40-1,40.0,1000.0,38.0,162.60000000149012,False
A2UEVNT8VQD1SA,ns,1,40-1,40.0,1000.0,1.0,5973.20000000298,False
A2UEVNT8VQD1SA,ns,2,40-1,40.0,1000.0,1.0,3533.300000011919,False
A2UEVNT8VQD1SA,ns,2,40-1,40.0,1000.0,1.0,9014.59999999404,False
A2UEVNT8VQD1SA,ns,2,40-1,40.0,1000.0,40.0,10130.39999999106,False
A2UEVNT8VQD1SA,ns,2,40-1,40.0,1000.0,1.0,5081.5,False
A2UEVNT8VQD1SA,ns,2,40-1,40.0,1000.0,7.0,9145.5,False
A2UEVNT8VQD1SA,ns,2,40-1,40.0,1000.0,40.0,3287.2999999970198,False
A2UEVNT8VQD1SA,ns,2,40-1,40.0,1000.0,40.0,7805.20000000298,False
A2UEVNT8VQD1SA,ns,2,40-1,40.0,1000.0,34.0,2655.7000000029802,False
A2UEVNT8VQD1SA,ns,2,40-1,40.0,1000.0,34.0,3270.2999999970198,False
A2UEVNT8VQD1SA,ns,2,40-1,40.0,1000.0,40.0,0.0,True
A2UEVNT8VQD1SA,ns,2,40-1,40.0,1000.0,40.0,820.0,False
A2UEVNT8VQD1SA,ns,3,40-1,40.0,1000.0,32.0,2092.999999999999,False
A2UEVNT8VQD1SA,ns,3,40-1,40.0,1000.0,37.0,2484.2999999821186,False
A2UEVNT8VQD1SA,ns,3,40-1,40.0,1000.0,40.0,2788.2999999821186,False
A2UEVNT8VQD1SA,ns,3,40-1,40.0,1000.0,40.0,0.0,True
A2UEVNT8VQD1SA,ns,3,40-1,40.0,1000.0,40.0,3050.0999999940395,False
A2UEVNT8VQD1SA,ns,3,40-1,40.0,1000.0,1.0,2632.800000011921,False
A2UEVNT8VQD1SA,ns,3,40-1,40.0,1000.0,39.0,2519.5999999940395,False
A2UEVNT8VQD1SA,ns,3,40-1,40.0,1000.0,36.0,6976.5,False
A2UEVNT8VQD1SA,ns,3,40-1,40.0,1000.0,40.0,3421.7999999821186,False
A2UEVNT8VQD1SA,ns,3,40-1,40.0,1000.0,34.0,2787.4000000059605,False
A2UEVNT8VQD1SA,ns,3,40-1,40.0,1000.0,39.0,2038.499999999999,False
A2UEVNT8VQD1SA,ns,3,40-1,40.0,1000.0,39.0,3892.4999999701977,False
A2UEVNT8VQD1SA,ns,4,40-1,40.0,1000.0,5.0,3713.4000000059586,False
A2UEVNT8VQD1SA,ns,4,40-1,40.0,1000.0,37.0,3127.699999988079,False
A2UEVNT8VQD1SA,ns,4,40-1,40.0,1000.0,30.0,0.0,True
A2UEVNT8VQD1SA,ns,4,40-1,40.0,1000.0,32.0,2990.599999964237,False
A2UEVNT8VQD1SA,ns,4,40-1,40.0,1000.0,34.0,3377.199999988079,False
A2UEVNT8VQD1SA,ns,4,40-1,40.0,1000.0,40.0,5411.400000005959,False
A2UEVNT8VQD1SA,ns,4,40-1,40.0,1000.0,35.0,1554.8999999761581,False
A2UEVNT8VQD1SA,ns,4,40-1,40.0,1000.0,34.0,2785.5999999940386,False
A2UEVNT8VQD1SA,ns,4,40-1,40.0,1000.0,40.0,13038.0,False
A2UEVNT8VQD1SA,ns,4,40-1,40.0,1000.0,38.0,1145.0,False
A2UEVNT8VQD1SA,ns,4,40-1,40.0,1000.0,40.0,264.40000000596046,False
A2UJ9GDNVPX99C,prim,1,15-2,15.0,2000.0,1.0,1710.0,False
A2UJ9GDNVPX99C,prim,1,15-2,15.0,2000.0,2.0,1471.0,False
A2UJ9GDNVPX99C,prim,1,15-2,15.0,2000.0,1.0,2095.0,False
A2UJ9GDNVPX99C,prim,1,15-2,15.0,2000.0,1.0,0.0,True
A2UJ9GDNVPX99C,prim,1,15-2,15.0,2000.0,5.0,6823.0,False
A2UJ9GDNVPX99C,prim,1,15-2,15.0,2000.0,1.0,864.0,False
A2UJ9GDNVPX99C,prim,1,15-2,15.0,2000.0,1.0,4827.0,False
A2UJ9GDNVPX99C,prim,1,15-2,15.0,2000.0,1.0,225.0,False
A2UJ9GDNVPX99C,prim,2,15-2,15.0,2000.0,1.0,12416.0,False
A2UJ9GDNVPX99C,prim,2,15-2,15.0,2000.0,1.0,2069.0,False
A2UJ9GDNVPX99C,prim,2,15-2,15.0,2000.0,2.0,923.0,False
A2UJ9GDNVPX99C,prim,2,15-2,15.0,2000.0,1.0,3680.0,False
A2UJ9GDNVPX99C,prim,2,15-2,15.0,2000.0,1.0,525.0,False
A2UJ9GDNVPX99C,prim,2,15-2,15.0,2000.0,1.0,577.0,False
A2UJ9GDNVPX99C,prim,2,15-2,15.0,2000.0,1.0,29.0,False
A2UJ9GDNVPX99C,prim,2,15-2,15.0,2000.0,2.0,0.0,True
A2UJ9GDNVPX99C,prim,2,15-2,15.0,2000.0,1.0,4510.0,False
A2UJ9GDNVPX99C,prim,3,15-2,15.0,2000.0,1.0,0.0,True
A2UJ9GDNVPX99C,prim,3,15-2,15.0,2000.0,3.0,7080.0,False
A2UJ9GDNVPX99C,prim,3,15-2,15.0,2000.0,1.0,2693.0,False
A2UJ9GDNVPX99C,prim,3,15-2,15.0,2000.0,1.0,1938.0,False
A2UJ9GDNVPX99C,prim,3,15-2,15.0,2000.0,2.0,1833.0,False
A2UJ9GDNVPX99C,prim,3,15-2,15.0,2000.0,2.0,14572.0,False
A2UJ9GDNVPX99C,prim,3,15-2,15.0,2000.0,1.0,1632.0,False
A2UJ9GDNVPX99C,prim,3,15-2,15.0,2000.0,1.0,2000.0,False
A2UJ9GDNVPX99C,prim,4,15-2,15.0,2000.0,1.0,425.0,False
A2UJ9GDNVPX99C,prim,4,15-2,15.0,2000.0,2.0,205.0,False
A2UJ9GDNVPX99C,prim,4,15-2,15.0,2000.0,1.0,307.0,False
A2UJ9GDNVPX99C,prim,4,15-2,15.0,2000.0,1.0,3808.0,False
A2UJ9GDNVPX99C,prim,4,15-2,15.0,2000.0,3.0,85.0,False
A2UJ9GDNVPX99C,prim,4,15-2,15.0,2000.0,1.0,4994.0,False
A2UJ9GDNVPX99C,prim,4,15-2,15.0,2000.0,2.0,3647.0,False
A2UJ9GDNVPX99C,prim,4,15-2,15.0,2000.0,3.0,0.0,True
A2UX2W49R55PH4,prim,1,20-2,20.0,2000.0,1.0,5026.0,False
A2UX2W49R55PH4,prim,1,20-2,20.0,2000.0,2.0,1363.0,False
A2UX2W49R55PH4,prim,1,20-2,20.0,2000.0,2.0,12489.0,False
A2UX2W49R55PH4,prim,1,20-2,20.0,2000.0,1.0,2518.0,False
A2UX2W49R55PH4,prim,1,20-2,20.0,2000.0,1.0,7810.0,False
A2UX2W49R55PH4,prim,1,20-2,20.0,2000.0,3.0,11506.0,False
A2UX2W49R55PH4,prim,1,20-2,20.0,2000.0,15.0,0.0,True
A2UX2W49R55PH4,prim,1,20-2,20.0,2000.0,1.0,4246.0,False
A2UX2W49R55PH4,prim,1,20-2,20.0,2000.0,17.0,8218.0,False
A2UX2W49R55PH4,prim,2,20-2,20.0,2000.0,2.0,5406.0,False
A2UX2W49R55PH4,prim,2,20-2,20.0,2000.0,1.0,0.0,True
A2UX2W49R55PH4,prim,2,20-2,20.0,2000.0,2.0,3406.0,False
A2UX2W49R55PH4,prim,2,20-2,20.0,2000.0,3.0,3319.0,False
A2UX2W49R55PH4,prim,3,20-2,20.0,2000.0,1.0,4195.0,False
A2UX2W49R55PH4,prim,3,20-2,20.0,2000.0,1.0,3315.0,False
A2UX2W49R55PH4,prim,3,20-2,20.0,2000.0,1.0,2054.0,False
A2UX2W49R55PH4,prim,3,20-2,20.0,2000.0,4.0,6957.0,False
A2UX2W49R55PH4,prim,3,20-2,20.0,2000.0,1.0,15759.0,False
A2UX2W49R55PH4,prim,3,20-2,20.0,2000.0,20.0,13099.0,False
A2UX2W49R55PH4,prim,3,20-2,20.0,2000.0,19.0,48090.0,False
A2UX2W49R55PH4,prim,3,20-2,20.0,2000.0,18.0,5559.0,False
A2UX2W49R55PH4,prim,3,20-2,20.0,2000.0,1.0,5353.0,False
A2UX2W49R55PH4,prim,3,20-2,20.0,2000.0,19.0,0.0,True
A2UX2W49R55PH4,prim,4,20-2,20.0,2000.0,1.0,0.0,True
A2UX2W49R55PH4,prim,4,20-2,20.0,2000.0,2.0,1502.0,False
A2UX2W49R55PH4,prim,4,20-2,20.0,2000.0,1.0,21654.0,False
A2UX2W49R55PH4,prim,4,20-2,20.0,2000.0,1.0,8262.0,False
A2UX2W49R55PH4,prim,4,20-2,20.0,2000.0,19.0,1220.0,False
A2UX2W49R55PH4,prim,4,20-2,20.0,2000.0,5.0,324.0,False
A2UX2W49R55PH4,prim,4,20-2,20.0,2000.0,2.0,5263.0,False
A2UYZFH5VT5R3H,rec,1,15-2,15.0,2000.0,2.0,681.1999999880791,False
A2UYZFH5VT5R3H,rec,1,15-2,15.0,2000.0,15.0,0.0,True
A2UYZFH5VT5R3H,rec,1,15-2,15.0,2000.0,15.0,3685.2999999523163,False
A2UYZFH5VT5R3H,rec,1,15-2,15.0,2000.0,15.0,2592.5,False
A2UYZFH5VT5R3H,rec,1,15-2,15.0,2000.0,15.0,1767.9000000357628,False
A2UYZFH5VT5R3H,rec,1,15-2,15.0,2000.0,15.0,1657.699999988079,False
A2UYZFH5VT5R3H,rec,1,15-2,15.0,2000.0,10.0,4111.799999952316,False
A2UYZFH5VT5R3H,rec,1,15-2,15.0,2000.0,15.0,6427.89999997616,False
A2UYZFH5VT5R3H,rec,1,15-2,15.0,2000.0,15.0,66.09999996423721,False
A2UYZFH5VT5R3H,rec,1,15-2,15.0,2000.0,15.0,3140.0,False
A2UYZFH5VT5R3H,rec,1,15-2,15.0,2000.0,15.0,4514.0,False
A2UYZFH5VT5R3H,rec,1,15-2,15.0,2000.0,15.0,1018.8999999761581,False
A2UYZFH5VT5R3H,rec,2,15-2,15.0,2000.0,14.0,0.0,True
A2UYZFH5VT5R3H,rec,2,15-2,15.0,2000.0,13.0,2141.2000000476837,False
A2UYZFH5VT5R3H,rec,2,15-2,15.0,2000.0,15.0,9328.000000059606,False
A2UYZFH5VT5R3H,rec,2,15-2,15.0,2000.0,15.0,3805.800000011921,False
A2UYZFH5VT5R3H,rec,2,15-2,15.0,2000.0,15.0,5082.199999988079,False
A2UYZFH5VT5R3H,rec,2,15-2,15.0,2000.0,15.0,2337.699999988079,False
A2UYZFH5VT5R3H,rec,2,15-2,15.0,2000.0,14.0,7279.100000023842,False
A2UYZFH5VT5R3H,rec,2,15-2,15.0,2000.0,15.0,2795.5,False
A2UYZFH5VT5R3H,rec,2,15-2,15.0,2000.0,15.0,6362.5,False
A2UYZFH5VT5R3H,rec,2,15-2,15.0,2000.0,12.0,3435.399999976158,False
A2UYZFH5VT5R3H,rec,2,15-2,15.0,2000.0,14.0,5237.200000047684,False
A2UYZFH5VT5R3H,rec,2,15-2,15.0,2000.0,15.0,2541.300000011921,False
A2UYZFH5VT5R3H,rec,3,15-2,15.0,2000.0,13.0,0.0,True
A2UYZFH5VT5R3H,rec,3,15-2,15.0,2000.0,15.0,4904.799999952316,False
A2UYZFH5VT5R3H,rec,3,15-2,15.0,2000.0,15.0,6664.0,False
A2UYZFH5VT5R3H,rec,3,15-2,15.0,2000.0,15.0,5636.0,False
A2UYZFH5VT5R3H,rec,3,15-2,15.0,2000.0,14.0,8598.200000047684,False
A2UYZFH5VT5R3H,rec,3,15-2,15.0,2000.0,15.0,8365.899999976158,False
A2UYZFH5VT5R3H,rec,3,15-2,15.0,2000.0,13.0,6111.599999904633,False
A2UYZFH5VT5R3H,rec,3,15-2,15.0,2000.0,15.0,3272.0,False
A2UYZFH5VT5R3H,rec,3,15-2,15.0,2000.0,15.0,27581.10000002384,False
A2UYZFH5VT5R3H,rec,3,15-2,15.0,2000.0,15.0,7408.199999928474,False
A2UYZFH5VT5R3H,rec,3,15-2,15.0,2000.0,15.0,8482.299999952316,False
A2UYZFH5VT5R3H,rec,3,15-2,15.0,2000.0,15.0,28925.30000007153,False
A2UYZFH5VT5R3H,rec,4,15-2,15.0,2000.0,15.0,0.0,True
A2UYZFH5VT5R3H,rec,4,15-2,15.0,2000.0,14.0,5594.0,False
A2UYZFH5VT5R3H,rec,4,15-2,15.0,2000.0,15.0,8947.799999952314,False
A2UYZFH5VT5R3H,rec,4,15-2,15.0,2000.0,15.0,10332.099999964237,False
A2UYZFH5VT5R3H,rec,4,15-2,15.0,2000.0,15.0,6382.300000011921,False
A2UYZFH5VT5R3H,rec,4,15-2,15.0,2000.0,15.0,8666.999999999998,False
A2UYZFH5VT5R3H,rec,4,15-2,15.0,2000.0,14.0,3904.2999999523163,False
A2UYZFH5VT5R3H,rec,4,15-2,15.0,2000.0,15.0,4699.099999964237,False
A2UYZFH5VT5R3H,rec,4,15-2,15.0,2000.0,15.0,6304.39999997616,False
A2UYZFH5VT5R3H,rec,4,15-2,15.0,2000.0,15.0,2952.099999964237,False
A2UYZFH5VT5R3H,rec,4,15-2,15.0,2000.0,15.0,3228.800000011921,False
A2UYZFH5VT5R3H,rec,4,15-2,15.0,2000.0,15.0,3681.5,False
A2V6E7SGEU0EFD,ns,1,20-1,20.0,1000.0,19.0,2009.19999999553,False
A2V6E7SGEU0EFD,ns,1,20-1,20.0,1000.0,19.0,2840.69999999553,False
A2V6E7SGEU0EFD,ns,1,20-1,20.0,1000.0,19.0,235.60000000149057,False
A2V6E7SGEU0EFD,ns,1,20-1,20.0,1000.0,18.0,1212.2999999970202,False
A2V6E7SGEU0EFD,ns,1,20-1,20.0,1000.0,19.0,2170.29999999702,False
A2V6E7SGEU0EFD,ns,1,20-1,20.0,1000.0,17.0,2693.5000000000005,False
A2V6E7SGEU0EFD,ns,1,20-1,20.0,1000.0,19.0,0.0,True
A2V6E7SGEU0EFD,ns,1,20-1,20.0,1000.0,11.0,2888.69999999553,False
A2V6E7SGEU0EFD,ns,1,20-1,20.0,1000.0,14.0,1637.2999999970202,False
A2V6E7SGEU0EFD,ns,1,20-1,20.0,1000.0,20.0,2880.1000000014906,False
A2V6E7SGEU0EFD,ns,1,20-1,20.0,1000.0,9.0,4599.499999992549,False
A2V6E7SGEU0EFD,ns,1,20-1,20.0,1000.0,5.0,5087.69999999553,False
A2V6E7SGEU0EFD,ns,2,20-1,20.0,1000.0,18.0,1604.300000011921,False
A2V6E7SGEU0EFD,ns,2,20-1,20.0,1000.0,18.0,3576.800000011921,False
A2V6E7SGEU0EFD,ns,2,20-1,20.0,1000.0,17.0,547.4000000357628,False
A2V6E7SGEU0EFD,ns,2,20-1,20.0,1000.0,8.0,1858.1000000238419,False
A2V6E7SGEU0EFD,ns,2,20-1,20.0,1000.0,17.0,1403.400000005961,False
A2V6E7SGEU0EFD,ns,2,20-1,20.0,1000.0,17.0,1306.400000005961,False
A2V6E7SGEU0EFD,ns,2,20-1,20.0,1000.0,19.0,768.0999999940395,False
A2V6E7SGEU0EFD,ns,2,20-1,20.0,1000.0,17.0,367.60000002384186,False
A2V6E7SGEU0EFD,ns,2,20-1,20.0,1000.0,15.0,773.9000000059605,False
A2V6E7SGEU0EFD,ns,2,20-1,20.0,1000.0,14.0,1091.0000000298023,False
A2V6E7SGEU0EFD,ns,2,20-1,20.0,1000.0,16.0,318.5,False
A2V6E7SGEU0EFD,ns,2,20-1,20.0,1000.0,18.0,0.0,True
A2V6E7SGEU0EFD,ns,3,20-1,20.0,1000.0,15.0,0.0,True
A2V6E7SGEU0EFD,ns,3,20-1,20.0,1000.0,17.0,1354.6000000238419,False
A2V6E7SGEU0EFD,ns,3,20-1,20.0,1000.0,16.0,1552.199999988079,False
A2V6E7SGEU0EFD,ns,3,20-1,20.0,1000.0,17.0,338.69999998807907,False
A2V6E7SGEU0EFD,ns,3,20-1,20.0,1000.0,17.0,1076.6000000238419,False
A2V6E7SGEU0EFD,ns,3,20-1,20.0,1000.0,18.0,1039.7999999523163,False
A2V6E7SGEU0EFD,ns,3,20-1,20.0,1000.0,17.0,260.5,False
A2V6E7SGEU0EFD,ns,3,20-1,20.0,1000.0,18.0,3248.399999976158,False
A2V6E7SGEU0EFD,ns,3,20-1,20.0,1000.0,17.0,1366.300000011921,False
A2V6E7SGEU0EFD,ns,3,20-1,20.0,1000.0,15.0,263.2999999523163,False
A2V6E7SGEU0EFD,ns,3,20-1,20.0,1000.0,16.0,527.1000000238419,False
A2V6E7SGEU0EFD,ns,3,20-1,20.0,1000.0,16.0,1089.7000000476842,False
A2V6E7SGEU0EFD,ns,4,20-1,20.0,1000.0,17.0,0.0,True
A2V6E7SGEU0EFD,ns,4,20-1,20.0,1000.0,18.0,2075.4000000059596,False
A2V6E7SGEU0EFD,ns,4,20-1,20.0,1000.0,16.0,787.0,False
A2V6E7SGEU0EFD,ns,4,20-1,20.0,1000.0,16.0,1382.7000000029798,False
A2V6E7SGEU0EFD,ns,4,20-1,20.0,1000.0,18.0,1100.2000000029793,False
A2V6E7SGEU0EFD,ns,4,20-1,20.0,1000.0,17.0,304.1000000089398,False
A2V6E7SGEU0EFD,ns,4,20-1,20.0,1000.0,13.0,480.5,False
A2V6E7SGEU0EFD,ns,4,20-1,20.0,1000.0,17.0,1305.0000000149007,False
A2V6E7SGEU0EFD,ns,4,20-1,20.0,1000.0,16.0,3495.9000000208607,False
A2V6E7SGEU0EFD,ns,4,20-1,20.0,1000.0,17.0,1961.30000001192,False
A2V6E7SGEU0EFD,ns,4,20-1,20.0,1000.0,16.0,494.0,False
A2V6E7SGEU0EFD,ns,4,20-1,20.0,1000.0,17.0,344.50000001490025,False
A2VIKCIM9TZL22,rec,1,20-2,20.0,2000.0,11.0,0.0,True
A2VIKCIM9TZL22,rec,1,20-2,20.0,2000.0,20.0,1085.6000000238419,False
A2VIKCIM9TZL22,rec,1,20-2,20.0,2000.0,20.0,1102.0000000298023,False
A2VIKCIM9TZL22,rec,1,20-2,20.0,2000.0,6.0,1328.000000000001,False
A2VIKCIM9TZL22,rec,1,20-2,20.0,2000.0,20.0,467.5,False
A2VIKCIM9TZL22,rec,1,20-2,20.0,2000.0,18.0,1440.800000011921,False
A2VIKCIM9TZL22,rec,1,20-2,20.0,2000.0,20.0,583.3000000119209,False
A2VIKCIM9TZL22,rec,1,20-2,20.0,2000.0,18.0,1574.7000000178814,False
A2VIKCIM9TZL22,rec,1,20-2,20.0,2000.0,16.0,1020.1999999880795,False
A2VIKCIM9TZL22,rec,1,20-2,20.0,2000.0,17.0,460.69999998807907,False
A2VIKCIM9TZL22,rec,1,20-2,20.0,2000.0,19.0,1602.7999999821186,False
A2VIKCIM9TZL22,rec,1,20-2,20.0,2000.0,19.0,918.5000000000005,False
A2VIKCIM9TZL22,rec,2,20-2,20.0,2000.0,20.0,209.19999992847443,False
A2VIKCIM9TZL22,rec,2,20-2,20.0,2000.0,20.0,583.0,False
A2VIKCIM9TZL22,rec,2,20-2,20.0,2000.0,20.0,409.89999997615814,False
A2VIKCIM9TZL22,rec,2,20-2,20.0,2000.0,20.0,402.39999997615814,False
A2VIKCIM9TZL22,rec,2,20-2,20.0,2000.0,7.0,0.0,True
A2VIKCIM9TZL22,rec,2,20-2,20.0,2000.0,19.0,1249.2000000476837,False
A2VIKCIM9TZL22,rec,2,20-2,20.0,2000.0,20.0,458.0,False
A2VIKCIM9TZL22,rec,2,20-2,20.0,2000.0,20.0,2421.600000023842,False
A2VIKCIM9TZL22,rec,2,20-2,20.0,2000.0,20.0,435.20000004768417,False
A2VIKCIM9TZL22,rec,2,20-2,20.0,2000.0,20.0,404.89999997615814,False
A2VIKCIM9TZL22,rec,2,20-2,20.0,2000.0,20.0,333.89999997615814,False
A2VIKCIM9TZL22,rec,2,20-2,20.0,2000.0,20.0,440.60000002384186,False
A2VIKCIM9TZL22,rec,3,20-2,20.0,2000.0,20.0,0.0,True
A2VIKCIM9TZL22,rec,3,20-2,20.0,2000.0,19.0,1235.4000000953674,False
A2VIKCIM9TZL22,rec,3,20-2,20.0,2000.0,20.0,558.4000000953679,False
A2VIKCIM9TZL22,rec,3,20-2,20.0,2000.0,18.0,645.6000003814697,False
A2VIKCIM9TZL22,rec,3,20-2,20.0,2000.0,20.0,1781.8000001907349,False
A2VIKCIM9TZL22,rec,3,20-2,20.0,2000.0,20.0,313.80000019073486,False
A2VIKCIM9TZL22,rec,3,20-2,20.0,2000.0,18.0,663.2000002861023,False
A2VIKCIM9TZL22,rec,3,20-2,20.0,2000.0,20.0,304.2000002861023,False
A2VIKCIM9TZL22,rec,3,20-2,20.0,2000.0,20.0,476.69999980926514,False
A2VIKCIM9TZL22,rec,3,20-2,20.0,2000.0,19.0,1556.8000001907349,False
A2VIKCIM9TZL22,rec,3,20-2,20.0,2000.0,20.0,1078.0,False
A2VIKZ73Y5ABHM,ns,1,10-2,10.0,2000.0,10.0,1316.0,False
A2VIKZ73Y5ABHM,ns,1,10-2,10.0,2000.0,8.0,3126.0,False
A2VIKZ73Y5ABHM,ns,1,10-2,10.0,2000.0,5.0,6281.0,False
A2VIKZ73Y5ABHM,ns,1,10-2,10.0,2000.0,10.0,598.0,False
A2VIKZ73Y5ABHM,ns,1,10-2,10.0,2000.0,4.0,356.0,False
A2VIKZ73Y5ABHM,ns,1,10-2,10.0,2000.0,3.0,1042.0,False
A2VIKZ73Y5ABHM,ns,1,10-2,10.0,2000.0,10.0,0.0,True
A2VIKZ73Y5ABHM,ns,1,10-2,10.0,2000.0,10.0,1302.0,False
A2VIKZ73Y5ABHM,ns,1,10-2,10.0,2000.0,3.0,2006.0,False
A2VIKZ73Y5ABHM,ns,1,10-2,10.0,2000.0,1.0,5392.0,False
A2VIKZ73Y5ABHM,ns,2,10-2,10.0,2000.0,10.0,2075.0,False
A2VIKZ73Y5ABHM,ns,2,10-2,10.0,2000.0,1.0,1569.0,False
A2VIKZ73Y5ABHM,ns,2,10-2,10.0,2000.0,1.0,2003.0,False
A2VIKZ73Y5ABHM,ns,2,10-2,10.0,2000.0,9.0,0.0,True
A2VIKZ73Y5ABHM,ns,2,10-2,10.0,2000.0,9.0,3393.0,False
A2VIKZ73Y5ABHM,ns,2,10-2,10.0,2000.0,1.0,1435.0,False
A2VIKZ73Y5ABHM,ns,2,10-2,10.0,2000.0,1.0,4965.0,False
A2VIKZ73Y5ABHM,ns,2,10-2,10.0,2000.0,10.0,1079.0,False
A2VIKZ73Y5ABHM,ns,2,10-2,10.0,2000.0,1.0,6396.0,False
A2VIKZ73Y5ABHM,ns,2,10-2,10.0,2000.0,1.0,2737.0,False
A2VIKZ73Y5ABHM,ns,3,10-2,10.0,2000.0,1.0,0.0,True
A2VIKZ73Y5ABHM,ns,3,10-2,10.0,2000.0,7.0,2549.0,False
A2VIKZ73Y5ABHM,ns,3,10-2,10.0,2000.0,2.0,2401.0,False
A2VIKZ73Y5ABHM,ns,3,10-2,10.0,2000.0,1.0,1501.0,False
A2VIKZ73Y5ABHM,ns,3,10-2,10.0,2000.0,6.0,969.0,False
A2VIKZ73Y5ABHM,ns,3,10-2,10.0,2000.0,10.0,1199.0,False
A2VIKZ73Y5ABHM,ns,3,10-2,10.0,2000.0,1.0,3461.0,False
A2VIKZ73Y5ABHM,ns,3,10-2,10.0,2000.0,10.0,1584.0,False
A2VIKZ73Y5ABHM,ns,3,10-2,10.0,2000.0,9.0,1428.0,False
A2VIKZ73Y5ABHM,ns,3,10-2,10.0,2000.0,10.0,2032.0,False
A2VIKZ73Y5ABHM,ns,4,10-2,10.0,2000.0,1.0,283.0,False
A2VIKZ73Y5ABHM,ns,4,10-2,10.0,2000.0,1.0,3941.0,False
A2VIKZ73Y5ABHM,ns,4,10-2,10.0,2000.0,9.0,4165.0,False
A2VIKZ73Y5ABHM,ns,4,10-2,10.0,2000.0,10.0,412.0,False
A2VIKZ73Y5ABHM,ns,4,10-2,10.0,2000.0,10.0,2460.0,False
A2VIKZ73Y5ABHM,ns,4,10-2,10.0,2000.0,10.0,0.0,True
A2VIKZ73Y5ABHM,ns,4,10-2,10.0,2000.0,10.0,3593.0,False
A2VIKZ73Y5ABHM,ns,4,10-2,10.0,2000.0,10.0,4141.0,False
A2VIKZ73Y5ABHM,ns,4,10-2,10.0,2000.0,10.0,3467.0,False
A2VIKZ73Y5ABHM,ns,4,10-2,10.0,2000.0,10.0,2117.0,False
A2VIKZ73Y5ABHM,ns,4,10-2,10.0,2000.0,1.0,3176.0,False
A2VR9O234UCT9T,rec,1,40-1,40.0,1000.0,8.0,0.0,True
A2VR9O234UCT9T,rec,1,40-1,40.0,1000.0,39.0,772.2999999970198,False
A2VR9O234UCT9T,rec,1,40-1,40.0,1000.0,20.0,1331.9000000059605,False
A2VR9O234UCT9T,rec,1,40-1,40.0,1000.0,40.0,1323.199999988079,False
A2VR9O234UCT9T,rec,1,40-1,40.0,1000.0,35.0,1073.5999999940395,False
A2VR9O234UCT9T,rec,1,40-1,40.0,1000.0,38.0,53.900000005960464,False
A2VR9O234UCT9T,rec,1,40-1,40.0,1000.0,38.0,1345.2999999970198,False
A2VR9O234UCT9T,rec,1,40-1,40.0,1000.0,37.0,183.20000000298023,False
A2VR9O234UCT9T,rec,1,40-1,40.0,1000.0,38.0,880.8999999910602,False
A2VR9O234UCT9T,rec,1,40-1,40.0,1000.0,39.0,239.29999999701977,False
A2VR9O234UCT9T,rec,1,40-1,40.0,1000.0,37.0,1921.7000000029802,False
A2VR9O234UCT9T,rec,1,40-1,40.0,1000.0,39.0,575.8999999910602,False
A2VR9O234UCT9T,rec,2,40-1,40.0,1000.0,39.0,0.0,True
A2VR9O234UCT9T,rec,2,40-1,40.0,1000.0,39.0,3578.8000000044703,False
A2VR9O234UCT9T,rec,2,40-1,40.0,1000.0,36.0,2408.0,False
A2VR9O234UCT9T,rec,2,40-1,40.0,1000.0,38.0,2497.0,False
A2VR9O234UCT9T,rec,2,40-1,40.0,1000.0,36.0,4503.000000007451,False
A2VR9O234UCT9T,rec,2,40-1,40.0,1000.0,40.0,1628.6000000089407,False
A2VR9O234UCT9T,rec,2,40-1,40.0,1000.0,3.0,1339.4000000059605,False
A2VR9O234UCT9T,rec,2,40-1,40.0,1000.0,35.0,3109.7000000029802,False
A2VR9O234UCT9T,rec,2,40-1,40.0,1000.0,33.0,3111.8000000044703,False
A2VR9O234UCT9T,rec,2,40-1,40.0,1000.0,38.0,4369.9000000059605,False
A2VR9O234UCT9T,rec,2,40-1,40.0,1000.0,37.0,1960.8000000044703,False
A2VR9O234UCT9T,rec,2,40-1,40.0,1000.0,39.0,2495.0,False
A2VR9O234UCT9T,rec,3,40-1,40.0,1000.0,38.0,0.0,True
A2VR9O234UCT9T,rec,3,40-1,40.0,1000.0,34.0,4077.1999999999534,False
A2VR9O234UCT9T,rec,3,40-1,40.0,1000.0,35.0,2707.0,False
A2VR9O234UCT9T,rec,3,40-1,40.0,1000.0,38.0,926.4999999997672,False
A2VR9O234UCT9T,rec,3,40-1,40.0,1000.0,36.0,2348.3000000000466,False
A2VR9O234UCT9T,rec,3,40-1,40.0,1000.0,37.0,3890.6999999999534,False
A2VR9O234UCT9T,rec,3,40-1,40.0,1000.0,37.0,2126.1999999999534,False
A2VR9O234UCT9T,rec,3,40-1,40.0,1000.0,37.0,1504.8000000000466,False
A2VR9O234UCT9T,rec,3,40-1,40.0,1000.0,38.0,2772.1999999999534,False
A2VR9O234UCT9T,rec,3,40-1,40.0,1000.0,38.0,1423.4000000001397,False
A2VR9O234UCT9T,rec,3,40-1,40.0,1000.0,36.0,3917.6999999999534,False
A2VR9O234UCT9T,rec,3,40-1,40.0,1000.0,37.0,3559.6999999999534,False
A2VR9O234UCT9T,rec,4,40-1,40.0,1000.0,35.0,674.600000000325,False
A2VR9O234UCT9T,rec,4,40-1,40.0,1000.0,37.0,2234.200000000418,False
A2VR9O234UCT9T,rec,4,40-1,40.0,1000.0,37.0,1034.2000000004182,False
A2VR9O234UCT9T,rec,4,40-1,40.0,1000.0,35.0,1778.2000000001854,False
A2VR9O234UCT9T,rec,4,40-1,40.0,1000.0,38.0,1887.1000000005579,False
A2VR9O234UCT9T,rec,4,40-1,40.0,1000.0,38.0,3915.0000000004648,False
A2VR9O234UCT9T,rec,4,40-1,40.0,1000.0,37.0,1862.8000000002785,False
A2VR9O234UCT9T,rec,4,40-1,40.0,1000.0,37.0,804.1000000000922,False
A2VR9O234UCT9T,rec,4,40-1,40.0,1000.0,35.0,0.0,True
A2VR9O234UCT9T,rec,4,40-1,40.0,1000.0,37.0,293.50000000046475,False
A2VR9O234UCT9T,rec,4,40-1,40.0,1000.0,38.0,1604.1000000005579,False
A2VR9O234UCT9T,rec,4,40-1,40.0,1000.0,35.0,1650.9000000003716,False
A2VXT33Y2TQPOQ,prim,1,20-1,20.0,1000.0,1.0,0.0,True
A2VXT33Y2TQPOQ,prim,1,20-1,20.0,1000.0,2.0,3678.0,False
A2VXT33Y2TQPOQ,prim,1,20-1,20.0,1000.0,1.0,6097.0,False
A2VXT33Y2TQPOQ,prim,1,20-1,20.0,1000.0,1.0,4666.0,False
A2VXT33Y2TQPOQ,prim,1,20-1,20.0,1000.0,1.0,4515.0,False
A2VXT33Y2TQPOQ,prim,1,20-1,20.0,1000.0,1.0,2887.0,False
A2VXT33Y2TQPOQ,prim,1,20-1,20.0,1000.0,3.0,6208.0,False
A2VXT33Y2TQPOQ,prim,1,20-1,20.0,1000.0,1.0,2997.0,False
A2VXT33Y2TQPOQ,prim,1,20-1,20.0,1000.0,3.0,6169.0,False
A2VXT33Y2TQPOQ,prim,1,20-1,20.0,1000.0,1.0,5265.0,False
A2VXT33Y2TQPOQ,prim,1,20-1,20.0,1000.0,2.0,2671.0,False
A2VXT33Y2TQPOQ,prim,2,20-1,20.0,1000.0,1.0,3774.0,False
A2VXT33Y2TQPOQ,prim,2,20-1,20.0,1000.0,1.0,6249.0,False
A2VXT33Y2TQPOQ,prim,2,20-1,20.0,1000.0,1.0,3872.0,False
A2VXT33Y2TQPOQ,prim,2,20-1,20.0,1000.0,1.0,0.0,True
A2VXT33Y2TQPOQ,prim,2,20-1,20.0,1000.0,1.0,3264.0,False
A2VXT33Y2TQPOQ,prim,2,20-1,20.0,1000.0,2.0,6022.0,False
A2VXT33Y2TQPOQ,prim,2,20-1,20.0,1000.0,1.0,25053.0,False
A2VXT33Y2TQPOQ,prim,2,20-1,20.0,1000.0,2.0,3902.0,False
A2VXT33Y2TQPOQ,prim,2,20-1,20.0,1000.0,1.0,4648.0,False
A2VXT33Y2TQPOQ,prim,2,20-1,20.0,1000.0,3.0,4698.0,False
A2VXT33Y2TQPOQ,prim,3,20-1,20.0,1000.0,3.0,0.0,True
A2VXT33Y2TQPOQ,prim,3,20-1,20.0,1000.0,1.0,5280.0,False
A2VXT33Y2TQPOQ,prim,3,20-1,20.0,1000.0,1.0,2108.0,False
A2VXT33Y2TQPOQ,prim,3,20-1,20.0,1000.0,1.0,4325.0,False
A2VXT33Y2TQPOQ,prim,3,20-1,20.0,1000.0,1.0,4549.0,False
A2VXT33Y2TQPOQ,prim,3,20-1,20.0,1000.0,2.0,10211.0,False
A2VXT33Y2TQPOQ,prim,3,20-1,20.0,1000.0,1.0,4389.0,False
A2VXT33Y2TQPOQ,prim,3,20-1,20.0,1000.0,19.0,3542.0,False
A2VXT33Y2TQPOQ,prim,3,20-1,20.0,1000.0,1.0,4243.0,False
A2VXT33Y2TQPOQ,prim,3,20-1,20.0,1000.0,3.0,2645.0,False
A2VXT33Y2TQPOQ,prim,3,20-1,20.0,1000.0,1.0,5825.0,False
A2VXT33Y2TQPOQ,prim,4,20-1,20.0,1000.0,2.0,789.0,False
A2VXT33Y2TQPOQ,prim,4,20-1,20.0,1000.0,3.0,13511.0,False
A2VXT33Y2TQPOQ,prim,4,20-1,20.0,1000.0,6.0,9687.0,False
A2VXT33Y2TQPOQ,prim,4,20-1,20.0,1000.0,1.0,6967.0,False
A2VXT33Y2TQPOQ,prim,4,20-1,20.0,1000.0,1.0,7620.0,False
A2VXT33Y2TQPOQ,prim,4,20-1,20.0,1000.0,1.0,1848.0,False
A2VXT33Y2TQPOQ,prim,4,20-1,20.0,1000.0,1.0,3996.0,False
A2VXT33Y2TQPOQ,prim,4,20-1,20.0,1000.0,1.0,0.0,True
A2VZN8J53Y5WYR,prim,1,30-1,30.0,1000.0,1.0,634.3000000119209,False
A2VZN8J53Y5WYR,prim,1,30-1,30.0,1000.0,1.0,412.80000001192093,False
A2VZN8J53Y5WYR,prim,1,30-1,30.0,1000.0,2.0,0.0,True
A2VZN8J53Y5WYR,prim,1,30-1,30.0,1000.0,1.0,2109.400000035763,False
A2VZN8J53Y5WYR,prim,1,30-1,30.0,1000.0,1.0,690.2000000476837,False
A2VZN8J53Y5WYR,prim,1,30-1,30.0,1000.0,1.0,28280.30000001192,False
A2VZN8J53Y5WYR,prim,1,30-1,30.0,1000.0,1.0,55.30000001192093,False
A2VZN8J53Y5WYR,prim,2,30-1,30.0,1000.0,1.0,0.0,True
A2VZN8J53Y5WYR,prim,2,30-1,30.0,1000.0,1.0,4153.300000071526,False
A2VZN8J53Y5WYR,prim,2,30-1,30.0,1000.0,1.0,3254.600000023842,False
A2VZN8J53Y5WYR,prim,2,30-1,30.0,1000.0,1.0,5613.399999976158,False
A2VZN8J53Y5WYR,prim,2,30-1,30.0,1000.0,1.0,2669.600000023842,False
A2VZN8J53Y5WYR,prim,2,30-1,30.0,1000.0,1.0,2565.8000000715256,False
A2VZN8J53Y5WYR,prim,3,30-1,30.0,1000.0,2.0,0.0,True
A2VZN8J53Y5WYR,prim,3,30-1,30.0,1000.0,1.0,6258.400000095367,False
A2VZN8J53Y5WYR,prim,3,30-1,30.0,1000.0,1.0,1281.1000000238419,False
A2VZN8J53Y5WYR,prim,3,30-1,30.0,1000.0,1.0,2259.100000023842,False
A2VZN8J53Y5WYR,prim,3,30-1,30.0,1000.0,2.0,1801.0,False
A2VZN8J53Y5WYR,prim,3,30-1,30.0,1000.0,1.0,1356.7000000476837,False
A2VZN8J53Y5WYR,prim,3,30-1,30.0,1000.0,1.0,2326.8000000715256,False
A2VZN8J53Y5WYR,prim,4,30-1,30.0,1000.0,1.0,2625.2000000476837,False
A2VZN8J53Y5WYR,prim,4,30-1,30.0,1000.0,1.0,4763.299999952316,False
A2VZN8J53Y5WYR,prim,4,30-1,30.0,1000.0,2.0,12830.700000047684,False
A2VZN8J53Y5WYR,prim,4,30-1,30.0,1000.0,1.0,4478.099999904633,False
A2VZN8J53Y5WYR,prim,4,30-1,30.0,1000.0,1.0,7217.899999856949,False
A2VZN8J53Y5WYR,prim,4,30-1,30.0,1000.0,1.0,2689.9000000953674,False
A2VZN8J53Y5WYR,prim,4,30-1,30.0,1000.0,1.0,0.0,True
A2VZN8J53Y5WYR,prim,4,30-1,30.0,1000.0,1.0,1863.4000000953674,False
A2VZN8J53Y5WYR,prim,4,30-1,30.0,1000.0,1.0,7679.599999904633,False
A2VZN8J53Y5WYR,prim,4,30-1,30.0,1000.0,17.0,4198.200000047684,False
A2WCPERU8X385N,prim,1,40-1,40.0,1000.0,3.0,7142.5,False
A2WCPERU8X385N,prim,1,40-1,40.0,1000.0,1.0,4024.0,False
A2WCPERU8X385N,prim,1,40-1,40.0,1000.0,4.0,1476.0,False
A2WCPERU8X385N,prim,1,40-1,40.0,1000.0,1.0,2722.399999856949,False
A2WCPERU8X385N,prim,1,40-1,40.0,1000.0,1.0,7329.399999856949,False
A2WCPERU8X385N,prim,1,40-1,40.0,1000.0,1.0,0.0,True
A2WCPERU8X385N,prim,1,40-1,40.0,1000.0,1.0,6404.900000095367,False
A2WCPERU8X385N,prim,1,40-1,40.0,1000.0,3.0,1330.1000001430511,False
A2WCPERU8X385N,prim,1,40-1,40.0,1000.0,3.0,5649.599999904633,False
A2WCPERU8X385N,prim,1,40-1,40.0,1000.0,1.0,10077.700000047684,False
A2WCPERU8X385N,prim,2,40-1,40.0,1000.0,1.0,0.0,True
A2WCPERU8X385N,prim,2,40-1,40.0,1000.0,1.0,5826.699999809263,False
A2WCPERU8X385N,prim,2,40-1,40.0,1000.0,4.0,685.4000000953674,False
A2WCPERU8X385N,prim,2,40-1,40.0,1000.0,2.0,6055.800000190737,False
A2WCPERU8X385N,prim,2,40-1,40.0,1000.0,1.0,1050.0999999046326,False
A2WCPERU8X385N,prim,2,40-1,40.0,1000.0,3.0,629.0999999046326,False
A2WCPERU8X385N,prim,2,40-1,40.0,1000.0,1.0,854.0,False
A2WCPERU8X385N,prim,2,40-1,40.0,1000.0,2.0,3290.5,False
A2WCPERU8X385N,prim,2,40-1,40.0,1000.0,2.0,390.10000014305115,False
A2WCPERU8X385N,prim,2,40-1,40.0,1000.0,5.0,4395.099999904633,False
A2WCPERU8X385N,prim,3,40-1,40.0,1000.0,3.0,1181.5,False
A2WCPERU8X385N,prim,3,40-1,40.0,1000.0,1.0,813.5000002384186,False
A2WCPERU8X385N,prim,3,40-1,40.0,1000.0,1.0,1624.2000000476837,False
A2WCPERU8X385N,prim,3,40-1,40.0,1000.0,40.0,2339.2000000476837,False
A2WCPERU8X385N,prim,3,40-1,40.0,1000.0,2.0,5057.400000095367,False
A2WCPERU8X385N,prim,3,40-1,40.0,1000.0,1.0,2891.100000143051,False
A2WCPERU8X385N,prim,3,40-1,40.0,1000.0,3.0,0.0,True
A2WCPERU8X385N,prim,4,40-1,40.0,1000.0,4.0,0.0,True
A2WCPERU8X385N,prim,4,40-1,40.0,1000.0,1.0,6303.200000286104,False
A2WCPERU8X385N,prim,4,40-1,40.0,1000.0,6.0,7687.200000047684,False
A2WCPERU8X385N,prim,4,40-1,40.0,1000.0,1.0,14211.900000095367,False
A2WCPERU8X385N,prim,4,40-1,40.0,1000.0,1.0,9659.300000190735,False
A2WCPERU8X385N,prim,4,40-1,40.0,1000.0,6.0,8984.800000190735,False
A2WCPERU8X385N,prim,4,40-1,40.0,1000.0,2.0,6753.800000190735,False
A2WCPERU8X385N,prim,4,40-1,40.0,1000.0,1.0,8723.000000238419,False
A2WCPERU8X385N,prim,4,40-1,40.0,1000.0,3.0,6380.099999904631,False
A2WCPERU8X385N,prim,4,40-1,40.0,1000.0,1.0,6082.300000190735,False
A2WYZLG8J526TQ,prim,1,10-2,10.0,2000.0,1.0,7101.0,False
A2WYZLG8J526TQ,prim,1,10-2,10.0,2000.0,1.0,5665.0,False
A2WYZLG8J526TQ,prim,1,10-2,10.0,2000.0,1.0,3618.0,False
A2WYZLG8J526TQ,prim,1,10-2,10.0,2000.0,1.0,8734.0,False
A2WYZLG8J526TQ,prim,1,10-2,10.0,2000.0,1.0,617.0,False
A2WYZLG8J526TQ,prim,1,10-2,10.0,2000.0,1.0,600.0,False
A2WYZLG8J526TQ,prim,1,10-2,10.0,2000.0,1.0,6309.0,False
A2WYZLG8J526TQ,prim,1,10-2,10.0,2000.0,1.0,0.0,True
A2WYZLG8J526TQ,prim,2,10-2,10.0,2000.0,1.0,0.0,True
A2WYZLG8J526TQ,prim,2,10-2,10.0,2000.0,2.0,20393.0,False
A2WYZLG8J526TQ,prim,2,10-2,10.0,2000.0,3.0,6734.0,False
A2WYZLG8J526TQ,prim,2,10-2,10.0,2000.0,9.0,6147.0,False
A2WYZLG8J526TQ,prim,2,10-2,10.0,2000.0,10.0,7285.0,False
A2WYZLG8J526TQ,prim,2,10-2,10.0,2000.0,10.0,6547.0,False
A2WYZLG8J526TQ,prim,2,10-2,10.0,2000.0,1.0,32959.0,False
A2WYZLG8J526TQ,prim,2,10-2,10.0,2000.0,1.0,5356.0,False
A2WYZLG8J526TQ,prim,2,10-2,10.0,2000.0,1.0,6457.0,False
A2WYZLG8J526TQ,prim,2,10-2,10.0,2000.0,1.0,4383.0,False
A2XDWB9NVYI3LQ,rec,1,20-1,20.0,1000.0,18.0,231.0,False
A2XDWB9NVYI3LQ,rec,1,20-1,20.0,1000.0,20.0,3851.0,False
A2XDWB9NVYI3LQ,rec,1,20-1,20.0,1000.0,20.0,2637.0,False
A2XDWB9NVYI3LQ,rec,1,20-1,20.0,1000.0,20.0,3675.0,False
A2XDWB9NVYI3LQ,rec,1,20-1,20.0,1000.0,20.0,6319.0,False
A2XDWB9NVYI3LQ,rec,1,20-1,20.0,1000.0,17.0,2225.0,False
A2XDWB9NVYI3LQ,rec,1,20-1,20.0,1000.0,20.0,1588.0,False
A2XDWB9NVYI3LQ,rec,1,20-1,20.0,1000.0,17.0,0.0,True
A2XDWB9NVYI3LQ,rec,1,20-1,20.0,1000.0,20.0,4165.0,False
A2XDWB9NVYI3LQ,rec,2,20-1,20.0,1000.0,19.0,0.0,True
A2XDWB9NVYI3LQ,rec,2,20-1,20.0,1000.0,5.0,8006.0,False
A2XDWB9NVYI3LQ,rec,2,20-1,20.0,1000.0,19.0,5382.0,False
A2XDWB9NVYI3LQ,rec,2,20-1,20.0,1000.0,19.0,3906.0,False
A2XDWB9NVYI3LQ,rec,2,20-1,20.0,1000.0,14.0,13803.0,False
A2XDWB9NVYI3LQ,rec,2,20-1,20.0,1000.0,1.0,5529.0,False
A2XDWB9NVYI3LQ,rec,2,20-1,20.0,1000.0,18.0,9651.0,False
A2XDWB9NVYI3LQ,rec,2,20-1,20.0,1000.0,20.0,6592.0,False
A2XDWB9NVYI3LQ,rec,2,20-1,20.0,1000.0,16.0,3469.0,False
A2XDWB9NVYI3LQ,rec,2,20-1,20.0,1000.0,19.0,2185.0,False
A2XDWB9NVYI3LQ,rec,2,20-1,20.0,1000.0,17.0,2362.0,False
A2XDWB9NVYI3LQ,rec,2,20-1,20.0,1000.0,19.0,2971.0,False
A2XDWB9NVYI3LQ,rec,3,20-1,20.0,1000.0,4.0,3085.0,False
A2XDWB9NVYI3LQ,rec,3,20-1,20.0,1000.0,20.0,4718.0,False
A2XDWB9NVYI3LQ,rec,3,20-1,20.0,1000.0,16.0,1135.0,False
A2XDWB9NVYI3LQ,rec,3,20-1,20.0,1000.0,19.0,1257.0,False
A2XDWB9NVYI3LQ,rec,3,20-1,20.0,1000.0,19.0,2896.0,False
A2XDWB9NVYI3LQ,rec,3,20-1,20.0,1000.0,17.0,1255.0,False
A2XDWB9NVYI3LQ,rec,3,20-1,20.0,1000.0,20.0,972.0,False
A2XDWB9NVYI3LQ,rec,3,20-1,20.0,1000.0,20.0,1741.0,False
A2XDWB9NVYI3LQ,rec,3,20-1,20.0,1000.0,20.0,56.0,False
A2XDWB9NVYI3LQ,rec,3,20-1,20.0,1000.0,20.0,3803.0,False
A2XDWB9NVYI3LQ,rec,3,20-1,20.0,1000.0,20.0,0.0,True
A2XDWB9NVYI3LQ,rec,4,20-1,20.0,1000.0,1.0,520.0,False
A2XDWB9NVYI3LQ,rec,4,20-1,20.0,1000.0,19.0,1932.0,False
A2XDWB9NVYI3LQ,rec,4,20-1,20.0,1000.0,20.0,2960.0,False
A2XDWB9NVYI3LQ,rec,4,20-1,20.0,1000.0,20.0,0.0,True
A2XDWB9NVYI3LQ,rec,4,20-1,20.0,1000.0,20.0,3290.0,False
A2XDWB9NVYI3LQ,rec,4,20-1,20.0,1000.0,15.0,2392.0,False
A2XDWB9NVYI3LQ,rec,4,20-1,20.0,1000.0,18.0,2790.0,False
A2XDWB9NVYI3LQ,rec,4,20-1,20.0,1000.0,19.0,1335.0,False
A2XDWB9NVYI3LQ,rec,4,20-1,20.0,1000.0,19.0,2664.0,False
A2XDWB9NVYI3LQ,rec,4,20-1,20.0,1000.0,19.0,8461.0,False
A2XDWB9NVYI3LQ,rec,4,20-1,20.0,1000.0,18.0,1355.0,False
A2XDWB9NVYI3LQ,rec,4,20-1,20.0,1000.0,19.0,1144.0,False
A2XGHLVP2C1FVA,ns,1,20-2,20.0,2000.0,1.0,0.0,True
A2XGHLVP2C1FVA,ns,1,20-2,20.0,2000.0,20.0,4428.999999880791,False
A2XGHLVP2C1FVA,ns,1,20-2,20.0,2000.0,20.0,3523.6999999284744,False
A2XGHLVP2C1FVA,ns,1,20-2,20.0,2000.0,17.0,3906.5,False
A2XGHLVP2C1FVA,ns,1,20-2,20.0,2000.0,20.0,6174.899999976158,False
A2XGHLVP2C1FVA,ns,1,20-2,20.0,2000.0,15.0,10199.299999952316,False
A2XGHLVP2C1FVA,ns,1,20-2,20.0,2000.0,20.0,882.0999999046326,False
A2XGHLVP2C1FVA,ns,1,20-2,20.0,2000.0,20.0,4676.0,False
A2XGHLVP2C1FVA,ns,1,20-2,20.0,2000.0,19.0,4227.099999904633,False
A2XGHLVP2C1FVA,ns,1,20-2,20.0,2000.0,20.0,3802.6999999284744,False
A2XGHLVP2C1FVA,ns,1,20-2,20.0,2000.0,19.0,7391.199999928474,False
A2XGHLVP2C1FVA,ns,1,20-2,20.0,2000.0,20.0,4920.899999976158,False
A2XGHLVP2C1FVA,ns,2,20-2,20.0,2000.0,1.0,0.0,True
A2XGHLVP2C1FVA,ns,2,20-2,20.0,2000.0,1.0,10285.0,False
A2XGHLVP2C1FVA,ns,2,20-2,20.0,2000.0,4.0,5508.999999970198,False
A2XGHLVP2C1FVA,ns,2,20-2,20.0,2000.0,1.0,4969.700000017881,False
A2XGHLVP2C1FVA,ns,2,20-2,20.0,2000.0,1.0,9366.200000017881,False
A2XGHLVP2C1FVA,ns,2,20-2,20.0,2000.0,1.0,8918.79999998212,False
A2XGHLVP2C1FVA,ns,2,20-2,20.0,2000.0,1.0,32044.90000000596,False
A2XGHLVP2C1FVA,ns,2,20-2,20.0,2000.0,1.0,9120.900000005959,False
A2XGHLVP2C1FVA,ns,2,20-2,20.0,2000.0,1.0,5344.0999999940395,False
A2XGHLVP2C1FVA,ns,2,20-2,20.0,2000.0,1.0,5790.0999999940395,False
A2XGHLVP2C1FVA,ns,3,20-2,20.0,2000.0,13.0,0.0,True
A2XGHLVP2C1FVA,ns,3,20-2,20.0,2000.0,20.0,363.60000002384186,False
A2XGHLVP2C1FVA,ns,3,20-2,20.0,2000.0,5.0,5069.7000000476855,False
A2XGHLVP2C1FVA,ns,3,20-2,20.0,2000.0,20.0,8103.500000000002,False
A2XGHLVP2C1FVA,ns,3,20-2,20.0,2000.0,11.0,6958.800000011921,False
A2XGHLVP2C1FVA,ns,3,20-2,20.0,2000.0,19.0,343.89999997615814,False
A2XGHLVP2C1FVA,ns,3,20-2,20.0,2000.0,15.0,2506.399999976158,False
A2XGHLVP2C1FVA,ns,3,20-2,20.0,2000.0,8.0,1463.1000000238419,False
A2XGHLVP2C1FVA,ns,3,20-2,20.0,2000.0,19.0,9471.300000011921,False
A2XGHLVP2C1FVA,ns,3,20-2,20.0,2000.0,15.0,11733.800000011921,False
A2XGHLVP2C1FVA,ns,3,20-2,20.0,2000.0,11.0,2794.100000023842,False
A2XGHLVP2C1FVA,ns,4,20-2,20.0,2000.0,2.0,0.0,True
A2XGHLVP2C1FVA,ns,4,20-2,20.0,2000.0,3.0,4452.199999809265,False
A2XGHLVP2C1FVA,ns,4,20-2,20.0,2000.0,1.0,14457.0,False
A2XGHLVP2C1FVA,ns,4,20-2,20.0,2000.0,1.0,9985.799999952316,False
A2XGHLVP2C1FVA,ns,4,20-2,20.0,2000.0,20.0,2534.0999999046326,False
A2XGHLVP2C1FVA,ns,4,20-2,20.0,2000.0,1.0,3892.5,False
A2XGHLVP2C1FVA,ns,4,20-2,20.0,2000.0,1.0,5184.399999976158,False
A2XGHLVP2C1FVA,ns,4,20-2,20.0,2000.0,1.0,735.7999999523163,False
A2XGHLVP2C1FVA,ns,4,20-2,20.0,2000.0,20.0,5013.999999880791,False
A2XGHLVP2C1FVA,ns,4,20-2,20.0,2000.0,2.0,12099.299999833107,False
A2XGHLVP2C1FVA,ns,4,20-2,20.0,2000.0,2.0,4783.299999952316,False
A2XMRJKCNKLL4E,ns,1,30-1,30.0,1000.0,15.0,3590.5999999046326,False
A2XMRJKCNKLL4E,ns,1,30-1,30.0,1000.0,6.0,0.0,True
A2XMRJKCNKLL4E,ns,1,30-1,30.0,1000.0,3.0,1924.0,False
A2XMRJKCNKLL4E,ns,1,30-1,30.0,1000.0,5.0,3722.5999999046326,False
A2XMRJKCNKLL4E,ns,1,30-1,30.0,1000.0,27.0,4986.099999904633,False
A2XMRJKCNKLL4E,ns,1,30-1,30.0,1000.0,1.0,26854.599999904633,False
A2XMRJKCNKLL4E,ns,1,30-1,30.0,1000.0,29.0,35000.09999990463,False
A2XMRJKCNKLL4E,ns,1,30-1,30.0,1000.0,24.0,5067.900000095369,False
A2XMRJKCNKLL4E,ns,1,30-1,30.0,1000.0,2.0,1800.6999998092651,False
A2XMRJKCNKLL4E,ns,1,30-1,30.0,1000.0,2.0,53567.90000009537,False
A2XMRJKCNKLL4E,ns,2,30-1,30.0,1000.0,30.0,0.0,True
A2XMRJKCNKLL4E,ns,2,30-1,30.0,1000.0,18.0,3120.3999996185303,False
A2XMRJKCNKLL4E,ns,2,30-1,30.0,1000.0,27.0,4380.199999809265,False
A2XMRJKCNKLL4E,ns,2,30-1,30.0,1000.0,20.0,2731.2999997138977,False
A2XMRJKCNKLL4E,ns,2,30-1,30.0,1000.0,30.0,3704.5999999046326,False
A2XMRJKCNKLL4E,ns,2,30-1,30.0,1000.0,25.0,2623.7999997138977,False
A2XMRJKCNKLL4E,ns,2,30-1,30.0,1000.0,1.0,1012.5999994277954,False
A2XMRJKCNKLL4E,ns,2,30-1,30.0,1000.0,24.0,3418.7999997138977,False
A2XMRJKCNKLL4E,ns,2,30-1,30.0,1000.0,29.0,2117.0,False
A2XMRJKCNKLL4E,ns,2,30-1,30.0,1000.0,11.0,724.5,False
A2XMRJKCNKLL4E,ns,3,30-1,30.0,1000.0,3.0,2191.9000000059605,False
A2XMRJKCNKLL4E,ns,3,30-1,30.0,1000.0,14.0,8785.20000001788,False
A2XMRJKCNKLL4E,ns,3,30-1,30.0,1000.0,4.0,1929.5999999940404,False
A2XMRJKCNKLL4E,ns,3,30-1,30.0,1000.0,4.0,2535.0,False
A2XMRJKCNKLL4E,ns,3,30-1,30.0,1000.0,8.0,1491.9000000059605,False
A2XMRJKCNKLL4E,ns,3,30-1,30.0,1000.0,2.0,949.1999999880791,False
A2XMRJKCNKLL4E,ns,3,30-1,30.0,1000.0,30.0,790.2999999821191,False
A2XMRJKCNKLL4E,ns,3,30-1,30.0,1000.0,1.0,2636.5,False
A2XMRJKCNKLL4E,ns,3,30-1,30.0,1000.0,1.0,0.0,True
A2XMRJKCNKLL4E,ns,4,30-1,30.0,1000.0,14.0,0.0,True
A2XMRJKCNKLL4E,ns,4,30-1,30.0,1000.0,15.0,3163.899999976158,False
A2XMRJKCNKLL4E,ns,4,30-1,30.0,1000.0,12.0,5087.0,False
A2XMRJKCNKLL4E,ns,4,30-1,30.0,1000.0,24.0,17488.60000002384,False
A2XMRJKCNKLL4E,ns,4,30-1,30.0,1000.0,29.0,992.0,False
A2XMRJKCNKLL4E,ns,4,30-1,30.0,1000.0,2.0,7032.399999976158,False
A2XMRJKCNKLL4E,ns,4,30-1,30.0,1000.0,5.0,2995.600000023842,False
A2XMRJKCNKLL4E,ns,4,30-1,30.0,1000.0,19.0,30782.400000095367,False
A2XMRJKCNKLL4E,ns,4,30-1,30.0,1000.0,1.0,820.5,False
A2XVLOZY7FJCC2,rec,1,20-2,20.0,2000.0,10.0,0.0,True
A2XVLOZY7FJCC2,rec,1,20-2,20.0,2000.0,5.0,1309.6999999284744,False
A2XVLOZY7FJCC2,rec,1,20-2,20.0,2000.0,20.0,1142.6999999284744,False
A2XVLOZY7FJCC2,rec,1,20-2,20.0,2000.0,19.0,3658.5999999046326,False
A2XVLOZY7FJCC2,rec,1,20-2,20.0,2000.0,18.0,5669.399999976158,False
A2XVLOZY7FJCC2,rec,1,20-2,20.0,2000.0,20.0,1408.8999999761581,False
A2XVLOZY7FJCC2,rec,1,20-2,20.0,2000.0,19.0,1287.8999999761581,False
A2XVLOZY7FJCC2,rec,1,20-2,20.0,2000.0,4.0,30485.699999928474,False
A2XVLOZY7FJCC2,rec,1,20-2,20.0,2000.0,20.0,2310.2000000476837,False
A2XVLOZY7FJCC2,rec,2,20-2,20.0,2000.0,20.0,0.0,True
A2XVLOZY7FJCC2,rec,2,20-2,20.0,2000.0,19.0,8458.300000071526,False
A2XVLOZY7FJCC2,rec,2,20-2,20.0,2000.0,19.0,7610.900000095367,False
A2XVLOZY7FJCC2,rec,2,20-2,20.0,2000.0,18.0,7393.700000047684,False
A2XVLOZY7FJCC2,rec,2,20-2,20.0,2000.0,17.0,3295.7999999523163,False
A2XVLOZY7FJCC2,rec,2,20-2,20.0,2000.0,20.0,2925.2000000476837,False
A2XVLOZY7FJCC2,rec,2,20-2,20.0,2000.0,20.0,2415.600000023842,False
A2XVLOZY7FJCC2,rec,3,20-2,20.0,2000.0,8.0,1316.7999999821186,False
A2XVLOZY7FJCC2,rec,3,20-2,20.0,2000.0,20.0,0.0,True
A2XVLOZY7FJCC2,rec,3,20-2,20.0,2000.0,3.0,4346.9000000059605,False
A2XVLOZY7FJCC2,rec,3,20-2,20.0,2000.0,19.0,3422.9000000059605,False
A2XVLOZY7FJCC2,rec,3,20-2,20.0,2000.0,20.0,4181.899999976158,False
A2XVLOZY7FJCC2,rec,3,20-2,20.0,2000.0,20.0,1822.0,False
A2XVLOZY7FJCC2,rec,3,20-2,20.0,2000.0,20.0,1134.69999998808,False
A2XVLOZY7FJCC2,rec,3,20-2,20.0,2000.0,19.0,3299.0999999940395,False
A2XVLOZY7FJCC2,rec,3,20-2,20.0,2000.0,19.0,3875.399999976158,False
A2XVLOZY7FJCC2,rec,3,20-2,20.0,2000.0,19.0,4129.300000011921,False
A2XVLOZY7FJCC2,rec,3,20-2,20.0,2000.0,7.0,2614.5,False
A2XVLOZY7FJCC2,rec,3,20-2,20.0,2000.0,17.0,2543.9000000059605,False
A2XVLOZY7FJCC2,rec,4,20-2,20.0,2000.0,3.0,0.0,True
A2XVLOZY7FJCC2,rec,4,20-2,20.0,2000.0,20.0,3067.699999988079,False
A2XVLOZY7FJCC2,rec,4,20-2,20.0,2000.0,20.0,19431.600000023842,False
A2XVLOZY7FJCC2,rec,4,20-2,20.0,2000.0,20.0,4604.60000002384,False
A2XVLOZY7FJCC2,rec,4,20-2,20.0,2000.0,19.0,3214.400000035763,False
A2XVLOZY7FJCC2,rec,4,20-2,20.0,2000.0,20.0,10145.000000000002,False
A2XVLOZY7FJCC2,rec,4,20-2,20.0,2000.0,18.0,3736.300000011921,False
A2XVLOZY7FJCC2,rec,4,20-2,20.0,2000.0,19.0,4677.7000000476855,False
A2Y0VM8BAF0RMT,ns,1,30-1,30.0,1000.0,30.0,1575.0,False
A2Y0VM8BAF0RMT,ns,1,30-1,30.0,1000.0,1.0,14689.0,False
A2Y0VM8BAF0RMT,ns,1,30-1,30.0,1000.0,2.0,4095.0,False
A2Y0VM8BAF0RMT,ns,1,30-1,30.0,1000.0,28.0,6184.0,False
A2Y0VM8BAF0RMT,ns,1,30-1,30.0,1000.0,25.0,0.0,True
A2Y0VM8BAF0RMT,ns,1,30-1,30.0,1000.0,1.0,7376.0,False
A2Y0VM8BAF0RMT,ns,1,30-1,30.0,1000.0,2.0,7303.0,False
A2Y0VM8BAF0RMT,ns,1,30-1,30.0,1000.0,1.0,3194.0,False
A2Y0VM8BAF0RMT,ns,1,30-1,30.0,1000.0,30.0,5341.0,False
A2Y0VM8BAF0RMT,ns,1,30-1,30.0,1000.0,28.0,2493.0,False
A2Y0VM8BAF0RMT,ns,1,30-1,30.0,1000.0,1.0,6704.0,False
A2Y0VM8BAF0RMT,ns,1,30-1,30.0,1000.0,3.0,5295.0,False
A2Y0VM8BAF0RMT,ns,2,30-1,30.0,1000.0,29.0,819.0,False
A2Y0VM8BAF0RMT,ns,2,30-1,30.0,1000.0,29.0,1500.0,False
A2Y0VM8BAF0RMT,ns,2,30-1,30.0,1000.0,1.0,14377.0,False
A2Y0VM8BAF0RMT,ns,2,30-1,30.0,1000.0,25.0,745.0,False
A2Y0VM8BAF0RMT,ns,2,30-1,30.0,1000.0,29.0,3650.0,False
A2Y0VM8BAF0RMT,ns,2,30-1,30.0,1000.0,4.0,4149.0,False
A2Y0VM8BAF0RMT,ns,2,30-1,30.0,1000.0,28.0,0.0,True
A2Y0VM8BAF0RMT,ns,2,30-1,30.0,1000.0,2.0,2330.0,False
A2Y0VM8BAF0RMT,ns,2,30-1,30.0,1000.0,1.0,3184.0,False
A2Y0VM8BAF0RMT,ns,2,30-1,30.0,1000.0,29.0,13.0,False
A2Y0VM8BAF0RMT,ns,2,30-1,30.0,1000.0,27.0,3122.0,False
A2Y8LZS5C81O25,prim,1,15-2,15.0,2000.0,1.0,740.0,False
A2Y8LZS5C81O25,prim,1,15-2,15.0,2000.0,2.0,11667.0,False
A2Y8LZS5C81O25,prim,1,15-2,15.0,2000.0,1.0,1377.0,False
A2Y8LZS5C81O25,prim,1,15-2,15.0,2000.0,2.0,860.0,False
A2Y8LZS5C81O25,prim,1,15-2,15.0,2000.0,7.0,7469.0,False
A2Y8LZS5C81O25,prim,1,15-2,15.0,2000.0,1.0,205.0,False
A2Y8LZS5C81O25,prim,1,15-2,15.0,2000.0,2.0,562.0,False
A2Y8LZS5C81O25,prim,1,15-2,15.0,2000.0,4.0,1871.0,False
A2Y8LZS5C81O25,prim,1,15-2,15.0,2000.0,2.0,0.0,True
A2Y8LZS5C81O25,prim,1,15-2,15.0,2000.0,1.0,2298.0,False
A2Y8LZS5C81O25,prim,2,15-2,15.0,2000.0,2.0,0.0,True
A2Y8LZS5C81O25,prim,2,15-2,15.0,2000.0,1.0,5549.0,False
A2Y8LZS5C81O25,prim,2,15-2,15.0,2000.0,1.0,3517.0,False
A2Y8LZS5C81O25,prim,2,15-2,15.0,2000.0,1.0,10731.0,False
A2Y8LZS5C81O25,prim,2,15-2,15.0,2000.0,5.0,8224.0,False
A2Y8LZS5C81O25,prim,2,15-2,15.0,2000.0,1.0,5317.0,False
A2Y8LZS5C81O25,prim,2,15-2,15.0,2000.0,1.0,3151.0,False
A2Y8LZS5C81O25,prim,2,15-2,15.0,2000.0,5.0,8088.0,False
A2Y8LZS5C81O25,prim,2,15-2,15.0,2000.0,3.0,6256.0,False
A2Y8LZS5C81O25,prim,2,15-2,15.0,2000.0,2.0,2979.0,False
A2Y8LZS5C81O25,prim,2,15-2,15.0,2000.0,1.0,2212.0,False
A2Y8LZS5C81O25,prim,2,15-2,15.0,2000.0,2.0,862.0,False
A2Y8LZS5C81O25,prim,3,15-2,15.0,2000.0,2.0,278.0,False
A2Y8LZS5C81O25,prim,3,15-2,15.0,2000.0,2.0,4219.0,False
A2Y8LZS5C81O25,prim,3,15-2,15.0,2000.0,2.0,3658.0,False
A2Y8LZS5C81O25,prim,3,15-2,15.0,2000.0,2.0,3086.0,False
A2Y8LZS5C81O25,prim,3,15-2,15.0,2000.0,1.0,2413.0,False
A2Y8LZS5C81O25,prim,3,15-2,15.0,2000.0,1.0,3315.0,False
A2Y8LZS5C81O25,prim,3,15-2,15.0,2000.0,1.0,4919.0,False
A2Y8LZS5C81O25,prim,3,15-2,15.0,2000.0,1.0,0.0,True
A2Y8LZS5C81O25,prim,3,15-2,15.0,2000.0,1.0,3411.0,False
A2Y8LZS5C81O25,prim,4,15-2,15.0,2000.0,3.0,1917.0,False
A2Y8LZS5C81O25,prim,4,15-2,15.0,2000.0,14.0,8611.0,False
A2Y8LZS5C81O25,prim,4,15-2,15.0,2000.0,1.0,1961.0,False
A2Y8LZS5C81O25,prim,4,15-2,15.0,2000.0,1.0,4208.0,False
A2Y8LZS5C81O25,prim,4,15-2,15.0,2000.0,1.0,2749.0,False
A2Y8LZS5C81O25,prim,4,15-2,15.0,2000.0,2.0,7620.0,False
A2Y8LZS5C81O25,prim,4,15-2,15.0,2000.0,1.0,0.0,True
A2Y8LZS5C81O25,prim,4,15-2,15.0,2000.0,2.0,1166.0,False
A2Y8LZS5C81O25,prim,4,15-2,15.0,2000.0,4.0,5198.0,False
A2Y8LZS5C81O25,prim,4,15-2,15.0,2000.0,1.0,2332.0,False
A2ZGAH6NOSU2PO,rec,1,30-1,30.0,1000.0,30.0,0.0,True
A2ZGAH6NOSU2PO,rec,1,30-1,30.0,1000.0,28.0,5739.099999904633,False
A2ZGAH6NOSU2PO,rec,1,30-1,30.0,1000.0,30.0,12411.700000047684,False
A2ZGAH6NOSU2PO,rec,1,30-1,30.0,1000.0,30.0,4347.099999904633,False
A2ZGAH6NOSU2PO,rec,1,30-1,30.0,1000.0,30.0,7683.0,False
A2ZGAH6NOSU2PO,rec,1,30-1,30.0,1000.0,30.0,4651.5,False
A2ZGAH6NOSU2PO,rec,1,30-1,30.0,1000.0,30.0,4527.900000095367,False
A2ZGAH6NOSU2PO,rec,1,30-1,30.0,1000.0,30.0,4336.399999856949,False
A2ZGAH6NOSU2PO,rec,1,30-1,30.0,1000.0,28.0,4268.699999809265,False
A2ZGAH6NOSU2PO,rec,1,30-1,30.0,1000.0,28.0,5004.599999904633,False
A2ZGAH6NOSU2PO,rec,1,30-1,30.0,1000.0,29.0,3111.8999998569484,False
A2ZGAH6NOSU2PO,rec,1,30-1,30.0,1000.0,30.0,4905.200000047684,False
A2ZGAH6NOSU2PO,rec,2,30-1,30.0,1000.0,29.0,0.0,True
A2ZGAH6NOSU2PO,rec,2,30-1,30.0,1000.0,29.0,5236.700000047684,False
A2ZGAH6NOSU2PO,rec,2,30-1,30.0,1000.0,29.0,5758.300000190735,False
A2ZGAH6NOSU2PO,rec,2,30-1,30.0,1000.0,29.0,3864.9000000953674,False
A2ZGAH6NOSU2PO,rec,2,30-1,30.0,1000.0,29.0,3039.5999999046326,False
A2ZGAH6NOSU2PO,rec,2,30-1,30.0,1000.0,30.0,2436.7000000476837,False
A2ZGAH6NOSU2PO,rec,2,30-1,30.0,1000.0,30.0,7325.399999856949,False
A2ZGAH6NOSU2PO,rec,2,30-1,30.0,1000.0,28.0,5865.899999856949,False
A2ZGAH6NOSU2PO,rec,2,30-1,30.0,1000.0,30.0,6932.700000047684,False
A2ZGAH6NOSU2PO,rec,2,30-1,30.0,1000.0,30.0,10409.299999952316,False
A2ZGAH6NOSU2PO,rec,2,30-1,30.0,1000.0,30.0,6648.700000047684,False
A2ZGAH6NOSU2PO,rec,2,30-1,30.0,1000.0,30.0,8500.899999856949,False
A2ZVBFH732LYXQ,prim,1,20-2,20.0,2000.0,1.0,0.0,True
A2ZVBFH732LYXQ,prim,1,20-2,20.0,2000.0,1.0,1599.3999999985099,False
A2ZVBFH732LYXQ,prim,1,20-2,20.0,2000.0,1.0,5370.699999999255,False
A2ZVBFH732LYXQ,prim,1,20-2,20.0,2000.0,1.0,64620.5,False
A2ZVBFH732LYXQ,prim,1,20-2,20.0,2000.0,1.0,1314.9999999962747,False
A2ZVBFH732LYXQ,prim,1,20-2,20.0,2000.0,1.0,3072.499999999998,False
A2ZVBFH732LYXQ,prim,2,20-2,20.0,2000.0,1.0,0.0,True
A2ZVBFH732LYXQ,prim,2,20-2,20.0,2000.0,1.0,5404.5999999996275,False
A2ZVBFH732LYXQ,prim,2,20-2,20.0,2000.0,1.0,2570.2999999998137,False
A2ZVBFH732LYXQ,prim,2,20-2,20.0,2000.0,1.0,3845.5999999996275,False
A2ZVBFH732LYXQ,prim,2,20-2,20.0,2000.0,1.0,4274.699999999255,False
A2ZVBFH732LYXQ,prim,2,20-2,20.0,2000.0,1.0,10242.099999999627,False
A2ZVBFH732LYXQ,prim,2,20-2,20.0,2000.0,1.0,3064.5999999996275,False
A2ZVBFH732LYXQ,prim,2,20-2,20.0,2000.0,1.0,6535.299999999814,False
A2ZVBFH732LYXQ,prim,2,20-2,20.0,2000.0,1.0,5830.5999999996275,False
A2ZVBFH732LYXQ,prim,3,20-2,20.0,2000.0,1.0,0.0,True
A2ZVBFH732LYXQ,prim,3,20-2,20.0,2000.0,1.0,4084.2000000001863,False
A2ZVBFH732LYXQ,prim,3,20-2,20.0,2000.0,1.0,2257.2000000001854,False
A2ZVBFH732LYXQ,prim,3,20-2,20.0,2000.0,1.0,4713.400000001304,False
A2ZVBFH732LYXQ,prim,3,20-2,20.0,2000.0,1.0,3097.899999999441,False
A2ZVBFH732LYXQ,prim,3,20-2,20.0,2000.0,1.0,4501.100000000557,False
A2ZVBFH732LYXQ,prim,3,20-2,20.0,2000.0,1.0,35494.700000000186,False
A2ZVBFH732LYXQ,prim,3,20-2,20.0,2000.0,1.0,1778.4000000013039,False
A2ZVBFH732LYXQ,prim,3,20-2,20.0,2000.0,1.0,807.6000000005588,False
A2ZVBFH732LYXQ,prim,4,20-2,20.0,2000.0,1.0,0.0,True
A2ZVBFH732LYXQ,prim,4,20-2,20.0,2000.0,1.0,3860.89999999851,False
A2ZVBFH732LYXQ,prim,4,20-2,20.0,2000.0,1.0,2006.4999999981383,False
A2ZVBFH732LYXQ,prim,4,20-2,20.0,2000.0,1.0,7960.89999999851,False
A2ZVBFH732LYXQ,prim,4,20-2,20.0,2000.0,1.0,5726.599999997767,False
A2ZVBFH732LYXQ,prim,4,20-2,20.0,2000.0,1.0,6410.199999997392,False
A2ZVBFH732LYXQ,prim,4,20-2,20.0,2000.0,1.0,3219.89999999851,False
A2ZVBFH732LYXQ,prim,4,20-2,20.0,2000.0,1.0,5399.89999999851,False
A2ZVBFH732LYXQ,prim,4,20-2,20.0,2000.0,1.0,1560.0999999977648,False
A3026HLELYNW7U,rec,1,20-1,20.0,1000.0,20.0,1396.0,False
A3026HLELYNW7U,rec,1,20-1,20.0,1000.0,20.0,7359.0,False
A3026HLELYNW7U,rec,1,20-1,20.0,1000.0,20.0,0.0,True
A3026HLELYNW7U,rec,1,20-1,20.0,1000.0,4.0,2843.0,False
A3026HLELYNW7U,rec,1,20-1,20.0,1000.0,18.0,2908.0,False
A3026HLELYNW7U,rec,1,20-1,20.0,1000.0,20.0,81.0,False
A3026HLELYNW7U,rec,1,20-1,20.0,1000.0,19.0,2218.0,False
A3026HLELYNW7U,rec,1,20-1,20.0,1000.0,20.0,1612.0,False
A3026HLELYNW7U,rec,1,20-1,20.0,1000.0,18.0,2768.0,False
A3026HLELYNW7U,rec,2,20-1,20.0,1000.0,1.0,0.0,True
A3026HLELYNW7U,rec,2,20-1,20.0,1000.0,19.0,1978.0,False
A3026HLELYNW7U,rec,2,20-1,20.0,1000.0,18.0,4754.0,False
A3026HLELYNW7U,rec,2,20-1,20.0,1000.0,20.0,4400.0,False
A3026HLELYNW7U,rec,2,20-1,20.0,1000.0,19.0,998.0,False
A3026HLELYNW7U,rec,2,20-1,20.0,1000.0,18.0,2516.0,False
A3026HLELYNW7U,rec,2,20-1,20.0,1000.0,20.0,2608.0,False
A3026HLELYNW7U,rec,2,20-1,20.0,1000.0,20.0,4834.0,False
A3026HLELYNW7U,rec,2,20-1,20.0,1000.0,19.0,1045.0,False
A3026HLELYNW7U,rec,2,20-1,20.0,1000.0,20.0,4984.0,False
A3026HLELYNW7U,rec,2,20-1,20.0,1000.0,20.0,2509.0,False
A3026HLELYNW7U,rec,3,20-1,20.0,1000.0,19.0,0.0,True
A3026HLELYNW7U,rec,3,20-1,20.0,1000.0,9.0,8825.0,False
A3026HLELYNW7U,rec,3,20-1,20.0,1000.0,19.0,4190.0,False
A3026HLELYNW7U,rec,3,20-1,20.0,1000.0,20.0,4363.0,False
A3026HLELYNW7U,rec,3,20-1,20.0,1000.0,19.0,3582.0,False
A3026HLELYNW7U,rec,3,20-1,20.0,1000.0,19.0,7039.0,False
A3026HLELYNW7U,rec,3,20-1,20.0,1000.0,19.0,3375.0,False
A3026HLELYNW7U,rec,3,20-1,20.0,1000.0,20.0,1689.0,False
A3026HLELYNW7U,rec,4,20-1,20.0,1000.0,16.0,2972.0,False
A3026HLELYNW7U,rec,4,20-1,20.0,1000.0,20.0,6720.0,False
A3026HLELYNW7U,rec,4,20-1,20.0,1000.0,16.0,25916.0,False
A3026HLELYNW7U,rec,4,20-1,20.0,1000.0,20.0,4190.0,False
A3026HLELYNW7U,rec,4,20-1,20.0,1000.0,20.0,1806.0,False
A3026HLELYNW7U,rec,4,20-1,20.0,1000.0,20.0,388.0,False
A3026HLELYNW7U,rec,4,20-1,20.0,1000.0,19.0,0.0,True
A3026HLELYNW7U,rec,4,20-1,20.0,1000.0,20.0,2542.0,False
A3026HLELYNW7U,rec,4,20-1,20.0,1000.0,20.0,4242.0,False
A3026HLELYNW7U,rec,4,20-1,20.0,1000.0,20.0,2595.0,False
A304UJAE051J89,rec,1,20-2,20.0,2000.0,4.0,1801.6000001430511,False
A304UJAE051J89,rec,1,20-2,20.0,2000.0,20.0,606.2000000476837,False
A304UJAE051J89,rec,1,20-2,20.0,2000.0,1.0,31613.700000047684,False
A304UJAE051J89,rec,1,20-2,20.0,2000.0,20.0,0.0,True
A304UJAE051J89,rec,1,20-2,20.0,2000.0,20.0,2456.2999999523163,False
A304UJAE051J89,rec,1,20-2,20.0,2000.0,20.0,117.70000004768417,False
A304UJAE051J89,rec,1,20-2,20.0,2000.0,20.0,1285.9000000953674,False
A304UJAE051J89,rec,1,20-2,20.0,2000.0,20.0,8705.699999809263,False
A304UJAE051J89,rec,1,20-2,20.0,2000.0,20.0,1932.9000000953674,False
A304UJAE051J89,rec,1,20-2,20.0,2000.0,20.0,3126.7999999523163,False
A304UJAE051J89,rec,1,20-2,20.0,2000.0,20.0,1683.5,False
A304UJAE051J89,rec,2,20-2,20.0,2000.0,12.0,0.0,True
A304UJAE051J89,rec,2,20-2,20.0,2000.0,20.0,3101.900000035763,False
A304UJAE051J89,rec,2,20-2,20.0,2000.0,17.0,1047.8999999761581,False
A304UJAE051J89,rec,2,20-2,20.0,2000.0,19.0,1957.5,False
A304UJAE051J89,rec,2,20-2,20.0,2000.0,20.0,976.9000000357628,False
A304UJAE051J89,rec,2,20-2,20.0,2000.0,20.0,2163.099999964237,False
A304UJAE051J89,rec,2,20-2,20.0,2000.0,20.0,4312.699999988079,False
A304UJAE051J89,rec,2,20-2,20.0,2000.0,20.0,3529.599999964237,False
A304UJAE051J89,rec,2,20-2,20.0,2000.0,20.0,1439.0,False
A304UJAE051J89,rec,2,20-2,20.0,2000.0,20.0,612.5,False
A304UJAE051J89,rec,2,20-2,20.0,2000.0,20.0,6912.399999976158,False
A304UJAE051J89,rec,2,20-2,20.0,2000.0,20.0,3626.400000035763,False
A304UJAE051J89,rec,3,20-2,20.0,2000.0,20.0,0.0,True
A304UJAE051J89,rec,3,20-2,20.0,2000.0,20.0,6051.600000023842,False
A304UJAE051J89,rec,3,20-2,20.0,2000.0,1.0,13931.299999952316,False
A304UJAE051J89,rec,3,20-2,20.0,2000.0,20.0,2411.7999999523163,False
A304UJAE051J89,rec,3,20-2,20.0,2000.0,20.0,1174.4000000953674,False
A304UJAE051J89,rec,3,20-2,20.0,2000.0,20.0,2465.5,False
A304UJAE051J89,rec,3,20-2,20.0,2000.0,20.0,2606.0,False
A304UJAE051J89,rec,3,20-2,20.0,2000.0,20.0,1158.9000000953674,False
A304UJAE051J89,rec,3,20-2,20.0,2000.0,20.0,1626.599999904633,False
A304UJAE051J89,rec,3,20-2,20.0,2000.0,20.0,955.0,False
A304UJAE051J89,rec,3,20-2,20.0,2000.0,20.0,2041.5,False
A304UJAE051J89,rec,3,20-2,20.0,2000.0,20.0,1580.8999999761581,False
A304UJAE051J89,rec,4,20-2,20.0,2000.0,1.0,0.0,True
A304UJAE051J89,rec,4,20-2,20.0,2000.0,20.0,3213.500000000001,False
A304UJAE051J89,rec,4,20-2,20.0,2000.0,20.0,2479.100000023842,False
A304UJAE051J89,rec,4,20-2,20.0,2000.0,20.0,429.40000000596046,False
A304UJAE051J89,rec,4,20-2,20.0,2000.0,20.0,801.8000000119214,False
A304UJAE051J89,rec,4,20-2,20.0,2000.0,19.0,1517.9000000059605,False
A304UJAE051J89,rec,4,20-2,20.0,2000.0,20.0,4781.600000023842,False
A304UJAE051J89,rec,4,20-2,20.0,2000.0,20.0,18853.20000001788,False
A304UJAE051J89,rec,4,20-2,20.0,2000.0,20.0,3257.5000000298023,False
A304UJAE051J89,rec,4,20-2,20.0,2000.0,20.0,6546.0,False
A304UJAE051J89,rec,4,20-2,20.0,2000.0,20.0,3238.9000000059605,False
A304UJAE051J89,rec,4,20-2,20.0,2000.0,20.0,3284.5999999940395,False
A30DHHAL100LZR,ns,1,30-1,30.0,1000.0,24.0,1859.0,False
A30DHHAL100LZR,ns,1,30-1,30.0,1000.0,28.0,6784.0,False
A30DHHAL100LZR,ns,1,30-1,30.0,1000.0,27.0,2624.0,False
A30DHHAL100LZR,ns,1,30-1,30.0,1000.0,27.0,2659.0,False
A30DHHAL100LZR,ns,1,30-1,30.0,1000.0,28.0,2913.0,False
A30DHHAL100LZR,ns,1,30-1,30.0,1000.0,25.0,1451.0,False
A30DHHAL100LZR,ns,1,30-1,30.0,1000.0,28.0,3361.0,False
A30DHHAL100LZR,ns,1,30-1,30.0,1000.0,27.0,1098.0,False
A30DHHAL100LZR,ns,1,30-1,30.0,1000.0,24.0,231.0,False
A30DHHAL100LZR,ns,1,30-1,30.0,1000.0,25.0,0.0,True
A30DHHAL100LZR,ns,2,30-1,30.0,1000.0,24.0,596.0,False
A30DHHAL100LZR,ns,2,30-1,30.0,1000.0,11.0,16997.0,False
A30DHHAL100LZR,ns,2,30-1,30.0,1000.0,23.0,1560.0,False
A30DHHAL100LZR,ns,2,30-1,30.0,1000.0,24.0,0.0,True
A30DHHAL100LZR,ns,2,30-1,30.0,1000.0,27.0,195.0,False
A30DHHAL100LZR,ns,2,30-1,30.0,1000.0,30.0,653.0,False
A30DHHAL100LZR,ns,2,30-1,30.0,1000.0,25.0,1402.0,False
A30DHHAL100LZR,ns,2,30-1,30.0,1000.0,28.0,1280.0,False
A30DHHAL100LZR,ns,2,30-1,30.0,1000.0,30.0,287.0,False
A30DHHAL100LZR,ns,2,30-1,30.0,1000.0,27.0,1915.0,False
A30NL5N71G2YAU,ns,1,15-2,15.0,2000.0,4.0,768.2999997138977,False
A30NL5N71G2YAU,ns,1,15-2,15.0,2000.0,15.0,0.0,True
A30NL5N71G2YAU,ns,1,15-2,15.0,2000.0,15.0,1866.7000002861023,False
A30NL5N71G2YAU,ns,1,15-2,15.0,2000.0,1.0,7752.199999809265,False
A30NL5N71G2YAU,ns,1,15-2,15.0,2000.0,1.0,10178.599999904633,False
A30NL5N71G2YAU,ns,1,15-2,15.0,2000.0,15.0,5806.699999809265,False
A30NL5N71G2YAU,ns,2,15-2,15.0,2000.0,6.0,2140.1000003814697,False
A30NL5N71G2YAU,ns,2,15-2,15.0,2000.0,1.0,38268.60000038148,False
A30NL5N71G2YAU,ns,2,15-2,15.0,2000.0,15.0,2863.800000190735,False
A30NL5N71G2YAU,ns,2,15-2,15.0,2000.0,15.0,487.10000133514404,False
A30NL5N71G2YAU,ns,2,15-2,15.0,2000.0,14.0,819.100001335144,False
A30NL5N71G2YAU,ns,2,15-2,15.0,2000.0,1.0,999.3000001907349,False
A30NL5N71G2YAU,ns,2,15-2,15.0,2000.0,1.0,18477.200000762936,False
A30NL5N71G2YAU,ns,2,15-2,15.0,2000.0,15.0,552.0,False
A30NL5N71G2YAU,ns,2,15-2,15.0,2000.0,15.0,0.0,True
A30NL5N71G2YAU,ns,3,15-2,15.0,2000.0,2.0,2035.8999996185303,False
A30NL5N71G2YAU,ns,3,15-2,15.0,2000.0,15.0,0.0,True
A30NL5N71G2YAU,ns,3,15-2,15.0,2000.0,14.0,130.30000019073486,False
A30NL5N71G2YAU,ns,3,15-2,15.0,2000.0,15.0,636.8999996185303,False
A30NL5N71G2YAU,ns,3,15-2,15.0,2000.0,1.0,170.4000005722046,False
A30NL5N71G2YAU,ns,3,15-2,15.0,2000.0,15.0,898.0999994277954,False
A30NL5N71G2YAU,ns,3,15-2,15.0,2000.0,2.0,1229.0,False
A30NL5N71G2YAU,ns,3,15-2,15.0,2000.0,15.0,3125.300000190735,False
A30NL5N71G2YAU,ns,3,15-2,15.0,2000.0,14.0,646.9000005722046,False
A30NL5N71G2YAU,ns,4,15-2,15.0,2000.0,2.0,542.1000003814697,False
A30NL5N71G2YAU,ns,4,15-2,15.0,2000.0,15.0,142.10000038146973,False
A30NL5N71G2YAU,ns,4,15-2,15.0,2000.0,15.0,0.0,True
A30NL5N71G2YAU,ns,4,15-2,15.0,2000.0,15.0,1116.3000001907349,False
A30NL5N71G2YAU,ns,4,15-2,15.0,2000.0,15.0,4446.199999809265,False
A30NL5N71G2YAU,ns,4,15-2,15.0,2000.0,15.0,689.8000001907349,False
A30NL5N71G2YAU,ns,4,15-2,15.0,2000.0,15.0,512.8000001907349,False
A30NL5N71G2YAU,ns,4,15-2,15.0,2000.0,15.0,1035.0,False
A310Y949ILSN3P,prim,1,15-2,15.0,2000.0,1.0,0.0,True
A310Y949ILSN3P,prim,1,15-2,15.0,2000.0,1.0,2341.0,False
A310Y949ILSN3P,prim,1,15-2,15.0,2000.0,15.0,1115.0,False
A310Y949ILSN3P,prim,1,15-2,15.0,2000.0,1.0,4560.0,False
A310Y949ILSN3P,prim,1,15-2,15.0,2000.0,1.0,7175.0,False
A310Y949ILSN3P,prim,1,15-2,15.0,2000.0,1.0,6906.0,False
A310Y949ILSN3P,prim,1,15-2,15.0,2000.0,1.0,394.0,False
A310Y949ILSN3P,prim,1,15-2,15.0,2000.0,1.0,2116.0,False
A310Y949ILSN3P,prim,1,15-2,15.0,2000.0,1.0,4428.0,False
A310Y949ILSN3P,prim,2,15-2,15.0,2000.0,1.0,0.0,True
A310Y949ILSN3P,prim,2,15-2,15.0,2000.0,1.0,3152.0,False
A310Y949ILSN3P,prim,2,15-2,15.0,2000.0,2.0,4431.0,False
A310Y949ILSN3P,prim,2,15-2,15.0,2000.0,1.0,2972.0,False
A310Y949ILSN3P,prim,2,15-2,15.0,2000.0,1.0,1935.0,False
A310Y949ILSN3P,prim,2,15-2,15.0,2000.0,2.0,3301.0,False
A310Y949ILSN3P,prim,2,15-2,15.0,2000.0,1.0,3045.0,False
A310Y949ILSN3P,prim,2,15-2,15.0,2000.0,1.0,7729.0,False
A310Y949ILSN3P,prim,2,15-2,15.0,2000.0,1.0,5304.0,False
A310Y949ILSN3P,prim,2,15-2,15.0,2000.0,1.0,4829.0,False
A310Y949ILSN3P,prim,2,15-2,15.0,2000.0,1.0,3885.0,False
A310Y949ILSN3P,prim,2,15-2,15.0,2000.0,1.0,6486.0,False
A310Y949ILSN3P,prim,3,15-2,15.0,2000.0,1.0,0.0,True
A310Y949ILSN3P,prim,3,15-2,15.0,2000.0,1.0,5834.0,False
A310Y949ILSN3P,prim,3,15-2,15.0,2000.0,1.0,6528.0,False
A310Y949ILSN3P,prim,3,15-2,15.0,2000.0,1.0,10722.0,False
A310Y949ILSN3P,prim,3,15-2,15.0,2000.0,2.0,7372.0,False
A310Y949ILSN3P,prim,3,15-2,15.0,2000.0,1.0,5542.0,False
A310Y949ILSN3P,prim,3,15-2,15.0,2000.0,2.0,4929.0,False
A310Y949ILSN3P,prim,3,15-2,15.0,2000.0,1.0,1957.0,False
A310Y949ILSN3P,prim,3,15-2,15.0,2000.0,1.0,5091.0,False
A310Y949ILSN3P,prim,3,15-2,15.0,2000.0,1.0,6116.0,False
A310Y949ILSN3P,prim,4,15-2,15.0,2000.0,1.0,0.0,True
A310Y949ILSN3P,prim,4,15-2,15.0,2000.0,1.0,3916.0,False
A310Y949ILSN3P,prim,4,15-2,15.0,2000.0,1.0,788.0,False
A310Y949ILSN3P,prim,4,15-2,15.0,2000.0,1.0,11998.0,False
A310Y949ILSN3P,prim,4,15-2,15.0,2000.0,1.0,2487.0,False
A310Y949ILSN3P,prim,4,15-2,15.0,2000.0,1.0,776.0,False
A310Y949ILSN3P,prim,4,15-2,15.0,2000.0,2.0,317.0,False
A312HQ3OU0EYTB,rec,1,20-2,20.0,2000.0,1.0,0.0,True
A312HQ3OU0EYTB,rec,1,20-2,20.0,2000.0,1.0,2904.0,False
A312HQ3OU0EYTB,rec,1,20-2,20.0,2000.0,20.0,3733.0,False
A312HQ3OU0EYTB,rec,1,20-2,20.0,2000.0,19.0,3623.0,False
A312HQ3OU0EYTB,rec,1,20-2,20.0,2000.0,17.0,3200.0,False
A312HQ3OU0EYTB,rec,1,20-2,20.0,2000.0,20.0,5849.0,False
A312HQ3OU0EYTB,rec,1,20-2,20.0,2000.0,20.0,2088.0,False
A312HQ3OU0EYTB,rec,1,20-2,20.0,2000.0,19.0,2808.0,False
A312HQ3OU0EYTB,rec,1,20-2,20.0,2000.0,19.0,3470.0,False
A312HQ3OU0EYTB,rec,1,20-2,20.0,2000.0,19.0,2695.0,False
A312HQ3OU0EYTB,rec,1,20-2,20.0,2000.0,20.0,2114.0,False
A312HQ3OU0EYTB,rec,1,20-2,20.0,2000.0,20.0,5094.0,False
A312HQ3OU0EYTB,rec,2,20-2,20.0,2000.0,20.0,53.0,False
A312HQ3OU0EYTB,rec,2,20-2,20.0,2000.0,20.0,13510.0,False
A312HQ3OU0EYTB,rec,2,20-2,20.0,2000.0,20.0,1611.0,False
A312HQ3OU0EYTB,rec,2,20-2,20.0,2000.0,20.0,906.0,False
A312HQ3OU0EYTB,rec,2,20-2,20.0,2000.0,19.0,1690.0,False
A312HQ3OU0EYTB,rec,2,20-2,20.0,2000.0,20.0,0.0,True
A312HQ3OU0EYTB,rec,2,20-2,20.0,2000.0,20.0,1067.0,False
A312HQ3OU0EYTB,rec,2,20-2,20.0,2000.0,20.0,906.0,False
A312HQ3OU0EYTB,rec,2,20-2,20.0,2000.0,20.0,1092.0,False
A312HQ3OU0EYTB,rec,2,20-2,20.0,2000.0,17.0,963.0,False
A312HQ3OU0EYTB,rec,2,20-2,20.0,2000.0,17.0,1700.0,False
A312HQ3OU0EYTB,rec,3,20-2,20.0,2000.0,20.0,0.0,True
A312HQ3OU0EYTB,rec,3,20-2,20.0,2000.0,20.0,1692.0,False
A312HQ3OU0EYTB,rec,3,20-2,20.0,2000.0,20.0,2780.0,False
A312HQ3OU0EYTB,rec,3,20-2,20.0,2000.0,20.0,2838.0,False
A312HQ3OU0EYTB,rec,3,20-2,20.0,2000.0,18.0,1032.0,False
A312HQ3OU0EYTB,rec,3,20-2,20.0,2000.0,20.0,1135.0,False
A312HQ3OU0EYTB,rec,3,20-2,20.0,2000.0,20.0,1011.0,False
A312HQ3OU0EYTB,rec,3,20-2,20.0,2000.0,20.0,1652.0,False
A312HQ3OU0EYTB,rec,3,20-2,20.0,2000.0,20.0,1887.0,False
A312HQ3OU0EYTB,rec,3,20-2,20.0,2000.0,20.0,3788.0,False
A312HQ3OU0EYTB,rec,3,20-2,20.0,2000.0,20.0,1736.0,False
A312HQ3OU0EYTB,rec,3,20-2,20.0,2000.0,20.0,1166.0,False
A31P78W9ZCQXCS,ns,1,15-2,15.0,2000.0,1.0,1012.0,False
A31P78W9ZCQXCS,ns,1,15-2,15.0,2000.0,4.0,1520.0,False
A31P78W9ZCQXCS,ns,1,15-2,15.0,2000.0,1.0,1721.0,False
A31P78W9ZCQXCS,ns,1,15-2,15.0,2000.0,1.0,1484.0,False
A31P78W9ZCQXCS,ns,1,15-2,15.0,2000.0,3.0,4327.0,False
A31P78W9ZCQXCS,ns,1,15-2,15.0,2000.0,1.0,2197.0,False
A31P78W9ZCQXCS,ns,1,15-2,15.0,2000.0,3.0,13366.0,False
A31P78W9ZCQXCS,ns,1,15-2,15.0,2000.0,13.0,0.0,True
A31P78W9ZCQXCS,ns,1,15-2,15.0,2000.0,14.0,1398.0,False
A31P78W9ZCQXCS,ns,2,15-2,15.0,2000.0,2.0,2064.0,False
A31P78W9ZCQXCS,ns,2,15-2,15.0,2000.0,2.0,75911.0,False
A31P78W9ZCQXCS,ns,2,15-2,15.0,2000.0,1.0,4881.0,False
A31P78W9ZCQXCS,ns,2,15-2,15.0,2000.0,4.0,7738.0,False
A31P78W9ZCQXCS,ns,2,15-2,15.0,2000.0,1.0,1646.0,False
A31P78W9ZCQXCS,ns,2,15-2,15.0,2000.0,1.0,6696.0,False
A31P78W9ZCQXCS,ns,2,15-2,15.0,2000.0,1.0,657.0,False
A31P78W9ZCQXCS,ns,2,15-2,15.0,2000.0,1.0,1319.0,False
A31P78W9ZCQXCS,ns,2,15-2,15.0,2000.0,13.0,0.0,True
A31P78W9ZCQXCS,ns,3,15-2,15.0,2000.0,1.0,9841.0,False
A31P78W9ZCQXCS,ns,3,15-2,15.0,2000.0,1.0,0.0,True
A31P78W9ZCQXCS,ns,3,15-2,15.0,2000.0,3.0,11373.0,False
A31P78W9ZCQXCS,ns,3,15-2,15.0,2000.0,9.0,21565.0,False
A31P78W9ZCQXCS,ns,3,15-2,15.0,2000.0,1.0,10916.0,False
A31P78W9ZCQXCS,ns,3,15-2,15.0,2000.0,2.0,2467.0,False
A31P78W9ZCQXCS,ns,3,15-2,15.0,2000.0,1.0,847.0,False
A31P78W9ZCQXCS,ns,3,15-2,15.0,2000.0,1.0,1544.0,False
A31P78W9ZCQXCS,ns,3,15-2,15.0,2000.0,1.0,4266.0,False
A31P78W9ZCQXCS,ns,4,15-2,15.0,2000.0,14.0,233.0,False
A31P78W9ZCQXCS,ns,4,15-2,15.0,2000.0,10.0,5682.0,False
A31P78W9ZCQXCS,ns,4,15-2,15.0,2000.0,11.0,4692.0,False
A31P78W9ZCQXCS,ns,4,15-2,15.0,2000.0,15.0,739.0,False
A31P78W9ZCQXCS,ns,4,15-2,15.0,2000.0,12.0,2618.0,False
A31P78W9ZCQXCS,ns,4,15-2,15.0,2000.0,13.0,3515.0,False
A31P78W9ZCQXCS,ns,4,15-2,15.0,2000.0,8.0,607.0,False
A31P78W9ZCQXCS,ns,4,15-2,15.0,2000.0,13.0,4468.0,False
A31P78W9ZCQXCS,ns,4,15-2,15.0,2000.0,14.0,0.0,True
A31P78W9ZCQXCS,ns,4,15-2,15.0,2000.0,15.0,4460.0,False
A31SZFE8M7YK0S,ns,1,30-1,30.0,1000.0,11.0,2190.0,False
A31SZFE8M7YK0S,ns,1,30-1,30.0,1000.0,3.0,7552.0,False
A31SZFE8M7YK0S,ns,1,30-1,30.0,1000.0,1.0,3595.0,False
A31SZFE8M7YK0S,ns,1,30-1,30.0,1000.0,4.0,4998.0,False
A31SZFE8M7YK0S,ns,1,30-1,30.0,1000.0,4.0,7331.0,False
A31SZFE8M7YK0S,ns,1,30-1,30.0,1000.0,30.0,2645.0,False
A31SZFE8M7YK0S,ns,1,30-1,30.0,1000.0,2.0,26007.0,False
A31SZFE8M7YK0S,ns,1,30-1,30.0,1000.0,2.0,0.0,True
A31SZFE8M7YK0S,ns,1,30-1,30.0,1000.0,1.0,2806.0,False
A31SZFE8M7YK0S,ns,1,30-1,30.0,1000.0,5.0,6791.0,False
A31SZFE8M7YK0S,ns,2,30-1,30.0,1000.0,6.0,7482.0,False
A31SZFE8M7YK0S,ns,2,30-1,30.0,1000.0,2.0,5002.0,False
A31SZFE8M7YK0S,ns,2,30-1,30.0,1000.0,30.0,9151.0,False
A31SZFE8M7YK0S,ns,2,30-1,30.0,1000.0,27.0,2387.0,False
A31SZFE8M7YK0S,ns,2,30-1,30.0,1000.0,29.0,6394.0,False
A31SZFE8M7YK0S,ns,2,30-1,30.0,1000.0,30.0,4983.0,False
A31SZFE8M7YK0S,ns,2,30-1,30.0,1000.0,30.0,3529.0,False
A31SZFE8M7YK0S,ns,2,30-1,30.0,1000.0,23.0,0.0,True
A31SZFE8M7YK0S,ns,2,30-1,30.0,1000.0,30.0,2252.0,False
A31SZFE8M7YK0S,ns,3,30-1,30.0,1000.0,27.0,0.0,True
A31SZFE8M7YK0S,ns,3,30-1,30.0,1000.0,28.0,3554.0,False
A31SZFE8M7YK0S,ns,3,30-1,30.0,1000.0,25.0,904.0,False
A31SZFE8M7YK0S,ns,3,30-1,30.0,1000.0,29.0,7045.0,False
A31SZFE8M7YK0S,ns,3,30-1,30.0,1000.0,30.0,10230.0,False
A31SZFE8M7YK0S,ns,3,30-1,30.0,1000.0,1.0,21538.0,False
A31SZFE8M7YK0S,ns,3,30-1,30.0,1000.0,30.0,3245.0,False
A31SZFE8M7YK0S,ns,3,30-1,30.0,1000.0,26.0,32203.0,False
A31SZFE8M7YK0S,ns,3,30-1,30.0,1000.0,30.0,677.0,False
A31SZFE8M7YK0S,ns,3,30-1,30.0,1000.0,27.0,3496.0,False
A33GZS6SU4O20M,ns,1,40-1,40.0,1000.0,5.0,2440.0,False
A33GZS6SU4O20M,ns,1,40-1,40.0,1000.0,12.0,2693.0,False
A33GZS6SU4O20M,ns,1,40-1,40.0,1000.0,40.0,3187.0,False
A33GZS6SU4O20M,ns,1,40-1,40.0,1000.0,40.0,1540.0,False
A33GZS6SU4O20M,ns,1,40-1,40.0,1000.0,40.0,3666.0,False
A33GZS6SU4O20M,ns,1,40-1,40.0,1000.0,38.0,682.0,False
A33GZS6SU4O20M,ns,1,40-1,40.0,1000.0,38.0,2240.0,False
A33GZS6SU4O20M,ns,1,40-1,40.0,1000.0,36.0,384.0,False
A33GZS6SU4O20M,ns,1,40-1,40.0,1000.0,39.0,0.0,True
A33GZS6SU4O20M,ns,2,40-1,40.0,1000.0,20.0,0.0,True
A33GZS6SU4O20M,ns,2,40-1,40.0,1000.0,5.0,10086.0,False
A33GZS6SU4O20M,ns,2,40-1,40.0,1000.0,38.0,12581.0,False
A33GZS6SU4O20M,ns,2,40-1,40.0,1000.0,40.0,6324.0,False
A33GZS6SU4O20M,ns,2,40-1,40.0,1000.0,39.0,4857.0,False
A33GZS6SU4O20M,ns,3,40-1,40.0,1000.0,40.0,5735.0,False
A33GZS6SU4O20M,ns,3,40-1,40.0,1000.0,28.0,1201.0,False
A33GZS6SU4O20M,ns,3,40-1,40.0,1000.0,40.0,204.0,False
A33GZS6SU4O20M,ns,3,40-1,40.0,1000.0,39.0,0.0,True
A33GZS6SU4O20M,ns,3,40-1,40.0,1000.0,39.0,1126.0,False
A33GZS6SU4O20M,ns,3,40-1,40.0,1000.0,1.0,727.0,False
A33GZS6SU4O20M,ns,3,40-1,40.0,1000.0,40.0,539.0,False
A33GZS6SU4O20M,ns,3,40-1,40.0,1000.0,22.0,1418.0,False
A33GZS6SU4O20M,ns,4,40-1,40.0,1000.0,40.0,4360.0,False
A33GZS6SU4O20M,ns,4,40-1,40.0,1000.0,40.0,1497.0,False
A33GZS6SU4O20M,ns,4,40-1,40.0,1000.0,36.0,0.0,True
A33GZS6SU4O20M,ns,4,40-1,40.0,1000.0,36.0,3854.0,False
A33GZS6SU4O20M,ns,4,40-1,40.0,1000.0,2.0,3437.0,False
A33GZS6SU4O20M,ns,4,40-1,40.0,1000.0,4.0,372.0,False
A33GZS6SU4O20M,ns,4,40-1,40.0,1000.0,4.0,1081.0,False
A33GZS6SU4O20M,ns,4,40-1,40.0,1000.0,24.0,1239.0,False
A33X52IN60MSOE,rec,1,10-2,10.0,2000.0,1.0,0.0,True
A33X52IN60MSOE,rec,1,10-2,10.0,2000.0,10.0,2316.800000011921,False
A33X52IN60MSOE,rec,1,10-2,10.0,2000.0,10.0,1856.7999999821195,False
A33X52IN60MSOE,rec,1,10-2,10.0,2000.0,1.0,2656.0999999940395,False
A33X52IN60MSOE,rec,1,10-2,10.0,2000.0,9.0,1969.3999999761581,False
A33X52IN60MSOE,rec,1,10-2,10.0,2000.0,1.0,2149.199999988079,False
A33X52IN60MSOE,rec,1,10-2,10.0,2000.0,10.0,2784.699999988079,False
A33X52IN60MSOE,rec,1,10-2,10.0,2000.0,10.0,7.399999976158142,False
A33X52IN60MSOE,rec,1,10-2,10.0,2000.0,10.0,889.5999999642372,False
A33X52IN60MSOE,rec,1,10-2,10.0,2000.0,10.0,2735.199999988079,False
A33X52IN60MSOE,rec,1,10-2,10.0,2000.0,9.0,1061.199999988079,False
A33X52IN60MSOE,rec,1,10-2,10.0,2000.0,10.0,5796.299999982119,False
A33X52IN60MSOE,rec,2,10-2,10.0,2000.0,9.0,0.0,True
A33X52IN60MSOE,rec,2,10-2,10.0,2000.0,9.0,1156.3999999910607,False
A33X52IN60MSOE,rec,2,10-2,10.0,2000.0,10.0,5414.29999999702,False
A33X52IN60MSOE,rec,2,10-2,10.0,2000.0,8.0,1648.0000000000005,False
A33X52IN60MSOE,rec,2,10-2,10.0,2000.0,9.0,1645.0000000000005,False
A33X52IN60MSOE,rec,2,10-2,10.0,2000.0,10.0,483.20000000298114,False
A33X52IN60MSOE,rec,2,10-2,10.0,2000.0,9.0,347.09999999404045,False
A33X52IN60MSOE,rec,2,10-2,10.0,2000.0,9.0,1647.8999999910607,False
A33X52IN60MSOE,rec,2,10-2,10.0,2000.0,9.0,60.5,False
A33X52IN60MSOE,rec,2,10-2,10.0,2000.0,10.0,2089.3999999910607,False
A33X52IN60MSOE,rec,2,10-2,10.0,2000.0,10.0,11639.0,False
A33X52IN60MSOE,rec,2,10-2,10.0,2000.0,10.0,781.1999999880795,False
A347RDI3HZOUCY,prim,1,15-2,15.0,2000.0,1.0,0.0,True
A347RDI3HZOUCY,prim,1,15-2,15.0,2000.0,1.0,2349.0,False
A347RDI3HZOUCY,prim,1,15-2,15.0,2000.0,1.0,615.0,False
A347RDI3HZOUCY,prim,1,15-2,15.0,2000.0,2.0,1674.0,False
A347RDI3HZOUCY,prim,1,15-2,15.0,2000.0,1.0,173.0,False
A347RDI3HZOUCY,prim,1,15-2,15.0,2000.0,1.0,1416.0,False
A347RDI3HZOUCY,prim,1,15-2,15.0,2000.0,1.0,275.0,False
A347RDI3HZOUCY,prim,1,15-2,15.0,2000.0,1.0,867.0,False
A347RDI3HZOUCY,prim,1,15-2,15.0,2000.0,1.0,1264.0,False
A347RDI3HZOUCY,prim,1,15-2,15.0,2000.0,1.0,37.0,False
A347RDI3HZOUCY,prim,2,15-2,15.0,2000.0,1.0,0.0,True
A347RDI3HZOUCY,prim,2,15-2,15.0,2000.0,1.0,4493.0,False
A347RDI3HZOUCY,prim,2,15-2,15.0,2000.0,1.0,2975.0,False
A347RDI3HZOUCY,prim,2,15-2,15.0,2000.0,2.0,3331.0,False
A347RDI3HZOUCY,prim,2,15-2,15.0,2000.0,1.0,3905.0,False
A347RDI3HZOUCY,prim,2,15-2,15.0,2000.0,1.0,2922.0,False
A347RDI3HZOUCY,prim,2,15-2,15.0,2000.0,1.0,4276.0,False
A347RDI3HZOUCY,prim,2,15-2,15.0,2000.0,4.0,3829.0,False
A347RDI3HZOUCY,prim,2,15-2,15.0,2000.0,1.0,1371.0,False
A347RDI3HZOUCY,prim,2,15-2,15.0,2000.0,1.0,7940.0,False
A347RDI3HZOUCY,prim,3,15-2,15.0,2000.0,1.0,0.0,True
A347RDI3HZOUCY,prim,3,15-2,15.0,2000.0,1.0,8250.0,False
A347RDI3HZOUCY,prim,3,15-2,15.0,2000.0,1.0,2212.0,False
A347RDI3HZOUCY,prim,3,15-2,15.0,2000.0,1.0,2310.0,False
A347RDI3HZOUCY,prim,3,15-2,15.0,2000.0,1.0,5349.0,False
A347RDI3HZOUCY,prim,3,15-2,15.0,2000.0,1.0,3144.0,False
A347RDI3HZOUCY,prim,3,15-2,15.0,2000.0,3.0,5151.0,False
A347RDI3HZOUCY,prim,3,15-2,15.0,2000.0,2.0,3752.0,False
A347RDI3HZOUCY,prim,3,15-2,15.0,2000.0,1.0,14436.0,False
A347RDI3HZOUCY,prim,3,15-2,15.0,2000.0,2.0,4878.0,False
A347RDI3HZOUCY,prim,3,15-2,15.0,2000.0,1.0,2699.0,False
A347RDI3HZOUCY,prim,4,15-2,15.0,2000.0,1.0,0.0,True
A347RDI3HZOUCY,prim,4,15-2,15.0,2000.0,1.0,2144.0,False
A347RDI3HZOUCY,prim,4,15-2,15.0,2000.0,1.0,2566.0,False
A347RDI3HZOUCY,prim,4,15-2,15.0,2000.0,1.0,2261.0,False
A347RDI3HZOUCY,prim,4,15-2,15.0,2000.0,1.0,2420.0,False
A347RDI3HZOUCY,prim,4,15-2,15.0,2000.0,1.0,3746.0,False
A347RDI3HZOUCY,prim,4,15-2,15.0,2000.0,1.0,4104.0,False
A347RDI3HZOUCY,prim,4,15-2,15.0,2000.0,2.0,4864.0,False
A347RDI3HZOUCY,prim,4,15-2,15.0,2000.0,1.0,5406.0,False
A347RDI3HZOUCY,prim,4,15-2,15.0,2000.0,1.0,3283.0,False
A347RDI3HZOUCY,prim,4,15-2,15.0,2000.0,1.0,2511.0,False
A348NEQKS6VNIB,rec,1,10-2,10.0,2000.0,9.0,1355.7999999821186,False
A348NEQKS6VNIB,rec,1,10-2,10.0,2000.0,2.0,2639.499999999998,False
A348NEQKS6VNIB,rec,1,10-2,10.0,2000.0,5.0,2437.39999997616,False
A348NEQKS6VNIB,rec,1,10-2,10.0,2000.0,10.0,1607.699999988079,False
A348NEQKS6VNIB,rec,1,10-2,10.0,2000.0,9.0,2640.7999999821186,False
A348NEQKS6VNIB,rec,1,10-2,10.0,2000.0,10.0,1279.9000000059605,False
A348NEQKS6VNIB,rec,1,10-2,10.0,2000.0,9.0,1573.5,False
A348NEQKS6VNIB,rec,1,10-2,10.0,2000.0,10.0,0.0,True
A348NEQKS6VNIB,rec,1,10-2,10.0,2000.0,9.0,2927.7999999523145,False
A348NEQKS6VNIB,rec,1,10-2,10.0,2000.0,1.0,3230.300000011921,False
A348NEQKS6VNIB,rec,1,10-2,10.0,2000.0,10.0,954.1000000238419,False
A348NEQKS6VNIB,rec,1,10-2,10.0,2000.0,8.0,2742.4999999403954,False
A348NEQKS6VNIB,rec,2,10-2,10.0,2000.0,1.0,0.0,True
A348NEQKS6VNIB,rec,2,10-2,10.0,2000.0,10.0,3616.800000011921,False
A348NEQKS6VNIB,rec,2,10-2,10.0,2000.0,10.0,4233.699999988079,False
A348NEQKS6VNIB,rec,2,10-2,10.0,2000.0,10.0,4684.60000002384,False
A348NEQKS6VNIB,rec,2,10-2,10.0,2000.0,9.0,2107.5,False
A348NEQKS6VNIB,rec,2,10-2,10.0,2000.0,10.0,9119.300000011921,False
A348NEQKS6VNIB,rec,2,10-2,10.0,2000.0,10.0,2534.699999988079,False
A348NEQKS6VNIB,rec,2,10-2,10.0,2000.0,10.0,3190.199999988079,False
A348NEQKS6VNIB,rec,2,10-2,10.0,2000.0,10.0,370.9000000357628,False
A348NEQKS6VNIB,rec,2,10-2,10.0,2000.0,10.0,600.9000000357628,False
A348NEQKS6VNIB,rec,2,10-2,10.0,2000.0,10.0,2437.699999988079,False
A348NEQKS6VNIB,rec,3,10-2,10.0,2000.0,10.0,8474.900000095367,False
A348NEQKS6VNIB,rec,3,10-2,10.0,2000.0,10.0,2245.0,False
A348NEQKS6VNIB,rec,3,10-2,10.0,2000.0,10.0,5618.399999976158,False
A348NEQKS6VNIB,rec,3,10-2,10.0,2000.0,10.0,5230.600000023842,False
A348NEQKS6VNIB,rec,3,10-2,10.0,2000.0,10.0,4349.299999952316,False
A348NEQKS6VNIB,rec,3,10-2,10.0,2000.0,10.0,1398.2999999523163,False
A348NEQKS6VNIB,rec,3,10-2,10.0,2000.0,10.0,3123.2000000476837,False
A348NEQKS6VNIB,rec,3,10-2,10.0,2000.0,10.0,2770.600000023842,False
A348NEQKS6VNIB,rec,3,10-2,10.0,2000.0,9.0,4479.100000023842,False
A348NEQKS6VNIB,rec,3,10-2,10.0,2000.0,10.0,0.0,True
A348NEQKS6VNIB,rec,3,10-2,10.0,2000.0,10.0,3814.2999999523163,False
A348NEQKS6VNIB,rec,3,10-2,10.0,2000.0,10.0,5675.0,False
A348NEQKS6VNIB,rec,4,10-2,10.0,2000.0,1.0,1012.3000000417233,False
A348NEQKS6VNIB,rec,4,10-2,10.0,2000.0,1.0,2032.2000000178814,False
A348NEQKS6VNIB,rec,4,10-2,10.0,2000.0,8.0,10300.300000011921,False
A348NEQKS6VNIB,rec,4,10-2,10.0,2000.0,10.0,3909.7000000476837,False
A348NEQKS6VNIB,rec,4,10-2,10.0,2000.0,10.0,3043.900000035761,False
A348NEQKS6VNIB,rec,4,10-2,10.0,2000.0,10.0,1090.3000000417233,False
A348NEQKS6VNIB,rec,4,10-2,10.0,2000.0,10.0,2992.8000000119227,False
A348NEQKS6VNIB,rec,4,10-2,10.0,2000.0,8.0,1191.9000000357628,False
A348NEQKS6VNIB,rec,4,10-2,10.0,2000.0,6.0,3202.400000035761,False
A348NEQKS6VNIB,rec,4,10-2,10.0,2000.0,7.0,113.30000001192093,False
A348NEQKS6VNIB,rec,4,10-2,10.0,2000.0,7.0,0.0,True
A349BBTU7L597J,ns,1,10-2,10.0,2000.0,3.0,6327.700000047684,False
A349BBTU7L597J,ns,1,10-2,10.0,2000.0,1.0,0.0,True
A349BBTU7L597J,ns,1,10-2,10.0,2000.0,1.0,2691.2000000476837,False
A349BBTU7L597J,ns,1,10-2,10.0,2000.0,2.0,8874.200000047684,False
A349BBTU7L597J,ns,1,10-2,10.0,2000.0,1.0,2061.5000002384186,False
A349BBTU7L597J,ns,2,10-2,10.0,2000.0,2.0,3478.0999999046326,False
A349BBTU7L597J,ns,2,10-2,10.0,2000.0,1.0,4445.199999809265,False
A349BBTU7L597J,ns,2,10-2,10.0,2000.0,9.0,4060.199999809265,False
A349BBTU7L597J,ns,2,10-2,10.0,2000.0,10.0,1900.4000000953674,False
A349BBTU7L597J,ns,2,10-2,10.0,2000.0,10.0,7263.199999809265,False
A349BBTU7L597J,ns,2,10-2,10.0,2000.0,10.0,4342.099999904633,False
A349BBTU7L597J,ns,2,10-2,10.0,2000.0,1.0,0.0,True
A349BBTU7L597J,ns,2,10-2,10.0,2000.0,1.0,739.0,False
A349BBTU7L597J,ns,3,10-2,10.0,2000.0,6.0,0.0,True
A349BBTU7L597J,ns,3,10-2,10.0,2000.0,9.0,2202.0,False
A349BBTU7L597J,ns,3,10-2,10.0,2000.0,4.0,3129.2999999821195,False
A349BBTU7L597J,ns,3,10-2,10.0,2000.0,1.0,4439.299999982118,False
A349BBTU7L597J,ns,3,10-2,10.0,2000.0,8.0,2859.699999988079,False
A349BBTU7L597J,ns,3,10-2,10.0,2000.0,2.0,3036.5,False
A349BBTU7L597J,ns,3,10-2,10.0,2000.0,1.0,6186.199999988079,False
A349BBTU7L597J,ns,3,10-2,10.0,2000.0,2.0,13980.300000011921,False
A349BBTU7L597J,ns,4,10-2,10.0,2000.0,4.0,3099.9999998807907,False
A349BBTU7L597J,ns,4,10-2,10.0,2000.0,1.0,2807.7999999523163,False
A349BBTU7L597J,ns,4,10-2,10.0,2000.0,10.0,3232.399999976158,False
A349BBTU7L597J,ns,4,10-2,10.0,2000.0,8.0,5431.899999976158,False
A349BBTU7L597J,ns,4,10-2,10.0,2000.0,2.0,1899.5999999046326,False
A349BBTU7L597J,ns,4,10-2,10.0,2000.0,3.0,0.0,True
A349BBTU7L597J,ns,4,10-2,10.0,2000.0,9.0,3003.7999999523163,False
A349BBTU7L597J,ns,4,10-2,10.0,2000.0,2.0,1109.3999999761581,False
A34DYM8J0X5VK,rec,1,30-1,30.0,1000.0,30.0,1202.0,False
A34DYM8J0X5VK,rec,1,30-1,30.0,1000.0,28.0,1968.8999999761581,False
A34DYM8J0X5VK,rec,1,30-1,30.0,1000.0,28.0,3983.600000023842,False
A34DYM8J0X5VK,rec,1,30-1,30.0,1000.0,29.0,2682.100000023842,False
A34DYM8J0X5VK,rec,1,30-1,30.0,1000.0,29.0,1744.1000000238419,False
A34DYM8J0X5VK,rec,1,30-1,30.0,1000.0,28.0,2308.600000023842,False
A34DYM8J0X5VK,rec,1,30-1,30.0,1000.0,28.0,2492.2000000476837,False
A34DYM8J0X5VK,rec,1,30-1,30.0,1000.0,28.0,4166.600000023842,False
A34DYM8J0X5VK,rec,1,30-1,30.0,1000.0,29.0,0.0,True
A34DYM8J0X5VK,rec,1,30-1,30.0,1000.0,29.0,839.6000000238419,False
A34DYM8J0X5VK,rec,1,30-1,30.0,1000.0,30.0,1595.2999999523163,False
A34DYM8J0X5VK,rec,1,30-1,30.0,1000.0,29.0,598.300000071526,False
A34DYM8J0X5VK,rec,2,30-1,30.0,1000.0,27.0,954.2999999523158,False
A34DYM8J0X5VK,rec,2,30-1,30.0,1000.0,27.0,0.0,True
A34DYM8J0X5VK,rec,2,30-1,30.0,1000.0,30.0,332.29999995231583,False
A34DYM8J0X5VK,rec,2,30-1,30.0,1000.0,29.0,547.400000095367,False
A34DYM8J0X5VK,rec,2,30-1,30.0,1000.0,29.0,2299.3999998569484,False
A34DYM8J0X5VK,rec,2,30-1,30.0,1000.0,30.0,1314.900000095367,False
A34DYM8J0X5VK,rec,2,30-1,30.0,1000.0,29.0,149.70000004768372,False
A34DYM8J0X5VK,rec,2,30-1,30.0,1000.0,29.0,378.29999995231583,False
A34DYM8J0X5VK,rec,2,30-1,30.0,1000.0,28.0,116.70000004768372,False
A34DYM8J0X5VK,rec,2,30-1,30.0,1000.0,29.0,58.40000009536698,False
A34DYM8J0X5VK,rec,2,30-1,30.0,1000.0,29.0,2486.3999998569484,False
A34DYM8J0X5VK,rec,3,30-1,30.0,1000.0,30.0,220.89999997615814,False
A34DYM8J0X5VK,rec,3,30-1,30.0,1000.0,29.0,923.8999999761581,False
A34DYM8J0X5VK,rec,3,30-1,30.0,1000.0,28.0,0.0,True
A34DYM8J0X5VK,rec,3,30-1,30.0,1000.0,27.0,4212.400000035763,False
A34DYM8J0X5VK,rec,3,30-1,30.0,1000.0,29.0,3020.7999999523163,False
A34DYM8J0X5VK,rec,3,30-1,30.0,1000.0,30.0,1809.300000011921,False
A34DYM8J0X5VK,rec,3,30-1,30.0,1000.0,29.0,238.69999998807907,False
A34DYM8J0X5VK,rec,3,30-1,30.0,1000.0,30.0,637.0999999642372,False
A34DYM8J0X5VK,rec,3,30-1,30.0,1000.0,30.0,575.8999999761581,False
A34DYM8J0X5VK,rec,3,30-1,30.0,1000.0,29.0,943.3999999761581,False
A34DYM8J0X5VK,rec,3,30-1,30.0,1000.0,29.0,575.3000000119209,False
A34DYM8J0X5VK,rec,3,30-1,30.0,1000.0,28.0,407.5,False
A34DYM8J0X5VK,rec,4,30-1,30.0,1000.0,28.0,0.0,True
A34DYM8J0X5VK,rec,4,30-1,30.0,1000.0,30.0,874.1000000238423,False
A34DYM8J0X5VK,rec,4,30-1,30.0,1000.0,27.0,303.1000000238423,False
A34DYM8J0X5VK,rec,4,30-1,30.0,1000.0,29.0,606.3999999761586,False
A34DYM8J0X5VK,rec,4,30-1,30.0,1000.0,30.0,1221.400000095368,False
A34DYM8J0X5VK,rec,4,30-1,30.0,1000.0,28.0,632.300000071526,False
A34DYM8J0X5VK,rec,4,30-1,30.0,1000.0,28.0,689.800000071526,False
A34DYM8J0X5VK,rec,4,30-1,30.0,1000.0,29.0,3703.300000071526,False
A34DYM8J0X5VK,rec,4,30-1,30.0,1000.0,26.0,999.6000000238423,False
A34DYM8J0X5VK,rec,4,30-1,30.0,1000.0,28.0,6123.200000047684,False
A34DYM8J0X5VK,rec,4,30-1,30.0,1000.0,29.0,1132.5000000000005,False
A34HQHGLIW1FYS,ns,1,15-2,15.0,2000.0,1.0,1952.2000000178805,False
A34HQHGLIW1FYS,ns,1,15-2,15.0,2000.0,3.0,1695.7000000178805,False
A34HQHGLIW1FYS,ns,1,15-2,15.0,2000.0,1.0,939.0999999940386,False
A34HQHGLIW1FYS,ns,1,15-2,15.0,2000.0,1.0,2398.9000000059596,False
A34HQHGLIW1FYS,ns,1,15-2,15.0,2000.0,1.0,288.90000000595955,False
A34HQHGLIW1FYS,ns,1,15-2,15.0,2000.0,1.0,2806.5999999940386,False
A34HQHGLIW1FYS,ns,1,15-2,15.0,2000.0,1.0,10069.0,False
A34HQHGLIW1FYS,ns,1,15-2,15.0,2000.0,1.0,0.0,True
A34HQHGLIW1FYS,ns,2,15-2,15.0,2000.0,2.0,1881.2000000476837,False
A34HQHGLIW1FYS,ns,2,15-2,15.0,2000.0,4.0,43430.69999998808,False
A34HQHGLIW1FYS,ns,2,15-2,15.0,2000.0,15.0,2529.300000011919,False
A34HQHGLIW1FYS,ns,2,15-2,15.0,2000.0,5.0,9440.80000001192,False
A34HQHGLIW1FYS,ns,2,15-2,15.0,2000.0,6.0,6375.699999988077,False
A34HQHGLIW1FYS,ns,2,15-2,15.0,2000.0,1.0,5933.800000011919,False
A34HQHGLIW1FYS,ns,2,15-2,15.0,2000.0,14.0,352.0000000596028,False
A34HQHGLIW1FYS,ns,2,15-2,15.0,2000.0,5.0,1415.6999999880773,False
A34HQHGLIW1FYS,ns,2,15-2,15.0,2000.0,2.0,0.0,True
A34HQHGLIW1FYS,ns,3,15-2,15.0,2000.0,15.0,0.0,True
A34HQHGLIW1FYS,ns,3,15-2,15.0,2000.0,15.0,5769.300000071526,False
A34HQHGLIW1FYS,ns,3,15-2,15.0,2000.0,14.0,8944.5,False
A34HQHGLIW1FYS,ns,3,15-2,15.0,2000.0,13.0,5471.800000071526,False
A34HQHGLIW1FYS,ns,3,15-2,15.0,2000.0,15.0,2558.899999976158,False
A34HQHGLIW1FYS,ns,3,15-2,15.0,2000.0,15.0,14475.600000023842,False
A34HQHGLIW1FYS,ns,3,15-2,15.0,2000.0,14.0,1720.7000000476837,False
A34HQHGLIW1FYS,ns,3,15-2,15.0,2000.0,14.0,4024.399999976158,False
A34HQHGLIW1FYS,ns,3,15-2,15.0,2000.0,15.0,5417.399999976158,False
A34HQHGLIW1FYS,ns,4,15-2,15.0,2000.0,1.0,1476.3000000715256,False
A34HQHGLIW1FYS,ns,4,15-2,15.0,2000.0,14.0,26092.600000023845,False
A34HQHGLIW1FYS,ns,4,15-2,15.0,2000.0,15.0,15436.399999976158,False
A34HQHGLIW1FYS,ns,4,15-2,15.0,2000.0,12.0,4334.100000023842,False
A34HQHGLIW1FYS,ns,4,15-2,15.0,2000.0,15.0,16853.700000047684,False
A34HQHGLIW1FYS,ns,4,15-2,15.0,2000.0,15.0,10095.800000071526,False
A34HQHGLIW1FYS,ns,4,15-2,15.0,2000.0,14.0,1002.7000000476837,False
A34HQHGLIW1FYS,ns,4,15-2,15.0,2000.0,15.0,2143.5000001192093,False
A34HQHGLIW1FYS,ns,4,15-2,15.0,2000.0,15.0,13589.600000023845,False
A34HQHGLIW1FYS,ns,4,15-2,15.0,2000.0,15.0,0.0,True
A34IPEKX5WXJIN,prim,1,15-2,15.0,2000.0,1.0,19120.0,False
A34IPEKX5WXJIN,prim,1,15-2,15.0,2000.0,2.0,9549.0,False
A34IPEKX5WXJIN,prim,1,15-2,15.0,2000.0,15.0,2287.0,False
A34IPEKX5WXJIN,prim,1,15-2,15.0,2000.0,1.0,14424.0,False
A34IPEKX5WXJIN,prim,1,15-2,15.0,2000.0,14.0,2211.0,False
A34IPEKX5WXJIN,prim,1,15-2,15.0,2000.0,1.0,12644.0,False
A34IPEKX5WXJIN,prim,1,15-2,15.0,2000.0,2.0,0.0,True
A34IPEKX5WXJIN,prim,2,15-2,15.0,2000.0,1.0,2980.0,False
A34IPEKX5WXJIN,prim,2,15-2,15.0,2000.0,1.0,2457.0,False
A34IPEKX5WXJIN,prim,2,15-2,15.0,2000.0,3.0,4440.0,False
A34IPEKX5WXJIN,prim,2,15-2,15.0,2000.0,2.0,8123.0,False
A34IPEKX5WXJIN,prim,2,15-2,15.0,2000.0,1.0,1362.0,False
A34IPEKX5WXJIN,prim,2,15-2,15.0,2000.0,2.0,14084.0,False
A34IPEKX5WXJIN,prim,2,15-2,15.0,2000.0,5.0,0.0,True
A34IPEKX5WXJIN,prim,2,15-2,15.0,2000.0,1.0,24187.0,False
A34IPEKX5WXJIN,prim,2,15-2,15.0,2000.0,1.0,3649.0,False
A34IPEKX5WXJIN,prim,2,15-2,15.0,2000.0,1.0,4326.0,False
A34IPEKX5WXJIN,prim,3,15-2,15.0,2000.0,1.0,0.0,True
A34IPEKX5WXJIN,prim,3,15-2,15.0,2000.0,1.0,1567.0,False
A34IPEKX5WXJIN,prim,3,15-2,15.0,2000.0,3.0,43941.0,False
A34IPEKX5WXJIN,prim,3,15-2,15.0,2000.0,1.0,5026.0,False
A34IPEKX5WXJIN,prim,3,15-2,15.0,2000.0,1.0,18968.0,False
A34IPEKX5WXJIN,prim,3,15-2,15.0,2000.0,3.0,46157.0,False
A34IPEKX5WXJIN,prim,3,15-2,15.0,2000.0,2.0,21444.0,False
A34IPEKX5WXJIN,prim,3,15-2,15.0,2000.0,3.0,30430.0,False
A34IPEKX5WXJIN,prim,3,15-2,15.0,2000.0,1.0,3918.0,False
A34IPEKX5WXJIN,prim,4,15-2,15.0,2000.0,4.0,2444.0,False
A34IPEKX5WXJIN,prim,4,15-2,15.0,2000.0,1.0,1846.0,False
A34IPEKX5WXJIN,prim,4,15-2,15.0,2000.0,1.0,6593.0,False
A34IPEKX5WXJIN,prim,4,15-2,15.0,2000.0,1.0,7783.0,False
A34IPEKX5WXJIN,prim,4,15-2,15.0,2000.0,1.0,3913.0,False
A34IPEKX5WXJIN,prim,4,15-2,15.0,2000.0,1.0,0.0,True
A34IPEKX5WXJIN,prim,4,15-2,15.0,2000.0,1.0,19150.0,False
A34IPEKX5WXJIN,prim,4,15-2,15.0,2000.0,1.0,14415.0,False
A34IPEKX5WXJIN,prim,4,15-2,15.0,2000.0,2.0,33129.0,False
A34IPEKX5WXJIN,prim,4,15-2,15.0,2000.0,2.0,38942.0,False
A34IPEKX5WXJIN,prim,4,15-2,15.0,2000.0,2.0,85010.0,False
A34YNEN8UUI3CD,ns,1,15-2,15.0,2000.0,1.0,0.0,True
A34YNEN8UUI3CD,ns,1,15-2,15.0,2000.0,3.0,4144.60000000149,False
A34YNEN8UUI3CD,ns,1,15-2,15.0,2000.0,1.0,1169.8999999985099,False
A34YNEN8UUI3CD,ns,1,15-2,15.0,2000.0,12.0,1539.9999999925494,False
A34YNEN8UUI3CD,ns,1,15-2,15.0,2000.0,9.0,5125.19999999553,False
A34YNEN8UUI3CD,ns,1,15-2,15.0,2000.0,3.0,2007.6999999955297,False
A34YNEN8UUI3CD,ns,1,15-2,15.0,2000.0,9.0,2528.39999999851,False
A34YNEN8UUI3CD,ns,1,15-2,15.0,2000.0,13.0,1643.9999999925494,False
A34YNEN8UUI3CD,ns,1,15-2,15.0,2000.0,13.0,2719.7999999970198,False
A34YNEN8UUI3CD,ns,1,15-2,15.0,2000.0,14.0,2323.1999999955297,False
A34YNEN8UUI3CD,ns,1,15-2,15.0,2000.0,7.0,1585.9999999999995,False
A34YNEN8UUI3CD,ns,1,15-2,15.0,2000.0,9.0,1138.9999999925494,False
A34YNEN8UUI3CD,ns,2,15-2,15.0,2000.0,11.0,277.0000000298023,False
A34YNEN8UUI3CD,ns,2,15-2,15.0,2000.0,14.0,663.4000000059605,False
A34YNEN8UUI3CD,ns,2,15-2,15.0,2000.0,8.0,269.60000002384186,False
A34YNEN8UUI3CD,ns,2,15-2,15.0,2000.0,14.0,3094.9000000059605,False
A34YNEN8UUI3CD,ns,2,15-2,15.0,2000.0,14.0,6526.600000023842,False
A34YNEN8UUI3CD,ns,2,15-2,15.0,2000.0,1.0,0.0,True
A34YNEN8UUI3CD,ns,2,15-2,15.0,2000.0,6.0,1045.800000011921,False
A34YNEN8UUI3CD,ns,2,15-2,15.0,2000.0,1.0,1111.5000000298023,False
A34YNEN8UUI3CD,ns,2,15-2,15.0,2000.0,1.0,1614.1000000238423,False
A34YNEN8UUI3CD,ns,2,15-2,15.0,2000.0,2.0,1549.8000000119214,False
A34YNEN8UUI3CD,ns,2,15-2,15.0,2000.0,14.0,1844.0000000298023,False
A34YNEN8UUI3CD,ns,3,15-2,15.0,2000.0,11.0,0.0,True
A34YNEN8UUI3CD,ns,3,15-2,15.0,2000.0,9.0,1408.1000000238419,False
A34YNEN8UUI3CD,ns,3,15-2,15.0,2000.0,12.0,1099.5,False
A34YNEN8UUI3CD,ns,3,15-2,15.0,2000.0,10.0,3074.7000000476837,False
A34YNEN8UUI3CD,ns,3,15-2,15.0,2000.0,3.0,2306.900000035763,False
A34YNEN8UUI3CD,ns,3,15-2,15.0,2000.0,1.0,683.1999999880791,False
A34YNEN8UUI3CD,ns,3,15-2,15.0,2000.0,9.0,298.80000001192093,False
A34YNEN8UUI3CD,ns,3,15-2,15.0,2000.0,11.0,2098.7000000476837,False
A34YNEN8UUI3CD,ns,3,15-2,15.0,2000.0,12.0,1096.2000000476837,False
A34YNEN8UUI3CD,ns,3,15-2,15.0,2000.0,15.0,520.5,False
A34YNEN8UUI3CD,ns,3,15-2,15.0,2000.0,14.0,1426.1000000238419,False
A34YNEN8UUI3CD,ns,3,15-2,15.0,2000.0,13.0,684.1000000238419,False
A34YNEN8UUI3CD,ns,4,15-2,15.0,2000.0,13.0,0.0,True
A34YNEN8UUI3CD,ns,4,15-2,15.0,2000.0,15.0,971.2999999970202,False
A34YNEN8UUI3CD,ns,4,15-2,15.0,2000.0,10.0,921.2999999970202,False
A34YNEN8UUI3CD,ns,4,15-2,15.0,2000.0,10.0,1617.0000000000005,False
A34YNEN8UUI3CD,ns,4,15-2,15.0,2000.0,15.0,564.7999999970202,False
A34YNEN8UUI3CD,ns,4,15-2,15.0,2000.0,10.0,1038.2000000029807,False
A34YNEN8UUI3CD,ns,4,15-2,15.0,2000.0,12.0,2465.7000000029807,False
A34YNEN8UUI3CD,ns,4,15-2,15.0,2000.0,3.0,641.0999999940404,False
A34YNEN8UUI3CD,ns,4,15-2,15.0,2000.0,13.0,3948.29999999702,False
A34YNEN8UUI3CD,ns,4,15-2,15.0,2000.0,1.0,2869.79999999702,False
A34YNEN8UUI3CD,ns,4,15-2,15.0,2000.0,11.0,338.4999999850993,False
A34YNEN8UUI3CD,ns,4,15-2,15.0,2000.0,15.0,1021.6999999880804,False
A351P2O6QGTCS,rec,1,20-1,20.0,1000.0,20.0,2472.399999976158,False
A351P2O6QGTCS,rec,1,20-1,20.0,1000.0,20.0,5064.600000023842,False
A351P2O6QGTCS,rec,1,20-1,20.0,1000.0,20.0,1404.0000001192093,False
A351P2O6QGTCS,rec,1,20-1,20.0,1000.0,20.0,3915.5,False
A351P2O6QGTCS,rec,1,20-1,20.0,1000.0,20.0,922.1000000238419,False
A351P2O6QGTCS,rec,1,20-1,20.0,1000.0,20.0,3617.7000000476837,False
A351P2O6QGTCS,rec,1,20-1,20.0,1000.0,20.0,0.0,True
A351P2O6QGTCS,rec,1,20-1,20.0,1000.0,20.0,2056.899999976158,False
A351P2O6QGTCS,rec,1,20-1,20.0,1000.0,20.0,6030.700000047684,False
A351P2O6QGTCS,rec,1,20-1,20.0,1000.0,20.0,599.6000000238419,False
A351P2O6QGTCS,rec,1,20-1,20.0,1000.0,20.0,779.2999999523163,False
A351P2O6QGTCS,rec,1,20-1,20.0,1000.0,20.0,4693.399999976158,False
A351P2O6QGTCS,rec,2,20-1,20.0,1000.0,19.0,0.0,True
A351P2O6QGTCS,rec,2,20-1,20.0,1000.0,20.0,2035.0,False
A351P2O6QGTCS,rec,2,20-1,20.0,1000.0,20.0,5747.900000035763,False
A351P2O6QGTCS,rec,2,20-1,20.0,1000.0,19.0,4912.800000011921,False
A351P2O6QGTCS,rec,2,20-1,20.0,1000.0,18.0,3029.600000023842,False
A351P2O6QGTCS,rec,2,20-1,20.0,1000.0,19.0,3428.900000035763,False
A351P2O6QGTCS,rec,2,20-1,20.0,1000.0,20.0,3425.0,False
A351P2O6QGTCS,rec,2,20-1,20.0,1000.0,20.0,4225.500000059605,False
A351P2O6QGTCS,rec,2,20-1,20.0,1000.0,19.0,4563.300000011921,False
A351P2O6QGTCS,rec,2,20-1,20.0,1000.0,20.0,4888.300000071526,False
A351P2O6QGTCS,rec,2,20-1,20.0,1000.0,19.0,3895.0000000596046,False
A351P2O6QGTCS,rec,2,20-1,20.0,1000.0,20.0,3896.900000035763,False
A351P2O6QGTCS,rec,3,20-1,20.0,1000.0,19.0,0.0,True
A351P2O6QGTCS,rec,3,20-1,20.0,1000.0,20.0,3632.899999976158,False
A351P2O6QGTCS,rec,3,20-1,20.0,1000.0,20.0,2383.100000023842,False
A351P2O6QGTCS,rec,3,20-1,20.0,1000.0,18.0,3930.2999999523163,False
A351P2O6QGTCS,rec,3,20-1,20.0,1000.0,20.0,3133.1999999284744,False
A351P2O6QGTCS,rec,3,20-1,20.0,1000.0,20.0,4419.099999904633,False
A351P2O6QGTCS,rec,3,20-1,20.0,1000.0,18.0,3992.6999999284744,False
A351P2O6QGTCS,rec,3,20-1,20.0,1000.0,19.0,8805.299999833107,False
A351P2O6QGTCS,rec,3,20-1,20.0,1000.0,20.0,4808.899999976158,False
A351P2O6QGTCS,rec,3,20-1,20.0,1000.0,20.0,2640.1999999284744,False
A351P2O6QGTCS,rec,3,20-1,20.0,1000.0,19.0,6566.599999904633,False
A35S8HPY0V445,ns,1,20-2,20.0,2000.0,19.0,5437.299999952316,False
A35S8HPY0V445,ns,1,20-2,20.0,2000.0,18.0,221.70000004768372,False
A35S8HPY0V445,ns,1,20-2,20.0,2000.0,20.0,8052.200000047684,False
A35S8HPY0V445,ns,1,20-2,20.0,2000.0,4.0,278.59999990463257,False
A35S8HPY0V445,ns,1,20-2,20.0,2000.0,3.0,0.0,True
A35S8HPY0V445,ns,1,20-2,20.0,2000.0,1.0,4556.600000143051,False
A35S8HPY0V445,ns,2,20-2,20.0,2000.0,2.0,2009.0,False
A35S8HPY0V445,ns,2,20-2,20.0,2000.0,20.0,6892.599999904633,False
A35S8HPY0V445,ns,2,20-2,20.0,2000.0,12.0,22905.09999990464,False
A35S8HPY0V445,ns,2,20-2,20.0,2000.0,1.0,7639.39999961853,False
A35S8HPY0V445,ns,2,20-2,20.0,2000.0,20.0,0.0,True
A35S8HPY0V445,ns,2,20-2,20.0,2000.0,20.0,1335.9000000953674,False
A35S8HPY0V445,ns,2,20-2,20.0,2000.0,18.0,709.8999996185303,False
A35S8HPY0V445,ns,2,20-2,20.0,2000.0,19.0,2756.0999999046326,False
A35S8HPY0V445,ns,2,20-2,20.0,2000.0,15.0,5688.5,False
A35S8HPY0V445,ns,2,20-2,20.0,2000.0,20.0,14538.900000095367,False
A35S8HPY0V445,ns,2,20-2,20.0,2000.0,20.0,1964.8000001907349,False
A35S8HPY0V445,ns,3,20-2,20.0,2000.0,1.0,0.0,True
A35S8HPY0V445,ns,3,20-2,20.0,2000.0,1.0,3121.499999999998,False
A35S8HPY0V445,ns,3,20-2,20.0,2000.0,1.0,1931.2999999821186,False
A35S8HPY0V445,ns,3,20-2,20.0,2000.0,1.0,8230.699999988079,False
A35S8HPY0V445,ns,3,20-2,20.0,2000.0,2.0,1407.4999999701995,False
A35S8HPY0V445,ns,3,20-2,20.0,2000.0,4.0,992.4999999701977,False
A35S8HPY0V445,ns,3,20-2,20.0,2000.0,1.0,1530.199999988079,False
A35S8HPY0V445,ns,3,20-2,20.0,2000.0,1.0,6632.39999997616,False
A35S8HPY0V445,ns,4,20-2,20.0,2000.0,11.0,14072.100000023845,False
A35S8HPY0V445,ns,4,20-2,20.0,2000.0,20.0,7927.299999952316,False
A35S8HPY0V445,ns,4,20-2,20.0,2000.0,14.0,943.5,False
A35S8HPY0V445,ns,4,20-2,20.0,2000.0,17.0,6070.599999904633,False
A35S8HPY0V445,ns,4,20-2,20.0,2000.0,16.0,7747.699999928474,False
A35S8HPY0V445,ns,4,20-2,20.0,2000.0,20.0,498.7999999523163,False
A35S8HPY0V445,ns,4,20-2,20.0,2000.0,2.0,31308.59999990464,False
A35S8HPY0V445,ns,4,20-2,20.0,2000.0,2.0,10108.199999928478,False
A35S8HPY0V445,ns,4,20-2,20.0,2000.0,1.0,920.2999999523163,False
A35S8HPY0V445,ns,4,20-2,20.0,2000.0,5.0,5118.699999928474,False
A35S8HPY0V445,ns,4,20-2,20.0,2000.0,16.0,0.0,True
A35VI4SE31HD17,prim,1,15-2,15.0,2000.0,1.0,0.0,True
A35VI4SE31HD17,prim,1,15-2,15.0,2000.0,3.0,10730.90000000596,False
A35VI4SE31HD17,prim,1,15-2,15.0,2000.0,1.0,6877.800000011921,False
A35VI4SE31HD17,prim,1,15-2,15.0,2000.0,1.0,2440.300000011921,False
A35VI4SE31HD17,prim,1,15-2,15.0,2000.0,1.0,10041.600000023842,False
A35VI4SE31HD17,prim,1,15-2,15.0,2000.0,1.0,5225.600000008941,False
A35VI4SE31HD17,prim,1,15-2,15.0,2000.0,3.0,4612.900000020862,False
A35VI4SE31HD17,prim,1,15-2,15.0,2000.0,14.0,6018.4000000059605,False
A35VI4SE31HD17,prim,2,15-2,15.0,2000.0,1.0,8384.600000000559,False
A35VI4SE31HD17,prim,2,15-2,15.0,2000.0,5.0,3.599999999627471,False
A35VI4SE31HD17,prim,2,15-2,15.0,2000.0,2.0,2587.7000000011158,False
A35VI4SE31HD17,prim,2,15-2,15.0,2000.0,1.0,1998.4000000003725,False
A35VI4SE31HD17,prim,2,15-2,15.0,2000.0,8.0,0.0,True
A35VI4SE31HD17,prim,2,15-2,15.0,2000.0,3.0,7394.9000000003725,False
A35VI4SE31HD17,prim,2,15-2,15.0,2000.0,13.0,9676.300000000745,False
A35VI4SE31HD17,prim,2,15-2,15.0,2000.0,1.0,3368.0,False
A35VI4SE31HD17,prim,2,15-2,15.0,2000.0,5.0,2388.4000000003725,False
A35VI4SE31HD17,prim,3,15-2,15.0,2000.0,1.0,2872.8999999910593,False
A35VI4SE31HD17,prim,3,15-2,15.0,2000.0,1.0,15478.40000000596,False
A35VI4SE31HD17,prim,3,15-2,15.0,2000.0,1.0,7897.0999999940395,False
A35VI4SE31HD17,prim,3,15-2,15.0,2000.0,1.0,0.0,True
A35VI4SE31HD17,prim,3,15-2,15.0,2000.0,3.0,3690.9999999851007,False
A35VI4SE31HD17,prim,3,15-2,15.0,2000.0,1.0,2179.2000000029802,False
A35VI4SE31HD17,prim,4,15-2,15.0,2000.0,2.0,30004.800000071526,False
A35VI4SE31HD17,prim,4,15-2,15.0,2000.0,1.0,0.0,True
A35VI4SE31HD17,prim,4,15-2,15.0,2000.0,1.0,2489.1000000834483,False
A35VI4SE31HD17,prim,4,15-2,15.0,2000.0,1.0,3667.0000000596065,False
A35VI4SE31HD17,prim,4,15-2,15.0,2000.0,1.0,8749.200000047686,False
A35VI4SE31HD17,prim,4,15-2,15.0,2000.0,1.0,3681.5,False
A35VI4SE31HD17,prim,4,15-2,15.0,2000.0,1.0,4873.800000011923,False
A35VI4SE31HD17,prim,4,15-2,15.0,2000.0,1.0,6473.800000011923,False
A36IB78C6MVA3,prim,1,30-1,30.0,1000.0,1.0,9033.0,False
A36IB78C6MVA3,prim,1,30-1,30.0,1000.0,1.0,0.0,True
A36IB78C6MVA3,prim,1,30-1,30.0,1000.0,2.0,1820.0,False
A36IB78C6MVA3,prim,1,30-1,30.0,1000.0,1.0,2055.0,False
A36IB78C6MVA3,prim,1,30-1,30.0,1000.0,1.0,4570.0,False
A36IB78C6MVA3,prim,1,30-1,30.0,1000.0,1.0,1317.0,False
A36IB78C6MVA3,prim,1,30-1,30.0,1000.0,1.0,3063.0,False
A36IB78C6MVA3,prim,2,30-1,30.0,1000.0,1.0,1107.0,False
A36IB78C6MVA3,prim,2,30-1,30.0,1000.0,1.0,16415.0,False
A36IB78C6MVA3,prim,2,30-1,30.0,1000.0,29.0,64023.0,False
A36IB78C6MVA3,prim,2,30-1,30.0,1000.0,2.0,916.0,False
A36IB78C6MVA3,prim,2,30-1,30.0,1000.0,2.0,3498.0,False
A36IB78C6MVA3,prim,2,30-1,30.0,1000.0,2.0,7987.0,False
A36IB78C6MVA3,prim,2,30-1,30.0,1000.0,1.0,3886.0,False
A36IB78C6MVA3,prim,2,30-1,30.0,1000.0,2.0,0.0,True
A36S0DI86PL4J6,prim,1,15-2,15.0,2000.0,1.0,0.0,True
A36S0DI86PL4J6,prim,1,15-2,15.0,2000.0,15.0,1515.0,False
A36S0DI86PL4J6,prim,1,15-2,15.0,2000.0,1.0,3805.0,False
A36S0DI86PL4J6,prim,1,15-2,15.0,2000.0,14.0,184.0,False
A36S0DI86PL4J6,prim,1,15-2,15.0,2000.0,1.0,833.0,False
A36S0DI86PL4J6,prim,1,15-2,15.0,2000.0,1.0,5426.0,False
A36S0DI86PL4J6,prim,1,15-2,15.0,2000.0,1.0,4344.0,False
A36S0DI86PL4J6,prim,2,15-2,15.0,2000.0,1.0,5520.0,False
A36S0DI86PL4J6,prim,2,15-2,15.0,2000.0,1.0,4847.0,False
A36S0DI86PL4J6,prim,2,15-2,15.0,2000.0,1.0,1638.0,False
A36S0DI86PL4J6,prim,2,15-2,15.0,2000.0,1.0,1157.0,False
A36S0DI86PL4J6,prim,2,15-2,15.0,2000.0,2.0,6326.0,False
A36S0DI86PL4J6,prim,2,15-2,15.0,2000.0,1.0,1613.0,False
A36S0DI86PL4J6,prim,2,15-2,15.0,2000.0,15.0,0.0,True
A36S0DI86PL4J6,prim,2,15-2,15.0,2000.0,1.0,3567.0,False
A36S0DI86PL4J6,prim,3,15-2,15.0,2000.0,1.0,328.0,False
A36S0DI86PL4J6,prim,3,15-2,15.0,2000.0,1.0,6580.0,False
A36S0DI86PL4J6,prim,3,15-2,15.0,2000.0,1.0,388.0,False
A36S0DI86PL4J6,prim,3,15-2,15.0,2000.0,1.0,0.0,True
A36S0DI86PL4J6,prim,3,15-2,15.0,2000.0,15.0,2533.0,False
A36S0DI86PL4J6,prim,3,15-2,15.0,2000.0,1.0,573.0,False
A36S0DI86PL4J6,prim,3,15-2,15.0,2000.0,1.0,8423.0,False
A36S0DI86PL4J6,prim,3,15-2,15.0,2000.0,1.0,6584.0,False
A36S0DI86PL4J6,prim,3,15-2,15.0,2000.0,1.0,1592.0,False
A36S0DI86PL4J6,prim,4,15-2,15.0,2000.0,1.0,1504.0,False
A36S0DI86PL4J6,prim,4,15-2,15.0,2000.0,15.0,105.0,False
A36S0DI86PL4J6,prim,4,15-2,15.0,2000.0,1.0,2439.0,False
A36S0DI86PL4J6,prim,4,15-2,15.0,2000.0,3.0,4225.0,False
A36S0DI86PL4J6,prim,4,15-2,15.0,2000.0,1.0,2641.0,False
A36S0DI86PL4J6,prim,4,15-2,15.0,2000.0,15.0,0.0,True
A36S0DI86PL4J6,prim,4,15-2,15.0,2000.0,2.0,972.0,False
A37GOI3N77WX21,ns,1,20-2,20.0,2000.0,1.0,370.50000001490116,False
A37GOI3N77WX21,ns,1,20-2,20.0,2000.0,14.0,5031.200000017881,False
A37GOI3N77WX21,ns,1,20-2,20.0,2000.0,20.0,3213.5,False
A37GOI3N77WX21,ns,1,20-2,20.0,2000.0,18.0,0.0,True
A37GOI3N77WX21,ns,1,20-2,20.0,2000.0,1.0,4780.600000008941,False
A37GOI3N77WX21,ns,1,20-2,20.0,2000.0,19.0,653.8000000119209,False
A37GOI3N77WX21,ns,1,20-2,20.0,2000.0,19.0,1157.4000000059605,False
A37GOI3N77WX21,ns,1,20-2,20.0,2000.0,19.0,409.30000001192093,False
A37GOI3N77WX21,ns,1,20-2,20.0,2000.0,17.0,756.1000000089407,False
A37GOI3N77WX21,ns,1,20-2,20.0,2000.0,20.0,5324.9000000059605,False
A37GOI3N77WX21,ns,1,20-2,20.0,2000.0,2.0,10760.90000002086,False
A37GOI3N77WX21,ns,1,20-2,20.0,2000.0,20.0,1952.800000011921,False
A37GOI3N77WX21,ns,2,20-2,20.0,2000.0,17.0,0.0,True
A37GOI3N77WX21,ns,2,20-2,20.0,2000.0,20.0,10396.0,False
A37GOI3N77WX21,ns,2,20-2,20.0,2000.0,18.0,4832.299999999814,False
A37GOI3N77WX21,ns,2,20-2,20.0,2000.0,18.0,5758.5,False
A37GOI3N77WX21,ns,2,20-2,20.0,2000.0,20.0,15018.599999999627,False
A37GOI3N77WX21,ns,2,20-2,20.0,2000.0,16.0,5224.799999999814,False
A37GOI3N77WX21,ns,2,20-2,20.0,2000.0,9.0,4182.5,False
A37GOI3N77WX21,ns,2,20-2,20.0,2000.0,20.0,7708.200000000186,False
A37GOI3N77WX21,ns,2,20-2,20.0,2000.0,20.0,7266.0999999996275,False
A37GOI3N77WX21,ns,2,20-2,20.0,2000.0,17.0,4966.899999999441,False
A37GOI3N77WX21,ns,2,20-2,20.0,2000.0,19.0,7715.399999999441,False
A37GOI3N77WX21,ns,2,20-2,20.0,2000.0,18.0,2761.899999999442,False
A37GOI3N77WX21,ns,3,20-2,20.0,2000.0,17.0,1500.9999999999995,False
A37GOI3N77WX21,ns,3,20-2,20.0,2000.0,7.0,3777.1000000014897,False
A37GOI3N77WX21,ns,3,20-2,20.0,2000.0,13.0,3007.6000000014897,False
A37GOI3N77WX21,ns,3,20-2,20.0,2000.0,19.0,11100.5,False
A37GOI3N77WX21,ns,3,20-2,20.0,2000.0,12.0,5241.70000000298,False
A37GOI3N77WX21,ns,3,20-2,20.0,2000.0,1.0,4838.5999999940395,False
A37GOI3N77WX21,ns,3,20-2,20.0,2000.0,19.0,0.0,True
A37GOI3N77WX21,ns,3,20-2,20.0,2000.0,17.0,8932.59999999404,False
A37GOI3N77WX21,ns,3,20-2,20.0,2000.0,17.0,6221.399999991061,False
A37GOI3N77WX21,ns,3,20-2,20.0,2000.0,20.0,4992.5,False
A37GOI3N77WX21,ns,3,20-2,20.0,2000.0,19.0,10843.59999999404,False
A37GOI3N77WX21,ns,3,20-2,20.0,2000.0,1.0,10743.10000000894,False
A37GOI3N77WX21,ns,4,20-2,20.0,2000.0,20.0,0.0,True
A37GOI3N77WX21,ns,4,20-2,20.0,2000.0,11.0,2689.2999999821186,False
A37GOI3N77WX21,ns,4,20-2,20.0,2000.0,13.0,11339.0,False
A37GOI3N77WX21,ns,4,20-2,20.0,2000.0,14.0,3268.699999988079,False
A37GOI3N77WX21,ns,4,20-2,20.0,2000.0,17.0,4857.5,False
A37GOI3N77WX21,ns,4,20-2,20.0,2000.0,18.0,7987.5999999940395,False
A37GOI3N77WX21,ns,4,20-2,20.0,2000.0,9.0,6550.20000001788,False
A37GOI3N77WX21,ns,4,20-2,20.0,2000.0,19.0,18640.70000001788,False
A37GOI3N77WX21,ns,4,20-2,20.0,2000.0,20.0,4298.200000017881,False
A37GOI3N77WX21,ns,4,20-2,20.0,2000.0,18.0,3061.9000000059605,False
A37GOI3N77WX21,ns,4,20-2,20.0,2000.0,11.0,2421.7999999821186,False
A37GOI3N77WX21,ns,4,20-2,20.0,2000.0,17.0,8573.5,False
A384KX8MUIJSTJ,ns,1,15-2,15.0,2000.0,1.0,1900.2999997138959,False
A384KX8MUIJSTJ,ns,1,15-2,15.0,2000.0,2.0,2132.199999809265,False
A384KX8MUIJSTJ,ns,1,15-2,15.0,2000.0,1.0,12535.099999904633,False
A384KX8MUIJSTJ,ns,1,15-2,15.0,2000.0,2.0,529.9000000953693,False
A384KX8MUIJSTJ,ns,1,15-2,15.0,2000.0,1.0,3627.800000190735,False
A384KX8MUIJSTJ,ns,1,15-2,15.0,2000.0,1.0,5016.699999809265,False
A384KX8MUIJSTJ,ns,1,15-2,15.0,2000.0,15.0,0.0,True
A384KX8MUIJSTJ,ns,2,15-2,15.0,2000.0,8.0,0.0,True
A384KX8MUIJSTJ,ns,2,15-2,15.0,2000.0,6.0,34457.10000038147,False
A384KX8MUIJSTJ,ns,2,15-2,15.0,2000.0,1.0,2925.8000001907367,False
A384KX8MUIJSTJ,ns,2,15-2,15.0,2000.0,2.0,6357.800000190731,False
A384KX8MUIJSTJ,ns,2,15-2,15.0,2000.0,5.0,7106.300000190731,False
A384KX8MUIJSTJ,ns,2,15-2,15.0,2000.0,10.0,3697.300000190735,False
A384KX8MUIJSTJ,ns,2,15-2,15.0,2000.0,2.0,4218.599999904633,False
A384KX8MUIJSTJ,ns,2,15-2,15.0,2000.0,9.0,7790.299999713898,False
A384KX8MUIJSTJ,ns,2,15-2,15.0,2000.0,2.0,13779.400000095367,False
A384KX8MUIJSTJ,ns,3,15-2,15.0,2000.0,13.0,21014.400000095367,False
A384KX8MUIJSTJ,ns,3,15-2,15.0,2000.0,14.0,360.7000002861023,False
A384KX8MUIJSTJ,ns,3,15-2,15.0,2000.0,15.0,2797.4000000953674,False
A384KX8MUIJSTJ,ns,3,15-2,15.0,2000.0,9.0,10477.5,False
A384KX8MUIJSTJ,ns,3,15-2,15.0,2000.0,15.0,441.2000002861023,False
A384KX8MUIJSTJ,ns,3,15-2,15.0,2000.0,12.0,8110.099999904631,False
A384KX8MUIJSTJ,ns,3,15-2,15.0,2000.0,15.0,323.00000047683716,False
A384KX8MUIJSTJ,ns,3,15-2,15.0,2000.0,15.0,0.0,True
A384KX8MUIJSTJ,ns,3,15-2,15.0,2000.0,12.0,6171.400000095367,False
A384KX8MUIJSTJ,ns,4,15-2,15.0,2000.0,3.0,7529.599999427797,False
A384KX8MUIJSTJ,ns,4,15-2,15.0,2000.0,3.0,3609.899998664856,False
A384KX8MUIJSTJ,ns,4,15-2,15.0,2000.0,1.0,16956.39999961853,False
A384KX8MUIJSTJ,ns,4,15-2,15.0,2000.0,1.0,3484.699999809265,False
A384KX8MUIJSTJ,ns,4,15-2,15.0,2000.0,1.0,2907.5999994277954,False
A384KX8MUIJSTJ,ns,4,15-2,15.0,2000.0,2.0,5080.099999427797,False
A384KX8MUIJSTJ,ns,4,15-2,15.0,2000.0,2.0,6032.799999237061,False
A384KX8MUIJSTJ,ns,4,15-2,15.0,2000.0,1.0,8377.19999885559,False
A384KX8MUIJSTJ,ns,4,15-2,15.0,2000.0,1.0,1535.9999990463257,False
A384KX8MUIJSTJ,ns,4,15-2,15.0,2000.0,1.0,2943.5999994277954,False
A384KX8MUIJSTJ,ns,4,15-2,15.0,2000.0,1.0,0.0,True
A389UA2GRCJ6,prim,1,20-2,20.0,2000.0,6.0,24666.0,False
A389UA2GRCJ6,prim,1,20-2,20.0,2000.0,2.0,3251.0,False
A389UA2GRCJ6,prim,1,20-2,20.0,2000.0,4.0,3433.0,False
A389UA2GRCJ6,prim,1,20-2,20.0,2000.0,3.0,2303.0,False
A389UA2GRCJ6,prim,1,20-2,20.0,2000.0,5.0,4388.0,False
A389UA2GRCJ6,prim,1,20-2,20.0,2000.0,6.0,2748.0,False
A389UA2GRCJ6,prim,1,20-2,20.0,2000.0,3.0,10938.0,False
A389UA2GRCJ6,prim,1,20-2,20.0,2000.0,3.0,3055.0,False
A389UA2GRCJ6,prim,1,20-2,20.0,2000.0,2.0,0.0,True
A389UA2GRCJ6,prim,2,20-2,20.0,2000.0,1.0,552.0,False
A389UA2GRCJ6,prim,2,20-2,20.0,2000.0,2.0,3296.0,False
A389UA2GRCJ6,prim,2,20-2,20.0,2000.0,3.0,1718.0,False
A389UA2GRCJ6,prim,2,20-2,20.0,2000.0,2.0,4693.0,False
A389UA2GRCJ6,prim,2,20-2,20.0,2000.0,1.0,2649.0,False
A389UA2GRCJ6,prim,2,20-2,20.0,2000.0,2.0,0.0,True
A389UA2GRCJ6,prim,2,20-2,20.0,2000.0,19.0,2613.0,False
A389UA2GRCJ6,prim,2,20-2,20.0,2000.0,2.0,4715.0,False
A389UA2GRCJ6,prim,3,20-2,20.0,2000.0,1.0,0.0,True
A389UA2GRCJ6,prim,3,20-2,20.0,2000.0,3.0,2433.0,False
A389UA2GRCJ6,prim,3,20-2,20.0,2000.0,1.0,6143.0,False
A389UA2GRCJ6,prim,3,20-2,20.0,2000.0,2.0,2162.0,False
A389UA2GRCJ6,prim,3,20-2,20.0,2000.0,5.0,859.0,False
A389UA2GRCJ6,prim,3,20-2,20.0,2000.0,2.0,3942.0,False
A389UA2GRCJ6,prim,3,20-2,20.0,2000.0,3.0,1867.0,False
A389UA2GRCJ6,prim,3,20-2,20.0,2000.0,2.0,4999.0,False
A389UA2GRCJ6,prim,4,20-2,20.0,2000.0,3.0,205.0,False
A389UA2GRCJ6,prim,4,20-2,20.0,2000.0,1.0,453.0,False
A389UA2GRCJ6,prim,4,20-2,20.0,2000.0,2.0,384.0,False
A389UA2GRCJ6,prim,4,20-2,20.0,2000.0,1.0,3506.0,False
A389UA2GRCJ6,prim,4,20-2,20.0,2000.0,2.0,1074.0,False
A389UA2GRCJ6,prim,4,20-2,20.0,2000.0,2.0,1503.0,False
A389UA2GRCJ6,prim,4,20-2,20.0,2000.0,2.0,1460.0,False
A389UA2GRCJ6,prim,4,20-2,20.0,2000.0,1.0,0.0,True
A389UA2GRCJ6,prim,4,20-2,20.0,2000.0,1.0,3488.0,False
A389Y151TAJ4XG,ns,1,30-1,30.0,1000.0,13.0,0.0,True
A389Y151TAJ4XG,ns,1,30-1,30.0,1000.0,7.0,3995.2000000476837,False
A389Y151TAJ4XG,ns,1,30-1,30.0,1000.0,12.0,18772.10000014305,False
A389Y151TAJ4XG,ns,1,30-1,30.0,1000.0,9.0,4523.900000095367,False
A389Y151TAJ4XG,ns,1,30-1,30.0,1000.0,1.0,3205.100000143051,False
A389Y151TAJ4XG,ns,1,30-1,30.0,1000.0,3.0,9143.100000143051,False
A389Y151TAJ4XG,ns,1,30-1,30.0,1000.0,9.0,6329.900000095367,False
A389Y151TAJ4XG,ns,1,30-1,30.0,1000.0,18.0,3953.600000143051,False
A389Y151TAJ4XG,ns,2,30-1,30.0,1000.0,11.0,0.0,True
A389Y151TAJ4XG,ns,2,30-1,30.0,1000.0,13.0,3237.699999809265,False
A389Y151TAJ4XG,ns,2,30-1,30.0,1000.0,4.0,1379.2999997138977,False
A389Y151TAJ4XG,ns,2,30-1,30.0,1000.0,9.0,3019.5999999046326,False
A389Y151TAJ4XG,ns,2,30-1,30.0,1000.0,7.0,5477.399999856949,False
A389Y151TAJ4XG,ns,2,30-1,30.0,1000.0,30.0,199.29999995231628,False
A389Y151TAJ4XG,ns,2,30-1,30.0,1000.0,28.0,2602.699999809265,False
A389Y151TAJ4XG,ns,2,30-1,30.0,1000.0,14.0,3536.9999997615814,False
A389Y151TAJ4XG,ns,3,30-1,30.0,1000.0,7.0,0.0,True
A389Y151TAJ4XG,ns,3,30-1,30.0,1000.0,21.0,9336.5,False
A389Y151TAJ4XG,ns,3,30-1,30.0,1000.0,10.0,6556.199999809265,False
A389Y151TAJ4XG,ns,3,30-1,30.0,1000.0,29.0,3381.2000000476833,False
A389Y151TAJ4XG,ns,3,30-1,30.0,1000.0,12.0,2691.999999761581,False
A389Y151TAJ4XG,ns,3,30-1,30.0,1000.0,27.0,6582.099999904633,False
A389Y151TAJ4XG,ns,3,30-1,30.0,1000.0,15.0,4959.799999952316,False
A389Y151TAJ4XG,ns,3,30-1,30.0,1000.0,5.0,4226.099999904633,False
A389Y151TAJ4XG,ns,3,30-1,30.0,1000.0,9.0,6233.399999856949,False
A389Y151TAJ4XG,ns,4,30-1,30.0,1000.0,5.0,0.0,True
A389Y151TAJ4XG,ns,4,30-1,30.0,1000.0,23.0,67263.90000009537,False
A389Y151TAJ4XG,ns,4,30-1,30.0,1000.0,18.0,3969.5,False
A389Y151TAJ4XG,ns,4,30-1,30.0,1000.0,25.0,1579.6000001430511,False
A38DHLB88V8DL8,rec,1,15-2,15.0,2000.0,1.0,548.4999999999995,False
A38DHLB88V8DL8,rec,1,15-2,15.0,2000.0,15.0,2313.2000000476833,False
A38DHLB88V8DL8,rec,1,15-2,15.0,2000.0,15.0,3008.6999998092647,False
A38DHLB88V8DL8,rec,1,15-2,15.0,2000.0,15.0,1298.1999998092647,False
A38DHLB88V8DL8,rec,1,15-2,15.0,2000.0,14.0,3248.4999999999995,False
A38DHLB88V8DL8,rec,1,15-2,15.0,2000.0,15.0,208.79999995231583,False
A38DHLB88V8DL8,rec,1,15-2,15.0,2000.0,6.0,6242.200000047684,False
A38DHLB88V8DL8,rec,1,15-2,15.0,2000.0,15.0,39.09999990463166,False
A38DHLB88V8DL8,rec,1,15-2,15.0,2000.0,15.0,428.49999999999955,False
A38DHLB88V8DL8,rec,1,15-2,15.0,2000.0,15.0,0.0,True
A38DHLB88V8DL8,rec,1,15-2,15.0,2000.0,15.0,2234.6999998092647,False
A38DHLB88V8DL8,rec,2,15-2,15.0,2000.0,15.0,0.0,True
A38DHLB88V8DL8,rec,2,15-2,15.0,2000.0,15.0,4866.300000011921,False
A38DHLB88V8DL8,rec,2,15-2,15.0,2000.0,15.0,4101.400000035763,False
A38DHLB88V8DL8,rec,2,15-2,15.0,2000.0,15.0,4111.600000023842,False
A38DHLB88V8DL8,rec,2,15-2,15.0,2000.0,15.0,1469.0,False
A38DHLB88V8DL8,rec,2,15-2,15.0,2000.0,15.0,1429.7000000476837,False
A38DHLB88V8DL8,rec,2,15-2,15.0,2000.0,15.0,1671.1000000238419,False
A38DHLB88V8DL8,rec,2,15-2,15.0,2000.0,15.0,1965.699999988079,False
A38DHLB88V8DL8,rec,2,15-2,15.0,2000.0,15.0,2651.199999988079,False
A38DHLB88V8DL8,rec,2,15-2,15.0,2000.0,15.0,1252.300000011921,False
A38DHLB88V8DL8,rec,2,15-2,15.0,2000.0,15.0,5375.500000059605,False
A38DHLB88V8DL8,rec,2,15-2,15.0,2000.0,14.0,13428.100000023842,False
A38DHLB88V8DL8,rec,3,15-2,15.0,2000.0,15.0,1059.9000000953674,False
A38DHLB88V8DL8,rec,3,15-2,15.0,2000.0,15.0,3714.4000000953674,False
A38DHLB88V8DL8,rec,3,15-2,15.0,2000.0,15.0,371.40000009536743,False
A38DHLB88V8DL8,rec,3,15-2,15.0,2000.0,15.0,1203.5,False
A38DHLB88V8DL8,rec,3,15-2,15.0,2000.0,15.0,2101.399999976158,False
A38DHLB88V8DL8,rec,3,15-2,15.0,2000.0,15.0,398.60000002384186,False
A38DHLB88V8DL8,rec,3,15-2,15.0,2000.0,15.0,732.800000071526,False
A38DHLB88V8DL8,rec,3,15-2,15.0,2000.0,12.0,462.30000007152603,False
A38DHLB88V8DL8,rec,3,15-2,15.0,2000.0,15.0,0.0,True
A38DHLB88V8DL8,rec,3,15-2,15.0,2000.0,15.0,5619.299999952316,False
A38DHLB88V8DL8,rec,3,15-2,15.0,2000.0,14.0,850.7000000476837,False
A38DHLB88V8DL8,rec,3,15-2,15.0,2000.0,14.0,1360.5000001192093,False
A38DHLB88V8DL8,rec,4,15-2,15.0,2000.0,15.0,1216.3999998569484,False
A38DHLB88V8DL8,rec,4,15-2,15.0,2000.0,15.0,3493.999999761581,False
A38DHLB88V8DL8,rec,4,15-2,15.0,2000.0,15.0,429.99999999999955,False
A38DHLB88V8DL8,rec,4,15-2,15.0,2000.0,15.0,0.0,True
A38DHLB88V8DL8,rec,4,15-2,15.0,2000.0,14.0,3671.999999761581,False
A38DHLB88V8DL8,rec,4,15-2,15.0,2000.0,15.0,2534.9999999999995,False
A38DHLB88V8DL8,rec,4,15-2,15.0,2000.0,15.0,4612.799999952316,False
A38DHLB88V8DL8,rec,4,15-2,15.0,2000.0,15.0,2161.099999904632,False
A38DHLB88V8DL8,rec,4,15-2,15.0,2000.0,15.0,1241.400000095367,False
A38DHLB88V8DL8,rec,4,15-2,15.0,2000.0,15.0,1055.900000095367,False
A38DHLB88V8DL8,rec,4,15-2,15.0,2000.0,15.0,2944.3999998569484,False
A38DHLB88V8DL8,rec,4,15-2,15.0,2000.0,15.0,2684.599999904632,False
A38I0E8UK53ME5,rec,1,40-1,40.0,1000.0,40.0,3704.0,False
A38I0E8UK53ME5,rec,1,40-1,40.0,1000.0,39.0,3818.0,False
A38I0E8UK53ME5,rec,1,40-1,40.0,1000.0,40.0,4145.0,False
A38I0E8UK53ME5,rec,1,40-1,40.0,1000.0,40.0,5185.0,False
A38I0E8UK53ME5,rec,1,40-1,40.0,1000.0,40.0,1023.0,False
A38I0E8UK53ME5,rec,1,40-1,40.0,1000.0,40.0,2058.0,False
A38I0E8UK53ME5,rec,1,40-1,40.0,1000.0,40.0,2403.0,False
A38I0E8UK53ME5,rec,1,40-1,40.0,1000.0,40.0,3122.0,False
A38I0E8UK53ME5,rec,1,40-1,40.0,1000.0,40.0,0.0,True
A38I0E8UK53ME5,rec,1,40-1,40.0,1000.0,38.0,1099.0,False
A38I0E8UK53ME5,rec,1,40-1,40.0,1000.0,40.0,1409.0,False
A38I0E8UK53ME5,rec,1,40-1,40.0,1000.0,38.0,446.0,False
A38I0E8UK53ME5,rec,2,40-1,40.0,1000.0,39.0,498.0,False
A38I0E8UK53ME5,rec,2,40-1,40.0,1000.0,39.0,2158.0,False
A38I0E8UK53ME5,rec,2,40-1,40.0,1000.0,39.0,806.0,False
A38I0E8UK53ME5,rec,2,40-1,40.0,1000.0,39.0,1939.0,False
A38I0E8UK53ME5,rec,2,40-1,40.0,1000.0,39.0,489.0,False
A38I0E8UK53ME5,rec,2,40-1,40.0,1000.0,39.0,1647.0,False
A38I0E8UK53ME5,rec,2,40-1,40.0,1000.0,38.0,0.0,True
A38I0E8UK53ME5,rec,2,40-1,40.0,1000.0,37.0,2858.0,False
A38I0E8UK53ME5,rec,2,40-1,40.0,1000.0,39.0,799.0,False
A38I0E8UK53ME5,rec,2,40-1,40.0,1000.0,38.0,1192.0,False
A38I0E8UK53ME5,rec,3,40-1,40.0,1000.0,29.0,0.0,True
A38I0E8UK53ME5,rec,3,40-1,40.0,1000.0,40.0,1977.0,False
A38I0E8UK53ME5,rec,3,40-1,40.0,1000.0,40.0,3456.0,False
A38I0E8UK53ME5,rec,3,40-1,40.0,1000.0,38.0,530.0,False
A38I0E8UK53ME5,rec,3,40-1,40.0,1000.0,39.0,201.0,False
A38I0E8UK53ME5,rec,3,40-1,40.0,1000.0,40.0,458.0,False
A38I0E8UK53ME5,rec,3,40-1,40.0,1000.0,38.0,908.0,False
A38I0E8UK53ME5,rec,3,40-1,40.0,1000.0,40.0,1183.0,False
A38I0E8UK53ME5,rec,3,40-1,40.0,1000.0,39.0,439.0,False
A38I0E8UK53ME5,rec,3,40-1,40.0,1000.0,39.0,669.0,False
A38I0E8UK53ME5,rec,3,40-1,40.0,1000.0,39.0,1103.0,False
A38I0E8UK53ME5,rec,3,40-1,40.0,1000.0,39.0,1547.0,False
A39R5EBK7W916X,ns,1,20-1,20.0,1000.0,13.0,0.0,True
A39R5EBK7W916X,ns,1,20-1,20.0,1000.0,16.0,17580.999999999996,False
A39R5EBK7W916X,ns,1,20-1,20.0,1000.0,2.0,8391.600000023842,False
A39R5EBK7W916X,ns,1,20-1,20.0,1000.0,20.0,7097.200000047684,False
A39R5EBK7W916X,ns,1,20-1,20.0,1000.0,3.0,7177.300000071526,False
A39R5EBK7W916X,ns,1,20-1,20.0,1000.0,2.0,8316.699999928474,False
A39R5EBK7W916X,ns,1,20-1,20.0,1000.0,2.0,5391.200000047684,False
A39R5EBK7W916X,ns,1,20-1,20.0,1000.0,2.0,30899.99999988079,False
A39R5EBK7W916X,ns,2,20-1,20.0,1000.0,8.0,0.0,True
A39R5EBK7W916X,ns,2,20-1,20.0,1000.0,1.0,2498.0,False
A39R5EBK7W916X,ns,2,20-1,20.0,1000.0,2.0,8341.200000047684,False
A39R5EBK7W916X,ns,2,20-1,20.0,1000.0,2.0,8333.5,False
A39R5EBK7W916X,ns,2,20-1,20.0,1000.0,17.0,10616.700000047684,False
A39R5EBK7W916X,ns,2,20-1,20.0,1000.0,1.0,5333.799999952316,False
A3A7XOKH39SYOI,prim,1,20-2,20.0,2000.0,1.0,11674.999999999998,False
A3A7XOKH39SYOI,prim,1,20-2,20.0,2000.0,1.0,6891.700000762939,False
A3A7XOKH39SYOI,prim,1,20-2,20.0,2000.0,1.0,3257.9000005722046,False
A3A7XOKH39SYOI,prim,1,20-2,20.0,2000.0,1.0,2834.0,False
A3A7XOKH39SYOI,prim,1,20-2,20.0,2000.0,1.0,5830.800000190735,False
A3A7XOKH39SYOI,prim,1,20-2,20.0,2000.0,1.0,351.9000005722046,False
A3A7XOKH39SYOI,prim,1,20-2,20.0,2000.0,2.0,0.0,True
A3A7XOKH39SYOI,prim,2,20-2,20.0,2000.0,1.0,5059.199999809265,False
A3A7XOKH39SYOI,prim,2,20-2,20.0,2000.0,1.0,803.3999996185303,False
A3A7XOKH39SYOI,prim,2,20-2,20.0,2000.0,1.0,1459.0,False
A3A7XOKH39SYOI,prim,2,20-2,20.0,2000.0,2.0,2632.000000000002,False
A3A7XOKH39SYOI,prim,2,20-2,20.0,2000.0,1.0,3485.300000190735,False
A3A7XOKH39SYOI,prim,2,20-2,20.0,2000.0,1.0,3547.000000000002,False
A3A7XOKH39SYOI,prim,2,20-2,20.0,2000.0,2.0,0.0,True
A3A7XOKH39SYOI,prim,2,20-2,20.0,2000.0,4.0,4600.899999618528,False
A3A7XOKH39SYOI,prim,3,20-2,20.0,2000.0,20.0,564.3000011444092,False
A3A7XOKH39SYOI,prim,3,20-2,20.0,2000.0,2.0,2503.9000005722046,False
A3A7XOKH39SYOI,prim,3,20-2,20.0,2000.0,1.0,4213.700000762941,False
A3A7XOKH39SYOI,prim,3,20-2,20.0,2000.0,20.0,0.0,True
A3A7XOKH39SYOI,prim,3,20-2,20.0,2000.0,1.0,2667.5,False
A3A7XOKH39SYOI,prim,3,20-2,20.0,2000.0,1.0,3472.0000009536743,False
A3A7XOKH39SYOI,prim,3,20-2,20.0,2000.0,1.0,3843.600001335144,False
A3A7XOKH39SYOI,prim,4,20-2,20.0,2000.0,5.0,5717.39999961853,False
A3A7XOKH39SYOI,prim,4,20-2,20.0,2000.0,4.0,32754.599999427795,False
A3A7XOKH39SYOI,prim,4,20-2,20.0,2000.0,1.0,1412.7999992370605,False
A3A7XOKH39SYOI,prim,4,20-2,20.0,2000.0,1.0,0.0,True
A3A7XOKH39SYOI,prim,4,20-2,20.0,2000.0,1.0,3265.0999994277954,False
A3A7XOKH39SYOI,prim,4,20-2,20.0,2000.0,1.0,651.5999994277954,False
A3A7XOKH39SYOI,prim,4,20-2,20.0,2000.0,2.0,5978.799999237059,False
A3A7XOKH39SYOI,prim,4,20-2,20.0,2000.0,2.0,4450.5,False
A3A7XOKH39SYOI,prim,4,20-2,20.0,2000.0,3.0,22204.599999427795,False
A3AWQ3AACIPXM2,ns,1,15-2,15.0,2000.0,3.0,0.0,True
A3AWQ3AACIPXM2,ns,1,15-2,15.0,2000.0,13.0,4646.0,False
A3AWQ3AACIPXM2,ns,1,15-2,15.0,2000.0,10.0,7355.0,False
A3AWQ3AACIPXM2,ns,2,15-2,15.0,2000.0,4.0,0.0,True
A3AWQ3AACIPXM2,ns,2,15-2,15.0,2000.0,15.0,2684.0,False
A3AWQ3AACIPXM2,ns,2,15-2,15.0,2000.0,15.0,1734.0,False
A3AWQ3AACIPXM2,ns,2,15-2,15.0,2000.0,14.0,3675.0,False
A3AWQ3AACIPXM2,ns,2,15-2,15.0,2000.0,14.0,9631.0,False
A3AWQ3AACIPXM2,ns,2,15-2,15.0,2000.0,15.0,990.0,False
A3AY0315YWWNXY,rec,1,30-1,30.0,1000.0,1.0,1928.6000000238419,False
A3AY0315YWWNXY,rec,1,30-1,30.0,1000.0,1.0,3042.199999988079,False
A3AY0315YWWNXY,rec,1,30-1,30.0,1000.0,30.0,2581.300000011921,False
A3AY0315YWWNXY,rec,1,30-1,30.0,1000.0,1.0,971.8999999761581,False
A3AY0315YWWNXY,rec,1,30-1,30.0,1000.0,30.0,3809.899999976158,False
A3AY0315YWWNXY,rec,1,30-1,30.0,1000.0,30.0,1020.6999999880791,False
A3AY0315YWWNXY,rec,1,30-1,30.0,1000.0,1.0,888.6000000238419,False
A3AY0315YWWNXY,rec,1,30-1,30.0,1000.0,1.0,443.39999997615814,False
A3AY0315YWWNXY,rec,1,30-1,30.0,1000.0,1.0,0.0,True
A3AY0315YWWNXY,rec,1,30-1,30.0,1000.0,22.0,3751.2999999523163,False
A3AY0315YWWNXY,rec,1,30-1,30.0,1000.0,29.0,3.5,False
A3AY0315YWWNXY,rec,1,30-1,30.0,1000.0,30.0,2474.5,False
A3AY0315YWWNXY,rec,2,30-1,30.0,1000.0,15.0,36712.80000001192,False
A3AY0315YWWNXY,rec,2,30-1,30.0,1000.0,1.0,16811.39999997616,False
A3AY0315YWWNXY,rec,2,30-1,30.0,1000.0,23.0,3816.3000000715256,False
A3AY0315YWWNXY,rec,2,30-1,30.0,1000.0,29.0,7171.300000011923,False
A3AY0315YWWNXY,rec,2,30-1,30.0,1000.0,29.0,6280.600000023842,False
A3AY0315YWWNXY,rec,2,30-1,30.0,1000.0,29.0,2914.600000023842,False
A3AY0315YWWNXY,rec,2,30-1,30.0,1000.0,28.0,2482.900000035763,False
A3AY0315YWWNXY,rec,2,30-1,30.0,1000.0,29.0,6665.400000035761,False
A3AY0315YWWNXY,rec,2,30-1,30.0,1000.0,28.0,5675.900000035763,False
A3AY0315YWWNXY,rec,2,30-1,30.0,1000.0,28.0,3108.600000023842,False
A3AY0315YWWNXY,rec,2,30-1,30.0,1000.0,26.0,83.40000003576279,False
A3AY0315YWWNXY,rec,2,30-1,30.0,1000.0,29.0,0.0,True
A3AY0315YWWNXY,rec,3,30-1,30.0,1000.0,30.0,891.6999999880791,False
A3AY0315YWWNXY,rec,3,30-1,30.0,1000.0,30.0,862.6999999880791,False
A3AY0315YWWNXY,rec,3,30-1,30.0,1000.0,29.0,310.4999999701977,False
A3AY0315YWWNXY,rec,3,30-1,30.0,1000.0,29.0,359.0999999642372,False
A3AY0315YWWNXY,rec,3,30-1,30.0,1000.0,28.0,1749.800000011921,False
A3AY0315YWWNXY,rec,3,30-1,30.0,1000.0,19.0,122.69999998807907,False
A3AY0315YWWNXY,rec,3,30-1,30.0,1000.0,16.0,477.7999999821186,False
A3AY0315YWWNXY,rec,3,30-1,30.0,1000.0,29.0,610.9999999701977,False
A3AY0315YWWNXY,rec,3,30-1,30.0,1000.0,30.0,2089.0999999940395,False
A3AY0315YWWNXY,rec,3,30-1,30.0,1000.0,29.0,0.0,True
A3AY0315YWWNXY,rec,3,30-1,30.0,1000.0,28.0,174.40000000596046,False
A3AY0315YWWNXY,rec,3,30-1,30.0,1000.0,26.0,882.0999999940395,False
A3AY0315YWWNXY,rec,4,30-1,30.0,1000.0,30.0,731.6000000089398,False
A3AY0315YWWNXY,rec,4,30-1,30.0,1000.0,30.0,1080.90000000596,False
A3AY0315YWWNXY,rec,4,30-1,30.0,1000.0,29.0,283.1000000089398,False
A3AY0315YWWNXY,rec,4,30-1,30.0,1000.0,29.0,819.1000000089398,False
A3AY0315YWWNXY,rec,4,30-1,30.0,1000.0,30.0,464.80000001191956,False
A3AY0315YWWNXY,rec,4,30-1,30.0,1000.0,28.0,1266.4000000208607,False
A3AY0315YWWNXY,rec,4,30-1,30.0,1000.0,29.0,0.0,True
A3AY0315YWWNXY,rec,4,30-1,30.0,1000.0,28.0,408.5,False
A3AY0315YWWNXY,rec,4,30-1,30.0,1000.0,29.0,194.6000000089398,False
A3AY0315YWWNXY,rec,4,30-1,30.0,1000.0,27.0,187.1000000089398,False
A3AY0315YWWNXY,rec,4,30-1,30.0,1000.0,29.0,1915.4000000208607,False
A3B0CMCBWAND7,rec,1,20-2,20.0,2000.0,16.0,0.0,True
A3B0CMCBWAND7,rec,1,20-2,20.0,2000.0,20.0,4386.40000000596,False
A3B0CMCBWAND7,rec,1,20-2,20.0,2000.0,17.0,2672.0999999940404,False
A3B0CMCBWAND7,rec,1,20-2,20.0,2000.0,19.0,2267.2999999970198,False
A3B0CMCBWAND7,rec,1,20-2,20.0,2000.0,20.0,3588.5,False
A3B0CMCBWAND7,rec,1,20-2,20.0,2000.0,19.0,2417.699999988079,False
A3B0CMCBWAND7,rec,1,20-2,20.0,2000.0,19.0,1610.0,False
A3B0CMCBWAND7,rec,1,20-2,20.0,2000.0,20.0,2038.9000000059605,False
A3B0CMCBWAND7,rec,1,20-2,20.0,2000.0,20.0,2355.6000000089407,False
A3B0CMCBWAND7,rec,1,20-2,20.0,2000.0,20.0,1869.7000000029802,False
A3B0CMCBWAND7,rec,1,20-2,20.0,2000.0,20.0,3388.7999999970198,False
A3B0CMCBWAND7,rec,1,20-2,20.0,2000.0,20.0,2144.1000000089407,False
A3B0CMCBWAND7,rec,2,20-2,20.0,2000.0,19.0,427.39999997615814,False
A3B0CMCBWAND7,rec,2,20-2,20.0,2000.0,17.0,668.7999999523163,False
A3B0CMCBWAND7,rec,2,20-2,20.0,2000.0,16.0,0.0,True
A3B0CMCBWAND7,rec,2,20-2,20.0,2000.0,19.0,803.3999999761581,False
A3B0CMCBWAND7,rec,2,20-2,20.0,2000.0,18.0,1586.2999999523163,False
A3B0CMCBWAND7,rec,2,20-2,20.0,2000.0,20.0,290.1999999284744,False
A3B0CMCBWAND7,rec,2,20-2,20.0,2000.0,18.0,2244.0,False
A3B0CMCBWAND7,rec,2,20-2,20.0,2000.0,19.0,6537.799999952318,False
A3B0CMCBWAND7,rec,2,20-2,20.0,2000.0,17.0,293.99999994039536,False
A3B0CMCBWAND7,rec,2,20-2,20.0,2000.0,18.0,702.6999999284744,False
A3B0CMCBWAND7,rec,3,20-2,20.0,2000.0,20.0,0.0,True
A3B0CMCBWAND7,rec,3,20-2,20.0,2000.0,15.0,2822.1999999284744,False
A3B0CMCBWAND7,rec,3,20-2,20.0,2000.0,16.0,2964.5,False
A3B0CMCBWAND7,rec,3,20-2,20.0,2000.0,19.0,3229.9999998807907,False
A3B0CMCBWAND7,rec,3,20-2,20.0,2000.0,19.0,765.2999999523163,False
A3B0CMCBWAND7,rec,3,20-2,20.0,2000.0,20.0,568.0999999046326,False
A3B0CMCBWAND7,rec,3,20-2,20.0,2000.0,19.0,1914.6999999284744,False
A3B0CMCBWAND7,rec,3,20-2,20.0,2000.0,17.0,985.2999999523163,False
A3B0CMCBWAND7,rec,3,20-2,20.0,2000.0,20.0,1820.8999998569489,False
A3B0CMCBWAND7,rec,3,20-2,20.0,2000.0,19.0,682.0999999046326,False
A3B0CMCBWAND7,rec,3,20-2,20.0,2000.0,18.0,3395.299999833107,False
A3B0CMCBWAND7,rec,3,20-2,20.0,2000.0,19.0,955.299999833107,False
A3B0CMCBWAND7,rec,4,20-2,20.0,2000.0,14.0,0.0,True
A3B0CMCBWAND7,rec,4,20-2,20.0,2000.0,20.0,2004.5999999642372,False
A3B0CMCBWAND7,rec,4,20-2,20.0,2000.0,20.0,1300.7999999523163,False
A3B0CMCBWAND7,rec,4,20-2,20.0,2000.0,20.0,2499.099999964237,False
A3B0CMCBWAND7,rec,4,20-2,20.0,2000.0,19.0,1261.199999988079,False
A3B0CMCBWAND7,rec,4,20-2,20.0,2000.0,20.0,1848.1000000238419,False
A3B0CMCBWAND7,rec,4,20-2,20.0,2000.0,19.0,1926.699999988079,False
A3B0CMCBWAND7,rec,4,20-2,20.0,2000.0,20.0,1758.8999999761581,False
A3B0CMCBWAND7,rec,4,20-2,20.0,2000.0,18.0,2358.199999988079,False
A3B0CMCBWAND7,rec,4,20-2,20.0,2000.0,16.0,2739.099999964237,False
A3B0CMCBWAND7,rec,4,20-2,20.0,2000.0,17.0,2274.899999976158,False
A3BA2WMGN6KHUU,ns,1,15-2,15.0,2000.0,1.0,0.0,True
A3BA2WMGN6KHUU,ns,1,15-2,15.0,2000.0,11.0,5342.999999761581,False
A3BA2WMGN6KHUU,ns,1,15-2,15.0,2000.0,11.0,13408.099999904633,False
A3BA2WMGN6KHUU,ns,1,15-2,15.0,2000.0,1.0,27669.299999713898,False
A3BA2WMGN6KHUU,ns,1,15-2,15.0,2000.0,8.0,6715.699999809265,False
A3BA2WMGN6KHUU,ns,1,15-2,15.0,2000.0,14.0,2795.4999997615814,False
A3BA2WMGN6KHUU,ns,1,15-2,15.0,2000.0,1.0,7190.5,False
A3BA2WMGN6KHUU,ns,1,15-2,15.0,2000.0,1.0,10821.099999904633,False
A3BA2WMGN6KHUU,ns,2,15-2,15.0,2000.0,15.0,0.0,True
A3BA2WMGN6KHUU,ns,2,15-2,15.0,2000.0,12.0,12159.700000047684,False
A3BA2WMGN6KHUU,ns,2,15-2,15.0,2000.0,14.0,16751.399999856956,False
A3BA2WMGN6KHUU,ns,2,15-2,15.0,2000.0,2.0,15098.799999952316,False
A3BA2WMGN6KHUU,ns,2,15-2,15.0,2000.0,2.0,23134.599999904636,False
A3BA2WMGN6KHUU,ns,2,15-2,15.0,2000.0,12.0,5107.299999952316,False
A3BA2WMGN6KHUU,ns,2,15-2,15.0,2000.0,13.0,15197.299999952316,False
A3BA2WMGN6KHUU,ns,2,15-2,15.0,2000.0,9.0,7054.299999952316,False
A3BA2WMGN6KHUU,ns,3,15-2,15.0,2000.0,15.0,0.0,True
A3BA2WMGN6KHUU,ns,3,15-2,15.0,2000.0,1.0,5158.900000002233,False
A3BA2WMGN6KHUU,ns,3,15-2,15.0,2000.0,2.0,3187.39999999851,False
A3BA2WMGN6KHUU,ns,3,15-2,15.0,2000.0,5.0,7762.400000002233,False
A3BA2WMGN6KHUU,ns,3,15-2,15.0,2000.0,3.0,12376.400000002235,False
A3BA2WMGN6KHUU,ns,3,15-2,15.0,2000.0,1.0,7904.10000000149,False
A3BA2WMGN6KHUU,ns,3,15-2,15.0,2000.0,1.0,1392.0000000037253,False
A3BA2WMGN6KHUU,ns,3,15-2,15.0,2000.0,3.0,20400.5,False
A3BA2WMGN6KHUU,ns,3,15-2,15.0,2000.0,1.0,29235.30000000447,False
A3BA2WMGN6KHUU,ns,3,15-2,15.0,2000.0,1.0,10994.5,False
A3BA2WMGN6KHUU,ns,4,15-2,15.0,2000.0,1.0,4648.200000017881,False
A3BA2WMGN6KHUU,ns,4,15-2,15.0,2000.0,1.0,2044.7000000178814,False
A3BA2WMGN6KHUU,ns,4,15-2,15.0,2000.0,2.0,2596.300000011921,False
A3BA2WMGN6KHUU,ns,4,15-2,15.0,2000.0,13.0,3106.300000011921,False
A3BA2WMGN6KHUU,ns,4,15-2,15.0,2000.0,1.0,1598.9000000059605,False
A3BA2WMGN6KHUU,ns,4,15-2,15.0,2000.0,1.0,930.8000000119209,False
A3BA2WMGN6KHUU,ns,4,15-2,15.0,2000.0,1.0,8040.100000008941,False
A3BA2WMGN6KHUU,ns,4,15-2,15.0,2000.0,2.0,11892.800000011921,False
A3BA2WMGN6KHUU,ns,4,15-2,15.0,2000.0,1.0,5246.100000008941,False
A3BA2WMGN6KHUU,ns,4,15-2,15.0,2000.0,1.0,5098.600000008941,False
A3BA2WMGN6KHUU,ns,4,15-2,15.0,2000.0,2.0,0.0,True
A3BN69Q9D7RQGR,ns,1,15-2,15.0,2000.0,1.0,3926.0,False
A3BN69Q9D7RQGR,ns,1,15-2,15.0,2000.0,1.0,0.0,True
A3BN69Q9D7RQGR,ns,1,15-2,15.0,2000.0,7.0,1903.0,False
A3BN69Q9D7RQGR,ns,1,15-2,15.0,2000.0,14.0,4677.0,False
A3BN69Q9D7RQGR,ns,1,15-2,15.0,2000.0,12.0,5677.0,False
A3BN69Q9D7RQGR,ns,1,15-2,15.0,2000.0,7.0,4608.0,False
A3BN69Q9D7RQGR,ns,1,15-2,15.0,2000.0,2.0,3605.0,False
A3BN69Q9D7RQGR,ns,1,15-2,15.0,2000.0,4.0,3080.0,False
A3BN69Q9D7RQGR,ns,2,15-2,15.0,2000.0,15.0,2204.0,False
A3BN69Q9D7RQGR,ns,2,15-2,15.0,2000.0,5.0,1676.0,False
A3BN69Q9D7RQGR,ns,2,15-2,15.0,2000.0,15.0,0.0,True
A3BN69Q9D7RQGR,ns,2,15-2,15.0,2000.0,14.0,13202.0,False
A3BN69Q9D7RQGR,ns,3,15-2,15.0,2000.0,1.0,0.0,True
A3BN69Q9D7RQGR,ns,3,15-2,15.0,2000.0,15.0,2808.0,False
A3BN69Q9D7RQGR,ns,4,15-2,15.0,2000.0,15.0,0.0,True
A3BN69Q9D7RQGR,ns,4,15-2,15.0,2000.0,15.0,1755.0,False
A3BN69Q9D7RQGR,ns,4,15-2,15.0,2000.0,15.0,1511.0,False
A3BN69Q9D7RQGR,ns,4,15-2,15.0,2000.0,15.0,2779.0,False
A3BZH91MITQA5X,ns,1,40-1,40.0,1000.0,35.0,8301.5,False
A3BZH91MITQA5X,ns,1,40-1,40.0,1000.0,24.0,6927.100000023844,False
A3BZH91MITQA5X,ns,1,40-1,40.0,1000.0,34.0,6079.1000000834465,False
A3BZH91MITQA5X,ns,1,40-1,40.0,1000.0,39.0,6120.600000023844,False
A3BZH91MITQA5X,ns,1,40-1,40.0,1000.0,24.0,3827.5000000596046,False
A3BZH91MITQA5X,ns,1,40-1,40.0,1000.0,33.0,3268.699999988079,False
A3BZH91MITQA5X,ns,1,40-1,40.0,1000.0,21.0,2472.5000000596046,False
A3BZH91MITQA5X,ns,1,40-1,40.0,1000.0,27.0,0.0,True
A3BZH91MITQA5X,ns,1,40-1,40.0,1000.0,37.0,5809.6000000834465,False
A3BZH91MITQA5X,ns,1,40-1,40.0,1000.0,39.0,4554.100000023844,False
A3BZH91MITQA5X,ns,2,40-1,40.0,1000.0,2.0,0.0,True
A3BZH91MITQA5X,ns,2,40-1,40.0,1000.0,1.0,2231.0,False
A3BZH91MITQA5X,ns,2,40-1,40.0,1000.0,1.0,4034.899999976158,False
A3BZH91MITQA5X,ns,2,40-1,40.0,1000.0,5.0,11330.899999976155,False
A3BZH91MITQA5X,ns,2,40-1,40.0,1000.0,1.0,7249.399999976158,False
A3BZH91MITQA5X,ns,2,40-1,40.0,1000.0,5.0,13631.599999904636,False
A3BZH91MITQA5X,ns,2,40-1,40.0,1000.0,3.0,4223.499999880791,False
A3BZH91MITQA5X,ns,2,40-1,40.0,1000.0,1.0,5219.700000047684,False
A3BZH91MITQA5X,ns,2,40-1,40.0,1000.0,4.0,12761.699999928478,False
A3BZH91MITQA5X,ns,2,40-1,40.0,1000.0,4.0,15376.699999928478,False
A3BZH91MITQA5X,ns,2,40-1,40.0,1000.0,40.0,1015.8999999761581,False
A3BZH91MITQA5X,ns,3,40-1,40.0,1000.0,1.0,1206.7999999523163,False
A3BZH91MITQA5X,ns,3,40-1,40.0,1000.0,2.0,17102.599999904636,False
A3BZH91MITQA5X,ns,3,40-1,40.0,1000.0,1.0,12655.499999761581,False
A3BZH91MITQA5X,ns,3,40-1,40.0,1000.0,35.0,1494.7999999523163,False
A3BZH91MITQA5X,ns,3,40-1,40.0,1000.0,38.0,8992.299999952316,False
A3BZH91MITQA5X,ns,3,40-1,40.0,1000.0,33.0,872.5,False
A3BZH91MITQA5X,ns,3,40-1,40.0,1000.0,38.0,2112.699999809265,False
A3BZH91MITQA5X,ns,3,40-1,40.0,1000.0,40.0,1073.8999998569489,False
A3BZH91MITQA5X,ns,3,40-1,40.0,1000.0,39.0,7668.399999856949,False
A3BZH91MITQA5X,ns,3,40-1,40.0,1000.0,4.0,15004.699999809265,False
A3BZH91MITQA5X,ns,3,40-1,40.0,1000.0,35.0,0.0,True
A3BZH91MITQA5X,ns,3,40-1,40.0,1000.0,32.0,2291.199999809265,False
A3C25IBTLB60RQ,prim,1,15-2,15.0,2000.0,1.0,0.0,True
A3C25IBTLB60RQ,prim,1,15-2,15.0,2000.0,1.0,4527.700000762939,False
A3C25IBTLB60RQ,prim,1,15-2,15.0,2000.0,1.0,5378.300001144409,False
A3C25IBTLB60RQ,prim,1,15-2,15.0,2000.0,1.0,2840.0000009536743,False
A3C25IBTLB60RQ,prim,1,15-2,15.0,2000.0,1.0,4715.000000953674,False
A3C25IBTLB60RQ,prim,1,15-2,15.0,2000.0,1.0,5591.400000572205,False
A3C25IBTLB60RQ,prim,1,15-2,15.0,2000.0,4.0,7996.500000953674,False
A3C25IBTLB60RQ,prim,1,15-2,15.0,2000.0,1.0,2443.5000009536743,False
A3C25IBTLB60RQ,prim,1,15-2,15.0,2000.0,15.0,2647.5000009536743,False
A3C25IBTLB60RQ,prim,1,15-2,15.0,2000.0,15.0,3132.4000005722046,False
A3C25IBTLB60RQ,prim,1,15-2,15.0,2000.0,1.0,3647.100001335144,False
A3C25IBTLB60RQ,prim,1,15-2,15.0,2000.0,15.0,1959.0,False
A3C25IBTLB60RQ,prim,2,15-2,15.0,2000.0,1.0,2284.3999996185303,False
A3C25IBTLB60RQ,prim,2,15-2,15.0,2000.0,2.0,8417.800000190735,False
A3C25IBTLB60RQ,prim,2,15-2,15.0,2000.0,3.0,464.8999996185303,False
A3C25IBTLB60RQ,prim,2,15-2,15.0,2000.0,11.0,725.9999990463257,False
A3C25IBTLB60RQ,prim,2,15-2,15.0,2000.0,1.0,0.0,True
A3C25IBTLB60RQ,prim,2,15-2,15.0,2000.0,3.0,6127.0,False
A3C25IBTLB60RQ,prim,2,15-2,15.0,2000.0,15.0,1160.0,False
A3C25IBTLB60RQ,prim,2,15-2,15.0,2000.0,13.0,11764.89999961853,False
A3C4WGE4SOGM1,ns,1,20-2,20.0,2000.0,15.0,0.0,True
A3C4WGE4SOGM1,ns,1,20-2,20.0,2000.0,3.0,662.4000000953679,False
A3C4WGE4SOGM1,ns,1,20-2,20.0,2000.0,2.0,338.4000000953679,False
A3C4WGE4SOGM1,ns,1,20-2,20.0,2000.0,2.0,1969.3000001907349,False
A3C4WGE4SOGM1,ns,1,20-2,20.0,2000.0,1.0,255.5,False
A3C4WGE4SOGM1,ns,1,20-2,20.0,2000.0,1.0,132.7999997138977,False
A3C4WGE4SOGM1,ns,1,20-2,20.0,2000.0,1.0,3429.699999809265,False
A3C4WGE4SOGM1,ns,1,20-2,20.0,2000.0,18.0,468.4000000953679,False
A3C4WGE4SOGM1,ns,1,20-2,20.0,2000.0,1.0,32.80000019073486,False
A3C4WGE4SOGM1,ns,2,20-2,20.0,2000.0,15.0,0.0,True
A3C4WGE4SOGM1,ns,2,20-2,20.0,2000.0,2.0,1474.3999996185303,False
A3C4WGE4SOGM1,ns,2,20-2,20.0,2000.0,1.0,1072.3999996185303,False
A3C4WGE4SOGM1,ns,2,20-2,20.0,2000.0,1.0,2136.699999809265,False
A3C4WGE4SOGM1,ns,2,20-2,20.0,2000.0,16.0,6467.800000190735,False
A3C4WGE4SOGM1,ns,2,20-2,20.0,2000.0,1.0,5821.099999904633,False
A3C4WGE4SOGM1,ns,2,20-2,20.0,2000.0,20.0,4706.199999809265,False
A3C4WGE4SOGM1,ns,2,20-2,20.0,2000.0,1.0,7332.299999713896,False
A3C4WGE4SOGM1,ns,2,20-2,20.0,2000.0,1.0,2927.699999809265,False
A3C4WGE4SOGM1,ns,2,20-2,20.0,2000.0,20.0,3446.699999809265,False
A3C4WGE4SOGM1,ns,2,20-2,20.0,2000.0,2.0,5475.5,False
A3C4WGE4SOGM1,ns,3,20-2,20.0,2000.0,1.0,5965.199999809265,False
A3C4WGE4SOGM1,ns,3,20-2,20.0,2000.0,14.0,49115.59999990463,False
A3C4WGE4SOGM1,ns,3,20-2,20.0,2000.0,2.0,12470.699999809272,False
A3C4WGE4SOGM1,ns,3,20-2,20.0,2000.0,1.0,0.0,True
A3C4WGE4SOGM1,ns,3,20-2,20.0,2000.0,9.0,4181.299999713896,False
A3C4WGE4SOGM1,ns,3,20-2,20.0,2000.0,13.0,21094.400000095364,False
A3C4WGE4SOGM1,ns,3,20-2,20.0,2000.0,3.0,2064.699999809265,False
A3C4WGE4SOGM1,ns,4,20-2,20.0,2000.0,12.0,1543.1999998092651,False
A3C4WGE4SOGM1,ns,4,20-2,20.0,2000.0,15.0,5873.299999713898,False
A3C4WGE4SOGM1,ns,4,20-2,20.0,2000.0,7.0,4659.299999713898,False
A3C4WGE4SOGM1,ns,4,20-2,20.0,2000.0,15.0,7266.599999427795,False
A3C4WGE4SOGM1,ns,4,20-2,20.0,2000.0,20.0,879.2999997138977,False
A3C4WGE4SOGM1,ns,4,20-2,20.0,2000.0,10.0,7112.699999809265,False
A3C4WGE4SOGM1,ns,4,20-2,20.0,2000.0,17.0,0.0,True
A3C8JI69WPTKWH,rec,1,10-2,10.0,2000.0,9.0,0.0,True
A3C8JI69WPTKWH,rec,1,10-2,10.0,2000.0,10.0,1533.5999999940402,False
A3C8JI69WPTKWH,rec,1,10-2,10.0,2000.0,10.0,1082.8999999761588,False
A3C8JI69WPTKWH,rec,1,10-2,10.0,2000.0,9.0,761.6999999880798,False
A3C8JI69WPTKWH,rec,1,10-2,10.0,2000.0,8.0,358.99999997019836,False
A3C8JI69WPTKWH,rec,1,10-2,10.0,2000.0,10.0,1128.7999999821193,False
A3C8JI69WPTKWH,rec,1,10-2,10.0,2000.0,8.0,823.5000000000007,False
A3C8JI69WPTKWH,rec,1,10-2,10.0,2000.0,10.0,116.79999998211929,False
A3C8JI69WPTKWH,rec,1,10-2,10.0,2000.0,9.0,933.9000000059611,False
A3C8JI69WPTKWH,rec,1,10-2,10.0,2000.0,9.0,1539.6999999880798,False
A3C8JI69WPTKWH,rec,1,10-2,10.0,2000.0,9.0,1024.3999999761588,False
A3C8JI69WPTKWH,rec,1,10-2,10.0,2000.0,4.0,389.7999999821193,False
A3C8JI69WPTKWH,rec,2,10-2,10.0,2000.0,8.0,0.0,True
A3C8JI69WPTKWH,rec,2,10-2,10.0,2000.0,10.0,385.2999999523163,False
A3C8JI69WPTKWH,rec,2,10-2,10.0,2000.0,10.0,1523.2999997138973,False
A3C8JI69WPTKWH,rec,2,10-2,10.0,2000.0,8.0,1350.3999998569484,False
A3C8JI69WPTKWH,rec,2,10-2,10.0,2000.0,8.0,1124.9999999999995,False
A3C8JI69WPTKWH,rec,2,10-2,10.0,2000.0,8.0,2190.6999998092647,False
A3C8JI69WPTKWH,rec,2,10-2,10.0,2000.0,8.0,682.8999998569484,False
A3C8JI69WPTKWH,rec,2,10-2,10.0,2000.0,10.0,676.9999999999995,False
A3C8JI69WPTKWH,rec,2,10-2,10.0,2000.0,10.0,748.6999998092651,False
A3C8JI69WPTKWH,rec,2,10-2,10.0,2000.0,10.0,520.0999999046321,False
A3C8JI69WPTKWH,rec,2,10-2,10.0,2000.0,10.0,986.499999761581,False
A3C8JI69WPTKWH,rec,2,10-2,10.0,2000.0,9.0,186.8999998569484,False
A3C8JI69WPTKWH,rec,3,10-2,10.0,2000.0,10.0,71.79999995231628,False
A3C8JI69WPTKWH,rec,3,10-2,10.0,2000.0,9.0,886.7999999523163,False
A3C8JI69WPTKWH,rec,3,10-2,10.0,2000.0,9.0,1467.6000001430516,False
A3C8JI69WPTKWH,rec,3,10-2,10.0,2000.0,9.0,45.00000023841858,False
A3C8JI69WPTKWH,rec,3,10-2,10.0,2000.0,10.0,32.0,False
A3C8JI69WPTKWH,rec,3,10-2,10.0,2000.0,10.0,1271.4000000953674,False
A3C8JI69WPTKWH,rec,3,10-2,10.0,2000.0,10.0,0.0,True
A3C8JI69WPTKWH,rec,3,10-2,10.0,2000.0,5.0,318.09999990463234,False
A3C8JI69WPTKWH,rec,3,10-2,10.0,2000.0,10.0,490.0000002384186,False
A3C8JI69WPTKWH,rec,3,10-2,10.0,2000.0,8.0,683.9000000953674,False
A3C8JI69WPTKWH,rec,3,10-2,10.0,2000.0,5.0,1581.3000001907349,False
A3C8JI69WPTKWH,rec,3,10-2,10.0,2000.0,10.0,648.2000000476837,False
A3C8JI69WPTKWH,rec,4,10-2,10.0,2000.0,9.0,0.0,True
A3C8JI69WPTKWH,rec,4,10-2,10.0,2000.0,10.0,1848.4999997615816,False
A3C8JI69WPTKWH,rec,4,10-2,10.0,2000.0,10.0,1653.9000000953677,False
A3C8JI69WPTKWH,rec,4,10-2,10.0,2000.0,10.0,2358.9000000953674,False
A3C8JI69WPTKWH,rec,4,10-2,10.0,2000.0,8.0,1088.0000000000007,False
A3C8JI69WPTKWH,rec,4,10-2,10.0,2000.0,9.0,832.700000047684,False
A3C8JI69WPTKWH,rec,4,10-2,10.0,2000.0,8.0,1186.2999999523165,False
A3C8JI69WPTKWH,rec,4,10-2,10.0,2000.0,10.0,1477.7999999523165,False
A3C8JI69WPTKWH,rec,4,10-2,10.0,2000.0,9.0,2298.699999809265,False
A3C8JI69WPTKWH,rec,4,10-2,10.0,2000.0,10.0,873.6999998092654,False
A3C8JI69WPTKWH,rec,4,10-2,10.0,2000.0,8.0,1268.2999999523165,False
A3C8JI69WPTKWH,rec,4,10-2,10.0,2000.0,10.0,1323.9000000953677,False
A3CE7DTHIB76UK,ns,1,10-2,10.0,2000.0,1.0,4507.100000008941,False
A3CE7DTHIB76UK,ns,1,10-2,10.0,2000.0,1.0,5564.29999999702,False
A3CE7DTHIB76UK,ns,1,10-2,10.0,2000.0,1.0,11564.79999999702,False
A3CE7DTHIB76UK,ns,1,10-2,10.0,2000.0,2.0,0.0,True
A3CE7DTHIB76UK,ns,1,10-2,10.0,2000.0,1.0,570.1000000089407,False
A3CE7DTHIB76UK,ns,1,10-2,10.0,2000.0,1.0,12049.20000000298,False
A3CE7DTHIB76UK,ns,1,10-2,10.0,2000.0,2.0,5703.5,False
A3CE7DTHIB76UK,ns,1,10-2,10.0,2000.0,10.0,7893.100000008941,False
A3CE7DTHIB76UK,ns,1,10-2,10.0,2000.0,4.0,5967.000000014899,False
A3CE7DTHIB76UK,ns,1,10-2,10.0,2000.0,1.0,5197.600000008941,False
A3CE7DTHIB76UK,ns,2,10-2,10.0,2000.0,7.0,0.0,True
A3CE7DTHIB76UK,ns,2,10-2,10.0,2000.0,9.0,7441.999999999998,False
A3CE7DTHIB76UK,ns,2,10-2,10.0,2000.0,1.0,29810.099999964237,False
A3CE7DTHIB76UK,ns,2,10-2,10.0,2000.0,4.0,14015.899999976158,False
A3CE7DTHIB76UK,ns,2,10-2,10.0,2000.0,3.0,16633.300000011917,False
A3CE7DTHIB76UK,ns,2,10-2,10.0,2000.0,5.0,7032.599999964237,False
A3CE7DTHIB76UK,ns,2,10-2,10.0,2000.0,2.0,7440.999999999998,False
A3CE7DTHIB76UK,ns,2,10-2,10.0,2000.0,1.0,14919.100000023842,False
A3CE7DTHIB76UK,ns,2,10-2,10.0,2000.0,6.0,3650.300000011921,False
A3CE7DTHIB76UK,ns,2,10-2,10.0,2000.0,1.0,14557.59999996424,False
A3CE7DTHIB76UK,ns,2,10-2,10.0,2000.0,6.0,13439.09999996424,False
A3CE7DTHIB76UK,ns,2,10-2,10.0,2000.0,1.0,2267.5,False
A3CE7DTHIB76UK,ns,3,10-2,10.0,2000.0,2.0,0.0,True
A3CE7DTHIB76UK,ns,3,10-2,10.0,2000.0,1.0,2367.6000000238437,False
A3CE7DTHIB76UK,ns,3,10-2,10.0,2000.0,1.0,3489.300000011921,False
A3CE7DTHIB76UK,ns,3,10-2,10.0,2000.0,8.0,2053.599999964237,False
A3CE7DTHIB76UK,ns,3,10-2,10.0,2000.0,1.0,12963.199999988079,False
A3CE7DTHIB76UK,ns,3,10-2,10.0,2000.0,2.0,7142.89999997616,False
A3CE7DTHIB76UK,ns,3,10-2,10.0,2000.0,1.0,12549.399999976158,False
A3CE7DTHIB76UK,ns,3,10-2,10.0,2000.0,10.0,1423.8999999761581,False
A3CE7DTHIB76UK,ns,3,10-2,10.0,2000.0,3.0,3837.199999988079,False
A3CE7DTHIB76UK,ns,3,10-2,10.0,2000.0,2.0,3950.300000011921,False
A3CE7DTHIB76UK,ns,3,10-2,10.0,2000.0,1.0,9628.399999976158,False
A3CE7DTHIB76UK,ns,3,10-2,10.0,2000.0,1.0,4218.199999988079,False
A3CE7DTHIB76UK,ns,4,10-2,10.0,2000.0,9.0,1750.9999998807903,False
A3CE7DTHIB76UK,ns,4,10-2,10.0,2000.0,10.0,13315.49999988079,False
A3CE7DTHIB76UK,ns,4,10-2,10.0,2000.0,6.0,4366.199999928474,False
A3CE7DTHIB76UK,ns,4,10-2,10.0,2000.0,10.0,0.0,True
A3CE7DTHIB76UK,ns,4,10-2,10.0,2000.0,10.0,4224.200000047684,False
A3CE7DTHIB76UK,ns,4,10-2,10.0,2000.0,10.0,10265.99999988079,False
A3CE7DTHIB76UK,ns,4,10-2,10.0,2000.0,1.0,6317.899999856949,False
A3CKVVGWBS4NGU,prim,1,20-2,20.0,2000.0,2.0,0.0,True
A3CKVVGWBS4NGU,prim,1,20-2,20.0,2000.0,3.0,13313.800000190735,False
A3CKVVGWBS4NGU,prim,1,20-2,20.0,2000.0,1.0,7164.100000143051,False
A3CKVVGWBS4NGU,prim,1,20-2,20.0,2000.0,1.0,13996.900000333786,False
A3CKVVGWBS4NGU,prim,1,20-2,20.0,2000.0,1.0,5482.800000190735,False
A3CKVVGWBS4NGU,prim,1,20-2,20.0,2000.0,1.0,7344.200000047684,False
A3CKVVGWBS4NGU,prim,1,20-2,20.0,2000.0,1.0,6382.7999999523145,False
A3CKVVGWBS4NGU,prim,1,20-2,20.0,2000.0,1.0,10699.600000143051,False
A3CKVVGWBS4NGU,prim,1,20-2,20.0,2000.0,1.0,9335.100000143051,False
A3CKVVGWBS4NGU,prim,1,20-2,20.0,2000.0,1.0,3787.100000143051,False
A3CKVVGWBS4NGU,prim,2,20-2,20.0,2000.0,1.0,0.0,True
A3CKVVGWBS4NGU,prim,2,20-2,20.0,2000.0,1.0,6092.200000286102,False
A3CKVVGWBS4NGU,prim,2,20-2,20.0,2000.0,1.0,10244.700000286102,False
A3CKVVGWBS4NGU,prim,2,20-2,20.0,2000.0,1.0,16810.10000014305,False
A3CKVVGWBS4NGU,prim,2,20-2,20.0,2000.0,1.0,6176.0,False
A3CKVVGWBS4NGU,prim,2,20-2,20.0,2000.0,1.0,10449.100000143051,False
A3CKVVGWBS4NGU,prim,2,20-2,20.0,2000.0,1.0,8057.400000095367,False
A3CKVVGWBS4NGU,prim,2,20-2,20.0,2000.0,1.0,7751.900000095367,False
A3CKVVGWBS4NGU,prim,2,20-2,20.0,2000.0,1.0,6274.000000238419,False
A3CKVVGWBS4NGU,prim,3,20-2,20.0,2000.0,2.0,0.0,True
A3CKVVGWBS4NGU,prim,3,20-2,20.0,2000.0,1.0,3191.200000286104,False
A3CKVVGWBS4NGU,prim,3,20-2,20.0,2000.0,1.0,1052.4000000953674,False
A3CKVVGWBS4NGU,prim,3,20-2,20.0,2000.0,2.0,9300.900000095367,False
A3CKVVGWBS4NGU,prim,3,20-2,20.0,2000.0,1.0,4975.300000190735,False
A3CKVVGWBS4NGU,prim,3,20-2,20.0,2000.0,1.0,1278.9000000953674,False
A3CKVVGWBS4NGU,prim,4,20-2,20.0,2000.0,1.0,5393.400000095367,False
A3CKVVGWBS4NGU,prim,4,20-2,20.0,2000.0,1.0,8533.399999856947,False
A3CKVVGWBS4NGU,prim,4,20-2,20.0,2000.0,1.0,6804.0,False
A3CKVVGWBS4NGU,prim,4,20-2,20.0,2000.0,1.0,0.0,True
A3CKVVGWBS4NGU,prim,4,20-2,20.0,2000.0,1.0,3482.9000000953674,False
A3CKVVGWBS4NGU,prim,4,20-2,20.0,2000.0,1.0,7856.899999856947,False
A3CKVVGWBS4NGU,prim,4,20-2,20.0,2000.0,1.0,3884.4000000953674,False
A3D9PJ37U7LCHE,ns,1,20-1,20.0,1000.0,1.0,0.0,True
A3D9PJ37U7LCHE,ns,1,20-1,20.0,1000.0,1.0,3817.2000000476837,False
A3D9PJ37U7LCHE,ns,1,20-1,20.0,1000.0,1.0,2841.2000000476837,False
A3D9PJ37U7LCHE,ns,1,20-1,20.0,1000.0,5.0,3002.5999999046326,False
A3D9PJ37U7LCHE,ns,1,20-1,20.0,1000.0,1.0,2963.399999856949,False
A3D9PJ37U7LCHE,ns,1,20-1,20.0,1000.0,20.0,3668.5999999046326,False
A3D9PJ37U7LCHE,ns,1,20-1,20.0,1000.0,1.0,4355.199999809265,False
A3D9PJ37U7LCHE,ns,1,20-1,20.0,1000.0,2.0,3767.0,False
A3D9PJ37U7LCHE,ns,1,20-1,20.0,1000.0,1.0,10599.0,False
A3D9PJ37U7LCHE,ns,2,20-1,20.0,1000.0,1.0,0.0,True
A3D9PJ37U7LCHE,ns,2,20-1,20.0,1000.0,1.0,1443.2000000476833,False
A3D9PJ37U7LCHE,ns,2,20-1,20.0,1000.0,1.0,3766.1999998092647,False
A3D9PJ37U7LCHE,ns,2,20-1,20.0,1000.0,2.0,2955.4999999999995,False
A3D9PJ37U7LCHE,ns,2,20-1,20.0,1000.0,12.0,6062.0,False
A3D9PJ37U7LCHE,ns,2,20-1,20.0,1000.0,1.0,2679.900000095367,False
A3D9PJ37U7LCHE,ns,2,20-1,20.0,1000.0,19.0,1075.2000000476837,False
A3D9PJ37U7LCHE,ns,2,20-1,20.0,1000.0,3.0,3797.7000000476833,False
A3D9PJ37U7LCHE,ns,2,20-1,20.0,1000.0,1.0,1856.3999998569484,False
A3D9PJ37U7LCHE,ns,3,20-1,20.0,1000.0,1.0,9723.200000047684,False
A3D9PJ37U7LCHE,ns,3,20-1,20.0,1000.0,18.0,8223.0,False
A3D9PJ37U7LCHE,ns,3,20-1,20.0,1000.0,18.0,3169.7999999523163,False
A3D9PJ37U7LCHE,ns,3,20-1,20.0,1000.0,18.0,13339.599999904636,False
A3D9PJ37U7LCHE,ns,3,20-1,20.0,1000.0,7.0,1324.5,False
A3D9PJ37U7LCHE,ns,3,20-1,20.0,1000.0,17.0,3645.0999999046326,False
A3D9PJ37U7LCHE,ns,3,20-1,20.0,1000.0,2.0,8075.699999809265,False
A3D9PJ37U7LCHE,ns,3,20-1,20.0,1000.0,14.0,0.0,True
A3D9PJ37U7LCHE,ns,4,20-1,20.0,1000.0,14.0,0.0,True
A3D9PJ37U7LCHE,ns,4,20-1,20.0,1000.0,1.0,5468.699999809265,False
A3D9PJ37U7LCHE,ns,4,20-1,20.0,1000.0,12.0,60576.09999990463,False
A3D9PJ37U7LCHE,ns,4,20-1,20.0,1000.0,12.0,9289.299999952316,False
A3D9PJ37U7LCHE,ns,4,20-1,20.0,1000.0,18.0,2667.0,False
A3D9PJ37U7LCHE,ns,4,20-1,20.0,1000.0,1.0,2942.9999997615814,False
A3D9PJ37U7LCHE,ns,4,20-1,20.0,1000.0,15.0,7404.899999856949,False
A3D9PJ37U7LCHE,ns,4,20-1,20.0,1000.0,12.0,3685.9999997615814,False
A3D9PJ37U7LCHE,ns,4,20-1,20.0,1000.0,1.0,26661.099999904633,False
A3D9PJ37U7LCHE,ns,4,20-1,20.0,1000.0,1.0,10075.599999904633,False
A3D9PJ37U7LCHE,ns,4,20-1,20.0,1000.0,1.0,15571.399999856952,False
A3EUH97BRHRSI6,rec,1,30-1,30.0,1000.0,16.0,0.0,True
A3EUH97BRHRSI6,rec,1,30-1,30.0,1000.0,1.0,5102.0,False
A3EUH97BRHRSI6,rec,1,30-1,30.0,1000.0,30.0,5501.0,False
A3EUH97BRHRSI6,rec,1,30-1,30.0,1000.0,30.0,11959.0,False
A3EUH97BRHRSI6,rec,1,30-1,30.0,1000.0,29.0,2531.0,False
A3EUH97BRHRSI6,rec,1,30-1,30.0,1000.0,30.0,3107.0,False
A3EUH97BRHRSI6,rec,1,30-1,30.0,1000.0,30.0,4766.0,False
A3EUH97BRHRSI6,rec,1,30-1,30.0,1000.0,30.0,1024.0,False
A3EUH97BRHRSI6,rec,1,30-1,30.0,1000.0,26.0,716.0,False
A3EUH97BRHRSI6,rec,1,30-1,30.0,1000.0,29.0,5492.0,False
A3EUH97BRHRSI6,rec,2,30-1,30.0,1000.0,29.0,0.0,True
A3EUH97BRHRSI6,rec,2,30-1,30.0,1000.0,29.0,5681.0,False
A3EUH97BRHRSI6,rec,2,30-1,30.0,1000.0,30.0,4390.0,False
A3EUH97BRHRSI6,rec,2,30-1,30.0,1000.0,30.0,6950.0,False
A3EUH97BRHRSI6,rec,2,30-1,30.0,1000.0,29.0,11707.0,False
A3EUH97BRHRSI6,rec,2,30-1,30.0,1000.0,29.0,5074.0,False
A3EUH97BRHRSI6,rec,2,30-1,30.0,1000.0,25.0,10276.0,False
A3EUH97BRHRSI6,rec,2,30-1,30.0,1000.0,30.0,2862.0,False
A3EUH97BRHRSI6,rec,2,30-1,30.0,1000.0,30.0,3430.0,False
A3EUH97BRHRSI6,rec,3,30-1,30.0,1000.0,25.0,0.0,True
A3EUH97BRHRSI6,rec,3,30-1,30.0,1000.0,30.0,9324.0,False
A3EUH97BRHRSI6,rec,3,30-1,30.0,1000.0,18.0,24652.0,False
A3EUH97BRHRSI6,rec,3,30-1,30.0,1000.0,29.0,4433.0,False
A3EUH97BRHRSI6,rec,3,30-1,30.0,1000.0,1.0,10572.0,False
A3EUH97BRHRSI6,rec,3,30-1,30.0,1000.0,29.0,8685.0,False
A3EUH97BRHRSI6,rec,3,30-1,30.0,1000.0,30.0,2838.0,False
A3EUH97BRHRSI6,rec,3,30-1,30.0,1000.0,30.0,4469.0,False
A3EUH97BRHRSI6,rec,3,30-1,30.0,1000.0,27.0,1734.0,False
A3EUH97BRHRSI6,rec,3,30-1,30.0,1000.0,30.0,23271.0,False
A3EUH97BRHRSI6,rec,4,30-1,30.0,1000.0,29.0,2446.0,False
A3EUH97BRHRSI6,rec,4,30-1,30.0,1000.0,30.0,5468.0,False
A3EUH97BRHRSI6,rec,4,30-1,30.0,1000.0,30.0,3304.0,False
A3EUH97BRHRSI6,rec,4,30-1,30.0,1000.0,30.0,705.0,False
A3EUH97BRHRSI6,rec,4,30-1,30.0,1000.0,29.0,3307.0,False
A3EUH97BRHRSI6,rec,4,30-1,30.0,1000.0,30.0,3576.0,False
A3EUH97BRHRSI6,rec,4,30-1,30.0,1000.0,29.0,3115.0,False
A3EUH97BRHRSI6,rec,4,30-1,30.0,1000.0,30.0,3323.0,False
A3EUH97BRHRSI6,rec,4,30-1,30.0,1000.0,29.0,7545.0,False
A3EUH97BRHRSI6,rec,4,30-1,30.0,1000.0,30.0,0.0,True
A3EVXSWHYA1PTT,rec,1,20-1,20.0,1000.0,20.0,2370.800000000745,False
A3EVXSWHYA1PTT,rec,1,20-1,20.0,1000.0,20.0,10325.400000002235,False
A3EVXSWHYA1PTT,rec,1,20-1,20.0,1000.0,20.0,6204.60000000149,False
A3EVXSWHYA1PTT,rec,1,20-1,20.0,1000.0,20.0,0.0,True
A3EVXSWHYA1PTT,rec,1,20-1,20.0,1000.0,20.0,1853.800000000745,False
A3EVXSWHYA1PTT,rec,1,20-1,20.0,1000.0,20.0,3119.199999999255,False
A3EVXSWHYA1PTT,rec,1,20-1,20.0,1000.0,19.0,5320.10000000149,False
A3EVXSWHYA1PTT,rec,1,20-1,20.0,1000.0,20.0,3207.199999999255,False
A3EVXSWHYA1PTT,rec,1,20-1,20.0,1000.0,20.0,4776.000000001863,False
A3EVXSWHYA1PTT,rec,1,20-1,20.0,1000.0,19.0,4658.400000000373,False
A3EVXSWHYA1PTT,rec,1,20-1,20.0,1000.0,20.0,5232.700000001117,False
A3EVXSWHYA1PTT,rec,2,20-1,20.0,1000.0,1.0,4625.5,False
A3EVXSWHYA1PTT,rec,2,20-1,20.0,1000.0,1.0,10397.90000000596,False
A3EVXSWHYA1PTT,rec,2,20-1,20.0,1000.0,20.0,0.0,True
A3EVXSWHYA1PTT,rec,2,20-1,20.0,1000.0,20.0,2931.5000000000005,False
A3EVXSWHYA1PTT,rec,2,20-1,20.0,1000.0,20.0,4455.499999985099,False
A3EVXSWHYA1PTT,rec,2,20-1,20.0,1000.0,20.0,1731.1000000089412,False
A3EVXSWHYA1PTT,rec,2,20-1,20.0,1000.0,20.0,1976.900000005961,False
A3EVXSWHYA1PTT,rec,2,20-1,20.0,1000.0,20.0,2760.6999999880795,False
A3EVXSWHYA1PTT,rec,2,20-1,20.0,1000.0,20.0,1283.400000005961,False
A3EVXSWHYA1PTT,rec,2,20-1,20.0,1000.0,20.0,3173.6999999880795,False
A3EVXSWHYA1PTT,rec,2,20-1,20.0,1000.0,20.0,1379.0000000000005,False
A3EVXSWHYA1PTT,rec,2,20-1,20.0,1000.0,20.0,2877.79999999702,False
A3EVXSWHYA1PTT,rec,3,20-1,20.0,1000.0,20.0,1022.3000000119209,False
A3EVXSWHYA1PTT,rec,3,20-1,20.0,1000.0,1.0,5758.900000035761,False
A3EVXSWHYA1PTT,rec,3,20-1,20.0,1000.0,19.0,1343.4000000357628,False
A3EVXSWHYA1PTT,rec,3,20-1,20.0,1000.0,1.0,28185.300000041723,False
A3EVXSWHYA1PTT,rec,3,20-1,20.0,1000.0,20.0,0.0,True
A3EVXSWHYA1PTT,rec,3,20-1,20.0,1000.0,19.0,1591.2000000178823,False
A3EVXSWHYA1PTT,rec,3,20-1,20.0,1000.0,19.0,3960.7000000178805,False
A3EVXSWHYA1PTT,rec,3,20-1,20.0,1000.0,20.0,1027.3000000417233,False
A3EVXSWHYA1PTT,rec,3,20-1,20.0,1000.0,19.0,1956.5000000298023,False
A3EVXSWHYA1PTT,rec,3,20-1,20.0,1000.0,19.0,3369.2000000178805,False
A3EVXSWHYA1PTT,rec,3,20-1,20.0,1000.0,20.0,645.6000000238419,False
A3EVXSWHYA1PTT,rec,4,20-1,20.0,1000.0,20.0,0.0,True
A3EVXSWHYA1PTT,rec,4,20-1,20.0,1000.0,19.0,2740.70000000298,False
A3EVXSWHYA1PTT,rec,4,20-1,20.0,1000.0,20.0,3008.80000000447,False
A3EVXSWHYA1PTT,rec,4,20-1,20.0,1000.0,19.0,3439.9999999999995,False
A3EVXSWHYA1PTT,rec,4,20-1,20.0,1000.0,20.0,3501.70000000298,False
A3EVXSWHYA1PTT,rec,4,20-1,20.0,1000.0,19.0,6192.70000000298,False
A3EVXSWHYA1PTT,rec,4,20-1,20.0,1000.0,20.0,3583.30000000447,False
A3EVXSWHYA1PTT,rec,4,20-1,20.0,1000.0,20.0,3834.8999999985094,False
A3EVXSWHYA1PTT,rec,4,20-1,20.0,1000.0,20.0,2289.30000000447,False
A3EVXSWHYA1PTT,rec,4,20-1,20.0,1000.0,19.0,3824.8999999985094,False
A3EVXSWHYA1PTT,rec,4,20-1,20.0,1000.0,19.0,4328.89999999851,False
A3EVXSWHYA1PTT,rec,4,20-1,20.0,1000.0,20.0,3305.70000000298,False
A3FOKP72T5I4FR,ns,1,15-2,15.0,2000.0,1.0,0.0,True
A3FOKP72T5I4FR,ns,1,15-2,15.0,2000.0,14.0,2626.800000190735,False
A3FOKP72T5I4FR,ns,1,15-2,15.0,2000.0,10.0,1602.3000001907353,False
A3FOKP72T5I4FR,ns,1,15-2,15.0,2000.0,8.0,1040.2000000476842,False
A3FOKP72T5I4FR,ns,1,15-2,15.0,2000.0,14.0,2409.7000002861023,False
A3FOKP72T5I4FR,ns,1,15-2,15.0,2000.0,1.0,3854.100000143051,False
A3FOKP72T5I4FR,ns,1,15-2,15.0,2000.0,14.0,912.3000001907353,False
A3FOKP72T5I4FR,ns,1,15-2,15.0,2000.0,1.0,1321.5000002384186,False
A3FOKP72T5I4FR,ns,1,15-2,15.0,2000.0,14.0,463.60000014305115,False
A3FOKP72T5I4FR,ns,1,15-2,15.0,2000.0,4.0,1307.9000000953674,False
A3FOKP72T5I4FR,ns,1,15-2,15.0,2000.0,13.0,2472.5,False
A3FOKP72T5I4FR,ns,2,15-2,15.0,2000.0,12.0,1060.7999999523167,False
A3FOKP72T5I4FR,ns,2,15-2,15.0,2000.0,13.0,873.7999999523167,False
A3FOKP72T5I4FR,ns,2,15-2,15.0,2000.0,1.0,629.4000000953679,False
A3FOKP72T5I4FR,ns,2,15-2,15.0,2000.0,15.0,106.39999985694885,False
A3FOKP72T5I4FR,ns,2,15-2,15.0,2000.0,5.0,0.0,True
A3FOKP72T5I4FR,ns,2,15-2,15.0,2000.0,7.0,678.9000000953679,False
A3FOKP72T5I4FR,ns,2,15-2,15.0,2000.0,13.0,6056.0,False
A3FOKP72T5I4FR,ns,2,15-2,15.0,2000.0,13.0,11042.600000143051,False
A3FOKP72T5I4FR,ns,2,15-2,15.0,2000.0,4.0,1580.7999999523167,False
A3FOKP72T5I4FR,ns,2,15-2,15.0,2000.0,1.0,1404.7000000476837,False
A3FOKP72T5I4FR,ns,2,15-2,15.0,2000.0,5.0,705.2000000476837,False
A3FOKP72T5I4FR,ns,2,15-2,15.0,2000.0,8.0,1030.7999999523167,False
A3G55RJTW3BSGM,ns,1,10-2,10.0,2000.0,7.0,0.0,True
A3G55RJTW3BSGM,ns,1,10-2,10.0,2000.0,8.0,2384.399999856949,False
A3G55RJTW3BSGM,ns,1,10-2,10.0,2000.0,9.0,2256.0,False
A3G55RJTW3BSGM,ns,1,10-2,10.0,2000.0,3.0,2674.0,False
A3G55RJTW3BSGM,ns,1,10-2,10.0,2000.0,9.0,2506.299999952316,False
A3G55RJTW3BSGM,ns,1,10-2,10.0,2000.0,6.0,1340.2000000476842,False
A3G55RJTW3BSGM,ns,1,10-2,10.0,2000.0,10.0,1804.0,False
A3G55RJTW3BSGM,ns,1,10-2,10.0,2000.0,8.0,2807.2999999523163,False
A3G55RJTW3BSGM,ns,1,10-2,10.0,2000.0,6.0,1608.2999999523163,False
A3G55RJTW3BSGM,ns,1,10-2,10.0,2000.0,8.0,1743.9000000953674,False
A3G55RJTW3BSGM,ns,1,10-2,10.0,2000.0,7.0,1539.2000000476842,False
A3G55RJTW3BSGM,ns,1,10-2,10.0,2000.0,9.0,2010.2000000476842,False
A3G55RJTW3BSGM,ns,2,10-2,10.0,2000.0,8.0,0.0,True
A3G55RJTW3BSGM,ns,2,10-2,10.0,2000.0,9.0,2042.5,False
A3G55RJTW3BSGM,ns,2,10-2,10.0,2000.0,8.0,1511.900000095368,False
A3G55RJTW3BSGM,ns,2,10-2,10.0,2000.0,9.0,1702.6000001430511,False
A3G55RJTW3BSGM,ns,2,10-2,10.0,2000.0,7.0,1154.2000000476842,False
A3G55RJTW3BSGM,ns,2,10-2,10.0,2000.0,9.0,1259.6999998092651,False
A3G55RJTW3BSGM,ns,2,10-2,10.0,2000.0,8.0,1273.1999998092651,False
A3G55RJTW3BSGM,ns,2,10-2,10.0,2000.0,9.0,869.5,False
A3G55RJTW3BSGM,ns,2,10-2,10.0,2000.0,5.0,3722.7999999523163,False
A3G55RJTW3BSGM,ns,2,10-2,10.0,2000.0,9.0,456.599999904633,False
A3G55RJTW3BSGM,ns,2,10-2,10.0,2000.0,2.0,2859.2000000476837,False
A3G55RJTW3BSGM,ns,2,10-2,10.0,2000.0,6.0,2680.300000190735,False
A3G55RJTW3BSGM,ns,3,10-2,10.0,2000.0,9.0,0.0,True
A3G55RJTW3BSGM,ns,3,10-2,10.0,2000.0,10.0,1969.8999996185303,False
A3G55RJTW3BSGM,ns,3,10-2,10.0,2000.0,9.0,1609.5,False
A3G55RJTW3BSGM,ns,3,10-2,10.0,2000.0,10.0,1652.4000000953674,False
A3G55RJTW3BSGM,ns,3,10-2,10.0,2000.0,10.0,4481.0,False
A3G55RJTW3BSGM,ns,3,10-2,10.0,2000.0,7.0,1549.5,False
A3G55RJTW3BSGM,ns,3,10-2,10.0,2000.0,4.0,1754.7999997138977,False
A3G55RJTW3BSGM,ns,3,10-2,10.0,2000.0,4.0,2168.4999995231624,False
A3G55RJTW3BSGM,ns,3,10-2,10.0,2000.0,5.0,1491.1999998092656,False
A3G55RJTW3BSGM,ns,3,10-2,10.0,2000.0,5.0,4455.299999713898,False
A3G55RJTW3BSGM,ns,3,10-2,10.0,2000.0,3.0,1849.5999999046326,False
A3G55RJTW3BSGM,ns,4,10-2,10.0,2000.0,8.0,0.0,True
A3G55RJTW3BSGM,ns,4,10-2,10.0,2000.0,4.0,4635.900000095367,False
A3G55RJTW3BSGM,ns,4,10-2,10.0,2000.0,10.0,2388.800000190735,False
A3G55RJTW3BSGM,ns,4,10-2,10.0,2000.0,1.0,1788.5,False
A3G55RJTW3BSGM,ns,4,10-2,10.0,2000.0,5.0,2202.9000000953674,False
A3G55RJTW3BSGM,ns,4,10-2,10.0,2000.0,9.0,2392.4000000953674,False
A3G55RJTW3BSGM,ns,4,10-2,10.0,2000.0,7.0,2359.9000000953674,False
A3G55RJTW3BSGM,ns,4,10-2,10.0,2000.0,7.0,3261.5999999046326,False
A3G55RJTW3BSGM,ns,4,10-2,10.0,2000.0,9.0,1696.9000000953674,False
A3G55RJTW3BSGM,ns,4,10-2,10.0,2000.0,2.0,2432.0,False
A3G55RJTW3BSGM,ns,4,10-2,10.0,2000.0,1.0,2275.2999997138977,False
A3G55RJTW3BSGM,ns,4,10-2,10.0,2000.0,1.0,2108.0,False
A3GC5Q5CLI4NWZ,prim,1,10-2,10.0,2000.0,1.0,668.0,False
A3GC5Q5CLI4NWZ,prim,1,10-2,10.0,2000.0,1.0,0.0,True
A3GC5Q5CLI4NWZ,prim,1,10-2,10.0,2000.0,1.0,5379.0,False
A3GC5Q5CLI4NWZ,prim,1,10-2,10.0,2000.0,1.0,3322.0,False
A3GC5Q5CLI4NWZ,prim,1,10-2,10.0,2000.0,1.0,5520.0,False
A3GC5Q5CLI4NWZ,prim,1,10-2,10.0,2000.0,1.0,1157.0,False
A3GC5Q5CLI4NWZ,prim,1,10-2,10.0,2000.0,1.0,2540.0,False
A3GC5Q5CLI4NWZ,prim,1,10-2,10.0,2000.0,1.0,94.0,False
A3GC5Q5CLI4NWZ,prim,1,10-2,10.0,2000.0,1.0,530.0,False
A3GC5Q5CLI4NWZ,prim,1,10-2,10.0,2000.0,1.0,1471.0,False
A3GC5Q5CLI4NWZ,prim,1,10-2,10.0,2000.0,1.0,4915.0,False
A3GC5Q5CLI4NWZ,prim,1,10-2,10.0,2000.0,1.0,1883.0,False
A3GC5Q5CLI4NWZ,prim,2,10-2,10.0,2000.0,1.0,0.0,True
A3GC5Q5CLI4NWZ,prim,2,10-2,10.0,2000.0,1.0,7961.0,False
A3GC5Q5CLI4NWZ,prim,2,10-2,10.0,2000.0,1.0,3628.0,False
A3GC5Q5CLI4NWZ,prim,2,10-2,10.0,2000.0,2.0,4328.0,False
A3GC5Q5CLI4NWZ,prim,2,10-2,10.0,2000.0,1.0,1706.0,False
A3GC5Q5CLI4NWZ,prim,2,10-2,10.0,2000.0,1.0,9499.0,False
A3GC5Q5CLI4NWZ,prim,2,10-2,10.0,2000.0,1.0,7306.0,False
A3GC5Q5CLI4NWZ,prim,2,10-2,10.0,2000.0,1.0,8312.0,False
A3GC5Q5CLI4NWZ,prim,2,10-2,10.0,2000.0,1.0,3961.0,False
A3GC5Q5CLI4NWZ,prim,2,10-2,10.0,2000.0,1.0,5550.0,False
A3GC5Q5CLI4NWZ,prim,2,10-2,10.0,2000.0,1.0,12698.0,False
A3GC5Q5CLI4NWZ,prim,3,10-2,10.0,2000.0,1.0,0.0,True
A3GC5Q5CLI4NWZ,prim,3,10-2,10.0,2000.0,1.0,3947.0,False
A3GC5Q5CLI4NWZ,prim,3,10-2,10.0,2000.0,1.0,3692.0,False
A3GC5Q5CLI4NWZ,prim,3,10-2,10.0,2000.0,1.0,2751.0,False
A3GC5Q5CLI4NWZ,prim,3,10-2,10.0,2000.0,1.0,6150.0,False
A3GC5Q5CLI4NWZ,prim,3,10-2,10.0,2000.0,1.0,6877.0,False
A3GC5Q5CLI4NWZ,prim,3,10-2,10.0,2000.0,1.0,1555.0,False
A3GC5Q5CLI4NWZ,prim,3,10-2,10.0,2000.0,2.0,4122.0,False
A3GC5Q5CLI4NWZ,prim,3,10-2,10.0,2000.0,1.0,2526.0,False
A3GC5Q5CLI4NWZ,prim,4,10-2,10.0,2000.0,1.0,4990.0,False
A3GC5Q5CLI4NWZ,prim,4,10-2,10.0,2000.0,1.0,5299.0,False
A3GC5Q5CLI4NWZ,prim,4,10-2,10.0,2000.0,1.0,3015.0,False
A3GC5Q5CLI4NWZ,prim,4,10-2,10.0,2000.0,1.0,0.0,True
A3GC5Q5CLI4NWZ,prim,4,10-2,10.0,2000.0,1.0,3518.0,False
A3GC5Q5CLI4NWZ,prim,4,10-2,10.0,2000.0,1.0,5631.0,False
A3GC5Q5CLI4NWZ,prim,4,10-2,10.0,2000.0,1.0,5183.0,False
A3GC5Q5CLI4NWZ,prim,4,10-2,10.0,2000.0,1.0,6086.0,False
A3GC5Q5CLI4NWZ,prim,4,10-2,10.0,2000.0,1.0,16556.0,False
A3GC5Q5CLI4NWZ,prim,4,10-2,10.0,2000.0,1.0,5979.0,False
A3GC5Q5CLI4NWZ,prim,4,10-2,10.0,2000.0,1.0,2260.0,False
A3GC5Q5CLI4NWZ,prim,4,10-2,10.0,2000.0,1.0,853.0,False
A3GDVKIN7ZGUG9,rec,1,20-2,20.0,2000.0,20.0,2287.0,False
A3GDVKIN7ZGUG9,rec,1,20-2,20.0,2000.0,19.0,1806.0,False
A3GDVKIN7ZGUG9,rec,1,20-2,20.0,2000.0,18.0,71.0,False
A3GDVKIN7ZGUG9,rec,1,20-2,20.0,2000.0,20.0,461.0,False
A3GDVKIN7ZGUG9,rec,1,20-2,20.0,2000.0,20.0,3425.0,False
A3GDVKIN7ZGUG9,rec,1,20-2,20.0,2000.0,19.0,3439.0,False
A3GDVKIN7ZGUG9,rec,1,20-2,20.0,2000.0,20.0,1250.0,False
A3GDVKIN7ZGUG9,rec,1,20-2,20.0,2000.0,20.0,0.0,True
A3GDVKIN7ZGUG9,rec,1,20-2,20.0,2000.0,17.0,1584.0,False
A3GDVKIN7ZGUG9,rec,2,20-2,20.0,2000.0,20.0,2124.0,False
A3GDVKIN7ZGUG9,rec,2,20-2,20.0,2000.0,20.0,6382.0,False
A3GDVKIN7ZGUG9,rec,2,20-2,20.0,2000.0,20.0,2418.0,False
A3GDVKIN7ZGUG9,rec,2,20-2,20.0,2000.0,19.0,1773.0,False
A3GDVKIN7ZGUG9,rec,2,20-2,20.0,2000.0,20.0,0.0,True
A3GDVKIN7ZGUG9,rec,2,20-2,20.0,2000.0,11.0,11533.0,False
A3GDVKIN7ZGUG9,rec,2,20-2,20.0,2000.0,18.0,83.0,False
A3GIUDSA1IGTFV,ns,1,20-1,20.0,1000.0,2.0,1538.0999999046326,False
A3GIUDSA1IGTFV,ns,1,20-1,20.0,1000.0,1.0,2960.399999856949,False
A3GIUDSA1IGTFV,ns,1,20-1,20.0,1000.0,1.0,0.0,True
A3GIUDSA1IGTFV,ns,1,20-1,20.0,1000.0,1.0,607.6999998092651,False
A3GIUDSA1IGTFV,ns,1,20-1,20.0,1000.0,1.0,1257.0999999046326,False
A3GIUDSA1IGTFV,ns,1,20-1,20.0,1000.0,1.0,417.19999980926514,False
A3GIUDSA1IGTFV,ns,1,20-1,20.0,1000.0,1.0,255.09999990463257,False
A3GIUDSA1IGTFV,ns,1,20-1,20.0,1000.0,20.0,1581.2000000476837,False
A3GIUDSA1IGTFV,ns,1,20-1,20.0,1000.0,1.0,10.099999904632568,False
A3GIUDSA1IGTFV,ns,2,20-1,20.0,1000.0,4.0,7373.399999856949,False
A3GIUDSA1IGTFV,ns,2,20-1,20.0,1000.0,4.0,0.0,True
A3GIUDSA1IGTFV,ns,2,20-1,20.0,1000.0,1.0,6190.899999856949,False
A3GIUDSA1IGTFV,ns,2,20-1,20.0,1000.0,16.0,9527.299999713898,False
A3GIUDSA1IGTFV,ns,2,20-1,20.0,1000.0,20.0,1792.6999998092651,False
A3GIUDSA1IGTFV,ns,2,20-1,20.0,1000.0,19.0,13480.799999952316,False
A3GIUDSA1IGTFV,ns,2,20-1,20.0,1000.0,1.0,53735.799999952316,False
A3GIUDSA1IGTFV,ns,2,20-1,20.0,1000.0,20.0,1680.599999666214,False
A3GIUDSA1IGTFV,ns,2,20-1,20.0,1000.0,2.0,31969.799999952316,False
A3GIUDSA1IGTFV,ns,2,20-1,20.0,1000.0,20.0,8602.199999809265,False
A3GIUDSA1IGTFV,ns,3,20-1,20.0,1000.0,3.0,0.0,True
A3GIUDSA1IGTFV,ns,3,20-1,20.0,1000.0,20.0,9087.600000143051,False
A3GIUDSA1IGTFV,ns,3,20-1,20.0,1000.0,19.0,14543.700000047684,False
A3GIUDSA1IGTFV,ns,3,20-1,20.0,1000.0,20.0,6083.299999952316,False
A3GIUDSA1IGTFV,ns,3,20-1,20.0,1000.0,20.0,3246.7000000476837,False
A3GIUDSA1IGTFV,ns,3,20-1,20.0,1000.0,17.0,7000.0,False
A3GIUDSA1IGTFV,ns,3,20-1,20.0,1000.0,12.0,10963.400000095367,False
A3GIUDSA1IGTFV,ns,3,20-1,20.0,1000.0,20.0,3596.4000000953674,False
A3GIUDSA1IGTFV,ns,3,20-1,20.0,1000.0,19.0,4741.900000095367,False
A3HBB9JT9WVZS4,ns,1,15-2,15.0,2000.0,3.0,0.0,True
A3HBB9JT9WVZS4,ns,1,15-2,15.0,2000.0,1.0,7216.599999904633,False
A3HBB9JT9WVZS4,ns,1,15-2,15.0,2000.0,7.0,6230.599999904633,False
A3HBB9JT9WVZS4,ns,1,15-2,15.0,2000.0,1.0,4053.199999809265,False
A3HBB9JT9WVZS4,ns,1,15-2,15.0,2000.0,6.0,20818.799999952316,False
A3HBB9JT9WVZS4,ns,1,15-2,15.0,2000.0,2.0,7021.0,False
A3HBB9JT9WVZS4,ns,1,15-2,15.0,2000.0,12.0,9838.799999952316,False
A3HBB9JT9WVZS4,ns,1,15-2,15.0,2000.0,2.0,4276.899999856949,False
A3HBB9JT9WVZS4,ns,1,15-2,15.0,2000.0,2.0,2659.5999999046326,False
A3HBB9JT9WVZS4,ns,2,15-2,15.0,2000.0,2.0,0.0,True
A3HBB9JT9WVZS4,ns,2,15-2,15.0,2000.0,8.0,5981.700000047684,False
A3HBB9JT9WVZS4,ns,2,15-2,15.0,2000.0,1.0,2331.2000000476837,False
A3HBB9JT9WVZS4,ns,2,15-2,15.0,2000.0,15.0,3369.4000000953674,False
A3HBB9JT9WVZS4,ns,2,15-2,15.0,2000.0,15.0,1745.1000001430511,False
A3HBB9JT9WVZS4,ns,2,15-2,15.0,2000.0,12.0,9733.799999952316,False
A3HBB9JT9WVZS4,ns,2,15-2,15.0,2000.0,14.0,51274.199999809265,False
A3HBB9JT9WVZS4,ns,2,15-2,15.0,2000.0,15.0,2159.899999856949,False
A3HBB9JT9WVZS4,ns,2,15-2,15.0,2000.0,15.0,999.9000000953674,False
A3HBB9JT9WVZS4,ns,2,15-2,15.0,2000.0,3.0,1466.5,False
A3HBB9JT9WVZS4,ns,3,15-2,15.0,2000.0,4.0,0.0,True
A3HBB9JT9WVZS4,ns,3,15-2,15.0,2000.0,3.0,1685.7999999523167,False
A3HBB9JT9WVZS4,ns,3,15-2,15.0,2000.0,13.0,5797.100000143051,False
A3HBB9JT9WVZS4,ns,3,15-2,15.0,2000.0,14.0,4543.5,False
A3HBB9JT9WVZS4,ns,3,15-2,15.0,2000.0,7.0,11235.100000143051,False
A3HBB9JT9WVZS4,ns,3,15-2,15.0,2000.0,2.0,3175.900000095368,False
A3HBB9JT9WVZS4,ns,3,15-2,15.0,2000.0,3.0,7330.799999952316,False
A3HBB9JT9WVZS4,ns,3,15-2,15.0,2000.0,6.0,1107.599999904633,False
A3HBB9JT9WVZS4,ns,3,15-2,15.0,2000.0,14.0,307.5,False
A3HBB9JT9WVZS4,ns,4,15-2,15.0,2000.0,12.0,0.0,True
A3HBB9JT9WVZS4,ns,4,15-2,15.0,2000.0,15.0,2141.5,False
A3HBB9JT9WVZS4,ns,4,15-2,15.0,2000.0,15.0,1050.3000001907349,False
A3HBB9JT9WVZS4,ns,4,15-2,15.0,2000.0,8.0,990.9000000953674,False
A3HBB9JT9WVZS4,ns,4,15-2,15.0,2000.0,7.0,2728.100000143051,False
A3HBB9JT9WVZS4,ns,4,15-2,15.0,2000.0,3.0,3685.600000143051,False
A3HBB9JT9WVZS4,ns,4,15-2,15.0,2000.0,15.0,4129.799999952316,False
A3HBB9JT9WVZS4,ns,4,15-2,15.0,2000.0,15.0,1740.5,False
A3HE29W5IDR394,rec,1,20-2,20.0,2000.0,20.0,500.0,False
A3HE29W5IDR394,rec,1,20-2,20.0,2000.0,20.0,3204.0,False
A3HE29W5IDR394,rec,1,20-2,20.0,2000.0,20.0,861.0,False
A3HE29W5IDR394,rec,1,20-2,20.0,2000.0,20.0,0.0,True
A3HE29W5IDR394,rec,1,20-2,20.0,2000.0,12.0,111.0,False
A3HE29W5IDR394,rec,1,20-2,20.0,2000.0,19.0,1247.0,False
A3HE29W5IDR394,rec,1,20-2,20.0,2000.0,20.0,1035.0,False
A3HE29W5IDR394,rec,1,20-2,20.0,2000.0,20.0,1990.0,False
A3HE29W5IDR394,rec,1,20-2,20.0,2000.0,20.0,1271.0,False
A3HE29W5IDR394,rec,1,20-2,20.0,2000.0,19.0,615.0,False
A3HE29W5IDR394,rec,1,20-2,20.0,2000.0,20.0,12839.0,False
A3HE29W5IDR394,rec,1,20-2,20.0,2000.0,20.0,995.0,False
A3HE29W5IDR394,rec,2,20-2,20.0,2000.0,2.0,510.0,False
A3HE29W5IDR394,rec,2,20-2,20.0,2000.0,20.0,3099.0,False
A3HE29W5IDR394,rec,2,20-2,20.0,2000.0,18.0,1153.0,False
A3HE29W5IDR394,rec,2,20-2,20.0,2000.0,20.0,0.0,True
A3HE29W5IDR394,rec,2,20-2,20.0,2000.0,20.0,327.0,False
A3HE29W5IDR394,rec,2,20-2,20.0,2000.0,1.0,2503.0,False
A3HE29W5IDR394,rec,2,20-2,20.0,2000.0,18.0,688.0,False
A3HE29W5IDR394,rec,2,20-2,20.0,2000.0,19.0,2917.0,False
A3HE29W5IDR394,rec,2,20-2,20.0,2000.0,4.0,5571.0,False
A3HE29W5IDR394,rec,2,20-2,20.0,2000.0,19.0,3108.0,False
A3HE29W5IDR394,rec,2,20-2,20.0,2000.0,7.0,486.0,False
A3HE29W5IDR394,rec,3,20-2,20.0,2000.0,20.0,0.0,True
A3HE29W5IDR394,rec,3,20-2,20.0,2000.0,20.0,1971.0,False
A3HE29W5IDR394,rec,3,20-2,20.0,2000.0,20.0,3241.0,False
A3HE29W5IDR394,rec,3,20-2,20.0,2000.0,20.0,2799.0,False
A3HE29W5IDR394,rec,3,20-2,20.0,2000.0,19.0,2673.0,False
A3HE29W5IDR394,rec,3,20-2,20.0,2000.0,2.0,1557.0,False
A3HE29W5IDR394,rec,3,20-2,20.0,2000.0,18.0,4000.0,False
A3HE29W5IDR394,rec,3,20-2,20.0,2000.0,20.0,1162.0,False
A3HE29W5IDR394,rec,3,20-2,20.0,2000.0,20.0,1416.0,False
A3HE29W5IDR394,rec,3,20-2,20.0,2000.0,20.0,1207.0,False
A3HE29W5IDR394,rec,4,20-2,20.0,2000.0,19.0,0.0,True
A3HE29W5IDR394,rec,4,20-2,20.0,2000.0,20.0,1268.0,False
A3HE29W5IDR394,rec,4,20-2,20.0,2000.0,18.0,412.0,False
A3HE29W5IDR394,rec,4,20-2,20.0,2000.0,9.0,1128.0,False
A3HE29W5IDR394,rec,4,20-2,20.0,2000.0,20.0,1997.0,False
A3HE29W5IDR394,rec,4,20-2,20.0,2000.0,20.0,300.0,False
A3HE29W5IDR394,rec,4,20-2,20.0,2000.0,20.0,1114.0,False
A3HE29W5IDR394,rec,4,20-2,20.0,2000.0,12.0,1756.0,False
A3HE29W5IDR394,rec,4,20-2,20.0,2000.0,20.0,636.0,False
A3HE29W5IDR394,rec,4,20-2,20.0,2000.0,20.0,677.0,False
A3HE29W5IDR394,rec,4,20-2,20.0,2000.0,18.0,476.0,False
A3HOPYBWSR1TWR,prim,1,15-2,15.0,2000.0,1.0,2176.0,False
A3HOPYBWSR1TWR,prim,1,15-2,15.0,2000.0,1.0,3075.0,False
A3HOPYBWSR1TWR,prim,1,15-2,15.0,2000.0,1.0,2181.0,False
A3HOPYBWSR1TWR,prim,1,15-2,15.0,2000.0,1.0,4079.0,False
A3HOPYBWSR1TWR,prim,1,15-2,15.0,2000.0,1.0,164.0,False
A3HOPYBWSR1TWR,prim,1,15-2,15.0,2000.0,2.0,231.0,False
A3HOPYBWSR1TWR,prim,1,15-2,15.0,2000.0,1.0,292.0,False
A3HOPYBWSR1TWR,prim,1,15-2,15.0,2000.0,2.0,0.0,True
A3HOPYBWSR1TWR,prim,2,15-2,15.0,2000.0,4.0,1309.0,False
A3HOPYBWSR1TWR,prim,2,15-2,15.0,2000.0,1.0,2107.0,False
A3HOPYBWSR1TWR,prim,2,15-2,15.0,2000.0,3.0,1224.0,False
A3HOPYBWSR1TWR,prim,2,15-2,15.0,2000.0,1.0,2186.0,False
A3HOPYBWSR1TWR,prim,2,15-2,15.0,2000.0,1.0,1758.0,False
A3HOPYBWSR1TWR,prim,2,15-2,15.0,2000.0,2.0,13305.0,False
A3HOPYBWSR1TWR,prim,2,15-2,15.0,2000.0,1.0,518.0,False
A3HOPYBWSR1TWR,prim,2,15-2,15.0,2000.0,1.0,2755.0,False
A3HOPYBWSR1TWR,prim,2,15-2,15.0,2000.0,1.0,0.0,True
A3HOPYBWSR1TWR,prim,3,15-2,15.0,2000.0,2.0,2312.0,False
A3HOPYBWSR1TWR,prim,3,15-2,15.0,2000.0,2.0,32798.0,False
A3HOPYBWSR1TWR,prim,3,15-2,15.0,2000.0,1.0,4905.0,False
A3HOPYBWSR1TWR,prim,3,15-2,15.0,2000.0,1.0,1234.0,False
A3HOPYBWSR1TWR,prim,3,15-2,15.0,2000.0,1.0,952.0,False
A3HOPYBWSR1TWR,prim,3,15-2,15.0,2000.0,2.0,0.0,True
A3HOPYBWSR1TWR,prim,3,15-2,15.0,2000.0,1.0,1508.0,False
A3HOPYBWSR1TWR,prim,3,15-2,15.0,2000.0,1.0,1988.0,False
A3HOPYBWSR1TWR,prim,3,15-2,15.0,2000.0,1.0,481.0,False
A3HOPYBWSR1TWR,prim,4,15-2,15.0,2000.0,1.0,1258.0,False
A3HOPYBWSR1TWR,prim,4,15-2,15.0,2000.0,1.0,2766.0,False
A3HOPYBWSR1TWR,prim,4,15-2,15.0,2000.0,2.0,2933.0,False
A3HOPYBWSR1TWR,prim,4,15-2,15.0,2000.0,1.0,4936.0,False
A3HOPYBWSR1TWR,prim,4,15-2,15.0,2000.0,1.0,0.0,True
A3HOPYBWSR1TWR,prim,4,15-2,15.0,2000.0,2.0,1258.0,False
A3HOPYBWSR1TWR,prim,4,15-2,15.0,2000.0,1.0,16942.0,False
A3HOPYBWSR1TWR,prim,4,15-2,15.0,2000.0,1.0,8190.0,False
A3HXK0UGS1YDMC,prim,1,20-1,20.0,1000.0,2.0,3027.7000000476837,False
A3HXK0UGS1YDMC,prim,1,20-1,20.0,1000.0,1.0,0.0,True
A3HXK0UGS1YDMC,prim,1,20-1,20.0,1000.0,1.0,3320.899999856949,False
A3HXK0UGS1YDMC,prim,1,20-1,20.0,1000.0,1.0,3829.0,False
A3HXK0UGS1YDMC,prim,1,20-1,20.0,1000.0,3.0,4496.0,False
A3HXK0UGS1YDMC,prim,1,20-1,20.0,1000.0,2.0,1897.0999999046326,False
A3HXK0UGS1YDMC,prim,1,20-1,20.0,1000.0,4.0,7110.499999761581,False
A3HXK0UGS1YDMC,prim,1,20-1,20.0,1000.0,1.0,4132.400000095369,False
A3HXK0UGS1YDMC,prim,2,20-1,20.0,1000.0,2.0,75.69999980926514,False
A3HXK0UGS1YDMC,prim,2,20-1,20.0,1000.0,2.0,1368.3999998569489,False
A3HXK0UGS1YDMC,prim,2,20-1,20.0,1000.0,2.0,1672.4999997615814,False
A3HXK0UGS1YDMC,prim,2,20-1,20.0,1000.0,1.0,0.0,True
A3HXK0UGS1YDMC,prim,2,20-1,20.0,1000.0,4.0,148.19999980926514,False
A3HXK0UGS1YDMC,prim,2,20-1,20.0,1000.0,3.0,1724.1999998092651,False
A3HXK0UGS1YDMC,prim,2,20-1,20.0,1000.0,1.0,4275.799999952316,False
A3HXK0UGS1YDMC,prim,2,20-1,20.0,1000.0,3.0,27143.0,False
A3HXK0UGS1YDMC,prim,2,20-1,20.0,1000.0,1.0,3213.7999999523163,False
A3HXK0UGS1YDMC,prim,3,20-1,20.0,1000.0,1.0,3443.4999997615814,False
A3HXK0UGS1YDMC,prim,3,20-1,20.0,1000.0,2.0,2489.199999809265,False
A3HXK0UGS1YDMC,prim,3,20-1,20.0,1000.0,5.0,50711.200000047684,False
A3HXK0UGS1YDMC,prim,3,20-1,20.0,1000.0,1.0,7121.0,False
A3HXK0UGS1YDMC,prim,3,20-1,20.0,1000.0,3.0,2376.2999999523163,False
A3HXK0UGS1YDMC,prim,3,20-1,20.0,1000.0,20.0,2617.9000000953674,False
A3HXK0UGS1YDMC,prim,3,20-1,20.0,1000.0,4.0,1803.5,False
A3HXK0UGS1YDMC,prim,3,20-1,20.0,1000.0,19.0,4711.0,False
A3HXK0UGS1YDMC,prim,3,20-1,20.0,1000.0,1.0,7217.200000047684,False
A3HXK0UGS1YDMC,prim,3,20-1,20.0,1000.0,20.0,0.0,True
A3HXK0UGS1YDMC,prim,3,20-1,20.0,1000.0,1.0,154.20000004768372,False
A3HXK0UGS1YDMC,prim,4,20-1,20.0,1000.0,2.0,0.0,True
A3HXK0UGS1YDMC,prim,4,20-1,20.0,1000.0,4.0,2932.300000190735,False
A3HXK0UGS1YDMC,prim,4,20-1,20.0,1000.0,1.0,3630.5999999046326,False
A3HXK0UGS1YDMC,prim,4,20-1,20.0,1000.0,1.0,3098.300000190735,False
A3HXK0UGS1YDMC,prim,4,20-1,20.0,1000.0,1.0,2847.2000000476837,False
A3HXK0UGS1YDMC,prim,4,20-1,20.0,1000.0,1.0,8147.400000095367,False
A3HXK0UGS1YDMC,prim,4,20-1,20.0,1000.0,1.0,6458.700000047684,False
A3HXK0UGS1YDMC,prim,4,20-1,20.0,1000.0,5.0,10795.900000095367,False
A3HXK0UGS1YDMC,prim,4,20-1,20.0,1000.0,3.0,5529.599999904633,False
A3HXK0UGS1YDMC,prim,4,20-1,20.0,1000.0,19.0,2107.2999999523163,False
A3I1SGVY37KR4A,ns,1,20-2,20.0,2000.0,2.0,0.0,True
A3I1SGVY37KR4A,ns,1,20-2,20.0,2000.0,2.0,9766.0,False
A3I1SGVY37KR4A,ns,1,20-2,20.0,2000.0,2.0,12055.0,False
A3I1SGVY37KR4A,ns,1,20-2,20.0,2000.0,20.0,3474.0,False
A3I1SGVY37KR4A,ns,1,20-2,20.0,2000.0,15.0,7983.0,False
A3I1SGVY37KR4A,ns,1,20-2,20.0,2000.0,20.0,7328.0,False
A3I1SGVY37KR4A,ns,1,20-2,20.0,2000.0,6.0,12230.0,False
A3I1SGVY37KR4A,ns,1,20-2,20.0,2000.0,20.0,7867.0,False
A3I1SGVY37KR4A,ns,1,20-2,20.0,2000.0,1.0,14571.0,False
A3I1SGVY37KR4A,ns,1,20-2,20.0,2000.0,1.0,6398.0,False
A3I1SGVY37KR4A,ns,1,20-2,20.0,2000.0,18.0,5104.0,False
A3I1SGVY37KR4A,ns,2,20-2,20.0,2000.0,2.0,53000.0,False
A3I1SGVY37KR4A,ns,2,20-2,20.0,2000.0,1.0,23695.0,False
A3I1SGVY37KR4A,ns,2,20-2,20.0,2000.0,1.0,17911.0,False
A3I1SGVY37KR4A,ns,2,20-2,20.0,2000.0,4.0,1769.0,False
A3I1SGVY37KR4A,ns,2,20-2,20.0,2000.0,20.0,2881.0,False
A3I1SGVY37KR4A,ns,2,20-2,20.0,2000.0,1.0,4392.0,False
A3I1SGVY37KR4A,ns,2,20-2,20.0,2000.0,1.0,2130.0,False
A3I1SGVY37KR4A,ns,2,20-2,20.0,2000.0,2.0,30421.0,False
A3I1SGVY37KR4A,ns,2,20-2,20.0,2000.0,18.0,0.0,True
A3I1SGVY37KR4A,ns,3,20-2,20.0,2000.0,4.0,2744.0,False
A3I1SGVY37KR4A,ns,3,20-2,20.0,2000.0,3.0,7379.0,False
A3I1SGVY37KR4A,ns,3,20-2,20.0,2000.0,4.0,5994.0,False
A3I1SGVY37KR4A,ns,3,20-2,20.0,2000.0,7.0,2640.0,False
A3I1SGVY37KR4A,ns,3,20-2,20.0,2000.0,20.0,3506.0,False
A3I1SGVY37KR4A,ns,3,20-2,20.0,2000.0,1.0,3689.0,False
A3I1SGVY37KR4A,ns,3,20-2,20.0,2000.0,1.0,4657.0,False
A3I1SGVY37KR4A,ns,3,20-2,20.0,2000.0,2.0,4586.0,False
A3I1SGVY37KR4A,ns,3,20-2,20.0,2000.0,3.0,30885.0,False
A3I1SGVY37KR4A,ns,3,20-2,20.0,2000.0,6.0,19602.0,False
A3I1SGVY37KR4A,ns,3,20-2,20.0,2000.0,16.0,0.0,True
A3I97794CB5SUO,rec,1,30-1,30.0,1000.0,12.0,0.0,True
A3I97794CB5SUO,rec,1,30-1,30.0,1000.0,30.0,4068.0,False
A3I97794CB5SUO,rec,1,30-1,30.0,1000.0,29.0,2943.0,False
A3I97794CB5SUO,rec,1,30-1,30.0,1000.0,29.0,2491.0,False
A3I97794CB5SUO,rec,1,30-1,30.0,1000.0,29.0,2015.0,False
A3I97794CB5SUO,rec,1,30-1,30.0,1000.0,30.0,3274.0,False
A3I97794CB5SUO,rec,1,30-1,30.0,1000.0,29.0,3944.0,False
A3I97794CB5SUO,rec,1,30-1,30.0,1000.0,28.0,3433.0,False
A3I97794CB5SUO,rec,1,30-1,30.0,1000.0,29.0,1816.0,False
A3I97794CB5SUO,rec,1,30-1,30.0,1000.0,29.0,2322.0,False
A3I97794CB5SUO,rec,2,30-1,30.0,1000.0,1.0,0.0,True
A3I97794CB5SUO,rec,2,30-1,30.0,1000.0,30.0,1152.0,False
A3I97794CB5SUO,rec,2,30-1,30.0,1000.0,28.0,1450.0,False
A3I97794CB5SUO,rec,2,30-1,30.0,1000.0,27.0,1397.0,False
A3I97794CB5SUO,rec,2,30-1,30.0,1000.0,27.0,493.0,False
A3I97794CB5SUO,rec,2,30-1,30.0,1000.0,27.0,1202.0,False
A3I97794CB5SUO,rec,2,30-1,30.0,1000.0,27.0,407.0,False
A3I97794CB5SUO,rec,2,30-1,30.0,1000.0,28.0,314.0,False
A3I97794CB5SUO,rec,2,30-1,30.0,1000.0,28.0,1408.0,False
A3I97794CB5SUO,rec,2,30-1,30.0,1000.0,27.0,686.0,False
A3I97794CB5SUO,rec,2,30-1,30.0,1000.0,27.0,559.0,False
A3I97794CB5SUO,rec,3,30-1,30.0,1000.0,28.0,1237.0,False
A3I97794CB5SUO,rec,3,30-1,30.0,1000.0,27.0,534.0,False
A3I97794CB5SUO,rec,3,30-1,30.0,1000.0,25.0,1261.0,False
A3I97794CB5SUO,rec,3,30-1,30.0,1000.0,28.0,498.0,False
A3I97794CB5SUO,rec,3,30-1,30.0,1000.0,28.0,0.0,True
A3I97794CB5SUO,rec,3,30-1,30.0,1000.0,28.0,636.0,False
A3I97794CB5SUO,rec,3,30-1,30.0,1000.0,27.0,798.0,False
A3I97794CB5SUO,rec,3,30-1,30.0,1000.0,28.0,1451.0,False
A3I97794CB5SUO,rec,3,30-1,30.0,1000.0,28.0,873.0,False
A3I97794CB5SUO,rec,3,30-1,30.0,1000.0,27.0,2987.0,False
A3I97794CB5SUO,rec,3,30-1,30.0,1000.0,28.0,2039.0,False
A3I97794CB5SUO,rec,3,30-1,30.0,1000.0,28.0,1836.0,False
A3I97794CB5SUO,rec,4,30-1,30.0,1000.0,29.0,1016.0,False
A3I97794CB5SUO,rec,4,30-1,30.0,1000.0,28.0,398.0,False
A3I97794CB5SUO,rec,4,30-1,30.0,1000.0,28.0,170.0,False
A3I97794CB5SUO,rec,4,30-1,30.0,1000.0,26.0,1455.0,False
A3I97794CB5SUO,rec,4,30-1,30.0,1000.0,28.0,801.0,False
A3I97794CB5SUO,rec,4,30-1,30.0,1000.0,25.0,858.0,False
A3I97794CB5SUO,rec,4,30-1,30.0,1000.0,28.0,115.0,False
A3I97794CB5SUO,rec,4,30-1,30.0,1000.0,28.0,291.0,False
A3I97794CB5SUO,rec,4,30-1,30.0,1000.0,28.0,0.0,True
A3I97794CB5SUO,rec,4,30-1,30.0,1000.0,28.0,58.0,False
A3IBDJ12CRTQQN,prim,1,15-2,15.0,2000.0,1.0,0.0,True
A3IBDJ12CRTQQN,prim,1,15-2,15.0,2000.0,1.0,1520.0,False
A3IBDJ12CRTQQN,prim,1,15-2,15.0,2000.0,1.0,6487.0,False
A3IBDJ12CRTQQN,prim,1,15-2,15.0,2000.0,1.0,4429.0,False
A3IBDJ12CRTQQN,prim,1,15-2,15.0,2000.0,2.0,6096.0,False
A3IBDJ12CRTQQN,prim,1,15-2,15.0,2000.0,1.0,3320.0,False
A3IBDJ12CRTQQN,prim,1,15-2,15.0,2000.0,1.0,11487.0,False
A3IBDJ12CRTQQN,prim,1,15-2,15.0,2000.0,3.0,3370.0,False
A3IBDJ12CRTQQN,prim,1,15-2,15.0,2000.0,2.0,8602.0,False
A3IBDJ12CRTQQN,prim,1,15-2,15.0,2000.0,2.0,2594.0,False
A3IBDJ12CRTQQN,prim,1,15-2,15.0,2000.0,13.0,4235.0,False
A3IBDJ12CRTQQN,prim,2,15-2,15.0,2000.0,8.0,0.0,True
A3IBDJ12CRTQQN,prim,2,15-2,15.0,2000.0,1.0,3904.0,False
A3IBDJ12CRTQQN,prim,2,15-2,15.0,2000.0,1.0,7920.0,False
A3IBDJ12CRTQQN,prim,2,15-2,15.0,2000.0,1.0,3657.0,False
A3IBDJ12CRTQQN,prim,2,15-2,15.0,2000.0,1.0,6761.0,False
A3IBDJ12CRTQQN,prim,2,15-2,15.0,2000.0,3.0,5462.0,False
A3IBDJ12CRTQQN,prim,2,15-2,15.0,2000.0,2.0,4427.0,False
A3IBDJ12CRTQQN,prim,2,15-2,15.0,2000.0,1.0,7587.0,False
A3IBDJ12CRTQQN,prim,2,15-2,15.0,2000.0,1.0,5132.0,False
A3IBDJ12CRTQQN,prim,2,15-2,15.0,2000.0,2.0,11986.0,False
A3IBDJ12CRTQQN,prim,3,15-2,15.0,2000.0,2.0,0.0,True
A3IBDJ12CRTQQN,prim,3,15-2,15.0,2000.0,1.0,8495.0,False
A3IBDJ12CRTQQN,prim,3,15-2,15.0,2000.0,1.0,1343.0,False
A3IBDJ12CRTQQN,prim,3,15-2,15.0,2000.0,1.0,5042.0,False
A3IBDJ12CRTQQN,prim,3,15-2,15.0,2000.0,1.0,4998.0,False
A3IBDJ12CRTQQN,prim,3,15-2,15.0,2000.0,1.0,5783.0,False
A3IBDJ12CRTQQN,prim,3,15-2,15.0,2000.0,1.0,5688.0,False
A3IBDJ12CRTQQN,prim,3,15-2,15.0,2000.0,1.0,8468.0,False
A3IBDJ12CRTQQN,prim,3,15-2,15.0,2000.0,2.0,4976.0,False
A3IBDJ12CRTQQN,prim,4,15-2,15.0,2000.0,1.0,0.0,True
A3IBDJ12CRTQQN,prim,4,15-2,15.0,2000.0,1.0,5566.0,False
A3IBDJ12CRTQQN,prim,4,15-2,15.0,2000.0,1.0,4453.0,False
A3IBDJ12CRTQQN,prim,4,15-2,15.0,2000.0,1.0,5007.0,False
A3IBDJ12CRTQQN,prim,4,15-2,15.0,2000.0,1.0,4744.0,False
A3IBDJ12CRTQQN,prim,4,15-2,15.0,2000.0,1.0,3191.0,False
A3IBDJ12CRTQQN,prim,4,15-2,15.0,2000.0,1.0,10018.0,False
A3IBDJ12CRTQQN,prim,4,15-2,15.0,2000.0,1.0,3664.0,False
A3IBDJ12CRTQQN,prim,4,15-2,15.0,2000.0,3.0,9079.0,False
A3IBDJ12CRTQQN,prim,4,15-2,15.0,2000.0,1.0,21475.0,False
A3IBDJ12CRTQQN,prim,4,15-2,15.0,2000.0,2.0,5818.0,False
A3IBDJ12CRTQQN,prim,4,15-2,15.0,2000.0,1.0,6181.0,False
A3IHTJXHWPQ2JR,rec,1,15-2,15.0,2000.0,1.0,3942.0,False
A3IHTJXHWPQ2JR,rec,1,15-2,15.0,2000.0,13.0,3807.0,False
A3IHTJXHWPQ2JR,rec,1,15-2,15.0,2000.0,15.0,4115.0,False
A3IHTJXHWPQ2JR,rec,1,15-2,15.0,2000.0,15.0,1520.0,False
A3IHTJXHWPQ2JR,rec,1,15-2,15.0,2000.0,15.0,1485.0,False
A3IHTJXHWPQ2JR,rec,1,15-2,15.0,2000.0,14.0,1210.0,False
A3IHTJXHWPQ2JR,rec,1,15-2,15.0,2000.0,15.0,4054.0,False
A3IHTJXHWPQ2JR,rec,1,15-2,15.0,2000.0,15.0,1528.0,False
A3IHTJXHWPQ2JR,rec,1,15-2,15.0,2000.0,15.0,0.0,True
A3IHTJXHWPQ2JR,rec,1,15-2,15.0,2000.0,15.0,344.0,False
A3IHTJXHWPQ2JR,rec,1,15-2,15.0,2000.0,15.0,1290.0,False
A3IHTJXHWPQ2JR,rec,2,15-2,15.0,2000.0,1.0,5283.0,False
A3IHTJXHWPQ2JR,rec,2,15-2,15.0,2000.0,15.0,10732.0,False
A3IHTJXHWPQ2JR,rec,2,15-2,15.0,2000.0,15.0,9976.0,False
A3IHTJXHWPQ2JR,rec,2,15-2,15.0,2000.0,14.0,5762.0,False
A3IHTJXHWPQ2JR,rec,2,15-2,15.0,2000.0,15.0,13543.0,False
A3IHTJXHWPQ2JR,rec,2,15-2,15.0,2000.0,15.0,2218.0,False
A3IHTJXHWPQ2JR,rec,2,15-2,15.0,2000.0,15.0,32679.0,False
A3IHTJXHWPQ2JR,rec,2,15-2,15.0,2000.0,15.0,7141.0,False
A3IHTJXHWPQ2JR,rec,2,15-2,15.0,2000.0,14.0,4465.0,False
A3IHTJXHWPQ2JR,rec,2,15-2,15.0,2000.0,15.0,0.0,True
A3IHTJXHWPQ2JR,rec,2,15-2,15.0,2000.0,15.0,5690.0,False
A3IHTJXHWPQ2JR,rec,3,15-2,15.0,2000.0,1.0,5683.0,False
A3IHTJXHWPQ2JR,rec,3,15-2,15.0,2000.0,1.0,15552.0,False
A3IHTJXHWPQ2JR,rec,3,15-2,15.0,2000.0,14.0,1199.0,False
A3IHTJXHWPQ2JR,rec,3,15-2,15.0,2000.0,15.0,4469.0,False
A3IHTJXHWPQ2JR,rec,3,15-2,15.0,2000.0,14.0,0.0,True
A3IHTJXHWPQ2JR,rec,3,15-2,15.0,2000.0,15.0,2372.0,False
A3IHTJXHWPQ2JR,rec,3,15-2,15.0,2000.0,15.0,3460.0,False
A3IHTJXHWPQ2JR,rec,3,15-2,15.0,2000.0,15.0,4570.0,False
A3IHTJXHWPQ2JR,rec,3,15-2,15.0,2000.0,15.0,2467.0,False
A3IHTJXHWPQ2JR,rec,3,15-2,15.0,2000.0,15.0,4589.0,False
A3IHTJXHWPQ2JR,rec,4,15-2,15.0,2000.0,14.0,4333.0,False
A3IHTJXHWPQ2JR,rec,4,15-2,15.0,2000.0,15.0,606.0,False
A3IHTJXHWPQ2JR,rec,4,15-2,15.0,2000.0,15.0,5518.0,False
A3IHTJXHWPQ2JR,rec,4,15-2,15.0,2000.0,15.0,10104.0,False
A3IHTJXHWPQ2JR,rec,4,15-2,15.0,2000.0,15.0,7117.0,False
A3IHTJXHWPQ2JR,rec,4,15-2,15.0,2000.0,1.0,4075.0,False
A3IHTJXHWPQ2JR,rec,4,15-2,15.0,2000.0,15.0,540.0,False
A3IHTJXHWPQ2JR,rec,4,15-2,15.0,2000.0,15.0,1164.0,False
A3IHTJXHWPQ2JR,rec,4,15-2,15.0,2000.0,15.0,0.0,True
A3IHTJXHWPQ2JR,rec,4,15-2,15.0,2000.0,15.0,462.0,False
A3IHTJXHWPQ2JR,rec,4,15-2,15.0,2000.0,15.0,2008.0,False
A3IHTJXHWPQ2JR,rec,4,15-2,15.0,2000.0,15.0,2941.0,False
A3ITZNJQUTIZ4C,rec,1,20-1,20.0,1000.0,20.0,0.0,True
A3ITZNJQUTIZ4C,rec,1,20-1,20.0,1000.0,20.0,4251.20000000298,False
A3ITZNJQUTIZ4C,rec,1,20-1,20.0,1000.0,20.0,14206.400000020862,False
A3ITZNJQUTIZ4C,rec,1,20-1,20.0,1000.0,14.0,7567.600000008941,False
A3ITZNJQUTIZ4C,rec,1,20-1,20.0,1000.0,20.0,9041.0,False
A3ITZNJQUTIZ4C,rec,1,20-1,20.0,1000.0,19.0,3002.2000000178814,False
A3ITZNJQUTIZ4C,rec,1,20-1,20.0,1000.0,19.0,6134.9000000059605,False
A3ITZNJQUTIZ4C,rec,1,20-1,20.0,1000.0,20.0,15677.90000000596,False
A3ITZNJQUTIZ4C,rec,1,20-1,20.0,1000.0,18.0,15459.800000011921,False
A3ITZNJQUTIZ4C,rec,1,20-1,20.0,1000.0,20.0,11974.10000000894,False
A3ITZNJQUTIZ4C,rec,1,20-1,20.0,1000.0,18.0,4769.100000008941,False
A3ITZNJQUTIZ4C,rec,1,20-1,20.0,1000.0,20.0,16180.20000000298,False
A3ITZNJQUTIZ4C,rec,2,20-1,20.0,1000.0,20.0,0.0,True
A3ITZNJQUTIZ4C,rec,2,20-1,20.0,1000.0,19.0,10303.599999997767,False
A3ITZNJQUTIZ4C,rec,2,20-1,20.0,1000.0,14.0,6946.5,False
A3ITZNJQUTIZ4C,rec,2,20-1,20.0,1000.0,18.0,13403.099999997761,False
A3ITZNJQUTIZ4C,rec,2,20-1,20.0,1000.0,19.0,11716.300000000745,False
A3ITZNJQUTIZ4C,rec,2,20-1,20.0,1000.0,20.0,13136.39999999851,False
A3ITZNJQUTIZ4C,rec,2,20-1,20.0,1000.0,17.0,14350.10000000149,False
A3ITZNJQUTIZ4C,rec,2,20-1,20.0,1000.0,20.0,6164.19999999553,False
A3ITZNJQUTIZ4C,rec,2,20-1,20.0,1000.0,20.0,7284.89999999851,False
A3ITZNJQUTIZ4C,rec,2,20-1,20.0,1000.0,20.0,7037.89999999851,False
A3ITZNJQUTIZ4C,rec,2,20-1,20.0,1000.0,20.0,4327.199999999253,False
A3ITZNJQUTIZ4C,rec,2,20-1,20.0,1000.0,20.0,15058.39999999851,False
A3J55BJGV95JKH,ns,1,10-2,10.0,2000.0,5.0,0.0,True
A3J55BJGV95JKH,ns,1,10-2,10.0,2000.0,10.0,2751.299999952316,False
A3J55BJGV95JKH,ns,1,10-2,10.0,2000.0,10.0,3414.799999952316,False
A3J55BJGV95JKH,ns,1,10-2,10.0,2000.0,10.0,5197.5,False
A3J55BJGV95JKH,ns,1,10-2,10.0,2000.0,10.0,2818.900000095367,False
A3J55BJGV95JKH,ns,1,10-2,10.0,2000.0,10.0,3355.8999998569484,False
A3J55BJGV95JKH,ns,1,10-2,10.0,2000.0,10.0,4192.700000047684,False
A3J55BJGV95JKH,ns,1,10-2,10.0,2000.0,10.0,3812.599999904632,False
A3J55BJGV95JKH,ns,1,10-2,10.0,2000.0,10.0,4533.199999809265,False
A3J55BJGV95JKH,ns,1,10-2,10.0,2000.0,10.0,5223.5,False
A3J55BJGV95JKH,ns,1,10-2,10.0,2000.0,10.0,3927.1999998092647,False
A3J55BJGV95JKH,ns,2,10-2,10.0,2000.0,7.0,640.8000000715256,False
A3J55BJGV95JKH,ns,2,10-2,10.0,2000.0,6.0,2854.600000023842,False
A3J55BJGV95JKH,ns,2,10-2,10.0,2000.0,10.0,630.1000000238419,False
A3J55BJGV95JKH,ns,2,10-2,10.0,2000.0,5.0,1379.9000000953674,False
A3J55BJGV95JKH,ns,2,10-2,10.0,2000.0,5.0,0.0,True
A3J55BJGV95JKH,ns,2,10-2,10.0,2000.0,10.0,101.20000004768372,False
A3J55BJGV95JKH,ns,2,10-2,10.0,2000.0,5.0,835.8999999761581,False
A3J55BJGV95JKH,ns,2,10-2,10.0,2000.0,5.0,6286.300000071526,False
A3J55BJGV95JKH,ns,2,10-2,10.0,2000.0,5.0,4791.000000119209,False
A3J55BJGV95JKH,ns,2,10-2,10.0,2000.0,5.0,2317.4000000953674,False
A3J55BJGV95JKH,ns,3,10-2,10.0,2000.0,4.0,0.0,True
A3J55BJGV95JKH,ns,3,10-2,10.0,2000.0,10.0,6325.0,False
A3J55BJGV95JKH,ns,3,10-2,10.0,2000.0,10.0,2721.100000023842,False
A3J55BJGV95JKH,ns,3,10-2,10.0,2000.0,5.0,2822.8000000715256,False
A3J55BJGV95JKH,ns,3,10-2,10.0,2000.0,5.0,1807.3999999761581,False
A3J55BJGV95JKH,ns,3,10-2,10.0,2000.0,5.0,2282.899999976158,False
A3J55BJGV95JKH,ns,3,10-2,10.0,2000.0,5.0,4459.899999976158,False
A3J55BJGV95JKH,ns,3,10-2,10.0,2000.0,5.0,1943.7000000476837,False
A3J55BJGV95JKH,ns,3,10-2,10.0,2000.0,5.0,15153.800000071526,False
A3J55BJGV95JKH,ns,3,10-2,10.0,2000.0,5.0,2572.600000023842,False
A3J55BJGV95JKH,ns,3,10-2,10.0,2000.0,5.0,2821.899999976158,False
A3J55BJGV95JKH,ns,4,10-2,10.0,2000.0,5.0,0.0,True
A3J55BJGV95JKH,ns,4,10-2,10.0,2000.0,5.0,4641.100000023842,False
A3J55BJGV95JKH,ns,4,10-2,10.0,2000.0,5.0,3883.2999999523163,False
A3J55BJGV95JKH,ns,4,10-2,10.0,2000.0,5.0,3421.7999999523163,False
A3J55BJGV95JKH,ns,4,10-2,10.0,2000.0,5.0,4140.699999928474,False
A3J55BJGV95JKH,ns,4,10-2,10.0,2000.0,1.0,1130.6999999284744,False
A3J55BJGV95JKH,ns,4,10-2,10.0,2000.0,6.0,1035.7999999523163,False
A3J55BJGV95JKH,ns,4,10-2,10.0,2000.0,4.0,4284.999999880791,False
A3J55BJGV95JKH,ns,4,10-2,10.0,2000.0,4.0,1091.3999998569489,False
A3J55BJGV95JKH,ns,4,10-2,10.0,2000.0,3.0,1996.7000000476837,False
A3J55BJGV95JKH,ns,4,10-2,10.0,2000.0,3.0,1594.6000000238419,False
A3J55BJGV95JKH,ns,4,10-2,10.0,2000.0,5.0,4375.499999880791,False
A3J5HRXH4F64SP,ns,1,20-2,20.0,2000.0,3.0,0.0,True
A3J5HRXH4F64SP,ns,1,20-2,20.0,2000.0,2.0,480.0,False
A3J5HRXH4F64SP,ns,1,20-2,20.0,2000.0,19.0,2288.0,False
A3J5HRXH4F64SP,ns,1,20-2,20.0,2000.0,20.0,826.0,False
A3J5HRXH4F64SP,ns,1,20-2,20.0,2000.0,20.0,1189.0,False
A3J5HRXH4F64SP,ns,1,20-2,20.0,2000.0,20.0,928.0,False
A3J5HRXH4F64SP,ns,1,20-2,20.0,2000.0,8.0,11298.0,False
A3J5HRXH4F64SP,ns,1,20-2,20.0,2000.0,1.0,7150.0,False
A3J5HRXH4F64SP,ns,1,20-2,20.0,2000.0,18.0,2912.0,False
A3J5HRXH4F64SP,ns,1,20-2,20.0,2000.0,18.0,1112.0,False
A3J5HRXH4F64SP,ns,1,20-2,20.0,2000.0,8.0,6278.0,False
A3J5HRXH4F64SP,ns,2,20-2,20.0,2000.0,4.0,450.0,False
A3J5HRXH4F64SP,ns,2,20-2,20.0,2000.0,19.0,9712.0,False
A3J5HRXH4F64SP,ns,2,20-2,20.0,2000.0,15.0,6267.0,False
A3J5HRXH4F64SP,ns,2,20-2,20.0,2000.0,11.0,1001.0,False
A3J5HRXH4F64SP,ns,2,20-2,20.0,2000.0,20.0,9135.0,False
A3J5HRXH4F64SP,ns,2,20-2,20.0,2000.0,14.0,1194.0,False
A3J5HRXH4F64SP,ns,2,20-2,20.0,2000.0,15.0,0.0,True
A3J5HRXH4F64SP,ns,2,20-2,20.0,2000.0,9.0,2273.0,False
A3J5HRXH4F64SP,ns,2,20-2,20.0,2000.0,16.0,1663.0,False
A3J5HRXH4F64SP,ns,2,20-2,20.0,2000.0,7.0,10612.0,False
A3J5HRXH4F64SP,ns,2,20-2,20.0,2000.0,17.0,3610.0,False
A3J5HRXH4F64SP,ns,2,20-2,20.0,2000.0,15.0,6968.0,False
A3LVLZS8S41ZD7,rec,1,20-2,20.0,2000.0,19.0,0.0,True
A3LVLZS8S41ZD7,rec,1,20-2,20.0,2000.0,20.0,1652.0,False
A3LVLZS8S41ZD7,rec,1,20-2,20.0,2000.0,20.0,1767.0,False
A3LVLZS8S41ZD7,rec,1,20-2,20.0,2000.0,8.0,2376.0,False
A3LVLZS8S41ZD7,rec,1,20-2,20.0,2000.0,20.0,1709.0,False
A3LVLZS8S41ZD7,rec,1,20-2,20.0,2000.0,17.0,1641.0,False
A3LVLZS8S41ZD7,rec,1,20-2,20.0,2000.0,18.0,1963.0,False
A3LVLZS8S41ZD7,rec,1,20-2,20.0,2000.0,18.0,1820.0,False
A3LVLZS8S41ZD7,rec,1,20-2,20.0,2000.0,20.0,2117.0,False
A3LVLZS8S41ZD7,rec,1,20-2,20.0,2000.0,19.0,1357.0,False
A3LVLZS8S41ZD7,rec,1,20-2,20.0,2000.0,13.0,7002.0,False
A3LVLZS8S41ZD7,rec,1,20-2,20.0,2000.0,12.0,1974.0,False
A3LVLZS8S41ZD7,rec,2,20-2,20.0,2000.0,15.0,2249.0,False
A3LVLZS8S41ZD7,rec,2,20-2,20.0,2000.0,20.0,3824.0,False
A3LVLZS8S41ZD7,rec,2,20-2,20.0,2000.0,19.0,4924.0,False
A3LVLZS8S41ZD7,rec,2,20-2,20.0,2000.0,20.0,2811.0,False
A3LVLZS8S41ZD7,rec,2,20-2,20.0,2000.0,20.0,0.0,True
A3LVLZS8S41ZD7,rec,2,20-2,20.0,2000.0,18.0,1843.0,False
A3LVLZS8S41ZD7,rec,2,20-2,20.0,2000.0,19.0,3267.0,False
A3LVLZS8S41ZD7,rec,2,20-2,20.0,2000.0,20.0,4278.0,False
A3LVLZS8S41ZD7,rec,2,20-2,20.0,2000.0,16.0,1940.0,False
A3LVLZS8S41ZD7,rec,2,20-2,20.0,2000.0,18.0,6490.0,False
A3LVLZS8S41ZD7,rec,2,20-2,20.0,2000.0,20.0,2053.0,False
A3LVLZS8S41ZD7,rec,2,20-2,20.0,2000.0,20.0,1046.0,False
A3LVLZS8S41ZD7,rec,3,20-2,20.0,2000.0,19.0,0.0,True
A3LVLZS8S41ZD7,rec,3,20-2,20.0,2000.0,19.0,3238.0,False
A3LVLZS8S41ZD7,rec,3,20-2,20.0,2000.0,20.0,978.0,False
A3LVLZS8S41ZD7,rec,3,20-2,20.0,2000.0,20.0,1748.0,False
A3LVLZS8S41ZD7,rec,3,20-2,20.0,2000.0,20.0,2444.0,False
A3LVLZS8S41ZD7,rec,3,20-2,20.0,2000.0,17.0,2704.0,False
A3LVLZS8S41ZD7,rec,3,20-2,20.0,2000.0,20.0,4055.0,False
A3LVLZS8S41ZD7,rec,3,20-2,20.0,2000.0,17.0,2531.0,False
A3LVLZS8S41ZD7,rec,3,20-2,20.0,2000.0,20.0,1813.0,False
A3LVLZS8S41ZD7,rec,3,20-2,20.0,2000.0,20.0,2233.0,False
A3LVLZS8S41ZD7,rec,3,20-2,20.0,2000.0,20.0,2169.0,False
A3LVLZS8S41ZD7,rec,4,20-2,20.0,2000.0,18.0,3140.0,False
A3LVLZS8S41ZD7,rec,4,20-2,20.0,2000.0,20.0,1737.0,False
A3LVLZS8S41ZD7,rec,4,20-2,20.0,2000.0,20.0,2321.0,False
A3LVLZS8S41ZD7,rec,4,20-2,20.0,2000.0,20.0,222.0,False
A3LVLZS8S41ZD7,rec,4,20-2,20.0,2000.0,19.0,1819.0,False
A3LVLZS8S41ZD7,rec,4,20-2,20.0,2000.0,19.0,1011.0,False
A3LVLZS8S41ZD7,rec,4,20-2,20.0,2000.0,16.0,2556.0,False
A3LVLZS8S41ZD7,rec,4,20-2,20.0,2000.0,20.0,5151.0,False
A3LVLZS8S41ZD7,rec,4,20-2,20.0,2000.0,19.0,3189.0,False
A3LVLZS8S41ZD7,rec,4,20-2,20.0,2000.0,19.0,0.0,True
A3LVLZS8S41ZD7,rec,4,20-2,20.0,2000.0,19.0,1305.0,False
A3LVLZS8S41ZD7,rec,4,20-2,20.0,2000.0,17.0,3983.0,False
A3LXARU55PR281,ns,1,20-2,20.0,2000.0,1.0,289.0,False
A3LXARU55PR281,ns,1,20-2,20.0,2000.0,1.0,2909.0,False
A3LXARU55PR281,ns,1,20-2,20.0,2000.0,1.0,2416.0,False
A3LXARU55PR281,ns,1,20-2,20.0,2000.0,3.0,3880.0,False
A3LXARU55PR281,ns,1,20-2,20.0,2000.0,1.0,1962.0,False
A3LXARU55PR281,ns,1,20-2,20.0,2000.0,1.0,3300.0,False
A3LXARU55PR281,ns,1,20-2,20.0,2000.0,1.0,3020.0,False
A3LXARU55PR281,ns,1,20-2,20.0,2000.0,2.0,2696.0,False
A3LXARU55PR281,ns,1,20-2,20.0,2000.0,1.0,0.0,True
A3LXARU55PR281,ns,1,20-2,20.0,2000.0,1.0,1143.0,False
A3LXARU55PR281,ns,2,20-2,20.0,2000.0,1.0,1491.0,False
A3LXARU55PR281,ns,2,20-2,20.0,2000.0,1.0,0.0,True
A3LXARU55PR281,ns,2,20-2,20.0,2000.0,2.0,2654.0,False
A3LXARU55PR281,ns,2,20-2,20.0,2000.0,1.0,735.0,False
A3LXARU55PR281,ns,2,20-2,20.0,2000.0,1.0,410.0,False
A3LXARU55PR281,ns,2,20-2,20.0,2000.0,1.0,381.0,False
A3LXARU55PR281,ns,2,20-2,20.0,2000.0,1.0,1037.0,False
A3LXARU55PR281,ns,2,20-2,20.0,2000.0,1.0,60724.0,False
A3LXARU55PR281,ns,2,20-2,20.0,2000.0,1.0,2154.0,False
A3LXARU55PR281,ns,3,20-2,20.0,2000.0,2.0,6321.0,False
A3LXARU55PR281,ns,3,20-2,20.0,2000.0,19.0,2925.0,False
A3LXARU55PR281,ns,3,20-2,20.0,2000.0,20.0,4793.0,False
A3LXARU55PR281,ns,3,20-2,20.0,2000.0,3.0,9531.0,False
A3LXARU55PR281,ns,3,20-2,20.0,2000.0,17.0,0.0,True
A3LXARU55PR281,ns,3,20-2,20.0,2000.0,20.0,3647.0,False
A3LXARU55PR281,ns,3,20-2,20.0,2000.0,20.0,2634.0,False
A3LXARU55PR281,ns,3,20-2,20.0,2000.0,20.0,2991.0,False
A3LXARU55PR281,ns,3,20-2,20.0,2000.0,20.0,1017.0,False
A3LXARU55PR281,ns,3,20-2,20.0,2000.0,20.0,2199.0,False
A3LXARU55PR281,ns,4,20-2,20.0,2000.0,20.0,1064.0,False
A3LXARU55PR281,ns,4,20-2,20.0,2000.0,18.0,394.0,False
A3LXARU55PR281,ns,4,20-2,20.0,2000.0,13.0,21306.0,False
A3LXARU55PR281,ns,4,20-2,20.0,2000.0,13.0,2057.0,False
A3LXARU55PR281,ns,4,20-2,20.0,2000.0,11.0,1241.0,False
A3LXARU55PR281,ns,4,20-2,20.0,2000.0,14.0,1560.0,False
A3LXARU55PR281,ns,4,20-2,20.0,2000.0,17.0,0.0,True
A3MHP4LZ3V88NF,prim,1,20-1,20.0,1000.0,1.0,0.0,True
A3MHP4LZ3V88NF,prim,1,20-1,20.0,1000.0,1.0,13132.0,False
A3MHP4LZ3V88NF,prim,1,20-1,20.0,1000.0,1.0,4413.0,False
A3MHP4LZ3V88NF,prim,1,20-1,20.0,1000.0,1.0,5320.0,False
A3MHP4LZ3V88NF,prim,1,20-1,20.0,1000.0,1.0,5013.0,False
A3MHP4LZ3V88NF,prim,1,20-1,20.0,1000.0,20.0,2302.0,False
A3MHP4LZ3V88NF,prim,1,20-1,20.0,1000.0,1.0,4085.0,False
A3MHP4LZ3V88NF,prim,1,20-1,20.0,1000.0,1.0,8741.0,False
A3MHP4LZ3V88NF,prim,1,20-1,20.0,1000.0,1.0,6575.0,False
A3MHP4LZ3V88NF,prim,1,20-1,20.0,1000.0,1.0,4006.0,False
A3MHP4LZ3V88NF,prim,1,20-1,20.0,1000.0,1.0,4849.0,False
A3MHP4LZ3V88NF,prim,2,20-1,20.0,1000.0,1.0,0.0,True
A3MHP4LZ3V88NF,prim,2,20-1,20.0,1000.0,3.0,8124.0,False
A3MHP4LZ3V88NF,prim,2,20-1,20.0,1000.0,1.0,6129.0,False
A3MHP4LZ3V88NF,prim,2,20-1,20.0,1000.0,2.0,5169.0,False
A3MHP4LZ3V88NF,prim,2,20-1,20.0,1000.0,20.0,4288.0,False
A3MHP4LZ3V88NF,prim,2,20-1,20.0,1000.0,1.0,5526.0,False
A3MHP4LZ3V88NF,prim,2,20-1,20.0,1000.0,1.0,10413.0,False
A3MHP4LZ3V88NF,prim,2,20-1,20.0,1000.0,1.0,7039.0,False
A3MHP4LZ3V88NF,prim,2,20-1,20.0,1000.0,1.0,9893.0,False
A3MHP4LZ3V88NF,prim,2,20-1,20.0,1000.0,16.0,6300.0,False
A3MHP4LZ3V88NF,prim,2,20-1,20.0,1000.0,2.0,3305.0,False
A3MHP4LZ3V88NF,prim,3,20-1,20.0,1000.0,1.0,5798.0,False
A3MHP4LZ3V88NF,prim,3,20-1,20.0,1000.0,1.0,1142.0,False
A3MHP4LZ3V88NF,prim,3,20-1,20.0,1000.0,4.0,3063.0,False
A3MHP4LZ3V88NF,prim,3,20-1,20.0,1000.0,2.0,0.0,True
A3MHP4LZ3V88NF,prim,3,20-1,20.0,1000.0,1.0,2408.0,False
A3MHP4LZ3V88NF,prim,3,20-1,20.0,1000.0,1.0,21488.0,False
A3MHP4LZ3V88NF,prim,3,20-1,20.0,1000.0,2.0,47013.0,False
A3MHP4LZ3V88NF,prim,3,20-1,20.0,1000.0,2.0,5915.0,False
A3MHP4LZ3V88NF,prim,3,20-1,20.0,1000.0,14.0,5691.0,False
A3MHP4LZ3V88NF,prim,4,20-1,20.0,1000.0,1.0,0.0,True
A3MHP4LZ3V88NF,prim,4,20-1,20.0,1000.0,1.0,6575.0,False
A3MHP4LZ3V88NF,prim,4,20-1,20.0,1000.0,1.0,6024.0,False
A3MHP4LZ3V88NF,prim,4,20-1,20.0,1000.0,1.0,6111.0,False
A3MHP4LZ3V88NF,prim,4,20-1,20.0,1000.0,1.0,9099.0,False
A3MHP4LZ3V88NF,prim,4,20-1,20.0,1000.0,1.0,12201.0,False
A3MHP4LZ3V88NF,prim,4,20-1,20.0,1000.0,1.0,14321.0,False
A3MHP4LZ3V88NF,prim,4,20-1,20.0,1000.0,1.0,6926.0,False
A3MHP4LZ3V88NF,prim,4,20-1,20.0,1000.0,1.0,6465.0,False
A3MHP4LZ3V88NF,prim,4,20-1,20.0,1000.0,1.0,7127.0,False
A3MHP4LZ3V88NF,prim,4,20-1,20.0,1000.0,1.0,22751.0,False
A3MHP4LZ3V88NF,prim,4,20-1,20.0,1000.0,1.0,10992.0,False
A3MJQ51KN9CMQ4,prim,1,10-2,10.0,2000.0,2.0,5108.0,False
A3MJQ51KN9CMQ4,prim,1,10-2,10.0,2000.0,7.0,0.0,True
A3MJQ51KN9CMQ4,prim,1,10-2,10.0,2000.0,9.0,1720.0,False
A3MJQ51KN9CMQ4,prim,1,10-2,10.0,2000.0,1.0,9020.0,False
A3MJQ51KN9CMQ4,prim,1,10-2,10.0,2000.0,1.0,4877.0,False
A3MJQ51KN9CMQ4,prim,1,10-2,10.0,2000.0,1.0,3183.0,False
A3MJQ51KN9CMQ4,prim,1,10-2,10.0,2000.0,2.0,1898.0,False
A3MJQ51KN9CMQ4,prim,1,10-2,10.0,2000.0,8.0,189.0,False
A3MJQ51KN9CMQ4,prim,1,10-2,10.0,2000.0,9.0,3793.0,False
A3MJQ51KN9CMQ4,prim,1,10-2,10.0,2000.0,1.0,17560.0,False
A3MJQ51KN9CMQ4,prim,1,10-2,10.0,2000.0,1.0,3756.0,False
A3MJQ51KN9CMQ4,prim,2,10-2,10.0,2000.0,1.0,524.0,False
A3MJQ51KN9CMQ4,prim,2,10-2,10.0,2000.0,2.0,439.0,False
A3MJQ51KN9CMQ4,prim,2,10-2,10.0,2000.0,1.0,2605.0,False
A3MJQ51KN9CMQ4,prim,2,10-2,10.0,2000.0,1.0,803.0,False
A3MJQ51KN9CMQ4,prim,2,10-2,10.0,2000.0,10.0,4762.0,False
A3MJQ51KN9CMQ4,prim,2,10-2,10.0,2000.0,10.0,206.0,False
A3MJQ51KN9CMQ4,prim,2,10-2,10.0,2000.0,1.0,10272.0,False
A3MJQ51KN9CMQ4,prim,2,10-2,10.0,2000.0,2.0,0.0,True
A3MJQ51KN9CMQ4,prim,3,10-2,10.0,2000.0,1.0,5357.0,False
A3MJQ51KN9CMQ4,prim,3,10-2,10.0,2000.0,1.0,12517.0,False
A3MJQ51KN9CMQ4,prim,3,10-2,10.0,2000.0,1.0,14665.0,False
A3MJQ51KN9CMQ4,prim,3,10-2,10.0,2000.0,1.0,0.0,True
A3MJQ51KN9CMQ4,prim,3,10-2,10.0,2000.0,1.0,4864.0,False
A3MJQ51KN9CMQ4,prim,3,10-2,10.0,2000.0,1.0,11969.0,False
A3MJQ51KN9CMQ4,prim,3,10-2,10.0,2000.0,4.0,3844.0,False
A3MJQ51KN9CMQ4,prim,3,10-2,10.0,2000.0,9.0,5812.0,False
A3MJQ51KN9CMQ4,prim,4,10-2,10.0,2000.0,1.0,5720.0,False
A3MJQ51KN9CMQ4,prim,4,10-2,10.0,2000.0,1.0,1416.0,False
A3MJQ51KN9CMQ4,prim,4,10-2,10.0,2000.0,2.0,6591.0,False
A3MJQ51KN9CMQ4,prim,4,10-2,10.0,2000.0,1.0,0.0,True
A3MOL1L9V4BUGH,ns,1,10-2,10.0,2000.0,3.0,41.700000047683716,False
A3MOL1L9V4BUGH,ns,1,10-2,10.0,2000.0,10.0,1198.6000000238419,False
A3MOL1L9V4BUGH,ns,1,10-2,10.0,2000.0,9.0,759.1000000238419,False
A3MOL1L9V4BUGH,ns,1,10-2,10.0,2000.0,10.0,1777.3999999761581,False
A3MOL1L9V4BUGH,ns,1,10-2,10.0,2000.0,7.0,5106.200000047684,False
A3MOL1L9V4BUGH,ns,1,10-2,10.0,2000.0,10.0,0.0,True
A3MOL1L9V4BUGH,ns,1,10-2,10.0,2000.0,9.0,726.1000000238419,False
A3MOL1L9V4BUGH,ns,1,10-2,10.0,2000.0,10.0,128.60000002384186,False
A3MOL1L9V4BUGH,ns,2,10-2,10.0,2000.0,3.0,0.0,True
A3MOL1L9V4BUGH,ns,2,10-2,10.0,2000.0,1.0,32123.199999809265,False
A3MOL1L9V4BUGH,ns,2,10-2,10.0,2000.0,1.0,7302.200000047684,False
A3MOL1L9V4BUGH,ns,2,10-2,10.0,2000.0,1.0,8762.200000047684,False
A3MOL1L9V4BUGH,ns,2,10-2,10.0,2000.0,1.0,6248.599999904633,False
A3MOL1L9V4BUGH,ns,2,10-2,10.0,2000.0,1.0,4426.099999904633,False
A3MOL1L9V4BUGH,ns,3,10-2,10.0,2000.0,1.0,0.0,True
A3MOL1L9V4BUGH,ns,3,10-2,10.0,2000.0,10.0,236.69999980926514,False
A3MOL1L9V4BUGH,ns,3,10-2,10.0,2000.0,9.0,4779.699999809265,False
A3MOL1L9V4BUGH,ns,3,10-2,10.0,2000.0,5.0,4575.199999809265,False
A3MOL1L9V4BUGH,ns,3,10-2,10.0,2000.0,10.0,3514.099999666214,False
A3MOL1L9V4BUGH,ns,3,10-2,10.0,2000.0,1.0,2021.3999996185303,False
A3MOL1L9V4BUGH,ns,3,10-2,10.0,2000.0,9.0,1537.9999997615814,False
A3MOL1L9V4BUGH,ns,3,10-2,10.0,2000.0,10.0,3766.699999809265,False
A3MOL1L9V4BUGH,ns,3,10-2,10.0,2000.0,1.0,2042.7999999523163,False
A3MOL1L9V4BUGH,ns,3,10-2,10.0,2000.0,3.0,18166.599999666214,False
A3MOL1L9V4BUGH,ns,4,10-2,10.0,2000.0,9.0,0.0,True
A3MOL1L9V4BUGH,ns,4,10-2,10.0,2000.0,7.0,8328.20000000298,False
A3MOL1L9V4BUGH,ns,4,10-2,10.0,2000.0,9.0,4701.0,False
A3MOL1L9V4BUGH,ns,4,10-2,10.0,2000.0,8.0,9464.70000000298,False
A3MOL1L9V4BUGH,ns,4,10-2,10.0,2000.0,9.0,5408.9000000059605,False
A3MOL1L9V4BUGH,ns,4,10-2,10.0,2000.0,10.0,9657.80000000447,False
A3MOL1L9V4BUGH,ns,4,10-2,10.0,2000.0,9.0,6541.500000007451,False
A3MOL1L9V4BUGH,ns,4,10-2,10.0,2000.0,8.0,4232.9000000059605,False
A3MOL1L9V4BUGH,ns,4,10-2,10.0,2000.0,7.0,7981.39999999851,False
A3MOL1L9V4BUGH,ns,4,10-2,10.0,2000.0,9.0,4517.9000000059605,False
A3MOL1L9V4BUGH,ns,4,10-2,10.0,2000.0,9.0,3923.30000000447,False
A3MOL1L9V4BUGH,ns,4,10-2,10.0,2000.0,10.0,3503.40000000596,False
A3MWLHSW9B9RHU,prim,1,15-2,15.0,2000.0,2.0,4305.79999999702,False
A3MWLHSW9B9RHU,prim,1,15-2,15.0,2000.0,1.0,0.0,True
A3MWLHSW9B9RHU,prim,1,15-2,15.0,2000.0,1.0,832.1000000014901,False
A3MWLHSW9B9RHU,prim,1,15-2,15.0,2000.0,1.0,555.2999999970198,False
A3MWLHSW9B9RHU,prim,1,15-2,15.0,2000.0,1.0,6167.5999999940395,False
A3MWLHSW9B9RHU,prim,1,15-2,15.0,2000.0,1.0,4589.499999992549,False
A3MWLHSW9B9RHU,prim,1,15-2,15.0,2000.0,1.0,4262.79999999702,False
A3MWLHSW9B9RHU,prim,2,15-2,15.0,2000.0,2.0,0.0,True
A3MWLHSW9B9RHU,prim,2,15-2,15.0,2000.0,1.0,4405.00000023842,False
A3MWLHSW9B9RHU,prim,2,15-2,15.0,2000.0,1.0,5253.400000095367,False
A3MWLHSW9B9RHU,prim,2,15-2,15.0,2000.0,1.0,3726.7999999523163,False
A3MWLHSW9B9RHU,prim,2,15-2,15.0,2000.0,1.0,6298.700000047684,False
A3MWLHSW9B9RHU,prim,2,15-2,15.0,2000.0,1.0,9098.200000047684,False
A3MWLHSW9B9RHU,prim,2,15-2,15.0,2000.0,1.0,4661.100000143051,False
A3MWLHSW9B9RHU,prim,2,15-2,15.0,2000.0,1.0,8214.5,False
A3MWLHSW9B9RHU,prim,3,15-2,15.0,2000.0,1.0,0.0,True
A3MWLHSW9B9RHU,prim,3,15-2,15.0,2000.0,1.0,9302.399999998512,False
A3MWLHSW9B9RHU,prim,3,15-2,15.0,2000.0,1.0,6038.699999999255,False
A3MWLHSW9B9RHU,prim,3,15-2,15.0,2000.0,1.0,12078.39999999851,False
A3MWLHSW9B9RHU,prim,3,15-2,15.0,2000.0,1.0,8108.999999996275,False
A3MWLHSW9B9RHU,prim,3,15-2,15.0,2000.0,1.0,4943.699999999255,False
A3MWLHSW9B9RHU,prim,3,15-2,15.0,2000.0,1.0,6433.099999997765,False
A3MWLHSW9B9RHU,prim,3,15-2,15.0,2000.0,1.0,11086.79999999702,False
A3MWLHSW9B9RHU,prim,3,15-2,15.0,2000.0,1.0,6659.499999999998,False
A3MWLHSW9B9RHU,prim,3,15-2,15.0,2000.0,1.0,6872.399999998512,False
A3MWLHSW9B9RHU,prim,4,15-2,15.0,2000.0,1.0,0.0,True
A3MWLHSW9B9RHU,prim,4,15-2,15.0,2000.0,1.0,29442.40000000596,False
A3MWLHSW9B9RHU,prim,4,15-2,15.0,2000.0,1.0,6128.70000000298,False
A3MWLHSW9B9RHU,prim,4,15-2,15.0,2000.0,1.0,5282.0,False
A3MWLHSW9B9RHU,prim,4,15-2,15.0,2000.0,1.0,10288.800000011921,False
A3MWLHSW9B9RHU,prim,4,15-2,15.0,2000.0,1.0,8229.599999994041,False
A3MWLHSW9B9RHU,prim,4,15-2,15.0,2000.0,1.0,12006.099999994041,False
A3MWLHSW9B9RHU,prim,4,15-2,15.0,2000.0,1.0,6239.20000000298,False
A3NAONPCTVT6P1,ns,1,10-2,10.0,2000.0,1.0,6042.799999952316,False
A3NAONPCTVT6P1,ns,1,10-2,10.0,2000.0,7.0,9545.80000007153,False
A3NAONPCTVT6P1,ns,1,10-2,10.0,2000.0,1.0,45413.39999997616,False
A3NAONPCTVT6P1,ns,1,10-2,10.0,2000.0,8.0,5224.700000047684,False
A3NAONPCTVT6P1,ns,1,10-2,10.0,2000.0,1.0,10030.0,False
A3NAONPCTVT6P1,ns,1,10-2,10.0,2000.0,1.0,479.7999999523163,False
A3NAONPCTVT6P1,ns,1,10-2,10.0,2000.0,1.0,6221.399999976158,False
A3NAONPCTVT6P1,ns,1,10-2,10.0,2000.0,2.0,4364.099999904633,False
A3NAONPCTVT6P1,ns,1,10-2,10.0,2000.0,10.0,0.0,True
A3NAONPCTVT6P1,ns,1,10-2,10.0,2000.0,10.0,37036.69999992848,False
A3NAONPCTVT6P1,ns,2,10-2,10.0,2000.0,2.0,1243.9000000059605,False
A3NAONPCTVT6P1,ns,2,10-2,10.0,2000.0,2.0,7654.600000023842,False
A3NAONPCTVT6P1,ns,2,10-2,10.0,2000.0,1.0,11301.59999999404,False
A3NAONPCTVT6P1,ns,2,10-2,10.0,2000.0,8.0,125.40000000596046,False
A3NAONPCTVT6P1,ns,2,10-2,10.0,2000.0,9.0,0.0,True
A3NAONPCTVT6P1,ns,2,10-2,10.0,2000.0,10.0,16188.699999988079,False
A3NAONPCTVT6P1,ns,2,10-2,10.0,2000.0,10.0,4061.699999988081,False
A3NAONPCTVT6P1,ns,2,10-2,10.0,2000.0,10.0,3072.300000011921,False
A3NAONPCTVT6P1,ns,2,10-2,10.0,2000.0,5.0,4363.5,False
A3NAONPCTVT6P1,ns,2,10-2,10.0,2000.0,8.0,4318.300000011921,False
A3NAONPCTVT6P1,ns,3,10-2,10.0,2000.0,9.0,5563.899999976158,False
A3NAONPCTVT6P1,ns,3,10-2,10.0,2000.0,9.0,40876.79999995232,False
A3NAONPCTVT6P1,ns,3,10-2,10.0,2000.0,9.0,4000.100000023842,False
A3NAONPCTVT6P1,ns,3,10-2,10.0,2000.0,10.0,0.0,True
A3NAONPCTVT6P1,ns,3,10-2,10.0,2000.0,10.0,17264.69999998808,False
A3NAONPCTVT6P1,ns,3,10-2,10.0,2000.0,6.0,25123.5,False
A3NAONPCTVT6P1,ns,3,10-2,10.0,2000.0,9.0,12139.700000047684,False
A3NAONPCTVT6P1,ns,3,10-2,10.0,2000.0,10.0,5075.899999976158,False
A3NAONPCTVT6P1,ns,3,10-2,10.0,2000.0,9.0,6504.5,False
A3NAONPCTVT6P1,ns,4,10-2,10.0,2000.0,9.0,0.0,True
A3NAONPCTVT6P1,ns,4,10-2,10.0,2000.0,10.0,9873.200000166893,False
A3NAONPCTVT6P1,ns,4,10-2,10.0,2000.0,10.0,27394.800000071526,False
A3NAONPCTVT6P1,ns,4,10-2,10.0,2000.0,10.0,22674.300000071526,False
A3NAONPCTVT6P1,ns,4,10-2,10.0,2000.0,10.0,8752.600000143051,False
A3NAONPCTVT6P1,ns,4,10-2,10.0,2000.0,2.0,2408.700000166893,False
A3NAONPCTVT6P1,ns,4,10-2,10.0,2000.0,10.0,1354.0,False
A3NAONPCTVT6P1,ns,4,10-2,10.0,2000.0,8.0,13712.800000071526,False
A3NAONPCTVT6P1,ns,4,10-2,10.0,2000.0,1.0,8943.700000047684,False
A3NAONPCTVT6P1,ns,4,10-2,10.0,2000.0,10.0,4617.300000071526,False
A3NRIEMOJVVX4A,rec,1,20-1,20.0,1000.0,1.0,0.0,True
A3NRIEMOJVVX4A,rec,1,20-1,20.0,1000.0,1.0,32736.19999998808,False
A3NRIEMOJVVX4A,rec,1,20-1,20.0,1000.0,20.0,1117.8999999761581,False
A3NRIEMOJVVX4A,rec,1,20-1,20.0,1000.0,1.0,505.6999999284744,False
A3NRIEMOJVVX4A,rec,1,20-1,20.0,1000.0,10.0,2971.3999999165535,False
A3NRIEMOJVVX4A,rec,1,20-1,20.0,1000.0,20.0,2678.599999964237,False
A3NRIEMOJVVX4A,rec,1,20-1,20.0,1000.0,20.0,346.39999997615814,False
A3NRIEMOJVVX4A,rec,1,20-1,20.0,1000.0,20.0,160.29999995231628,False
A3NRIEMOJVVX4A,rec,1,20-1,20.0,1000.0,20.0,6.099999964237213,False
A3NRIEMOJVVX4A,rec,1,20-1,20.0,1000.0,20.0,271.89999997615814,False
A3NRIEMOJVVX4A,rec,1,20-1,20.0,1000.0,20.0,200.5999999642372,False
A3NRIEMOJVVX4A,rec,2,20-1,20.0,1000.0,17.0,0.0,True
A3NRIEMOJVVX4A,rec,2,20-1,20.0,1000.0,20.0,2566.7999999998146,False
A3NRIEMOJVVX4A,rec,2,20-1,20.0,1000.0,20.0,3327.0000000009313,False
A3NRIEMOJVVX4A,rec,2,20-1,20.0,1000.0,20.0,6860.299999999814,False
A3NRIEMOJVVX4A,rec,2,20-1,20.0,1000.0,20.0,2510.100000000559,False
A3NRIEMOJVVX4A,rec,2,20-1,20.0,1000.0,19.0,1815.9999999990687,False
A3NRIEMOJVVX4A,rec,2,20-1,20.0,1000.0,19.0,2028.7000000001863,False
A3NRIEMOJVVX4A,rec,2,20-1,20.0,1000.0,20.0,223.6000000005588,False
A3NRIEMOJVVX4A,rec,2,20-1,20.0,1000.0,16.0,1755.0000000009313,False
A3NRIEMOJVVX4A,rec,2,20-1,20.0,1000.0,20.0,56.60000000055879,False
A3NRIEMOJVVX4A,rec,2,20-1,20.0,1000.0,20.0,2541.399999999441,False
A3NRIEMOJVVX4A,rec,2,20-1,20.0,1000.0,17.0,3604.100000000559,False
A3NRIEMOJVVX4A,rec,3,20-1,20.0,1000.0,20.0,673.4000000059605,False
A3NRIEMOJVVX4A,rec,3,20-1,20.0,1000.0,20.0,5754.999999999999,False
A3NRIEMOJVVX4A,rec,3,20-1,20.0,1000.0,18.0,2510.500000000001,False
A3NRIEMOJVVX4A,rec,3,20-1,20.0,1000.0,17.0,5037.300000011921,False
A3NRIEMOJVVX4A,rec,3,20-1,20.0,1000.0,18.0,5505.200000017881,False
A3NRIEMOJVVX4A,rec,3,20-1,20.0,1000.0,14.0,2794.000000000001,False
A3NRIEMOJVVX4A,rec,3,20-1,20.0,1000.0,20.0,658.4000000059605,False
A3NRIEMOJVVX4A,rec,3,20-1,20.0,1000.0,20.0,0.0,True
A3NRIEMOJVVX4A,rec,3,20-1,20.0,1000.0,20.0,1731.7000000029807,False
A3NRIEMOJVVX4A,rec,3,20-1,20.0,1000.0,20.0,1357.2000000029807,False
A3NRIEMOJVVX4A,rec,3,20-1,20.0,1000.0,20.0,1323.7000000029807,False
A3NRIEMOJVVX4A,rec,3,20-1,20.0,1000.0,20.0,1124.5000000149012,False
A3NRIEMOJVVX4A,rec,4,20-1,20.0,1000.0,20.0,354.2999999523163,False
A3NRIEMOJVVX4A,rec,4,20-1,20.0,1000.0,20.0,1293.2000000476842,False
A3NRIEMOJVVX4A,rec,4,20-1,20.0,1000.0,20.0,1625.1000000238419,False
A3NRIEMOJVVX4A,rec,4,20-1,20.0,1000.0,20.0,3106.0,False
A3NRIEMOJVVX4A,rec,4,20-1,20.0,1000.0,20.0,259.70000004768417,False
A3NRIEMOJVVX4A,rec,4,20-1,20.0,1000.0,19.0,1803.6999999284735,False
A3NRIEMOJVVX4A,rec,4,20-1,20.0,1000.0,20.0,1565.900000095368,False
A3NRIEMOJVVX4A,rec,4,20-1,20.0,1000.0,20.0,3805.2000000476837,False
A3NRIEMOJVVX4A,rec,4,20-1,20.0,1000.0,20.0,941.3999999761581,False
A3NRIEMOJVVX4A,rec,4,20-1,20.0,1000.0,20.0,1112.5,False
A3NRIEMOJVVX4A,rec,4,20-1,20.0,1000.0,20.0,0.0,True
A3NRIEMOJVVX4A,rec,4,20-1,20.0,1000.0,20.0,666.7999999523163,False
A3NX66U9RAY2GQ,prim,1,40-1,40.0,1000.0,1.0,5143.0,False
A3NX66U9RAY2GQ,prim,1,40-1,40.0,1000.0,1.0,4802.0,False
A3NX66U9RAY2GQ,prim,1,40-1,40.0,1000.0,3.0,3128.0,False
A3NX66U9RAY2GQ,prim,1,40-1,40.0,1000.0,4.0,2769.0,False
A3NX66U9RAY2GQ,prim,1,40-1,40.0,1000.0,1.0,2646.0,False
A3NX66U9RAY2GQ,prim,1,40-1,40.0,1000.0,2.0,0.0,True
A3NX66U9RAY2GQ,prim,1,40-1,40.0,1000.0,1.0,8817.0,False
A3NX66U9RAY2GQ,prim,1,40-1,40.0,1000.0,1.0,11561.0,False
A3NX66U9RAY2GQ,prim,1,40-1,40.0,1000.0,1.0,44207.0,False
A3NX66U9RAY2GQ,prim,1,40-1,40.0,1000.0,4.0,6407.0,False
A3NX66U9RAY2GQ,prim,2,40-1,40.0,1000.0,4.0,356.0,False
A3NX66U9RAY2GQ,prim,2,40-1,40.0,1000.0,5.0,5115.0,False
A3NX66U9RAY2GQ,prim,2,40-1,40.0,1000.0,3.0,1265.0,False
A3NX66U9RAY2GQ,prim,2,40-1,40.0,1000.0,3.0,702.0,False
A3NX66U9RAY2GQ,prim,2,40-1,40.0,1000.0,40.0,0.0,True
A3NX66U9RAY2GQ,prim,3,40-1,40.0,1000.0,1.0,1543.0,False
A3NX66U9RAY2GQ,prim,3,40-1,40.0,1000.0,18.0,8214.0,False
A3NX66U9RAY2GQ,prim,3,40-1,40.0,1000.0,3.0,5407.0,False
A3NX66U9RAY2GQ,prim,3,40-1,40.0,1000.0,1.0,0.0,True
A3NX66U9RAY2GQ,prim,3,40-1,40.0,1000.0,1.0,4015.0,False
A3NX66U9RAY2GQ,prim,3,40-1,40.0,1000.0,1.0,5425.0,False
A3NX66U9RAY2GQ,prim,3,40-1,40.0,1000.0,1.0,4395.0,False
A3NX66U9RAY2GQ,prim,4,40-1,40.0,1000.0,1.0,0.0,True
A3NX66U9RAY2GQ,prim,4,40-1,40.0,1000.0,2.0,8708.0,False
A3NX66U9RAY2GQ,prim,4,40-1,40.0,1000.0,13.0,2589.0,False
A3NX66U9RAY2GQ,prim,4,40-1,40.0,1000.0,4.0,11186.0,False
A3NX66U9RAY2GQ,prim,4,40-1,40.0,1000.0,5.0,8483.0,False
A3NX66U9RAY2GQ,prim,4,40-1,40.0,1000.0,4.0,7847.0,False
A3NX66U9RAY2GQ,prim,4,40-1,40.0,1000.0,3.0,11546.0,False
A3NX66U9RAY2GQ,prim,4,40-1,40.0,1000.0,6.0,8105.0,False
A3O40YLW6MYU8C,prim,1,40-1,40.0,1000.0,1.0,3533.0,False
A3O40YLW6MYU8C,prim,1,40-1,40.0,1000.0,40.0,175.0,False
A3O40YLW6MYU8C,prim,1,40-1,40.0,1000.0,1.0,8414.0,False
A3O40YLW6MYU8C,prim,1,40-1,40.0,1000.0,1.0,1684.0,False
A3O40YLW6MYU8C,prim,1,40-1,40.0,1000.0,1.0,5324.0,False
A3O40YLW6MYU8C,prim,1,40-1,40.0,1000.0,1.0,1973.0,False
A3O40YLW6MYU8C,prim,1,40-1,40.0,1000.0,35.0,2186.0,False
A3O40YLW6MYU8C,prim,1,40-1,40.0,1000.0,37.0,0.0,True
A3O40YLW6MYU8C,prim,2,40-1,40.0,1000.0,1.0,0.0,True
A3O40YLW6MYU8C,prim,2,40-1,40.0,1000.0,1.0,5731.0,False
A3O40YLW6MYU8C,prim,2,40-1,40.0,1000.0,3.0,2166.0,False
A3O40YLW6MYU8C,prim,2,40-1,40.0,1000.0,1.0,3992.0,False
A3O40YLW6MYU8C,prim,2,40-1,40.0,1000.0,1.0,4919.0,False
A3O40YLW6MYU8C,prim,2,40-1,40.0,1000.0,2.0,1059.0,False
A3O40YLW6MYU8C,prim,2,40-1,40.0,1000.0,1.0,2134.0,False
A3O40YLW6MYU8C,prim,2,40-1,40.0,1000.0,1.0,2468.0,False
A3O40YLW6MYU8C,prim,3,40-1,40.0,1000.0,2.0,2623.0,False
A3O40YLW6MYU8C,prim,3,40-1,40.0,1000.0,1.0,4773.0,False
A3O40YLW6MYU8C,prim,3,40-1,40.0,1000.0,1.0,3849.0,False
A3O40YLW6MYU8C,prim,3,40-1,40.0,1000.0,1.0,2641.0,False
A3O40YLW6MYU8C,prim,3,40-1,40.0,1000.0,39.0,0.0,True
A3O40YLW6MYU8C,prim,3,40-1,40.0,1000.0,1.0,3209.0,False
A3O40YLW6MYU8C,prim,3,40-1,40.0,1000.0,2.0,3188.0,False
A3O40YLW6MYU8C,prim,4,40-1,40.0,1000.0,37.0,530.0,False
A3O40YLW6MYU8C,prim,4,40-1,40.0,1000.0,1.0,4442.0,False
A3O40YLW6MYU8C,prim,4,40-1,40.0,1000.0,1.0,4767.0,False
A3O40YLW6MYU8C,prim,4,40-1,40.0,1000.0,1.0,2257.0,False
A3O40YLW6MYU8C,prim,4,40-1,40.0,1000.0,1.0,8422.0,False
A3O40YLW6MYU8C,prim,4,40-1,40.0,1000.0,36.0,15137.0,False
A3O40YLW6MYU8C,prim,4,40-1,40.0,1000.0,1.0,3089.0,False
A3O40YLW6MYU8C,prim,4,40-1,40.0,1000.0,1.0,7296.0,False
A3O40YLW6MYU8C,prim,4,40-1,40.0,1000.0,35.0,782.0,False
A3O40YLW6MYU8C,prim,4,40-1,40.0,1000.0,34.0,0.0,True
A3ORKXM3WG8QJ9,prim,1,15-2,15.0,2000.0,1.0,0.0,True
A3ORKXM3WG8QJ9,prim,1,15-2,15.0,2000.0,1.0,3569.0,False
A3ORKXM3WG8QJ9,prim,1,15-2,15.0,2000.0,1.0,1338.0,False
A3ORKXM3WG8QJ9,prim,1,15-2,15.0,2000.0,1.0,6411.0,False
A3ORKXM3WG8QJ9,prim,1,15-2,15.0,2000.0,1.0,4802.0,False
A3ORKXM3WG8QJ9,prim,1,15-2,15.0,2000.0,1.0,8440.0,False
A3ORKXM3WG8QJ9,prim,1,15-2,15.0,2000.0,1.0,1058.0,False
A3ORKXM3WG8QJ9,prim,1,15-2,15.0,2000.0,1.0,2186.0,False
A3ORKXM3WG8QJ9,prim,1,15-2,15.0,2000.0,1.0,2625.0,False
A3ORKXM3WG8QJ9,prim,1,15-2,15.0,2000.0,1.0,5048.0,False
A3ORKXM3WG8QJ9,prim,1,15-2,15.0,2000.0,1.0,8758.0,False
A3ORKXM3WG8QJ9,prim,2,15-2,15.0,2000.0,1.0,0.0,True
A3ORKXM3WG8QJ9,prim,2,15-2,15.0,2000.0,2.0,1765.0,False
A3ORKXM3WG8QJ9,prim,2,15-2,15.0,2000.0,1.0,5805.0,False
A3ORKXM3WG8QJ9,prim,2,15-2,15.0,2000.0,1.0,16272.0,False
A3ORKXM3WG8QJ9,prim,2,15-2,15.0,2000.0,1.0,15397.0,False
A3ORKXM3WG8QJ9,prim,2,15-2,15.0,2000.0,1.0,3824.0,False
A3ORKXM3WG8QJ9,prim,2,15-2,15.0,2000.0,2.0,6519.0,False
A3ORKXM3WG8QJ9,prim,2,15-2,15.0,2000.0,1.0,5083.0,False
A3ORKXM3WG8QJ9,prim,2,15-2,15.0,2000.0,1.0,2120.0,False
A3P52W1SBJUT5N,ns,1,15-2,15.0,2000.0,15.0,0.0,True
A3P52W1SBJUT5N,ns,1,15-2,15.0,2000.0,15.0,3393.0,False
A3P52W1SBJUT5N,ns,1,15-2,15.0,2000.0,1.0,3120.0,False
A3P52W1SBJUT5N,ns,1,15-2,15.0,2000.0,3.0,14734.0,False
A3P52W1SBJUT5N,ns,1,15-2,15.0,2000.0,3.0,9957.0,False
A3P52W1SBJUT5N,ns,1,15-2,15.0,2000.0,7.0,8350.0,False
A3P52W1SBJUT5N,ns,1,15-2,15.0,2000.0,14.0,627.0,False
A3P52W1SBJUT5N,ns,1,15-2,15.0,2000.0,13.0,3914.0,False
A3P52W1SBJUT5N,ns,1,15-2,15.0,2000.0,15.0,1320.0,False
A3P52W1SBJUT5N,ns,1,15-2,15.0,2000.0,1.0,6935.0,False
A3P52W1SBJUT5N,ns,1,15-2,15.0,2000.0,15.0,6705.0,False
A3P52W1SBJUT5N,ns,1,15-2,15.0,2000.0,1.0,6927.0,False
A3P52W1SBJUT5N,ns,2,15-2,15.0,2000.0,4.0,0.0,True
A3P52W1SBJUT5N,ns,2,15-2,15.0,2000.0,14.0,286.0,False
A3P52W1SBJUT5N,ns,2,15-2,15.0,2000.0,13.0,13284.0,False
A3P52W1SBJUT5N,ns,2,15-2,15.0,2000.0,15.0,12528.0,False
A3P52W1SBJUT5N,ns,2,15-2,15.0,2000.0,15.0,1076.0,False
A3P52W1SBJUT5N,ns,2,15-2,15.0,2000.0,12.0,933.0,False
A3P52W1SBJUT5N,ns,2,15-2,15.0,2000.0,14.0,9970.0,False
A3P52W1SBJUT5N,ns,2,15-2,15.0,2000.0,6.0,4094.0,False
A3P52W1SBJUT5N,ns,2,15-2,15.0,2000.0,14.0,1598.0,False
A3P52W1SBJUT5N,ns,3,15-2,15.0,2000.0,15.0,1159.0,False
A3P52W1SBJUT5N,ns,3,15-2,15.0,2000.0,3.0,14167.0,False
A3P52W1SBJUT5N,ns,3,15-2,15.0,2000.0,1.0,2869.0,False
A3P52W1SBJUT5N,ns,3,15-2,15.0,2000.0,3.0,7498.0,False
A3P52W1SBJUT5N,ns,3,15-2,15.0,2000.0,1.0,0.0,True
A3P52W1SBJUT5N,ns,3,15-2,15.0,2000.0,10.0,1317.0,False
A3P52W1SBJUT5N,ns,3,15-2,15.0,2000.0,14.0,524.0,False
A3P52W1SBJUT5N,ns,3,15-2,15.0,2000.0,1.0,4707.0,False
A3P52W1SBJUT5N,ns,4,15-2,15.0,2000.0,14.0,171.0,False
A3P52W1SBJUT5N,ns,4,15-2,15.0,2000.0,1.0,4101.0,False
A3P52W1SBJUT5N,ns,4,15-2,15.0,2000.0,1.0,1549.0,False
A3P52W1SBJUT5N,ns,4,15-2,15.0,2000.0,3.0,1684.0,False
A3P52W1SBJUT5N,ns,4,15-2,15.0,2000.0,1.0,1891.0,False
A3P52W1SBJUT5N,ns,4,15-2,15.0,2000.0,3.0,8744.0,False
A3P52W1SBJUT5N,ns,4,15-2,15.0,2000.0,9.0,17290.0,False
A3P52W1SBJUT5N,ns,4,15-2,15.0,2000.0,14.0,0.0,True
A3P52W1SBJUT5N,ns,4,15-2,15.0,2000.0,13.0,3105.0,False
A3PEV3KN6F7JRG,ns,1,20-1,20.0,1000.0,7.0,8230.700000286104,False
A3PEV3KN6F7JRG,ns,1,20-1,20.0,1000.0,1.0,11813.600000143051,False
A3PEV3KN6F7JRG,ns,1,20-1,20.0,1000.0,2.0,30352.799999952316,False
A3PEV3KN6F7JRG,ns,1,20-1,20.0,1000.0,16.0,0.0,True
A3PEV3KN6F7JRG,ns,1,20-1,20.0,1000.0,13.0,10579.100000143051,False
A3PEV3KN6F7JRG,ns,1,20-1,20.0,1000.0,19.0,1039.5000002384186,False
A3PEV3KN6F7JRG,ns,1,20-1,20.0,1000.0,17.0,1228.7999999523163,False
A3PEV3KN6F7JRG,ns,1,20-1,20.0,1000.0,17.0,5277.400000095367,False
A3PEV3KN6F7JRG,ns,1,20-1,20.0,1000.0,20.0,2059.300000190735,False
A3PEV3KN6F7JRG,ns,2,20-1,20.0,1000.0,5.0,16698.300000000745,False
A3PEV3KN6F7JRG,ns,2,20-1,20.0,1000.0,7.0,37810.59999999963,False
A3PEV3KN6F7JRG,ns,2,20-1,20.0,1000.0,5.0,8970.699999999255,False
A3PEV3KN6F7JRG,ns,2,20-1,20.0,1000.0,1.0,17715.0,False
A3PEV3KN6F7JRG,ns,2,20-1,20.0,1000.0,18.0,0.0,True
A3PEV3KN6F7JRG,ns,2,20-1,20.0,1000.0,1.0,6679.699999999257,False
A3PEV3KN6F7JRG,ns,2,20-1,20.0,1000.0,2.0,13613.199999999251,False
A3PEV3KN6F7JRG,ns,2,20-1,20.0,1000.0,1.0,8810.800000000745,False
A3PEV3KN6F7JRG,ns,2,20-1,20.0,1000.0,2.0,10870.799999998879,False
A3PEV3KN6F7JRG,ns,2,20-1,20.0,1000.0,1.0,11905.0,False
A3PEV3KN6F7JRG,ns,2,20-1,20.0,1000.0,1.0,16642.10000000149,False
A3PJY7THMUIR4M,ns,1,10-2,10.0,2000.0,1.0,1355.0,False
A3PJY7THMUIR4M,ns,1,10-2,10.0,2000.0,1.0,3159.0,False
A3PJY7THMUIR4M,ns,1,10-2,10.0,2000.0,1.0,2821.0,False
A3PJY7THMUIR4M,ns,1,10-2,10.0,2000.0,1.0,1118.0,False
A3PJY7THMUIR4M,ns,1,10-2,10.0,2000.0,1.0,1719.0,False
A3PJY7THMUIR4M,ns,1,10-2,10.0,2000.0,1.0,1260.0,False
A3PJY7THMUIR4M,ns,1,10-2,10.0,2000.0,4.0,634.0,False
A3PJY7THMUIR4M,ns,1,10-2,10.0,2000.0,8.0,0.0,True
A3PJY7THMUIR4M,ns,1,10-2,10.0,2000.0,9.0,1307.0,False
A3PJY7THMUIR4M,ns,2,10-2,10.0,2000.0,10.0,6889.0,False
A3PJY7THMUIR4M,ns,2,10-2,10.0,2000.0,10.0,4462.0,False
A3PJY7THMUIR4M,ns,2,10-2,10.0,2000.0,2.0,8996.0,False
A3PJY7THMUIR4M,ns,2,10-2,10.0,2000.0,10.0,5911.0,False
A3PJY7THMUIR4M,ns,2,10-2,10.0,2000.0,9.0,4356.0,False
A3PJY7THMUIR4M,ns,2,10-2,10.0,2000.0,10.0,2632.0,False
A3PJY7THMUIR4M,ns,2,10-2,10.0,2000.0,10.0,2623.0,False
A3PJY7THMUIR4M,ns,2,10-2,10.0,2000.0,2.0,4111.0,False
A3PJY7THMUIR4M,ns,2,10-2,10.0,2000.0,10.0,6402.0,False
A3PJY7THMUIR4M,ns,2,10-2,10.0,2000.0,8.0,8044.0,False
A3PJY7THMUIR4M,ns,2,10-2,10.0,2000.0,1.0,0.0,True
A3PJY7THMUIR4M,ns,3,10-2,10.0,2000.0,10.0,168.0,False
A3PJY7THMUIR4M,ns,3,10-2,10.0,2000.0,10.0,3961.0,False
A3PJY7THMUIR4M,ns,3,10-2,10.0,2000.0,6.0,349.0,False
A3PJY7THMUIR4M,ns,3,10-2,10.0,2000.0,10.0,1787.0,False
A3PJY7THMUIR4M,ns,3,10-2,10.0,2000.0,9.0,3255.0,False
A3PJY7THMUIR4M,ns,3,10-2,10.0,2000.0,10.0,416.0,False
A3PJY7THMUIR4M,ns,3,10-2,10.0,2000.0,10.0,595.0,False
A3PJY7THMUIR4M,ns,3,10-2,10.0,2000.0,10.0,0.0,True
A3PJY7THMUIR4M,ns,3,10-2,10.0,2000.0,2.0,33717.0,False
A3PJY7THMUIR4M,ns,3,10-2,10.0,2000.0,7.0,8768.0,False
A3PJY7THMUIR4M,ns,3,10-2,10.0,2000.0,9.0,1326.0,False
A3QKOYP52HYRH2,rec,1,20-1,20.0,1000.0,14.0,0.0,True
A3QKOYP52HYRH2,rec,1,20-1,20.0,1000.0,19.0,2550.0,False
A3QKOYP52HYRH2,rec,1,20-1,20.0,1000.0,20.0,10291.0,False
A3QKOYP52HYRH2,rec,1,20-1,20.0,1000.0,12.0,2888.0,False
A3QKOYP52HYRH2,rec,1,20-1,20.0,1000.0,1.0,2156.0,False
A3QKOYP52HYRH2,rec,1,20-1,20.0,1000.0,19.0,5952.0,False
A3QKOYP52HYRH2,rec,1,20-1,20.0,1000.0,1.0,4538.0,False
A3QKOYP52HYRH2,rec,2,20-1,20.0,1000.0,2.0,0.0,True
A3QKOYP52HYRH2,rec,2,20-1,20.0,1000.0,20.0,5403.0,False
A3QKOYP52HYRH2,rec,2,20-1,20.0,1000.0,12.0,4765.0,False
A3QKOYP52HYRH2,rec,2,20-1,20.0,1000.0,20.0,3449.0,False
A3QKOYP52HYRH2,rec,2,20-1,20.0,1000.0,1.0,2628.0,False
A3QKOYP52HYRH2,rec,2,20-1,20.0,1000.0,18.0,5722.0,False
A3QKOYP52HYRH2,rec,2,20-1,20.0,1000.0,20.0,5528.0,False
A3QKOYP52HYRH2,rec,2,20-1,20.0,1000.0,19.0,2586.0,False
A3QKOYP52HYRH2,rec,2,20-1,20.0,1000.0,20.0,3252.0,False
A3QKOYP52HYRH2,rec,2,20-1,20.0,1000.0,19.0,2250.0,False
A3QKOYP52HYRH2,rec,3,20-1,20.0,1000.0,20.0,7083.0,False
A3QKOYP52HYRH2,rec,3,20-1,20.0,1000.0,20.0,2523.0,False
A3QKOYP52HYRH2,rec,3,20-1,20.0,1000.0,20.0,1277.0,False
A3QKOYP52HYRH2,rec,3,20-1,20.0,1000.0,1.0,6223.0,False
A3QKOYP52HYRH2,rec,3,20-1,20.0,1000.0,20.0,2514.0,False
A3QKOYP52HYRH2,rec,3,20-1,20.0,1000.0,17.0,14145.0,False
A3QKOYP52HYRH2,rec,3,20-1,20.0,1000.0,20.0,736.0,False
A3QKOYP52HYRH2,rec,3,20-1,20.0,1000.0,19.0,0.0,True
A3QKOYP52HYRH2,rec,4,20-1,20.0,1000.0,4.0,0.0,True
A3QKOYP52HYRH2,rec,4,20-1,20.0,1000.0,19.0,17010.0,False
A3QKOYP52HYRH2,rec,4,20-1,20.0,1000.0,19.0,3797.0,False
A3QKOYP52HYRH2,rec,4,20-1,20.0,1000.0,20.0,4182.0,False
A3QKOYP52HYRH2,rec,4,20-1,20.0,1000.0,18.0,3859.0,False
A3QKOYP52HYRH2,rec,4,20-1,20.0,1000.0,18.0,3461.0,False
A3QKOYP52HYRH2,rec,4,20-1,20.0,1000.0,19.0,3733.0,False
A3QKOYP52HYRH2,rec,4,20-1,20.0,1000.0,19.0,6481.0,False
A3QKOYP52HYRH2,rec,4,20-1,20.0,1000.0,19.0,6786.0,False
A3QKOYP52HYRH2,rec,4,20-1,20.0,1000.0,19.0,3090.0,False
A3QKOYP52HYRH2,rec,4,20-1,20.0,1000.0,20.0,1908.0,False
A3QKOYP52HYRH2,rec,4,20-1,20.0,1000.0,20.0,5239.0,False
A3RFOODI4G4P4K,rec,1,20-1,20.0,1000.0,19.0,49.20000076293945,False
A3RFOODI4G4P4K,rec,1,20-1,20.0,1000.0,20.0,4322.10000038147,False
A3RFOODI4G4P4K,rec,1,20-1,20.0,1000.0,20.0,3216.10000228882,False
A3RFOODI4G4P4K,rec,1,20-1,20.0,1000.0,19.0,3920.5000019073486,False
A3RFOODI4G4P4K,rec,1,20-1,20.0,1000.0,18.0,4097.5,False
A3RFOODI4G4P4K,rec,1,20-1,20.0,1000.0,20.0,3105.0000019073486,False
A3RFOODI4G4P4K,rec,1,20-1,20.0,1000.0,19.0,546.8999996185303,False
A3RFOODI4G4P4K,rec,1,20-1,20.0,1000.0,20.0,14733.0,False
A3RFOODI4G4P4K,rec,1,20-1,20.0,1000.0,20.0,0.0,True
A3RFOODI4G4P4K,rec,1,20-1,20.0,1000.0,20.0,4820.900001525879,False
A3RFOODI4G4P4K,rec,1,20-1,20.0,1000.0,20.0,3676.0000019073486,False
A3RFOODI4G4P4K,rec,2,20-1,20.0,1000.0,1.0,608.3999996185303,False
A3RFOODI4G4P4K,rec,2,20-1,20.0,1000.0,20.0,4073.6000003814697,False
A3RFOODI4G4P4K,rec,2,20-1,20.0,1000.0,20.0,301.1000003814697,False
A3RFOODI4G4P4K,rec,2,20-1,20.0,1000.0,20.0,3281.9999980926495,False
A3RFOODI4G4P4K,rec,2,20-1,20.0,1000.0,20.0,4300.599998474121,False
A3RFOODI4G4P4K,rec,2,20-1,20.0,1000.0,20.0,1498.7999992370605,False
A3RFOODI4G4P4K,rec,2,20-1,20.0,1000.0,20.0,2088.4999980926514,False
A3RFOODI4G4P4K,rec,2,20-1,20.0,1000.0,20.0,2029.8999996185303,False
A3RFOODI4G4P4K,rec,2,20-1,20.0,1000.0,20.0,1047.7000007629395,False
A3RFOODI4G4P4K,rec,2,20-1,20.0,1000.0,19.0,4294.0,False
A3RFOODI4G4P4K,rec,2,20-1,20.0,1000.0,20.0,0.0,True
A3RFOODI4G4P4K,rec,2,20-1,20.0,1000.0,20.0,966.3999996185303,False
A3RFOODI4G4P4K,rec,3,20-1,20.0,1000.0,20.0,4372.5999999996275,False
A3RFOODI4G4P4K,rec,3,20-1,20.0,1000.0,20.0,5130.300000000745,False
A3RFOODI4G4P4K,rec,3,20-1,20.0,1000.0,20.0,7106.800000000745,False
A3RFOODI4G4P4K,rec,3,20-1,20.0,1000.0,20.0,0.0,True
A3RFOODI4G4P4K,rec,3,20-1,20.0,1000.0,20.0,803.9000000003725,False
A3RFOODI4G4P4K,rec,3,20-1,20.0,1000.0,18.0,2560.6000000014883,False
A3RFOODI4G4P4K,rec,3,20-1,20.0,1000.0,20.0,4427.900000002235,False
A3RFOODI4G4P4K,rec,3,20-1,20.0,1000.0,20.0,3228.4000000003725,False
A3RFOODI4G4P4K,rec,3,20-1,20.0,1000.0,20.0,8773.900000002235,False
A3RFOODI4G4P4K,rec,3,20-1,20.0,1000.0,20.0,4391.200000001118,False
A3RFOODI4G4P4K,rec,4,20-1,20.0,1000.0,20.0,0.0,True
A3RFOODI4G4P4K,rec,4,20-1,20.0,1000.0,20.0,1927.400000095368,False
A3RFOODI4G4P4K,rec,4,20-1,20.0,1000.0,19.0,1871.099999904633,False
A3RFOODI4G4P4K,rec,4,20-1,20.0,1000.0,18.0,5056.699999928474,False
A3RFOODI4G4P4K,rec,4,20-1,20.0,1000.0,20.0,5011.799999952316,False
A3RFOODI4G4P4K,rec,4,20-1,20.0,1000.0,20.0,7668.899999976158,False
A3RFOODI4G4P4K,rec,4,20-1,20.0,1000.0,20.0,5598.199999928474,False
A3RFOODI4G4P4K,rec,4,20-1,20.0,1000.0,19.0,2472.6999999284744,False
A3RFOODI4G4P4K,rec,4,20-1,20.0,1000.0,19.0,2309.2999999523163,False
A3RFOODI4G4P4K,rec,4,20-1,20.0,1000.0,20.0,3696.7999999523163,False
A3RHJEMZ4EGY2U,rec,1,20-1,20.0,1000.0,18.0,0.0,True
A3RHJEMZ4EGY2U,rec,1,20-1,20.0,1000.0,18.0,3266.199999999255,False
A3RHJEMZ4EGY2U,rec,1,20-1,20.0,1000.0,20.0,3111.7999999998137,False
A3RHJEMZ4EGY2U,rec,1,20-1,20.0,1000.0,11.0,2046.199999999255,False
A3RHJEMZ4EGY2U,rec,1,20-1,20.0,1000.0,17.0,4758.199999999255,False
A3RHJEMZ4EGY2U,rec,1,20-1,20.0,1000.0,8.0,2476.099999998696,False
A3RHJEMZ4EGY2U,rec,1,20-1,20.0,1000.0,19.0,2555.2999999998137,False
A3RHJEMZ4EGY2U,rec,1,20-1,20.0,1000.0,20.0,4437.49999999907,False
A3RHJEMZ4EGY2U,rec,1,20-1,20.0,1000.0,18.0,4653.0999999996275,False
A3RHJEMZ4EGY2U,rec,1,20-1,20.0,1000.0,19.0,3100.2999999988824,False
A3RHJEMZ4EGY2U,rec,1,20-1,20.0,1000.0,5.0,2394.899999999441,False
A3RHJEMZ4EGY2U,rec,1,20-1,20.0,1000.0,19.0,2240.199999999255,False
A3RHJEMZ4EGY2U,rec,2,20-1,20.0,1000.0,1.0,0.0,True
A3RHJEMZ4EGY2U,rec,2,20-1,20.0,1000.0,19.0,1807.0999999046326,False
A3RHJEMZ4EGY2U,rec,2,20-1,20.0,1000.0,17.0,1099.7999999523163,False
A3RHJEMZ4EGY2U,rec,2,20-1,20.0,1000.0,19.0,458.3000000715256,False
A3RHJEMZ4EGY2U,rec,2,20-1,20.0,1000.0,20.0,721.0,False
A3RHJEMZ4EGY2U,rec,2,20-1,20.0,1000.0,20.0,944.5,False
A3RHJEMZ4EGY2U,rec,2,20-1,20.0,1000.0,20.0,1355.7000000476837,False
A3RHJEMZ4EGY2U,rec,2,20-1,20.0,1000.0,20.0,2611.600000023842,False
A3RHJEMZ4EGY2U,rec,2,20-1,20.0,1000.0,8.0,2845.600000023842,False
A3RHJEMZ4EGY2U,rec,2,20-1,20.0,1000.0,19.0,2943.2999999523163,False
A3RHJEMZ4EGY2U,rec,2,20-1,20.0,1000.0,20.0,3503.5,False
A3RHJEMZ4EGY2U,rec,2,20-1,20.0,1000.0,20.0,4265.600000023842,False
A3RHJEMZ4EGY2U,rec,3,20-1,20.0,1000.0,19.0,0.0,True
A3RHJEMZ4EGY2U,rec,3,20-1,20.0,1000.0,19.0,3200.0000000000005,False
A3RHJEMZ4EGY2U,rec,3,20-1,20.0,1000.0,20.0,3908.69999999553,False
A3RHJEMZ4EGY2U,rec,3,20-1,20.0,1000.0,19.0,4447.39999999851,False
A3RHJEMZ4EGY2U,rec,3,20-1,20.0,1000.0,14.0,3795.69999999553,False
A3RHJEMZ4EGY2U,rec,3,20-1,20.0,1000.0,20.0,3038.3999999985103,False
A3RHJEMZ4EGY2U,rec,3,20-1,20.0,1000.0,19.0,6290.89999999851,False
A3RHJEMZ4EGY2U,rec,3,20-1,20.0,1000.0,20.0,4680.39999999851,False
A3RHJEMZ4EGY2U,rec,3,20-1,20.0,1000.0,20.0,5086.29999999702,False
A3RHJEMZ4EGY2U,rec,3,20-1,20.0,1000.0,20.0,3483.59999999404,False
A3RHJEMZ4EGY2U,rec,3,20-1,20.0,1000.0,20.0,4282.10000000149,False
A3RHJEMZ4EGY2U,rec,3,20-1,20.0,1000.0,16.0,3642.6000000014906,False
A3RHJEMZ4EGY2U,rec,4,20-1,20.0,1000.0,20.0,0.0,True
A3RHJEMZ4EGY2U,rec,4,20-1,20.0,1000.0,18.0,4134.999999985098,False
A3RHJEMZ4EGY2U,rec,4,20-1,20.0,1000.0,10.0,2510.8999999910593,False
A3RHJEMZ4EGY2U,rec,4,20-1,20.0,1000.0,20.0,3089.2999999970198,False
A3RHJEMZ4EGY2U,rec,4,20-1,20.0,1000.0,20.0,3758.699999988079,False
A3RHJEMZ4EGY2U,rec,4,20-1,20.0,1000.0,20.0,1863.7999999970198,False
A3RHJEMZ4EGY2U,rec,4,20-1,20.0,1000.0,20.0,3208.3999999910593,False
A3RHJEMZ4EGY2U,rec,4,20-1,20.0,1000.0,19.0,3692.9999999850997,False
A3RHJEMZ4EGY2U,rec,4,20-1,20.0,1000.0,20.0,2839.699999988079,False
A3RHJEMZ4EGY2U,rec,4,20-1,20.0,1000.0,20.0,2902.8999999910593,False
A3RHJEMZ4EGY2U,rec,4,20-1,20.0,1000.0,20.0,1803.5999999791384,False
A3RHJEMZ4EGY2U,rec,4,20-1,20.0,1000.0,18.0,2091.5,False
A3RVHUY67SVXQV,ns,1,30-1,30.0,1000.0,1.0,0.0,True
A3RVHUY67SVXQV,ns,1,30-1,30.0,1000.0,1.0,5755.0,False
A3RVHUY67SVXQV,ns,1,30-1,30.0,1000.0,1.0,4001.0,False
A3RVHUY67SVXQV,ns,1,30-1,30.0,1000.0,1.0,7425.0,False
A3RVHUY67SVXQV,ns,1,30-1,30.0,1000.0,1.0,3770.0,False
A3RVHUY67SVXQV,ns,1,30-1,30.0,1000.0,2.0,3454.0,False
A3RVHUY67SVXQV,ns,1,30-1,30.0,1000.0,1.0,766.0,False
A3RVHUY67SVXQV,ns,1,30-1,30.0,1000.0,1.0,1477.0,False
A3RVHUY67SVXQV,ns,1,30-1,30.0,1000.0,1.0,2577.0,False
A3RVHUY67SVXQV,ns,1,30-1,30.0,1000.0,1.0,6027.0,False
A3RVHUY67SVXQV,ns,1,30-1,30.0,1000.0,1.0,2881.0,False
A3RVHUY67SVXQV,ns,2,30-1,30.0,1000.0,1.0,0.0,True
A3RVHUY67SVXQV,ns,2,30-1,30.0,1000.0,1.0,6692.900000035761,False
A3RVHUY67SVXQV,ns,2,30-1,30.0,1000.0,30.0,1142.699999988079,False
A3RVHUY67SVXQV,ns,2,30-1,30.0,1000.0,1.0,11071.800000011923,False
A3RVHUY67SVXQV,ns,2,30-1,30.0,1000.0,1.0,3217.5,False
A3RVHUY67SVXQV,ns,2,30-1,30.0,1000.0,27.0,6749.0000000596065,False
A3RVHUY67SVXQV,ns,2,30-1,30.0,1000.0,1.0,4020.300000011921,False
A3RVHUY67SVXQV,ns,2,30-1,30.0,1000.0,23.0,4007.5,False
A3RVHUY67SVXQV,ns,2,30-1,30.0,1000.0,1.0,5942.700000047684,False
A3RVHUY67SVXQV,ns,2,30-1,30.0,1000.0,1.0,2551.5000000596046,False
A3RVHUY67SVXQV,ns,2,30-1,30.0,1000.0,1.0,10783.199999988077,False
A3RVHUY67SVXQV,ns,2,30-1,30.0,1000.0,1.0,8749.0,False
A3RVHUY67SVXQV,ns,3,30-1,30.0,1000.0,1.0,0.0,True
A3RVHUY67SVXQV,ns,3,30-1,30.0,1000.0,1.0,8858.200000047684,False
A3RVHUY67SVXQV,ns,3,30-1,30.0,1000.0,2.0,4764.599999904633,False
A3RVHUY67SVXQV,ns,3,30-1,30.0,1000.0,3.0,4846.299999952316,False
A3RVHUY67SVXQV,ns,3,30-1,30.0,1000.0,30.0,5023.899999856949,False
A3RVHUY67SVXQV,ns,3,30-1,30.0,1000.0,27.0,8310.699999928474,False
A3RVHUY67SVXQV,ns,3,30-1,30.0,1000.0,1.0,3588.599999904632,False
A3RVHUY67SVXQV,ns,3,30-1,30.0,1000.0,1.0,1978.4999999999995,False
A3RVHUY67SVXQV,ns,3,30-1,30.0,1000.0,1.0,2299.3999998569484,False
A3RVHUY67SVXQV,ns,3,30-1,30.0,1000.0,30.0,4911.099999904633,False
A3RVHUY67SVXQV,ns,3,30-1,30.0,1000.0,29.0,1139.199999928474,False
A3RVHUY67SVXQV,ns,3,30-1,30.0,1000.0,26.0,5765.899999976158,False
A3RVHUY67SVXQV,ns,4,30-1,30.0,1000.0,1.0,0.0,True
A3RVHUY67SVXQV,ns,4,30-1,30.0,1000.0,30.0,2631.000000238418,False
A3RVHUY67SVXQV,ns,4,30-1,30.0,1000.0,1.0,1863.2000000476833,False
A3RVHUY67SVXQV,ns,4,30-1,30.0,1000.0,30.0,3255.7000000476833,False
A3RVHUY67SVXQV,ns,4,30-1,30.0,1000.0,1.0,2568.500000238418,False
A3RVHUY67SVXQV,ns,4,30-1,30.0,1000.0,28.0,3000.400000095367,False
A3RVHUY67SVXQV,ns,4,30-1,30.0,1000.0,29.0,1689.900000095367,False
A3RVHUY67SVXQV,ns,4,30-1,30.0,1000.0,28.0,1027.7999999523158,False
A3RVHUY67SVXQV,ns,4,30-1,30.0,1000.0,30.0,1610.1000001430507,False
A3RVHUY67SVXQV,ns,4,30-1,30.0,1000.0,29.0,900.0,False
A3RVHUY67SVXQV,ns,4,30-1,30.0,1000.0,30.0,4098.300000190735,False
A3RVHUY67SVXQV,ns,4,30-1,30.0,1000.0,29.0,1466.7000002861018,False
A3S2AUQWI7XWT4,prim,1,40-1,40.0,1000.0,1.0,0.0,True
A3S2AUQWI7XWT4,prim,1,40-1,40.0,1000.0,2.0,21052.0,False
A3S2AUQWI7XWT4,prim,1,40-1,40.0,1000.0,1.0,18060.0,False
A3S2AUQWI7XWT4,prim,1,40-1,40.0,1000.0,38.0,17618.0,False
A3S2AUQWI7XWT4,prim,1,40-1,40.0,1000.0,1.0,18037.0,False
A3S2AUQWI7XWT4,prim,1,40-1,40.0,1000.0,4.0,21241.0,False
A3S2AUQWI7XWT4,prim,1,40-1,40.0,1000.0,1.0,20757.0,False
A3S2AUQWI7XWT4,prim,1,40-1,40.0,1000.0,2.0,18760.0,False
A3S2AUQWI7XWT4,prim,1,40-1,40.0,1000.0,3.0,30633.0,False
A3S2AUQWI7XWT4,prim,2,40-1,40.0,1000.0,1.0,16440.0,False
A3S2AUQWI7XWT4,prim,2,40-1,40.0,1000.0,2.0,16637.0,False
A3S2AUQWI7XWT4,prim,2,40-1,40.0,1000.0,2.0,14663.0,False
A3S2AUQWI7XWT4,prim,2,40-1,40.0,1000.0,2.0,11503.0,False
A3S2AUQWI7XWT4,prim,2,40-1,40.0,1000.0,1.0,9739.0,False
A3S2AUQWI7XWT4,prim,2,40-1,40.0,1000.0,1.0,9939.0,False
A3S2AUQWI7XWT4,prim,2,40-1,40.0,1000.0,1.0,0.0,True
A3S2AUQWI7XWT4,prim,2,40-1,40.0,1000.0,1.0,3817.0,False
A3S2AUQWI7XWT4,prim,2,40-1,40.0,1000.0,1.0,1595.0,False
A3S2AUQWI7XWT4,prim,3,40-1,40.0,1000.0,1.0,2284.0,False
A3S2AUQWI7XWT4,prim,3,40-1,40.0,1000.0,2.0,3671.0,False
A3S2AUQWI7XWT4,prim,3,40-1,40.0,1000.0,3.0,5237.0,False
A3S2AUQWI7XWT4,prim,3,40-1,40.0,1000.0,1.0,0.0,True
A3S2AUQWI7XWT4,prim,3,40-1,40.0,1000.0,3.0,6769.0,False
A3S2AUQWI7XWT4,prim,3,40-1,40.0,1000.0,1.0,4942.0,False
A3S2AUQWI7XWT4,prim,3,40-1,40.0,1000.0,2.0,2716.0,False
A3S2AUQWI7XWT4,prim,3,40-1,40.0,1000.0,2.0,674.0,False
A3S2AUQWI7XWT4,prim,4,40-1,40.0,1000.0,1.0,0.0,True
A3S2AUQWI7XWT4,prim,4,40-1,40.0,1000.0,1.0,16583.0,False
A3S2AUQWI7XWT4,prim,4,40-1,40.0,1000.0,2.0,28522.0,False
A3S2AUQWI7XWT4,prim,4,40-1,40.0,1000.0,1.0,18732.0,False
A3S2AUQWI7XWT4,prim,4,40-1,40.0,1000.0,36.0,11523.0,False
A3S2AUQWI7XWT4,prim,4,40-1,40.0,1000.0,40.0,9284.0,False
A3S2AUQWI7XWT4,prim,4,40-1,40.0,1000.0,40.0,9872.0,False
A3S76P3L3USWI1,prim,1,20-1,20.0,1000.0,5.0,0.0,True
A3S76P3L3USWI1,prim,1,20-1,20.0,1000.0,2.0,3344.199999809265,False
A3S76P3L3USWI1,prim,1,20-1,20.0,1000.0,20.0,1467.9999990463257,False
A3S76P3L3USWI1,prim,1,20-1,20.0,1000.0,2.0,3277.399999618532,False
A3S76P3L3USWI1,prim,1,20-1,20.0,1000.0,1.0,2788.399998664856,False
A3S76P3L3USWI1,prim,1,20-1,20.0,1000.0,1.0,5923.399999618532,False
A3S76P3L3USWI1,prim,1,20-1,20.0,1000.0,1.0,7305.5,False
A3S76P3L3USWI1,prim,1,20-1,20.0,1000.0,1.0,7120.799999237059,False
A3S76P3L3USWI1,prim,1,20-1,20.0,1000.0,1.0,4598.099999427795,False
A3S76P3L3USWI1,prim,2,20-1,20.0,1000.0,1.0,0.0,True
A3S76P3L3USWI1,prim,2,20-1,20.0,1000.0,1.0,9322.70000076294,False
A3S76P3L3USWI1,prim,2,20-1,20.0,1000.0,2.0,9440.999999999998,False
A3S76P3L3USWI1,prim,2,20-1,20.0,1000.0,5.0,5813.900000572205,False
A3S76P3L3USWI1,prim,2,20-1,20.0,1000.0,1.0,1549.5,False
A3S76P3L3USWI1,prim,2,20-1,20.0,1000.0,2.0,36362.199999809265,False
A3S76P3L3USWI1,prim,2,20-1,20.0,1000.0,1.0,3408.3999996185303,False
A3S76P3L3USWI1,prim,2,20-1,20.0,1000.0,1.0,8894.100000381472,False
A3S76P3L3USWI1,prim,3,20-1,20.0,1000.0,1.0,0.0,True
A3S76P3L3USWI1,prim,3,20-1,20.0,1000.0,1.0,10685.900000572205,False
A3S76P3L3USWI1,prim,3,20-1,20.0,1000.0,1.0,2088.4000005722046,False
A3S76P3L3USWI1,prim,3,20-1,20.0,1000.0,2.0,2181.0,False
A3S76P3L3USWI1,prim,3,20-1,20.0,1000.0,1.0,3928.199999809265,False
A3S76P3L3USWI1,prim,3,20-1,20.0,1000.0,1.0,2932.5,False
A3S76P3L3USWI1,prim,3,20-1,20.0,1000.0,1.0,808.8000001907349,False
A3S76P3L3USWI1,prim,3,20-1,20.0,1000.0,1.0,5817.000000953674,False
A3S76P3L3USWI1,prim,4,20-1,20.0,1000.0,1.0,0.0,True
A3S76P3L3USWI1,prim,4,20-1,20.0,1000.0,4.0,235.00000095367432,False
A3S76P3L3USWI1,prim,4,20-1,20.0,1000.0,17.0,18367.60000038147,False
A3S76P3L3USWI1,prim,4,20-1,20.0,1000.0,1.0,8530.10000038147,False
A3S76P3L3USWI1,prim,4,20-1,20.0,1000.0,1.0,2299.800000190733,False
A3S76P3L3USWI1,prim,4,20-1,20.0,1000.0,1.0,8455.300000190733,False
A3S76P3L3USWI1,prim,4,20-1,20.0,1000.0,1.0,3545.6000003814697,False
A3SA9LY6RXKFOI,prim,1,40-1,40.0,1000.0,3.0,6371.0,False
A3SA9LY6RXKFOI,prim,1,40-1,40.0,1000.0,1.0,8694.0,False
A3SA9LY6RXKFOI,prim,1,40-1,40.0,1000.0,1.0,5826.0,False
A3SA9LY6RXKFOI,prim,1,40-1,40.0,1000.0,1.0,2121.0,False
A3SA9LY6RXKFOI,prim,1,40-1,40.0,1000.0,5.0,1937.0,False
A3SA9LY6RXKFOI,prim,1,40-1,40.0,1000.0,4.0,7781.0,False
A3SA9LY6RXKFOI,prim,1,40-1,40.0,1000.0,3.0,0.0,True
A3SA9LY6RXKFOI,prim,2,40-1,40.0,1000.0,1.0,7781.0,False
A3SA9LY6RXKFOI,prim,2,40-1,40.0,1000.0,1.0,1196.0,False
A3SA9LY6RXKFOI,prim,2,40-1,40.0,1000.0,1.0,1316.0,False
A3SA9LY6RXKFOI,prim,2,40-1,40.0,1000.0,1.0,3620.0,False
A3SA9LY6RXKFOI,prim,2,40-1,40.0,1000.0,1.0,5253.0,False
A3SA9LY6RXKFOI,prim,2,40-1,40.0,1000.0,1.0,0.0,True
A3SA9LY6RXKFOI,prim,3,40-1,40.0,1000.0,1.0,431.0,False
A3SA9LY6RXKFOI,prim,3,40-1,40.0,1000.0,1.0,10092.0,False
A3SA9LY6RXKFOI,prim,3,40-1,40.0,1000.0,5.0,5753.0,False
A3SA9LY6RXKFOI,prim,3,40-1,40.0,1000.0,11.0,7039.0,False
A3SA9LY6RXKFOI,prim,3,40-1,40.0,1000.0,26.0,0.0,True
A3SA9LY6RXKFOI,prim,3,40-1,40.0,1000.0,18.0,1185.0,False
A3SA9LY6RXKFOI,prim,3,40-1,40.0,1000.0,40.0,9863.0,False
A3SA9LY6RXKFOI,prim,3,40-1,40.0,1000.0,3.0,9229.0,False
A3SA9LY6RXKFOI,prim,3,40-1,40.0,1000.0,1.0,2340.0,False
A3SA9LY6RXKFOI,prim,4,40-1,40.0,1000.0,1.0,4057.0,False
A3SA9LY6RXKFOI,prim,4,40-1,40.0,1000.0,1.0,4244.0,False
A3SA9LY6RXKFOI,prim,4,40-1,40.0,1000.0,20.0,0.0,True
A3SA9LY6RXKFOI,prim,4,40-1,40.0,1000.0,1.0,2650.0,False
A3SA9LY6RXKFOI,prim,4,40-1,40.0,1000.0,4.0,5473.0,False
A3SA9LY6RXKFOI,prim,4,40-1,40.0,1000.0,27.0,3501.0,False
A3SA9LY6RXKFOI,prim,4,40-1,40.0,1000.0,2.0,12220.0,False
A3SLT6KVF0NXPH,prim,1,40-1,40.0,1000.0,1.0,2974.0,False
A3SLT6KVF0NXPH,prim,1,40-1,40.0,1000.0,1.0,0.0,True
A3SLT6KVF0NXPH,prim,1,40-1,40.0,1000.0,1.0,11440.0,False
A3SLT6KVF0NXPH,prim,1,40-1,40.0,1000.0,2.0,4326.0,False
A3SLT6KVF0NXPH,prim,1,40-1,40.0,1000.0,6.0,634.0,False
A3SLT6KVF0NXPH,prim,1,40-1,40.0,1000.0,7.0,3929.0,False
A3SLT6KVF0NXPH,prim,1,40-1,40.0,1000.0,1.0,2233.0,False
A3SLT6KVF0NXPH,prim,1,40-1,40.0,1000.0,6.0,9132.0,False
A3SLT6KVF0NXPH,prim,1,40-1,40.0,1000.0,1.0,840.0,False
A3SLT6KVF0NXPH,prim,2,40-1,40.0,1000.0,2.0,0.0,True
A3SLT6KVF0NXPH,prim,2,40-1,40.0,1000.0,3.0,12211.0,False
A3SLT6KVF0NXPH,prim,2,40-1,40.0,1000.0,1.0,7717.0,False
A3SLT6KVF0NXPH,prim,2,40-1,40.0,1000.0,1.0,6246.0,False
A3SLT6KVF0NXPH,prim,2,40-1,40.0,1000.0,3.0,2938.0,False
A3SLT6KVF0NXPH,prim,2,40-1,40.0,1000.0,3.0,3138.0,False
A3SLT6KVF0NXPH,prim,2,40-1,40.0,1000.0,1.0,3640.0,False
A3SLT6KVF0NXPH,prim,2,40-1,40.0,1000.0,5.0,6666.0,False
A3SLT6KVF0NXPH,prim,2,40-1,40.0,1000.0,1.0,6983.0,False
A3SLT6KVF0NXPH,prim,2,40-1,40.0,1000.0,1.0,4851.0,False
A3SLT6KVF0NXPH,prim,2,40-1,40.0,1000.0,2.0,4337.0,False
A3SLT6KVF0NXPH,prim,2,40-1,40.0,1000.0,3.0,5370.0,False
A3SLT6KVF0NXPH,prim,3,40-1,40.0,1000.0,2.0,0.0,True
A3SLT6KVF0NXPH,prim,3,40-1,40.0,1000.0,1.0,12228.0,False
A3SLT6KVF0NXPH,prim,3,40-1,40.0,1000.0,1.0,12603.0,False
A3SLT6KVF0NXPH,prim,3,40-1,40.0,1000.0,3.0,13741.0,False
A3SLT6KVF0NXPH,prim,3,40-1,40.0,1000.0,1.0,17496.0,False
A3SLT6KVF0NXPH,prim,3,40-1,40.0,1000.0,1.0,11738.0,False
A3SLT6KVF0NXPH,prim,3,40-1,40.0,1000.0,2.0,7299.0,False
A3SLT6KVF0NXPH,prim,3,40-1,40.0,1000.0,1.0,13521.0,False
A3SLT6KVF0NXPH,prim,3,40-1,40.0,1000.0,2.0,10588.0,False
A3SLT6KVF0NXPH,prim,3,40-1,40.0,1000.0,1.0,18520.0,False
A3SLT6KVF0NXPH,prim,4,40-1,40.0,1000.0,1.0,0.0,True
A3SLT6KVF0NXPH,prim,4,40-1,40.0,1000.0,1.0,10481.0,False
A3SLT6KVF0NXPH,prim,4,40-1,40.0,1000.0,1.0,6032.0,False
A3SLT6KVF0NXPH,prim,4,40-1,40.0,1000.0,1.0,2703.0,False
A3SLT6KVF0NXPH,prim,4,40-1,40.0,1000.0,1.0,2857.0,False
A3SLT6KVF0NXPH,prim,4,40-1,40.0,1000.0,18.0,154.0,False
A3SLT6KVF0NXPH,prim,4,40-1,40.0,1000.0,1.0,6864.0,False
A3SLT6KVF0NXPH,prim,4,40-1,40.0,1000.0,8.0,1957.0,False
A3SLT6KVF0NXPH,prim,4,40-1,40.0,1000.0,1.0,407.0,False
A3SLT6KVF0NXPH,prim,4,40-1,40.0,1000.0,1.0,3361.0,False
A3SLT6KVF0NXPH,prim,4,40-1,40.0,1000.0,1.0,594.0,False
A3TNSJSXI464IT,ns,1,40-1,40.0,1000.0,40.0,0.0,True
A3TNSJSXI464IT,ns,1,40-1,40.0,1000.0,25.0,5794.300000011919,False
A3TNSJSXI464IT,ns,1,40-1,40.0,1000.0,1.0,1632.0,False
A3TNSJSXI464IT,ns,1,40-1,40.0,1000.0,36.0,8830.900000035765,False
A3TNSJSXI464IT,ns,1,40-1,40.0,1000.0,38.0,1138.2999999523163,False
A3TNSJSXI464IT,ns,1,40-1,40.0,1000.0,39.0,4519.5,False
A3TNSJSXI464IT,ns,1,40-1,40.0,1000.0,39.0,8859.0,False
A3TNSJSXI464IT,ns,1,40-1,40.0,1000.0,39.0,1127.5,False
A3TNSJSXI464IT,ns,1,40-1,40.0,1000.0,37.0,4875.700000047684,False
A3TNSJSXI464IT,ns,2,40-1,40.0,1000.0,1.0,2029.0000000596046,False
A3TNSJSXI464IT,ns,2,40-1,40.0,1000.0,39.0,1912.3999999761581,False
A3TNSJSXI464IT,ns,2,40-1,40.0,1000.0,39.0,1464.800000011921,False
A3TNSJSXI464IT,ns,2,40-1,40.0,1000.0,36.0,4094.000000000002,False
A3TNSJSXI464IT,ns,2,40-1,40.0,1000.0,38.0,0.0,True
A3TNSJSXI464IT,ns,2,40-1,40.0,1000.0,3.0,1151.0,False
A3TNSJSXI464IT,ns,2,40-1,40.0,1000.0,36.0,2474.699999988079,False
A3TNSJSXI464IT,ns,2,40-1,40.0,1000.0,40.0,4723.899999976156,False
A3TNSJSXI464IT,ns,2,40-1,40.0,1000.0,31.0,5657.7000000476855,False
A3TNSJSXI464IT,ns,3,40-1,40.0,1000.0,39.0,1459.5,False
A3TNSJSXI464IT,ns,3,40-1,40.0,1000.0,3.0,1692.9000000953674,False
A3TNSJSXI464IT,ns,3,40-1,40.0,1000.0,36.0,2521.5,False
A3TNSJSXI464IT,ns,3,40-1,40.0,1000.0,1.0,4572.100000023842,False
A3TNSJSXI464IT,ns,3,40-1,40.0,1000.0,40.0,1850.8999999761581,False
A3TNSJSXI464IT,ns,3,40-1,40.0,1000.0,40.0,232.60000002384186,False
A3TNSJSXI464IT,ns,3,40-1,40.0,1000.0,36.0,1039.8999999761581,False
A3TNSJSXI464IT,ns,3,40-1,40.0,1000.0,39.0,770.7999999523163,False
A3TNSJSXI464IT,ns,3,40-1,40.0,1000.0,37.0,0.0,True
A3TNSJSXI464IT,ns,3,40-1,40.0,1000.0,15.0,2111.2000000476837,False
A3TNSJSXI464IT,ns,4,40-1,40.0,1000.0,39.0,0.0,True
A3TNSJSXI464IT,ns,4,40-1,40.0,1000.0,39.0,7648.100000001489,False
A3TNSJSXI464IT,ns,4,40-1,40.0,1000.0,40.0,2178.199999999254,False
A3TNSJSXI464IT,ns,4,40-1,40.0,1000.0,36.0,3300.499999999999,False
A3TNSJSXI464IT,ns,4,40-1,40.0,1000.0,40.0,1796.0,False
A3TNSJSXI464IT,ns,4,40-1,40.0,1000.0,36.0,1908.7999999988815,False
A3TNSJSXI464IT,ns,4,40-1,40.0,1000.0,40.0,11886.599999999627,False
A3TNSJSXI464IT,ns,4,40-1,40.0,1000.0,40.0,8037.999999999999,False
A3TNSJSXI464IT,ns,4,40-1,40.0,1000.0,38.0,6193.2999999988815,False
A3TNSJSXI464IT,ns,4,40-1,40.0,1000.0,23.0,8628.099999999627,False
A3TR3KIRG5PCZ8,prim,1,20-2,20.0,2000.0,1.0,0.0,True
A3TR3KIRG5PCZ8,prim,1,20-2,20.0,2000.0,1.0,7651.0,False
A3TR3KIRG5PCZ8,prim,1,20-2,20.0,2000.0,1.0,6444.0,False
A3TR3KIRG5PCZ8,prim,1,20-2,20.0,2000.0,1.0,3741.0,False
A3TR3KIRG5PCZ8,prim,1,20-2,20.0,2000.0,1.0,2543.0,False
A3TR3KIRG5PCZ8,prim,1,20-2,20.0,2000.0,2.0,1177.0,False
A3TR3KIRG5PCZ8,prim,1,20-2,20.0,2000.0,1.0,2389.0,False
A3TR3KIRG5PCZ8,prim,1,20-2,20.0,2000.0,3.0,5541.0,False
A3TR3KIRG5PCZ8,prim,1,20-2,20.0,2000.0,2.0,3930.0,False
A3TR3KIRG5PCZ8,prim,1,20-2,20.0,2000.0,1.0,5772.0,False
A3TR3KIRG5PCZ8,prim,1,20-2,20.0,2000.0,2.0,2263.0,False
A3TR3KIRG5PCZ8,prim,2,20-2,20.0,2000.0,2.0,334.0,False
A3TR3KIRG5PCZ8,prim,2,20-2,20.0,2000.0,1.0,0.0,True
A3TR3KIRG5PCZ8,prim,2,20-2,20.0,2000.0,1.0,240.0,False
A3TR3KIRG5PCZ8,prim,2,20-2,20.0,2000.0,1.0,142.0,False
A3TR3KIRG5PCZ8,prim,2,20-2,20.0,2000.0,1.0,2.0,False
A3TR3KIRG5PCZ8,prim,2,20-2,20.0,2000.0,1.0,1338.0,False
A3TR3KIRG5PCZ8,prim,2,20-2,20.0,2000.0,1.0,2323.0,False
A3TR3KIRG5PCZ8,prim,2,20-2,20.0,2000.0,3.0,530.0,False
A3TR3KIRG5PCZ8,prim,2,20-2,20.0,2000.0,4.0,8476.0,False
A3TR3KIRG5PCZ8,prim,2,20-2,20.0,2000.0,1.0,5702.0,False
A3TR3KIRG5PCZ8,prim,3,20-2,20.0,2000.0,1.0,0.0,True
A3TR3KIRG5PCZ8,prim,3,20-2,20.0,2000.0,1.0,3530.0,False
A3TR3KIRG5PCZ8,prim,3,20-2,20.0,2000.0,2.0,494.0,False
A3TR3KIRG5PCZ8,prim,3,20-2,20.0,2000.0,1.0,274.0,False
A3TR3KIRG5PCZ8,prim,3,20-2,20.0,2000.0,2.0,3943.0,False
A3TR3KIRG5PCZ8,prim,3,20-2,20.0,2000.0,1.0,2707.0,False
A3TR3KIRG5PCZ8,prim,3,20-2,20.0,2000.0,2.0,1526.0,False
A3TR3KIRG5PCZ8,prim,3,20-2,20.0,2000.0,2.0,2756.0,False
A3TR3KIRG5PCZ8,prim,3,20-2,20.0,2000.0,1.0,3546.0,False
A3TR3KIRG5PCZ8,prim,3,20-2,20.0,2000.0,2.0,1372.0,False
A3TR3KIRG5PCZ8,prim,3,20-2,20.0,2000.0,2.0,988.0,False
A3TR3KIRG5PCZ8,prim,3,20-2,20.0,2000.0,1.0,1314.0,False
A3TR3KIRG5PCZ8,prim,4,20-2,20.0,2000.0,1.0,0.0,True
A3TR3KIRG5PCZ8,prim,4,20-2,20.0,2000.0,2.0,6073.0,False
A3TR3KIRG5PCZ8,prim,4,20-2,20.0,2000.0,1.0,4652.0,False
A3TR3KIRG5PCZ8,prim,4,20-2,20.0,2000.0,1.0,5884.0,False
A3TR3KIRG5PCZ8,prim,4,20-2,20.0,2000.0,3.0,3326.0,False
A3TR3KIRG5PCZ8,prim,4,20-2,20.0,2000.0,1.0,4638.0,False
A3TR3KIRG5PCZ8,prim,4,20-2,20.0,2000.0,3.0,6522.0,False
A3TR3KIRG5PCZ8,prim,4,20-2,20.0,2000.0,4.0,3721.0,False
A3TR3KIRG5PCZ8,prim,4,20-2,20.0,2000.0,1.0,7075.0,False
A3TR3KIRG5PCZ8,prim,4,20-2,20.0,2000.0,1.0,5569.0,False
A3TR3KIRG5PCZ8,prim,4,20-2,20.0,2000.0,3.0,78654.0,False
A3TUJBPLJGTI5,rec,1,40-1,40.0,1000.0,38.0,0.0,True
A3TUJBPLJGTI5,rec,1,40-1,40.0,1000.0,36.0,2158.0,False
A3TUJBPLJGTI5,rec,1,40-1,40.0,1000.0,37.0,2705.0,False
A3TUJBPLJGTI5,rec,1,40-1,40.0,1000.0,38.0,1480.0,False
A3TUJBPLJGTI5,rec,1,40-1,40.0,1000.0,39.0,835.0,False
A3TUJBPLJGTI5,rec,1,40-1,40.0,1000.0,36.0,2542.0,False
A3TUJBPLJGTI5,rec,1,40-1,40.0,1000.0,35.0,2135.0,False
A3TUJBPLJGTI5,rec,1,40-1,40.0,1000.0,37.0,2341.0,False
A3TUJBPLJGTI5,rec,1,40-1,40.0,1000.0,37.0,2314.0,False
A3TUJBPLJGTI5,rec,1,40-1,40.0,1000.0,38.0,1834.0,False
A3TUJBPLJGTI5,rec,1,40-1,40.0,1000.0,36.0,2323.0,False
A3TUJBPLJGTI5,rec,1,40-1,40.0,1000.0,37.0,3367.0,False
A3TUJBPLJGTI5,rec,2,40-1,40.0,1000.0,38.0,0.0,True
A3TUJBPLJGTI5,rec,2,40-1,40.0,1000.0,34.0,2179.0,False
A3TUJBPLJGTI5,rec,2,40-1,40.0,1000.0,38.0,2171.0,False
A3TUJBPLJGTI5,rec,2,40-1,40.0,1000.0,36.0,3017.0,False
A3TUJBPLJGTI5,rec,2,40-1,40.0,1000.0,36.0,2872.0,False
A3TUJBPLJGTI5,rec,2,40-1,40.0,1000.0,37.0,3296.0,False
A3TUJBPLJGTI5,rec,2,40-1,40.0,1000.0,33.0,1600.0,False
A3TUJBPLJGTI5,rec,2,40-1,40.0,1000.0,39.0,4108.0,False
A3TUJBPLJGTI5,rec,2,40-1,40.0,1000.0,34.0,2543.0,False
A3TUJBPLJGTI5,rec,2,40-1,40.0,1000.0,36.0,1834.0,False
A3TUJBPLJGTI5,rec,2,40-1,40.0,1000.0,38.0,3440.0,False
A3TUJBPLJGTI5,rec,3,40-1,40.0,1000.0,38.0,1341.0,False
A3TUJBPLJGTI5,rec,3,40-1,40.0,1000.0,39.0,3598.0,False
A3TUJBPLJGTI5,rec,3,40-1,40.0,1000.0,37.0,1002.0,False
A3TUJBPLJGTI5,rec,3,40-1,40.0,1000.0,38.0,343.0,False
A3TUJBPLJGTI5,rec,3,40-1,40.0,1000.0,37.0,2411.0,False
A3TUJBPLJGTI5,rec,3,40-1,40.0,1000.0,38.0,4465.0,False
A3TUJBPLJGTI5,rec,3,40-1,40.0,1000.0,37.0,0.0,True
A3TUJBPLJGTI5,rec,3,40-1,40.0,1000.0,39.0,821.0,False
A3TUJBPLJGTI5,rec,3,40-1,40.0,1000.0,37.0,2710.0,False
A3TUJBPLJGTI5,rec,3,40-1,40.0,1000.0,38.0,1727.0,False
A3TUJBPLJGTI5,rec,4,40-1,40.0,1000.0,36.0,0.0,True
A3TUJBPLJGTI5,rec,4,40-1,40.0,1000.0,36.0,6755.0,False
A3TUJBPLJGTI5,rec,4,40-1,40.0,1000.0,34.0,2929.0,False
A3TUJBPLJGTI5,rec,4,40-1,40.0,1000.0,36.0,1482.0,False
A3TUJBPLJGTI5,rec,4,40-1,40.0,1000.0,37.0,3256.0,False
A3TUJBPLJGTI5,rec,4,40-1,40.0,1000.0,37.0,2619.0,False
A3TUJBPLJGTI5,rec,4,40-1,40.0,1000.0,38.0,1318.0,False
A3TUJBPLJGTI5,rec,4,40-1,40.0,1000.0,36.0,1274.0,False
A3TUJBPLJGTI5,rec,4,40-1,40.0,1000.0,38.0,1305.0,False
A3TUJBPLJGTI5,rec,4,40-1,40.0,1000.0,37.0,1241.0,False
A3TUJBPLJGTI5,rec,4,40-1,40.0,1000.0,37.0,2421.0,False
A3TUJBPLJGTI5,rec,4,40-1,40.0,1000.0,37.0,1197.0,False
A3TX84QHD321M7,prim,1,30-1,30.0,1000.0,1.0,3148.0,False
A3TX84QHD321M7,prim,1,30-1,30.0,1000.0,1.0,4567.0,False
A3TX84QHD321M7,prim,1,30-1,30.0,1000.0,3.0,5393.0,False
A3TX84QHD321M7,prim,1,30-1,30.0,1000.0,1.0,8273.0,False
A3TX84QHD321M7,prim,1,30-1,30.0,1000.0,1.0,3300.0,False
A3TX84QHD321M7,prim,1,30-1,30.0,1000.0,1.0,2599.0,False
A3TX84QHD321M7,prim,1,30-1,30.0,1000.0,2.0,0.0,True
A3TX84QHD321M7,prim,2,30-1,30.0,1000.0,1.0,0.0,True
A3TX84QHD321M7,prim,2,30-1,30.0,1000.0,1.0,13165.0,False
A3TX84QHD321M7,prim,2,30-1,30.0,1000.0,2.0,12927.0,False
A3TX84QHD321M7,prim,2,30-1,30.0,1000.0,1.0,3372.0,False
A3TX84QHD321M7,prim,2,30-1,30.0,1000.0,2.0,20682.0,False
A3TX84QHD321M7,prim,2,30-1,30.0,1000.0,1.0,10791.0,False
A3TX84QHD321M7,prim,2,30-1,30.0,1000.0,1.0,2064.0,False
A3TX84QHD321M7,prim,2,30-1,30.0,1000.0,3.0,12918.0,False
A3TX84QHD321M7,prim,2,30-1,30.0,1000.0,2.0,8263.0,False
A3TX84QHD321M7,prim,3,30-1,30.0,1000.0,2.0,11120.0,False
A3TX84QHD321M7,prim,3,30-1,30.0,1000.0,1.0,4528.0,False
A3TX84QHD321M7,prim,3,30-1,30.0,1000.0,3.0,783.0,False
A3TX84QHD321M7,prim,3,30-1,30.0,1000.0,1.0,0.0,True
A3TX84QHD321M7,prim,3,30-1,30.0,1000.0,1.0,1394.0,False
A3TX84QHD321M7,prim,3,30-1,30.0,1000.0,1.0,208.0,False
A3TX84QHD321M7,prim,3,30-1,30.0,1000.0,1.0,309.0,False
A3TX84QHD321M7,prim,3,30-1,30.0,1000.0,1.0,1396.0,False
A3TX84QHD321M7,prim,4,30-1,30.0,1000.0,1.0,1515.0,False
A3TX84QHD321M7,prim,4,30-1,30.0,1000.0,1.0,10215.0,False
A3TX84QHD321M7,prim,4,30-1,30.0,1000.0,2.0,3392.0,False
A3TX84QHD321M7,prim,4,30-1,30.0,1000.0,2.0,7867.0,False
A3TX84QHD321M7,prim,4,30-1,30.0,1000.0,9.0,5640.0,False
A3TX84QHD321M7,prim,4,30-1,30.0,1000.0,3.0,5179.0,False
A3TX84QHD321M7,prim,4,30-1,30.0,1000.0,2.0,0.0,True
A3U27ZHUGOPIAN,prim,1,15-2,15.0,2000.0,1.0,8180.0,False
A3U27ZHUGOPIAN,prim,1,15-2,15.0,2000.0,1.0,11359.0,False
A3U27ZHUGOPIAN,prim,1,15-2,15.0,2000.0,1.0,2352.0,False
A3U27ZHUGOPIAN,prim,1,15-2,15.0,2000.0,14.0,0.0,True
A3U27ZHUGOPIAN,prim,2,15-2,15.0,2000.0,1.0,2815.0,False
A3U27ZHUGOPIAN,prim,2,15-2,15.0,2000.0,1.0,7290.0,False
A3U27ZHUGOPIAN,prim,2,15-2,15.0,2000.0,1.0,495.0,False
A3U27ZHUGOPIAN,prim,2,15-2,15.0,2000.0,1.0,0.0,True
A3U27ZHUGOPIAN,prim,2,15-2,15.0,2000.0,1.0,12371.0,False
A3U27ZHUGOPIAN,prim,3,15-2,15.0,2000.0,1.0,0.0,True
A3U27ZHUGOPIAN,prim,3,15-2,15.0,2000.0,1.0,4550.0,False
A3U27ZHUGOPIAN,prim,3,15-2,15.0,2000.0,3.0,11261.0,False
A3U27ZHUGOPIAN,prim,3,15-2,15.0,2000.0,1.0,8834.0,False
A3U27ZHUGOPIAN,prim,3,15-2,15.0,2000.0,3.0,9353.0,False
A3U27ZHUGOPIAN,prim,3,15-2,15.0,2000.0,1.0,11642.0,False
A3U27ZHUGOPIAN,prim,4,15-2,15.0,2000.0,3.0,255.0,False
A3U27ZHUGOPIAN,prim,4,15-2,15.0,2000.0,15.0,0.0,True
A3U27ZHUGOPIAN,prim,4,15-2,15.0,2000.0,15.0,16312.0,False
A3U27ZHUGOPIAN,prim,4,15-2,15.0,2000.0,15.0,6016.0,False
A3U27ZHUGOPIAN,prim,4,15-2,15.0,2000.0,14.0,512.0,False
A3U27ZHUGOPIAN,prim,4,15-2,15.0,2000.0,15.0,3676.0,False
A3U27ZHUGOPIAN,prim,4,15-2,15.0,2000.0,14.0,1714.0,False
A3U27ZHUGOPIAN,prim,4,15-2,15.0,2000.0,12.0,2445.0,False
A3U27ZHUGOPIAN,prim,4,15-2,15.0,2000.0,14.0,2626.0,False
A3U27ZHUGOPIAN,prim,4,15-2,15.0,2000.0,10.0,2437.0,False
A3U2A632YWEX7B,prim,1,20-2,20.0,2000.0,1.0,3850.300001144411,False
A3U2A632YWEX7B,prim,1,20-2,20.0,2000.0,1.0,2610.0,False
A3U2A632YWEX7B,prim,1,20-2,20.0,2000.0,1.0,3537.599998474121,False
A3U2A632YWEX7B,prim,1,20-2,20.0,2000.0,1.0,2149.8999996185303,False
A3U2A632YWEX7B,prim,1,20-2,20.0,2000.0,1.0,4920.299999237061,False
A3U2A632YWEX7B,prim,1,20-2,20.0,2000.0,1.0,0.0,True
A3U2A632YWEX7B,prim,1,20-2,20.0,2000.0,1.0,1856.5,False
A3U2A632YWEX7B,prim,1,20-2,20.0,2000.0,1.0,1279.7999992370605,False
A3U2A632YWEX7B,prim,2,20-2,20.0,2000.0,1.0,14659.10000038147,False
A3U2A632YWEX7B,prim,2,20-2,20.0,2000.0,1.0,7566.200000762939,False
A3U2A632YWEX7B,prim,2,20-2,20.0,2000.0,1.0,0.0,True
A3U2A632YWEX7B,prim,2,20-2,20.0,2000.0,1.0,756.9000015258789,False
A3U2A632YWEX7B,prim,2,20-2,20.0,2000.0,1.0,5229.60000038147,False
A3U2A632YWEX7B,prim,2,20-2,20.0,2000.0,1.0,3713.6000003814697,False
A3U2A632YWEX7B,prim,2,20-2,20.0,2000.0,1.0,3686.8999996185303,False
A3U2A632YWEX7B,prim,2,20-2,20.0,2000.0,1.0,561.6000003814697,False
A3U2A632YWEX7B,prim,2,20-2,20.0,2000.0,1.0,3975.800001144409,False
A3U2A632YWEX7B,prim,2,20-2,20.0,2000.0,1.0,2222.8999996185303,False
A3U2A632YWEX7B,prim,3,20-2,20.0,2000.0,1.0,0.0,True
A3U2A632YWEX7B,prim,3,20-2,20.0,2000.0,1.0,1654.3000011444092,False
A3U2A632YWEX7B,prim,3,20-2,20.0,2000.0,2.0,2912.400001525879,False
A3U2A632YWEX7B,prim,3,20-2,20.0,2000.0,1.0,3044.5000019073486,False
A3U2A632YWEX7B,prim,3,20-2,20.0,2000.0,1.0,5115.80000305176,False
A3U2A632YWEX7B,prim,3,20-2,20.0,2000.0,1.0,1959.900001525879,False
A3U2A632YWEX7B,prim,3,20-2,20.0,2000.0,1.0,1935.7000007629395,False
A3U2A632YWEX7B,prim,3,20-2,20.0,2000.0,2.0,3970.900001525879,False
A3U2A632YWEX7B,prim,4,20-2,20.0,2000.0,2.0,2860.6000003814697,False
A3U2A632YWEX7B,prim,4,20-2,20.0,2000.0,1.0,1036.7000007629395,False
A3U2A632YWEX7B,prim,4,20-2,20.0,2000.0,1.0,342.3000011444092,False
A3U2A632YWEX7B,prim,4,20-2,20.0,2000.0,3.0,1760.1000003814697,False
A3U2A632YWEX7B,prim,4,20-2,20.0,2000.0,1.0,2044.1000022888184,False
A3U2A632YWEX7B,prim,4,20-2,20.0,2000.0,2.0,3426.6000003814697,False
A3U2A632YWEX7B,prim,4,20-2,20.0,2000.0,1.0,1048.1000022888184,False
A3U2A632YWEX7B,prim,4,20-2,20.0,2000.0,1.0,0.0,True
A3U69MNO1JC7V4,rec,1,20-2,20.0,2000.0,20.0,1557.0,False
A3U69MNO1JC7V4,rec,1,20-2,20.0,2000.0,20.0,8041.0,False
A3U69MNO1JC7V4,rec,1,20-2,20.0,2000.0,20.0,17657.0,False
A3U69MNO1JC7V4,rec,1,20-2,20.0,2000.0,20.0,8063.0,False
A3U69MNO1JC7V4,rec,1,20-2,20.0,2000.0,20.0,9495.0,False
A3U69MNO1JC7V4,rec,1,20-2,20.0,2000.0,20.0,8210.0,False
A3U69MNO1JC7V4,rec,1,20-2,20.0,2000.0,20.0,3505.0,False
A3U69MNO1JC7V4,rec,1,20-2,20.0,2000.0,20.0,0.0,True
A3U69MNO1JC7V4,rec,1,20-2,20.0,2000.0,20.0,7128.0,False
A3U69MNO1JC7V4,rec,1,20-2,20.0,2000.0,20.0,6006.0,False
A3U69MNO1JC7V4,rec,2,20-2,20.0,2000.0,20.0,4920.0,False
A3U69MNO1JC7V4,rec,2,20-2,20.0,2000.0,20.0,5322.0,False
A3U69MNO1JC7V4,rec,2,20-2,20.0,2000.0,20.0,9229.0,False
A3U69MNO1JC7V4,rec,2,20-2,20.0,2000.0,20.0,9769.0,False
A3U69MNO1JC7V4,rec,2,20-2,20.0,2000.0,20.0,4287.0,False
A3U69MNO1JC7V4,rec,2,20-2,20.0,2000.0,19.0,2735.0,False
A3U69MNO1JC7V4,rec,2,20-2,20.0,2000.0,20.0,705.0,False
A3U69MNO1JC7V4,rec,2,20-2,20.0,2000.0,20.0,4924.0,False
A3U69MNO1JC7V4,rec,2,20-2,20.0,2000.0,20.0,4240.0,False
A3U69MNO1JC7V4,rec,2,20-2,20.0,2000.0,20.0,0.0,True
A3U69MNO1JC7V4,rec,2,20-2,20.0,2000.0,20.0,948.0,False
A3U69MNO1JC7V4,rec,3,20-2,20.0,2000.0,20.0,860.0,False
A3U69MNO1JC7V4,rec,3,20-2,20.0,2000.0,20.0,1967.0,False
A3U69MNO1JC7V4,rec,3,20-2,20.0,2000.0,20.0,6694.0,False
A3U69MNO1JC7V4,rec,3,20-2,20.0,2000.0,20.0,2233.0,False
A3U69MNO1JC7V4,rec,3,20-2,20.0,2000.0,20.0,6835.0,False
A3U69MNO1JC7V4,rec,3,20-2,20.0,2000.0,20.0,1474.0,False
A3U69MNO1JC7V4,rec,3,20-2,20.0,2000.0,20.0,165.0,False
A3U69MNO1JC7V4,rec,3,20-2,20.0,2000.0,20.0,2787.0,False
A3U69MNO1JC7V4,rec,3,20-2,20.0,2000.0,20.0,0.0,True
A3U69MNO1JC7V4,rec,3,20-2,20.0,2000.0,20.0,4205.0,False
A3U69MNO1JC7V4,rec,3,20-2,20.0,2000.0,20.0,8017.0,False
A3U69MNO1JC7V4,rec,3,20-2,20.0,2000.0,20.0,470.0,False
A3U69MNO1JC7V4,rec,4,20-2,20.0,2000.0,20.0,488.0,False
A3U69MNO1JC7V4,rec,4,20-2,20.0,2000.0,18.0,6008.0,False
A3U69MNO1JC7V4,rec,4,20-2,20.0,2000.0,20.0,6227.0,False
A3U69MNO1JC7V4,rec,4,20-2,20.0,2000.0,20.0,4875.0,False
A3U69MNO1JC7V4,rec,4,20-2,20.0,2000.0,20.0,3649.0,False
A3U69MNO1JC7V4,rec,4,20-2,20.0,2000.0,20.0,1793.0,False
A3U69MNO1JC7V4,rec,4,20-2,20.0,2000.0,20.0,1221.0,False
A3U69MNO1JC7V4,rec,4,20-2,20.0,2000.0,20.0,2219.0,False
A3U69MNO1JC7V4,rec,4,20-2,20.0,2000.0,20.0,1669.0,False
A3U69MNO1JC7V4,rec,4,20-2,20.0,2000.0,20.0,3221.0,False
A3U69MNO1JC7V4,rec,4,20-2,20.0,2000.0,20.0,0.0,True
A3U69MNO1JC7V4,rec,4,20-2,20.0,2000.0,20.0,2485.0,False
A3UA50A6GKNAMR,prim,1,15-2,15.0,2000.0,1.0,3652.0,False
A3UA50A6GKNAMR,prim,1,15-2,15.0,2000.0,15.0,3637.0,False
A3UA50A6GKNAMR,prim,1,15-2,15.0,2000.0,2.0,5558.0,False
A3UA50A6GKNAMR,prim,1,15-2,15.0,2000.0,13.0,3206.0,False
A3UA50A6GKNAMR,prim,1,15-2,15.0,2000.0,15.0,3489.0,False
A3UA50A6GKNAMR,prim,1,15-2,15.0,2000.0,1.0,2309.0,False
A3UA50A6GKNAMR,prim,1,15-2,15.0,2000.0,13.0,1115.0,False
A3UA50A6GKNAMR,prim,1,15-2,15.0,2000.0,1.0,1068.0,False
A3UA50A6GKNAMR,prim,1,15-2,15.0,2000.0,15.0,0.0,True
A3UA50A6GKNAMR,prim,1,15-2,15.0,2000.0,1.0,4442.0,False
A3UA50A6GKNAMR,prim,1,15-2,15.0,2000.0,11.0,1371.0,False
A3UA50A6GKNAMR,prim,2,15-2,15.0,2000.0,1.0,0.0,True
A3UA50A6GKNAMR,prim,2,15-2,15.0,2000.0,15.0,4823.0,False
A3UA50A6GKNAMR,prim,2,15-2,15.0,2000.0,4.0,4459.0,False
A3UA50A6GKNAMR,prim,2,15-2,15.0,2000.0,15.0,2656.0,False
A3UA50A6GKNAMR,prim,2,15-2,15.0,2000.0,15.0,2100.0,False
A3UA50A6GKNAMR,prim,2,15-2,15.0,2000.0,1.0,4528.0,False
A3UA50A6GKNAMR,prim,2,15-2,15.0,2000.0,2.0,4587.0,False
A3UA50A6GKNAMR,prim,2,15-2,15.0,2000.0,14.0,3650.0,False
A3UA50A6GKNAMR,prim,2,15-2,15.0,2000.0,15.0,4362.0,False
A3UA50A6GKNAMR,prim,2,15-2,15.0,2000.0,1.0,4951.0,False
A3UA50A6GKNAMR,prim,3,15-2,15.0,2000.0,1.0,4914.0,False
A3UA50A6GKNAMR,prim,3,15-2,15.0,2000.0,1.0,2269.0,False
A3UA50A6GKNAMR,prim,3,15-2,15.0,2000.0,1.0,10909.0,False
A3UA50A6GKNAMR,prim,3,15-2,15.0,2000.0,2.0,4730.0,False
A3UA50A6GKNAMR,prim,3,15-2,15.0,2000.0,1.0,0.0,True
A3UA50A6GKNAMR,prim,3,15-2,15.0,2000.0,1.0,3172.0,False
A3UA50A6GKNAMR,prim,3,15-2,15.0,2000.0,1.0,1062.0,False
A3UA50A6GKNAMR,prim,3,15-2,15.0,2000.0,1.0,6004.0,False
A3UA50A6GKNAMR,prim,4,15-2,15.0,2000.0,2.0,3405.0,False
A3UA50A6GKNAMR,prim,4,15-2,15.0,2000.0,1.0,0.0,True
A3UA50A6GKNAMR,prim,4,15-2,15.0,2000.0,1.0,2184.0,False
A3UA50A6GKNAMR,prim,4,15-2,15.0,2000.0,1.0,3044.0,False
A3UA50A6GKNAMR,prim,4,15-2,15.0,2000.0,1.0,1243.0,False
A3UCN8EJI08X2P,ns,1,30-1,30.0,1000.0,28.0,3538.0,False
A3UCN8EJI08X2P,ns,1,30-1,30.0,1000.0,24.0,4228.0,False
A3UCN8EJI08X2P,ns,1,30-1,30.0,1000.0,1.0,45314.0,False
A3UCN8EJI08X2P,ns,1,30-1,30.0,1000.0,1.0,2411.0,False
A3UCN8EJI08X2P,ns,1,30-1,30.0,1000.0,22.0,2282.0,False
A3UCN8EJI08X2P,ns,1,30-1,30.0,1000.0,13.0,2453.0,False
A3UCN8EJI08X2P,ns,1,30-1,30.0,1000.0,1.0,2326.0,False
A3UCN8EJI08X2P,ns,1,30-1,30.0,1000.0,30.0,2751.0,False
A3UCN8EJI08X2P,ns,1,30-1,30.0,1000.0,24.0,3100.0,False
A3UCN8EJI08X2P,ns,1,30-1,30.0,1000.0,17.0,31557.0,False
A3UCN8EJI08X2P,ns,1,30-1,30.0,1000.0,30.0,0.0,True
A3UCN8EJI08X2P,ns,1,30-1,30.0,1000.0,29.0,1429.0,False
A3UCN8EJI08X2P,ns,2,30-1,30.0,1000.0,1.0,0.0,True
A3UCN8EJI08X2P,ns,2,30-1,30.0,1000.0,1.0,2313.0,False
A3UCN8EJI08X2P,ns,2,30-1,30.0,1000.0,28.0,4492.0,False
A3UCN8EJI08X2P,ns,2,30-1,30.0,1000.0,24.0,6748.0,False
A3UCN8EJI08X2P,ns,2,30-1,30.0,1000.0,1.0,1292.0,False
A3UCN8EJI08X2P,ns,2,30-1,30.0,1000.0,30.0,4005.0,False
A3UCN8EJI08X2P,ns,2,30-1,30.0,1000.0,26.0,2016.0,False
A3UCN8EJI08X2P,ns,2,30-1,30.0,1000.0,24.0,902.0,False
A3UCN8EJI08X2P,ns,2,30-1,30.0,1000.0,29.0,5192.0,False
A3UCN8EJI08X2P,ns,2,30-1,30.0,1000.0,21.0,4040.0,False
A3UCN8EJI08X2P,ns,2,30-1,30.0,1000.0,30.0,6819.0,False
A3UCN8EJI08X2P,ns,2,30-1,30.0,1000.0,29.0,21347.0,False
A3UCN8EJI08X2P,ns,3,30-1,30.0,1000.0,7.0,0.0,True
A3UCN8EJI08X2P,ns,3,30-1,30.0,1000.0,25.0,8774.0,False
A3UCN8EJI08X2P,ns,3,30-1,30.0,1000.0,25.0,7760.0,False
A3UCN8EJI08X2P,ns,3,30-1,30.0,1000.0,1.0,7344.0,False
A3UCN8EJI08X2P,ns,3,30-1,30.0,1000.0,27.0,4804.0,False
A3UCN8EJI08X2P,ns,3,30-1,30.0,1000.0,24.0,4485.0,False
A3UCN8EJI08X2P,ns,3,30-1,30.0,1000.0,27.0,5044.0,False
A3UCN8EJI08X2P,ns,3,30-1,30.0,1000.0,24.0,2587.0,False
A3UCN8EJI08X2P,ns,3,30-1,30.0,1000.0,1.0,7719.0,False
A3UCN8EJI08X2P,ns,4,30-1,30.0,1000.0,14.0,7404.0,False
A3UCN8EJI08X2P,ns,4,30-1,30.0,1000.0,16.0,2242.0,False
A3UCN8EJI08X2P,ns,4,30-1,30.0,1000.0,21.0,0.0,True
A3UCN8EJI08X2P,ns,4,30-1,30.0,1000.0,4.0,4238.0,False
A3UCN8EJI08X2P,ns,4,30-1,30.0,1000.0,1.0,1883.0,False
A3UCN8EJI08X2P,ns,4,30-1,30.0,1000.0,19.0,4665.0,False
A3UCN8EJI08X2P,ns,4,30-1,30.0,1000.0,23.0,1889.0,False
A3UCN8EJI08X2P,ns,4,30-1,30.0,1000.0,18.0,2826.0,False
A3UCN8EJI08X2P,ns,4,30-1,30.0,1000.0,1.0,14363.0,False
A3UCN8EJI08X2P,ns,4,30-1,30.0,1000.0,2.0,1250.0,False
A3UE8ANAIM7F15,ns,1,15-2,15.0,2000.0,14.0,0.0,True
A3UE8ANAIM7F15,ns,1,15-2,15.0,2000.0,15.0,5324.600000143051,False
A3UE8ANAIM7F15,ns,1,15-2,15.0,2000.0,4.0,9382.900000095367,False
A3UE8ANAIM7F15,ns,1,15-2,15.0,2000.0,6.0,9280.800000190735,False
A3UE8ANAIM7F15,ns,1,15-2,15.0,2000.0,11.0,4073.9000000953674,False
A3UE8ANAIM7F15,ns,1,15-2,15.0,2000.0,2.0,6095.700000047684,False
A3UE8ANAIM7F15,ns,1,15-2,15.0,2000.0,1.0,4478.200000047684,False
A3UE8ANAIM7F15,ns,1,15-2,15.0,2000.0,4.0,4429.899999856947,False
A3UE8ANAIM7F15,ns,1,15-2,15.0,2000.0,15.0,1746.2000000476837,False
A3UE8ANAIM7F15,ns,2,15-2,15.0,2000.0,1.0,0.0,True
A3UE8ANAIM7F15,ns,2,15-2,15.0,2000.0,1.0,5414.099999904633,False
A3UE8ANAIM7F15,ns,2,15-2,15.0,2000.0,3.0,5053.399999856949,False
A3UE8ANAIM7F15,ns,2,15-2,15.0,2000.0,14.0,11064.999999761581,False
A3UE8ANAIM7F15,ns,2,15-2,15.0,2000.0,2.0,6324.599999904633,False
A3UE8ANAIM7F15,ns,2,15-2,15.0,2000.0,1.0,4490.699999809265,False
A3UE8ANAIM7F15,ns,2,15-2,15.0,2000.0,1.0,14813.0,False
A3UE8ANAIM7F15,ns,2,15-2,15.0,2000.0,7.0,4876.399999856949,False
A3UE8ANAIM7F15,ns,2,15-2,15.0,2000.0,1.0,6492.899999856949,False
A3UE8ANAIM7F15,ns,3,15-2,15.0,2000.0,2.0,0.0,True
A3UE8ANAIM7F15,ns,3,15-2,15.0,2000.0,15.0,4447.200000047684,False
A3UE8ANAIM7F15,ns,3,15-2,15.0,2000.0,2.0,1385.7999999523163,False
A3UE8ANAIM7F15,ns,3,15-2,15.0,2000.0,1.0,9963.0,False
A3UE8ANAIM7F15,ns,3,15-2,15.0,2000.0,2.0,3728.0,False
A3UE8ANAIM7F15,ns,3,15-2,15.0,2000.0,14.0,9067.899999856947,False
A3UE8ANAIM7F15,ns,3,15-2,15.0,2000.0,1.0,5816.799999952316,False
A3UE8ANAIM7F15,ns,3,15-2,15.0,2000.0,12.0,4953.400000095367,False
A3UE8ANAIM7F15,ns,4,15-2,15.0,2000.0,2.0,0.0,True
A3UE8ANAIM7F15,ns,4,15-2,15.0,2000.0,5.0,4791.299999952316,False
A3UE8ANAIM7F15,ns,4,15-2,15.0,2000.0,15.0,563.6999998092651,False
A3UE8ANAIM7F15,ns,4,15-2,15.0,2000.0,1.0,11558.499999761585,False
A3UE8ANAIM7F15,ns,4,15-2,15.0,2000.0,2.0,5187.299999713898,False
A3UE8ANAIM7F15,ns,4,15-2,15.0,2000.0,1.0,5935.799999713898,False
A3UE8ANAIM7F15,ns,4,15-2,15.0,2000.0,8.0,2366.899999856949,False
A3UE8ANAIM7F15,ns,4,15-2,15.0,2000.0,1.0,3157.500000000002,False
A3UE8ANAIM7F15,ns,4,15-2,15.0,2000.0,4.0,4421.799999713898,False
A3UGB3B1S74HR9,prim,1,15-2,15.0,2000.0,2.0,2008.1999999284744,False
A3UGB3B1S74HR9,prim,1,15-2,15.0,2000.0,1.0,19017.099999904636,False
A3UGB3B1S74HR9,prim,1,15-2,15.0,2000.0,3.0,2656.0,False
A3UGB3B1S74HR9,prim,1,15-2,15.0,2000.0,1.0,0.0,True
A3UGB3B1S74HR9,prim,1,15-2,15.0,2000.0,2.0,2020.6999999284744,False
A3UGB3B1S74HR9,prim,1,15-2,15.0,2000.0,1.0,4732.5,False
A3UGB3B1S74HR9,prim,1,15-2,15.0,2000.0,1.0,3140.100000023842,False
A3UGB3B1S74HR9,prim,1,15-2,15.0,2000.0,1.0,3072.4999998807907,False
A3UGB3B1S74HR9,prim,1,15-2,15.0,2000.0,1.0,8560.799999952316,False
A3UGB3B1S74HR9,prim,1,15-2,15.0,2000.0,1.0,1339.1999999284744,False
A3UGB3B1S74HR9,prim,2,15-2,15.0,2000.0,1.0,4643.000000238419,False
A3UGB3B1S74HR9,prim,2,15-2,15.0,2000.0,1.0,2519.800000190735,False
A3UGB3B1S74HR9,prim,2,15-2,15.0,2000.0,1.0,5475.800000190735,False
A3UGB3B1S74HR9,prim,2,15-2,15.0,2000.0,2.0,3552.800000190735,False
A3UGB3B1S74HR9,prim,2,15-2,15.0,2000.0,1.0,4482.900000333788,False
A3UGB3B1S74HR9,prim,2,15-2,15.0,2000.0,1.0,1734.4000000953674,False
A3UGB3B1S74HR9,prim,2,15-2,15.0,2000.0,2.0,0.0,True
A3UGB3B1S74HR9,prim,2,15-2,15.0,2000.0,3.0,913.8000001907349,False
A3UGB3B1S74HR9,prim,3,15-2,15.0,2000.0,1.0,0.0,True
A3UGB3B1S74HR9,prim,3,15-2,15.0,2000.0,1.0,7601.600000143051,False
A3UGB3B1S74HR9,prim,3,15-2,15.0,2000.0,1.0,8671.900000095367,False
A3UGB3B1S74HR9,prim,3,15-2,15.0,2000.0,2.0,18411.100000143055,False
A3UGB3B1S74HR9,prim,3,15-2,15.0,2000.0,2.0,9510.300000190735,False
A3UGB3B1S74HR9,prim,3,15-2,15.0,2000.0,2.0,47320.40000009537,False
A3UGB3B1S74HR9,prim,3,15-2,15.0,2000.0,1.0,9102.600000143051,False
A3UGB3B1S74HR9,prim,4,15-2,15.0,2000.0,1.0,6261.499999761581,False
A3UGB3B1S74HR9,prim,4,15-2,15.0,2000.0,1.0,0.0,True
A3UGB3B1S74HR9,prim,4,15-2,15.0,2000.0,2.0,1918.3999998569489,False
A3UGB3B1S74HR9,prim,4,15-2,15.0,2000.0,1.0,1998.7999999523163,False
A3UGB3B1S74HR9,prim,4,15-2,15.0,2000.0,2.0,12458.599999904633,False
A3UGB3B1S74HR9,prim,4,15-2,15.0,2000.0,2.0,548.3999998569489,False
A3UMHUWJKRGKNR,rec,1,20-2,20.0,2000.0,20.0,0.0,True
A3UMHUWJKRGKNR,rec,1,20-2,20.0,2000.0,18.0,5070.599999964235,False
A3UMHUWJKRGKNR,rec,1,20-2,20.0,2000.0,20.0,4327.799999952316,False
A3UMHUWJKRGKNR,rec,1,20-2,20.0,2000.0,20.0,2490.899999976158,False
A3UMHUWJKRGKNR,rec,1,20-2,20.0,2000.0,20.0,3699.7999999523163,False
A3UMHUWJKRGKNR,rec,1,20-2,20.0,2000.0,20.0,14116.199999928478,False
A3UMHUWJKRGKNR,rec,1,20-2,20.0,2000.0,17.0,8197.299999952316,False
A3UMHUWJKRGKNR,rec,1,20-2,20.0,2000.0,19.0,5274.799999952316,False
A3UMHUWJKRGKNR,rec,1,20-2,20.0,2000.0,20.0,5999.799999952316,False
A3UMHUWJKRGKNR,rec,1,20-2,20.0,2000.0,16.0,9075.899999976158,False
A3UMHUWJKRGKNR,rec,1,20-2,20.0,2000.0,18.0,8878.899999976158,False
A3UMHUWJKRGKNR,rec,1,20-2,20.0,2000.0,19.0,3313.899999976158,False
A3UMHUWJKRGKNR,rec,2,20-2,20.0,2000.0,10.0,3357.899999976158,False
A3UMHUWJKRGKNR,rec,2,20-2,20.0,2000.0,20.0,0.0,True
A3UMHUWJKRGKNR,rec,2,20-2,20.0,2000.0,18.0,1534.7000000476837,False
A3UMHUWJKRGKNR,rec,2,20-2,20.0,2000.0,19.0,3108.699999988079,False
A3UMHUWJKRGKNR,rec,2,20-2,20.0,2000.0,19.0,3095.100000023842,False
A3UMHUWJKRGKNR,rec,2,20-2,20.0,2000.0,19.0,2078.599999964237,False
A3UMHUWJKRGKNR,rec,2,20-2,20.0,2000.0,19.0,3764.0,False
A3UMHUWJKRGKNR,rec,2,20-2,20.0,2000.0,20.0,2923.5,False
A3UMHUWJKRGKNR,rec,3,20-2,20.0,2000.0,20.0,549.6000000238419,False
A3UMHUWJKRGKNR,rec,3,20-2,20.0,2000.0,20.0,0.0,True
A3UMHUWJKRGKNR,rec,3,20-2,20.0,2000.0,18.0,2311.7000000476837,False
A3UMHUWJKRGKNR,rec,3,20-2,20.0,2000.0,20.0,5675.600000023842,False
A3UMHUWJKRGKNR,rec,3,20-2,20.0,2000.0,19.0,506.2999999523163,False
A3UMHUWJKRGKNR,rec,3,20-2,20.0,2000.0,20.0,9444.399999976158,False
A3UMHUWJKRGKNR,rec,3,20-2,20.0,2000.0,20.0,2967.899999976158,False
A3UMHUWJKRGKNR,rec,3,20-2,20.0,2000.0,19.0,2368.7999999523163,False
A3UMHUWJKRGKNR,rec,3,20-2,20.0,2000.0,2.0,1930.6000000238419,False
A3UMHUWJKRGKNR,rec,3,20-2,20.0,2000.0,20.0,2150.7999999523163,False
A3UMHUWJKRGKNR,rec,4,20-2,20.0,2000.0,20.0,0.0,True
A3UMHUWJKRGKNR,rec,4,20-2,20.0,2000.0,20.0,678.2999999523163,False
A3UMHUWJKRGKNR,rec,4,20-2,20.0,2000.0,20.0,2162.5999999046326,False
A3UMHUWJKRGKNR,rec,4,20-2,20.0,2000.0,19.0,22471.899999856952,False
A3UMHUWJKRGKNR,rec,4,20-2,20.0,2000.0,19.0,10394.699999928474,False
A3UMHUWJKRGKNR,rec,4,20-2,20.0,2000.0,5.0,1518.9999998807907,False
A3UMHUWJKRGKNR,rec,4,20-2,20.0,2000.0,20.0,1517.9999998807907,False
A3UMHUWJKRGKNR,rec,4,20-2,20.0,2000.0,20.0,2959.4999998807907,False
A3UMHUWJKRGKNR,rec,4,20-2,20.0,2000.0,20.0,878.799999833107,False
A3UMHUWJKRGKNR,rec,4,20-2,20.0,2000.0,20.0,475.9999998807907,False
A3UQ5DF8VVD975,rec,1,30-1,30.0,1000.0,28.0,0.0,True
A3UQ5DF8VVD975,rec,1,30-1,30.0,1000.0,30.0,3816.7999999523163,False
A3UQ5DF8VVD975,rec,1,30-1,30.0,1000.0,27.0,2397.699999809265,False
A3UQ5DF8VVD975,rec,1,30-1,30.0,1000.0,28.0,2366.2999999523163,False
A3UQ5DF8VVD975,rec,1,30-1,30.0,1000.0,29.0,6562.999999761581,False
A3UQ5DF8VVD975,rec,1,30-1,30.0,1000.0,26.0,6202.099999904633,False
A3UQ5DF8VVD975,rec,1,30-1,30.0,1000.0,25.0,2843.5999999046326,False
A3UQ5DF8VVD975,rec,1,30-1,30.0,1000.0,26.0,2157.0999999046326,False
A3UQ5DF8VVD975,rec,1,30-1,30.0,1000.0,26.0,3778.5999999046326,False
A3UQ5DF8VVD975,rec,1,30-1,30.0,1000.0,25.0,3446.2999999523163,False
A3UQ5DF8VVD975,rec,1,30-1,30.0,1000.0,28.0,5978.400000095367,False
A3UQ5DF8VVD975,rec,1,30-1,30.0,1000.0,28.0,4236.799999952316,False
A3UQ5DF8VVD975,rec,2,30-1,30.0,1000.0,28.0,667.2000000476837,False
A3UQ5DF8VVD975,rec,2,30-1,30.0,1000.0,28.0,1291.3000001907349,False
A3UQ5DF8VVD975,rec,2,30-1,30.0,1000.0,27.0,1139.6000001430511,False
A3UQ5DF8VVD975,rec,2,30-1,30.0,1000.0,29.0,2057.2000002861023,False
A3UQ5DF8VVD975,rec,2,30-1,30.0,1000.0,27.0,1377.2000000476837,False
A3UQ5DF8VVD975,rec,2,30-1,30.0,1000.0,25.0,804.7000000476837,False
A3UQ5DF8VVD975,rec,2,30-1,30.0,1000.0,28.0,545.1000003814697,False
A3UQ5DF8VVD975,rec,2,30-1,30.0,1000.0,25.0,0.0,True
A3UQ5DF8VVD975,rec,2,30-1,30.0,1000.0,25.0,510.0000002384186,False
A3UQ5DF8VVD975,rec,2,30-1,30.0,1000.0,29.0,2464.6000003814697,False
A3UQ5DF8VVD975,rec,2,30-1,30.0,1000.0,29.0,458.60000014305115,False
A3UQ5DF8VVD975,rec,2,30-1,30.0,1000.0,28.0,6004.600000143051,False
A3UQ5DF8VVD975,rec,3,30-1,30.0,1000.0,29.0,0.0,True
A3UQ5DF8VVD975,rec,3,30-1,30.0,1000.0,26.0,4664.500000238419,False
A3UQ5DF8VVD975,rec,3,30-1,30.0,1000.0,27.0,6959.100000143051,False
A3UQ5DF8VVD975,rec,3,30-1,30.0,1000.0,26.0,1923.7999999523163,False
A3UQ5DF8VVD975,rec,3,30-1,30.0,1000.0,27.0,11891.200000047684,False
A3UQ5DF8VVD975,rec,3,30-1,30.0,1000.0,27.0,4869.900000095367,False
A3UQ5DF8VVD975,rec,3,30-1,30.0,1000.0,28.0,3867.2000000476837,False
A3UQ5DF8VVD975,rec,3,30-1,30.0,1000.0,17.0,5004.300000190735,False
A3UQ5DF8VVD975,rec,3,30-1,30.0,1000.0,29.0,4449.500000238419,False
A3UQ5DF8VVD975,rec,3,30-1,30.0,1000.0,26.0,4364.500000238419,False
A3UQ5DF8VVD975,rec,3,30-1,30.0,1000.0,27.0,4972.900000333786,False
A3UQ5DF8VVD975,rec,4,30-1,30.0,1000.0,29.0,0.0,True
A3UQ5DF8VVD975,rec,4,30-1,30.0,1000.0,28.0,2607.2000000476833,False
A3UQ5DF8VVD975,rec,4,30-1,30.0,1000.0,28.0,3378.8000001907344,False
A3UQ5DF8VVD975,rec,4,30-1,30.0,1000.0,27.0,2215.1000001430507,False
A3UQ5DF8VVD975,rec,4,30-1,30.0,1000.0,27.0,2760.900000095367,False
A3UQ5DF8VVD975,rec,4,30-1,30.0,1000.0,27.0,4475.900000095367,False
A3UQ5DF8VVD975,rec,4,30-1,30.0,1000.0,26.0,4742.800000190735,False
A3UQ5DF8VVD975,rec,4,30-1,30.0,1000.0,29.0,3885.000000238418,False
A3UQ5DF8VVD975,rec,4,30-1,30.0,1000.0,25.0,4949.799999952316,False
A3UQ5DF8VVD975,rec,4,30-1,30.0,1000.0,28.0,1902.9999999999995,False
A3UQ5DF8VVD975,rec,4,30-1,30.0,1000.0,27.0,2607.8000001907344,False
A3USPFFWN1G5PF,rec,1,20-1,20.0,1000.0,20.0,0.0,True
A3USPFFWN1G5PF,rec,1,20-1,20.0,1000.0,19.0,7759.0,False
A3USPFFWN1G5PF,rec,1,20-1,20.0,1000.0,20.0,5541.0,False
A3USPFFWN1G5PF,rec,1,20-1,20.0,1000.0,20.0,4754.0,False
A3USPFFWN1G5PF,rec,1,20-1,20.0,1000.0,20.0,7968.0,False
A3USPFFWN1G5PF,rec,1,20-1,20.0,1000.0,2.0,5306.0,False
A3USPFFWN1G5PF,rec,1,20-1,20.0,1000.0,19.0,4698.0,False
A3USPFFWN1G5PF,rec,1,20-1,20.0,1000.0,1.0,7045.0,False
A3USPFFWN1G5PF,rec,1,20-1,20.0,1000.0,20.0,3001.0,False
A3USPFFWN1G5PF,rec,1,20-1,20.0,1000.0,20.0,3127.0,False
A3USPFFWN1G5PF,rec,2,20-1,20.0,1000.0,20.0,0.0,True
A3USPFFWN1G5PF,rec,2,20-1,20.0,1000.0,16.0,7479.0,False
A3USPFFWN1G5PF,rec,2,20-1,20.0,1000.0,20.0,7444.0,False
A3USPFFWN1G5PF,rec,2,20-1,20.0,1000.0,20.0,5073.0,False
A3USPFFWN1G5PF,rec,2,20-1,20.0,1000.0,20.0,6658.0,False
A3USPFFWN1G5PF,rec,2,20-1,20.0,1000.0,20.0,5462.0,False
A3USPFFWN1G5PF,rec,2,20-1,20.0,1000.0,20.0,9902.0,False
A3USPFFWN1G5PF,rec,2,20-1,20.0,1000.0,20.0,6817.0,False
A3USPFFWN1G5PF,rec,2,20-1,20.0,1000.0,20.0,5610.0,False
A3USPFFWN1G5PF,rec,3,20-1,20.0,1000.0,19.0,0.0,True
A3USPFFWN1G5PF,rec,3,20-1,20.0,1000.0,20.0,4435.0,False
A3USPFFWN1G5PF,rec,3,20-1,20.0,1000.0,15.0,1542.0,False
A3USPFFWN1G5PF,rec,3,20-1,20.0,1000.0,17.0,6909.0,False
A3USPFFWN1G5PF,rec,3,20-1,20.0,1000.0,17.0,2388.0,False
A3USPFFWN1G5PF,rec,3,20-1,20.0,1000.0,18.0,5837.0,False
A3USPFFWN1G5PF,rec,3,20-1,20.0,1000.0,17.0,10954.0,False
A3USPFFWN1G5PF,rec,3,20-1,20.0,1000.0,18.0,6244.0,False
A3USPFFWN1G5PF,rec,3,20-1,20.0,1000.0,19.0,2893.0,False
A3USPFFWN1G5PF,rec,3,20-1,20.0,1000.0,16.0,2818.0,False
A3USPFFWN1G5PF,rec,3,20-1,20.0,1000.0,18.0,3041.0,False
A3USPFFWN1G5PF,rec,3,20-1,20.0,1000.0,19.0,3982.0,False
A3USPFFWN1G5PF,rec,4,20-1,20.0,1000.0,17.0,1297.0,False
A3USPFFWN1G5PF,rec,4,20-1,20.0,1000.0,19.0,1507.0,False
A3USPFFWN1G5PF,rec,4,20-1,20.0,1000.0,18.0,4868.0,False
A3USPFFWN1G5PF,rec,4,20-1,20.0,1000.0,16.0,2192.0,False
A3USPFFWN1G5PF,rec,4,20-1,20.0,1000.0,18.0,2294.0,False
A3USPFFWN1G5PF,rec,4,20-1,20.0,1000.0,19.0,4545.0,False
A3USPFFWN1G5PF,rec,4,20-1,20.0,1000.0,13.0,443.0,False
A3USPFFWN1G5PF,rec,4,20-1,20.0,1000.0,20.0,49.0,False
A3USPFFWN1G5PF,rec,4,20-1,20.0,1000.0,18.0,740.0,False
A3USPFFWN1G5PF,rec,4,20-1,20.0,1000.0,18.0,0.0,True
A3USPFFWN1G5PF,rec,4,20-1,20.0,1000.0,17.0,3079.0,False
A3UUW04QL49RSC,prim,1,15-2,15.0,2000.0,1.0,1817.0,False
A3UUW04QL49RSC,prim,1,15-2,15.0,2000.0,4.0,4374.0,False
A3UUW04QL49RSC,prim,1,15-2,15.0,2000.0,2.0,4982.0,False
A3UUW04QL49RSC,prim,1,15-2,15.0,2000.0,1.0,5998.0,False
A3UUW04QL49RSC,prim,1,15-2,15.0,2000.0,4.0,0.0,True
A3UUW04QL49RSC,prim,1,15-2,15.0,2000.0,1.0,924.0,False
A3UUW04QL49RSC,prim,1,15-2,15.0,2000.0,1.0,1310.0,False
A3UUW04QL49RSC,prim,1,15-2,15.0,2000.0,1.0,3784.0,False
A3UUW04QL49RSC,prim,1,15-2,15.0,2000.0,1.0,4713.0,False
A3UUW04QL49RSC,prim,1,15-2,15.0,2000.0,1.0,8859.0,False
A3UUW04QL49RSC,prim,2,15-2,15.0,2000.0,1.0,15589.0,False
A3UUW04QL49RSC,prim,2,15-2,15.0,2000.0,1.0,23079.0,False
A3UUW04QL49RSC,prim,2,15-2,15.0,2000.0,1.0,0.0,True
A3UUW04QL49RSC,prim,2,15-2,15.0,2000.0,1.0,1379.0,False
A3UUW04QL49RSC,prim,2,15-2,15.0,2000.0,2.0,8941.0,False
A3UUW04QL49RSC,prim,2,15-2,15.0,2000.0,3.0,3413.0,False
A3UUW04QL49RSC,prim,2,15-2,15.0,2000.0,1.0,11874.0,False
A3UUW04QL49RSC,prim,2,15-2,15.0,2000.0,1.0,3352.0,False
A3UUW04QL49RSC,prim,2,15-2,15.0,2000.0,2.0,2845.0,False
A3UUW04QL49RSC,prim,2,15-2,15.0,2000.0,2.0,1581.0,False
A3UUW04QL49RSC,prim,2,15-2,15.0,2000.0,1.0,5722.0,False
A3UUW04QL49RSC,prim,2,15-2,15.0,2000.0,1.0,6408.0,False
A3UUW04QL49RSC,prim,3,15-2,15.0,2000.0,1.0,0.0,True
A3UUW04QL49RSC,prim,3,15-2,15.0,2000.0,1.0,1131.0,False
A3UUW04QL49RSC,prim,3,15-2,15.0,2000.0,1.0,4396.0,False
A3UUW04QL49RSC,prim,3,15-2,15.0,2000.0,1.0,4579.0,False
A3UUW04QL49RSC,prim,3,15-2,15.0,2000.0,1.0,1323.0,False
A3UUW04QL49RSC,prim,3,15-2,15.0,2000.0,1.0,9680.0,False
A3UUW04QL49RSC,prim,3,15-2,15.0,2000.0,1.0,1171.0,False
A3UUW04QL49RSC,prim,3,15-2,15.0,2000.0,1.0,556.0,False
A3UUW04QL49RSC,prim,3,15-2,15.0,2000.0,1.0,3575.0,False
A3UUW04QL49RSC,prim,3,15-2,15.0,2000.0,1.0,1287.0,False
A3UUW04QL49RSC,prim,3,15-2,15.0,2000.0,1.0,1487.0,False
A3UUW04QL49RSC,prim,4,15-2,15.0,2000.0,2.0,3932.0,False
A3UUW04QL49RSC,prim,4,15-2,15.0,2000.0,1.0,1152.0,False
A3UUW04QL49RSC,prim,4,15-2,15.0,2000.0,1.0,31507.0,False
A3UUW04QL49RSC,prim,4,15-2,15.0,2000.0,1.0,1547.0,False
A3UUW04QL49RSC,prim,4,15-2,15.0,2000.0,1.0,827.0,False
A3UUW04QL49RSC,prim,4,15-2,15.0,2000.0,1.0,0.0,True
A3UUW04QL49RSC,prim,4,15-2,15.0,2000.0,1.0,2763.0,False
A3UUW04QL49RSC,prim,4,15-2,15.0,2000.0,1.0,802.0,False
A3UUW04QL49RSC,prim,4,15-2,15.0,2000.0,3.0,30597.0,False
A3UUW04QL49RSC,prim,4,15-2,15.0,2000.0,1.0,1511.0,False
A3V71NT2X4HD1I,prim,1,30-1,30.0,1000.0,2.0,0.0,True
A3V71NT2X4HD1I,prim,1,30-1,30.0,1000.0,1.0,7744.0,False
A3V71NT2X4HD1I,prim,1,30-1,30.0,1000.0,1.0,5564.0,False
A3V71NT2X4HD1I,prim,1,30-1,30.0,1000.0,1.0,1927.0,False
A3V71NT2X4HD1I,prim,1,30-1,30.0,1000.0,1.0,2921.0,False
A3V71NT2X4HD1I,prim,1,30-1,30.0,1000.0,2.0,10514.0,False
A3V71NT2X4HD1I,prim,1,30-1,30.0,1000.0,2.0,2266.0,False
A3V71NT2X4HD1I,prim,1,30-1,30.0,1000.0,1.0,7739.0,False
A3V71NT2X4HD1I,prim,1,30-1,30.0,1000.0,2.0,9406.0,False
A3V71NT2X4HD1I,prim,2,30-1,30.0,1000.0,1.0,0.0,True
A3V71NT2X4HD1I,prim,2,30-1,30.0,1000.0,3.0,34488.0,False
A3V71NT2X4HD1I,prim,2,30-1,30.0,1000.0,1.0,3438.0,False
A3V71NT2X4HD1I,prim,2,30-1,30.0,1000.0,3.0,2322.0,False
A3V71NT2X4HD1I,prim,2,30-1,30.0,1000.0,3.0,4147.0,False
A3V71NT2X4HD1I,prim,2,30-1,30.0,1000.0,1.0,4901.0,False
A3V71NT2X4HD1I,prim,2,30-1,30.0,1000.0,1.0,7649.0,False
A3V71NT2X4HD1I,prim,3,30-1,30.0,1000.0,2.0,0.0,True
A3V71NT2X4HD1I,prim,3,30-1,30.0,1000.0,1.0,3000.0,False
A3V71NT2X4HD1I,prim,3,30-1,30.0,1000.0,1.0,4575.0,False
A3V71NT2X4HD1I,prim,3,30-1,30.0,1000.0,2.0,7272.0,False
A3V71NT2X4HD1I,prim,3,30-1,30.0,1000.0,7.0,4430.0,False
A3V71NT2X4HD1I,prim,3,30-1,30.0,1000.0,2.0,5428.0,False
A3V71NT2X4HD1I,prim,3,30-1,30.0,1000.0,1.0,8121.0,False
A3V71NT2X4HD1I,prim,3,30-1,30.0,1000.0,2.0,2661.0,False
A3V71NT2X4HD1I,prim,3,30-1,30.0,1000.0,2.0,9245.0,False
A3V71NT2X4HD1I,prim,3,30-1,30.0,1000.0,1.0,2953.0,False
A3V71NT2X4HD1I,prim,4,30-1,30.0,1000.0,1.0,0.0,True
A3V71NT2X4HD1I,prim,4,30-1,30.0,1000.0,2.0,7485.0,False
A3V71NT2X4HD1I,prim,4,30-1,30.0,1000.0,1.0,5484.0,False
A3V71NT2X4HD1I,prim,4,30-1,30.0,1000.0,1.0,5742.0,False
A3V71NT2X4HD1I,prim,4,30-1,30.0,1000.0,1.0,6401.0,False
A3V71NT2X4HD1I,prim,4,30-1,30.0,1000.0,1.0,3588.0,False
A3V71NT2X4HD1I,prim,4,30-1,30.0,1000.0,1.0,8239.0,False
A3V71NT2X4HD1I,prim,4,30-1,30.0,1000.0,1.0,17626.0,False
A3V71NT2X4HD1I,prim,4,30-1,30.0,1000.0,2.0,4126.0,False
A3V71NT2X4HD1I,prim,4,30-1,30.0,1000.0,1.0,5165.0,False
A3V71NT2X4HD1I,prim,4,30-1,30.0,1000.0,1.0,9686.0,False
A3V71NT2X4HD1I,prim,4,30-1,30.0,1000.0,30.0,9493.0,False
A3VL1CBZ3BGQK7,ns,1,40-1,40.0,1000.0,38.0,0.0,True
A3VL1CBZ3BGQK7,ns,1,40-1,40.0,1000.0,38.0,823.7000000029798,False
A3VL1CBZ3BGQK7,ns,1,40-1,40.0,1000.0,38.0,1137.5999999940395,False
A3VL1CBZ3BGQK7,ns,1,40-1,40.0,1000.0,36.0,3318.0999999940404,False
A3VL1CBZ3BGQK7,ns,1,40-1,40.0,1000.0,38.0,4384.0,False
A3VL1CBZ3BGQK7,ns,1,40-1,40.0,1000.0,37.0,4179.09999999404,False
A3VL1CBZ3BGQK7,ns,1,40-1,40.0,1000.0,32.0,3540.7999999970198,False
A3VL1CBZ3BGQK7,ns,1,40-1,40.0,1000.0,38.0,4194.4000000059605,False
A3VL1CBZ3BGQK7,ns,1,40-1,40.0,1000.0,38.0,2157.7999999970198,False
A3VL1CBZ3BGQK7,ns,1,40-1,40.0,1000.0,38.0,1414.7000000029798,False
A3VL1CBZ3BGQK7,ns,1,40-1,40.0,1000.0,37.0,887.0,False
A3VL1CBZ3BGQK7,ns,2,40-1,40.0,1000.0,38.0,1191.0000000596046,False
A3VL1CBZ3BGQK7,ns,2,40-1,40.0,1000.0,38.0,3950.8000000715256,False
A3VL1CBZ3BGQK7,ns,2,40-1,40.0,1000.0,37.0,2163.2000000476837,False
A3VL1CBZ3BGQK7,ns,2,40-1,40.0,1000.0,38.0,1758.5,False
A3VL1CBZ3BGQK7,ns,2,40-1,40.0,1000.0,36.0,3535.900000035763,False
A3VL1CBZ3BGQK7,ns,2,40-1,40.0,1000.0,25.0,2891.100000023842,False
A3VL1CBZ3BGQK7,ns,2,40-1,40.0,1000.0,39.0,822.3000000715256,False
A3VL1CBZ3BGQK7,ns,2,40-1,40.0,1000.0,38.0,926.6000000238419,False
A3VL1CBZ3BGQK7,ns,2,40-1,40.0,1000.0,36.0,0.0,True
A3VL1CBZ3BGQK7,ns,2,40-1,40.0,1000.0,36.0,1022.8000000119209,False
A3VL1CBZ3BGQK7,ns,2,40-1,40.0,1000.0,11.0,3083.400000035763,False
A3VL1CBZ3BGQK7,ns,2,40-1,40.0,1000.0,17.0,3333.199999988079,False
A3VV3MW68CALXS,prim,1,10-2,10.0,2000.0,1.0,0.0,True
A3VV3MW68CALXS,prim,1,10-2,10.0,2000.0,1.0,1050.0,False
A3VV3MW68CALXS,prim,2,10-2,10.0,2000.0,1.0,0.0,True
A3VV3MW68CALXS,prim,2,10-2,10.0,2000.0,1.0,3682.0,False
A3VV3MW68CALXS,prim,2,10-2,10.0,2000.0,1.0,4868.0,False
A3VV3MW68CALXS,prim,2,10-2,10.0,2000.0,1.0,5716.0,False
A3VV3MW68CALXS,prim,2,10-2,10.0,2000.0,1.0,4426.0,False
A3VV3MW68CALXS,prim,3,10-2,10.0,2000.0,1.0,0.0,True
A3VV3MW68CALXS,prim,3,10-2,10.0,2000.0,1.0,5369.0,False
A3VV3MW68CALXS,prim,3,10-2,10.0,2000.0,1.0,1773.0,False
A3VV3MW68CALXS,prim,3,10-2,10.0,2000.0,1.0,2285.0,False
A3VV3MW68CALXS,prim,3,10-2,10.0,2000.0,1.0,2971.0,False
A3VV3MW68CALXS,prim,4,10-2,10.0,2000.0,1.0,5597.0,False
A3VV3MW68CALXS,prim,4,10-2,10.0,2000.0,1.0,0.0,True
A3VV3MW68CALXS,prim,4,10-2,10.0,2000.0,1.0,3778.0,False
A3VV3MW68CALXS,prim,4,10-2,10.0,2000.0,1.0,3911.0,False
A3VV3MW68CALXS,prim,4,10-2,10.0,2000.0,1.0,1350.0,False
A3VW5PI9ZX9DOD,ns,1,20-2,20.0,2000.0,19.0,7438.300000190735,False
A3VW5PI9ZX9DOD,ns,1,20-2,20.0,2000.0,19.0,23663.900000572205,False
A3VW5PI9ZX9DOD,ns,1,20-2,20.0,2000.0,20.0,2357.6000003814697,False
A3VW5PI9ZX9DOD,ns,1,20-2,20.0,2000.0,19.0,3497.300000190735,False
A3VW5PI9ZX9DOD,ns,1,20-2,20.0,2000.0,8.0,13593.0,False
A3VW5PI9ZX9DOD,ns,1,20-2,20.0,2000.0,3.0,7247.700000286102,False
A3VW5PI9ZX9DOD,ns,1,20-2,20.0,2000.0,20.0,3300.000000476839,False
A3VW5PI9ZX9DOD,ns,1,20-2,20.0,2000.0,15.0,1752.0,False
A3VW5PI9ZX9DOD,ns,1,20-2,20.0,2000.0,18.0,0.0,True
A3VW5PI9ZX9DOD,ns,1,20-2,20.0,2000.0,18.0,6337.200000286102,False
A3VW5PI9ZX9DOD,ns,2,20-2,20.0,2000.0,20.0,0.0,True
A3VW5PI9ZX9DOD,ns,3,20-2,20.0,2000.0,1.0,5101.099999904633,False
A3VW5PI9ZX9DOD,ns,3,20-2,20.0,2000.0,1.0,32717.800000190735,False
A3VW5PI9ZX9DOD,ns,3,20-2,20.0,2000.0,2.0,6026.799999713898,False
A3VW5PI9ZX9DOD,ns,3,20-2,20.0,2000.0,1.0,0.0,True
A47VA451RDBV3,prim,1,40-1,40.0,1000.0,1.0,0.0,True
A47VA451RDBV3,prim,1,40-1,40.0,1000.0,3.0,3005.100000023842,False
A47VA451RDBV3,prim,1,40-1,40.0,1000.0,1.0,3756.100000023842,False
A47VA451RDBV3,prim,1,40-1,40.0,1000.0,13.0,3268.2999999523163,False
A47VA451RDBV3,prim,1,40-1,40.0,1000.0,3.0,11581.49999988079,False
A47VA451RDBV3,prim,1,40-1,40.0,1000.0,2.0,8118.299999952316,False
A47VA451RDBV3,prim,1,40-1,40.0,1000.0,4.0,1473.8999999761581,False
A47VA451RDBV3,prim,1,40-1,40.0,1000.0,2.0,4046.2000000476837,False
A47VA451RDBV3,prim,2,40-1,40.0,1000.0,1.0,45079.50000011921,False
A47VA451RDBV3,prim,2,40-1,40.0,1000.0,4.0,6711.0,False
A47VA451RDBV3,prim,2,40-1,40.0,1000.0,1.0,2966.0,False
A47VA451RDBV3,prim,2,40-1,40.0,1000.0,2.0,2923.2000000476837,False
A47VA451RDBV3,prim,2,40-1,40.0,1000.0,1.0,6072.100000143051,False
A47VA451RDBV3,prim,2,40-1,40.0,1000.0,3.0,1099.1000001430511,False
A47VA451RDBV3,prim,2,40-1,40.0,1000.0,1.0,21496.500000000007,False
A47VA451RDBV3,prim,2,40-1,40.0,1000.0,1.0,2018.9000000953674,False
A47VA451RDBV3,prim,2,40-1,40.0,1000.0,1.0,6247.800000071526,False
A47VA451RDBV3,prim,2,40-1,40.0,1000.0,3.0,0.0,True
A47VA451RDBV3,prim,3,40-1,40.0,1000.0,3.0,0.0,True
A47VA451RDBV3,prim,3,40-1,40.0,1000.0,1.0,23983.100000023845,False
A47VA451RDBV3,prim,3,40-1,40.0,1000.0,4.0,10997.199999928474,False
A47VA451RDBV3,prim,3,40-1,40.0,1000.0,1.0,15744.600000023845,False
A47VA451RDBV3,prim,3,40-1,40.0,1000.0,1.0,7055.699999928474,False
A47VA451RDBV3,prim,3,40-1,40.0,1000.0,1.0,21699.299999952316,False
A47VA451RDBV3,prim,3,40-1,40.0,1000.0,1.0,11910.099999904633,False
A47VA451RDBV3,prim,3,40-1,40.0,1000.0,1.0,9624.100000023842,False
A47VA451RDBV3,prim,3,40-1,40.0,1000.0,1.0,17509.599999904636,False
A47VA451RDBV3,prim,3,40-1,40.0,1000.0,1.0,6623.799999952316,False
A47VA451RDBV3,prim,4,40-1,40.0,1000.0,1.0,0.0,True
A47VA451RDBV3,prim,4,40-1,40.0,1000.0,3.0,13877.100000143051,False
A47VA451RDBV3,prim,4,40-1,40.0,1000.0,1.0,19623.600000143055,False
A47VA451RDBV3,prim,4,40-1,40.0,1000.0,1.0,21124.50000023842,False
A47VA451RDBV3,prim,4,40-1,40.0,1000.0,2.0,3000.800000190735,False
A47VA451RDBV3,prim,4,40-1,40.0,1000.0,1.0,5135.300000190735,False
A47VA451RDBV3,prim,4,40-1,40.0,1000.0,3.0,23605.50000023842,False
A47VA451RDBV3,prim,4,40-1,40.0,1000.0,2.0,17586.900000333786,False
A47VA451RDBV3,prim,4,40-1,40.0,1000.0,1.0,10353.600000143051,False
A47VA451RDBV3,prim,4,40-1,40.0,1000.0,5.0,5199.600000143051,False
A47VA451RDBV3,prim,4,40-1,40.0,1000.0,1.0,1650.5,False
A489K1IFOM4JW,prim,1,10-2,10.0,2000.0,1.0,4064.0,False
A489K1IFOM4JW,prim,1,10-2,10.0,2000.0,1.0,11160.0,False
A489K1IFOM4JW,prim,1,10-2,10.0,2000.0,1.0,0.0,True
A489K1IFOM4JW,prim,1,10-2,10.0,2000.0,1.0,1621.0,False
A489K1IFOM4JW,prim,1,10-2,10.0,2000.0,2.0,2732.0,False
A489K1IFOM4JW,prim,1,10-2,10.0,2000.0,2.0,936.0,False
A489K1IFOM4JW,prim,1,10-2,10.0,2000.0,1.0,2090.0,False
A489K1IFOM4JW,prim,1,10-2,10.0,2000.0,1.0,1564.0,False
A489K1IFOM4JW,prim,2,10-2,10.0,2000.0,1.0,0.0,True
A489K1IFOM4JW,prim,2,10-2,10.0,2000.0,1.0,6768.0,False
A489K1IFOM4JW,prim,2,10-2,10.0,2000.0,1.0,2978.0,False
A489K1IFOM4JW,prim,2,10-2,10.0,2000.0,1.0,6055.0,False
A489K1IFOM4JW,prim,2,10-2,10.0,2000.0,1.0,11415.0,False
A489K1IFOM4JW,prim,2,10-2,10.0,2000.0,1.0,5997.0,False
A489K1IFOM4JW,prim,2,10-2,10.0,2000.0,1.0,6909.0,False
A489K1IFOM4JW,prim,2,10-2,10.0,2000.0,1.0,4730.0,False
A489K1IFOM4JW,prim,3,10-2,10.0,2000.0,1.0,0.0,True
A489K1IFOM4JW,prim,3,10-2,10.0,2000.0,1.0,2248.0,False
A489K1IFOM4JW,prim,3,10-2,10.0,2000.0,2.0,4818.0,False
A489K1IFOM4JW,prim,3,10-2,10.0,2000.0,2.0,4137.0,False
A489K1IFOM4JW,prim,3,10-2,10.0,2000.0,1.0,1932.0,False
A489K1IFOM4JW,prim,3,10-2,10.0,2000.0,2.0,1524.0,False
A489K1IFOM4JW,prim,3,10-2,10.0,2000.0,1.0,9080.0,False
A489K1IFOM4JW,prim,3,10-2,10.0,2000.0,3.0,3553.0,False
A489K1IFOM4JW,prim,3,10-2,10.0,2000.0,1.0,4420.0,False
A489K1IFOM4JW,prim,3,10-2,10.0,2000.0,2.0,4344.0,False
A489K1IFOM4JW,prim,3,10-2,10.0,2000.0,1.0,4963.0,False
A489K1IFOM4JW,prim,4,10-2,10.0,2000.0,1.0,0.0,True
A489K1IFOM4JW,prim,4,10-2,10.0,2000.0,1.0,2603.0,False
A489K1IFOM4JW,prim,4,10-2,10.0,2000.0,1.0,5947.0,False
A489K1IFOM4JW,prim,4,10-2,10.0,2000.0,1.0,5681.0,False
A489K1IFOM4JW,prim,4,10-2,10.0,2000.0,1.0,4540.0,False
A489K1IFOM4JW,prim,4,10-2,10.0,2000.0,2.0,3496.0,False
A49HPQ9P5AHU4,ns,1,10-2,10.0,2000.0,9.0,1208.5000000596046,False
A49HPQ9P5AHU4,ns,1,10-2,10.0,2000.0,5.0,1475.1000000238419,False
A49HPQ9P5AHU4,ns,1,10-2,10.0,2000.0,9.0,1264.0000000596046,False
A49HPQ9P5AHU4,ns,1,10-2,10.0,2000.0,6.0,3717.900000035763,False
A49HPQ9P5AHU4,ns,1,10-2,10.0,2000.0,9.0,204.69999998807907,False
A49HPQ9P5AHU4,ns,1,10-2,10.0,2000.0,5.0,123.90000003576279,False
A49HPQ9P5AHU4,ns,1,10-2,10.0,2000.0,9.0,1724.5000000596046,False
A49HPQ9P5AHU4,ns,1,10-2,10.0,2000.0,9.0,214.4000000357628,False
A49HPQ9P5AHU4,ns,1,10-2,10.0,2000.0,8.0,385.2000000476837,False
A49HPQ9P5AHU4,ns,1,10-2,10.0,2000.0,8.0,0.0,True
A49HPQ9P5AHU4,ns,1,10-2,10.0,2000.0,9.0,454.9000000357628,False
A49HPQ9P5AHU4,ns,1,10-2,10.0,2000.0,9.0,845.1000000238419,False
A49HPQ9P5AHU4,ns,2,10-2,10.0,2000.0,7.0,1338.6000000238416,False
A49HPQ9P5AHU4,ns,2,10-2,10.0,2000.0,9.0,1962.000000119209,False
A49HPQ9P5AHU4,ns,2,10-2,10.0,2000.0,7.0,561.0000001192091,False
A49HPQ9P5AHU4,ns,2,10-2,10.0,2000.0,7.0,340.1000001430509,False
A49HPQ9P5AHU4,ns,2,10-2,10.0,2000.0,9.0,1162.399999976158,False
A49HPQ9P5AHU4,ns,2,10-2,10.0,2000.0,6.0,762.1000000238416,False
A49HPQ9P5AHU4,ns,2,10-2,10.0,2000.0,6.0,2378.7999999523163,False
A49HPQ9P5AHU4,ns,2,10-2,10.0,2000.0,10.0,651.3000000715253,False
A49HPQ9P5AHU4,ns,2,10-2,10.0,2000.0,5.0,4462.500000119209,False
A49HPQ9P5AHU4,ns,2,10-2,10.0,2000.0,7.0,111.5,False
A49HPQ9P5AHU4,ns,2,10-2,10.0,2000.0,10.0,964.9999999999998,False
A49HPQ9P5AHU4,ns,2,10-2,10.0,2000.0,9.0,0.0,True
A4HWADFPGP45G,ns,1,20-2,20.0,2000.0,1.0,0.0,True
A4HWADFPGP45G,ns,1,20-2,20.0,2000.0,19.0,12310.099999904633,False
A4HWADFPGP45G,ns,1,20-2,20.0,2000.0,19.0,6458.0,False
A4HWADFPGP45G,ns,1,20-2,20.0,2000.0,19.0,225.59999990463257,False
A4HWADFPGP45G,ns,1,20-2,20.0,2000.0,17.0,6937.0,False
A4HWADFPGP45G,ns,1,20-2,20.0,2000.0,4.0,25222.49999976158,False
A4HWADFPGP45G,ns,1,20-2,20.0,2000.0,20.0,9914.400000095367,False
A4HWADFPGP45G,ns,1,20-2,20.0,2000.0,20.0,3995.5999999046326,False
A4HWADFPGP45G,ns,1,20-2,20.0,2000.0,20.0,15536.899999856956,False
A4HWADFPGP45G,ns,1,20-2,20.0,2000.0,19.0,4000.5,False
A4HWADFPGP45G,ns,2,20-2,20.0,2000.0,18.0,2018.5999999046326,False
A4HWADFPGP45G,ns,2,20-2,20.0,2000.0,18.0,3925.199999809265,False
A4HWADFPGP45G,ns,2,20-2,20.0,2000.0,20.0,0.0,True
A4HWADFPGP45G,ns,2,20-2,20.0,2000.0,20.0,5671.399999856949,False
A4HWADFPGP45G,ns,2,20-2,20.0,2000.0,19.0,2777.2999999523163,False
A4HWADFPGP45G,ns,2,20-2,20.0,2000.0,20.0,2554.0999999046326,False
A4HWADFPGP45G,ns,2,20-2,20.0,2000.0,20.0,931.2999997138959,False
A4HWADFPGP45G,ns,2,20-2,20.0,2000.0,20.0,19199.099999904633,False
A4HWADFPGP45G,ns,2,20-2,20.0,2000.0,20.0,2465.0999999046326,False
A4HWADFPGP45G,ns,2,20-2,20.0,2000.0,20.0,8359.5,False
A4HWADFPGP45G,ns,2,20-2,20.0,2000.0,20.0,4257.599999904633,False
A4HWADFPGP45G,ns,3,20-2,20.0,2000.0,1.0,277.80000019073486,False
A4HWADFPGP45G,ns,3,20-2,20.0,2000.0,1.0,1261.3999998569489,False
A4HWADFPGP45G,ns,3,20-2,20.0,2000.0,1.0,0.0,True
A4HWADFPGP45G,ns,3,20-2,20.0,2000.0,1.0,1143.2999999523163,False
A4HWADFPGP45G,ns,3,20-2,20.0,2000.0,1.0,1625.1000001430511,False
A4HWADFPGP45G,ns,3,20-2,20.0,2000.0,1.0,1997.2000000476837,False
A4HWADFPGP45G,ns,3,20-2,20.0,2000.0,1.0,10296.799999952316,False
A4HWADFPGP45G,ns,4,20-2,20.0,2000.0,1.0,0.0,True
A4HWADFPGP45G,ns,4,20-2,20.0,2000.0,1.0,4769.700000047684,False
A4HWADFPGP45G,ns,4,20-2,20.0,2000.0,1.0,2236.099999904632,False
A4HWADFPGP45G,ns,4,20-2,20.0,2000.0,1.0,2732.099999904632,False
A4HWADFPGP45G,ns,4,20-2,20.0,2000.0,1.0,7442.800000190735,False
A4HWADFPGP45G,ns,4,20-2,20.0,2000.0,1.0,2129.1000001430507,False
A4HWADFPGP45G,ns,4,20-2,20.0,2000.0,1.0,1987.2999999523158,False
A50UY1556VDIA,ns,1,20-1,20.0,1000.0,2.0,0.0,True
A50UY1556VDIA,ns,1,20-1,20.0,1000.0,1.0,4623.0,False
A50UY1556VDIA,ns,1,20-1,20.0,1000.0,2.0,1397.0,False
A50UY1556VDIA,ns,1,20-1,20.0,1000.0,3.0,4184.0,False
A50UY1556VDIA,ns,1,20-1,20.0,1000.0,5.0,2737.0,False
A50UY1556VDIA,ns,1,20-1,20.0,1000.0,3.0,2800.0,False
A50UY1556VDIA,ns,1,20-1,20.0,1000.0,5.0,968.0,False
A50UY1556VDIA,ns,1,20-1,20.0,1000.0,2.0,4540.0,False
A50UY1556VDIA,ns,1,20-1,20.0,1000.0,9.0,1538.0,False
A50UY1556VDIA,ns,1,20-1,20.0,1000.0,1.0,2044.0,False
A50UY1556VDIA,ns,1,20-1,20.0,1000.0,1.0,1559.0,False
A50UY1556VDIA,ns,2,20-1,20.0,1000.0,2.0,1263.0,False
A50UY1556VDIA,ns,2,20-1,20.0,1000.0,2.0,447.0,False
A50UY1556VDIA,ns,2,20-1,20.0,1000.0,3.0,1007.0,False
A50UY1556VDIA,ns,2,20-1,20.0,1000.0,2.0,4656.0,False
A50UY1556VDIA,ns,2,20-1,20.0,1000.0,2.0,3199.0,False
A50UY1556VDIA,ns,2,20-1,20.0,1000.0,4.0,0.0,True
A50UY1556VDIA,ns,2,20-1,20.0,1000.0,8.0,2393.0,False
A50UY1556VDIA,ns,2,20-1,20.0,1000.0,20.0,2895.0,False
A50UY1556VDIA,ns,2,20-1,20.0,1000.0,1.0,1638.0,False
A50UY1556VDIA,ns,3,20-1,20.0,1000.0,3.0,10618.0,False
A50UY1556VDIA,ns,3,20-1,20.0,1000.0,19.0,3897.0,False
A50UY1556VDIA,ns,3,20-1,20.0,1000.0,17.0,5899.0,False
A50UY1556VDIA,ns,3,20-1,20.0,1000.0,18.0,24394.0,False
A50UY1556VDIA,ns,3,20-1,20.0,1000.0,3.0,11500.0,False
A50UY1556VDIA,ns,3,20-1,20.0,1000.0,16.0,0.0,True
A50UY1556VDIA,ns,4,20-1,20.0,1000.0,16.0,1424.0,False
A50UY1556VDIA,ns,4,20-1,20.0,1000.0,1.0,10428.0,False
A50UY1556VDIA,ns,4,20-1,20.0,1000.0,20.0,9419.0,False
A50UY1556VDIA,ns,4,20-1,20.0,1000.0,19.0,10980.0,False
A50UY1556VDIA,ns,4,20-1,20.0,1000.0,19.0,2720.0,False
A50UY1556VDIA,ns,4,20-1,20.0,1000.0,16.0,0.0,True
A50UY1556VDIA,ns,4,20-1,20.0,1000.0,18.0,3465.0,False
A50UY1556VDIA,ns,4,20-1,20.0,1000.0,20.0,11242.0,False
A51TGVVYJF7T0,prim,1,30-1,30.0,1000.0,27.0,0.0,True
A51TGVVYJF7T0,prim,1,30-1,30.0,1000.0,1.0,8682.0,False
A51TGVVYJF7T0,prim,1,30-1,30.0,1000.0,30.0,13112.0,False
A51TGVVYJF7T0,prim,1,30-1,30.0,1000.0,1.0,10269.0,False
A51TGVVYJF7T0,prim,1,30-1,30.0,1000.0,2.0,3212.0,False
A51TGVVYJF7T0,prim,1,30-1,30.0,1000.0,2.0,2448.0,False
A51TGVVYJF7T0,prim,1,30-1,30.0,1000.0,1.0,5056.0,False
A51TGVVYJF7T0,prim,1,30-1,30.0,1000.0,1.0,4530.0,False
A51TGVVYJF7T0,prim,1,30-1,30.0,1000.0,1.0,2351.0,False
A51TGVVYJF7T0,prim,2,30-1,30.0,1000.0,1.0,0.0,True
A51TGVVYJF7T0,prim,2,30-1,30.0,1000.0,1.0,5333.0,False
A51TGVVYJF7T0,prim,2,30-1,30.0,1000.0,1.0,6517.0,False
A51TGVVYJF7T0,prim,2,30-1,30.0,1000.0,1.0,6155.0,False
A51TGVVYJF7T0,prim,2,30-1,30.0,1000.0,1.0,2853.0,False
A51TGVVYJF7T0,prim,2,30-1,30.0,1000.0,3.0,9346.0,False
A51TGVVYJF7T0,prim,2,30-1,30.0,1000.0,1.0,8545.0,False
A51TGVVYJF7T0,prim,2,30-1,30.0,1000.0,1.0,17765.0,False
A51TGVVYJF7T0,prim,2,30-1,30.0,1000.0,1.0,8577.0,False
A51TGVVYJF7T0,prim,3,30-1,30.0,1000.0,2.0,0.0,True
A51TGVVYJF7T0,prim,3,30-1,30.0,1000.0,4.0,5563.0,False
A51TGVVYJF7T0,prim,3,30-1,30.0,1000.0,1.0,7606.0,False
A51TGVVYJF7T0,prim,3,30-1,30.0,1000.0,1.0,10203.0,False
A51TGVVYJF7T0,prim,3,30-1,30.0,1000.0,3.0,10713.0,False
A51TGVVYJF7T0,prim,3,30-1,30.0,1000.0,1.0,10552.0,False
A51TGVVYJF7T0,prim,4,30-1,30.0,1000.0,2.0,0.0,True
A51TGVVYJF7T0,prim,4,30-1,30.0,1000.0,2.0,4212.0,False
A51TGVVYJF7T0,prim,4,30-1,30.0,1000.0,1.0,2611.0,False
A51TGVVYJF7T0,prim,4,30-1,30.0,1000.0,1.0,3724.0,False
A51TGVVYJF7T0,prim,4,30-1,30.0,1000.0,2.0,1942.0,False
A51TGVVYJF7T0,prim,4,30-1,30.0,1000.0,1.0,12464.0,False
A55MEA9LQASZH,rec,1,10-2,10.0,2000.0,10.0,0.0,True
A55MEA9LQASZH,rec,1,10-2,10.0,2000.0,9.0,4644.400000095367,False
A55MEA9LQASZH,rec,1,10-2,10.0,2000.0,5.0,5702.099999904633,False
A55MEA9LQASZH,rec,1,10-2,10.0,2000.0,10.0,172.80000019073486,False
A55MEA9LQASZH,rec,1,10-2,10.0,2000.0,1.0,3780.7999997138977,False
A55MEA9LQASZH,rec,1,10-2,10.0,2000.0,1.0,36532.59999990463,False
A55MEA9LQASZH,rec,1,10-2,10.0,2000.0,9.0,29374.900000095367,False
A55MEA9LQASZH,rec,1,10-2,10.0,2000.0,8.0,4290.299999713898,False
A55MEA9LQASZH,rec,2,10-2,10.0,2000.0,1.0,2439.9999999999995,False
A55MEA9LQASZH,rec,2,10-2,10.0,2000.0,10.0,2214.5000000149007,False
A55MEA9LQASZH,rec,2,10-2,10.0,2000.0,10.0,5566.0,False
A55MEA9LQASZH,rec,2,10-2,10.0,2000.0,10.0,4143.70000000298,False
A55MEA9LQASZH,rec,2,10-2,10.0,2000.0,10.0,644.2999999970202,False
A55MEA9LQASZH,rec,2,10-2,10.0,2000.0,10.0,1687.9999999999995,False
A55MEA9LQASZH,rec,2,10-2,10.0,2000.0,10.0,1032.40000000596,False
A55MEA9LQASZH,rec,2,10-2,10.0,2000.0,10.0,289.2000000029798,False
A55MEA9LQASZH,rec,2,10-2,10.0,2000.0,8.0,511.7000000029798,False
A55MEA9LQASZH,rec,2,10-2,10.0,2000.0,8.0,1812.3000000119205,False
A55MEA9LQASZH,rec,2,10-2,10.0,2000.0,10.0,4836.399999991059,False
A55MEA9LQASZH,rec,2,10-2,10.0,2000.0,10.0,0.0,True
A55MEA9LQASZH,rec,3,10-2,10.0,2000.0,10.0,0.0,True
A55MEA9LQASZH,rec,3,10-2,10.0,2000.0,9.0,2837.2999997138977,False
A55MEA9LQASZH,rec,3,10-2,10.0,2000.0,10.0,2287.999999523163,False
A55MEA9LQASZH,rec,3,10-2,10.0,2000.0,8.0,3031.3999996185303,False
A55MEA9LQASZH,rec,3,10-2,10.0,2000.0,10.0,1061.2999997138977,False
A55MEA9LQASZH,rec,3,10-2,10.0,2000.0,10.0,1167.8999996185303,False
A55MEA9LQASZH,rec,3,10-2,10.0,2000.0,1.0,6014.0,False
A55MEA9LQASZH,rec,3,10-2,10.0,2000.0,10.0,3740.0999999046326,False
A55MEA9LQASZH,rec,3,10-2,10.0,2000.0,10.0,2769.999999523163,False
A55MEA9LQASZH,rec,3,10-2,10.0,2000.0,9.0,2032.699999332428,False
A55MEA9LQASZH,rec,4,10-2,10.0,2000.0,10.0,914.0,False
A55MEA9LQASZH,rec,4,10-2,10.0,2000.0,10.0,2485.300000667572,False
A55MEA9LQASZH,rec,4,10-2,10.0,2000.0,10.0,1671.6000003814697,False
A55MEA9LQASZH,rec,4,10-2,10.0,2000.0,10.0,3739.0,False
A55MEA9LQASZH,rec,4,10-2,10.0,2000.0,10.0,2769.4000005722046,False
A55MEA9LQASZH,rec,4,10-2,10.0,2000.0,10.0,0.0,True
A55MEA9LQASZH,rec,4,10-2,10.0,2000.0,10.0,490.7000002861023,False
A55MEA9LQASZH,rec,4,10-2,10.0,2000.0,10.0,532.1000003814697,False
A55MEA9LQASZH,rec,4,10-2,10.0,2000.0,1.0,1969.6000003814697,False
A55MEA9LQASZH,rec,4,10-2,10.0,2000.0,9.0,1576.2000002861023,False
A55MEA9LQASZH,rec,4,10-2,10.0,2000.0,10.0,4423.000000476839,False
A55MEA9LQASZH,rec,4,10-2,10.0,2000.0,10.0,2285.6000003814697,False
A5P12YJP805RG,ns,1,10-2,10.0,2000.0,9.0,1494.0999999642372,False
A5P12YJP805RG,ns,1,10-2,10.0,2000.0,7.0,2914.300000011921,False
A5P12YJP805RG,ns,1,10-2,10.0,2000.0,1.0,2167.100000023842,False
A5P12YJP805RG,ns,1,10-2,10.0,2000.0,10.0,4024.0,False
A5P12YJP805RG,ns,1,10-2,10.0,2000.0,8.0,753.6000000238419,False
A5P12YJP805RG,ns,1,10-2,10.0,2000.0,3.0,1728.800000011921,False
A5P12YJP805RG,ns,1,10-2,10.0,2000.0,7.0,2238.800000011921,False
A5P12YJP805RG,ns,1,10-2,10.0,2000.0,10.0,767.1999999880791,False
A5P12YJP805RG,ns,1,10-2,10.0,2000.0,10.0,449.39999997615814,False
A5P12YJP805RG,ns,1,10-2,10.0,2000.0,10.0,1080.1000000238419,False
A5P12YJP805RG,ns,1,10-2,10.0,2000.0,9.0,0.0,True
A5P12YJP805RG,ns,2,10-2,10.0,2000.0,5.0,1989.6000001430511,False
A5P12YJP805RG,ns,2,10-2,10.0,2000.0,1.0,1501.0,False
A5P12YJP805RG,ns,2,10-2,10.0,2000.0,9.0,3342.0999999046326,False
A5P12YJP805RG,ns,2,10-2,10.0,2000.0,8.0,254.70000004768417,False
A5P12YJP805RG,ns,2,10-2,10.0,2000.0,3.0,0.0,True
A5P12YJP805RG,ns,2,10-2,10.0,2000.0,8.0,963.9000000953679,False
A5P12YJP805RG,ns,2,10-2,10.0,2000.0,9.0,824.2999999523158,False
A5P12YJP805RG,ns,2,10-2,10.0,2000.0,5.0,850.9000000953679,False
A5P12YJP805RG,ns,2,10-2,10.0,2000.0,6.0,343.2999999523163,False
A5P12YJP805RG,ns,2,10-2,10.0,2000.0,7.0,566.3000001907349,False
A5P12YJP805RG,ns,2,10-2,10.0,2000.0,8.0,1355.0999999046326,False
A5P12YJP805RG,ns,2,10-2,10.0,2000.0,10.0,325.90000009536743,False
A5P12YJP805RG,ns,3,10-2,10.0,2000.0,8.0,1954.6000001430511,False
A5P12YJP805RG,ns,3,10-2,10.0,2000.0,8.0,371.39999985694885,False
A5P12YJP805RG,ns,3,10-2,10.0,2000.0,7.0,628.0,False
A5P12YJP805RG,ns,3,10-2,10.0,2000.0,7.0,488.7000000476837,False
A5P12YJP805RG,ns,3,10-2,10.0,2000.0,6.0,529.7000000476837,False
A5P12YJP805RG,ns,3,10-2,10.0,2000.0,9.0,652.5999999046326,False
A5P12YJP805RG,ns,3,10-2,10.0,2000.0,8.0,154.59999990463257,False
A5P12YJP805RG,ns,3,10-2,10.0,2000.0,2.0,202.20000004768372,False
A5P12YJP805RG,ns,3,10-2,10.0,2000.0,4.0,403.2000000476837,False
A5P12YJP805RG,ns,3,10-2,10.0,2000.0,7.0,0.0,True
A5P12YJP805RG,ns,3,10-2,10.0,2000.0,6.0,322.9000000953679,False
A5P12YJP805RG,ns,3,10-2,10.0,2000.0,5.0,878.6000001430516,False
A5P12YJP805RG,ns,4,10-2,10.0,2000.0,8.0,781.9000000953674,False
A5P12YJP805RG,ns,4,10-2,10.0,2000.0,8.0,523.7999997138982,False
A5P12YJP805RG,ns,4,10-2,10.0,2000.0,8.0,1207.2999997138977,False
A5P12YJP805RG,ns,4,10-2,10.0,2000.0,8.0,1246.1999998092651,False
A5P12YJP805RG,ns,4,10-2,10.0,2000.0,7.0,104.09999990463257,False
A5P12YJP805RG,ns,4,10-2,10.0,2000.0,7.0,748.0,False
A5P12YJP805RG,ns,4,10-2,10.0,2000.0,9.0,256.80000019073486,False
A5P12YJP805RG,ns,4,10-2,10.0,2000.0,5.0,0.0,True
A5P12YJP805RG,ns,4,10-2,10.0,2000.0,7.0,998.7999997138982,False
A5P12YJP805RG,ns,4,10-2,10.0,2000.0,7.0,834.6999998092651,False
A5P12YJP805RG,ns,4,10-2,10.0,2000.0,9.0,908.099999904633,False
A5TWD5QD99GZY,rec,1,10-2,10.0,2000.0,10.0,801.5999999940395,False
A5TWD5QD99GZY,rec,1,10-2,10.0,2000.0,10.0,5057.699999988079,False
A5TWD5QD99GZY,rec,1,10-2,10.0,2000.0,1.0,812.0999999642372,False
A5TWD5QD99GZY,rec,1,10-2,10.0,2000.0,10.0,138.39999997615814,False
A5TWD5QD99GZY,rec,1,10-2,10.0,2000.0,10.0,158.89999997615814,False
A5TWD5QD99GZY,rec,1,10-2,10.0,2000.0,10.0,0.0,True
A5TWD5QD99GZY,rec,1,10-2,10.0,2000.0,6.0,1344.9999999701986,False
A5TWD5QD99GZY,rec,1,10-2,10.0,2000.0,10.0,1518.3999999761581,False
A5TWD5QD99GZY,rec,1,10-2,10.0,2000.0,10.0,865.6999999582772,False
A5TWD5QD99GZY,rec,1,10-2,10.0,2000.0,10.0,991.8999999761581,False
A5TWD5QD99GZY,rec,1,10-2,10.0,2000.0,10.0,898.6999999582772,False
A5TWD5QD99GZY,rec,1,10-2,10.0,2000.0,1.0,76.49999997019768,False
A5TWD5QD99GZY,rec,2,10-2,10.0,2000.0,1.0,1705.199999988079,False
A5TWD5QD99GZY,rec,2,10-2,10.0,2000.0,1.0,501.30000001192093,False
A5TWD5QD99GZY,rec,2,10-2,10.0,2000.0,1.0,5541.100000023842,False
A5TWD5QD99GZY,rec,2,10-2,10.0,2000.0,10.0,701.6999999880791,False
A5TWD5QD99GZY,rec,2,10-2,10.0,2000.0,10.0,651.9000000357628,False
A5TWD5QD99GZY,rec,2,10-2,10.0,2000.0,8.0,260.69999998807907,False
A5TWD5QD99GZY,rec,2,10-2,10.0,2000.0,6.0,0.0,True
A5TWD5QD99GZY,rec,2,10-2,10.0,2000.0,10.0,398.9000000357628,False
A5TWD5QD99GZY,rec,2,10-2,10.0,2000.0,9.0,935.0,False
A5TWD5QD99GZY,rec,2,10-2,10.0,2000.0,10.0,2217.2000000476837,False
A5TWD5QD99GZY,rec,2,10-2,10.0,2000.0,9.0,346.0,False
A5TWD5QD99GZY,rec,2,10-2,10.0,2000.0,10.0,1193.300000011921,False
A5TWD5QD99GZY,rec,3,10-2,10.0,2000.0,10.0,0.0,True
A5TWD5QD99GZY,rec,3,10-2,10.0,2000.0,10.0,609.4000000059609,False
A5TWD5QD99GZY,rec,3,10-2,10.0,2000.0,10.0,611.0,False
A5TWD5QD99GZY,rec,3,10-2,10.0,2000.0,10.0,663.1999999880795,False
A5TWD5QD99GZY,rec,3,10-2,10.0,2000.0,10.0,669.9999999850993,False
A5TWD5QD99GZY,rec,3,10-2,10.0,2000.0,10.0,432.2000000029807,False
A5TWD5QD99GZY,rec,3,10-2,10.0,2000.0,10.0,401.2000000029807,False
A5TWD5QD99GZY,rec,3,10-2,10.0,2000.0,10.0,2657.59999999404,False
A5TWD5QD99GZY,rec,3,10-2,10.0,2000.0,6.0,397.10000000894115,False
A5TWD5QD99GZY,rec,3,10-2,10.0,2000.0,10.0,77.90000000596092,False
A5TWD5QD99GZY,rec,3,10-2,10.0,2000.0,10.0,2860.7000000029807,False
A5TWD5QD99GZY,rec,3,10-2,10.0,2000.0,10.0,727.3999999910602,False
A5TWD5QD99GZY,rec,4,10-2,10.0,2000.0,9.0,0.0,True
A5TWD5QD99GZY,rec,4,10-2,10.0,2000.0,10.0,1498.0,False
A5TWD5QD99GZY,rec,4,10-2,10.0,2000.0,10.0,1405.6000000238419,False
A5TWD5QD99GZY,rec,4,10-2,10.0,2000.0,6.0,1058.0,False
A5TWD5QD99GZY,rec,4,10-2,10.0,2000.0,6.0,1808.800000011921,False
A5TWD5QD99GZY,rec,4,10-2,10.0,2000.0,9.0,700.8000000119209,False
A5TWD5QD99GZY,rec,4,10-2,10.0,2000.0,10.0,623.5,False
A5TWD5QD99GZY,rec,4,10-2,10.0,2000.0,9.0,1767.300000011921,False
A5TWD5QD99GZY,rec,4,10-2,10.0,2000.0,10.0,797.3000000119209,False
A5TWD5QD99GZY,rec,4,10-2,10.0,2000.0,10.0,510.69999998807907,False
A5TWD5QD99GZY,rec,4,10-2,10.0,2000.0,9.0,790.3000000119209,False
A5TWD5QD99GZY,rec,4,10-2,10.0,2000.0,7.0,925.0,False
A63UHNWYOV5LE,ns,1,10-2,10.0,2000.0,1.0,0.0,True
A63UHNWYOV5LE,ns,1,10-2,10.0,2000.0,10.0,8975.0,False
A63UHNWYOV5LE,ns,1,10-2,10.0,2000.0,7.0,3069.0,False
A63UHNWYOV5LE,ns,1,10-2,10.0,2000.0,1.0,4562.0,False
A63UHNWYOV5LE,ns,1,10-2,10.0,2000.0,5.0,54497.0,False
A63UHNWYOV5LE,ns,1,10-2,10.0,2000.0,10.0,13560.0,False
A63UHNWYOV5LE,ns,1,10-2,10.0,2000.0,3.0,3619.0,False
A63UHNWYOV5LE,ns,1,10-2,10.0,2000.0,9.0,3298.0,False
A63UHNWYOV5LE,ns,1,10-2,10.0,2000.0,1.0,1958.0,False
A63UHNWYOV5LE,ns,1,10-2,10.0,2000.0,1.0,1387.0,False
A63UHNWYOV5LE,ns,1,10-2,10.0,2000.0,2.0,9433.0,False
A63UHNWYOV5LE,ns,2,10-2,10.0,2000.0,7.0,0.0,True
A63UHNWYOV5LE,ns,2,10-2,10.0,2000.0,1.0,59.0,False
A63UHNWYOV5LE,ns,2,10-2,10.0,2000.0,5.0,1394.0,False
A63UHNWYOV5LE,ns,2,10-2,10.0,2000.0,1.0,2384.0,False
A63UHNWYOV5LE,ns,2,10-2,10.0,2000.0,10.0,548.0,False
A63UHNWYOV5LE,ns,2,10-2,10.0,2000.0,1.0,25978.0,False
A63UHNWYOV5LE,ns,2,10-2,10.0,2000.0,2.0,198.0,False
A63UHNWYOV5LE,ns,2,10-2,10.0,2000.0,2.0,4599.0,False
A63UHNWYOV5LE,ns,2,10-2,10.0,2000.0,4.0,6145.0,False
A63UHNWYOV5LE,ns,2,10-2,10.0,2000.0,1.0,1960.0,False
A63UHNWYOV5LE,ns,2,10-2,10.0,2000.0,6.0,10710.0,False
A63UHNWYOV5LE,ns,3,10-2,10.0,2000.0,1.0,4336.0,False
A63UHNWYOV5LE,ns,3,10-2,10.0,2000.0,10.0,3349.0,False
A63UHNWYOV5LE,ns,3,10-2,10.0,2000.0,8.0,2553.0,False
A63UHNWYOV5LE,ns,3,10-2,10.0,2000.0,1.0,4152.0,False
A63UHNWYOV5LE,ns,3,10-2,10.0,2000.0,2.0,20565.0,False
A63UHNWYOV5LE,ns,3,10-2,10.0,2000.0,2.0,1360.0,False
A63UHNWYOV5LE,ns,3,10-2,10.0,2000.0,5.0,0.0,True
A6HDSE80LQPR8,rec,1,15-2,15.0,2000.0,15.0,4002.0,False
A6HDSE80LQPR8,rec,1,15-2,15.0,2000.0,1.0,6780.0,False
A6HDSE80LQPR8,rec,1,15-2,15.0,2000.0,15.0,4009.0,False
A6HDSE80LQPR8,rec,1,15-2,15.0,2000.0,1.0,3671.0,False
A6HDSE80LQPR8,rec,1,15-2,15.0,2000.0,15.0,483.0,False
A6HDSE80LQPR8,rec,1,15-2,15.0,2000.0,15.0,916.0,False
A6HDSE80LQPR8,rec,1,15-2,15.0,2000.0,14.0,2066.0,False
A6HDSE80LQPR8,rec,1,15-2,15.0,2000.0,15.0,692.0,False
A6HDSE80LQPR8,rec,1,15-2,15.0,2000.0,15.0,670.0,False
A6HDSE80LQPR8,rec,1,15-2,15.0,2000.0,15.0,0.0,True
A6HDSE80LQPR8,rec,2,15-2,15.0,2000.0,1.0,604.0,False
A6HDSE80LQPR8,rec,2,15-2,15.0,2000.0,14.0,2613.0,False
A6HDSE80LQPR8,rec,2,15-2,15.0,2000.0,1.0,415.0,False
A6HDSE80LQPR8,rec,2,15-2,15.0,2000.0,11.0,2926.0,False
A6HDSE80LQPR8,rec,2,15-2,15.0,2000.0,15.0,128.0,False
A6HDSE80LQPR8,rec,2,15-2,15.0,2000.0,15.0,794.0,False
A6HDSE80LQPR8,rec,2,15-2,15.0,2000.0,13.0,325.0,False
A6HDSE80LQPR8,rec,2,15-2,15.0,2000.0,12.0,0.0,True
A6HDSE80LQPR8,rec,2,15-2,15.0,2000.0,14.0,958.0,False
A6HDSE80LQPR8,rec,2,15-2,15.0,2000.0,12.0,550.0,False
A6HDSE80LQPR8,rec,2,15-2,15.0,2000.0,15.0,1254.0,False
A6HDSE80LQPR8,rec,2,15-2,15.0,2000.0,14.0,238.0,False
A7R1OLLU1Z6RA,rec,1,20-1,20.0,1000.0,15.0,663.6000001430511,False
A7R1OLLU1Z6RA,rec,1,20-1,20.0,1000.0,7.0,2299.4999999999995,False
A7R1OLLU1Z6RA,rec,1,20-1,20.0,1000.0,20.0,4188.700000047684,False
A7R1OLLU1Z6RA,rec,1,20-1,20.0,1000.0,19.0,0.0,True
A7R1OLLU1Z6RA,rec,1,20-1,20.0,1000.0,18.0,1011.5000002384181,False
A7R1OLLU1Z6RA,rec,1,20-1,20.0,1000.0,18.0,911.2000000476828,False
A7R1OLLU1Z6RA,rec,1,20-1,20.0,1000.0,16.0,296.400000095367,False
A7R1OLLU1Z6RA,rec,1,20-1,20.0,1000.0,19.0,700.400000095367,False
A7R1OLLU1Z6RA,rec,1,20-1,20.0,1000.0,20.0,1040.6000001430511,False
A7R1OLLU1Z6RA,rec,1,20-1,20.0,1000.0,19.0,392.0,False
A7R1OLLU1Z6RA,rec,1,20-1,20.0,1000.0,18.0,1112.599999904632,False
A7R1OLLU1Z6RA,rec,1,20-1,20.0,1000.0,18.0,396.10000014305115,False
A7R1OLLU1Z6RA,rec,2,20-1,20.0,1000.0,19.0,0.0,True
A7R1OLLU1Z6RA,rec,2,20-1,20.0,1000.0,19.0,1812.7000000476842,False
A7R1OLLU1Z6RA,rec,2,20-1,20.0,1000.0,19.0,1439.6000001430511,False
A7R1OLLU1Z6RA,rec,2,20-1,20.0,1000.0,19.0,1229.9000000953674,False
A7R1OLLU1Z6RA,rec,2,20-1,20.0,1000.0,20.0,935.4000000953674,False
A7R1OLLU1Z6RA,rec,2,20-1,20.0,1000.0,19.0,1183.6000001430511,False
A7R1OLLU1Z6RA,rec,2,20-1,20.0,1000.0,19.0,1006.5,False
A7R1OLLU1Z6RA,rec,2,20-1,20.0,1000.0,20.0,984.599999904633,False
A7R1OLLU1Z6RA,rec,2,20-1,20.0,1000.0,18.0,2839.4000000953674,False
A7R1OLLU1Z6RA,rec,2,20-1,20.0,1000.0,20.0,3178.100000143051,False
A7R1OLLU1Z6RA,rec,2,20-1,20.0,1000.0,20.0,801.5,False
A7R1OLLU1Z6RA,rec,2,20-1,20.0,1000.0,20.0,1246.5,False
A7R1OLLU1Z6RA,rec,3,20-1,20.0,1000.0,18.0,1070.5,False
A7R1OLLU1Z6RA,rec,3,20-1,20.0,1000.0,16.0,647.0,False
A7R1OLLU1Z6RA,rec,3,20-1,20.0,1000.0,18.0,338.40000009536743,False
A7R1OLLU1Z6RA,rec,3,20-1,20.0,1000.0,20.0,1443.7999999523163,False
A7R1OLLU1Z6RA,rec,3,20-1,20.0,1000.0,20.0,864.0,False
A7R1OLLU1Z6RA,rec,3,20-1,20.0,1000.0,20.0,970.0,False
A7R1OLLU1Z6RA,rec,3,20-1,20.0,1000.0,18.0,380.30000019073486,False
A7R1OLLU1Z6RA,rec,3,20-1,20.0,1000.0,20.0,0.0,True
A7R1OLLU1Z6RA,rec,3,20-1,20.0,1000.0,20.0,765.3000001907349,False
A7R1OLLU1Z6RA,rec,3,20-1,20.0,1000.0,19.0,450.20000004768417,False
A7R1OLLU1Z6RA,rec,3,20-1,20.0,1000.0,20.0,682.7999999523163,False
A7R1OLLU1Z6RA,rec,4,20-1,20.0,1000.0,18.0,239.90000000596046,False
A7R1OLLU1Z6RA,rec,4,20-1,20.0,1000.0,18.0,1478.0000000298023,False
A7R1OLLU1Z6RA,rec,4,20-1,20.0,1000.0,19.0,1439.800000011921,False
A7R1OLLU1Z6RA,rec,4,20-1,20.0,1000.0,18.0,850.4000000059609,False
A7R1OLLU1Z6RA,rec,4,20-1,20.0,1000.0,12.0,724.7000000178814,False
A7R1OLLU1Z6RA,rec,4,20-1,20.0,1000.0,18.0,839.6000000238419,False
A7R1OLLU1Z6RA,rec,4,20-1,20.0,1000.0,20.0,0.0,True
A7R1OLLU1Z6RA,rec,4,20-1,20.0,1000.0,18.0,97.5,False
A7R1OLLU1Z6RA,rec,4,20-1,20.0,1000.0,19.0,886.3000000119209,False
A7R1OLLU1Z6RA,rec,4,20-1,20.0,1000.0,19.0,607.8000000119209,False
A7R1OLLU1Z6RA,rec,4,20-1,20.0,1000.0,20.0,271.59999999403954,False
A7USTT4KU1ZBO,ns,1,30-1,30.0,1000.0,2.0,7026.5,False
A7USTT4KU1ZBO,ns,1,30-1,30.0,1000.0,8.0,3532.2000000476837,False
A7USTT4KU1ZBO,ns,1,30-1,30.0,1000.0,2.0,7355.299999952316,False
A7USTT4KU1ZBO,ns,1,30-1,30.0,1000.0,1.0,3180.5,False
A7USTT4KU1ZBO,ns,1,30-1,30.0,1000.0,1.0,3598.2000000476837,False
A7USTT4KU1ZBO,ns,1,30-1,30.0,1000.0,16.0,3128.399999856949,False
A7USTT4KU1ZBO,ns,1,30-1,30.0,1000.0,7.0,1650.3999998569489,False
A7USTT4KU1ZBO,ns,1,30-1,30.0,1000.0,28.0,0.0,True
A7USTT4KU1ZBO,ns,1,30-1,30.0,1000.0,1.0,1869.5,False
A7USTT4KU1ZBO,ns,1,30-1,30.0,1000.0,2.0,5890.5,False
A7USTT4KU1ZBO,ns,2,30-1,30.0,1000.0,3.0,0.0,True
A7USTT4KU1ZBO,ns,2,30-1,30.0,1000.0,4.0,1345.1999999284744,False
A7USTT4KU1ZBO,ns,2,30-1,30.0,1000.0,3.0,3457.2999999523163,False
A7USTT4KU1ZBO,ns,2,30-1,30.0,1000.0,5.0,13987.80000007153,False
A7USTT4KU1ZBO,ns,2,30-1,30.0,1000.0,1.0,11945.79999995232,False
A7USTT4KU1ZBO,ns,2,30-1,30.0,1000.0,1.0,17995.10000002384,False
A7USTT4KU1ZBO,ns,2,30-1,30.0,1000.0,11.0,5713.100000023842,False
A7USTT4KU1ZBO,ns,2,30-1,30.0,1000.0,7.0,4790.200000047684,False
A7USTT4KU1ZBO,ns,2,30-1,30.0,1000.0,5.0,6323.800000071526,False
A7USTT4KU1ZBO,ns,3,30-1,30.0,1000.0,13.0,0.0,True
A7USTT4KU1ZBO,ns,3,30-1,30.0,1000.0,29.0,10536.90000000596,False
A7USTT4KU1ZBO,ns,3,30-1,30.0,1000.0,4.0,5994.399999976158,False
A7USTT4KU1ZBO,ns,3,30-1,30.0,1000.0,30.0,12005.40000000596,False
A7USTT4KU1ZBO,ns,3,30-1,30.0,1000.0,30.0,7599.5,False
A7USTT4KU1ZBO,ns,3,30-1,30.0,1000.0,1.0,5212.300000011921,False
A7USTT4KU1ZBO,ns,3,30-1,30.0,1000.0,29.0,7591.0999999940395,False
A7USTT4KU1ZBO,ns,3,30-1,30.0,1000.0,18.0,10213.5,False
A7USTT4KU1ZBO,ns,4,30-1,30.0,1000.0,30.0,5117.799999952316,False
A7USTT4KU1ZBO,ns,4,30-1,30.0,1000.0,27.0,9702.700000047684,False
A7USTT4KU1ZBO,ns,4,30-1,30.0,1000.0,2.0,1332.1000000238419,False
A7USTT4KU1ZBO,ns,4,30-1,30.0,1000.0,30.0,1501.2999999523163,False
A7USTT4KU1ZBO,ns,4,30-1,30.0,1000.0,1.0,8305.599999904633,False
A7USTT4KU1ZBO,ns,4,30-1,30.0,1000.0,26.0,2396.0999999046326,False
A7USTT4KU1ZBO,ns,4,30-1,30.0,1000.0,26.0,0.0,True
A7USTT4KU1ZBO,ns,4,30-1,30.0,1000.0,27.0,821.3999999761581,False
A7USTT4KU1ZBO,ns,4,30-1,30.0,1000.0,3.0,4156.899999976158,False
A7USTT4KU1ZBO,ns,4,30-1,30.0,1000.0,1.0,7603.200000047684,False
A7USTT4KU1ZBO,ns,4,30-1,30.0,1000.0,4.0,512.7999999523163,False
A92KVBM20ZTU4,rec,1,40-1,40.0,1000.0,40.0,0.0,True
A92KVBM20ZTU4,rec,1,40-1,40.0,1000.0,40.0,9190.400000035763,False
A92KVBM20ZTU4,rec,1,40-1,40.0,1000.0,40.0,7380.999999999998,False
A92KVBM20ZTU4,rec,1,40-1,40.0,1000.0,39.0,9111.600000023844,False
A92KVBM20ZTU4,rec,1,40-1,40.0,1000.0,39.0,3525.599999964237,False
A92KVBM20ZTU4,rec,1,40-1,40.0,1000.0,40.0,5999.099999964237,False
A92KVBM20ZTU4,rec,1,40-1,40.0,1000.0,35.0,4340.100000023842,False
A92KVBM20ZTU4,rec,1,40-1,40.0,1000.0,39.0,5036.300000011921,False
A92KVBM20ZTU4,rec,1,40-1,40.0,1000.0,40.0,3883.5,False
A92KVBM20ZTU4,rec,1,40-1,40.0,1000.0,39.0,44151.10000002384,False
A92KVBM20ZTU4,rec,1,40-1,40.0,1000.0,40.0,8202.800000011921,False
A92KVBM20ZTU4,rec,1,40-1,40.0,1000.0,39.0,4224.100000023842,False
A92KVBM20ZTU4,rec,2,40-1,40.0,1000.0,39.0,4359.300000011921,False
A92KVBM20ZTU4,rec,2,40-1,40.0,1000.0,40.0,1493.0,False
A92KVBM20ZTU4,rec,2,40-1,40.0,1000.0,40.0,1636.1000000238419,False
A92KVBM20ZTU4,rec,2,40-1,40.0,1000.0,40.0,1676.0,False
A92KVBM20ZTU4,rec,2,40-1,40.0,1000.0,40.0,1862.5999999642372,False
A92KVBM20ZTU4,rec,2,40-1,40.0,1000.0,38.0,348.99999994039536,False
A92KVBM20ZTU4,rec,2,40-1,40.0,1000.0,40.0,1013.8999999761581,False
A92KVBM20ZTU4,rec,2,40-1,40.0,1000.0,40.0,755.0,False
A92KVBM20ZTU4,rec,2,40-1,40.0,1000.0,38.0,1797.2999999523163,False
A92KVBM20ZTU4,rec,2,40-1,40.0,1000.0,39.0,0.0,True
A92KVBM20ZTU4,rec,2,40-1,40.0,1000.0,40.0,1731.2999999523163,False
A92KVBM20ZTU4,rec,3,40-1,40.0,1000.0,39.0,1168.2000000476837,False
A92KVBM20ZTU4,rec,3,40-1,40.0,1000.0,39.0,8207.5,False
A92KVBM20ZTU4,rec,3,40-1,40.0,1000.0,40.0,1968.5,False
A92KVBM20ZTU4,rec,3,40-1,40.0,1000.0,40.0,3851.800000190735,False
A92KVBM20ZTU4,rec,3,40-1,40.0,1000.0,39.0,6211.0,False
A92KVBM20ZTU4,rec,3,40-1,40.0,1000.0,40.0,0.0,True
A92KVBM20ZTU4,rec,3,40-1,40.0,1000.0,39.0,941.3999998569489,False
A92KVBM20ZTU4,rec,3,40-1,40.0,1000.0,40.0,60.40000009536743,False
AAF1SJ9FCBF75,rec,1,40-1,40.0,1000.0,13.0,126.0,False
AAF1SJ9FCBF75,rec,1,40-1,40.0,1000.0,40.0,1300.0,False
AAF1SJ9FCBF75,rec,1,40-1,40.0,1000.0,34.0,0.0,True
AAF1SJ9FCBF75,rec,1,40-1,40.0,1000.0,38.0,1659.0,False
AAF1SJ9FCBF75,rec,1,40-1,40.0,1000.0,39.0,14.0,False
AAF1SJ9FCBF75,rec,1,40-1,40.0,1000.0,38.0,1687.0,False
AAF1SJ9FCBF75,rec,1,40-1,40.0,1000.0,40.0,660.0,False
AAF1SJ9FCBF75,rec,1,40-1,40.0,1000.0,37.0,273.0,False
AAF1SJ9FCBF75,rec,1,40-1,40.0,1000.0,38.0,25.0,False
AAF1SJ9FCBF75,rec,1,40-1,40.0,1000.0,38.0,978.0,False
AAF1SJ9FCBF75,rec,1,40-1,40.0,1000.0,38.0,121.0,False
AAF1SJ9FCBF75,rec,2,40-1,40.0,1000.0,39.0,0.0,True
AAF1SJ9FCBF75,rec,2,40-1,40.0,1000.0,39.0,4398.0,False
AAF1SJ9FCBF75,rec,2,40-1,40.0,1000.0,39.0,1370.0,False
AAF1SJ9FCBF75,rec,2,40-1,40.0,1000.0,35.0,1705.0,False
AAF1SJ9FCBF75,rec,2,40-1,40.0,1000.0,39.0,2588.0,False
AAF1SJ9FCBF75,rec,2,40-1,40.0,1000.0,39.0,5895.0,False
AAF1SJ9FCBF75,rec,2,40-1,40.0,1000.0,38.0,1683.0,False
AAF1SJ9FCBF75,rec,2,40-1,40.0,1000.0,39.0,6040.0,False
AAF1SJ9FCBF75,rec,2,40-1,40.0,1000.0,39.0,2297.0,False
AAF1SJ9FCBF75,rec,2,40-1,40.0,1000.0,38.0,2275.0,False
AAF1SJ9FCBF75,rec,2,40-1,40.0,1000.0,38.0,3167.0,False
AAF1SJ9FCBF75,rec,3,40-1,40.0,1000.0,39.0,0.0,True
AAF1SJ9FCBF75,rec,3,40-1,40.0,1000.0,39.0,1180.0,False
AAF1SJ9FCBF75,rec,3,40-1,40.0,1000.0,39.0,1228.0,False
AAF1SJ9FCBF75,rec,3,40-1,40.0,1000.0,39.0,1393.0,False
AAF1SJ9FCBF75,rec,3,40-1,40.0,1000.0,35.0,1278.0,False
AAF1SJ9FCBF75,rec,3,40-1,40.0,1000.0,38.0,5812.0,False
AAF1SJ9FCBF75,rec,3,40-1,40.0,1000.0,38.0,534.0,False
AAF1SJ9FCBF75,rec,3,40-1,40.0,1000.0,38.0,777.0,False
AAF1SJ9FCBF75,rec,3,40-1,40.0,1000.0,37.0,779.0,False
AAF1SJ9FCBF75,rec,3,40-1,40.0,1000.0,38.0,1338.0,False
AAF1SJ9FCBF75,rec,3,40-1,40.0,1000.0,38.0,6603.0,False
AAF1SJ9FCBF75,rec,4,40-1,40.0,1000.0,38.0,0.0,True
AAF1SJ9FCBF75,rec,4,40-1,40.0,1000.0,37.0,2890.0,False
AAF1SJ9FCBF75,rec,4,40-1,40.0,1000.0,38.0,1432.0,False
AAF1SJ9FCBF75,rec,4,40-1,40.0,1000.0,40.0,2960.0,False
AAF1SJ9FCBF75,rec,4,40-1,40.0,1000.0,37.0,1846.0,False
AAF1SJ9FCBF75,rec,4,40-1,40.0,1000.0,39.0,3008.0,False
AAF1SJ9FCBF75,rec,4,40-1,40.0,1000.0,38.0,1733.0,False
AAF1SJ9FCBF75,rec,4,40-1,40.0,1000.0,39.0,772.0,False
AAF1SJ9FCBF75,rec,4,40-1,40.0,1000.0,38.0,857.0,False
AAF1SJ9FCBF75,rec,4,40-1,40.0,1000.0,40.0,2005.0,False
AAF1SJ9FCBF75,rec,4,40-1,40.0,1000.0,38.0,1468.0,False
AAF1SJ9FCBF75,rec,4,40-1,40.0,1000.0,39.0,5183.0,False
AAOOH6P4HHSCS,prim,1,15-2,15.0,2000.0,1.0,3523.5000000596046,False
AAOOH6P4HHSCS,prim,1,15-2,15.0,2000.0,1.0,3029.300000011921,False
AAOOH6P4HHSCS,prim,1,15-2,15.0,2000.0,1.0,3811.499999999998,False
AAOOH6P4HHSCS,prim,1,15-2,15.0,2000.0,1.0,0.0,True
AAOOH6P4HHSCS,prim,1,15-2,15.0,2000.0,1.0,12.900000035762787,False
AAOOH6P4HHSCS,prim,1,15-2,15.0,2000.0,1.0,8948.400000035763,False
AAOOH6P4HHSCS,prim,1,15-2,15.0,2000.0,1.0,51819.200000047684,False
AAOOH6P4HHSCS,prim,1,15-2,15.0,2000.0,1.0,7385.900000035763,False
AAOOH6P4HHSCS,prim,1,15-2,15.0,2000.0,1.0,4675.300000071527,False
AAOOH6P4HHSCS,prim,1,15-2,15.0,2000.0,1.0,3573.200000047682,False
AAOOH6P4HHSCS,prim,2,15-2,15.0,2000.0,1.0,470.6999999284744,False
AAOOH6P4HHSCS,prim,2,15-2,15.0,2000.0,1.0,743.6999999284744,False
AAOOH6P4HHSCS,prim,2,15-2,15.0,2000.0,2.0,1228.1000000238419,False
AAOOH6P4HHSCS,prim,2,15-2,15.0,2000.0,1.0,6155.599999904633,False
AAOOH6P4HHSCS,prim,2,15-2,15.0,2000.0,1.0,0.0,True
AAOOH6P4HHSCS,prim,2,15-2,15.0,2000.0,3.0,4270.299999952316,False
AAOOH6P4HHSCS,prim,2,15-2,15.0,2000.0,2.0,10362.299999952316,False
AAOOH6P4HHSCS,prim,2,15-2,15.0,2000.0,1.0,1457.3999999761581,False
AAOOH6P4HHSCS,prim,3,15-2,15.0,2000.0,1.0,0.0,True
AAOOH6P4HHSCS,prim,3,15-2,15.0,2000.0,2.0,3902.299999952316,False
AAOOH6P4HHSCS,prim,3,15-2,15.0,2000.0,1.0,5184.899999856949,False
AAOOH6P4HHSCS,prim,3,15-2,15.0,2000.0,1.0,5600.199999928474,False
AAOOH6P4HHSCS,prim,3,15-2,15.0,2000.0,9.0,4468.599999904633,False
AAOOH6P4HHSCS,prim,3,15-2,15.0,2000.0,2.0,3517.9999998807903,False
AAOOH6P4HHSCS,prim,3,15-2,15.0,2000.0,1.0,4142.799999952316,False
AAOOH6P4HHSCS,prim,3,15-2,15.0,2000.0,1.0,1878.599999904632,False
AAOOH6P4HHSCS,prim,3,15-2,15.0,2000.0,1.0,3355.8999999761577,False
AAOOH6P4HHSCS,prim,3,15-2,15.0,2000.0,1.0,1966.599999904632,False
AAOOH6P4HHSCS,prim,3,15-2,15.0,2000.0,1.0,2093.099999904632,False
AAOOH6P4HHSCS,prim,3,15-2,15.0,2000.0,2.0,3836.2000000476833,False
AAOOH6P4HHSCS,prim,4,15-2,15.0,2000.0,1.0,0.0,True
AAOOH6P4HHSCS,prim,4,15-2,15.0,2000.0,5.0,10983.100000023842,False
AAOOH6P4HHSCS,prim,4,15-2,15.0,2000.0,1.0,2459.399999976158,False
AAOOH6P4HHSCS,prim,4,15-2,15.0,2000.0,1.0,7477.200000047684,False
AAOOH6P4HHSCS,prim,4,15-2,15.0,2000.0,2.0,8238.200000047684,False
AAOOH6P4HHSCS,prim,4,15-2,15.0,2000.0,3.0,6962.400000095367,False
AAOOH6P4HHSCS,prim,4,15-2,15.0,2000.0,2.0,3195.2000000476837,False
AAOOH6P4HHSCS,prim,4,15-2,15.0,2000.0,1.0,5318.400000095367,False
AAVFHZA708CSP,ns,1,40-1,40.0,1000.0,28.0,0.0,True
AAVFHZA708CSP,ns,1,40-1,40.0,1000.0,18.0,4285.0,False
AAVFHZA708CSP,ns,1,40-1,40.0,1000.0,39.0,5961.0,False
AAVFHZA708CSP,ns,1,40-1,40.0,1000.0,39.0,4644.0,False
AAVFHZA708CSP,ns,1,40-1,40.0,1000.0,38.0,2860.0,False
AAVFHZA708CSP,ns,1,40-1,40.0,1000.0,38.0,5233.0,False
AAVFHZA708CSP,ns,1,40-1,40.0,1000.0,37.0,4115.0,False
AAVFHZA708CSP,ns,1,40-1,40.0,1000.0,39.0,3810.0,False
AAVFHZA708CSP,ns,2,40-1,40.0,1000.0,1.0,462.0,False
AAVFHZA708CSP,ns,2,40-1,40.0,1000.0,1.0,3583.0,False
AAVFHZA708CSP,ns,2,40-1,40.0,1000.0,1.0,1984.0,False
AAVFHZA708CSP,ns,2,40-1,40.0,1000.0,1.0,1623.0,False
AAVFHZA708CSP,ns,2,40-1,40.0,1000.0,1.0,6406.0,False
AAVFHZA708CSP,ns,2,40-1,40.0,1000.0,1.0,1894.0,False
AAVFHZA708CSP,ns,2,40-1,40.0,1000.0,25.0,3492.0,False
AAVFHZA708CSP,ns,2,40-1,40.0,1000.0,1.0,0.0,True
AAVFHZA708CSP,ns,2,40-1,40.0,1000.0,2.0,5638.0,False
AAVFHZA708CSP,ns,2,40-1,40.0,1000.0,1.0,1495.0,False
AAVFHZA708CSP,ns,3,40-1,40.0,1000.0,1.0,6269.0,False
AAVFHZA708CSP,ns,3,40-1,40.0,1000.0,39.0,5290.0,False
AAVFHZA708CSP,ns,3,40-1,40.0,1000.0,39.0,4272.0,False
AAVFHZA708CSP,ns,3,40-1,40.0,1000.0,40.0,11939.0,False
AAVFHZA708CSP,ns,3,40-1,40.0,1000.0,39.0,2944.0,False
AAVFHZA708CSP,ns,3,40-1,40.0,1000.0,40.0,0.0,True
AAVFHZA708CSP,ns,3,40-1,40.0,1000.0,39.0,6522.0,False
AAVFHZA708CSP,ns,3,40-1,40.0,1000.0,40.0,5921.0,False
AAVFHZA708CSP,ns,3,40-1,40.0,1000.0,39.0,1576.0,False
AAVFHZA708CSP,ns,4,40-1,40.0,1000.0,1.0,11340.0,False
AAVFHZA708CSP,ns,4,40-1,40.0,1000.0,18.0,3726.0,False
AAVFHZA708CSP,ns,4,40-1,40.0,1000.0,3.0,2792.0,False
AAVFHZA708CSP,ns,4,40-1,40.0,1000.0,1.0,0.0,True
AAVFHZA708CSP,ns,4,40-1,40.0,1000.0,1.0,5299.0,False
AAVFHZA708CSP,ns,4,40-1,40.0,1000.0,1.0,2029.0,False
AAVFHZA708CSP,ns,4,40-1,40.0,1000.0,1.0,3218.0,False
AAVFHZA708CSP,ns,4,40-1,40.0,1000.0,1.0,4375.0,False
AB5WBMZGLX57B,ns,1,30-1,30.0,1000.0,1.0,0.0,True
AB5WBMZGLX57B,ns,1,30-1,30.0,1000.0,29.0,4939.0,False
AB5WBMZGLX57B,ns,1,30-1,30.0,1000.0,30.0,5012.0,False
AB5WBMZGLX57B,ns,1,30-1,30.0,1000.0,30.0,4202.0,False
AB5WBMZGLX57B,ns,1,30-1,30.0,1000.0,30.0,6600.0,False
AB5WBMZGLX57B,ns,1,30-1,30.0,1000.0,30.0,4808.0,False
AB5WBMZGLX57B,ns,1,30-1,30.0,1000.0,30.0,2562.0,False
AB5WBMZGLX57B,ns,1,30-1,30.0,1000.0,30.0,5140.0,False
AB5WBMZGLX57B,ns,1,30-1,30.0,1000.0,26.0,5066.0,False
AB5WBMZGLX57B,ns,1,30-1,30.0,1000.0,29.0,2460.0,False
AB5WBMZGLX57B,ns,2,30-1,30.0,1000.0,1.0,231.0,False
AB5WBMZGLX57B,ns,2,30-1,30.0,1000.0,28.0,17212.0,False
AB5WBMZGLX57B,ns,2,30-1,30.0,1000.0,29.0,0.0,True
AB5WBMZGLX57B,ns,2,30-1,30.0,1000.0,29.0,2290.0,False
AB5WBMZGLX57B,ns,3,30-1,30.0,1000.0,1.0,0.0,True
AB5WBMZGLX57B,ns,3,30-1,30.0,1000.0,28.0,9792.0,False
AB5WBMZGLX57B,ns,3,30-1,30.0,1000.0,25.0,12533.0,False
AB5WBMZGLX57B,ns,3,30-1,30.0,1000.0,21.0,7243.0,False
AB5WBMZGLX57B,ns,3,30-1,30.0,1000.0,1.0,11301.0,False
AB5WBMZGLX57B,ns,3,30-1,30.0,1000.0,1.0,9160.0,False
AB5WBMZGLX57B,ns,4,30-1,30.0,1000.0,29.0,0.0,True
AB5WBMZGLX57B,ns,4,30-1,30.0,1000.0,29.0,4342.0,False
AB5WBMZGLX57B,ns,4,30-1,30.0,1000.0,30.0,2724.0,False
AB5WBMZGLX57B,ns,4,30-1,30.0,1000.0,29.0,2790.0,False
AB5WBMZGLX57B,ns,4,30-1,30.0,1000.0,30.0,6248.0,False
AB5WBMZGLX57B,ns,4,30-1,30.0,1000.0,15.0,6670.0,False
AB5WBMZGLX57B,ns,4,30-1,30.0,1000.0,29.0,3419.0,False
AB5WBMZGLX57B,ns,4,30-1,30.0,1000.0,29.0,3273.0,False
AB5WBMZGLX57B,ns,4,30-1,30.0,1000.0,30.0,6092.0,False
ACBROX4H8BSW3,rec,1,30-1,30.0,1000.0,30.0,0.0,True
ACBROX4H8BSW3,rec,1,30-1,30.0,1000.0,30.0,2542.199999999255,False
ACBROX4H8BSW3,rec,1,30-1,30.0,1000.0,28.0,4577.89999999851,False
ACBROX4H8BSW3,rec,1,30-1,30.0,1000.0,30.0,2419.0,False
ACBROX4H8BSW3,rec,1,30-1,30.0,1000.0,30.0,2816.89999999851,False
ACBROX4H8BSW3,rec,1,30-1,30.0,1000.0,29.0,2794.199999999255,False
ACBROX4H8BSW3,rec,1,30-1,30.0,1000.0,30.0,5201.70000000298,False
ACBROX4H8BSW3,rec,1,30-1,30.0,1000.0,30.0,6189.60000000149,False
ACBROX4H8BSW3,rec,1,30-1,30.0,1000.0,30.0,5072.400000002235,False
ACBROX4H8BSW3,rec,1,30-1,30.0,1000.0,29.0,7210.699999999255,False
ACBROX4H8BSW3,rec,1,30-1,30.0,1000.0,30.0,18111.20000000298,False
ACBROX4H8BSW3,rec,1,30-1,30.0,1000.0,29.0,16521.499999999996,False
ACBROX4H8BSW3,rec,2,30-1,30.0,1000.0,29.0,0.0,True
ACBROX4H8BSW3,rec,2,30-1,30.0,1000.0,30.0,7752.400000035763,False
ACBROX4H8BSW3,rec,2,30-1,30.0,1000.0,30.0,4542.600000023842,False
ACBROX4H8BSW3,rec,2,30-1,30.0,1000.0,29.0,6953.800000011921,False
ACBROX4H8BSW3,rec,2,30-1,30.0,1000.0,30.0,5230.800000011921,False
ACBROX4H8BSW3,rec,2,30-1,30.0,1000.0,30.0,4048.599999964237,False
ACBROX4H8BSW3,rec,2,30-1,30.0,1000.0,30.0,1396.7000000476837,False
ACBROX4H8BSW3,rec,2,30-1,30.0,1000.0,30.0,4113.699999988079,False
ACBROX4H8BSW3,rec,2,30-1,30.0,1000.0,30.0,2097.699999988079,False
ACBROX4H8BSW3,rec,2,30-1,30.0,1000.0,30.0,5244.0,False
ADGJXUEMPLTMS,prim,1,15-2,15.0,2000.0,4.0,0.0,True
ADGJXUEMPLTMS,prim,1,15-2,15.0,2000.0,1.0,8164.200000286102,False
ADGJXUEMPLTMS,prim,1,15-2,15.0,2000.0,7.0,6032.400000095367,False
ADGJXUEMPLTMS,prim,1,15-2,15.0,2000.0,2.0,9781.200000286102,False
ADGJXUEMPLTMS,prim,1,15-2,15.0,2000.0,1.0,1812.9000005722046,False
ADGJXUEMPLTMS,prim,1,15-2,15.0,2000.0,4.0,411.5,False
ADGJXUEMPLTMS,prim,1,15-2,15.0,2000.0,8.0,5940.500000476837,False
ADGJXUEMPLTMS,prim,1,15-2,15.0,2000.0,1.0,6972.10000038147,False
ADGJXUEMPLTMS,prim,1,15-2,15.0,2000.0,1.0,4926.800000667572,False
ADGJXUEMPLTMS,prim,1,15-2,15.0,2000.0,1.0,3603.800000190733,False
ADGJXUEMPLTMS,prim,1,15-2,15.0,2000.0,4.0,3436.2000002861023,False
ADGJXUEMPLTMS,prim,2,15-2,15.0,2000.0,6.0,4297.700000762939,False
ADGJXUEMPLTMS,prim,2,15-2,15.0,2000.0,7.0,4989.000000476837,False
ADGJXUEMPLTMS,prim,2,15-2,15.0,2000.0,1.0,4350.000000476837,False
ADGJXUEMPLTMS,prim,2,15-2,15.0,2000.0,4.0,5128.800000667572,False
ADGJXUEMPLTMS,prim,2,15-2,15.0,2000.0,1.0,0.0,True
ADGJXUEMPLTMS,prim,2,15-2,15.0,2000.0,1.0,4649.900000572206,False
ADGJXUEMPLTMS,prim,2,15-2,15.0,2000.0,4.0,6410.60000038147,False
ADGJXUEMPLTMS,prim,2,15-2,15.0,2000.0,5.0,5349.400000572206,False
ADGJXUEMPLTMS,prim,2,15-2,15.0,2000.0,3.0,2927.4000000953674,False
ADGJXUEMPLTMS,prim,2,15-2,15.0,2000.0,1.0,5185.900000572206,False
ADGJXUEMPLTMS,prim,2,15-2,15.0,2000.0,2.0,5879.200000286102,False
ADGJXUEMPLTMS,prim,3,15-2,15.0,2000.0,3.0,559.0,False
ADGJXUEMPLTMS,prim,3,15-2,15.0,2000.0,2.0,6120.199999809263,False
ADGJXUEMPLTMS,prim,3,15-2,15.0,2000.0,1.0,5529.900000095366,False
ADGJXUEMPLTMS,prim,3,15-2,15.0,2000.0,3.0,3933.9000000953656,False
ADGJXUEMPLTMS,prim,3,15-2,15.0,2000.0,2.0,5596.0,False
ADGJXUEMPLTMS,prim,3,15-2,15.0,2000.0,4.0,3257.799999713896,False
ADGJXUEMPLTMS,prim,3,15-2,15.0,2000.0,4.0,1767.5,False
ADGJXUEMPLTMS,prim,3,15-2,15.0,2000.0,1.0,933.6999998092633,False
ADGJXUEMPLTMS,prim,3,15-2,15.0,2000.0,3.0,276.6999998092633,False
ADGJXUEMPLTMS,prim,3,15-2,15.0,2000.0,2.0,0.0,True
ADGJXUEMPLTMS,prim,4,15-2,15.0,2000.0,4.0,603.400000572205,False
ADGJXUEMPLTMS,prim,4,15-2,15.0,2000.0,2.0,1109.3000001907353,False
ADGJXUEMPLTMS,prim,4,15-2,15.0,2000.0,2.0,917.0000004768376,False
ADGJXUEMPLTMS,prim,4,15-2,15.0,2000.0,1.0,1584.6000003814702,False
ADGJXUEMPLTMS,prim,4,15-2,15.0,2000.0,2.0,0.0,True
ADGJXUEMPLTMS,prim,4,15-2,15.0,2000.0,2.0,1619.6000003814702,False
ADGJXUEMPLTMS,prim,4,15-2,15.0,2000.0,4.0,3220.10000038147,False
ADGJXUEMPLTMS,prim,4,15-2,15.0,2000.0,2.0,7332.10000038147,False
ADGJXUEMPLTMS,prim,4,15-2,15.0,2000.0,1.0,5902.000000476837,False
ADGJXUEMPLTMS,prim,4,15-2,15.0,2000.0,1.0,3497.900000572205,False
ADGJXUEMPLTMS,prim,4,15-2,15.0,2000.0,4.0,2857.900000572205,False
ADGJXUEMPLTMS,prim,4,15-2,15.0,2000.0,2.0,2043.7000002861027,False
ADJ9I7ZBFYFH7,rec,1,30-1,30.0,1000.0,29.0,869.1000001430511,False
ADJ9I7ZBFYFH7,rec,1,30-1,30.0,1000.0,30.0,2258.400000333786,False
ADJ9I7ZBFYFH7,rec,1,30-1,30.0,1000.0,30.0,1072.3000001907353,False
ADJ9I7ZBFYFH7,rec,1,30-1,30.0,1000.0,30.0,1203.4000000953674,False
ADJ9I7ZBFYFH7,rec,1,30-1,30.0,1000.0,28.0,2009.4000000953674,False
ADJ9I7ZBFYFH7,rec,1,30-1,30.0,1000.0,30.0,1263.1000001430511,False
ADJ9I7ZBFYFH7,rec,1,30-1,30.0,1000.0,30.0,112.90000009536743,False
ADJ9I7ZBFYFH7,rec,1,30-1,30.0,1000.0,28.0,297.10000014305115,False
ADJ9I7ZBFYFH7,rec,1,30-1,30.0,1000.0,30.0,767.2999999523163,False
ADJ9I7ZBFYFH7,rec,1,30-1,30.0,1000.0,27.0,0.0,True
ADJ9I7ZBFYFH7,rec,1,30-1,30.0,1000.0,28.0,320.20000004768417,False
ADJ9I7ZBFYFH7,rec,1,30-1,30.0,1000.0,29.0,556.3000001907353,False
ADJ9I7ZBFYFH7,rec,2,30-1,30.0,1000.0,1.0,0.0,True
ADJ9I7ZBFYFH7,rec,2,30-1,30.0,1000.0,28.0,2261.2000000476837,False
ADJ9I7ZBFYFH7,rec,2,30-1,30.0,1000.0,28.0,2394.800000011921,False
ADJ9I7ZBFYFH7,rec,2,30-1,30.0,1000.0,28.0,2646.399999976158,False
ADJ9I7ZBFYFH7,rec,2,30-1,30.0,1000.0,26.0,1547.7000000476837,False
ADJ9I7ZBFYFH7,rec,2,30-1,30.0,1000.0,28.0,2670.399999976158,False
ADJ9I7ZBFYFH7,rec,2,30-1,30.0,1000.0,29.0,2203.300000011921,False
ADJ9I7ZBFYFH7,rec,2,30-1,30.0,1000.0,29.0,3134.5,False
ADJ9I7ZBFYFH7,rec,2,30-1,30.0,1000.0,29.0,1662.0,False
ADJ9I7ZBFYFH7,rec,2,30-1,30.0,1000.0,28.0,1218.4000000357628,False
ADJ9I7ZBFYFH7,rec,2,30-1,30.0,1000.0,28.0,2131.599999964237,False
ADJ9I7ZBFYFH7,rec,2,30-1,30.0,1000.0,29.0,2150.300000011921,False
ADL9KYXZGHUFO,ns,1,40-1,40.0,1000.0,5.0,0.0,True
ADL9KYXZGHUFO,ns,1,40-1,40.0,1000.0,27.0,20377.0,False
ADL9KYXZGHUFO,ns,1,40-1,40.0,1000.0,6.0,34299.0,False
ADL9KYXZGHUFO,ns,1,40-1,40.0,1000.0,39.0,22.0,False
ADL9KYXZGHUFO,ns,1,40-1,40.0,1000.0,1.0,17706.0,False
ADL9KYXZGHUFO,ns,1,40-1,40.0,1000.0,2.0,20207.0,False
ADL9KYXZGHUFO,ns,1,40-1,40.0,1000.0,39.0,10375.0,False
ADL9KYXZGHUFO,ns,1,40-1,40.0,1000.0,38.0,15430.0,False
ADL9KYXZGHUFO,ns,1,40-1,40.0,1000.0,2.0,17996.0,False
ADL9KYXZGHUFO,ns,1,40-1,40.0,1000.0,1.0,13537.0,False
ADL9KYXZGHUFO,ns,2,40-1,40.0,1000.0,8.0,42029.0,False
ADL9KYXZGHUFO,ns,2,40-1,40.0,1000.0,3.0,7146.0,False
ADL9KYXZGHUFO,ns,2,40-1,40.0,1000.0,40.0,893.0,False
ADL9KYXZGHUFO,ns,2,40-1,40.0,1000.0,3.0,3862.0,False
ADL9KYXZGHUFO,ns,2,40-1,40.0,1000.0,40.0,2040.0,False
ADL9KYXZGHUFO,ns,2,40-1,40.0,1000.0,3.0,7134.0,False
ADL9KYXZGHUFO,ns,2,40-1,40.0,1000.0,2.0,1721.0,False
ADL9KYXZGHUFO,ns,2,40-1,40.0,1000.0,28.0,1329.0,False
ADL9KYXZGHUFO,ns,2,40-1,40.0,1000.0,2.0,0.0,True
AEF1G6YE8RIB8,prim,1,15-2,15.0,2000.0,1.0,1154.2999999970198,False
AEF1G6YE8RIB8,prim,1,15-2,15.0,2000.0,1.0,8111.0,False
AEF1G6YE8RIB8,prim,1,15-2,15.0,2000.0,1.0,1237.4000000059605,False
AEF1G6YE8RIB8,prim,1,15-2,15.0,2000.0,1.0,0.0,True
AEF1G6YE8RIB8,prim,1,15-2,15.0,2000.0,1.0,4509.100000008941,False
AEF1G6YE8RIB8,prim,1,15-2,15.0,2000.0,2.0,2177.3999999910593,False
AEF1G6YE8RIB8,prim,1,15-2,15.0,2000.0,1.0,137.0,False
AEF1G6YE8RIB8,prim,1,15-2,15.0,2000.0,2.0,14745.09999999404,False
AEF1G6YE8RIB8,prim,1,15-2,15.0,2000.0,1.0,2595.2000000029802,False
AEF1G6YE8RIB8,prim,2,15-2,15.0,2000.0,1.0,1705.2999999523163,False
AEF1G6YE8RIB8,prim,2,15-2,15.0,2000.0,1.0,12801.899999976158,False
AEF1G6YE8RIB8,prim,2,15-2,15.0,2000.0,2.0,720.2999999523163,False
AEF1G6YE8RIB8,prim,2,15-2,15.0,2000.0,1.0,0.0,True
AEF1G6YE8RIB8,prim,2,15-2,15.0,2000.0,1.0,2883.6999999284744,False
AEF1G6YE8RIB8,prim,2,15-2,15.0,2000.0,3.0,3847.1999999284744,False
AEF1G6YE8RIB8,prim,3,15-2,15.0,2000.0,1.0,0.0,True
AEF1G6YE8RIB8,prim,3,15-2,15.0,2000.0,1.0,6367.599999904633,False
AEF1G6YE8RIB8,prim,3,15-2,15.0,2000.0,1.0,2913.600000023842,False
AEF1G6YE8RIB8,prim,3,15-2,15.0,2000.0,1.0,7441.299999952316,False
AEF1G6YE8RIB8,prim,4,15-2,15.0,2000.0,15.0,61.09999990463257,False
AEF1G6YE8RIB8,prim,4,15-2,15.0,2000.0,15.0,484.0,False
AEF1G6YE8RIB8,prim,4,15-2,15.0,2000.0,14.0,6094.000000000002,False
AEF1G6YE8RIB8,prim,4,15-2,15.0,2000.0,15.0,25701.199999809265,False
AEF1G6YE8RIB8,prim,4,15-2,15.0,2000.0,15.0,3153.2999997138977,False
AEF1G6YE8RIB8,prim,4,15-2,15.0,2000.0,15.0,0.0,True
AEF1G6YE8RIB8,prim,4,15-2,15.0,2000.0,15.0,492.3999996185303,False
AEF1G6YE8RIB8,prim,4,15-2,15.0,2000.0,15.0,1255.1999998092651,False
AEF1G6YE8RIB8,prim,4,15-2,15.0,2000.0,15.0,1788.1999998092651,False
AEJU0MCYOQC77,prim,1,20-1,20.0,1000.0,1.0,1221.0,False
AEJU0MCYOQC77,prim,1,20-1,20.0,1000.0,2.0,23719.0,False
AEJU0MCYOQC77,prim,1,20-1,20.0,1000.0,1.0,18847.0,False
AEJU0MCYOQC77,prim,1,20-1,20.0,1000.0,3.0,5883.0,False
AEJU0MCYOQC77,prim,1,20-1,20.0,1000.0,1.0,6553.0,False
AEJU0MCYOQC77,prim,1,20-1,20.0,1000.0,1.0,2203.0,False
AEJU0MCYOQC77,prim,1,20-1,20.0,1000.0,1.0,17512.0,False
AEJU0MCYOQC77,prim,1,20-1,20.0,1000.0,7.0,2690.0,False
AEJU0MCYOQC77,prim,1,20-1,20.0,1000.0,20.0,6995.0,False
AEJU0MCYOQC77,prim,1,20-1,20.0,1000.0,1.0,1749.0,False
AEJU0MCYOQC77,prim,1,20-1,20.0,1000.0,1.0,4046.0,False
AEJU0MCYOQC77,prim,1,20-1,20.0,1000.0,1.0,0.0,True
AEJU0MCYOQC77,prim,2,20-1,20.0,1000.0,3.0,5342.0,False
AEJU0MCYOQC77,prim,2,20-1,20.0,1000.0,1.0,24392.0,False
AEJU0MCYOQC77,prim,2,20-1,20.0,1000.0,2.0,3732.0,False
AEJU0MCYOQC77,prim,2,20-1,20.0,1000.0,1.0,431.0,False
AEJU0MCYOQC77,prim,2,20-1,20.0,1000.0,2.0,0.0,True
AEJU0MCYOQC77,prim,2,20-1,20.0,1000.0,1.0,4068.0,False
AEJU0MCYOQC77,prim,3,20-1,20.0,1000.0,1.0,6394.0,False
AEJU0MCYOQC77,prim,3,20-1,20.0,1000.0,6.0,2445.0,False
AEJU0MCYOQC77,prim,3,20-1,20.0,1000.0,2.0,8371.0,False
AEJU0MCYOQC77,prim,3,20-1,20.0,1000.0,5.0,8112.0,False
AEJU0MCYOQC77,prim,3,20-1,20.0,1000.0,1.0,7675.0,False
AEJU0MCYOQC77,prim,3,20-1,20.0,1000.0,5.0,18121.0,False
AEJU0MCYOQC77,prim,3,20-1,20.0,1000.0,3.0,0.0,True
AEJU0MCYOQC77,prim,3,20-1,20.0,1000.0,18.0,1180.0,False
AEJU0MCYOQC77,prim,3,20-1,20.0,1000.0,19.0,6437.0,False
AEP8U373W5Q54,prim,1,10-2,10.0,2000.0,1.0,438.99999952316284,False
AEP8U373W5Q54,prim,1,10-2,10.0,2000.0,1.0,7471.099999904634,False
AEP8U373W5Q54,prim,1,10-2,10.0,2000.0,1.0,107.39999961853027,False
AEP8U373W5Q54,prim,1,10-2,10.0,2000.0,1.0,0.0,True
AEP8U373W5Q54,prim,1,10-2,10.0,2000.0,1.0,5189.299999713898,False
AEP8U373W5Q54,prim,1,10-2,10.0,2000.0,1.0,6126.699999809265,False
AEP8U373W5Q54,prim,1,10-2,10.0,2000.0,1.0,2001.6999998092651,False
AEP8U373W5Q54,prim,1,10-2,10.0,2000.0,1.0,5958.0,False
AEP8U373W5Q54,prim,1,10-2,10.0,2000.0,1.0,3237.7999997138977,False
AEP8U373W5Q54,prim,1,10-2,10.0,2000.0,1.0,6773.699999332428,False
AEP8U373W5Q54,prim,2,10-2,10.0,2000.0,1.0,578.4999995231628,False
AEP8U373W5Q54,prim,2,10-2,10.0,2000.0,1.0,515.7999997138977,False
AEP8U373W5Q54,prim,2,10-2,10.0,2000.0,1.0,0.0,True
AEP8U373W5Q54,prim,2,10-2,10.0,2000.0,1.0,2078.5,False
AEP8U373W5Q54,prim,2,10-2,10.0,2000.0,1.0,792.2999997138977,False
AEP8U373W5Q54,prim,2,10-2,10.0,2000.0,1.0,9416.89999961853,False
AEP8U373W5Q54,prim,2,10-2,10.0,2000.0,1.0,8701.299999713898,False
AEP8U373W5Q54,prim,3,10-2,10.0,2000.0,1.0,0.0,True
AEP8U373W5Q54,prim,3,10-2,10.0,2000.0,1.0,4280.300000190735,False
AEP8U373W5Q54,prim,3,10-2,10.0,2000.0,1.0,2953.800000190735,False
AEP8U373W5Q54,prim,3,10-2,10.0,2000.0,1.0,4407.10000038147,False
AEP8U373W5Q54,prim,3,10-2,10.0,2000.0,1.0,5105.300000190735,False
AEP8U373W5Q54,prim,3,10-2,10.0,2000.0,1.0,5172.800000667572,False
AEP8U373W5Q54,prim,3,10-2,10.0,2000.0,1.0,18155.300000190735,False
AEP8U373W5Q54,prim,3,10-2,10.0,2000.0,1.0,5129.200000286102,False
AEP8U373W5Q54,prim,3,10-2,10.0,2000.0,1.0,5386.10000038147,False
AEP8U373W5Q54,prim,3,10-2,10.0,2000.0,1.0,5312.700000762939,False
AEP8U373W5Q54,prim,3,10-2,10.0,2000.0,1.0,5161.700000286102,False
AEP8U373W5Q54,prim,4,10-2,10.0,2000.0,1.0,0.0,True
AEP8U373W5Q54,prim,4,10-2,10.0,2000.0,1.0,3380.199999809265,False
AEP8U373W5Q54,prim,4,10-2,10.0,2000.0,2.0,1604.0,False
AEP8U373W5Q54,prim,4,10-2,10.0,2000.0,1.0,1449.6999988555908,False
AEP8U373W5Q54,prim,4,10-2,10.0,2000.0,1.0,2079.4999990463257,False
AEP8U373W5Q54,prim,4,10-2,10.0,2000.0,1.0,10649.300000190735,False
AEP8U373W5Q54,prim,4,10-2,10.0,2000.0,1.0,2725.0999994277954,False
AEP8U373W5Q54,prim,4,10-2,10.0,2000.0,1.0,2667.7999992370605,False
AEP8U373W5Q54,prim,4,10-2,10.0,2000.0,1.0,2361.5999994277954,False
AEP8U373W5Q54,prim,4,10-2,10.0,2000.0,1.0,3687.8999996185303,False
AEP8U373W5Q54,prim,4,10-2,10.0,2000.0,1.0,2558.300000190735,False
AERGHZBQFT309,ns,1,15-2,15.0,2000.0,14.0,0.0,True
AERGHZBQFT309,ns,1,15-2,15.0,2000.0,12.0,1002.2999999523165,False
AERGHZBQFT309,ns,1,15-2,15.0,2000.0,11.0,2193.2000000476846,False
AERGHZBQFT309,ns,1,15-2,15.0,2000.0,13.0,2212.100000143051,False
AERGHZBQFT309,ns,1,15-2,15.0,2000.0,13.0,1513.200000047684,False
AERGHZBQFT309,ns,1,15-2,15.0,2000.0,15.0,1047.4000000953677,False
AERGHZBQFT309,ns,1,15-2,15.0,2000.0,14.0,2422.5999999046326,False
AERGHZBQFT309,ns,1,15-2,15.0,2000.0,10.0,2836.4999997615814,False
AERGHZBQFT309,ns,1,15-2,15.0,2000.0,14.0,790.2999999523165,False
AERGHZBQFT309,ns,1,15-2,15.0,2000.0,15.0,1380.1000001430514,False
AERGHZBQFT309,ns,1,15-2,15.0,2000.0,14.0,697.700000047684,False
AERGHZBQFT309,ns,1,15-2,15.0,2000.0,12.0,1120.6000001430514,False
AERGHZBQFT309,ns,2,15-2,15.0,2000.0,8.0,0.0,True
AERGHZBQFT309,ns,2,15-2,15.0,2000.0,14.0,2188.0,False
AERGHZBQFT309,ns,2,15-2,15.0,2000.0,14.0,2159.700000017882,False
AERGHZBQFT309,ns,2,15-2,15.0,2000.0,13.0,1354.5999999940395,False
AERGHZBQFT309,ns,2,15-2,15.0,2000.0,15.0,1789.7000000178814,False
AERGHZBQFT309,ns,2,15-2,15.0,2000.0,11.0,1815.800000011921,False
AERGHZBQFT309,ns,2,15-2,15.0,2000.0,11.0,1272.300000011921,False
AERGHZBQFT309,ns,2,15-2,15.0,2000.0,13.0,1570.4000000059605,False
AERGHZBQFT309,ns,2,15-2,15.0,2000.0,13.0,1783.5999999940395,False
AERGHZBQFT309,ns,2,15-2,15.0,2000.0,10.0,2051.900000035763,False
AERGHZBQFT309,ns,2,15-2,15.0,2000.0,12.0,1493.9000000059605,False
AERGHZBQFT309,ns,2,15-2,15.0,2000.0,12.0,3132.4000000059614,False
AERGHZBQFT309,ns,3,15-2,15.0,2000.0,12.0,0.0,True
AERGHZBQFT309,ns,3,15-2,15.0,2000.0,13.0,1910.0,False
AERGHZBQFT309,ns,3,15-2,15.0,2000.0,13.0,1721.2000000476842,False
AERGHZBQFT309,ns,3,15-2,15.0,2000.0,13.0,839.7000000476842,False
AERGHZBQFT309,ns,3,15-2,15.0,2000.0,11.0,3417.5,False
AERGHZBQFT309,ns,3,15-2,15.0,2000.0,10.0,3006.400000035763,False
AERGHZBQFT309,ns,3,15-2,15.0,2000.0,13.0,1429.300000011921,False
AERGHZBQFT309,ns,3,15-2,15.0,2000.0,11.0,2184.399999976158,False
AERGHZBQFT309,ns,3,15-2,15.0,2000.0,10.0,1357.199999988079,False
AERGHZBQFT309,ns,3,15-2,15.0,2000.0,10.0,1443.8999999761581,False
AERGHZBQFT309,ns,3,15-2,15.0,2000.0,11.0,1790.300000011921,False
AERGHZBQFT309,ns,4,15-2,15.0,2000.0,13.0,0.0,True
AERGHZBQFT309,ns,4,15-2,15.0,2000.0,13.0,2618.2000000029802,False
AERGHZBQFT309,ns,4,15-2,15.0,2000.0,11.0,1507.9999999850997,False
AERGHZBQFT309,ns,4,15-2,15.0,2000.0,11.0,2036.5,False
AERGHZBQFT309,ns,4,15-2,15.0,2000.0,11.0,753.6999999880791,False
AERGHZBQFT309,ns,4,15-2,15.0,2000.0,12.0,1561.5999999940395,False
AERGHZBQFT309,ns,4,15-2,15.0,2000.0,11.0,1141.8999999910598,False
AERGHZBQFT309,ns,4,15-2,15.0,2000.0,11.0,890.2999999970193,False
AERGHZBQFT309,ns,4,15-2,15.0,2000.0,10.0,740.2000000029802,False
AERGHZBQFT309,ns,4,15-2,15.0,2000.0,10.0,634.7999999970193,False
AERGHZBQFT309,ns,4,15-2,15.0,2000.0,11.0,788.5999999940395,False
AERGHZBQFT309,ns,4,15-2,15.0,2000.0,11.0,2249.69999998808,False
AESZJEZTZEW01,ns,1,15-2,15.0,2000.0,1.0,2037.0999999046326,False
AESZJEZTZEW01,ns,1,15-2,15.0,2000.0,1.0,5094.899999856949,False
AESZJEZTZEW01,ns,1,15-2,15.0,2000.0,1.0,4283.099999904633,False
AESZJEZTZEW01,ns,1,15-2,15.0,2000.0,1.0,2082.600000143051,False
AESZJEZTZEW01,ns,1,15-2,15.0,2000.0,1.0,4079.2999999523163,False
AESZJEZTZEW01,ns,1,15-2,15.0,2000.0,3.0,0.0,True
AESZJEZTZEW01,ns,1,15-2,15.0,2000.0,15.0,2211.399999856949,False
AESZJEZTZEW01,ns,1,15-2,15.0,2000.0,1.0,1669.2999999523163,False
AESZJEZTZEW01,ns,1,15-2,15.0,2000.0,4.0,3781.0,False
AESZJEZTZEW01,ns,1,15-2,15.0,2000.0,1.0,3737.5999999046326,False
AESZJEZTZEW01,ns,2,15-2,15.0,2000.0,15.0,0.0,True
AESZJEZTZEW01,ns,2,15-2,15.0,2000.0,15.0,6306.100000143051,False
AESZJEZTZEW01,ns,2,15-2,15.0,2000.0,1.0,21452.5,False
AESZJEZTZEW01,ns,2,15-2,15.0,2000.0,15.0,2833.0,False
AESZJEZTZEW01,ns,2,15-2,15.0,2000.0,14.0,7588.0,False
AESZJEZTZEW01,ns,2,15-2,15.0,2000.0,15.0,10589.29999995232,False
AESZJEZTZEW01,ns,2,15-2,15.0,2000.0,15.0,1556.7999999523163,False
AESZJEZTZEW01,ns,2,15-2,15.0,2000.0,13.0,5580.5,False
AEX1I7K7OVHHC,rec,1,15-2,15.0,2000.0,15.0,20850.0,False
AEX1I7K7OVHHC,rec,1,15-2,15.0,2000.0,15.0,3423.0,False
AEX1I7K7OVHHC,rec,1,15-2,15.0,2000.0,15.0,493.0,False
AEX1I7K7OVHHC,rec,1,15-2,15.0,2000.0,14.0,12032.0,False
AEX1I7K7OVHHC,rec,1,15-2,15.0,2000.0,15.0,0.0,True
AEX1I7K7OVHHC,rec,2,15-2,15.0,2000.0,3.0,2967.0,False
AEX1I7K7OVHHC,rec,2,15-2,15.0,2000.0,6.0,7949.0,False
AEX1I7K7OVHHC,rec,2,15-2,15.0,2000.0,5.0,3970.0,False
AEX1I7K7OVHHC,rec,2,15-2,15.0,2000.0,4.0,3329.0,False
AEX1I7K7OVHHC,rec,2,15-2,15.0,2000.0,1.0,1893.0,False
AEX1I7K7OVHHC,rec,2,15-2,15.0,2000.0,1.0,0.0,True
AEX1I7K7OVHHC,rec,2,15-2,15.0,2000.0,1.0,1266.0,False
AEX1I7K7OVHHC,rec,2,15-2,15.0,2000.0,3.0,471.0,False
AEX1I7K7OVHHC,rec,2,15-2,15.0,2000.0,1.0,1222.0,False
AEX1I7K7OVHHC,rec,3,15-2,15.0,2000.0,15.0,18600.0,False
AEX1I7K7OVHHC,rec,3,15-2,15.0,2000.0,15.0,501.0,False
AEX1I7K7OVHHC,rec,3,15-2,15.0,2000.0,15.0,16014.0,False
AEX1I7K7OVHHC,rec,3,15-2,15.0,2000.0,15.0,7070.0,False
AEX1I7K7OVHHC,rec,3,15-2,15.0,2000.0,15.0,0.0,True
AEX1I7K7OVHHC,rec,3,15-2,15.0,2000.0,14.0,1009.0,False
AEX1I7K7OVHHC,rec,3,15-2,15.0,2000.0,15.0,1447.0,False
AEX1I7K7OVHHC,rec,3,15-2,15.0,2000.0,14.0,1850.0,False
AEX1I7K7OVHHC,rec,3,15-2,15.0,2000.0,15.0,2728.0,False
AEX1I7K7OVHHC,rec,3,15-2,15.0,2000.0,15.0,3099.0,False
AEXRVIK8SKB4V,prim,1,15-2,15.0,2000.0,1.0,0.0,True
AEXRVIK8SKB4V,prim,1,15-2,15.0,2000.0,1.0,1641.2999997138959,False
AEXRVIK8SKB4V,prim,1,15-2,15.0,2000.0,1.0,10497.39999961853,False
AEXRVIK8SKB4V,prim,1,15-2,15.0,2000.0,1.0,195.89999961853027,False
AEXRVIK8SKB4V,prim,1,15-2,15.0,2000.0,2.0,2835.5,False
AEXRVIK8SKB4V,prim,1,15-2,15.0,2000.0,1.0,11080.799999713898,False
AEXRVIK8SKB4V,prim,1,15-2,15.0,2000.0,1.0,7111.200000286102,False
AEXRVIK8SKB4V,prim,2,15-2,15.0,2000.0,1.0,3459.199999999255,False
AEXRVIK8SKB4V,prim,2,15-2,15.0,2000.0,2.0,3894.2000000029802,False
AEXRVIK8SKB4V,prim,2,15-2,15.0,2000.0,2.0,105.30000000074506,False
AEXRVIK8SKB4V,prim,2,15-2,15.0,2000.0,1.0,3986.000000000002,False
AEXRVIK8SKB4V,prim,2,15-2,15.0,2000.0,1.0,550.2000000029802,False
AEXRVIK8SKB4V,prim,2,15-2,15.0,2000.0,1.0,0.0,True
AEXRVIK8SKB4V,prim,2,15-2,15.0,2000.0,12.0,12035.60000000149,False
AEXRVIK8SKB4V,prim,2,15-2,15.0,2000.0,3.0,2479.500000000002,False
AEXRVIK8SKB4V,prim,2,15-2,15.0,2000.0,2.0,1658.699999999255,False
AF0W4ZBY7VXOU,rec,1,15-2,15.0,2000.0,1.0,0.0,True
AF0W4ZBY7VXOU,rec,1,15-2,15.0,2000.0,14.0,3086.0999999940395,False
AF0W4ZBY7VXOU,rec,1,15-2,15.0,2000.0,11.0,3366.5000000298023,False
AF0W4ZBY7VXOU,rec,1,15-2,15.0,2000.0,14.0,3813.199999988079,False
AF0W4ZBY7VXOU,rec,1,15-2,15.0,2000.0,14.0,2465.300000011921,False
AF0W4ZBY7VXOU,rec,1,15-2,15.0,2000.0,14.0,2407.7999999821186,False
AF0W4ZBY7VXOU,rec,1,15-2,15.0,2000.0,14.0,2314.500000000001,False
AF0W4ZBY7VXOU,rec,1,15-2,15.0,2000.0,14.0,2057.9000000059605,False
AF0W4ZBY7VXOU,rec,1,15-2,15.0,2000.0,14.0,2653.100000023842,False
AF0W4ZBY7VXOU,rec,1,15-2,15.0,2000.0,2.0,4346.000000000001,False
AF0W4ZBY7VXOU,rec,1,15-2,15.0,2000.0,13.0,2770.600000023842,False
AF0W4ZBY7VXOU,rec,1,15-2,15.0,2000.0,14.0,2683.100000023842,False
AF0W4ZBY7VXOU,rec,2,15-2,15.0,2000.0,8.0,2179.300000011921,False
AF0W4ZBY7VXOU,rec,2,15-2,15.0,2000.0,13.0,4654.799999952316,False
AF0W4ZBY7VXOU,rec,2,15-2,15.0,2000.0,14.0,4084.2999999523163,False
AF0W4ZBY7VXOU,rec,2,15-2,15.0,2000.0,14.0,0.0,True
AF0W4ZBY7VXOU,rec,2,15-2,15.0,2000.0,13.0,632.3000000119209,False
AF0W4ZBY7VXOU,rec,2,15-2,15.0,2000.0,14.0,551.0,False
AF0W4ZBY7VXOU,rec,2,15-2,15.0,2000.0,15.0,1931.199999988079,False
AF0W4ZBY7VXOU,rec,2,15-2,15.0,2000.0,14.0,479.19999998807907,False
AF0W4ZBY7VXOU,rec,2,15-2,15.0,2000.0,1.0,7379.0,False
AF0W4ZBY7VXOU,rec,2,15-2,15.0,2000.0,15.0,885.6999999880791,False
AF0W4ZBY7VXOU,rec,2,15-2,15.0,2000.0,15.0,947.4000000357628,False
AF0W4ZBY7VXOU,rec,2,15-2,15.0,2000.0,14.0,70.5,False
AF0W4ZBY7VXOU,rec,3,15-2,15.0,2000.0,1.0,0.0,True
AF0W4ZBY7VXOU,rec,3,15-2,15.0,2000.0,14.0,3569.4000000059605,False
AF0W4ZBY7VXOU,rec,3,15-2,15.0,2000.0,14.0,5513.699999988079,False
AF0W4ZBY7VXOU,rec,3,15-2,15.0,2000.0,15.0,6515.9000000059605,False
AF0W4ZBY7VXOU,rec,3,15-2,15.0,2000.0,14.0,1373.4000000059605,False
AF0W4ZBY7VXOU,rec,3,15-2,15.0,2000.0,14.0,1563.0999999940404,False
AF0W4ZBY7VXOU,rec,3,15-2,15.0,2000.0,14.0,1258.5,False
AF0W4ZBY7VXOU,rec,3,15-2,15.0,2000.0,14.0,2720.300000011921,False
AF0W4ZBY7VXOU,rec,3,15-2,15.0,2000.0,14.0,1152.699999988079,False
AF0W4ZBY7VXOU,rec,3,15-2,15.0,2000.0,14.0,1696.5999999940404,False
AF0W4ZBY7VXOU,rec,3,15-2,15.0,2000.0,14.0,1040.2999999821186,False
AF0W4ZBY7VXOU,rec,3,15-2,15.0,2000.0,15.0,4617.699999988079,False
AF0W4ZBY7VXOU,rec,4,15-2,15.0,2000.0,14.0,0.0,True
AF0W4ZBY7VXOU,rec,4,15-2,15.0,2000.0,15.0,2252.7999999523163,False
AF0W4ZBY7VXOU,rec,4,15-2,15.0,2000.0,14.0,4573.799999952316,False
AF0W4ZBY7VXOU,rec,4,15-2,15.0,2000.0,14.0,504.60000002384186,False
AF0W4ZBY7VXOU,rec,4,15-2,15.0,2000.0,13.0,12528.400000095367,False
AF0W4ZBY7VXOU,rec,4,15-2,15.0,2000.0,15.0,1723.9000000953674,False
AF0W4ZBY7VXOU,rec,4,15-2,15.0,2000.0,14.0,2171.6999999284744,False
AF0W4ZBY7VXOU,rec,4,15-2,15.0,2000.0,14.0,6722.899999976158,False
AF0W4ZBY7VXOU,rec,4,15-2,15.0,2000.0,14.0,940.1000000238419,False
AF0W4ZBY7VXOU,rec,4,15-2,15.0,2000.0,14.0,3359.5,False
AF0W4ZBY7VXOU,rec,4,15-2,15.0,2000.0,14.0,1240.1999999284744,False
AF0W4ZBY7VXOU,rec,4,15-2,15.0,2000.0,13.0,1552.2000000476837,False
AFLRBB974KS6D,ns,1,40-1,40.0,1000.0,1.0,5284.099999427795,False
AFLRBB974KS6D,ns,1,40-1,40.0,1000.0,2.0,10920.199999809265,False
AFLRBB974KS6D,ns,1,40-1,40.0,1000.0,1.0,2516.199999809265,False
AFLRBB974KS6D,ns,1,40-1,40.0,1000.0,1.0,409.8999996185303,False
AFLRBB974KS6D,ns,1,40-1,40.0,1000.0,14.0,0.0,True
AFLRBB974KS6D,ns,1,40-1,40.0,1000.0,2.0,1717.399998664856,False
AFLRBB974KS6D,ns,1,40-1,40.0,1000.0,1.0,1851.9999990463257,False
AFLRBB974KS6D,ns,1,40-1,40.0,1000.0,1.0,598.3000001907349,False
AFLRBB974KS6D,ns,2,40-1,40.0,1000.0,1.0,0.0,True
AFLRBB974KS6D,ns,2,40-1,40.0,1000.0,1.0,6455.39999961853,False
AFLRBB974KS6D,ns,2,40-1,40.0,1000.0,1.0,5814.400000572205,False
AFLRBB974KS6D,ns,2,40-1,40.0,1000.0,1.0,5897.400000572205,False
AFLRBB974KS6D,ns,2,40-1,40.0,1000.0,1.0,2175.699999809265,False
AFLRBB974KS6D,ns,2,40-1,40.0,1000.0,1.0,6378.100000381472,False
AFLRBB974KS6D,ns,2,40-1,40.0,1000.0,2.0,2515.6000003814697,False
AFLRBB974KS6D,ns,2,40-1,40.0,1000.0,1.0,3120.0000009536743,False
AFLRBB974KS6D,ns,2,40-1,40.0,1000.0,1.0,1884.5000009536743,False
AFLRBB974KS6D,ns,2,40-1,40.0,1000.0,2.0,2294.8999996185303,False
AFLRBB974KS6D,ns,3,40-1,40.0,1000.0,1.0,1976.5000009536743,False
AFLRBB974KS6D,ns,3,40-1,40.0,1000.0,2.0,4249.5,False
AFLRBB974KS6D,ns,3,40-1,40.0,1000.0,3.0,397.6000003814697,False
AFLRBB974KS6D,ns,3,40-1,40.0,1000.0,1.0,3731.600000381468,False
AFLRBB974KS6D,ns,3,40-1,40.0,1000.0,40.0,1931.9000005722046,False
AFLRBB974KS6D,ns,3,40-1,40.0,1000.0,1.0,3020.0,False
AFLRBB974KS6D,ns,3,40-1,40.0,1000.0,1.0,0.0,True
AFLRBB974KS6D,ns,3,40-1,40.0,1000.0,1.0,467.70000076293945,False
AFLRBB974KS6D,ns,3,40-1,40.0,1000.0,2.0,2420.5,False
AFLRBB974KS6D,ns,3,40-1,40.0,1000.0,38.0,1705.0,False
AFLRBB974KS6D,ns,3,40-1,40.0,1000.0,31.0,2381.5000009536743,False
AFLRBB974KS6D,ns,4,40-1,40.0,1000.0,38.0,2139.4000005722046,False
AFLRBB974KS6D,ns,4,40-1,40.0,1000.0,40.0,237.60000038146973,False
AFLRBB974KS6D,ns,4,40-1,40.0,1000.0,40.0,2276.699999809265,False
AFLRBB974KS6D,ns,4,40-1,40.0,1000.0,37.0,1913.0,False
AFLRBB974KS6D,ns,4,40-1,40.0,1000.0,34.0,724.6999998092651,False
AFLRBB974KS6D,ns,4,40-1,40.0,1000.0,40.0,2210.800000190735,False
AFLRBB974KS6D,ns,4,40-1,40.0,1000.0,38.0,117.39999961853027,False
AFLRBB974KS6D,ns,4,40-1,40.0,1000.0,26.0,1554.3000001907349,False
AFLRBB974KS6D,ns,4,40-1,40.0,1000.0,39.0,0.0,True
AFLRBB974KS6D,ns,4,40-1,40.0,1000.0,37.0,5989.800000190733,False
AFRKVRPZ2RHY8,rec,1,20-2,20.0,2000.0,20.0,391.0,False
AFRKVRPZ2RHY8,rec,1,20-2,20.0,2000.0,20.0,413.80000001192093,False
AFRKVRPZ2RHY8,rec,1,20-2,20.0,2000.0,15.0,455.80000001192093,False
AFRKVRPZ2RHY8,rec,1,20-2,20.0,2000.0,20.0,681.1999999880791,False
AFRKVRPZ2RHY8,rec,1,20-2,20.0,2000.0,20.0,1211.5999999642372,False
AFRKVRPZ2RHY8,rec,1,20-2,20.0,2000.0,20.0,962.9000000357628,False
AFRKVRPZ2RHY8,rec,1,20-2,20.0,2000.0,20.0,1352.800000011921,False
AFRKVRPZ2RHY8,rec,1,20-2,20.0,2000.0,20.0,2139.600000023842,False
AFRKVRPZ2RHY8,rec,1,20-2,20.0,2000.0,20.0,353.70000004768417,False
AFRKVRPZ2RHY8,rec,1,20-2,20.0,2000.0,20.0,0.0,True
AFRKVRPZ2RHY8,rec,1,20-2,20.0,2000.0,18.0,1231.9000000357628,False
AFRKVRPZ2RHY8,rec,1,20-2,20.0,2000.0,20.0,441.5999999642372,False
AFRKVRPZ2RHY8,rec,2,20-2,20.0,2000.0,19.0,0.0,True
AFRKVRPZ2RHY8,rec,2,20-2,20.0,2000.0,19.0,4207.899999856949,False
AFRKVRPZ2RHY8,rec,2,20-2,20.0,2000.0,19.0,2968.99999988079,False
AFRKVRPZ2RHY8,rec,2,20-2,20.0,2000.0,20.0,2379.6999999284744,False
AFRKVRPZ2RHY8,rec,2,20-2,20.0,2000.0,20.0,2216.2999999523163,False
AFRKVRPZ2RHY8,rec,2,20-2,20.0,2000.0,20.0,2265.399999976158,False
AFRKVRPZ2RHY8,rec,2,20-2,20.0,2000.0,20.0,2114.899999976158,False
AFRKVRPZ2RHY8,rec,2,20-2,20.0,2000.0,20.0,4863.199999928474,False
AFRKVRPZ2RHY8,rec,2,20-2,20.0,2000.0,20.0,2745.0999999046326,False
AFRKVRPZ2RHY8,rec,2,20-2,20.0,2000.0,20.0,2722.8999998569498,False
AFRKVRPZ2RHY8,rec,2,20-2,20.0,2000.0,20.0,1684.0000000000007,False
AFRKVRPZ2RHY8,rec,2,20-2,20.0,2000.0,20.0,2443.1999999284744,False
AFZGUWYLC0NG0,ns,1,15-2,15.0,2000.0,2.0,0.0,True
AFZGUWYLC0NG0,ns,1,15-2,15.0,2000.0,2.0,18137.699999809265,False
AFZGUWYLC0NG0,ns,1,15-2,15.0,2000.0,1.0,5861.899999856949,False
AFZGUWYLC0NG0,ns,1,15-2,15.0,2000.0,14.0,378.3999996185303,False
AFZGUWYLC0NG0,ns,1,15-2,15.0,2000.0,7.0,27662.599999904633,False
AFZGUWYLC0NG0,ns,1,15-2,15.0,2000.0,3.0,10841.299999713905,False
AFZGUWYLC0NG0,ns,1,15-2,15.0,2000.0,5.0,42631.59999990463,False
AFZGUWYLC0NG0,ns,2,15-2,15.0,2000.0,10.0,4346.300000190735,False
AFZGUWYLC0NG0,ns,2,15-2,15.0,2000.0,1.0,11013.099999904633,False
AFZGUWYLC0NG0,ns,2,15-2,15.0,2000.0,2.0,3101.0,False
AFZGUWYLC0NG0,ns,2,15-2,15.0,2000.0,1.0,2362.0999999046326,False
AFZGUWYLC0NG0,ns,2,15-2,15.0,2000.0,15.0,0.0,True
AFZGUWYLC0NG0,ns,2,15-2,15.0,2000.0,11.0,4404.300000190735,False
AFZGUWYLC0NG0,ns,2,15-2,15.0,2000.0,15.0,4314.099999904633,False
AFZGUWYLC0NG0,ns,2,15-2,15.0,2000.0,8.0,2897.4000000953674,False
AFZGUWYLC0NG0,ns,2,15-2,15.0,2000.0,12.0,7217.800000190737,False
AFZGUWYLC0NG0,ns,2,15-2,15.0,2000.0,14.0,4311.39999961853,False
AFZGUWYLC0NG0,ns,2,15-2,15.0,2000.0,10.0,2170.2999997138977,False
AFZGUWYLC0NG0,ns,3,15-2,15.0,2000.0,2.0,0.0,True
AFZGUWYLC0NG0,ns,3,15-2,15.0,2000.0,14.0,1140.2000002861023,False
AFZGUWYLC0NG0,ns,3,15-2,15.0,2000.0,1.0,8846.000000476839,False
AFZGUWYLC0NG0,ns,3,15-2,15.0,2000.0,3.0,5943.700000286102,False
AFZGUWYLC0NG0,ns,3,15-2,15.0,2000.0,2.0,356.6000003814697,False
AFZGUWYLC0NG0,ns,3,15-2,15.0,2000.0,1.0,1199.3000001907353,False
AFZGUWYLC0NG0,ns,3,15-2,15.0,2000.0,2.0,1427.4000005722046,False
AFZGUWYLC0NG0,ns,3,15-2,15.0,2000.0,1.0,1131.0000004768372,False
AFZGUWYLC0NG0,ns,3,15-2,15.0,2000.0,8.0,1822.7000002861023,False
AFZGUWYLC0NG0,ns,4,15-2,15.0,2000.0,1.0,25381.5,False
AFZGUWYLC0NG0,ns,4,15-2,15.0,2000.0,4.0,1796.2999997138977,False
AFZGUWYLC0NG0,ns,4,15-2,15.0,2000.0,1.0,258.80000019073486,False
AFZGUWYLC0NG0,ns,4,15-2,15.0,2000.0,3.0,1420.3000001907349,False
AFZGUWYLC0NG0,ns,4,15-2,15.0,2000.0,15.0,533.6999998092651,False
AFZGUWYLC0NG0,ns,4,15-2,15.0,2000.0,1.0,0.0,True
AFZGUWYLC0NG0,ns,4,15-2,15.0,2000.0,3.0,3504.199999809265,False
AFZGUWYLC0NG0,ns,4,15-2,15.0,2000.0,15.0,2388.4000000953674,False
AFZGUWYLC0NG0,ns,4,15-2,15.0,2000.0,5.0,15823.5,False
AGANKP4PUZ4NC,prim,1,15-2,15.0,2000.0,2.0,3554.9000000953674,False
AGANKP4PUZ4NC,prim,1,15-2,15.0,2000.0,2.0,8694.700000047684,False
AGANKP4PUZ4NC,prim,1,15-2,15.0,2000.0,3.0,11693.200000047684,False
AGANKP4PUZ4NC,prim,1,15-2,15.0,2000.0,2.0,17865.39999985695,False
AGANKP4PUZ4NC,prim,1,15-2,15.0,2000.0,2.0,0.0,True
AGANKP4PUZ4NC,prim,1,15-2,15.0,2000.0,2.0,7559.700000047684,False
AGANKP4PUZ4NC,prim,1,15-2,15.0,2000.0,4.0,6416.300000190735,False
AGANKP4PUZ4NC,prim,1,15-2,15.0,2000.0,2.0,6805.100000143051,False
AGANKP4PUZ4NC,prim,1,15-2,15.0,2000.0,3.0,4614.299999952316,False
AGANKP4PUZ4NC,prim,1,15-2,15.0,2000.0,5.0,2198.2000000476837,False
AGANKP4PUZ4NC,prim,1,15-2,15.0,2000.0,5.0,4758.700000047684,False
AGANKP4PUZ4NC,prim,1,15-2,15.0,2000.0,3.0,14688.900000095367,False
AGANKP4PUZ4NC,prim,2,15-2,15.0,2000.0,4.0,0.0,True
AGANKP4PUZ4NC,prim,2,15-2,15.0,2000.0,1.0,6162.099999904633,False
AGANKP4PUZ4NC,prim,2,15-2,15.0,2000.0,1.0,2212.5999999046326,False
AGANKP4PUZ4NC,prim,2,15-2,15.0,2000.0,2.0,4279.899999856949,False
AGANKP4PUZ4NC,prim,2,15-2,15.0,2000.0,1.0,4792.399999856949,False
AGANKP4PUZ4NC,prim,2,15-2,15.0,2000.0,2.0,5603.299999952316,False
AGANKP4PUZ4NC,prim,2,15-2,15.0,2000.0,1.0,6592.400000095369,False
AGANKP4PUZ4NC,prim,2,15-2,15.0,2000.0,1.0,6722.899999856949,False
AGANKP4PUZ4NC,prim,2,15-2,15.0,2000.0,2.0,10134.799999952316,False
AGANKP4PUZ4NC,prim,2,15-2,15.0,2000.0,1.0,4897.0,False
AGANKP4PUZ4NC,prim,2,15-2,15.0,2000.0,1.0,3711.5,False
AGANKP4PUZ4NC,prim,2,15-2,15.0,2000.0,1.0,2720.5999999046326,False
AGANKP4PUZ4NC,prim,3,15-2,15.0,2000.0,1.0,1978.6999998092651,False
AGANKP4PUZ4NC,prim,3,15-2,15.0,2000.0,1.0,9415.399999856949,False
AGANKP4PUZ4NC,prim,3,15-2,15.0,2000.0,3.0,11402.899999856949,False
AGANKP4PUZ4NC,prim,3,15-2,15.0,2000.0,13.0,0.0,True
AGANKP4PUZ4NC,prim,3,15-2,15.0,2000.0,1.0,33140.199999809265,False
AGANKP4PUZ4NC,prim,3,15-2,15.0,2000.0,1.0,14710.299999952316,False
AGANKP4PUZ4NC,prim,3,15-2,15.0,2000.0,3.0,1120.0,False
AGANKP4PUZ4NC,prim,3,15-2,15.0,2000.0,4.0,3746.0999999046326,False
AGANKP4PUZ4NC,prim,3,15-2,15.0,2000.0,9.0,9371.699999809265,False
AGANKP4PUZ4NC,prim,3,15-2,15.0,2000.0,2.0,2958.899999856949,False
AGANKP4PUZ4NC,prim,4,15-2,15.0,2000.0,15.0,6855.000000476839,False
AGANKP4PUZ4NC,prim,4,15-2,15.0,2000.0,2.0,3020.800000667572,False
AGANKP4PUZ4NC,prim,4,15-2,15.0,2000.0,15.0,420.90000009536743,False
AGANKP4PUZ4NC,prim,4,15-2,15.0,2000.0,9.0,0.0,True
AGB6853RIDWJ8,ns,1,40-1,40.0,1000.0,39.0,550.7000002861023,False
AGB6853RIDWJ8,ns,1,40-1,40.0,1000.0,40.0,3371.100000143051,False
AGB6853RIDWJ8,ns,1,40-1,40.0,1000.0,40.0,2316.0000002384186,False
AGB6853RIDWJ8,ns,1,40-1,40.0,1000.0,37.0,256.80000019073486,False
AGB6853RIDWJ8,ns,1,40-1,40.0,1000.0,39.0,3532.5000002384186,False
AGB6853RIDWJ8,ns,1,40-1,40.0,1000.0,40.0,2046.2000000476837,False
AGB6853RIDWJ8,ns,1,40-1,40.0,1000.0,40.0,1055.8000001907349,False
AGB6853RIDWJ8,ns,1,40-1,40.0,1000.0,40.0,10.300000190734863,False
AGB6853RIDWJ8,ns,1,40-1,40.0,1000.0,38.0,0.0,True
AGB6853RIDWJ8,ns,2,40-1,40.0,1000.0,24.0,2297.6000003814697,False
AGB6853RIDWJ8,ns,2,40-1,40.0,1000.0,17.0,8709.200000286102,False
AGB6853RIDWJ8,ns,2,40-1,40.0,1000.0,2.0,24505.300000190742,False
AGB6853RIDWJ8,ns,2,40-1,40.0,1000.0,2.0,5454.300000190735,False
AGB6853RIDWJ8,ns,2,40-1,40.0,1000.0,22.0,6403.400000095366,False
AGB6853RIDWJ8,ns,2,40-1,40.0,1000.0,1.0,799.0000004768372,False
AGB6853RIDWJ8,ns,2,40-1,40.0,1000.0,1.0,0.0,True
AGB6853RIDWJ8,ns,2,40-1,40.0,1000.0,18.0,669.7000002861023,False
AGB6853RIDWJ8,ns,2,40-1,40.0,1000.0,37.0,1318.2000002861023,False
AGB6853RIDWJ8,ns,2,40-1,40.0,1000.0,4.0,2551.7000002861023,False
AGB6853RIDWJ8,ns,2,40-1,40.0,1000.0,25.0,3209.0,False
AGB6853RIDWJ8,ns,3,40-1,40.0,1000.0,34.0,0.0,True
AGB6853RIDWJ8,ns,3,40-1,40.0,1000.0,35.0,5952.200000017881,False
AGB6853RIDWJ8,ns,3,40-1,40.0,1000.0,40.0,6968.5999999940395,False
AGB6853RIDWJ8,ns,3,40-1,40.0,1000.0,27.0,8025.400000005959,False
AGB6853RIDWJ8,ns,3,40-1,40.0,1000.0,33.0,4188.400000005959,False
AGB6853RIDWJ8,ns,3,40-1,40.0,1000.0,14.0,3771.199999988079,False
AGB6853RIDWJ8,ns,3,40-1,40.0,1000.0,2.0,2436.899999976158,False
AGB6853RIDWJ8,ns,3,40-1,40.0,1000.0,30.0,3554.300000011919,False
AGB6853RIDWJ8,ns,3,40-1,40.0,1000.0,8.0,16465.0,False
AGB6853RIDWJ8,ns,3,40-1,40.0,1000.0,40.0,4495.400000005959,False
AGB6853RIDWJ8,ns,4,40-1,40.0,1000.0,25.0,0.0,True
AGB6853RIDWJ8,ns,4,40-1,40.0,1000.0,1.0,5917.899999976158,False
AGB6853RIDWJ8,ns,4,40-1,40.0,1000.0,40.0,10578.600000023842,False
AGB6853RIDWJ8,ns,4,40-1,40.0,1000.0,2.0,9130.0,False
AGB6853RIDWJ8,ns,4,40-1,40.0,1000.0,2.0,4883.5,False
AGB6853RIDWJ8,ns,4,40-1,40.0,1000.0,2.0,4425.100000023842,False
AGB6853RIDWJ8,ns,4,40-1,40.0,1000.0,39.0,4169.300000071526,False
AGB6853RIDWJ8,ns,4,40-1,40.0,1000.0,40.0,3351.1999999284744,False
AGILQEFEPEK7N,ns,1,30-1,30.0,1000.0,1.0,0.0,True
AGILQEFEPEK7N,ns,1,30-1,30.0,1000.0,1.0,5752.399999976156,False
AGILQEFEPEK7N,ns,1,30-1,30.0,1000.0,30.0,2170.899999976158,False
AGILQEFEPEK7N,ns,1,30-1,30.0,1000.0,28.0,1159.3999999761581,False
AGILQEFEPEK7N,ns,1,30-1,30.0,1000.0,1.0,1662.3999999761581,False
AGILQEFEPEK7N,ns,1,30-1,30.0,1000.0,29.0,6858.300000011921,False
AGILQEFEPEK7N,ns,1,30-1,30.0,1000.0,29.0,1743.2999999523163,False
AGILQEFEPEK7N,ns,1,30-1,30.0,1000.0,16.0,1016.1999999284744,False
AGILQEFEPEK7N,ns,1,30-1,30.0,1000.0,27.0,4446.399999976158,False
AGILQEFEPEK7N,ns,1,30-1,30.0,1000.0,25.0,4053.399999976158,False
AGILQEFEPEK7N,ns,1,30-1,30.0,1000.0,30.0,5462.0,False
AGILQEFEPEK7N,ns,2,30-1,30.0,1000.0,2.0,1626.099999994039,False
AGILQEFEPEK7N,ns,2,30-1,30.0,1000.0,1.0,3206.499999970197,False
AGILQEFEPEK7N,ns,2,30-1,30.0,1000.0,29.0,1832.6999999880795,False
AGILQEFEPEK7N,ns,2,30-1,30.0,1000.0,1.0,2935.4999999999995,False
AGILQEFEPEK7N,ns,2,30-1,30.0,1000.0,28.0,1335.599999994039,False
AGILQEFEPEK7N,ns,2,30-1,30.0,1000.0,1.0,3469.40000000596,False
AGILQEFEPEK7N,ns,2,30-1,30.0,1000.0,1.0,1706.40000000596,False
AGILQEFEPEK7N,ns,2,30-1,30.0,1000.0,29.0,2431.599999994039,False
AGILQEFEPEK7N,ns,2,30-1,30.0,1000.0,29.0,4729.700000017881,False
AGILQEFEPEK7N,ns,2,30-1,30.0,1000.0,28.0,0.0,True
AGILQEFEPEK7N,ns,2,30-1,30.0,1000.0,29.0,1365.599999994039,False
AGILQEFEPEK7N,ns,2,30-1,30.0,1000.0,29.0,2992.799999982118,False
AGILQEFEPEK7N,ns,3,30-1,30.0,1000.0,28.0,272.80000001192093,False
AGILQEFEPEK7N,ns,3,30-1,30.0,1000.0,24.0,344.10000002384186,False
AGILQEFEPEK7N,ns,3,30-1,30.0,1000.0,25.0,0.0,True
AGILQEFEPEK7N,ns,3,30-1,30.0,1000.0,30.0,396.89999997615814,False
AGILQEFEPEK7N,ns,3,30-1,30.0,1000.0,29.0,639.2999999523163,False
AGILQEFEPEK7N,ns,3,30-1,30.0,1000.0,1.0,910.8999999761581,False
AGILQEFEPEK7N,ns,3,30-1,30.0,1000.0,30.0,1113.0999999642372,False
AGILQEFEPEK7N,ns,3,30-1,30.0,1000.0,1.0,429.89999997615814,False
AGILQEFEPEK7N,ns,3,30-1,30.0,1000.0,30.0,1003.0999999642372,False
AGILQEFEPEK7N,ns,3,30-1,30.0,1000.0,1.0,10386.199999988077,False
AGILQEFEPEK7N,ns,3,30-1,30.0,1000.0,29.0,875.0999999642372,False
AGILQEFEPEK7N,ns,4,30-1,30.0,1000.0,27.0,510.5,False
AGILQEFEPEK7N,ns,4,30-1,30.0,1000.0,30.0,3321.399999976158,False
AGILQEFEPEK7N,ns,4,30-1,30.0,1000.0,1.0,3205.0999999046326,False
AGILQEFEPEK7N,ns,4,30-1,30.0,1000.0,30.0,2777.0999999046326,False
AGILQEFEPEK7N,ns,4,30-1,30.0,1000.0,30.0,4930.399999976158,False
AGILQEFEPEK7N,ns,4,30-1,30.0,1000.0,29.0,2452.4999998807907,False
AGILQEFEPEK7N,ns,4,30-1,30.0,1000.0,30.0,906.3999999761581,False
AGILQEFEPEK7N,ns,4,30-1,30.0,1000.0,30.0,1454.8999999761581,False
AGILQEFEPEK7N,ns,4,30-1,30.0,1000.0,28.0,1317.0,False
AGILQEFEPEK7N,ns,4,30-1,30.0,1000.0,29.0,6809.899999976158,False
AGILQEFEPEK7N,ns,4,30-1,30.0,1000.0,28.0,0.0,True
AGILQEFEPEK7N,ns,4,30-1,30.0,1000.0,30.0,404.7999999523163,False
AGLFNO1XKM8O8,rec,1,40-1,40.0,1000.0,2.0,4453.200000017881,False
AGLFNO1XKM8O8,rec,1,40-1,40.0,1000.0,40.0,4335.79999998212,False
AGLFNO1XKM8O8,rec,1,40-1,40.0,1000.0,2.0,8363.30000001192,False
AGLFNO1XKM8O8,rec,1,40-1,40.0,1000.0,22.0,34161.69999998808,False
AGLFNO1XKM8O8,rec,1,40-1,40.0,1000.0,36.0,1854.4999999701977,False
AGLFNO1XKM8O8,rec,1,40-1,40.0,1000.0,1.0,70507.59999999404,False
AGLFNO1XKM8O8,rec,1,40-1,40.0,1000.0,1.0,20899.399999976158,False
AGLFNO1XKM8O8,rec,1,40-1,40.0,1000.0,39.0,153.09999999403954,False
AGLFNO1XKM8O8,rec,1,40-1,40.0,1000.0,40.0,0.0,True
AGLFNO1XKM8O8,rec,2,40-1,40.0,1000.0,40.0,0.0,True
AGLFNO1XKM8O8,rec,2,40-1,40.0,1000.0,1.0,1385.7000000029802,False
AGLFNO1XKM8O8,rec,2,40-1,40.0,1000.0,38.0,4897.79999999702,False
AGLFNO1XKM8O8,rec,2,40-1,40.0,1000.0,40.0,6662.70000000298,False
AGLFNO1XKM8O8,rec,2,40-1,40.0,1000.0,40.0,3427.5,False
AGLFNO1XKM8O8,rec,2,40-1,40.0,1000.0,40.0,2425.5,False
AGLFNO1XKM8O8,rec,2,40-1,40.0,1000.0,40.0,1554.7999999970198,False
AGLFNO1XKM8O8,rec,2,40-1,40.0,1000.0,40.0,2762.7000000029802,False
AGLFNO1XKM8O8,rec,2,40-1,40.0,1000.0,40.0,2155.7999999970198,False
AGLFNO1XKM8O8,rec,2,40-1,40.0,1000.0,39.0,3361.4000000059605,False
AGLFNO1XKM8O8,rec,2,40-1,40.0,1000.0,40.0,1712.0,False
AGLFNO1XKM8O8,rec,2,40-1,40.0,1000.0,40.0,2611.699999988079,False
AGLFNO1XKM8O8,rec,3,40-1,40.0,1000.0,39.0,0.0,True
AGLFNO1XKM8O8,rec,3,40-1,40.0,1000.0,39.0,1813.699999988079,False
AGLFNO1XKM8O8,rec,3,40-1,40.0,1000.0,40.0,2020.9000000357628,False
AGLFNO1XKM8O8,rec,3,40-1,40.0,1000.0,40.0,2151.199999988079,False
AGLFNO1XKM8O8,rec,3,40-1,40.0,1000.0,39.0,2229.400000035763,False
AGLFNO1XKM8O8,rec,3,40-1,40.0,1000.0,40.0,2250.0,False
AGLFNO1XKM8O8,rec,3,40-1,40.0,1000.0,40.0,4924.900000035763,False
AGLFNO1XKM8O8,rec,3,40-1,40.0,1000.0,40.0,1548.199999988079,False
AGLFNO1XKM8O8,rec,3,40-1,40.0,1000.0,40.0,1125.300000011921,False
AGLFNO1XKM8O8,rec,3,40-1,40.0,1000.0,40.0,657.0,False
AGLFNO1XKM8O8,rec,3,40-1,40.0,1000.0,40.0,1317.9000000357628,False
AGLFNO1XKM8O8,rec,4,40-1,40.0,1000.0,38.0,549.5999999046326,False
AGLFNO1XKM8O8,rec,4,40-1,40.0,1000.0,39.0,0.0,True
AGLFNO1XKM8O8,rec,4,40-1,40.0,1000.0,40.0,1113.5,False
AGLFNO1XKM8O8,rec,4,40-1,40.0,1000.0,40.0,977.6999998092651,False
AGLFNO1XKM8O8,rec,4,40-1,40.0,1000.0,40.0,484.69999980926514,False
AGLFNO1XKM8O8,rec,4,40-1,40.0,1000.0,40.0,1647.1999998092651,False
AGLFNO1XKM8O8,rec,4,40-1,40.0,1000.0,40.0,452.90000009536743,False
AGLFNO1XKM8O8,rec,4,40-1,40.0,1000.0,40.0,512.7999999523163,False
AGLFNO1XKM8O8,rec,4,40-1,40.0,1000.0,40.0,999.3999998569489,False
AH2C0LKV36ATT,prim,1,40-1,40.0,1000.0,1.0,0.0,True
AH2C0LKV36ATT,prim,1,40-1,40.0,1000.0,1.0,7980.0,False
AH2C0LKV36ATT,prim,1,40-1,40.0,1000.0,1.0,4935.0,False
AH2C0LKV36ATT,prim,1,40-1,40.0,1000.0,1.0,6163.0,False
AH2C0LKV36ATT,prim,1,40-1,40.0,1000.0,2.0,7847.0,False
AH2C0LKV36ATT,prim,1,40-1,40.0,1000.0,2.0,15525.0,False
AH2C0LKV36ATT,prim,1,40-1,40.0,1000.0,2.0,6119.0,False
AH2C0LKV36ATT,prim,1,40-1,40.0,1000.0,2.0,60043.0,False
AH2C0LKV36ATT,prim,1,40-1,40.0,1000.0,1.0,2383.0,False
AH2C0LKV36ATT,prim,1,40-1,40.0,1000.0,1.0,5477.0,False
AH2C0LKV36ATT,prim,1,40-1,40.0,1000.0,2.0,8486.0,False
AH2C0LKV36ATT,prim,2,40-1,40.0,1000.0,1.0,0.0,True
AH2C0LKV36ATT,prim,2,40-1,40.0,1000.0,2.0,5961.0,False
AH2C0LKV36ATT,prim,2,40-1,40.0,1000.0,2.0,8699.0,False
AH2C0LKV36ATT,prim,2,40-1,40.0,1000.0,1.0,7216.0,False
AH2C0LKV36ATT,prim,2,40-1,40.0,1000.0,1.0,5616.0,False
AH2C0LKV36ATT,prim,2,40-1,40.0,1000.0,2.0,3393.0,False
AH2C0LKV36ATT,prim,2,40-1,40.0,1000.0,2.0,3039.0,False
AH2C0LKV36ATT,prim,2,40-1,40.0,1000.0,1.0,5995.0,False
AH2C0LKV36ATT,prim,2,40-1,40.0,1000.0,2.0,5010.0,False
AH2C0LKV36ATT,prim,2,40-1,40.0,1000.0,1.0,11459.0,False
AH2C0LKV36ATT,prim,3,40-1,40.0,1000.0,9.0,229.0,False
AH2C0LKV36ATT,prim,3,40-1,40.0,1000.0,4.0,4143.0,False
AH2C0LKV36ATT,prim,3,40-1,40.0,1000.0,1.0,2432.0,False
AH2C0LKV36ATT,prim,3,40-1,40.0,1000.0,3.0,4021.0,False
AH2C0LKV36ATT,prim,3,40-1,40.0,1000.0,4.0,0.0,True
AH2C0LKV36ATT,prim,3,40-1,40.0,1000.0,2.0,4080.0,False
AH2C0LKV36ATT,prim,3,40-1,40.0,1000.0,1.0,6972.0,False
AH2C0LKV36ATT,prim,3,40-1,40.0,1000.0,1.0,38664.0,False
AH2C0LKV36ATT,prim,3,40-1,40.0,1000.0,1.0,7670.0,False
AH2C0LKV36ATT,prim,3,40-1,40.0,1000.0,2.0,4720.0,False
AH2C0LKV36ATT,prim,3,40-1,40.0,1000.0,1.0,1650.0,False
AH2C0LKV36ATT,prim,4,40-1,40.0,1000.0,2.0,4009.0,False
AH2C0LKV36ATT,prim,4,40-1,40.0,1000.0,1.0,2252.0,False
AH2C0LKV36ATT,prim,4,40-1,40.0,1000.0,3.0,0.0,True
AH2C0LKV36ATT,prim,4,40-1,40.0,1000.0,1.0,2576.0,False
AH2C0LKV36ATT,prim,4,40-1,40.0,1000.0,1.0,8786.0,False
AH2C0LKV36ATT,prim,4,40-1,40.0,1000.0,4.0,3713.0,False
AH2C0LKV36ATT,prim,4,40-1,40.0,1000.0,2.0,2759.0,False
AH2C0LKV36ATT,prim,4,40-1,40.0,1000.0,2.0,6500.0,False
AH2C0LKV36ATT,prim,4,40-1,40.0,1000.0,1.0,7120.0,False
AH2C0LKV36ATT,prim,4,40-1,40.0,1000.0,8.0,3668.0,False
AH2C0LKV36ATT,prim,4,40-1,40.0,1000.0,1.0,1966.0,False
AH7HACNNRSIPO,ns,1,30-1,30.0,1000.0,3.0,887.0999999046326,False
AH7HACNNRSIPO,ns,1,30-1,30.0,1000.0,1.0,1761.5999999046326,False
AH7HACNNRSIPO,ns,1,30-1,30.0,1000.0,15.0,2142.4000000953674,False
AH7HACNNRSIPO,ns,1,30-1,30.0,1000.0,1.0,8139.099999904633,False
AH7HACNNRSIPO,ns,1,30-1,30.0,1000.0,2.0,0.0,True
AH7HACNNRSIPO,ns,1,30-1,30.0,1000.0,2.0,663.4000000953674,False
AH7HACNNRSIPO,ns,1,30-1,30.0,1000.0,25.0,1748.0,False
AH7HACNNRSIPO,ns,1,30-1,30.0,1000.0,6.0,4123.700000286102,False
AH7HACNNRSIPO,ns,1,30-1,30.0,1000.0,2.0,875.7000002861023,False
AH7HACNNRSIPO,ns,1,30-1,30.0,1000.0,2.0,4602.300000190735,False
AH7HACNNRSIPO,ns,1,30-1,30.0,1000.0,27.0,1189.0,False
AH7HACNNRSIPO,ns,2,30-1,30.0,1000.0,7.0,5432.199999809265,False
AH7HACNNRSIPO,ns,2,30-1,30.0,1000.0,3.0,4574.699999809265,False
AH7HACNNRSIPO,ns,2,30-1,30.0,1000.0,13.0,842.8999996185303,False
AH7HACNNRSIPO,ns,2,30-1,30.0,1000.0,21.0,1927.1999998092651,False
AH7HACNNRSIPO,ns,2,30-1,30.0,1000.0,29.0,1279.6999998092651,False
AH7HACNNRSIPO,ns,2,30-1,30.0,1000.0,5.0,10734.5,False
AH7HACNNRSIPO,ns,2,30-1,30.0,1000.0,30.0,1806.3000001907349,False
AH7HACNNRSIPO,ns,2,30-1,30.0,1000.0,25.0,0.0,True
AH7HACNNRSIPO,ns,2,30-1,30.0,1000.0,27.0,1524.6999998092651,False
AH7HACNNRSIPO,ns,2,30-1,30.0,1000.0,17.0,2064.3999996185303,False
AH7HACNNRSIPO,ns,2,30-1,30.0,1000.0,28.0,2045.3999996185303,False
AH7HACNNRSIPO,ns,2,30-1,30.0,1000.0,28.0,843.6000003814697,False
AH7HACNNRSIPO,ns,3,30-1,30.0,1000.0,5.0,0.0,True
AH7HACNNRSIPO,ns,3,30-1,30.0,1000.0,1.0,1189.399999976159,False
AH7HACNNRSIPO,ns,3,30-1,30.0,1000.0,5.0,1279.9999999701977,False
AH7HACNNRSIPO,ns,3,30-1,30.0,1000.0,1.0,1100.5999999940395,False
AH7HACNNRSIPO,ns,3,30-1,30.0,1000.0,10.0,902.9999999701977,False
AH7HACNNRSIPO,ns,3,30-1,30.0,1000.0,4.0,15931.599999964237,False
AH7HACNNRSIPO,ns,3,30-1,30.0,1000.0,3.0,1557.9999999701977,False
AH7HACNNRSIPO,ns,3,30-1,30.0,1000.0,2.0,1724.4000000059605,False
AH7HACNNRSIPO,ns,3,30-1,30.0,1000.0,8.0,18221.19999998808,False
AH7HACNNRSIPO,ns,3,30-1,30.0,1000.0,2.0,59.699999988079526,False
AH7HACNNRSIPO,ns,3,30-1,30.0,1000.0,3.0,596.399999976159,False
AH7HACNNRSIPO,ns,4,30-1,30.0,1000.0,17.0,1520.7999999523163,False
AH7HACNNRSIPO,ns,4,30-1,30.0,1000.0,29.0,1013.7000000476837,False
AH7HACNNRSIPO,ns,4,30-1,30.0,1000.0,4.0,2118.7999999523163,False
AH7HACNNRSIPO,ns,4,30-1,30.0,1000.0,1.0,1715.6000000238419,False
AH7HACNNRSIPO,ns,4,30-1,30.0,1000.0,2.0,2932.0,False
AH7HACNNRSIPO,ns,4,30-1,30.0,1000.0,5.0,7914.5,False
AH7HACNNRSIPO,ns,4,30-1,30.0,1000.0,2.0,2997.4999998807907,False
AH7HACNNRSIPO,ns,4,30-1,30.0,1000.0,3.0,2022.8999999761581,False
AH7HACNNRSIPO,ns,4,30-1,30.0,1000.0,2.0,208.79999995231628,False
AH7HACNNRSIPO,ns,4,30-1,30.0,1000.0,2.0,2094.0999999046326,False
AH7HACNNRSIPO,ns,4,30-1,30.0,1000.0,1.0,0.0,True
AHU3EE2Q05E18,prim,1,20-1,20.0,1000.0,2.0,2682.5,False
AHU3EE2Q05E18,prim,1,20-1,20.0,1000.0,3.0,2459.699999809265,False
AHU3EE2Q05E18,prim,1,20-1,20.0,1000.0,1.0,1341.3999996185303,False
AHU3EE2Q05E18,prim,1,20-1,20.0,1000.0,2.0,5015.89999961853,False
AHU3EE2Q05E18,prim,1,20-1,20.0,1000.0,3.0,4681.099999427795,False
AHU3EE2Q05E18,prim,1,20-1,20.0,1000.0,2.0,0.0,True
AHU3EE2Q05E18,prim,1,20-1,20.0,1000.0,3.0,1682.7999997138977,False
AHU3EE2Q05E18,prim,1,20-1,20.0,1000.0,1.0,632.9000000953674,False
AHU3EE2Q05E18,prim,1,20-1,20.0,1000.0,2.0,13690.399999618538,False
AHU3EE2Q05E18,prim,2,20-1,20.0,1000.0,1.0,2422.0999999046326,False
AHU3EE2Q05E18,prim,2,20-1,20.0,1000.0,2.0,6381.099999904633,False
AHU3EE2Q05E18,prim,2,20-1,20.0,1000.0,2.0,3331.8000001907367,False
AHU3EE2Q05E18,prim,2,20-1,20.0,1000.0,15.0,5521.5,False
AHU3EE2Q05E18,prim,2,20-1,20.0,1000.0,2.0,1705.9000000953674,False
AHU3EE2Q05E18,prim,2,20-1,20.0,1000.0,1.0,0.0,True
AHU3EE2Q05E18,prim,2,20-1,20.0,1000.0,1.0,1304.2000002861023,False
AHU3EE2Q05E18,prim,2,20-1,20.0,1000.0,3.0,3774.6999998092633,False
AHU3EE2Q05E18,prim,2,20-1,20.0,1000.0,2.0,3223.7999997138977,False
AHU3EE2Q05E18,prim,2,20-1,20.0,1000.0,4.0,1260.9000000953674,False
AHU3EE2Q05E18,prim,2,20-1,20.0,1000.0,1.0,1755.3000001907349,False
AHU3EE2Q05E18,prim,3,20-1,20.0,1000.0,1.0,0.0,True
AHU3EE2Q05E18,prim,3,20-1,20.0,1000.0,1.0,1016.2000002861023,False
AHU3EE2Q05E18,prim,3,20-1,20.0,1000.0,2.0,6285.700000286102,False
AHU3EE2Q05E18,prim,3,20-1,20.0,1000.0,1.0,6204.600000381472,False
AHU3EE2Q05E18,prim,3,20-1,20.0,1000.0,2.0,11067.699999809265,False
AHU3EE2Q05E18,prim,3,20-1,20.0,1000.0,2.0,5996.400000095367,False
AHU3EE2Q05E18,prim,3,20-1,20.0,1000.0,1.0,3614.0,False
AHU3EE2Q05E18,prim,3,20-1,20.0,1000.0,1.0,3058.6000003814697,False
AHU3EE2Q05E18,prim,3,20-1,20.0,1000.0,1.0,6915.400000095367,False
AHU3EE2Q05E18,prim,4,20-1,20.0,1000.0,2.0,0.0,True
AHU3EE2Q05E18,prim,4,20-1,20.0,1000.0,1.0,2103.0,False
AHU3EE2Q05E18,prim,4,20-1,20.0,1000.0,2.0,4052.800000190735,False
AHU3EE2Q05E18,prim,4,20-1,20.0,1000.0,4.0,2692.800000190735,False
AHU3EE2Q05E18,prim,4,20-1,20.0,1000.0,2.0,3245.999999999998,False
AHU3EE2Q05E18,prim,4,20-1,20.0,1000.0,3.0,2518.199999809265,False
AHU3EE2Q05E18,prim,4,20-1,20.0,1000.0,1.0,1158.0999999046326,False
AHY3YAYJLTW32,rec,1,15-2,15.0,2000.0,14.0,0.0,True
AHY3YAYJLTW32,rec,1,15-2,15.0,2000.0,14.0,3663.0,False
AHY3YAYJLTW32,rec,1,15-2,15.0,2000.0,14.0,1548.0,False
AHY3YAYJLTW32,rec,1,15-2,15.0,2000.0,14.0,3070.0,False
AHY3YAYJLTW32,rec,1,15-2,15.0,2000.0,14.0,2016.0,False
AHY3YAYJLTW32,rec,1,15-2,15.0,2000.0,14.0,1549.0,False
AHY3YAYJLTW32,rec,1,15-2,15.0,2000.0,14.0,1981.0,False
AHY3YAYJLTW32,rec,1,15-2,15.0,2000.0,15.0,1725.0,False
AHY3YAYJLTW32,rec,1,15-2,15.0,2000.0,14.0,412.0,False
AHY3YAYJLTW32,rec,1,15-2,15.0,2000.0,13.0,544.0,False
AHY3YAYJLTW32,rec,1,15-2,15.0,2000.0,13.0,663.0,False
AHY3YAYJLTW32,rec,1,15-2,15.0,2000.0,15.0,945.0,False
AHY3YAYJLTW32,rec,2,15-2,15.0,2000.0,11.0,0.0,True
AHY3YAYJLTW32,rec,2,15-2,15.0,2000.0,15.0,2273.0,False
AHY3YAYJLTW32,rec,2,15-2,15.0,2000.0,15.0,1377.0,False
AHY3YAYJLTW32,rec,2,15-2,15.0,2000.0,12.0,2000.0,False
AHY3YAYJLTW32,rec,2,15-2,15.0,2000.0,14.0,2656.0,False
AHY3YAYJLTW32,rec,2,15-2,15.0,2000.0,14.0,1664.0,False
AHY3YAYJLTW32,rec,2,15-2,15.0,2000.0,12.0,2220.0,False
AHY3YAYJLTW32,rec,2,15-2,15.0,2000.0,13.0,3108.0,False
AHY3YAYJLTW32,rec,2,15-2,15.0,2000.0,14.0,1027.0,False
AHY3YAYJLTW32,rec,2,15-2,15.0,2000.0,15.0,3165.0,False
AHY3YAYJLTW32,rec,2,15-2,15.0,2000.0,15.0,3266.0,False
AHY3YAYJLTW32,rec,2,15-2,15.0,2000.0,15.0,1877.0,False
AHY3YAYJLTW32,rec,3,15-2,15.0,2000.0,15.0,339.0,False
AHY3YAYJLTW32,rec,3,15-2,15.0,2000.0,14.0,2324.0,False
AHY3YAYJLTW32,rec,3,15-2,15.0,2000.0,15.0,4825.0,False
AHY3YAYJLTW32,rec,3,15-2,15.0,2000.0,15.0,5631.0,False
AHY3YAYJLTW32,rec,3,15-2,15.0,2000.0,15.0,3370.0,False
AHY3YAYJLTW32,rec,3,15-2,15.0,2000.0,13.0,459.0,False
AHY3YAYJLTW32,rec,3,15-2,15.0,2000.0,15.0,0.0,True
AHY3YAYJLTW32,rec,3,15-2,15.0,2000.0,15.0,5132.0,False
AHY3YAYJLTW32,rec,3,15-2,15.0,2000.0,15.0,2674.0,False
AHY3YAYJLTW32,rec,3,15-2,15.0,2000.0,15.0,1120.0,False
AHY3YAYJLTW32,rec,3,15-2,15.0,2000.0,15.0,1249.0,False
AHY3YAYJLTW32,rec,3,15-2,15.0,2000.0,14.0,1084.0,False
AHY3YAYJLTW32,rec,4,15-2,15.0,2000.0,13.0,1206.0,False
AHY3YAYJLTW32,rec,4,15-2,15.0,2000.0,12.0,1417.0,False
AHY3YAYJLTW32,rec,4,15-2,15.0,2000.0,15.0,2364.0,False
AHY3YAYJLTW32,rec,4,15-2,15.0,2000.0,15.0,2521.0,False
AHY3YAYJLTW32,rec,4,15-2,15.0,2000.0,15.0,712.0,False
AHY3YAYJLTW32,rec,4,15-2,15.0,2000.0,3.0,6284.0,False
AHY3YAYJLTW32,rec,4,15-2,15.0,2000.0,15.0,834.0,False
AHY3YAYJLTW32,rec,4,15-2,15.0,2000.0,15.0,1867.0,False
AHY3YAYJLTW32,rec,4,15-2,15.0,2000.0,15.0,0.0,True
AHY3YAYJLTW32,rec,4,15-2,15.0,2000.0,15.0,876.0,False
AHY3YAYJLTW32,rec,4,15-2,15.0,2000.0,14.0,2493.0,False
AHY3YAYJLTW32,rec,4,15-2,15.0,2000.0,12.0,609.0,False
AHZCC2V399WUN,ns,1,20-2,20.0,2000.0,11.0,0.0,True
AHZCC2V399WUN,ns,1,20-2,20.0,2000.0,9.0,4151.000000238419,False
AHZCC2V399WUN,ns,1,20-2,20.0,2000.0,12.0,5628.900000095367,False
AHZCC2V399WUN,ns,1,20-2,20.0,2000.0,11.0,33540.900000095375,False
AHZCC2V399WUN,ns,1,20-2,20.0,2000.0,10.0,2949.100000143051,False
AHZCC2V399WUN,ns,1,20-2,20.0,2000.0,1.0,13164.400000095367,False
AHZCC2V399WUN,ns,1,20-2,20.0,2000.0,10.0,2991.5,False
AHZCC2V399WUN,ns,1,20-2,20.0,2000.0,12.0,2120.5,False
AHZCC2V399WUN,ns,1,20-2,20.0,2000.0,1.0,1614.2000000476837,False
AHZCC2V399WUN,ns,1,20-2,20.0,2000.0,14.0,1559.3000001907349,False
AHZCC2V399WUN,ns,1,20-2,20.0,2000.0,14.0,1654.6000001430511,False
AHZCC2V399WUN,ns,2,20-2,20.0,2000.0,11.0,997.4999997615814,False
AHZCC2V399WUN,ns,2,20-2,20.0,2000.0,10.0,15930.399999856952,False
AHZCC2V399WUN,ns,2,20-2,20.0,2000.0,19.0,1541.0999999046326,False
AHZCC2V399WUN,ns,2,20-2,20.0,2000.0,20.0,0.0,True
AHZCC2V399WUN,ns,2,20-2,20.0,2000.0,1.0,2050.899999856949,False
AHZCC2V399WUN,ns,2,20-2,20.0,2000.0,2.0,1197.0999999046326,False
AHZCC2V399WUN,ns,2,20-2,20.0,2000.0,1.0,2877.2999999523163,False
AHZCC2V399WUN,ns,2,20-2,20.0,2000.0,3.0,1140.0000000000005,False
AHZCC2V399WUN,ns,2,20-2,20.0,2000.0,1.0,411.39999985694885,False
AHZCC2V399WUN,ns,2,20-2,20.0,2000.0,1.0,1918.0999999046326,False
AHZCC2V399WUN,ns,3,20-2,20.0,2000.0,1.0,6012.600000143051,False
AHZCC2V399WUN,ns,3,20-2,20.0,2000.0,4.0,2895.200000047684,False
AHZCC2V399WUN,ns,3,20-2,20.0,2000.0,2.0,3867.2999999523167,False
AHZCC2V399WUN,ns,3,20-2,20.0,2000.0,1.0,3427.1000001430516,False
AHZCC2V399WUN,ns,3,20-2,20.0,2000.0,3.0,6062.0,False
AHZCC2V399WUN,ns,3,20-2,20.0,2000.0,1.0,6450.400000095367,False
AHZCC2V399WUN,ns,3,20-2,20.0,2000.0,20.0,1506.8000001907353,False
AHZCC2V399WUN,ns,3,20-2,20.0,2000.0,12.0,0.0,True
AHZCC2V399WUN,ns,3,20-2,20.0,2000.0,1.0,3383.8999998569493,False
AHZCC2V399WUN,ns,3,20-2,20.0,2000.0,13.0,2161.400000095368,False
AHZCC2V399WUN,ns,3,20-2,20.0,2000.0,8.0,3393.6000001430516,False
AHZCC2V399WUN,ns,3,20-2,20.0,2000.0,1.0,239.7999999523172,False
AHZCC2V399WUN,ns,4,20-2,20.0,2000.0,4.0,0.0,True
AHZCC2V399WUN,ns,4,20-2,20.0,2000.0,13.0,264.59999990463257,False
AHZCC2V399WUN,ns,4,20-2,20.0,2000.0,2.0,2539.800000190735,False
AHZCC2V399WUN,ns,4,20-2,20.0,2000.0,2.0,2312.9000000953674,False
AHZCC2V399WUN,ns,4,20-2,20.0,2000.0,1.0,2656.7000002861023,False
AHZCC2V399WUN,ns,4,20-2,20.0,2000.0,1.0,4858.200000286102,False
AHZCC2V399WUN,ns,4,20-2,20.0,2000.0,4.0,20367.000000476834,False
AHZCC2V399WUN,ns,4,20-2,20.0,2000.0,8.0,8487.200000286102,False
AHZCC2V399WUN,ns,4,20-2,20.0,2000.0,2.0,5699.900000095366,False
AHZCC2V399WUN,ns,4,20-2,20.0,2000.0,4.0,10396.900000095366,False
AHZCC2V399WUN,ns,4,20-2,20.0,2000.0,16.0,4771.800000190735,False
AIDU49N2KO05N,ns,1,30-1,30.0,1000.0,8.0,0.0,True
AIDU49N2KO05N,ns,1,30-1,30.0,1000.0,2.0,7107.5,False
AIDU49N2KO05N,ns,1,30-1,30.0,1000.0,10.0,7247.199999809265,False
AIDU49N2KO05N,ns,1,30-1,30.0,1000.0,2.0,13510.299999952316,False
AIDU49N2KO05N,ns,1,30-1,30.0,1000.0,7.0,3305.0999999046326,False
AIDU49N2KO05N,ns,1,30-1,30.0,1000.0,19.0,10005.699999809265,False
AIDU49N2KO05N,ns,1,30-1,30.0,1000.0,11.0,1264.1999998092651,False
AIDU49N2KO05N,ns,1,30-1,30.0,1000.0,1.0,3024.9999997615814,False
AIDU49N2KO05N,ns,1,30-1,30.0,1000.0,1.0,2325.399999856949,False
AIDU49N2KO05N,ns,1,30-1,30.0,1000.0,10.0,9228.200000047686,False
AIDU49N2KO05N,ns,1,30-1,30.0,1000.0,6.0,2581.5999999046326,False
AIDU49N2KO05N,ns,2,30-1,30.0,1000.0,17.0,0.0,True
AIDU49N2KO05N,ns,2,30-1,30.0,1000.0,19.0,3905.9999999403935,False
AIDU49N2KO05N,ns,2,30-1,30.0,1000.0,12.0,9180.599999964239,False
AIDU49N2KO05N,ns,2,30-1,30.0,1000.0,9.0,3818.9999999403935,False
AIDU49N2KO05N,ns,2,30-1,30.0,1000.0,1.0,6470.399999976158,False
AIDU49N2KO05N,ns,2,30-1,30.0,1000.0,9.0,3943.9999999403935,False
AIDU49N2KO05N,ns,2,30-1,30.0,1000.0,10.0,6219.299999952316,False
AIDU49N2KO05N,ns,2,30-1,30.0,1000.0,4.0,1420.9999999403954,False
AIDU49N2KO05N,ns,3,30-1,30.0,1000.0,1.0,0.0,True
AIDU49N2KO05N,ns,3,30-1,30.0,1000.0,20.0,6071.899999976158,False
AIDU49N2KO05N,ns,3,30-1,30.0,1000.0,8.0,8622.0,False
AIDU49N2KO05N,ns,3,30-1,30.0,1000.0,2.0,18245.89999997616,False
AIDU49N2KO05N,ns,3,30-1,30.0,1000.0,25.0,3811.7000000476837,False
AIDU49N2KO05N,ns,3,30-1,30.0,1000.0,23.0,9677.69999998808,False
AIDU49N2KO05N,ns,3,30-1,30.0,1000.0,17.0,1687.9000000357628,False
AIDU49N2KO05N,ns,3,30-1,30.0,1000.0,15.0,11281.5,False
AIDU49N2KO05N,ns,3,30-1,30.0,1000.0,11.0,4196.199999988079,False
AIDU49N2KO05N,ns,3,30-1,30.0,1000.0,2.0,6491.600000023842,False
AIDU49N2KO05N,ns,3,30-1,30.0,1000.0,29.0,966.4000000357628,False
AIDU49N2KO05N,ns,3,30-1,30.0,1000.0,1.0,13995.100000023842,False
AIDU49N2KO05N,ns,4,30-1,30.0,1000.0,7.0,0.0,True
AIDU49N2KO05N,ns,4,30-1,30.0,1000.0,22.0,7509.899999976158,False
AIDU49N2KO05N,ns,4,30-1,30.0,1000.0,30.0,5138.199999928474,False
AIDU49N2KO05N,ns,4,30-1,30.0,1000.0,30.0,4417.799999952316,False
AIDU49N2KO05N,ns,4,30-1,30.0,1000.0,29.0,4846.0,False
AIDU49N2KO05N,ns,4,30-1,30.0,1000.0,16.0,6409.299999952316,False
AJABAPM32ETMN,rec,1,20-2,20.0,2000.0,1.0,501.0,False
AJABAPM32ETMN,rec,1,20-2,20.0,2000.0,1.0,5493.0,False
AJABAPM32ETMN,rec,1,20-2,20.0,2000.0,18.0,0.0,True
AJABAPM32ETMN,rec,1,20-2,20.0,2000.0,14.0,2229.0,False
AJABAPM32ETMN,rec,1,20-2,20.0,2000.0,1.0,12982.0,False
AJABAPM32ETMN,rec,1,20-2,20.0,2000.0,20.0,3219.0,False
AJABAPM32ETMN,rec,1,20-2,20.0,2000.0,19.0,5163.0,False
AJABAPM32ETMN,rec,1,20-2,20.0,2000.0,19.0,4828.0,False
AJABAPM32ETMN,rec,1,20-2,20.0,2000.0,19.0,4423.0,False
AJABAPM32ETMN,rec,1,20-2,20.0,2000.0,10.0,38908.0,False
AJABAPM32ETMN,rec,1,20-2,20.0,2000.0,20.0,2760.0,False
AJABAPM32ETMN,rec,1,20-2,20.0,2000.0,17.0,1547.0,False
AJABAPM32ETMN,rec,2,20-2,20.0,2000.0,20.0,2688.0,False
AJABAPM32ETMN,rec,2,20-2,20.0,2000.0,19.0,0.0,True
AJABAPM32ETMN,rec,2,20-2,20.0,2000.0,20.0,1424.0,False
AJABAPM32ETMN,rec,2,20-2,20.0,2000.0,19.0,535.0,False
AJABAPM32ETMN,rec,2,20-2,20.0,2000.0,17.0,8590.0,False
AJABAPM32ETMN,rec,2,20-2,20.0,2000.0,18.0,634.0,False
AJABAPM32ETMN,rec,2,20-2,20.0,2000.0,20.0,6423.0,False
AJABAPM32ETMN,rec,2,20-2,20.0,2000.0,16.0,1419.0,False
AJABAPM32ETMN,rec,2,20-2,20.0,2000.0,20.0,3241.0,False
AJABAPM32ETMN,rec,2,20-2,20.0,2000.0,20.0,2610.0,False
AJABAPM32ETMN,rec,3,20-2,20.0,2000.0,20.0,346.0,False
AJABAPM32ETMN,rec,3,20-2,20.0,2000.0,20.0,1794.0,False
AJABAPM32ETMN,rec,3,20-2,20.0,2000.0,20.0,5096.0,False
AJABAPM32ETMN,rec,3,20-2,20.0,2000.0,20.0,1320.0,False
AJABAPM32ETMN,rec,3,20-2,20.0,2000.0,19.0,4239.0,False
AJABAPM32ETMN,rec,3,20-2,20.0,2000.0,15.0,684.0,False
AJABAPM32ETMN,rec,3,20-2,20.0,2000.0,17.0,7671.0,False
AJABAPM32ETMN,rec,3,20-2,20.0,2000.0,20.0,6301.0,False
AJABAPM32ETMN,rec,3,20-2,20.0,2000.0,17.0,1522.0,False
AJABAPM32ETMN,rec,3,20-2,20.0,2000.0,19.0,1506.0,False
AJABAPM32ETMN,rec,3,20-2,20.0,2000.0,15.0,0.0,True
AJABAPM32ETMN,rec,3,20-2,20.0,2000.0,20.0,817.0,False
AJD90361AJO80,ns,1,20-1,20.0,1000.0,1.0,2324.0,False
AJD90361AJO80,ns,1,20-1,20.0,1000.0,20.0,20921.0,False
AJD90361AJO80,ns,1,20-1,20.0,1000.0,20.0,0.0,True
AJD90361AJO80,ns,1,20-1,20.0,1000.0,18.0,2988.0,False
AJD90361AJO80,ns,1,20-1,20.0,1000.0,2.0,13764.0,False
AJD90361AJO80,ns,1,20-1,20.0,1000.0,1.0,10756.0,False
AJD90361AJO80,ns,1,20-1,20.0,1000.0,2.0,10749.0,False
AJD90361AJO80,ns,1,20-1,20.0,1000.0,4.0,24043.0,False
AJD90361AJO80,ns,1,20-1,20.0,1000.0,12.0,30850.0,False
AJD90361AJO80,ns,2,20-1,20.0,1000.0,20.0,1455.0,False
AJD90361AJO80,ns,2,20-1,20.0,1000.0,19.0,12747.0,False
AJD90361AJO80,ns,2,20-1,20.0,1000.0,20.0,5399.0,False
AJD90361AJO80,ns,2,20-1,20.0,1000.0,12.0,14146.0,False
AJD90361AJO80,ns,2,20-1,20.0,1000.0,20.0,0.0,True
AJD90361AJO80,ns,2,20-1,20.0,1000.0,2.0,15657.0,False
AJD90361AJO80,ns,2,20-1,20.0,1000.0,14.0,3472.0,False
AJD90361AJO80,ns,2,20-1,20.0,1000.0,20.0,12421.0,False
AJD90361AJO80,ns,2,20-1,20.0,1000.0,19.0,4990.0,False
AJD90361AJO80,ns,2,20-1,20.0,1000.0,20.0,3145.0,False
AJD90361AJO80,ns,2,20-1,20.0,1000.0,20.0,2039.0,False
AJD90361AJO80,ns,3,20-1,20.0,1000.0,12.0,3185.0,False
AJD90361AJO80,ns,3,20-1,20.0,1000.0,19.0,1977.0,False
AJD90361AJO80,ns,3,20-1,20.0,1000.0,2.0,774.0,False
AJD90361AJO80,ns,3,20-1,20.0,1000.0,1.0,4209.0,False
AJD90361AJO80,ns,3,20-1,20.0,1000.0,20.0,3522.0,False
AJD90361AJO80,ns,3,20-1,20.0,1000.0,19.0,22175.0,False
AJD90361AJO80,ns,3,20-1,20.0,1000.0,20.0,0.0,True
AJD90361AJO80,ns,3,20-1,20.0,1000.0,19.0,2502.0,False
AJD90361AJO80,ns,3,20-1,20.0,1000.0,20.0,465.0,False
AJD90361AJO80,ns,3,20-1,20.0,1000.0,20.0,2159.0,False
AJD90361AJO80,ns,4,20-1,20.0,1000.0,6.0,2344.0,False
AJD90361AJO80,ns,4,20-1,20.0,1000.0,12.0,5792.0,False
AJD90361AJO80,ns,4,20-1,20.0,1000.0,19.0,6251.0,False
AJD90361AJO80,ns,4,20-1,20.0,1000.0,20.0,8578.0,False
AJD90361AJO80,ns,4,20-1,20.0,1000.0,20.0,2842.0,False
AJD90361AJO80,ns,4,20-1,20.0,1000.0,1.0,11955.0,False
AJD90361AJO80,ns,4,20-1,20.0,1000.0,2.0,21726.0,False
AJD90361AJO80,ns,4,20-1,20.0,1000.0,19.0,3380.0,False
AJD90361AJO80,ns,4,20-1,20.0,1000.0,20.0,3685.0,False
AJD90361AJO80,ns,4,20-1,20.0,1000.0,19.0,0.0,True
AJUVX0E4OPTAO,prim,1,30-1,30.0,1000.0,3.0,896.0,False
AJUVX0E4OPTAO,prim,1,30-1,30.0,1000.0,1.0,4147.0,False
AJUVX0E4OPTAO,prim,1,30-1,30.0,1000.0,1.0,2325.0,False
AJUVX0E4OPTAO,prim,1,30-1,30.0,1000.0,2.0,5647.0,False
AJUVX0E4OPTAO,prim,1,30-1,30.0,1000.0,1.0,570.0,False
AJUVX0E4OPTAO,prim,1,30-1,30.0,1000.0,2.0,8924.0,False
AJUVX0E4OPTAO,prim,1,30-1,30.0,1000.0,2.0,5910.0,False
AJUVX0E4OPTAO,prim,1,30-1,30.0,1000.0,1.0,0.0,True
AJUVX0E4OPTAO,prim,2,30-1,30.0,1000.0,3.0,0.0,True
AJUVX0E4OPTAO,prim,2,30-1,30.0,1000.0,3.0,25352.0,False
AJUVX0E4OPTAO,prim,2,30-1,30.0,1000.0,1.0,3305.0,False
AJUVX0E4OPTAO,prim,2,30-1,30.0,1000.0,1.0,994.0,False
AJUVX0E4OPTAO,prim,2,30-1,30.0,1000.0,1.0,4397.0,False
AJUVX0E4OPTAO,prim,2,30-1,30.0,1000.0,1.0,2332.0,False
AJUVX0E4OPTAO,prim,2,30-1,30.0,1000.0,1.0,9115.0,False
AJUVX0E4OPTAO,prim,3,30-1,30.0,1000.0,1.0,3551.0,False
AJUVX0E4OPTAO,prim,3,30-1,30.0,1000.0,2.0,0.0,True
AJUVX0E4OPTAO,prim,3,30-1,30.0,1000.0,3.0,4505.0,False
AJUVX0E4OPTAO,prim,3,30-1,30.0,1000.0,1.0,3740.0,False
AJUVX0E4OPTAO,prim,3,30-1,30.0,1000.0,2.0,1319.0,False
AJUVX0E4OPTAO,prim,3,30-1,30.0,1000.0,1.0,2611.0,False
AJUVX0E4OPTAO,prim,3,30-1,30.0,1000.0,1.0,3357.0,False
AJUVX0E4OPTAO,prim,3,30-1,30.0,1000.0,3.0,4749.0,False
AJUVX0E4OPTAO,prim,3,30-1,30.0,1000.0,4.0,1267.0,False
AJUVX0E4OPTAO,prim,4,30-1,30.0,1000.0,1.0,0.0,True
AJUVX0E4OPTAO,prim,4,30-1,30.0,1000.0,1.0,2768.0,False
AJUVX0E4OPTAO,prim,4,30-1,30.0,1000.0,4.0,2386.0,False
AJUVX0E4OPTAO,prim,4,30-1,30.0,1000.0,1.0,4731.0,False
AJUVX0E4OPTAO,prim,4,30-1,30.0,1000.0,2.0,4216.0,False
AJUVX0E4OPTAO,prim,4,30-1,30.0,1000.0,2.0,873.0,False
AJUVX0E4OPTAO,prim,4,30-1,30.0,1000.0,3.0,541.0,False
AK1EF4NACR1UJ,prim,1,20-2,20.0,2000.0,1.0,13538.499999761581,False
AK1EF4NACR1UJ,prim,1,20-2,20.0,2000.0,1.0,4289.100000143053,False
AK1EF4NACR1UJ,prim,1,20-2,20.0,2000.0,1.0,7190.700000047684,False
AK1EF4NACR1UJ,prim,1,20-2,20.0,2000.0,1.0,3177.5,False
AK1EF4NACR1UJ,prim,1,20-2,20.0,2000.0,2.0,9412.900000095367,False
AK1EF4NACR1UJ,prim,1,20-2,20.0,2000.0,1.0,12816.5,False
AK1EF4NACR1UJ,prim,1,20-2,20.0,2000.0,1.0,0.0,True
AK1EF4NACR1UJ,prim,2,20-2,20.0,2000.0,1.0,0.0,True
AK1EF4NACR1UJ,prim,2,20-2,20.0,2000.0,1.0,9726.199999809265,False
AK1EF4NACR1UJ,prim,2,20-2,20.0,2000.0,1.0,9633.299999713898,False
AK1EF4NACR1UJ,prim,2,20-2,20.0,2000.0,1.0,6712.799999713898,False
AK1EF4NACR1UJ,prim,2,20-2,20.0,2000.0,1.0,6167.89999961853,False
AK1EF4NACR1UJ,prim,2,20-2,20.0,2000.0,1.0,9308.299999713898,False
AK1EF4NACR1UJ,prim,3,20-2,20.0,2000.0,1.0,4246.300000190735,False
AK1EF4NACR1UJ,prim,3,20-2,20.0,2000.0,20.0,5180.699999809265,False
AK1EF4NACR1UJ,prim,3,20-2,20.0,2000.0,9.0,1537.6999998092651,False
AK1EF4NACR1UJ,prim,3,20-2,20.0,2000.0,13.0,435.5,False
AK1EF4NACR1UJ,prim,3,20-2,20.0,2000.0,19.0,1164.2000002861023,False
AK1EF4NACR1UJ,prim,3,20-2,20.0,2000.0,20.0,19952.099999904633,False
AK1EF4NACR1UJ,prim,3,20-2,20.0,2000.0,1.0,0.0,True
AK1EF4NACR1UJ,prim,4,20-2,20.0,2000.0,1.0,0.0,True
AK1EF4NACR1UJ,prim,4,20-2,20.0,2000.0,1.0,4894.900000572206,False
AK1EF4NACR1UJ,prim,4,20-2,20.0,2000.0,2.0,3313.800000190735,False
AK1EF4NACR1UJ,prim,4,20-2,20.0,2000.0,1.0,4290.10000038147,False
AK1EF4NACR1UJ,prim,4,20-2,20.0,2000.0,1.0,8388.20000076294,False
AK1EF4NACR1UJ,prim,4,20-2,20.0,2000.0,1.0,4382.400000572205,False
AK1EF4NACR1UJ,prim,4,20-2,20.0,2000.0,1.0,2437.2000002861023,False
AK1EF4NACR1UJ,prim,4,20-2,20.0,2000.0,1.0,2608.800000667572,False
AK1EF4NACR1UJ,prim,4,20-2,20.0,2000.0,1.0,4625.000000476837,False
AK1EF4NACR1UJ,prim,4,20-2,20.0,2000.0,1.0,8889.5,False
AK2PMO5I7OCEK,prim,1,10-2,10.0,2000.0,1.0,0.0,True
AK2PMO5I7OCEK,prim,1,10-2,10.0,2000.0,3.0,4250.0,False
AK2PMO5I7OCEK,prim,1,10-2,10.0,2000.0,1.0,4540.0,False
AK2PMO5I7OCEK,prim,1,10-2,10.0,2000.0,1.0,4427.0,False
AK2PMO5I7OCEK,prim,1,10-2,10.0,2000.0,2.0,3855.0,False
AK2PMO5I7OCEK,prim,1,10-2,10.0,2000.0,1.0,6589.0,False
AK2PMO5I7OCEK,prim,1,10-2,10.0,2000.0,1.0,4758.0,False
AK2PMO5I7OCEK,prim,1,10-2,10.0,2000.0,1.0,3905.0,False
AK2PMO5I7OCEK,prim,1,10-2,10.0,2000.0,2.0,8654.0,False
AK2PMO5I7OCEK,prim,2,10-2,10.0,2000.0,2.0,2028.0,False
AK2PMO5I7OCEK,prim,2,10-2,10.0,2000.0,1.0,7641.0,False
AK2PMO5I7OCEK,prim,2,10-2,10.0,2000.0,2.0,3207.0,False
AK2PMO5I7OCEK,prim,2,10-2,10.0,2000.0,1.0,3276.0,False
AK2PMO5I7OCEK,prim,2,10-2,10.0,2000.0,1.0,3843.0,False
AK2PMO5I7OCEK,prim,2,10-2,10.0,2000.0,1.0,1316.0,False
AK2PMO5I7OCEK,prim,2,10-2,10.0,2000.0,2.0,0.0,True
AK2PMO5I7OCEK,prim,2,10-2,10.0,2000.0,1.0,5989.0,False
AK2PMO5I7OCEK,prim,2,10-2,10.0,2000.0,1.0,1323.0,False
AK2PMO5I7OCEK,prim,2,10-2,10.0,2000.0,1.0,4248.0,False
AK2PMO5I7OCEK,prim,3,10-2,10.0,2000.0,1.0,0.0,True
AK2PMO5I7OCEK,prim,3,10-2,10.0,2000.0,1.0,7796.0,False
AK2PMO5I7OCEK,prim,3,10-2,10.0,2000.0,1.0,4450.0,False
AK2PMO5I7OCEK,prim,3,10-2,10.0,2000.0,1.0,4152.0,False
AK2PMO5I7OCEK,prim,3,10-2,10.0,2000.0,1.0,7651.0,False
AK2PMO5I7OCEK,prim,3,10-2,10.0,2000.0,1.0,2638.0,False
AK2PMO5I7OCEK,prim,3,10-2,10.0,2000.0,1.0,6426.0,False
AK2PMO5I7OCEK,prim,3,10-2,10.0,2000.0,1.0,8850.0,False
AK2PMO5I7OCEK,prim,3,10-2,10.0,2000.0,1.0,1628.0,False
AK2PMO5I7OCEK,prim,4,10-2,10.0,2000.0,1.0,0.0,True
AK2PMO5I7OCEK,prim,4,10-2,10.0,2000.0,1.0,6042.0,False
AK2PMO5I7OCEK,prim,4,10-2,10.0,2000.0,1.0,2832.0,False
AK2PMO5I7OCEK,prim,4,10-2,10.0,2000.0,1.0,4927.0,False
AK2PMO5I7OCEK,prim,4,10-2,10.0,2000.0,1.0,4369.0,False
AK2PMO5I7OCEK,prim,4,10-2,10.0,2000.0,1.0,4804.0,False
AK2PMO5I7OCEK,prim,4,10-2,10.0,2000.0,1.0,3683.0,False
AK2PMO5I7OCEK,prim,4,10-2,10.0,2000.0,2.0,3538.0,False
AK2PMO5I7OCEK,prim,4,10-2,10.0,2000.0,1.0,5815.0,False
AK3GAHRZ6M6WM,rec,1,30-1,30.0,1000.0,2.0,0.0,True
AK3GAHRZ6M6WM,rec,1,30-1,30.0,1000.0,3.0,14892.100000023845,False
AK3GAHRZ6M6WM,rec,1,30-1,30.0,1000.0,30.0,2366.900000095368,False
AK3GAHRZ6M6WM,rec,1,30-1,30.0,1000.0,30.0,4449.200000047684,False
AK3GAHRZ6M6WM,rec,1,30-1,30.0,1000.0,29.0,2955.6000000238423,False
AK3GAHRZ6M6WM,rec,1,30-1,30.0,1000.0,28.0,6081.700000047684,False
AK3GAHRZ6M6WM,rec,1,30-1,30.0,1000.0,29.0,3092.5000001192097,False
AK3GAHRZ6M6WM,rec,1,30-1,30.0,1000.0,30.0,4043.6000001430516,False
AK3GAHRZ6M6WM,rec,1,30-1,30.0,1000.0,27.0,2378.300000071526,False
AK3GAHRZ6M6WM,rec,2,30-1,30.0,1000.0,29.0,3908.600000023842,False
AK3GAHRZ6M6WM,rec,2,30-1,30.0,1000.0,30.0,7445.099999904636,False
AK3GAHRZ6M6WM,rec,2,30-1,30.0,1000.0,29.0,3260.2999999523163,False
AK3GAHRZ6M6WM,rec,2,30-1,30.0,1000.0,29.0,1755.9999998807907,False
AK3GAHRZ6M6WM,rec,2,30-1,30.0,1000.0,28.0,0.0,True
AK3GAHRZ6M6WM,rec,2,30-1,30.0,1000.0,30.0,1359.1000000238419,False
AK52RXEJKR81A,ns,1,20-1,20.0,1000.0,2.0,0.0,True
AK52RXEJKR81A,ns,1,20-1,20.0,1000.0,1.0,7832.300001144409,False
AK52RXEJKR81A,ns,1,20-1,20.0,1000.0,1.0,11010.30000114441,False
AK52RXEJKR81A,ns,1,20-1,20.0,1000.0,2.0,2430.0,False
AK52RXEJKR81A,ns,1,20-1,20.0,1000.0,7.0,3838.1000003814697,False
AK52RXEJKR81A,ns,1,20-1,20.0,1000.0,1.0,3118.9000005722046,False
AK52RXEJKR81A,ns,1,20-1,20.0,1000.0,1.0,6421.199999809265,False
AK52RXEJKR81A,ns,1,20-1,20.0,1000.0,20.0,3958.0,False
AK52RXEJKR81A,ns,1,20-1,20.0,1000.0,20.0,3512.2000007629395,False
AK52RXEJKR81A,ns,1,20-1,20.0,1000.0,19.0,3220.1000003814697,False
AK52RXEJKR81A,ns,1,20-1,20.0,1000.0,20.0,2503.5,False
AK52RXEJKR81A,ns,1,20-1,20.0,1000.0,1.0,4677.699999809265,False
AK52RXEJKR81A,ns,2,20-1,20.0,1000.0,2.0,0.0,True
AK52RXEJKR81A,ns,2,20-1,20.0,1000.0,4.0,3932.0,False
AK52RXEJKR81A,ns,2,20-1,20.0,1000.0,20.0,6854.5,False
AK52RXEJKR81A,ns,2,20-1,20.0,1000.0,2.0,5061.800000190735,False
AK52RXEJKR81A,ns,2,20-1,20.0,1000.0,1.0,4705.300000190735,False
AK52RXEJKR81A,ns,2,20-1,20.0,1000.0,20.0,2758.300000190735,False
AK52RXEJKR81A,ns,2,20-1,20.0,1000.0,20.0,4004.0,False
AK52RXEJKR81A,ns,2,20-1,20.0,1000.0,1.0,2553.7999992370605,False
AK52RXEJKR81A,ns,2,20-1,20.0,1000.0,19.0,7163.39999961853,False
AK52RXEJKR81A,ns,2,20-1,20.0,1000.0,19.0,3427.9000005722046,False
AK52RXEJKR81A,ns,2,20-1,20.0,1000.0,17.0,4124.800000190735,False
AK52RXEJKR81A,ns,3,20-1,20.0,1000.0,1.0,0.0,True
AK52RXEJKR81A,ns,3,20-1,20.0,1000.0,6.0,4542.0,False
AK52RXEJKR81A,ns,3,20-1,20.0,1000.0,3.0,3693.300000190735,False
AK52RXEJKR81A,ns,3,20-1,20.0,1000.0,1.0,10316.70000076294,False
AK52RXEJKR81A,ns,3,20-1,20.0,1000.0,1.0,8407.0,False
AK52RXEJKR81A,ns,3,20-1,20.0,1000.0,20.0,5779.900000572206,False
AK52RXEJKR81A,ns,3,20-1,20.0,1000.0,20.0,10529.500000953674,False
AK52RXEJKR81A,ns,3,20-1,20.0,1000.0,1.0,7235.89999961853,False
AK52RXEJKR81A,ns,3,20-1,20.0,1000.0,20.0,6165.200000762939,False
AK52RXEJKR81A,ns,3,20-1,20.0,1000.0,20.0,5623.0,False
AK52RXEJKR81A,ns,3,20-1,20.0,1000.0,20.0,4260.400000572205,False
AK52RXEJKR81A,ns,3,20-1,20.0,1000.0,20.0,4704.10000038147,False
AKE4AYF86KJVU,rec,1,30-1,30.0,1000.0,29.0,0.0,True
AKE4AYF86KJVU,rec,1,30-1,30.0,1000.0,29.0,2326.0999999940404,False
AKE4AYF86KJVU,rec,1,30-1,30.0,1000.0,30.0,9528.09999999404,False
AKE4AYF86KJVU,rec,1,30-1,30.0,1000.0,30.0,1434.5,False
AKE4AYF86KJVU,rec,1,30-1,30.0,1000.0,29.0,2237.800000011921,False
AKE4AYF86KJVU,rec,1,30-1,30.0,1000.0,28.0,3277.2999999821186,False
AKE4AYF86KJVU,rec,1,30-1,30.0,1000.0,27.0,2021.5,False
AKE4AYF86KJVU,rec,1,30-1,30.0,1000.0,30.0,1191.9000000059605,False
AKE4AYF86KJVU,rec,1,30-1,30.0,1000.0,17.0,2335.7000000178814,False
AKE4AYF86KJVU,rec,1,30-1,30.0,1000.0,29.0,3601.300000011921,False
AKE4AYF86KJVU,rec,2,30-1,30.0,1000.0,30.0,0.0,True
AKE4AYF86KJVU,rec,2,30-1,30.0,1000.0,30.0,2225.399999976158,False
AKE4AYF86KJVU,rec,2,30-1,30.0,1000.0,1.0,2511.099999964237,False
AKE4AYF86KJVU,rec,2,30-1,30.0,1000.0,30.0,6351.0,False
AKE4AYF86KJVU,rec,2,30-1,30.0,1000.0,26.0,2546.099999964237,False
AKE4AYF86KJVU,rec,2,30-1,30.0,1000.0,1.0,4098.100000023842,False
AKE4AYF86KJVU,rec,2,30-1,30.0,1000.0,30.0,2427.899999976158,False
AKE4AYF86KJVU,rec,2,30-1,30.0,1000.0,30.0,1851.0000000000002,False
AKE4AYF86KJVU,rec,2,30-1,30.0,1000.0,30.0,900.4999999403956,False
AKE4AYF86KJVU,rec,2,30-1,30.0,1000.0,28.0,1209.1999999880793,False
AKE4AYF86KJVU,rec,2,30-1,30.0,1000.0,30.0,1395.6999999880793,False
AKE4AYF86KJVU,rec,2,30-1,30.0,1000.0,30.0,1222.0000000000002,False
AKE4AYF86KJVU,rec,3,30-1,30.0,1000.0,1.0,3137.199999988079,False
AKE4AYF86KJVU,rec,3,30-1,30.0,1000.0,30.0,913.5999999642372,False
AKE4AYF86KJVU,rec,3,30-1,30.0,1000.0,28.0,117.80000001192138,False
AKE4AYF86KJVU,rec,3,30-1,30.0,1000.0,30.0,1499.0999999642372,False
AKE4AYF86KJVU,rec,3,30-1,30.0,1000.0,29.0,1426.300000011921,False
AKE4AYF86KJVU,rec,3,30-1,30.0,1000.0,29.0,1927.2999999523163,False
AKE4AYF86KJVU,rec,3,30-1,30.0,1000.0,30.0,0.0,True
AKE4AYF86KJVU,rec,3,30-1,30.0,1000.0,30.0,1.4999999403953552,False
AKE4AYF86KJVU,rec,3,30-1,30.0,1000.0,30.0,240.19999998807907,False
AKE4AYF86KJVU,rec,3,30-1,30.0,1000.0,20.0,793.9999999403954,False
AKE4AYF86KJVU,rec,3,30-1,30.0,1000.0,30.0,1952.4999999403954,False
AKE4AYF86KJVU,rec,4,30-1,30.0,1000.0,1.0,997.9000000059605,False
AKE4AYF86KJVU,rec,4,30-1,30.0,1000.0,1.0,6352.0,False
AKE4AYF86KJVU,rec,4,30-1,30.0,1000.0,30.0,581.5000000000005,False
AKE4AYF86KJVU,rec,4,30-1,30.0,1000.0,30.0,3459.4000000059605,False
AKE4AYF86KJVU,rec,4,30-1,30.0,1000.0,30.0,1426.2999999821186,False
AKE4AYF86KJVU,rec,4,30-1,30.0,1000.0,1.0,0.0,True
AKE4AYF86KJVU,rec,4,30-1,30.0,1000.0,29.0,1370.5999999940395,False
AKE4AYF86KJVU,rec,4,30-1,30.0,1000.0,29.0,8480.90000000596,False
AKE4AYF86KJVU,rec,4,30-1,30.0,1000.0,28.0,5048.0999999940395,False
AKE4AYF86KJVU,rec,4,30-1,30.0,1000.0,1.0,539.6000000238419,False
AKE4AYF86KJVU,rec,4,30-1,30.0,1000.0,1.0,1945.5999999940395,False
AKIT35WR8HEQ3,prim,1,20-2,20.0,2000.0,1.0,2061.4000000953674,False
AKIT35WR8HEQ3,prim,1,20-2,20.0,2000.0,3.0,394.5,False
AKIT35WR8HEQ3,prim,1,20-2,20.0,2000.0,20.0,3224.0,False
AKIT35WR8HEQ3,prim,1,20-2,20.0,2000.0,20.0,443.2000002861023,False
AKIT35WR8HEQ3,prim,1,20-2,20.0,2000.0,1.0,428.09999990463257,False
AKIT35WR8HEQ3,prim,1,20-2,20.0,2000.0,1.0,4812.599999904633,False
AKIT35WR8HEQ3,prim,1,20-2,20.0,2000.0,2.0,1270.1999998092651,False
AKIT35WR8HEQ3,prim,1,20-2,20.0,2000.0,1.0,1631.0999999046326,False
AKIT35WR8HEQ3,prim,1,20-2,20.0,2000.0,1.0,3635.1999998092633,False
AKIT35WR8HEQ3,prim,1,20-2,20.0,2000.0,2.0,0.0,True
AKIT35WR8HEQ3,prim,2,20-2,20.0,2000.0,20.0,0.0,True
AKIT35WR8HEQ3,prim,2,20-2,20.0,2000.0,1.0,5925.400000000372,False
AKIT35WR8HEQ3,prim,2,20-2,20.0,2000.0,5.0,6899.000000001862,False
AKIT35WR8HEQ3,prim,2,20-2,20.0,2000.0,14.0,2407.5,False
AKIT35WR8HEQ3,prim,2,20-2,20.0,2000.0,1.0,5866.499999999999,False
AKIT35WR8HEQ3,prim,2,20-2,20.0,2000.0,12.0,12295.5,False
AKIT35WR8HEQ3,prim,2,20-2,20.0,2000.0,1.0,5453.499999999999,False
AKIT35WR8HEQ3,prim,2,20-2,20.0,2000.0,2.0,6721.199999999254,False
AKIT35WR8HEQ3,prim,2,20-2,20.0,2000.0,1.0,8880.599999999627,False
AKIT35WR8HEQ3,prim,3,20-2,20.0,2000.0,1.0,0.0,True
AKIT35WR8HEQ3,prim,3,20-2,20.0,2000.0,3.0,12453.5,False
AKIT35WR8HEQ3,prim,3,20-2,20.0,2000.0,2.0,23835.20000000298,False
AKIT35WR8HEQ3,prim,3,20-2,20.0,2000.0,1.0,16031.199999988079,False
AKIT35WR8HEQ3,prim,3,20-2,20.0,2000.0,1.0,19715.5,False
AKIT35WR8HEQ3,prim,3,20-2,20.0,2000.0,1.0,11443.499999985099,False
AKIT35WR8HEQ3,prim,3,20-2,20.0,2000.0,9.0,7815.899999991059,False
AKIT35WR8HEQ3,prim,3,20-2,20.0,2000.0,1.0,3639.5999999940395,False
AKIT35WR8HEQ3,prim,3,20-2,20.0,2000.0,2.0,1000.5999999940395,False
AKIT35WR8HEQ3,prim,3,20-2,20.0,2000.0,1.0,1649.7999999970198,False
AKIT35WR8HEQ3,prim,4,20-2,20.0,2000.0,20.0,0.0,True
AKIT35WR8HEQ3,prim,4,20-2,20.0,2000.0,2.0,6915.600000023842,False
AKIT35WR8HEQ3,prim,4,20-2,20.0,2000.0,1.0,8258.199999928474,False
AKIT35WR8HEQ3,prim,4,20-2,20.0,2000.0,14.0,3034.6999999284744,False
AKIT35WR8HEQ3,prim,4,20-2,20.0,2000.0,3.0,2685.7999999523163,False
AKIT35WR8HEQ3,prim,4,20-2,20.0,2000.0,8.0,18175.799999952313,False
AKIT35WR8HEQ3,prim,4,20-2,20.0,2000.0,2.0,9311.299999952316,False
AKIT35WR8HEQ3,prim,4,20-2,20.0,2000.0,2.0,17588.799999952313,False
AKIT35WR8HEQ3,prim,4,20-2,20.0,2000.0,20.0,6868.599999904633,False
AKIT35WR8HEQ3,prim,4,20-2,20.0,2000.0,1.0,17847.199999928474,False
AKIT35WR8HEQ3,prim,4,20-2,20.0,2000.0,3.0,8192.299999952316,False
AKIT35WR8HEQ3,prim,4,20-2,20.0,2000.0,10.0,9807.199999928474,False
AKJN72HW14WTR,rec,1,40-1,40.0,1000.0,39.0,0.0,True
AKJN72HW14WTR,rec,1,40-1,40.0,1000.0,25.0,1675.0,False
AKJN72HW14WTR,rec,1,40-1,40.0,1000.0,40.0,1112.0,False
AKJN72HW14WTR,rec,1,40-1,40.0,1000.0,39.0,479.0,False
AKJN72HW14WTR,rec,1,40-1,40.0,1000.0,39.0,1897.0,False
AKJN72HW14WTR,rec,1,40-1,40.0,1000.0,40.0,670.0,False
AKJN72HW14WTR,rec,1,40-1,40.0,1000.0,40.0,3652.0,False
AKJN72HW14WTR,rec,1,40-1,40.0,1000.0,40.0,457.0,False
AKJN72HW14WTR,rec,1,40-1,40.0,1000.0,37.0,5152.0,False
AKJN72HW14WTR,rec,1,40-1,40.0,1000.0,40.0,575.0,False
AKJN72HW14WTR,rec,1,40-1,40.0,1000.0,40.0,2358.0,False
AKJN72HW14WTR,rec,2,40-1,40.0,1000.0,40.0,0.0,True
AKJN72HW14WTR,rec,2,40-1,40.0,1000.0,39.0,2830.0,False
AKJN72HW14WTR,rec,2,40-1,40.0,1000.0,40.0,624.0,False
AKJN72HW14WTR,rec,2,40-1,40.0,1000.0,40.0,1287.0,False
AKJN72HW14WTR,rec,2,40-1,40.0,1000.0,39.0,3176.0,False
AKJN72HW14WTR,rec,2,40-1,40.0,1000.0,40.0,2011.0,False
AKJN72HW14WTR,rec,2,40-1,40.0,1000.0,39.0,2613.0,False
AKJN72HW14WTR,rec,2,40-1,40.0,1000.0,38.0,1708.0,False
AKJN72HW14WTR,rec,2,40-1,40.0,1000.0,39.0,1249.0,False
AKJN72HW14WTR,rec,2,40-1,40.0,1000.0,40.0,1650.0,False
AKJN72HW14WTR,rec,2,40-1,40.0,1000.0,39.0,2032.0,False
AKJN72HW14WTR,rec,3,40-1,40.0,1000.0,40.0,0.0,True
AKJN72HW14WTR,rec,3,40-1,40.0,1000.0,38.0,3014.0,False
AKJN72HW14WTR,rec,3,40-1,40.0,1000.0,37.0,3195.0,False
AKJN72HW14WTR,rec,3,40-1,40.0,1000.0,40.0,1761.0,False
AKJN72HW14WTR,rec,3,40-1,40.0,1000.0,40.0,828.0,False
AKJN72HW14WTR,rec,3,40-1,40.0,1000.0,38.0,1714.0,False
AKJN72HW14WTR,rec,3,40-1,40.0,1000.0,38.0,2941.0,False
AKJN72HW14WTR,rec,3,40-1,40.0,1000.0,39.0,1838.0,False
AKJN72HW14WTR,rec,3,40-1,40.0,1000.0,39.0,3059.0,False
AKJN72HW14WTR,rec,3,40-1,40.0,1000.0,39.0,1169.0,False
AKJN72HW14WTR,rec,3,40-1,40.0,1000.0,39.0,1517.0,False
AKJN72HW14WTR,rec,4,40-1,40.0,1000.0,38.0,2604.0,False
AKJN72HW14WTR,rec,4,40-1,40.0,1000.0,37.0,2123.0,False
AKJN72HW14WTR,rec,4,40-1,40.0,1000.0,39.0,4755.0,False
AKJN72HW14WTR,rec,4,40-1,40.0,1000.0,39.0,508.0,False
AKJN72HW14WTR,rec,4,40-1,40.0,1000.0,40.0,997.0,False
AKJN72HW14WTR,rec,4,40-1,40.0,1000.0,24.0,4477.0,False
AKJN72HW14WTR,rec,4,40-1,40.0,1000.0,39.0,5138.0,False
AKJN72HW14WTR,rec,4,40-1,40.0,1000.0,40.0,12305.0,False
AKJN72HW14WTR,rec,4,40-1,40.0,1000.0,39.0,695.0,False
AKJN72HW14WTR,rec,4,40-1,40.0,1000.0,40.0,958.0,False
AKJN72HW14WTR,rec,4,40-1,40.0,1000.0,39.0,0.0,True
AKNBC1TE88NDO,rec,1,30-1,30.0,1000.0,30.0,2484.800000190735,False
AKNBC1TE88NDO,rec,1,30-1,30.0,1000.0,28.0,2397.7000000476837,False
AKNBC1TE88NDO,rec,1,30-1,30.0,1000.0,29.0,0.0,True
AKNBC1TE88NDO,rec,1,30-1,30.0,1000.0,21.0,4033.0000002384186,False
AKNBC1TE88NDO,rec,1,30-1,30.0,1000.0,30.0,6334.800000190735,False
AKNBC1TE88NDO,rec,1,30-1,30.0,1000.0,30.0,95.30000019073486,False
AKNBC1TE88NDO,rec,1,30-1,30.0,1000.0,22.0,294.7000000476837,False
AKNBC1TE88NDO,rec,1,30-1,30.0,1000.0,30.0,377.90000009536743,False
AKNBC1TE88NDO,rec,1,30-1,30.0,1000.0,27.0,6185.900000095367,False
AKNBC1TE88NDO,rec,1,30-1,30.0,1000.0,30.0,131.2000002861023,False
AKNBC1TE88NDO,rec,1,30-1,30.0,1000.0,25.0,3722.700000286104,False
AKNBC1TE88NDO,rec,2,30-1,30.0,1000.0,1.0,1099.8000000044703,False
AKNBC1TE88NDO,rec,2,30-1,30.0,1000.0,30.0,4262.500000007451,False
AKNBC1TE88NDO,rec,2,30-1,30.0,1000.0,30.0,1197.5,False
AKNBC1TE88NDO,rec,2,30-1,30.0,1000.0,30.0,2562.7000000029802,False
AKNBC1TE88NDO,rec,2,30-1,30.0,1000.0,30.0,1947.4000000059605,False
AKNBC1TE88NDO,rec,2,30-1,30.0,1000.0,30.0,1059.5,False
AKNBC1TE88NDO,rec,2,30-1,30.0,1000.0,30.0,1407.6000000089398,False
AKNBC1TE88NDO,rec,2,30-1,30.0,1000.0,30.0,4405.60000000149,False
AKNBC1TE88NDO,rec,2,30-1,30.0,1000.0,29.0,774.6000000014901,False
AKNBC1TE88NDO,rec,2,30-1,30.0,1000.0,25.0,0.0,True
AKNBC1TE88NDO,rec,2,30-1,30.0,1000.0,7.0,15158.40000000596,False
AKNBC1TE88NDO,rec,2,30-1,30.0,1000.0,30.0,12486.60000000149,False
AKNBC1TE88NDO,rec,3,30-1,30.0,1000.0,14.0,0.0,True
AKNBC1TE88NDO,rec,3,30-1,30.0,1000.0,30.0,2546.9000000059596,False
AKNBC1TE88NDO,rec,3,30-1,30.0,1000.0,30.0,1844.80000001192,False
AKNBC1TE88NDO,rec,3,30-1,30.0,1000.0,29.0,1657.30000001192,False
AKNBC1TE88NDO,rec,3,30-1,30.0,1000.0,30.0,2035.9000000059596,False
AKNBC1TE88NDO,rec,3,30-1,30.0,1000.0,30.0,5860.69999998808,False
AKNBC1TE88NDO,rec,3,30-1,30.0,1000.0,28.0,102.5,False
AKNBC1TE88NDO,rec,3,30-1,30.0,1000.0,27.0,15061.200000017881,False
AKNBC1TE88NDO,rec,3,30-1,30.0,1000.0,30.0,1348.0,False
AKNBC1TE88NDO,rec,3,30-1,30.0,1000.0,30.0,591.0,False
AKNBC1TE88NDO,rec,3,30-1,30.0,1000.0,30.0,223.90000000595955,False
AKNBC1TE88NDO,rec,3,30-1,30.0,1000.0,30.0,2017.6999999880782,False
AKNBC1TE88NDO,rec,4,30-1,30.0,1000.0,30.0,1158.2999999523163,False
AKNBC1TE88NDO,rec,4,30-1,30.0,1000.0,30.0,2440.7000000476837,False
AKNBC1TE88NDO,rec,4,30-1,30.0,1000.0,29.0,4058.8000000715256,False
AKNBC1TE88NDO,rec,4,30-1,30.0,1000.0,30.0,1012.5,False
AKNBC1TE88NDO,rec,4,30-1,30.0,1000.0,28.0,6837.399999976158,False
AKNBC1TE88NDO,rec,4,30-1,30.0,1000.0,28.0,1370.0999999046326,False
AKNBC1TE88NDO,rec,4,30-1,30.0,1000.0,30.0,3717.899999976158,False
AKNBC1TE88NDO,rec,4,30-1,30.0,1000.0,29.0,3816.6999999284744,False
AKNBC1TE88NDO,rec,4,30-1,30.0,1000.0,30.0,5292.899999976158,False
AKNBC1TE88NDO,rec,4,30-1,30.0,1000.0,29.0,0.0,True
AKNBC1TE88NDO,rec,4,30-1,30.0,1000.0,30.0,1602.7999999523163,False
AKNU5D6QK7M72,prim,1,10-2,10.0,2000.0,1.0,0.0,True
AKNU5D6QK7M72,prim,1,10-2,10.0,2000.0,1.0,6118.0,False
AKNU5D6QK7M72,prim,1,10-2,10.0,2000.0,1.0,11712.200000047684,False
AKNU5D6QK7M72,prim,1,10-2,10.0,2000.0,1.0,7449.399999856949,False
AKNU5D6QK7M72,prim,1,10-2,10.0,2000.0,1.0,5602.5,False
AKNU5D6QK7M72,prim,1,10-2,10.0,2000.0,1.0,9641.700000047684,False
AKNU5D6QK7M72,prim,1,10-2,10.0,2000.0,1.0,4608.0,False
AKNU5D6QK7M72,prim,1,10-2,10.0,2000.0,1.0,5377.299999952316,False
AKNU5D6QK7M72,prim,1,10-2,10.0,2000.0,1.0,10708.700000047684,False
AKNU5D6QK7M72,prim,1,10-2,10.0,2000.0,2.0,4949.599999904633,False
AKNU5D6QK7M72,prim,1,10-2,10.0,2000.0,1.0,11022.700000047684,False
AKNU5D6QK7M72,prim,2,10-2,10.0,2000.0,1.0,0.0,True
AKNU5D6QK7M72,prim,2,10-2,10.0,2000.0,2.0,5786.099999997765,False
AKNU5D6QK7M72,prim,2,10-2,10.0,2000.0,2.0,8082.39999999851,False
AKNU5D6QK7M72,prim,2,10-2,10.0,2000.0,1.0,6676.699999999257,False
AKNU5D6QK7M72,prim,2,10-2,10.0,2000.0,1.0,2782.900000002235,False
AKNU5D6QK7M72,prim,2,10-2,10.0,2000.0,2.0,3131.099999997765,False
AKNU5D6QK7M72,prim,2,10-2,10.0,2000.0,1.0,3795.60000000149,False
AKNU5D6QK7M72,prim,2,10-2,10.0,2000.0,1.0,12355.699999999255,False
AKNU5D6QK7M72,prim,2,10-2,10.0,2000.0,1.0,1673.5,False
AKNU5D6QK7M72,prim,2,10-2,10.0,2000.0,1.0,3535.0,False
AKNU5D6QK7M72,prim,3,10-2,10.0,2000.0,1.0,2151.699999988079,False
AKNU5D6QK7M72,prim,3,10-2,10.0,2000.0,1.0,0.0,True
AKNU5D6QK7M72,prim,3,10-2,10.0,2000.0,1.0,6210.800000011919,False
AKNU5D6QK7M72,prim,3,10-2,10.0,2000.0,1.0,9530.400000035765,False
AKNU5D6QK7M72,prim,3,10-2,10.0,2000.0,2.0,2578.7999999523163,False
AKNU5D6QK7M72,prim,3,10-2,10.0,2000.0,2.0,1562.300000011921,False
AKNU5D6QK7M72,prim,3,10-2,10.0,2000.0,1.0,62.89999997615814,False
AKNU5D6QK7M72,prim,3,10-2,10.0,2000.0,1.0,889.0,False
AKNU5D6QK7M72,prim,4,10-2,10.0,2000.0,1.0,0.0,True
AKNU5D6QK7M72,prim,4,10-2,10.0,2000.0,1.0,5432.600000143051,False
AKNU5D6QK7M72,prim,4,10-2,10.0,2000.0,1.0,10331.0,False
AKNU5D6QK7M72,prim,4,10-2,10.0,2000.0,1.0,7908.399999856947,False
AKNU5D6QK7M72,prim,4,10-2,10.0,2000.0,1.0,1454.4000000953674,False
AKX4H8RT7BL7H,rec,1,30-1,30.0,1000.0,30.0,1093.3000000715256,False
AKX4H8RT7BL7H,rec,1,30-1,30.0,1000.0,30.0,1880.0000001192093,False
AKX4H8RT7BL7H,rec,1,30-1,30.0,1000.0,30.0,943.8000000715256,False
AKX4H8RT7BL7H,rec,1,30-1,30.0,1000.0,30.0,1910.6000000238419,False
AKX4H8RT7BL7H,rec,1,30-1,30.0,1000.0,30.0,3010.8000000715256,False
AKX4H8RT7BL7H,rec,1,30-1,30.0,1000.0,30.0,313.7000000476837,False
AKX4H8RT7BL7H,rec,1,30-1,30.0,1000.0,30.0,1088.5000001192097,False
AKX4H8RT7BL7H,rec,1,30-1,30.0,1000.0,30.0,376.3999999761586,False
AKX4H8RT7BL7H,rec,1,30-1,30.0,1000.0,30.0,512.5,False
AKX4H8RT7BL7H,rec,1,30-1,30.0,1000.0,28.0,1674.6000000238419,False
AKX4H8RT7BL7H,rec,1,30-1,30.0,1000.0,30.0,4856.500000119209,False
AKX4H8RT7BL7H,rec,1,30-1,30.0,1000.0,30.0,0.0,True
AKX4H8RT7BL7H,rec,2,30-1,30.0,1000.0,30.0,0.0,True
AKX4H8RT7BL7H,rec,2,30-1,30.0,1000.0,29.0,8891.300000071526,False
AKX4H8RT7BL7H,rec,2,30-1,30.0,1000.0,30.0,1428.8000000715251,False
AKX4H8RT7BL7H,rec,2,30-1,30.0,1000.0,28.0,2080.6000001430507,False
AKX4H8RT7BL7H,rec,2,30-1,30.0,1000.0,30.0,1269.900000095367,False
AKX4H8RT7BL7H,rec,2,30-1,30.0,1000.0,30.0,864.6000001430511,False
AKX4H8RT7BL7H,rec,2,30-1,30.0,1000.0,30.0,812.2000000476833,False
AKX4H8RT7BL7H,rec,2,30-1,30.0,1000.0,30.0,1176.7000000476833,False
AKX4H8RT7BL7H,rec,2,30-1,30.0,1000.0,27.0,1015.8000000715251,False
AKX4H8RT7BL7H,rec,2,30-1,30.0,1000.0,30.0,1503.1000001430511,False
AKX4H8RT7BL7H,rec,2,30-1,30.0,1000.0,30.0,2082.800000071525,False
AKX4H8RT7BL7H,rec,2,30-1,30.0,1000.0,30.0,495.50000011920883,False
AKX4H8RT7BL7H,rec,3,30-1,30.0,1000.0,30.0,0.0,True
AKX4H8RT7BL7H,rec,3,30-1,30.0,1000.0,30.0,469.60000002384186,False
AKX4H8RT7BL7H,rec,3,30-1,30.0,1000.0,30.0,503.20000004768417,False
AKX4H8RT7BL7H,rec,3,30-1,30.0,1000.0,30.0,4505.5,False
AKX4H8RT7BL7H,rec,3,30-1,30.0,1000.0,30.0,386.5,False
AKX4H8RT7BL7H,rec,3,30-1,30.0,1000.0,30.0,1198.8999999761581,False
AKX4H8RT7BL7H,rec,3,30-1,30.0,1000.0,30.0,5733.5,False
AKX4H8RT7BL7H,rec,3,30-1,30.0,1000.0,29.0,1185.8999999761581,False
AKX4H8RT7BL7H,rec,3,30-1,30.0,1000.0,29.0,646.6000000238419,False
AKX4H8RT7BL7H,rec,3,30-1,30.0,1000.0,30.0,309.60000002384186,False
AKX4H8RT7BL7H,rec,3,30-1,30.0,1000.0,30.0,726.7999999523163,False
AKX4H8RT7BL7H,rec,3,30-1,30.0,1000.0,30.0,949.0,False
AL9SYQEUTNJXT,prim,1,15-2,15.0,2000.0,1.0,1172.1000000238419,False
AL9SYQEUTNJXT,prim,1,15-2,15.0,2000.0,1.0,5119.800000011921,False
AL9SYQEUTNJXT,prim,1,15-2,15.0,2000.0,2.0,1966.8999999761581,False
AL9SYQEUTNJXT,prim,1,15-2,15.0,2000.0,1.0,3550.800000011921,False
AL9SYQEUTNJXT,prim,1,15-2,15.0,2000.0,1.0,2297.699999988079,False
AL9SYQEUTNJXT,prim,1,15-2,15.0,2000.0,1.0,2490.300000011921,False
AL9SYQEUTNJXT,prim,1,15-2,15.0,2000.0,1.0,4139.500000000002,False
AL9SYQEUTNJXT,prim,1,15-2,15.0,2000.0,2.0,0.0,True
AL9SYQEUTNJXT,prim,1,15-2,15.0,2000.0,1.0,1083.5000000596046,False
AL9SYQEUTNJXT,prim,2,15-2,15.0,2000.0,1.0,2136.5,False
AL9SYQEUTNJXT,prim,2,15-2,15.0,2000.0,1.0,6810.699999928474,False
AL9SYQEUTNJXT,prim,2,15-2,15.0,2000.0,1.0,3805.0,False
AL9SYQEUTNJXT,prim,2,15-2,15.0,2000.0,1.0,1601.0,False
AL9SYQEUTNJXT,prim,2,15-2,15.0,2000.0,1.0,0.0,True
AL9SYQEUTNJXT,prim,3,15-2,15.0,2000.0,1.0,1476.3999998569489,False
AL9SYQEUTNJXT,prim,3,15-2,15.0,2000.0,1.0,2205.5,False
AL9SYQEUTNJXT,prim,3,15-2,15.0,2000.0,1.0,2055.4999998807907,False
AL9SYQEUTNJXT,prim,3,15-2,15.0,2000.0,1.0,3012.9999998807907,False
AL9SYQEUTNJXT,prim,3,15-2,15.0,2000.0,1.0,6643.799999833107,False
AL9SYQEUTNJXT,prim,3,15-2,15.0,2000.0,1.0,0.0,True
AL9SYQEUTNJXT,prim,3,15-2,15.0,2000.0,1.0,3857.9999998807907,False
AL9SYQEUTNJXT,prim,4,15-2,15.0,2000.0,15.0,6035.099999904633,False
AL9SYQEUTNJXT,prim,4,15-2,15.0,2000.0,15.0,3851.5999999046326,False
AL9SYQEUTNJXT,prim,4,15-2,15.0,2000.0,15.0,2496.5,False
AL9SYQEUTNJXT,prim,4,15-2,15.0,2000.0,15.0,2774.7000000476837,False
AL9SYQEUTNJXT,prim,4,15-2,15.0,2000.0,15.0,7358.399999856949,False
AL9SYQEUTNJXT,prim,4,15-2,15.0,2000.0,10.0,3613.399999856949,False
AL9SYQEUTNJXT,prim,4,15-2,15.0,2000.0,2.0,0.0,True
AL9SYQEUTNJXT,prim,4,15-2,15.0,2000.0,1.0,3624.5999999046326,False
ALDQRWYZ8KQ9A,rec,1,15-2,15.0,2000.0,14.0,0.0,True
ALDQRWYZ8KQ9A,rec,1,15-2,15.0,2000.0,12.0,3367.4999999962747,False
ALDQRWYZ8KQ9A,rec,1,15-2,15.0,2000.0,15.0,1702.5999999977648,False
ALDQRWYZ8KQ9A,rec,1,15-2,15.0,2000.0,12.0,2143.10000000149,False
ALDQRWYZ8KQ9A,rec,1,15-2,15.0,2000.0,15.0,3896.0,False
ALDQRWYZ8KQ9A,rec,1,15-2,15.0,2000.0,15.0,3903.099999997765,False
ALDQRWYZ8KQ9A,rec,1,15-2,15.0,2000.0,15.0,4808.199999999255,False
ALDQRWYZ8KQ9A,rec,1,15-2,15.0,2000.0,15.0,3663.2999999970198,False
ALDQRWYZ8KQ9A,rec,1,15-2,15.0,2000.0,15.0,998.6999999992549,False
ALDQRWYZ8KQ9A,rec,1,15-2,15.0,2000.0,15.0,2184.89999999851,False
ALDQRWYZ8KQ9A,rec,1,15-2,15.0,2000.0,15.0,3529.699999999255,False
ALDQRWYZ8KQ9A,rec,1,15-2,15.0,2000.0,15.0,2223.699999999255,False
ALDQRWYZ8KQ9A,rec,2,15-2,15.0,2000.0,15.0,399.5999999977648,False
ALDQRWYZ8KQ9A,rec,2,15-2,15.0,2000.0,15.0,3598.199999999255,False
ALDQRWYZ8KQ9A,rec,2,15-2,15.0,2000.0,15.0,616.0999999977648,False
ALDQRWYZ8KQ9A,rec,2,15-2,15.0,2000.0,15.0,2902.0,False
ALDQRWYZ8KQ9A,rec,2,15-2,15.0,2000.0,15.0,2350.89999999851,False
ALDQRWYZ8KQ9A,rec,2,15-2,15.0,2000.0,15.0,3844.89999999851,False
ALDQRWYZ8KQ9A,rec,2,15-2,15.0,2000.0,15.0,2392.099999997765,False
ALDQRWYZ8KQ9A,rec,2,15-2,15.0,2000.0,15.0,2178.4999999962747,False
ALDQRWYZ8KQ9A,rec,2,15-2,15.0,2000.0,15.0,3037.5,False
ALDQRWYZ8KQ9A,rec,2,15-2,15.0,2000.0,15.0,0.0,True
ALDQRWYZ8KQ9A,rec,2,15-2,15.0,2000.0,15.0,3846.699999999255,False
ALDQRWYZ8KQ9A,rec,2,15-2,15.0,2000.0,15.0,2839.60000000149,False
ALDQRWYZ8KQ9A,rec,3,15-2,15.0,2000.0,14.0,0.0,True
ALDQRWYZ8KQ9A,rec,3,15-2,15.0,2000.0,15.0,2984.800000000745,False
ALDQRWYZ8KQ9A,rec,3,15-2,15.0,2000.0,15.0,3784.300000000745,False
ALDQRWYZ8KQ9A,rec,3,15-2,15.0,2000.0,15.0,2230.7000000029802,False
ALDQRWYZ8KQ9A,rec,3,15-2,15.0,2000.0,15.0,3530.599999997765,False
ALDQRWYZ8KQ9A,rec,3,15-2,15.0,2000.0,15.0,3409.800000000745,False
ALDQRWYZ8KQ9A,rec,3,15-2,15.0,2000.0,13.0,2850.800000000745,False
ALDQRWYZ8KQ9A,rec,3,15-2,15.0,2000.0,13.0,1058.2000000029802,False
ALDQRWYZ8KQ9A,rec,3,15-2,15.0,2000.0,15.0,1161.300000000745,False
ALDQRWYZ8KQ9A,rec,3,15-2,15.0,2000.0,15.0,2359.0,False
ALDQRWYZ8KQ9A,rec,3,15-2,15.0,2000.0,15.0,2527.60000000149,False
ALDQRWYZ8KQ9A,rec,3,15-2,15.0,2000.0,15.0,2237.400000002235,False
ALDQRWYZ8KQ9A,rec,4,15-2,15.0,2000.0,11.0,0.0,True
ALDQRWYZ8KQ9A,rec,4,15-2,15.0,2000.0,13.0,3204.2000000029802,False
ALDQRWYZ8KQ9A,rec,4,15-2,15.0,2000.0,14.0,4123.60000000149,False
ALDQRWYZ8KQ9A,rec,4,15-2,15.0,2000.0,10.0,3701.800000000745,False
ALDQRWYZ8KQ9A,rec,4,15-2,15.0,2000.0,12.0,4433.500000003725,False
ALDQRWYZ8KQ9A,rec,4,15-2,15.0,2000.0,14.0,3613.400000002235,False
ALDQRWYZ8KQ9A,rec,4,15-2,15.0,2000.0,12.0,1453.9999999999998,False
ALDQRWYZ8KQ9A,rec,4,15-2,15.0,2000.0,12.0,1548.1999999992547,False
ALDQRWYZ8KQ9A,rec,4,15-2,15.0,2000.0,11.0,3349.699999999255,False
ALDQRWYZ8KQ9A,rec,4,15-2,15.0,2000.0,11.0,2632.89999999851,False
ALDQRWYZ8KQ9A,rec,4,15-2,15.0,2000.0,13.0,3931.39999999851,False
ALDQRWYZ8KQ9A,rec,4,15-2,15.0,2000.0,11.0,3426.0,False
AM65LGXJBTJ0I,ns,1,15-2,15.0,2000.0,1.0,1647.7000002861023,False
AM65LGXJBTJ0I,ns,1,15-2,15.0,2000.0,15.0,2441.2999999523163,False
AM65LGXJBTJ0I,ns,1,15-2,15.0,2000.0,15.0,2066.2000000476837,False
AM65LGXJBTJ0I,ns,1,15-2,15.0,2000.0,14.0,2059.0,False
AM65LGXJBTJ0I,ns,1,15-2,15.0,2000.0,15.0,2246.2000000476837,False
AM65LGXJBTJ0I,ns,1,15-2,15.0,2000.0,15.0,515.0000002384186,False
AM65LGXJBTJ0I,ns,1,15-2,15.0,2000.0,15.0,748.3000001907353,False
AM65LGXJBTJ0I,ns,1,15-2,15.0,2000.0,15.0,1488.5,False
AM65LGXJBTJ0I,ns,1,15-2,15.0,2000.0,15.0,708.4000000953674,False
AM65LGXJBTJ0I,ns,1,15-2,15.0,2000.0,15.0,817.6000001430511,False
AM65LGXJBTJ0I,ns,1,15-2,15.0,2000.0,14.0,98.50000023841858,False
AM65LGXJBTJ0I,ns,1,15-2,15.0,2000.0,13.0,0.0,True
AM65LGXJBTJ0I,ns,2,15-2,15.0,2000.0,1.0,908.0,False
AM65LGXJBTJ0I,ns,2,15-2,15.0,2000.0,14.0,801.2999999523158,False
AM65LGXJBTJ0I,ns,2,15-2,15.0,2000.0,1.0,1053.400000095367,False
AM65LGXJBTJ0I,ns,2,15-2,15.0,2000.0,15.0,487.10000014305115,False
AM65LGXJBTJ0I,ns,2,15-2,15.0,2000.0,1.0,1080.7000000476833,False
AM65LGXJBTJ0I,ns,2,15-2,15.0,2000.0,1.0,1339.900000095367,False
AM65LGXJBTJ0I,ns,2,15-2,15.0,2000.0,1.0,1487.2999999523158,False
AM65LGXJBTJ0I,ns,2,15-2,15.0,2000.0,1.0,678.2999999523158,False
AM65LGXJBTJ0I,ns,2,15-2,15.0,2000.0,1.0,0.0,True
AM65LGXJBTJ0I,ns,2,15-2,15.0,2000.0,1.0,104.90000009536698,False
AM65LGXJBTJ0I,ns,2,15-2,15.0,2000.0,1.0,1350.900000095367,False
AM65LGXJBTJ0I,ns,3,15-2,15.0,2000.0,15.0,0.0,True
AM65LGXJBTJ0I,ns,3,15-2,15.0,2000.0,9.0,80.39999961853027,False
AM65LGXJBTJ0I,ns,3,15-2,15.0,2000.0,6.0,1807.5,False
AM65LGXJBTJ0I,ns,3,15-2,15.0,2000.0,13.0,10.800000190734863,False
AM65LGXJBTJ0I,ns,3,15-2,15.0,2000.0,1.0,4754.699999809265,False
AM65LGXJBTJ0I,ns,3,15-2,15.0,2000.0,1.0,945.5999999046326,False
AM65LGXJBTJ0I,ns,3,15-2,15.0,2000.0,1.0,1284.3000001907349,False
AM65LGXJBTJ0I,ns,3,15-2,15.0,2000.0,1.0,242.7999997138977,False
AM65LGXJBTJ0I,ns,3,15-2,15.0,2000.0,11.0,2416.7999997138977,False
AM65LGXJBTJ0I,ns,3,15-2,15.0,2000.0,1.0,1261.9000000953674,False
AM65LGXJBTJ0I,ns,3,15-2,15.0,2000.0,1.0,1572.6999998092651,False
AM65LGXJBTJ0I,ns,3,15-2,15.0,2000.0,1.0,781.3000001907349,False
AM65LGXJBTJ0I,ns,4,15-2,15.0,2000.0,1.0,0.0,True
AM65LGXJBTJ0I,ns,4,15-2,15.0,2000.0,1.0,2560.1999998092656,False
AM65LGXJBTJ0I,ns,4,15-2,15.0,2000.0,1.0,1982.1999998092656,False
AM65LGXJBTJ0I,ns,4,15-2,15.0,2000.0,1.0,4230.599999904633,False
AM65LGXJBTJ0I,ns,4,15-2,15.0,2000.0,1.0,3125.7999997138977,False
AM65LGXJBTJ0I,ns,4,15-2,15.0,2000.0,1.0,2478.0000000000005,False
AM65LGXJBTJ0I,ns,4,15-2,15.0,2000.0,10.0,3434.699999809265,False
AM65LGXJBTJ0I,ns,4,15-2,15.0,2000.0,1.0,4054.8999996185303,False
AM65LGXJBTJ0I,ns,4,15-2,15.0,2000.0,1.0,2351.800000190735,False
AM65LGXJBTJ0I,ns,4,15-2,15.0,2000.0,1.0,3957.5,False
AM65LGXJBTJ0I,ns,4,15-2,15.0,2000.0,1.0,2210.5000000000005,False
AM65LGXJBTJ0I,ns,4,15-2,15.0,2000.0,1.0,3687.999999523163,False
AMIQGW2E3WYO4,rec,1,40-1,40.0,1000.0,7.0,3827.0,False
AMIQGW2E3WYO4,rec,1,40-1,40.0,1000.0,39.0,930.0,False
AMIQGW2E3WYO4,rec,1,40-1,40.0,1000.0,40.0,6337.0,False
AMIQGW2E3WYO4,rec,1,40-1,40.0,1000.0,40.0,40.0,False
AMIQGW2E3WYO4,rec,1,40-1,40.0,1000.0,40.0,0.0,True
AMIQGW2E3WYO4,rec,1,40-1,40.0,1000.0,39.0,2539.0,False
AMIQGW2E3WYO4,rec,1,40-1,40.0,1000.0,1.0,15424.0,False
AMIQGW2E3WYO4,rec,1,40-1,40.0,1000.0,40.0,2411.0,False
AMIQGW2E3WYO4,rec,1,40-1,40.0,1000.0,39.0,1326.0,False
AMIQGW2E3WYO4,rec,1,40-1,40.0,1000.0,16.0,620.0,False
AMIQGW2E3WYO4,rec,2,40-1,40.0,1000.0,40.0,0.0,True
AMIQGW2E3WYO4,rec,2,40-1,40.0,1000.0,38.0,632.0,False
AMIQGW2E3WYO4,rec,2,40-1,40.0,1000.0,33.0,704.0,False
AMIQGW2E3WYO4,rec,2,40-1,40.0,1000.0,40.0,1536.0,False
AMIQGW2E3WYO4,rec,2,40-1,40.0,1000.0,40.0,2404.0,False
AMIQGW2E3WYO4,rec,2,40-1,40.0,1000.0,40.0,4245.0,False
AMIQGW2E3WYO4,rec,2,40-1,40.0,1000.0,40.0,2477.0,False
AMIQGW2E3WYO4,rec,2,40-1,40.0,1000.0,40.0,756.0,False
AMIQGW2E3WYO4,rec,2,40-1,40.0,1000.0,39.0,1678.0,False
AMIQGW2E3WYO4,rec,2,40-1,40.0,1000.0,40.0,23.0,False
AMIQGW2E3WYO4,rec,2,40-1,40.0,1000.0,40.0,1203.0,False
AMIQGW2E3WYO4,rec,3,40-1,40.0,1000.0,1.0,1663.0,False
AMIQGW2E3WYO4,rec,3,40-1,40.0,1000.0,40.0,1396.0,False
AMIQGW2E3WYO4,rec,3,40-1,40.0,1000.0,40.0,0.0,True
AMIQGW2E3WYO4,rec,3,40-1,40.0,1000.0,39.0,1608.0,False
AMIQGW2E3WYO4,rec,3,40-1,40.0,1000.0,38.0,3212.0,False
AMIQGW2E3WYO4,rec,3,40-1,40.0,1000.0,38.0,5060.0,False
AMIQGW2E3WYO4,rec,3,40-1,40.0,1000.0,37.0,5435.0,False
AMIQGW2E3WYO4,rec,3,40-1,40.0,1000.0,40.0,6454.0,False
AMIQGW2E3WYO4,rec,3,40-1,40.0,1000.0,37.0,4897.0,False
AMIQGW2E3WYO4,rec,3,40-1,40.0,1000.0,27.0,391.0,False
AMIQGW2E3WYO4,rec,3,40-1,40.0,1000.0,40.0,2366.0,False
AMIQGW2E3WYO4,rec,3,40-1,40.0,1000.0,40.0,2674.0,False
AMIQGW2E3WYO4,rec,4,40-1,40.0,1000.0,40.0,0.0,True
AMIQGW2E3WYO4,rec,4,40-1,40.0,1000.0,38.0,3620.0,False
AMIQGW2E3WYO4,rec,4,40-1,40.0,1000.0,40.0,1587.0,False
AMIQGW2E3WYO4,rec,4,40-1,40.0,1000.0,38.0,4241.0,False
AMIQGW2E3WYO4,rec,4,40-1,40.0,1000.0,40.0,3362.0,False
AMIQGW2E3WYO4,rec,4,40-1,40.0,1000.0,40.0,3815.0,False
AMIQGW2E3WYO4,rec,4,40-1,40.0,1000.0,31.0,1969.0,False
AMIQGW2E3WYO4,rec,4,40-1,40.0,1000.0,37.0,531.0,False
AMIQGW2E3WYO4,rec,4,40-1,40.0,1000.0,40.0,1913.0,False
AMIQGW2E3WYO4,rec,4,40-1,40.0,1000.0,33.0,11364.0,False
AMIQGW2E3WYO4,rec,4,40-1,40.0,1000.0,40.0,4166.0,False
AMIQGW2E3WYO4,rec,4,40-1,40.0,1000.0,40.0,666.0,False
AMJAZPJBO936R,prim,1,20-1,20.0,1000.0,10.0,782.7000000476837,False
AMJAZPJBO936R,prim,1,20-1,20.0,1000.0,19.0,8089.000000238419,False
AMJAZPJBO936R,prim,1,20-1,20.0,1000.0,19.0,0.0,True
AMJAZPJBO936R,prim,1,20-1,20.0,1000.0,1.0,10694.599999904633,False
AMJAZPJBO936R,prim,1,20-1,20.0,1000.0,6.0,337.30000019073486,False
AMJAZPJBO936R,prim,1,20-1,20.0,1000.0,1.0,976.6000001430511,False
AMJAZPJBO936R,prim,1,20-1,20.0,1000.0,1.0,8751.500000238419,False
AMJAZPJBO936R,prim,1,20-1,20.0,1000.0,1.0,1879.1000001430511,False
AMJAZPJBO936R,prim,1,20-1,20.0,1000.0,1.0,2477.7000000476837,False
AMJAZPJBO936R,prim,1,20-1,20.0,1000.0,1.0,1652.5,False
AMJAZPJBO936R,prim,1,20-1,20.0,1000.0,1.0,9014.799999952316,False
AMJAZPJBO936R,prim,1,20-1,20.0,1000.0,2.0,5467.400000095367,False
AMJAZPJBO936R,prim,2,20-1,20.0,1000.0,1.0,0.0,True
AMJAZPJBO936R,prim,2,20-1,20.0,1000.0,2.0,4261.700000286104,False
AMJAZPJBO936R,prim,2,20-1,20.0,1000.0,1.0,7645.799999713898,False
AMJAZPJBO936R,prim,2,20-1,20.0,1000.0,3.0,11175.800000190735,False
AMJAZPJBO936R,prim,2,20-1,20.0,1000.0,2.0,7993.199999809265,False
AMJAZPJBO936R,prim,2,20-1,20.0,1000.0,1.0,7824.60000038147,False
AMJAZPJBO936R,prim,2,20-1,20.0,1000.0,1.0,2506.5,False
AMJAZPJBO936R,prim,2,20-1,20.0,1000.0,1.0,851.6999998092651,False
AMJAZPJBO936R,prim,2,20-1,20.0,1000.0,6.0,11831.10000038147,False
AMJAZPJBO936R,prim,2,20-1,20.0,1000.0,1.0,4243.900000095367,False
AMJAZPJBO936R,prim,3,20-1,20.0,1000.0,1.0,501.7999997138977,False
AMJAZPJBO936R,prim,3,20-1,20.0,1000.0,1.0,1200.199999332428,False
AMJAZPJBO936R,prim,3,20-1,20.0,1000.0,1.0,5444.299999713898,False
AMJAZPJBO936R,prim,3,20-1,20.0,1000.0,20.0,1079.3999996185303,False
AMJAZPJBO936R,prim,3,20-1,20.0,1000.0,1.0,3179.5999994277936,False
AMJAZPJBO936R,prim,3,20-1,20.0,1000.0,1.0,5589.299999713898,False
AMJAZPJBO936R,prim,3,20-1,20.0,1000.0,1.0,1443.0999994277954,False
AMJAZPJBO936R,prim,3,20-1,20.0,1000.0,1.0,1500.8999996185303,False
AMJAZPJBO936R,prim,3,20-1,20.0,1000.0,1.0,3065.7999997138977,False
AMJAZPJBO936R,prim,3,20-1,20.0,1000.0,17.0,0.0,True
AMJAZPJBO936R,prim,3,20-1,20.0,1000.0,1.0,3194.0999994277936,False
AMJAZPJBO936R,prim,4,20-1,20.0,1000.0,1.0,1793.4000000953674,False
AMJAZPJBO936R,prim,4,20-1,20.0,1000.0,1.0,838.7000002861023,False
AMJAZPJBO936R,prim,4,20-1,20.0,1000.0,19.0,794.5999999046326,False
AMJAZPJBO936R,prim,4,20-1,20.0,1000.0,5.0,1772.6999998092633,False
AMJAZPJBO936R,prim,4,20-1,20.0,1000.0,2.0,2679.8000001907367,False
AMJAZPJBO936R,prim,4,20-1,20.0,1000.0,1.0,0.0,True
AMJAZPJBO936R,prim,4,20-1,20.0,1000.0,2.0,1976.6000003814697,False
AMJAZPJBO936R,prim,4,20-1,20.0,1000.0,1.0,4656.299999713898,False
AMJAZPJBO936R,prim,4,20-1,20.0,1000.0,20.0,10709.900000095367,False
AMJAZPJBO936R,prim,4,20-1,20.0,1000.0,1.0,1353.0,False
AMJAZPJBO936R,prim,4,20-1,20.0,1000.0,1.0,6949.300000190737,False
AMJAZPJBO936R,prim,4,20-1,20.0,1000.0,1.0,2265.0999999046326,False
ANCTZADQC3D75,ns,1,40-1,40.0,1000.0,1.0,0.0,True
ANCTZADQC3D75,ns,1,40-1,40.0,1000.0,1.0,12678.0,False
ANCTZADQC3D75,ns,1,40-1,40.0,1000.0,38.0,3767.0,False
ANCTZADQC3D75,ns,1,40-1,40.0,1000.0,38.0,2727.0,False
ANCTZADQC3D75,ns,1,40-1,40.0,1000.0,38.0,2702.0,False
ANCTZADQC3D75,ns,1,40-1,40.0,1000.0,37.0,2807.0,False
ANCTZADQC3D75,ns,1,40-1,40.0,1000.0,38.0,3581.0,False
ANCTZADQC3D75,ns,1,40-1,40.0,1000.0,38.0,3661.0,False
ANCTZADQC3D75,ns,2,40-1,40.0,1000.0,2.0,10341.0,False
ANCTZADQC3D75,ns,2,40-1,40.0,1000.0,1.0,6528.0,False
ANCTZADQC3D75,ns,2,40-1,40.0,1000.0,1.0,10725.0,False
ANCTZADQC3D75,ns,2,40-1,40.0,1000.0,1.0,3430.0,False
ANCTZADQC3D75,ns,2,40-1,40.0,1000.0,4.0,5588.0,False
ANCTZADQC3D75,ns,2,40-1,40.0,1000.0,37.0,0.0,True
ANCTZADQC3D75,ns,3,40-1,40.0,1000.0,39.0,4234.0,False
ANCTZADQC3D75,ns,3,40-1,40.0,1000.0,38.0,6641.0,False
ANCTZADQC3D75,ns,3,40-1,40.0,1000.0,40.0,2393.0,False
ANCTZADQC3D75,ns,3,40-1,40.0,1000.0,38.0,3894.0,False
ANCTZADQC3D75,ns,3,40-1,40.0,1000.0,4.0,3142.0,False
ANCTZADQC3D75,ns,3,40-1,40.0,1000.0,39.0,0.0,True
ANCTZADQC3D75,ns,3,40-1,40.0,1000.0,38.0,1065.0,False
ANCTZADQC3D75,ns,3,40-1,40.0,1000.0,37.0,4565.0,False
ANCTZADQC3D75,ns,4,40-1,40.0,1000.0,3.0,2236.0,False
ANCTZADQC3D75,ns,4,40-1,40.0,1000.0,2.0,10292.0,False
ANCTZADQC3D75,ns,4,40-1,40.0,1000.0,38.0,6038.0,False
ANCTZADQC3D75,ns,4,40-1,40.0,1000.0,39.0,532.0,False
ANCTZADQC3D75,ns,4,40-1,40.0,1000.0,40.0,4151.0,False
ANCTZADQC3D75,ns,4,40-1,40.0,1000.0,1.0,3713.0,False
ANCTZADQC3D75,ns,4,40-1,40.0,1000.0,40.0,4670.0,False
ANCTZADQC3D75,ns,4,40-1,40.0,1000.0,37.0,1350.0,False
ANCTZADQC3D75,ns,4,40-1,40.0,1000.0,40.0,1833.0,False
ANCTZADQC3D75,ns,4,40-1,40.0,1000.0,37.0,0.0,True
AO5FQ7GY8DTR8,prim,1,10-2,10.0,2000.0,1.0,1083.7000002861023,False
AO5FQ7GY8DTR8,prim,1,10-2,10.0,2000.0,1.0,5957.700000047684,False
AO5FQ7GY8DTR8,prim,1,10-2,10.0,2000.0,1.0,1559.0000002384186,False
AO5FQ7GY8DTR8,prim,1,10-2,10.0,2000.0,1.0,0.0,True
AO5FQ7GY8DTR8,prim,2,10-2,10.0,2000.0,1.0,0.0,True
AO5FQ7GY8DTR8,prim,2,10-2,10.0,2000.0,1.0,7663.699999809265,False
AO5FQ7GY8DTR8,prim,2,10-2,10.0,2000.0,1.0,5195.599999904633,False
AO5FQ7GY8DTR8,prim,2,10-2,10.0,2000.0,1.0,8092.199999809265,False
AO5FQ7GY8DTR8,prim,2,10-2,10.0,2000.0,1.0,4686.599999904633,False
AOIR8V07FYMH5,rec,1,15-2,15.0,2000.0,15.0,0.0,True
AOIR8V07FYMH5,rec,1,15-2,15.0,2000.0,1.0,2382.5999999996275,False
AOIR8V07FYMH5,rec,1,15-2,15.0,2000.0,15.0,483.7999999988824,False
AOIR8V07FYMH5,rec,1,15-2,15.0,2000.0,15.0,5398.0,False
AOIR8V07FYMH5,rec,1,15-2,15.0,2000.0,15.0,2343.5,False
AOIR8V07FYMH5,rec,1,15-2,15.0,2000.0,13.0,1638.699999999255,False
AOIR8V07FYMH5,rec,1,15-2,15.0,2000.0,15.0,1246.5999999996275,False
AOIR8V07FYMH5,rec,1,15-2,15.0,2000.0,14.0,2385.300000000745,False
AOIR8V07FYMH5,rec,1,15-2,15.0,2000.0,14.0,1169.7999999988824,False
AOIR8V07FYMH5,rec,1,15-2,15.0,2000.0,15.0,497.0,False
AOIR8V07FYMH5,rec,2,15-2,15.0,2000.0,15.0,1701.300000011921,False
AOIR8V07FYMH5,rec,2,15-2,15.0,2000.0,15.0,6040.199999988079,False
AOIR8V07FYMH5,rec,2,15-2,15.0,2000.0,14.0,3460.300000011921,False
AOIR8V07FYMH5,rec,2,15-2,15.0,2000.0,15.0,1580.0999999940395,False
AOIR8V07FYMH5,rec,2,15-2,15.0,2000.0,15.0,1014.9000000059605,False
AOIR8V07FYMH5,rec,2,15-2,15.0,2000.0,15.0,2082.0999999940395,False
AOIR8V07FYMH5,rec,2,15-2,15.0,2000.0,15.0,2217.500000000001,False
AOIR8V07FYMH5,rec,2,15-2,15.0,2000.0,15.0,1212.9000000059605,False
AOIR8V07FYMH5,rec,2,15-2,15.0,2000.0,15.0,1023.7000000178814,False
AOIR8V07FYMH5,rec,2,15-2,15.0,2000.0,15.0,2064.800000011921,False
AOIR8V07FYMH5,rec,2,15-2,15.0,2000.0,15.0,376.7000000178814,False
AOIR8V07FYMH5,rec,2,15-2,15.0,2000.0,15.0,0.0,True
AOIR8V07FYMH5,rec,3,15-2,15.0,2000.0,15.0,508.20000004768417,False
AOIR8V07FYMH5,rec,3,15-2,15.0,2000.0,15.0,1107.0,False
AOIR8V07FYMH5,rec,3,15-2,15.0,2000.0,15.0,3036.399999976158,False
AOIR8V07FYMH5,rec,3,15-2,15.0,2000.0,15.0,3247.7000000476837,False
AOIR8V07FYMH5,rec,3,15-2,15.0,2000.0,15.0,2811.600000023842,False
AOIR8V07FYMH5,rec,3,15-2,15.0,2000.0,15.0,1697.2000000476837,False
AOIR8V07FYMH5,rec,3,15-2,15.0,2000.0,15.0,228.0,False
AOIR8V07FYMH5,rec,3,15-2,15.0,2000.0,14.0,2051.399999976158,False
AOIR8V07FYMH5,rec,3,15-2,15.0,2000.0,15.0,0.0,True
AOIR8V07FYMH5,rec,3,15-2,15.0,2000.0,15.0,96.39999997615814,False
AOIR8V07FYMH5,rec,3,15-2,15.0,2000.0,14.0,612.2999999523163,False
AOIR8V07FYMH5,rec,3,15-2,15.0,2000.0,15.0,2146.5,False
AOIR8V07FYMH5,rec,4,15-2,15.0,2000.0,13.0,0.0,True
AOIR8V07FYMH5,rec,4,15-2,15.0,2000.0,14.0,1356.699999928474,False
AOIR8V07FYMH5,rec,4,15-2,15.0,2000.0,14.0,1131.099999904632,False
AOIR8V07FYMH5,rec,4,15-2,15.0,2000.0,13.0,1869.0,False
AOIR8V07FYMH5,rec,4,15-2,15.0,2000.0,15.0,2480.699999928474,False
AOIR8V07FYMH5,rec,4,15-2,15.0,2000.0,15.0,1184.099999904632,False
AOIR8V07FYMH5,rec,4,15-2,15.0,2000.0,15.0,296.0,False
AOIR8V07FYMH5,rec,4,15-2,15.0,2000.0,15.0,2633.4999999999995,False
AOIR8V07FYMH5,rec,4,15-2,15.0,2000.0,15.0,517.2999999523158,False
AOIR8V07FYMH5,rec,4,15-2,15.0,2000.0,15.0,2571.6000000238414,False
AOIR8V07FYMH5,rec,4,15-2,15.0,2000.0,15.0,1297.3999998569489,False
AOIR8V07FYMH5,rec,4,15-2,15.0,2000.0,15.0,1380.2999999523158,False
AOQKJGXZ8QQD0,prim,1,40-1,40.0,1000.0,3.0,768.0,False
AOQKJGXZ8QQD0,prim,1,40-1,40.0,1000.0,3.0,0.0,True
AOQKJGXZ8QQD0,prim,1,40-1,40.0,1000.0,1.0,36447.60000002384,False
AOQKJGXZ8QQD0,prim,1,40-1,40.0,1000.0,4.0,286.7000000476837,False
AOQKJGXZ8QQD0,prim,1,40-1,40.0,1000.0,38.0,407.3000000715256,False
AOQKJGXZ8QQD0,prim,1,40-1,40.0,1000.0,1.0,4452.600000023842,False
AOQKJGXZ8QQD0,prim,1,40-1,40.0,1000.0,36.0,3072.5,False
AOQKJGXZ8QQD0,prim,1,40-1,40.0,1000.0,1.0,7438.699999928474,False
AOQKJGXZ8QQD0,prim,1,40-1,40.0,1000.0,39.0,3072.399999976158,False
AOQKJGXZ8QQD0,prim,1,40-1,40.0,1000.0,2.0,2905.6999999284744,False
AOQKJGXZ8QQD0,prim,1,40-1,40.0,1000.0,1.0,821.7000000476837,False
AOQKJGXZ8QQD0,prim,1,40-1,40.0,1000.0,37.0,2374.1999999284744,False
AOQKJGXZ8QQD0,prim,2,40-1,40.0,1000.0,1.0,2935.399999856949,False
AOQKJGXZ8QQD0,prim,2,40-1,40.0,1000.0,4.0,3150.2000000476837,False
AOQKJGXZ8QQD0,prim,2,40-1,40.0,1000.0,3.0,599.2000000476837,False
AOQKJGXZ8QQD0,prim,2,40-1,40.0,1000.0,4.0,4239.199999809263,False
AOQKJGXZ8QQD0,prim,2,40-1,40.0,1000.0,6.0,2740.5999999046326,False
AOQKJGXZ8QQD0,prim,2,40-1,40.0,1000.0,2.0,14440.09999990464,False
AOQKJGXZ8QQD0,prim,2,40-1,40.0,1000.0,1.0,0.0,True
AOQKJGXZ8QQD0,prim,2,40-1,40.0,1000.0,18.0,27755.700000047676,False
AOQKJGXZ8QQD0,prim,3,40-1,40.0,1000.0,1.0,0.0,True
AOQKJGXZ8QQD0,prim,3,40-1,40.0,1000.0,3.0,34992.60000000149,False
AOQKJGXZ8QQD0,prim,3,40-1,40.0,1000.0,13.0,10842.5,False
AOQKJGXZ8QQD0,prim,3,40-1,40.0,1000.0,3.0,7598.999999992549,False
AOQKJGXZ8QQD0,prim,3,40-1,40.0,1000.0,2.0,9436.5,False
AOQKJGXZ8QQD0,prim,3,40-1,40.0,1000.0,6.0,7012.69999999553,False
AOQKJGXZ8QQD0,prim,3,40-1,40.0,1000.0,3.0,14085.19999999553,False
AOQKJGXZ8QQD0,prim,4,40-1,40.0,1000.0,5.0,1352.699999988079,False
AOQKJGXZ8QQD0,prim,4,40-1,40.0,1000.0,1.0,5989.300000011921,False
AOQKJGXZ8QQD0,prim,4,40-1,40.0,1000.0,6.0,3733.4999999403954,False
AOQKJGXZ8QQD0,prim,4,40-1,40.0,1000.0,1.0,3570.199999988079,False
AOQKJGXZ8QQD0,prim,4,40-1,40.0,1000.0,1.0,0.0,True
AOQKJGXZ8QQD0,prim,4,40-1,40.0,1000.0,1.0,1458.6000000238419,False
AOQKJGXZ8QQD0,prim,4,40-1,40.0,1000.0,4.0,7407.800000011921,False
AOQKJGXZ8QQD0,prim,4,40-1,40.0,1000.0,5.0,24942.79999995232,False
AOQKJGXZ8QQD0,prim,4,40-1,40.0,1000.0,2.0,7913.39999997616,False
AOQZVAH5FSKGE,prim,1,20-1,20.0,1000.0,2.0,0.0,True
AOQZVAH5FSKGE,prim,1,20-1,20.0,1000.0,2.0,2697.0,False
AOQZVAH5FSKGE,prim,1,20-1,20.0,1000.0,2.0,3055.0,False
AOQZVAH5FSKGE,prim,1,20-1,20.0,1000.0,2.0,5175.0,False
AOQZVAH5FSKGE,prim,1,20-1,20.0,1000.0,1.0,3427.0,False
AOQZVAH5FSKGE,prim,1,20-1,20.0,1000.0,1.0,2558.0,False
AOQZVAH5FSKGE,prim,1,20-1,20.0,1000.0,1.0,20445.0,False
AOQZVAH5FSKGE,prim,1,20-1,20.0,1000.0,6.0,5954.0,False
AOQZVAH5FSKGE,prim,2,20-1,20.0,1000.0,3.0,0.0,True
AOQZVAH5FSKGE,prim,2,20-1,20.0,1000.0,1.0,2380.0,False
AOQZVAH5FSKGE,prim,2,20-1,20.0,1000.0,3.0,4052.0,False
AOQZVAH5FSKGE,prim,2,20-1,20.0,1000.0,2.0,15816.0,False
AOQZVAH5FSKGE,prim,2,20-1,20.0,1000.0,2.0,9865.0,False
AOQZVAH5FSKGE,prim,2,20-1,20.0,1000.0,4.0,1488.0,False
AOQZVAH5FSKGE,prim,2,20-1,20.0,1000.0,3.0,63067.0,False
AOQZVAH5FSKGE,prim,2,20-1,20.0,1000.0,3.0,3444.0,False
AOQZVAH5FSKGE,prim,3,20-1,20.0,1000.0,1.0,2349.0,False
AOQZVAH5FSKGE,prim,3,20-1,20.0,1000.0,3.0,1236.0,False
AOQZVAH5FSKGE,prim,3,20-1,20.0,1000.0,1.0,1870.0,False
AOQZVAH5FSKGE,prim,3,20-1,20.0,1000.0,6.0,2537.0,False
AOQZVAH5FSKGE,prim,3,20-1,20.0,1000.0,4.0,17684.0,False
AOQZVAH5FSKGE,prim,3,20-1,20.0,1000.0,2.0,1026.0,False
AOQZVAH5FSKGE,prim,3,20-1,20.0,1000.0,2.0,4348.0,False
AOQZVAH5FSKGE,prim,3,20-1,20.0,1000.0,1.0,0.0,True
AOQZVAH5FSKGE,prim,3,20-1,20.0,1000.0,1.0,1596.0,False
AOQZVAH5FSKGE,prim,4,20-1,20.0,1000.0,4.0,0.0,True
AOQZVAH5FSKGE,prim,4,20-1,20.0,1000.0,3.0,47281.0,False
AOQZVAH5FSKGE,prim,4,20-1,20.0,1000.0,2.0,3955.0,False
AOQZVAH5FSKGE,prim,4,20-1,20.0,1000.0,1.0,7022.0,False
AOQZVAH5FSKGE,prim,4,20-1,20.0,1000.0,2.0,6341.0,False
AOQZVAH5FSKGE,prim,4,20-1,20.0,1000.0,2.0,10148.0,False
AOQZVAH5FSKGE,prim,4,20-1,20.0,1000.0,2.0,3131.0,False
AOQZVAH5FSKGE,prim,4,20-1,20.0,1000.0,2.0,16243.0,False
AOQZVAH5FSKGE,prim,4,20-1,20.0,1000.0,1.0,18720.0,False
AOQZVAH5FSKGE,prim,4,20-1,20.0,1000.0,1.0,1929.0,False
AOYDGVOZUIHII,prim,1,30-1,30.0,1000.0,1.0,0.0,True
AOYDGVOZUIHII,prim,1,30-1,30.0,1000.0,2.0,5017.299999952316,False
AOYDGVOZUIHII,prim,1,30-1,30.0,1000.0,1.0,21027.199999988075,False
AOYDGVOZUIHII,prim,1,30-1,30.0,1000.0,1.0,10789.599999964237,False
AOYDGVOZUIHII,prim,1,30-1,30.0,1000.0,3.0,8481.999999940395,False
AOYDGVOZUIHII,prim,1,30-1,30.0,1000.0,7.0,14961.699999928478,False
AOYDGVOZUIHII,prim,1,30-1,30.0,1000.0,1.0,2251.9999999403954,False
AOYDGVOZUIHII,prim,1,30-1,30.0,1000.0,1.0,2884.699999988079,False
AOYDGVOZUIHII,prim,2,30-1,30.0,1000.0,1.0,16251.899999976158,False
AOYDGVOZUIHII,prim,2,30-1,30.0,1000.0,2.0,9535.799999952313,False
AOYDGVOZUIHII,prim,2,30-1,30.0,1000.0,2.0,33376.79999983311,False
AOYDGVOZUIHII,prim,2,30-1,30.0,1000.0,2.0,1713.8999999761581,False
AOYDGVOZUIHII,prim,2,30-1,30.0,1000.0,2.0,3900.899999856949,False
AOYDGVOZUIHII,prim,2,30-1,30.0,1000.0,1.0,0.0,True
AOYDGVOZUIHII,prim,2,30-1,30.0,1000.0,4.0,4874.5,False
AOYDGVOZUIHII,prim,2,30-1,30.0,1000.0,1.0,8780.899999856949,False
AOYDGVOZUIHII,prim,2,30-1,30.0,1000.0,1.0,4682.799999952316,False
AOYDGVOZUIHII,prim,2,30-1,30.0,1000.0,1.0,14.199999928474426,False
AOYDGVOZUIHII,prim,3,30-1,30.0,1000.0,1.0,0.0,True
AOYDGVOZUIHII,prim,3,30-1,30.0,1000.0,1.0,7603.799999952316,False
AOYDGVOZUIHII,prim,3,30-1,30.0,1000.0,1.0,9966.0,False
AOYDGVOZUIHII,prim,3,30-1,30.0,1000.0,5.0,10697.799999952316,False
AOYDGVOZUIHII,prim,3,30-1,30.0,1000.0,1.0,18661.999999999996,False
AOYDGVOZUIHII,prim,3,30-1,30.0,1000.0,1.0,16273.100000023842,False
AOYDGVOZUIHII,prim,3,30-1,30.0,1000.0,2.0,14227.100000023842,False
AOYDGVOZUIHII,prim,3,30-1,30.0,1000.0,3.0,12996.0,False
AOYDGVOZUIHII,prim,3,30-1,30.0,1000.0,2.0,8884.599999904633,False
AOYDGVOZUIHII,prim,3,30-1,30.0,1000.0,2.0,13647.699999928474,False
AOYDGVOZUIHII,prim,4,30-1,30.0,1000.0,2.0,0.0,True
AOYDGVOZUIHII,prim,4,30-1,30.0,1000.0,1.0,20635.299999952324,False
AOYDGVOZUIHII,prim,4,30-1,30.0,1000.0,1.0,10793.799999952316,False
AOYDGVOZUIHII,prim,4,30-1,30.0,1000.0,2.0,10094.700000047684,False
AOYDGVOZUIHII,prim,4,30-1,30.0,1000.0,2.0,5962.099999904633,False
AOYDGVOZUIHII,prim,4,30-1,30.0,1000.0,2.0,16340.200000047684,False
AOYDGVOZUIHII,prim,4,30-1,30.0,1000.0,2.0,9745.399999856947,False
AOYDGVOZUIHII,prim,4,30-1,30.0,1000.0,2.0,22949.700000047684,False
AOYDGVOZUIHII,prim,4,30-1,30.0,1000.0,1.0,11173.0,False
AOYDGVOZUIHII,prim,4,30-1,30.0,1000.0,1.0,12856.200000047684,False
AOYDGVOZUIHII,prim,4,30-1,30.0,1000.0,1.0,12719.400000095367,False
AP3BTOBN8Y9EJ,rec,1,40-1,40.0,1000.0,40.0,2602.7000000476837,False
AP3BTOBN8Y9EJ,rec,1,40-1,40.0,1000.0,40.0,12159.800000071526,False
AP3BTOBN8Y9EJ,rec,1,40-1,40.0,1000.0,40.0,438.89999997615814,False
AP3BTOBN8Y9EJ,rec,1,40-1,40.0,1000.0,39.0,0.0,True
AP3BTOBN8Y9EJ,rec,1,40-1,40.0,1000.0,31.0,2033.3000000715256,False
AP3BTOBN8Y9EJ,rec,1,40-1,40.0,1000.0,40.0,4477.900000095367,False
AP3BTOBN8Y9EJ,rec,1,40-1,40.0,1000.0,39.0,4306.600000023842,False
AP3BTOBN8Y9EJ,rec,1,40-1,40.0,1000.0,36.0,3006.9000000953674,False
AP3BTOBN8Y9EJ,rec,1,40-1,40.0,1000.0,40.0,5627.5,False
AP3BTOBN8Y9EJ,rec,1,40-1,40.0,1000.0,36.0,1255.6000000238419,False
AP3BTOBN8Y9EJ,rec,1,40-1,40.0,1000.0,30.0,4275.699999928474,False
AP3BTOBN8Y9EJ,rec,2,40-1,40.0,1000.0,35.0,4831.100000143052,False
AP3BTOBN8Y9EJ,rec,2,40-1,40.0,1000.0,34.0,12554.300000071526,False
AP3BTOBN8Y9EJ,rec,2,40-1,40.0,1000.0,39.0,2682.4000000953683,False
AP3BTOBN8Y9EJ,rec,2,40-1,40.0,1000.0,39.0,3449.00000011921,False
AP3BTOBN8Y9EJ,rec,2,40-1,40.0,1000.0,38.0,2861.50000011921,False
AP3BTOBN8Y9EJ,rec,2,40-1,40.0,1000.0,39.0,884.0000001192102,False
AP3BTOBN8Y9EJ,rec,2,40-1,40.0,1000.0,39.0,18756.800000071526,False
AP3BTOBN8Y9EJ,rec,2,40-1,40.0,1000.0,40.0,2567.7000000476846,False
AP3BTOBN8Y9EJ,rec,2,40-1,40.0,1000.0,39.0,4837.50000011921,False
AP3BTOBN8Y9EJ,rec,2,40-1,40.0,1000.0,40.0,0.0,True
AP3BTOBN8Y9EJ,rec,3,40-1,40.0,1000.0,34.0,0.0,True
AP3BTOBN8Y9EJ,rec,3,40-1,40.0,1000.0,40.0,1008.7000002861018,False
AP3BTOBN8Y9EJ,rec,3,40-1,40.0,1000.0,40.0,1558.0000002384181,False
AP3BTOBN8Y9EJ,rec,3,40-1,40.0,1000.0,38.0,2615.7000000476833,False
AP3BTOBN8Y9EJ,rec,3,40-1,40.0,1000.0,39.0,2743.900000095367,False
AP3BTOBN8Y9EJ,rec,3,40-1,40.0,1000.0,37.0,4635.400000095367,False
AP3BTOBN8Y9EJ,rec,3,40-1,40.0,1000.0,40.0,3656.1000001430507,False
AP3BTOBN8Y9EJ,rec,3,40-1,40.0,1000.0,40.0,3972.9999999999995,False
AP3BTOBN8Y9EJ,rec,3,40-1,40.0,1000.0,40.0,4198.400000095367,False
AP3BTOBN8Y9EJ,rec,3,40-1,40.0,1000.0,39.0,3079.700000286102,False
AP3BTOBN8Y9EJ,rec,3,40-1,40.0,1000.0,40.0,2293.1000001430507,False
AP3BTOBN8Y9EJ,rec,4,40-1,40.0,1000.0,34.0,786.6999998092651,False
AP3BTOBN8Y9EJ,rec,4,40-1,40.0,1000.0,39.0,7560.899999856949,False
AP3BTOBN8Y9EJ,rec,4,40-1,40.0,1000.0,39.0,426.59999990463257,False
AP3BTOBN8Y9EJ,rec,4,40-1,40.0,1000.0,38.0,3842.899999856949,False
AP3BTOBN8Y9EJ,rec,4,40-1,40.0,1000.0,40.0,3171.2999997138977,False
AP3BTOBN8Y9EJ,rec,4,40-1,40.0,1000.0,40.0,2610.5999999046326,False
AP3BTOBN8Y9EJ,rec,4,40-1,40.0,1000.0,39.0,5935.099999904633,False
AP3BTOBN8Y9EJ,rec,4,40-1,40.0,1000.0,40.0,22364.199999809272,False
AP3BTOBN8Y9EJ,rec,4,40-1,40.0,1000.0,40.0,69.49999976158142,False
AP3BTOBN8Y9EJ,rec,4,40-1,40.0,1000.0,40.0,0.0,True
AP3BTOBN8Y9EJ,rec,4,40-1,40.0,1000.0,39.0,5202.999999761581,False
AP3BTOBN8Y9EJ,rec,4,40-1,40.0,1000.0,39.0,4987.899999856949,False
AP4B1GJIT3HYF,ns,1,30-1,30.0,1000.0,7.0,696.0,False
AP4B1GJIT3HYF,ns,1,30-1,30.0,1000.0,1.0,10824.0,False
AP4B1GJIT3HYF,ns,1,30-1,30.0,1000.0,21.0,2099.0,False
AP4B1GJIT3HYF,ns,1,30-1,30.0,1000.0,27.0,1584.0,False
AP4B1GJIT3HYF,ns,1,30-1,30.0,1000.0,29.0,0.0,True
AP4B1GJIT3HYF,ns,1,30-1,30.0,1000.0,4.0,30891.0,False
AP4B1GJIT3HYF,ns,1,30-1,30.0,1000.0,2.0,707.0,False
AP4B1GJIT3HYF,ns,1,30-1,30.0,1000.0,1.0,4828.0,False
AP4B1GJIT3HYF,ns,1,30-1,30.0,1000.0,26.0,23954.0,False
AP4B1GJIT3HYF,ns,1,30-1,30.0,1000.0,2.0,6590.0,False
AP4B1GJIT3HYF,ns,2,30-1,30.0,1000.0,1.0,0.0,True
AP4B1GJIT3HYF,ns,2,30-1,30.0,1000.0,4.0,14779.0,False
AP4B1GJIT3HYF,ns,2,30-1,30.0,1000.0,30.0,15008.0,False
AP4B1GJIT3HYF,ns,2,30-1,30.0,1000.0,30.0,9515.0,False
AP4B1GJIT3HYF,ns,2,30-1,30.0,1000.0,26.0,2539.0,False
AP4B1GJIT3HYF,ns,2,30-1,30.0,1000.0,28.0,23075.0,False
AP4B1GJIT3HYF,ns,2,30-1,30.0,1000.0,1.0,7349.0,False
AP4B1GJIT3HYF,ns,2,30-1,30.0,1000.0,23.0,5696.0,False
AP4B1GJIT3HYF,ns,2,30-1,30.0,1000.0,7.0,10440.0,False
AP4B1GJIT3HYF,ns,2,30-1,30.0,1000.0,30.0,4145.0,False
AP4B1GJIT3HYF,ns,3,30-1,30.0,1000.0,4.0,1373.0,False
AP4B1GJIT3HYF,ns,3,30-1,30.0,1000.0,2.0,7127.0,False
AP4B1GJIT3HYF,ns,3,30-1,30.0,1000.0,3.0,290.0,False
AP4B1GJIT3HYF,ns,3,30-1,30.0,1000.0,1.0,5606.0,False
AP4B1GJIT3HYF,ns,3,30-1,30.0,1000.0,3.0,7256.0,False
AP4B1GJIT3HYF,ns,3,30-1,30.0,1000.0,1.0,3821.0,False
AP4B1GJIT3HYF,ns,3,30-1,30.0,1000.0,30.0,1907.0,False
AP4B1GJIT3HYF,ns,3,30-1,30.0,1000.0,29.0,179.0,False
AP4B1GJIT3HYF,ns,3,30-1,30.0,1000.0,28.0,0.0,True
AP4B1GJIT3HYF,ns,3,30-1,30.0,1000.0,30.0,5975.0,False
AP4B1GJIT3HYF,ns,3,30-1,30.0,1000.0,29.0,3314.0,False
AP4B1GJIT3HYF,ns,4,30-1,30.0,1000.0,15.0,193.0,False
AP4B1GJIT3HYF,ns,4,30-1,30.0,1000.0,27.0,176.0,False
AP4B1GJIT3HYF,ns,4,30-1,30.0,1000.0,29.0,3727.0,False
AP4B1GJIT3HYF,ns,4,30-1,30.0,1000.0,28.0,1618.0,False
AP4B1GJIT3HYF,ns,4,30-1,30.0,1000.0,4.0,0.0,True
AP4B1GJIT3HYF,ns,4,30-1,30.0,1000.0,30.0,2298.0,False
AP4B1GJIT3HYF,ns,4,30-1,30.0,1000.0,24.0,6017.0,False
AP4B1GJIT3HYF,ns,4,30-1,30.0,1000.0,29.0,947.0,False
AP4B1GJIT3HYF,ns,4,30-1,30.0,1000.0,15.0,9916.0,False
AP9WIQ4P78XLH,rec,1,20-2,20.0,2000.0,1.0,0.0,True
AP9WIQ4P78XLH,rec,1,20-2,20.0,2000.0,1.0,1613.0,False
AP9WIQ4P78XLH,rec,1,20-2,20.0,2000.0,20.0,883.0,False
AP9WIQ4P78XLH,rec,1,20-2,20.0,2000.0,1.0,1053.0,False
AP9WIQ4P78XLH,rec,1,20-2,20.0,2000.0,20.0,772.0,False
AP9WIQ4P78XLH,rec,1,20-2,20.0,2000.0,19.0,2106.0,False
AP9WIQ4P78XLH,rec,1,20-2,20.0,2000.0,18.0,748.0,False
AP9WIQ4P78XLH,rec,1,20-2,20.0,2000.0,20.0,1135.0,False
AP9WIQ4P78XLH,rec,1,20-2,20.0,2000.0,20.0,405.0,False
AP9WIQ4P78XLH,rec,1,20-2,20.0,2000.0,8.0,671.0,False
AP9WIQ4P78XLH,rec,1,20-2,20.0,2000.0,17.0,2379.0,False
AP9WIQ4P78XLH,rec,1,20-2,20.0,2000.0,19.0,481.0,False
AP9WIQ4P78XLH,rec,2,20-2,20.0,2000.0,17.0,0.0,True
AP9WIQ4P78XLH,rec,2,20-2,20.0,2000.0,20.0,1220.0000000149003,False
AP9WIQ4P78XLH,rec,2,20-2,20.0,2000.0,1.0,1124.40000000596,False
AP9WIQ4P78XLH,rec,2,20-2,20.0,2000.0,17.0,696.5,False
AP9WIQ4P78XLH,rec,2,20-2,20.0,2000.0,19.0,600.0000000149003,False
AP9WIQ4P78XLH,rec,2,20-2,20.0,2000.0,1.0,1678.2000000178805,False
AP9WIQ4P78XLH,rec,2,20-2,20.0,2000.0,20.0,889.9000000208607,False
AP9WIQ4P78XLH,rec,2,20-2,20.0,2000.0,19.0,603.40000000596,False
AP9WIQ4P78XLH,rec,2,20-2,20.0,2000.0,17.0,814.1000000089398,False
AP9WIQ4P78XLH,rec,2,20-2,20.0,2000.0,17.0,1077.7000000029793,False
AP9WIQ4P78XLH,rec,2,20-2,20.0,2000.0,13.0,585.2000000178805,False
AP9WIQ4P78XLH,rec,2,20-2,20.0,2000.0,12.0,1268.7000000029793,False
AP9WIQ4P78XLH,rec,3,20-2,20.0,2000.0,19.0,934.0,False
AP9WIQ4P78XLH,rec,3,20-2,20.0,2000.0,19.0,734.0,False
AP9WIQ4P78XLH,rec,3,20-2,20.0,2000.0,20.0,1520.0,False
AP9WIQ4P78XLH,rec,3,20-2,20.0,2000.0,1.0,1084.0,False
AP9WIQ4P78XLH,rec,3,20-2,20.0,2000.0,18.0,1355.0,False
AP9WIQ4P78XLH,rec,3,20-2,20.0,2000.0,16.0,945.0,False
AP9WIQ4P78XLH,rec,3,20-2,20.0,2000.0,19.0,779.0,False
AP9WIQ4P78XLH,rec,3,20-2,20.0,2000.0,19.0,1949.0,False
AP9WIQ4P78XLH,rec,3,20-2,20.0,2000.0,18.0,785.0,False
AP9WIQ4P78XLH,rec,3,20-2,20.0,2000.0,19.0,0.0,True
AP9WIQ4P78XLH,rec,3,20-2,20.0,2000.0,19.0,89.0,False
AP9WIQ4P78XLH,rec,3,20-2,20.0,2000.0,18.0,2250.0,False
AP9WIQ4P78XLH,rec,4,20-2,20.0,2000.0,19.0,0.0,True
AP9WIQ4P78XLH,rec,4,20-2,20.0,2000.0,18.0,1718.0,False
AP9WIQ4P78XLH,rec,4,20-2,20.0,2000.0,1.0,1602.0,False
AP9WIQ4P78XLH,rec,4,20-2,20.0,2000.0,14.0,1095.0,False
AP9WIQ4P78XLH,rec,4,20-2,20.0,2000.0,19.0,1591.0,False
AP9WIQ4P78XLH,rec,4,20-2,20.0,2000.0,18.0,645.0,False
AP9WIQ4P78XLH,rec,4,20-2,20.0,2000.0,8.0,614.0,False
AP9WIQ4P78XLH,rec,4,20-2,20.0,2000.0,19.0,903.0,False
AP9WIQ4P78XLH,rec,4,20-2,20.0,2000.0,19.0,563.0,False
AP9WIQ4P78XLH,rec,4,20-2,20.0,2000.0,17.0,724.0,False
AP9WIQ4P78XLH,rec,4,20-2,20.0,2000.0,19.0,2756.0,False
AP9WIQ4P78XLH,rec,4,20-2,20.0,2000.0,18.0,2152.0,False
AQCJI23U1VBYD,prim,1,20-1,20.0,1000.0,1.0,0.0,True
AQCJI23U1VBYD,prim,1,20-1,20.0,1000.0,1.0,3453.7999999523163,False
AQCJI23U1VBYD,prim,1,20-1,20.0,1000.0,1.0,3187.2999999523163,False
AQCJI23U1VBYD,prim,1,20-1,20.0,1000.0,1.0,6056.100000143051,False
AQCJI23U1VBYD,prim,1,20-1,20.0,1000.0,4.0,4248.400000095367,False
AQCJI23U1VBYD,prim,1,20-1,20.0,1000.0,1.0,2880.4000000953674,False
AQCJI23U1VBYD,prim,1,20-1,20.0,1000.0,1.0,4381.200000047684,False
AQCJI23U1VBYD,prim,1,20-1,20.0,1000.0,2.0,4793.199999809265,False
AQCJI23U1VBYD,prim,1,20-1,20.0,1000.0,1.0,2680.7999999523163,False
AQCJI23U1VBYD,prim,1,20-1,20.0,1000.0,1.0,4541.700000047684,False
AQCJI23U1VBYD,prim,1,20-1,20.0,1000.0,1.0,4239.700000047684,False
AQCJI23U1VBYD,prim,2,20-1,20.0,1000.0,8.0,6567.300000190735,False
AQCJI23U1VBYD,prim,2,20-1,20.0,1000.0,1.0,3588.5000002384204,False
AQCJI23U1VBYD,prim,2,20-1,20.0,1000.0,1.0,8578.300000190735,False
AQCJI23U1VBYD,prim,2,20-1,20.0,1000.0,3.0,3242.0,False
AQCJI23U1VBYD,prim,2,20-1,20.0,1000.0,5.0,2989.2000000476837,False
AQCJI23U1VBYD,prim,2,20-1,20.0,1000.0,4.0,1472.2999999523163,False
AQCJI23U1VBYD,prim,2,20-1,20.0,1000.0,1.0,0.0,True
AQCJI23U1VBYD,prim,2,20-1,20.0,1000.0,4.0,2849.2000000476837,False
AQCJI23U1VBYD,prim,3,20-1,20.0,1000.0,1.0,10073.899999856952,False
AQCJI23U1VBYD,prim,3,20-1,20.0,1000.0,1.0,0.0,True
AQCJI23U1VBYD,prim,3,20-1,20.0,1000.0,1.0,122.09999990463257,False
AQCJI23U1VBYD,prim,3,20-1,20.0,1000.0,3.0,2886.7999999523163,False
AQCJI23U1VBYD,prim,3,20-1,20.0,1000.0,1.0,74.79999995231628,False
AQCJI23U1VBYD,prim,3,20-1,20.0,1000.0,1.0,1477.5999999046326,False
AQCJI23U1VBYD,prim,3,20-1,20.0,1000.0,1.0,4697.799999952316,False
AQCJI23U1VBYD,prim,3,20-1,20.0,1000.0,6.0,5011.5,False
AQCJI23U1VBYD,prim,4,20-1,20.0,1000.0,1.0,3303.6000003814715,False
AQCJI23U1VBYD,prim,4,20-1,20.0,1000.0,2.0,8781.600000381472,False
AQCJI23U1VBYD,prim,4,20-1,20.0,1000.0,1.0,468.30000019073486,False
AQCJI23U1VBYD,prim,4,20-1,20.0,1000.0,1.0,0.0,True
AQPFTUIJ0PW2N,prim,1,20-1,20.0,1000.0,1.0,0.0,True
AQPFTUIJ0PW2N,prim,1,20-1,20.0,1000.0,3.0,6881.0,False
AQPFTUIJ0PW2N,prim,1,20-1,20.0,1000.0,1.0,6526.0,False
AQPFTUIJ0PW2N,prim,1,20-1,20.0,1000.0,1.0,3447.0,False
AQPFTUIJ0PW2N,prim,1,20-1,20.0,1000.0,1.0,1636.0,False
AQPFTUIJ0PW2N,prim,1,20-1,20.0,1000.0,9.0,3899.0,False
AQPFTUIJ0PW2N,prim,2,20-1,20.0,1000.0,1.0,8048.0,False
AQPFTUIJ0PW2N,prim,2,20-1,20.0,1000.0,3.0,0.0,True
AQPFTUIJ0PW2N,prim,2,20-1,20.0,1000.0,3.0,9072.0,False
AQPFTUIJ0PW2N,prim,2,20-1,20.0,1000.0,7.0,14567.0,False
AQPFTUIJ0PW2N,prim,2,20-1,20.0,1000.0,10.0,18944.0,False
AQPFTUIJ0PW2N,prim,2,20-1,20.0,1000.0,4.0,12487.0,False
AQPFTUIJ0PW2N,prim,3,20-1,20.0,1000.0,1.0,2505.0,False
AQPFTUIJ0PW2N,prim,3,20-1,20.0,1000.0,4.0,1426.0,False
AQPFTUIJ0PW2N,prim,3,20-1,20.0,1000.0,1.0,11111.0,False
AQPFTUIJ0PW2N,prim,3,20-1,20.0,1000.0,1.0,6773.0,False
AQPFTUIJ0PW2N,prim,3,20-1,20.0,1000.0,1.0,71285.0,False
AQPFTUIJ0PW2N,prim,3,20-1,20.0,1000.0,2.0,21261.0,False
AQPFTUIJ0PW2N,prim,3,20-1,20.0,1000.0,6.0,4802.0,False
AQPFTUIJ0PW2N,prim,3,20-1,20.0,1000.0,2.0,0.0,True
AQSYWZJVVMCGJ,prim,1,40-1,40.0,1000.0,1.0,0.0,True
AQSYWZJVVMCGJ,prim,1,40-1,40.0,1000.0,2.0,1765.0,False
AQSYWZJVVMCGJ,prim,1,40-1,40.0,1000.0,1.0,3585.0,False
AQSYWZJVVMCGJ,prim,1,40-1,40.0,1000.0,1.0,13555.0,False
AQSYWZJVVMCGJ,prim,1,40-1,40.0,1000.0,1.0,4781.0,False
AQSYWZJVVMCGJ,prim,1,40-1,40.0,1000.0,1.0,2546.0,False
AQSYWZJVVMCGJ,prim,1,40-1,40.0,1000.0,3.0,25962.0,False
AQSYWZJVVMCGJ,prim,1,40-1,40.0,1000.0,1.0,3085.0,False
AQSYWZJVVMCGJ,prim,1,40-1,40.0,1000.0,1.0,775.0,False
AQSYWZJVVMCGJ,prim,1,40-1,40.0,1000.0,3.0,9929.0,False
AQSYWZJVVMCGJ,prim,1,40-1,40.0,1000.0,39.0,4219.0,False
AQSYWZJVVMCGJ,prim,1,40-1,40.0,1000.0,1.0,5447.0,False
AQSYWZJVVMCGJ,prim,2,40-1,40.0,1000.0,1.0,0.0,True
AQSYWZJVVMCGJ,prim,2,40-1,40.0,1000.0,1.0,3262.0,False
AQSYWZJVVMCGJ,prim,2,40-1,40.0,1000.0,1.0,3324.0,False
AQSYWZJVVMCGJ,prim,2,40-1,40.0,1000.0,1.0,4975.0,False
AQSYWZJVVMCGJ,prim,2,40-1,40.0,1000.0,1.0,3855.0,False
AQSYWZJVVMCGJ,prim,2,40-1,40.0,1000.0,2.0,4835.0,False
AQSYWZJVVMCGJ,prim,2,40-1,40.0,1000.0,1.0,1879.0,False
AQSYWZJVVMCGJ,prim,2,40-1,40.0,1000.0,2.0,3243.0,False
AQSYWZJVVMCGJ,prim,2,40-1,40.0,1000.0,2.0,3326.0,False
AQSYWZJVVMCGJ,prim,2,40-1,40.0,1000.0,2.0,64.0,False
AQSYWZJVVMCGJ,prim,2,40-1,40.0,1000.0,1.0,4773.0,False
AQSYWZJVVMCGJ,prim,3,40-1,40.0,1000.0,1.0,556.0,False
AQSYWZJVVMCGJ,prim,3,40-1,40.0,1000.0,2.0,1867.0,False
AQSYWZJVVMCGJ,prim,3,40-1,40.0,1000.0,1.0,2006.0,False
AQSYWZJVVMCGJ,prim,3,40-1,40.0,1000.0,35.0,648.0,False
AQSYWZJVVMCGJ,prim,3,40-1,40.0,1000.0,30.0,1376.0,False
AQSYWZJVVMCGJ,prim,3,40-1,40.0,1000.0,3.0,59216.0,False
AQSYWZJVVMCGJ,prim,3,40-1,40.0,1000.0,40.0,1832.0,False
AQSYWZJVVMCGJ,prim,3,40-1,40.0,1000.0,6.0,0.0,True
AQSYWZJVVMCGJ,prim,3,40-1,40.0,1000.0,1.0,157.0,False
AQSYWZJVVMCGJ,prim,3,40-1,40.0,1000.0,2.0,23150.0,False
AQSYWZJVVMCGJ,prim,4,40-1,40.0,1000.0,1.0,2027.0,False
AQSYWZJVVMCGJ,prim,4,40-1,40.0,1000.0,1.0,1450.0,False
AQSYWZJVVMCGJ,prim,4,40-1,40.0,1000.0,2.0,722.0,False
AQSYWZJVVMCGJ,prim,4,40-1,40.0,1000.0,37.0,0.0,True
AQSYWZJVVMCGJ,prim,4,40-1,40.0,1000.0,1.0,4672.0,False
AQSYWZJVVMCGJ,prim,4,40-1,40.0,1000.0,3.0,4200.0,False
AQSYWZJVVMCGJ,prim,4,40-1,40.0,1000.0,1.0,3290.0,False
AQSYWZJVVMCGJ,prim,4,40-1,40.0,1000.0,1.0,25414.0,False
AQSYWZJVVMCGJ,prim,4,40-1,40.0,1000.0,3.0,4513.0,False
AQSYWZJVVMCGJ,prim,4,40-1,40.0,1000.0,36.0,763.0,False
AQSYWZJVVMCGJ,prim,4,40-1,40.0,1000.0,1.0,1566.0,False
AR0VJ5XRG16UJ,rec,1,15-2,15.0,2000.0,15.0,0.0,True
AR0VJ5XRG16UJ,rec,1,15-2,15.0,2000.0,15.0,9787.0,False
AR0VJ5XRG16UJ,rec,1,15-2,15.0,2000.0,14.0,3798.0,False
AR0VJ5XRG16UJ,rec,1,15-2,15.0,2000.0,14.0,3293.0,False
AR0VJ5XRG16UJ,rec,1,15-2,15.0,2000.0,14.0,8445.0,False
AR0VJ5XRG16UJ,rec,1,15-2,15.0,2000.0,15.0,6635.0,False
AR0VJ5XRG16UJ,rec,1,15-2,15.0,2000.0,15.0,10275.0,False
AR0VJ5XRG16UJ,rec,1,15-2,15.0,2000.0,14.0,4744.0,False
AR0VJ5XRG16UJ,rec,2,15-2,15.0,2000.0,14.0,0.0,True
AR0VJ5XRG16UJ,rec,2,15-2,15.0,2000.0,11.0,17476.0,False
AR0VJ5XRG16UJ,rec,2,15-2,15.0,2000.0,1.0,10581.0,False
AR0VJ5XRG16UJ,rec,2,15-2,15.0,2000.0,15.0,9127.0,False
AR0VJ5XRG16UJ,rec,2,15-2,15.0,2000.0,13.0,10264.0,False
AR0VJ5XRG16UJ,rec,2,15-2,15.0,2000.0,15.0,6481.0,False
AR0VJ5XRG16UJ,rec,2,15-2,15.0,2000.0,13.0,12674.0,False
AR0VJ5XRG16UJ,rec,2,15-2,15.0,2000.0,11.0,5400.0,False
AR0VJ5XRG16UJ,rec,2,15-2,15.0,2000.0,12.0,8083.0,False
AR0VJ5XRG16UJ,rec,2,15-2,15.0,2000.0,13.0,7303.0,False
AR1IWBDA7MC86,rec,1,40-1,40.0,1000.0,12.0,0.0,True
AR1IWBDA7MC86,rec,1,40-1,40.0,1000.0,40.0,2093.800000190735,False
AR1IWBDA7MC86,rec,1,40-1,40.0,1000.0,40.0,419.70000004768417,False
AR1IWBDA7MC86,rec,1,40-1,40.0,1000.0,40.0,807.2000000476842,False
AR1IWBDA7MC86,rec,1,40-1,40.0,1000.0,40.0,996.3999998569489,False
AR1IWBDA7MC86,rec,1,40-1,40.0,1000.0,40.0,3503.5999999046326,False
AR1IWBDA7MC86,rec,1,40-1,40.0,1000.0,40.0,542.599999904633,False
AR1IWBDA7MC86,rec,1,40-1,40.0,1000.0,40.0,2662.7000000476837,False
AR1IWBDA7MC86,rec,1,40-1,40.0,1000.0,39.0,4534.700000047684,False
AR1IWBDA7MC86,rec,1,40-1,40.0,1000.0,40.0,3821.5999999046326,False
AR1IWBDA7MC86,rec,1,40-1,40.0,1000.0,36.0,3771.0,False
AR1IWBDA7MC86,rec,1,40-1,40.0,1000.0,40.0,7607.0,False
AR1IWBDA7MC86,rec,2,40-1,40.0,1000.0,38.0,102.69999998807907,False
AR1IWBDA7MC86,rec,2,40-1,40.0,1000.0,40.0,4455.5999999940395,False
AR1IWBDA7MC86,rec,2,40-1,40.0,1000.0,40.0,1467.300000011921,False
AR1IWBDA7MC86,rec,2,40-1,40.0,1000.0,40.0,1314.300000011921,False
AR1IWBDA7MC86,rec,2,40-1,40.0,1000.0,40.0,1653.0999999940395,False
AR1IWBDA7MC86,rec,2,40-1,40.0,1000.0,40.0,4004.100000023842,False
AR1IWBDA7MC86,rec,2,40-1,40.0,1000.0,38.0,561.3000000119209,False
AR1IWBDA7MC86,rec,2,40-1,40.0,1000.0,39.0,1278.9000000059605,False
AR1IWBDA7MC86,rec,2,40-1,40.0,1000.0,40.0,0.0,True
AR1IWBDA7MC86,rec,2,40-1,40.0,1000.0,40.0,2012.7000000178814,False
AR1IWBDA7MC86,rec,2,40-1,40.0,1000.0,40.0,962.0000000000005,False
AR1IWBDA7MC86,rec,2,40-1,40.0,1000.0,39.0,2009.9000000059605,False
AR1IWBDA7MC86,rec,3,40-1,40.0,1000.0,40.0,0.0,True
AR1IWBDA7MC86,rec,3,40-1,40.0,1000.0,39.0,710.5999999642372,False
AR1IWBDA7MC86,rec,3,40-1,40.0,1000.0,39.0,868.0000000596051,False
AR1IWBDA7MC86,rec,3,40-1,40.0,1000.0,40.0,81.80000001192093,False
AR1IWBDA7MC86,rec,3,40-1,40.0,1000.0,40.0,746.3000000119209,False
AR1IWBDA7MC86,rec,3,40-1,40.0,1000.0,40.0,2988.400000035763,False
AR1IWBDA7MC86,rec,3,40-1,40.0,1000.0,39.0,566.5,False
AR1IWBDA7MC86,rec,3,40-1,40.0,1000.0,40.0,223.5,False
AR1IWBDA7MC86,rec,3,40-1,40.0,1000.0,39.0,475.30000001192093,False
AR1IWBDA7MC86,rec,3,40-1,40.0,1000.0,40.0,1493.800000011921,False
AR1IWBDA7MC86,rec,3,40-1,40.0,1000.0,40.0,1279.7000000476837,False
AR1IWBDA7MC86,rec,3,40-1,40.0,1000.0,39.0,454.80000001192093,False
AR1IWBDA7MC86,rec,4,40-1,40.0,1000.0,40.0,667.7999999523158,False
AR1IWBDA7MC86,rec,4,40-1,40.0,1000.0,40.0,7593.800000190735,False
AR1IWBDA7MC86,rec,4,40-1,40.0,1000.0,40.0,4033.4999999999995,False
AR1IWBDA7MC86,rec,4,40-1,40.0,1000.0,39.0,1312.400000095367,False
AR1IWBDA7MC86,rec,4,40-1,40.0,1000.0,39.0,2686.7000000476833,False
AR1IWBDA7MC86,rec,4,40-1,40.0,1000.0,39.0,4603.799999952316,False
AR1IWBDA7MC86,rec,4,40-1,40.0,1000.0,39.0,3231.000000238418,False
AR1IWBDA7MC86,rec,4,40-1,40.0,1000.0,40.0,38.000000238418124,False
AR1IWBDA7MC86,rec,4,40-1,40.0,1000.0,39.0,1330.400000095367,False
AR1IWBDA7MC86,rec,4,40-1,40.0,1000.0,40.0,837.1000001430511,False
AR1IWBDA7MC86,rec,4,40-1,40.0,1000.0,40.0,94.90000009536698,False
AR1IWBDA7MC86,rec,4,40-1,40.0,1000.0,40.0,0.0,True
AR3MFFPQ39IXF,rec,1,40-1,40.0,1000.0,30.0,0.0,True
AR3MFFPQ39IXF,rec,1,40-1,40.0,1000.0,26.0,4901.299999952316,False
AR3MFFPQ39IXF,rec,1,40-1,40.0,1000.0,40.0,4236.0,False
AR3MFFPQ39IXF,rec,1,40-1,40.0,1000.0,39.0,1066.9000000953674,False
AR3MFFPQ39IXF,rec,1,40-1,40.0,1000.0,37.0,1868.0999999046326,False
AR3MFFPQ39IXF,rec,1,40-1,40.0,1000.0,39.0,3236.800000190735,False
AR3MFFPQ39IXF,rec,1,40-1,40.0,1000.0,36.0,2649.100000143051,False
AR3MFFPQ39IXF,rec,1,40-1,40.0,1000.0,30.0,1951.5999999046326,False
AR3MFFPQ39IXF,rec,1,40-1,40.0,1000.0,40.0,1379.7999999523163,False
AR3MFFPQ39IXF,rec,1,40-1,40.0,1000.0,37.0,3891.9000000953674,False
AR3MFFPQ39IXF,rec,2,40-1,40.0,1000.0,36.0,0.0,True
AR3MFFPQ39IXF,rec,2,40-1,40.0,1000.0,40.0,10815.400000035761,False
AR3MFFPQ39IXF,rec,2,40-1,40.0,1000.0,40.0,2904.699999988079,False
AR3MFFPQ39IXF,rec,2,40-1,40.0,1000.0,37.0,3895.100000023842,False
AR3MFFPQ39IXF,rec,2,40-1,40.0,1000.0,36.0,3451.800000011921,False
AR3MFFPQ39IXF,rec,2,40-1,40.0,1000.0,40.0,4257.800000011921,False
AR3MFFPQ39IXF,rec,2,40-1,40.0,1000.0,38.0,5400.0,False
AR3MFFPQ39IXF,rec,2,40-1,40.0,1000.0,38.0,2545.600000023842,False
AR3MFFPQ39IXF,rec,2,40-1,40.0,1000.0,37.0,4046.2000000476837,False
AR3MFFPQ39IXF,rec,2,40-1,40.0,1000.0,37.0,6809.400000035761,False
AR3MFFPQ39IXF,rec,3,40-1,40.0,1000.0,39.0,0.0,True
AR3MFFPQ39IXF,rec,3,40-1,40.0,1000.0,40.0,5053.499999940395,False
AR3MFFPQ39IXF,rec,3,40-1,40.0,1000.0,39.0,2793.199999928474,False
AR3MFFPQ39IXF,rec,3,40-1,40.0,1000.0,39.0,3775.299999952316,False
AR3MFFPQ39IXF,rec,3,40-1,40.0,1000.0,38.0,6459.399999976158,False
AR3MFFPQ39IXF,rec,3,40-1,40.0,1000.0,38.0,5383.599999964237,False
AR3MFFPQ39IXF,rec,3,40-1,40.0,1000.0,38.0,4242.799999952316,False
AR3MFFPQ39IXF,rec,3,40-1,40.0,1000.0,38.0,8932.999999940397,False
AR3MFFPQ39IXF,rec,3,40-1,40.0,1000.0,37.0,4137.399999976158,False
AR3MFFPQ39IXF,rec,3,40-1,40.0,1000.0,39.0,6013.199999928474,False
AR3MFFPQ39IXF,rec,3,40-1,40.0,1000.0,38.0,2785.399999916553,False
AR9AU5FY1S3RO,rec,1,20-2,20.0,2000.0,20.0,256.89999997615814,False
AR9AU5FY1S3RO,rec,1,20-2,20.0,2000.0,19.0,928.8999999761586,False
AR9AU5FY1S3RO,rec,1,20-2,20.0,2000.0,20.0,1894.4000000059605,False
AR9AU5FY1S3RO,rec,1,20-2,20.0,2000.0,20.0,882.0,False
AR9AU5FY1S3RO,rec,1,20-2,20.0,2000.0,19.0,605.2999999821186,False
AR9AU5FY1S3RO,rec,1,20-2,20.0,2000.0,19.0,2419.199999988079,False
AR9AU5FY1S3RO,rec,1,20-2,20.0,2000.0,20.0,0.0,True
AR9AU5FY1S3RO,rec,1,20-2,20.0,2000.0,19.0,877.7999999821186,False
AR9AU5FY1S3RO,rec,1,20-2,20.0,2000.0,19.0,776.9999999701977,False
AR9AU5FY1S3RO,rec,1,20-2,20.0,2000.0,18.0,1636.199999988079,False
AR9AU5FY1S3RO,rec,1,20-2,20.0,2000.0,20.0,2397.0999999940395,False
AR9AU5FY1S3RO,rec,1,20-2,20.0,2000.0,20.0,5085.299999982119,False
AR9AU5FY1S3RO,rec,2,20-2,20.0,2000.0,20.0,0.0,True
AR9AU5FY1S3RO,rec,2,20-2,20.0,2000.0,20.0,966.0,False
AR9AU5FY1S3RO,rec,2,20-2,20.0,2000.0,20.0,1120.300000011921,False
AR9AU5FY1S3RO,rec,2,20-2,20.0,2000.0,19.0,1094.4000000357628,False
AR9AU5FY1S3RO,rec,2,20-2,20.0,2000.0,20.0,1833.4000000059614,False
AR9AU5FY1S3RO,rec,2,20-2,20.0,2000.0,20.0,897.3000000119209,False
AR9AU5FY1S3RO,rec,2,20-2,20.0,2000.0,20.0,706.1000000238419,False
AR9AU5FY1S3RO,rec,2,20-2,20.0,2000.0,20.0,304.7000000178814,False
AR9AU5FY1S3RO,rec,2,20-2,20.0,2000.0,20.0,1256.7000000178818,False
AR9AU5FY1S3RO,rec,2,20-2,20.0,2000.0,19.0,1382.59999999404,False
AR9AU5FY1S3RO,rec,2,20-2,20.0,2000.0,19.0,1297.1000000238419,False
AR9AU5FY1S3RO,rec,2,20-2,20.0,2000.0,20.0,784.0999999940395,False
AR9AU5FY1S3RO,rec,3,20-2,20.0,2000.0,19.0,0.0,True
AR9AU5FY1S3RO,rec,3,20-2,20.0,2000.0,20.0,2100.0000000298023,False
AR9AU5FY1S3RO,rec,3,20-2,20.0,2000.0,19.0,1244.100000023842,False
AR9AU5FY1S3RO,rec,3,20-2,20.0,2000.0,20.0,5141.800000041723,False
AR9AU5FY1S3RO,rec,3,20-2,20.0,2000.0,20.0,6544.400000035763,False
AR9AU5FY1S3RO,rec,3,20-2,20.0,2000.0,19.0,1718.000000029803,False
AR9AU5FY1S3RO,rec,3,20-2,20.0,2000.0,20.0,4447.200000017882,False
AR9AU5FY1S3RO,rec,3,20-2,20.0,2000.0,19.0,1302.600000023842,False
AR9AU5FY1S3RO,rec,3,20-2,20.0,2000.0,19.0,1971.3000000119212,False
AR9AU5FY1S3RO,rec,3,20-2,20.0,2000.0,19.0,1668.100000023842,False
AR9AU5FY1S3RO,rec,3,20-2,20.0,2000.0,19.0,1833.200000017882,False
AR9AU5FY1S3RO,rec,3,20-2,20.0,2000.0,18.0,3622.900000035763,False
AR9AU5FY1S3RO,rec,4,20-2,20.0,2000.0,18.0,0.0,True
AR9AU5FY1S3RO,rec,4,20-2,20.0,2000.0,19.0,4724.600000023842,False
AR9AU5FY1S3RO,rec,4,20-2,20.0,2000.0,20.0,797.0,False
AR9AU5FY1S3RO,rec,4,20-2,20.0,2000.0,18.0,425.80000001192093,False
AR9AU5FY1S3RO,rec,4,20-2,20.0,2000.0,20.0,847.3000000119209,False
AR9AU5FY1S3RO,rec,4,20-2,20.0,2000.0,20.0,171.59999999403954,False
AR9AU5FY1S3RO,rec,4,20-2,20.0,2000.0,20.0,603.6000000238419,False
AR9AU5FY1S3RO,rec,4,20-2,20.0,2000.0,18.0,1505.0000000298023,False
AR9AU5FY1S3RO,rec,4,20-2,20.0,2000.0,18.0,370.7000000178814,False
AR9AU5FY1S3RO,rec,4,20-2,20.0,2000.0,20.0,423.59999999403954,False
AR9AU5FY1S3RO,rec,4,20-2,20.0,2000.0,19.0,2948.800000011921,False
AR9AU5FY1S3RO,rec,4,20-2,20.0,2000.0,20.0,266.80000001192093,False
ARIWYNIH12MLF,rec,1,10-2,10.0,2000.0,10.0,0.0,True
ARIWYNIH12MLF,rec,1,10-2,10.0,2000.0,10.0,156.69999999925494,False
ARIWYNIH12MLF,rec,1,10-2,10.0,2000.0,8.0,457.0000000037253,False
ARIWYNIH12MLF,rec,1,10-2,10.0,2000.0,10.0,3505.60000000149,False
ARIWYNIH12MLF,rec,1,10-2,10.0,2000.0,10.0,6754.400000002233,False
ARIWYNIH12MLF,rec,2,10-2,10.0,2000.0,10.0,0.0,True
ARIWYNIH12MLF,rec,2,10-2,10.0,2000.0,1.0,8448.400000000373,False
ARIWYNIH12MLF,rec,2,10-2,10.0,2000.0,9.0,2979.4000000022334,False
ARIWYNIH12MLF,rec,2,10-2,10.0,2000.0,9.0,4058.9000000022334,False
ARIWYNIH12MLF,rec,2,10-2,10.0,2000.0,2.0,4785.300000002608,False
ARIWYNIH12MLF,rec,2,10-2,10.0,2000.0,10.0,14470.5,False
ARIWYNIH12MLF,rec,2,10-2,10.0,2000.0,10.0,4489.500000001863,False
ARIWYNIH12MLF,rec,2,10-2,10.0,2000.0,10.0,6867.400000002233,False
ARIWYNIH12MLF,rec,2,10-2,10.0,2000.0,9.0,1980.1000000014901,False
ARIWYNIH12MLF,rec,3,10-2,10.0,2000.0,2.0,3837.5999999996257,False
ARIWYNIH12MLF,rec,3,10-2,10.0,2000.0,9.0,0.0,True
ARIWYNIH12MLF,rec,3,10-2,10.0,2000.0,10.0,1491.5999999996275,False
ARIWYNIH12MLF,rec,3,10-2,10.0,2000.0,8.0,1174.8999999985099,False
ARIWYNIH12MLF,rec,3,10-2,10.0,2000.0,4.0,2027.199999999255,False
ARIWYNIH12MLF,rec,3,10-2,10.0,2000.0,10.0,3573.4000000003725,False
ARIWYNIH12MLF,rec,3,10-2,10.0,2000.0,8.0,12270.099999999627,False
ARIWYNIH12MLF,rec,3,10-2,10.0,2000.0,7.0,1469.7999999988824,False
ARIWYNIH12MLF,rec,3,10-2,10.0,2000.0,8.0,2765.0,False
ARIWYNIH12MLF,rec,4,10-2,10.0,2000.0,2.0,31.700000001117587,False
ARIWYNIH12MLF,rec,4,10-2,10.0,2000.0,9.0,1822.8000000026068,False
ARIWYNIH12MLF,rec,4,10-2,10.0,2000.0,10.0,4538.700000002978,False
ARIWYNIH12MLF,rec,4,10-2,10.0,2000.0,10.0,4323.400000002235,False
ARIWYNIH12MLF,rec,4,10-2,10.0,2000.0,9.0,6066.500000003725,False
ARIWYNIH12MLF,rec,4,10-2,10.0,2000.0,9.0,0.0,True
ARIWYNIH12MLF,rec,4,10-2,10.0,2000.0,9.0,891.7000000029802,False
ARIWYNIH12MLF,rec,4,10-2,10.0,2000.0,10.0,3069.0000000037253,False
ARIWYNIH12MLF,rec,4,10-2,10.0,2000.0,10.0,1382.4000000022352,False
ARIWYNIH12MLF,rec,4,10-2,10.0,2000.0,1.0,39153.900000002235,False
ARL0T0MU9A65G,prim,1,40-1,40.0,1000.0,1.0,311.0,False
ARL0T0MU9A65G,prim,1,40-1,40.0,1000.0,1.0,6144.0,False
ARL0T0MU9A65G,prim,1,40-1,40.0,1000.0,2.0,4332.0,False
ARL0T0MU9A65G,prim,1,40-1,40.0,1000.0,40.0,4485.0,False
ARL0T0MU9A65G,prim,1,40-1,40.0,1000.0,40.0,5055.0,False
ARL0T0MU9A65G,prim,1,40-1,40.0,1000.0,38.0,3174.0,False
ARL0T0MU9A65G,prim,1,40-1,40.0,1000.0,39.0,4309.0,False
ARL0T0MU9A65G,prim,1,40-1,40.0,1000.0,2.0,2738.0,False
ARL0T0MU9A65G,prim,1,40-1,40.0,1000.0,2.0,7738.0,False
ARL0T0MU9A65G,prim,1,40-1,40.0,1000.0,39.0,0.0,True
ARL0T0MU9A65G,prim,2,40-1,40.0,1000.0,1.0,769.0,False
ARL0T0MU9A65G,prim,2,40-1,40.0,1000.0,2.0,3852.0,False
ARL0T0MU9A65G,prim,2,40-1,40.0,1000.0,2.0,5078.0,False
ARL0T0MU9A65G,prim,2,40-1,40.0,1000.0,1.0,6434.0,False
ARL0T0MU9A65G,prim,2,40-1,40.0,1000.0,1.0,717.0,False
ARL0T0MU9A65G,prim,2,40-1,40.0,1000.0,1.0,9894.0,False
ARL0T0MU9A65G,prim,2,40-1,40.0,1000.0,40.0,0.0,True
ARL0T0MU9A65G,prim,2,40-1,40.0,1000.0,1.0,4304.0,False
ARL0T0MU9A65G,prim,3,40-1,40.0,1000.0,1.0,0.0,True
ARL0T0MU9A65G,prim,3,40-1,40.0,1000.0,1.0,6634.0,False
ARL0T0MU9A65G,prim,3,40-1,40.0,1000.0,1.0,8184.0,False
ARL0T0MU9A65G,prim,3,40-1,40.0,1000.0,38.0,1848.0,False
ARL0T0MU9A65G,prim,3,40-1,40.0,1000.0,1.0,10014.0,False
ARL0T0MU9A65G,prim,3,40-1,40.0,1000.0,3.0,5158.0,False
ARL0T0MU9A65G,prim,3,40-1,40.0,1000.0,2.0,7924.0,False
ARL0T0MU9A65G,prim,3,40-1,40.0,1000.0,1.0,5249.0,False
ARL0T0MU9A65G,prim,3,40-1,40.0,1000.0,1.0,3652.0,False
ARL0T0MU9A65G,prim,3,40-1,40.0,1000.0,1.0,4146.0,False
ARL0T0MU9A65G,prim,4,40-1,40.0,1000.0,1.0,0.0,True
ARL0T0MU9A65G,prim,4,40-1,40.0,1000.0,2.0,11481.0,False
ARL0T0MU9A65G,prim,4,40-1,40.0,1000.0,1.0,10155.0,False
ARL0T0MU9A65G,prim,4,40-1,40.0,1000.0,1.0,8799.0,False
ARL0T0MU9A65G,prim,4,40-1,40.0,1000.0,1.0,7631.0,False
ARL0T0MU9A65G,prim,4,40-1,40.0,1000.0,1.0,9900.0,False
ARL0T0MU9A65G,prim,4,40-1,40.0,1000.0,1.0,7876.0,False
ARL0T0MU9A65G,prim,4,40-1,40.0,1000.0,1.0,10011.0,False
ARL0T0MU9A65G,prim,4,40-1,40.0,1000.0,2.0,5324.0,False
AS4FVWL91C6HR,prim,1,10-2,10.0,2000.0,1.0,0.0,True
AS4FVWL91C6HR,prim,1,10-2,10.0,2000.0,10.0,164.0,False
AS4FVWL91C6HR,prim,1,10-2,10.0,2000.0,1.0,9115.900000005959,False
AS4FVWL91C6HR,prim,1,10-2,10.0,2000.0,10.0,1842.9000000059605,False
AS4FVWL91C6HR,prim,1,10-2,10.0,2000.0,10.0,588.8999999761581,False
AS4FVWL91C6HR,prim,1,10-2,10.0,2000.0,10.0,4084.199999988079,False
AS4FVWL91C6HR,prim,1,10-2,10.0,2000.0,10.0,134.40000000596046,False
AS4FVWL91C6HR,prim,1,10-2,10.0,2000.0,10.0,2442.5999999940386,False
AS4FVWL91C6HR,prim,1,10-2,10.0,2000.0,10.0,1250.5999999940395,False
AS4FVWL91C6HR,prim,1,10-2,10.0,2000.0,10.0,5979.4999999701995,False
AS4FVWL91C6HR,prim,2,10-2,10.0,2000.0,1.0,0.0,True
AS4FVWL91C6HR,prim,2,10-2,10.0,2000.0,10.0,3935.899999976158,False
AS4FVWL91C6HR,prim,2,10-2,10.0,2000.0,1.0,6406.699999928474,False
AS4FVWL91C6HR,prim,2,10-2,10.0,2000.0,1.0,9789.599999964235,False
AS4FVWL91C6HR,prim,2,10-2,10.0,2000.0,1.0,4997.099999964235,False
AS4FVWL91C6HR,prim,2,10-2,10.0,2000.0,1.0,4127.199999988081,False
AS4FVWL91C6HR,prim,2,10-2,10.0,2000.0,1.0,9151.599999964235,False
AS4FVWL91C6HR,prim,2,10-2,10.0,2000.0,1.0,9072.999999940397,False
AS4FVWL91C6HR,prim,2,10-2,10.0,2000.0,1.0,6819.299999952316,False
AS4FVWL91C6HR,prim,2,10-2,10.0,2000.0,1.0,9146.799999952316,False
AS4FVWL91C6HR,prim,2,10-2,10.0,2000.0,1.0,6608.599999964235,False
AS4FVWL91C6HR,prim,3,10-2,10.0,2000.0,1.0,3542.0999999046326,False
AS4FVWL91C6HR,prim,3,10-2,10.0,2000.0,2.0,5604.399999856949,False
AS4FVWL91C6HR,prim,3,10-2,10.0,2000.0,1.0,3366.7999999523163,False
AS4FVWL91C6HR,prim,3,10-2,10.0,2000.0,2.0,8301.199999928474,False
AS4FVWL91C6HR,prim,3,10-2,10.0,2000.0,1.0,111.69999992847443,False
AS4FVWL91C6HR,prim,3,10-2,10.0,2000.0,1.0,1625.8999998569489,False
AS4FVWL91C6HR,prim,3,10-2,10.0,2000.0,1.0,0.0,True
AS4FVWL91C6HR,prim,3,10-2,10.0,2000.0,1.0,6390.799999833107,False
AS4FVWL91C6HR,prim,3,10-2,10.0,2000.0,1.0,1860.4999998807907,False
AS4FVWL91C6HR,prim,3,10-2,10.0,2000.0,1.0,3196.1999999284744,False
AS4FVWL91C6HR,prim,3,10-2,10.0,2000.0,1.0,1442.8999998569489,False
AS4FVWL91C6HR,prim,3,10-2,10.0,2000.0,1.0,1014.3999998569489,False
AS4FVWL91C6HR,prim,4,10-2,10.0,2000.0,1.0,0.0,True
AS4FVWL91C6HR,prim,4,10-2,10.0,2000.0,1.0,22664.699999999953,False
AS4FVWL91C6HR,prim,4,10-2,10.0,2000.0,1.0,3836.9000000003725,False
AS4FVWL91C6HR,prim,4,10-2,10.0,2000.0,1.0,3204.100000000093,False
AS4FVWL91C6HR,prim,4,10-2,10.0,2000.0,1.0,4142.399999999907,False
AS4FVWL91C6HR,prim,4,10-2,10.0,2000.0,1.0,4822.4000000003725,False
AS4FVWL91C6HR,prim,4,10-2,10.0,2000.0,10.0,1094.6000000000931,False
AS4FVWL91C6HR,prim,4,10-2,10.0,2000.0,1.0,3800.4000000003725,False
AS4FVWL91C6HR,prim,4,10-2,10.0,2000.0,1.0,3326.8000000002794,False
AS4FVWL91C6HR,prim,4,10-2,10.0,2000.0,1.0,1624.3999999999069,False
AS4FVWL91C6HR,prim,4,10-2,10.0,2000.0,1.0,8719.399999999907,False
ASVRLMDNQBUD9,rec,1,40-1,40.0,1000.0,40.0,0.0,True
ASVRLMDNQBUD9,rec,1,40-1,40.0,1000.0,39.0,6812.399999976158,False
ASVRLMDNQBUD9,rec,1,40-1,40.0,1000.0,39.0,2708.1999999284744,False
ASVRLMDNQBUD9,rec,1,40-1,40.0,1000.0,38.0,1434.2000000476837,False
ASVRLMDNQBUD9,rec,1,40-1,40.0,1000.0,39.0,2527.2000000476837,False
ASVRLMDNQBUD9,rec,1,40-1,40.0,1000.0,39.0,3059.100000023842,False
ASVRLMDNQBUD9,rec,1,40-1,40.0,1000.0,39.0,4820.399999976158,False
ASVRLMDNQBUD9,rec,1,40-1,40.0,1000.0,38.0,2235.3000000715256,False
ASVRLMDNQBUD9,rec,1,40-1,40.0,1000.0,38.0,3250.5,False
ASVRLMDNQBUD9,rec,1,40-1,40.0,1000.0,38.0,894.6000000238419,False
ASVRLMDNQBUD9,rec,1,40-1,40.0,1000.0,37.0,1321.6000000238419,False
ASVRLMDNQBUD9,rec,1,40-1,40.0,1000.0,38.0,2726.899999976158,False
ASVRLMDNQBUD9,rec,2,40-1,40.0,1000.0,38.0,1455.5,False
ASVRLMDNQBUD9,rec,2,40-1,40.0,1000.0,38.0,769.4000000953674,False
ASVRLMDNQBUD9,rec,2,40-1,40.0,1000.0,38.0,205.60000014305115,False
ASVRLMDNQBUD9,rec,2,40-1,40.0,1000.0,38.0,1495.2000000476837,False
ASVRLMDNQBUD9,rec,2,40-1,40.0,1000.0,37.0,305.10000014305115,False
ASVRLMDNQBUD9,rec,2,40-1,40.0,1000.0,35.0,1347.7000000476837,False
ASVRLMDNQBUD9,rec,2,40-1,40.0,1000.0,37.0,1087.7000000476837,False
ASVRLMDNQBUD9,rec,2,40-1,40.0,1000.0,36.0,565.2999999523163,False
ASVRLMDNQBUD9,rec,2,40-1,40.0,1000.0,38.0,2103.9000000953674,False
ASVRLMDNQBUD9,rec,2,40-1,40.0,1000.0,37.0,0.0,True
ASVRLMDNQBUD9,rec,2,40-1,40.0,1000.0,38.0,745.2000000476837,False
ASVRLMDNQBUD9,rec,2,40-1,40.0,1000.0,37.0,2204.9000000953674,False
ASVRLMDNQBUD9,rec,3,40-1,40.0,1000.0,39.0,0.0,True
ASVRLMDNQBUD9,rec,3,40-1,40.0,1000.0,36.0,2824.2000002861023,False
ASVRLMDNQBUD9,rec,3,40-1,40.0,1000.0,34.0,1246.7999999523163,False
ASVRLMDNQBUD9,rec,3,40-1,40.0,1000.0,37.0,1304.4000000953674,False
ASVRLMDNQBUD9,rec,3,40-1,40.0,1000.0,36.0,4707.800000190735,False
ASVRLMDNQBUD9,rec,3,40-1,40.0,1000.0,19.0,2752.0,False
ASVRLMDNQBUD9,rec,3,40-1,40.0,1000.0,37.0,462.90000009536743,False
ASVRLMDNQBUD9,rec,3,40-1,40.0,1000.0,37.0,632.5,False
ASVRLMDNQBUD9,rec,3,40-1,40.0,1000.0,35.0,1423.9000000953674,False
ASVRLMDNQBUD9,rec,3,40-1,40.0,1000.0,38.0,453.40000009536743,False
ASVRLMDNQBUD9,rec,3,40-1,40.0,1000.0,37.0,4951.900000095367,False
ASVRLMDNQBUD9,rec,3,40-1,40.0,1000.0,37.0,2224.100000143051,False
ASVRLMDNQBUD9,rec,4,40-1,40.0,1000.0,37.0,0.0,True
ASVRLMDNQBUD9,rec,4,40-1,40.0,1000.0,36.0,2395.800000011921,False
ASVRLMDNQBUD9,rec,4,40-1,40.0,1000.0,35.0,2255.599999964237,False
ASVRLMDNQBUD9,rec,4,40-1,40.0,1000.0,35.0,2327.599999964237,False
ASVRLMDNQBUD9,rec,4,40-1,40.0,1000.0,37.0,2497.7999999523163,False
ASVRLMDNQBUD9,rec,4,40-1,40.0,1000.0,38.0,3828.2999999523163,False
ASVRLMDNQBUD9,rec,4,40-1,40.0,1000.0,38.0,10587.699999988079,False
ASVRLMDNQBUD9,rec,4,40-1,40.0,1000.0,39.0,3381.7999999523163,False
ASVRLMDNQBUD9,rec,4,40-1,40.0,1000.0,38.0,2279.100000023842,False
ASVRLMDNQBUD9,rec,4,40-1,40.0,1000.0,34.0,2012.5,False
ASVRLMDNQBUD9,rec,4,40-1,40.0,1000.0,37.0,2241.9999999403954,False
ATRRW34VN38IX,rec,1,40-1,40.0,1000.0,39.0,3272.0999994277936,False
ATRRW34VN38IX,rec,1,40-1,40.0,1000.0,40.0,7348.599999904631,False
ATRRW34VN38IX,rec,1,40-1,40.0,1000.0,40.0,32175.0,False
ATRRW34VN38IX,rec,1,40-1,40.0,1000.0,37.0,1800.4000000953656,False
ATRRW34VN38IX,rec,1,40-1,40.0,1000.0,1.0,0.0,True
ATRRW34VN38IX,rec,1,40-1,40.0,1000.0,40.0,3656.5,False
ATRRW34VN38IX,rec,1,40-1,40.0,1000.0,40.0,2898.0,False
ATRRW34VN38IX,rec,1,40-1,40.0,1000.0,40.0,799.499999523161,False
ATRRW34VN38IX,rec,1,40-1,40.0,1000.0,40.0,7873.599999904631,False
ATRRW34VN38IX,rec,1,40-1,40.0,1000.0,40.0,6087.699999809263,False
ATRRW34VN38IX,rec,2,40-1,40.0,1000.0,40.0,0.0,True
ATRRW34VN38IX,rec,2,40-1,40.0,1000.0,2.0,7532.0,False
ATRRW34VN38IX,rec,2,40-1,40.0,1000.0,40.0,3438.300000190735,False
ATRRW34VN38IX,rec,2,40-1,40.0,1000.0,40.0,11531.400000572205,False
ATRRW34VN38IX,rec,2,40-1,40.0,1000.0,40.0,10017.900000572205,False
ATRRW34VN38IX,rec,2,40-1,40.0,1000.0,40.0,22324.200000762936,False
ATRRW34VN38IX,rec,2,40-1,40.0,1000.0,40.0,1519.4000005722046,False
ATRRW34VN38IX,rec,2,40-1,40.0,1000.0,32.0,17364.10000038147,False
ATRRW34VN38IX,rec,2,40-1,40.0,1000.0,2.0,11613.60000038147,False
ATRRW34VN38IX,rec,2,40-1,40.0,1000.0,1.0,26029.10000038147,False
ATRRW34VN38IX,rec,2,40-1,40.0,1000.0,40.0,2775.0000009536743,False
AU5UJIZ3TLI5M,rec,1,15-2,15.0,2000.0,15.0,1378.1999999992559,False
AU5UJIZ3TLI5M,rec,1,15-2,15.0,2000.0,12.0,30.999999999068677,False
AU5UJIZ3TLI5M,rec,1,15-2,15.0,2000.0,15.0,1516.1999999992559,False
AU5UJIZ3TLI5M,rec,1,15-2,15.0,2000.0,15.0,61.0,False
AU5UJIZ3TLI5M,rec,1,15-2,15.0,2000.0,14.0,0.0,True
AU5UJIZ3TLI5M,rec,1,15-2,15.0,2000.0,15.0,4106.5,False
AU5UJIZ3TLI5M,rec,1,15-2,15.0,2000.0,12.0,2421.9999999981374,False
AU5UJIZ3TLI5M,rec,1,15-2,15.0,2000.0,15.0,660.0999999996275,False
AU5UJIZ3TLI5M,rec,1,15-2,15.0,2000.0,15.0,10720.5,False
AU5UJIZ3TLI5M,rec,1,15-2,15.0,2000.0,15.0,6146.0999999996275,False
AU5UJIZ3TLI5M,rec,1,15-2,15.0,2000.0,14.0,1704.5999999996275,False
AU5UJIZ3TLI5M,rec,1,15-2,15.0,2000.0,15.0,1758.6999999992559,False
AU5UJIZ3TLI5M,rec,2,15-2,15.0,2000.0,14.0,0.0,True
AU5UJIZ3TLI5M,rec,2,15-2,15.0,2000.0,14.0,4257.39999999851,False
AU5UJIZ3TLI5M,rec,2,15-2,15.0,2000.0,13.0,1790.1000000014901,False
AU5UJIZ3TLI5M,rec,2,15-2,15.0,2000.0,15.0,2257.300000000745,False
AU5UJIZ3TLI5M,rec,2,15-2,15.0,2000.0,13.0,1328.3999999985099,False
AU5UJIZ3TLI5M,rec,2,15-2,15.0,2000.0,15.0,4206.800000000745,False
AU5UJIZ3TLI5M,rec,2,15-2,15.0,2000.0,15.0,3037.699999999255,False
AU5UJIZ3TLI5M,rec,2,15-2,15.0,2000.0,12.0,2692.400000002235,False
AU5UJIZ3TLI5M,rec,2,15-2,15.0,2000.0,14.0,3439.89999999851,False
AU5UJIZ3TLI5M,rec,2,15-2,15.0,2000.0,15.0,1077.199999999255,False
AU5UJIZ3TLI5M,rec,2,15-2,15.0,2000.0,14.0,1441.800000000745,False
AU5UJIZ3TLI5M,rec,3,15-2,15.0,2000.0,15.0,885.8999999985099,False
AU5UJIZ3TLI5M,rec,3,15-2,15.0,2000.0,11.0,3680.800000000745,False
AU5UJIZ3TLI5M,rec,3,15-2,15.0,2000.0,13.0,4547.199999999255,False
AU5UJIZ3TLI5M,rec,3,15-2,15.0,2000.0,15.0,664.1999999992549,False
AU5UJIZ3TLI5M,rec,3,15-2,15.0,2000.0,11.0,1348.199999999255,False
AU5UJIZ3TLI5M,rec,3,15-2,15.0,2000.0,15.0,1008.0999999996275,False
AU5UJIZ3TLI5M,rec,3,15-2,15.0,2000.0,15.0,721.4000000003725,False
AU5UJIZ3TLI5M,rec,3,15-2,15.0,2000.0,15.0,14178.400000000373,False
AU5UJIZ3TLI5M,rec,3,15-2,15.0,2000.0,14.0,869.9000000003725,False
AU5UJIZ3TLI5M,rec,3,15-2,15.0,2000.0,15.0,0.0,True
AU5UJIZ3TLI5M,rec,3,15-2,15.0,2000.0,11.0,1217.2000000011176,False
AU5UJIZ3TLI5M,rec,3,15-2,15.0,2000.0,15.0,2889.0,False
AU5UJIZ3TLI5M,rec,4,15-2,15.0,2000.0,13.0,1246.900000002235,False
AU5UJIZ3TLI5M,rec,4,15-2,15.0,2000.0,14.0,0.0,True
AU5UJIZ3TLI5M,rec,4,15-2,15.0,2000.0,14.0,136.60000000148966,False
AU5UJIZ3TLI5M,rec,4,15-2,15.0,2000.0,14.0,1630.5000000000002,False
AU5UJIZ3TLI5M,rec,4,15-2,15.0,2000.0,14.0,831.3000000044701,False
AU5UJIZ3TLI5M,rec,4,15-2,15.0,2000.0,15.0,141.40000000223495,False
AU5UJIZ3TLI5M,rec,4,15-2,15.0,2000.0,13.0,792.6000000052152,False
AU5UJIZ3TLI5M,rec,4,15-2,15.0,2000.0,12.0,16872.300000000745,False
AU5UJIZ3TLI5M,rec,4,15-2,15.0,2000.0,15.0,17157.500000003725,False
AU5UJIZ3TLI5M,rec,4,15-2,15.0,2000.0,11.0,643.900000002235,False
AU5UJIZ3TLI5M,rec,4,15-2,15.0,2000.0,13.0,1759.1000000052152,False
AU5UJIZ3TLI5M,rec,4,15-2,15.0,2000.0,13.0,64.0,False
AVSVIOR38JDM6,prim,1,40-1,40.0,1000.0,36.0,2011.8000001907367,False
AVSVIOR38JDM6,prim,1,40-1,40.0,1000.0,1.0,3009.8000001907367,False
AVSVIOR38JDM6,prim,1,40-1,40.0,1000.0,1.0,5238.300000190737,False
AVSVIOR38JDM6,prim,1,40-1,40.0,1000.0,1.0,3606.9000000953693,False
AVSVIOR38JDM6,prim,1,40-1,40.0,1000.0,1.0,7330.600000381472,False
AVSVIOR38JDM6,prim,1,40-1,40.0,1000.0,1.0,819.3000001907367,False
AVSVIOR38JDM6,prim,1,40-1,40.0,1000.0,1.0,0.0,True
AVSVIOR38JDM6,prim,1,40-1,40.0,1000.0,1.0,2995.200000286104,False
AVSVIOR38JDM6,prim,1,40-1,40.0,1000.0,1.0,974.0999999046344,False
AVSVIOR38JDM6,prim,1,40-1,40.0,1000.0,1.0,1847.199999809267,False
AVSVIOR38JDM6,prim,2,40-1,40.0,1000.0,1.0,0.0,True
AVSVIOR38JDM6,prim,2,40-1,40.0,1000.0,1.0,11138.0,False
AVSVIOR38JDM6,prim,2,40-1,40.0,1000.0,1.0,5378.39999961853,False
AVSVIOR38JDM6,prim,2,40-1,40.0,1000.0,1.0,8934.599999904633,False
AVSVIOR38JDM6,prim,2,40-1,40.0,1000.0,1.0,8408.0,False
AVSVIOR38JDM6,prim,2,40-1,40.0,1000.0,1.0,6707.300000190737,False
AVSVIOR38JDM6,prim,2,40-1,40.0,1000.0,1.0,12064.5,False
AVSVIOR38JDM6,prim,2,40-1,40.0,1000.0,1.0,12830.60000038147,False
AVSVIOR38JDM6,prim,3,40-1,40.0,1000.0,1.0,0.0,True
AVSVIOR38JDM6,prim,3,40-1,40.0,1000.0,1.0,10424.599999904633,False
AVSVIOR38JDM6,prim,3,40-1,40.0,1000.0,1.0,17290.39999961853,False
AVSVIOR38JDM6,prim,3,40-1,40.0,1000.0,2.0,12540.199999809265,False
AVSVIOR38JDM6,prim,3,40-1,40.0,1000.0,4.0,3967.4000000953674,False
AVSVIOR38JDM6,prim,3,40-1,40.0,1000.0,1.0,6962.5,False
AVSVIOR38JDM6,prim,3,40-1,40.0,1000.0,1.0,4445.099999904633,False
AVSVIOR38JDM6,prim,3,40-1,40.0,1000.0,1.0,8233.5,False
AVSVIOR38JDM6,prim,3,40-1,40.0,1000.0,1.0,10343.200000286102,False
AVSVIOR38JDM6,prim,3,40-1,40.0,1000.0,1.0,3759.4000000953674,False
AVSVIOR38JDM6,prim,3,40-1,40.0,1000.0,1.0,16311.199999809265,False
AVSVIOR38JDM6,prim,4,40-1,40.0,1000.0,1.0,763.6000003814697,False
AVSVIOR38JDM6,prim,4,40-1,40.0,1000.0,1.0,303.3999996185303,False
AVSVIOR38JDM6,prim,4,40-1,40.0,1000.0,1.0,5596.5,False
AVSVIOR38JDM6,prim,4,40-1,40.0,1000.0,1.0,1628.6000003814697,False
AVSVIOR38JDM6,prim,4,40-1,40.0,1000.0,1.0,2828.0999994277954,False
AVSVIOR38JDM6,prim,4,40-1,40.0,1000.0,2.0,1102.6000003814697,False
AVSVIOR38JDM6,prim,4,40-1,40.0,1000.0,3.0,4020.3999996185303,False
AVSVIOR38JDM6,prim,4,40-1,40.0,1000.0,1.0,1073.4000005722046,False
AVSVIOR38JDM6,prim,4,40-1,40.0,1000.0,1.0,1092.0999994277954,False
AVSVIOR38JDM6,prim,4,40-1,40.0,1000.0,2.0,2269.9000005722046,False
AVSVIOR38JDM6,prim,4,40-1,40.0,1000.0,2.0,0.0,True
AW0MG225VXWCN,rec,1,40-1,40.0,1000.0,39.0,1939.8999998569489,False
AW0MG225VXWCN,rec,1,40-1,40.0,1000.0,40.0,941.8999998569489,False
AW0MG225VXWCN,rec,1,40-1,40.0,1000.0,38.0,867.3999998569489,False
AW0MG225VXWCN,rec,1,40-1,40.0,1000.0,38.0,2007.8999998569489,False
AW0MG225VXWCN,rec,1,40-1,40.0,1000.0,40.0,133.0,False
AW0MG225VXWCN,rec,1,40-1,40.0,1000.0,39.0,994.8999998569489,False
AW0MG225VXWCN,rec,1,40-1,40.0,1000.0,38.0,976.599999904633,False
AW0MG225VXWCN,rec,1,40-1,40.0,1000.0,38.0,906.7999999523163,False
AW0MG225VXWCN,rec,1,40-1,40.0,1000.0,38.0,1491.9999997615819,False
AW0MG225VXWCN,rec,1,40-1,40.0,1000.0,34.0,1465.099999904633,False
AW0MG225VXWCN,rec,1,40-1,40.0,1000.0,37.0,0.0,True
AW0MG225VXWCN,rec,1,40-1,40.0,1000.0,39.0,1247.6999998092651,False
AW0MG225VXWCN,rec,2,40-1,40.0,1000.0,37.0,1104.4000000953674,False
AW0MG225VXWCN,rec,2,40-1,40.0,1000.0,40.0,7585.800000190735,False
AW0MG225VXWCN,rec,2,40-1,40.0,1000.0,40.0,1198.3999996185303,False
AW0MG225VXWCN,rec,2,40-1,40.0,1000.0,40.0,1353.0000000000005,False
AW0MG225VXWCN,rec,2,40-1,40.0,1000.0,12.0,1036.0,False
AW0MG225VXWCN,rec,2,40-1,40.0,1000.0,38.0,778.6999998092656,False
AW0MG225VXWCN,rec,2,40-1,40.0,1000.0,38.0,0.0,True
AW0MG225VXWCN,rec,2,40-1,40.0,1000.0,38.0,1043.7999997138977,False
AW0MG225VXWCN,rec,2,40-1,40.0,1000.0,38.0,1907.8999996185303,False
AW0MG225VXWCN,rec,2,40-1,40.0,1000.0,38.0,768.5999999046326,False
AW0MG225VXWCN,rec,2,40-1,40.0,1000.0,40.0,2121.2999997138977,False
AW0MG225VXWCN,rec,2,40-1,40.0,1000.0,40.0,116.0,False
AW0MG225VXWCN,rec,3,40-1,40.0,1000.0,38.0,0.0,True
AW0MG225VXWCN,rec,3,40-1,40.0,1000.0,36.0,3139.0999999046326,False
AW0MG225VXWCN,rec,3,40-1,40.0,1000.0,37.0,2167.800000190735,False
AW0MG225VXWCN,rec,3,40-1,40.0,1000.0,38.0,1969.4000000953674,False
AW0MG225VXWCN,rec,3,40-1,40.0,1000.0,38.0,923.3999996185303,False
AW0MG225VXWCN,rec,3,40-1,40.0,1000.0,37.0,1208.7000002861023,False
AW0MG225VXWCN,rec,3,40-1,40.0,1000.0,39.0,2079.1999998092656,False
AW0MG225VXWCN,rec,3,40-1,40.0,1000.0,39.0,1714.5,False
AW0MG225VXWCN,rec,3,40-1,40.0,1000.0,33.0,4831.800000190735,False
AW0MG225VXWCN,rec,3,40-1,40.0,1000.0,40.0,329.40000009536743,False
AW0MG225VXWCN,rec,3,40-1,40.0,1000.0,38.0,744.9000000953674,False
AW0MG225VXWCN,rec,3,40-1,40.0,1000.0,38.0,2072.0000000000005,False
AW0MG225VXWCN,rec,4,40-1,40.0,1000.0,39.0,0.0,True
AW0MG225VXWCN,rec,4,40-1,40.0,1000.0,38.0,1835.7000000476842,False
AW0MG225VXWCN,rec,4,40-1,40.0,1000.0,37.0,1388.8999998569489,False
AW0MG225VXWCN,rec,4,40-1,40.0,1000.0,40.0,2519.100000143051,False
AW0MG225VXWCN,rec,4,40-1,40.0,1000.0,38.0,1483.599999904633,False
AW0MG225VXWCN,rec,4,40-1,40.0,1000.0,38.0,593.1999998092651,False
AW0MG225VXWCN,rec,4,40-1,40.0,1000.0,37.0,610.9000000953674,False
AW0MG225VXWCN,rec,4,40-1,40.0,1000.0,38.0,444.70000004768417,False
AW0MG225VXWCN,rec,4,40-1,40.0,1000.0,37.0,1640.5,False
AW0MG225VXWCN,rec,4,40-1,40.0,1000.0,37.0,2377.299999952316,False
AW0MG225VXWCN,rec,4,40-1,40.0,1000.0,39.0,5206.400000095367,False
AW0MG225VXWCN,rec,4,40-1,40.0,1000.0,38.0,2456.299999952316,False
AW2UVK63OLFW,ns,1,15-2,15.0,2000.0,2.0,0.0,True
AW2UVK63OLFW,ns,1,15-2,15.0,2000.0,11.0,22228.099999904633,False
AW2UVK63OLFW,ns,1,15-2,15.0,2000.0,6.0,5371.600000143051,False
AW2UVK63OLFW,ns,1,15-2,15.0,2000.0,15.0,4873.00000023842,False
AW2UVK63OLFW,ns,1,15-2,15.0,2000.0,11.0,1796.2000000476837,False
AW2UVK63OLFW,ns,1,15-2,15.0,2000.0,15.0,19109.700000047684,False
AW2UVK63OLFW,ns,1,15-2,15.0,2000.0,4.0,1760.0000002384186,False
AW2UVK63OLFW,ns,1,15-2,15.0,2000.0,14.0,2779.800000190735,False
AW2UVK63OLFW,ns,1,15-2,15.0,2000.0,15.0,1277.6000001430511,False
AW2UVK63OLFW,ns,1,15-2,15.0,2000.0,15.0,1693.4000000953674,False
AW2UVK63OLFW,ns,2,15-2,15.0,2000.0,1.0,4790.599999904634,False
AW2UVK63OLFW,ns,2,15-2,15.0,2000.0,15.0,4833.200000286104,False
AW2UVK63OLFW,ns,2,15-2,15.0,2000.0,1.0,11758.800000190737,False
AW2UVK63OLFW,ns,2,15-2,15.0,2000.0,15.0,5057.300000190737,False
AW2UVK63OLFW,ns,2,15-2,15.0,2000.0,6.0,21608.700000286102,False
AW2UVK63OLFW,ns,2,15-2,15.0,2000.0,15.0,7788.500000476839,False
AW2UVK63OLFW,ns,2,15-2,15.0,2000.0,15.0,4162.100000381473,False
AW2UVK63OLFW,ns,2,15-2,15.0,2000.0,15.0,3434.9000000953693,False
AW2UVK63OLFW,ns,2,15-2,15.0,2000.0,15.0,7347.400000095369,False
AW2UVK63OLFW,ns,2,15-2,15.0,2000.0,15.0,0.0,True
AW2UVK63OLFW,ns,2,15-2,15.0,2000.0,15.0,1022.3000001907367,False
AW2UVK63OLFW,ns,3,15-2,15.0,2000.0,11.0,0.0,True
AW2UVK63OLFW,ns,3,15-2,15.0,2000.0,14.0,27624.5,False
AW2UVK63OLFW,ns,3,15-2,15.0,2000.0,14.0,6524.199999809263,False
AW2UVK63OLFW,ns,3,15-2,15.0,2000.0,1.0,5826.799999713898,False
AW2UVK63OLFW,ns,3,15-2,15.0,2000.0,1.0,4208.5,False
AW2UVK63OLFW,ns,3,15-2,15.0,2000.0,15.0,2760.5,False
AW2UVK63OLFW,ns,3,15-2,15.0,2000.0,2.0,3925.8000001907367,False
AW2UVK63OLFW,ns,3,15-2,15.0,2000.0,15.0,2747.5,False
AW2UVK63OLFW,ns,3,15-2,15.0,2000.0,1.0,8447.699999809263,False
AW2UVK63OLFW,ns,3,15-2,15.0,2000.0,15.0,3769.9000000953674,False
AW2UVK63OLFW,ns,4,15-2,15.0,2000.0,13.0,0.0,True
AW2UVK63OLFW,ns,4,15-2,15.0,2000.0,15.0,5068.099999427795,False
AW2UVK63OLFW,ns,4,15-2,15.0,2000.0,1.0,7021.699999809265,False
AW2UVK63OLFW,ns,4,15-2,15.0,2000.0,1.0,5953.699999809265,False
AW2UVK63OLFW,ns,4,15-2,15.0,2000.0,1.0,4962.699999809265,False
AW2UVK63OLFW,ns,4,15-2,15.0,2000.0,1.0,3703.300000190735,False
AW2UVK63OLFW,ns,4,15-2,15.0,2000.0,5.0,6804.099999904633,False
AW2UVK63OLFW,ns,4,15-2,15.0,2000.0,15.0,3230.3999996185303,False
AW2UVK63OLFW,ns,4,15-2,15.0,2000.0,1.0,6926.899999618528,False
AW4PTI9P13WUB,prim,1,40-1,40.0,1000.0,1.0,3384.699998855591,False
AW4PTI9P13WUB,prim,1,40-1,40.0,1000.0,3.0,4900.799999237061,False
AW4PTI9P13WUB,prim,1,40-1,40.0,1000.0,3.0,6097.5,False
AW4PTI9P13WUB,prim,1,40-1,40.0,1000.0,6.0,6401.699998855591,False
AW4PTI9P13WUB,prim,1,40-1,40.0,1000.0,1.0,0.0,True
AW4PTI9P13WUB,prim,1,40-1,40.0,1000.0,1.0,6113.599998474121,False
AW4PTI9P13WUB,prim,1,40-1,40.0,1000.0,3.0,1656.3999977111816,False
AW4PTI9P13WUB,prim,1,40-1,40.0,1000.0,5.0,1744.599998474121,False
AW4PTI9P13WUB,prim,1,40-1,40.0,1000.0,2.0,3358.599998474121,False
AW4PTI9P13WUB,prim,1,40-1,40.0,1000.0,10.0,3486.099998474121,False
AW4PTI9P13WUB,prim,2,40-1,40.0,1000.0,1.0,2220.2999999821186,False
AW4PTI9P13WUB,prim,2,40-1,40.0,1000.0,1.0,0.0,True
AW4PTI9P13WUB,prim,2,40-1,40.0,1000.0,2.0,2922.7000000178796,False
AW4PTI9P13WUB,prim,2,40-1,40.0,1000.0,2.0,2316.800000011921,False
AW4PTI9P13WUB,prim,3,40-1,40.0,1000.0,1.0,6085.0,False
AW4PTI9P13WUB,prim,3,40-1,40.0,1000.0,1.0,553.8999999761581,False
AW4PTI9P13WUB,prim,3,40-1,40.0,1000.0,1.0,2245.4999998807907,False
AW4PTI9P13WUB,prim,3,40-1,40.0,1000.0,4.0,0.0,True
AW4PTI9P13WUB,prim,3,40-1,40.0,1000.0,1.0,2817.899999976158,False
AW4PTI9P13WUB,prim,4,40-1,40.0,1000.0,38.0,0.0,True
AW4PTI9P13WUB,prim,4,40-1,40.0,1000.0,1.0,3742.0,False
AW4PTI9P13WUB,prim,4,40-1,40.0,1000.0,1.0,10049.600000023842,False
AW4PTI9P13WUB,prim,4,40-1,40.0,1000.0,2.0,2847.399999976158,False
AW4PTI9P13WUB,prim,4,40-1,40.0,1000.0,3.0,5923.200000047684,False
AW4PTI9P13WUB,prim,4,40-1,40.0,1000.0,2.0,5671.700000047684,False
AW4PTI9P13WUB,prim,4,40-1,40.0,1000.0,2.0,10746.799999952316,False
AW4PTI9P13WUB,prim,4,40-1,40.0,1000.0,1.0,7299.300000071526,False
AW5O1RK3W60FC,rec,1,15-2,15.0,2000.0,15.0,0.0,True
AW5O1RK3W60FC,rec,1,15-2,15.0,2000.0,15.0,3661.90000000596,False
AW5O1RK3W60FC,rec,1,15-2,15.0,2000.0,12.0,3083.20000000298,False
AW5O1RK3W60FC,rec,1,15-2,15.0,2000.0,13.0,6492.300000011921,False
AW5O1RK3W60FC,rec,1,15-2,15.0,2000.0,1.0,3677.9999999999995,False
AW5O1RK3W60FC,rec,1,15-2,15.0,2000.0,15.0,3234.4999999999995,False
AW5O1RK3W60FC,rec,1,15-2,15.0,2000.0,14.0,3863.20000000298,False
AW5O1RK3W60FC,rec,1,15-2,15.0,2000.0,12.0,2848.20000000298,False
AW5O1RK3W60FC,rec,1,15-2,15.0,2000.0,13.0,3079.20000000298,False
AW5O1RK3W60FC,rec,1,15-2,15.0,2000.0,15.0,3366.4999999999995,False
AW5O1RK3W60FC,rec,1,15-2,15.0,2000.0,9.0,6276.70000000298,False
AW5O1RK3W60FC,rec,2,15-2,15.0,2000.0,13.0,0.0,True
AW5O1RK3W60FC,rec,2,15-2,15.0,2000.0,14.0,2420.699999999255,False
AW5O1RK3W60FC,rec,2,15-2,15.0,2000.0,14.0,2439.7999999970198,False
AW5O1RK3W60FC,rec,2,15-2,15.0,2000.0,15.0,3967.39999999851,False
AW5O1RK3W60FC,rec,2,15-2,15.0,2000.0,12.0,2316.199999999255,False
AW5O1RK3W60FC,rec,2,15-2,15.0,2000.0,12.0,5107.39999999851,False
AW5O1RK3W60FC,rec,2,15-2,15.0,2000.0,10.0,2804.5,False
AW5O1RK3W60FC,rec,2,15-2,15.0,2000.0,13.0,2553.60000000149,False
AW5O1RK3W60FC,rec,2,15-2,15.0,2000.0,15.0,2278.0,False
AW5O1RK3W60FC,rec,2,15-2,15.0,2000.0,12.0,2601.199999999255,False
AW5O1RK3W60FC,rec,2,15-2,15.0,2000.0,14.0,2479.4999999962747,False
AW5O1RK3W60FC,rec,2,15-2,15.0,2000.0,13.0,2286.39999999851,False
AW5O1RK3W60FC,rec,3,15-2,15.0,2000.0,15.0,0.0,True
AW5O1RK3W60FC,rec,3,15-2,15.0,2000.0,13.0,2659.399999976159,False
AW5O1RK3W60FC,rec,3,15-2,15.0,2000.0,12.0,3366.4000000059605,False
AW5O1RK3W60FC,rec,3,15-2,15.0,2000.0,13.0,2340.899999976159,False
AW5O1RK3W60FC,rec,3,15-2,15.0,2000.0,1.0,3106.9999999701977,False
AW5O1RK3W60FC,rec,3,15-2,15.0,2000.0,14.0,2359.2999999821186,False
AW5O1RK3W60FC,rec,3,15-2,15.0,2000.0,15.0,2307.399999976159,False
AW5O1RK3W60FC,rec,3,15-2,15.0,2000.0,13.0,2459.699999988079,False
AW5O1RK3W60FC,rec,3,15-2,15.0,2000.0,13.0,1942.899999976159,False
AW5O1RK3W60FC,rec,3,15-2,15.0,2000.0,12.0,3572.9000000059605,False
AW5O1RK3W60FC,rec,3,15-2,15.0,2000.0,15.0,2593.699999988079,False
AW5O1RK3W60FC,rec,4,15-2,15.0,2000.0,10.0,0.0,True
AW5O1RK3W60FC,rec,4,15-2,15.0,2000.0,13.0,2800.0,False
AW5O1RK3W60FC,rec,4,15-2,15.0,2000.0,15.0,2177.599999964237,False
AW5O1RK3W60FC,rec,4,15-2,15.0,2000.0,1.0,2141.899999976158,False
AW5O1RK3W60FC,rec,4,15-2,15.0,2000.0,15.0,2373.599999964237,False
AW5O1RK3W60FC,rec,4,15-2,15.0,2000.0,10.0,2351.100000023842,False
AW5O1RK3W60FC,rec,4,15-2,15.0,2000.0,14.0,1764.5999999642372,False
AW5O1RK3W60FC,rec,4,15-2,15.0,2000.0,6.0,2746.0,False
AW5O1RK3W60FC,rec,4,15-2,15.0,2000.0,7.0,4477.100000023842,False
AW5O1RK3W60FC,rec,4,15-2,15.0,2000.0,12.0,2511.400000035763,False
AW5O1RK3W60FC,rec,4,15-2,15.0,2000.0,1.0,2291.199999988079,False
AW5O1RK3W60FC,rec,4,15-2,15.0,2000.0,14.0,5414.099999964237,False
AWJKR5GA7BS7V,ns,1,10-2,10.0,2000.0,2.0,0.0,True
AWJKR5GA7BS7V,ns,1,10-2,10.0,2000.0,1.0,5157.0,False
AWJKR5GA7BS7V,ns,1,10-2,10.0,2000.0,1.0,3671.0,False
AWJKR5GA7BS7V,ns,1,10-2,10.0,2000.0,1.0,6575.0,False
AWJKR5GA7BS7V,ns,1,10-2,10.0,2000.0,1.0,2098.0,False
AWJKR5GA7BS7V,ns,1,10-2,10.0,2000.0,1.0,6972.0,False
AWJKR5GA7BS7V,ns,2,10-2,10.0,2000.0,10.0,2759.0,False
AWJKR5GA7BS7V,ns,2,10-2,10.0,2000.0,9.0,4406.0,False
AWJKR5GA7BS7V,ns,2,10-2,10.0,2000.0,10.0,4801.0,False
AWJKR5GA7BS7V,ns,2,10-2,10.0,2000.0,9.0,3539.0,False
AWJKR5GA7BS7V,ns,2,10-2,10.0,2000.0,10.0,3266.0,False
AWJKR5GA7BS7V,ns,2,10-2,10.0,2000.0,9.0,4204.0,False
AWJKR5GA7BS7V,ns,2,10-2,10.0,2000.0,10.0,4085.0,False
AWJKR5GA7BS7V,ns,2,10-2,10.0,2000.0,10.0,7702.0,False
AWJKR5GA7BS7V,ns,2,10-2,10.0,2000.0,9.0,0.0,True
AWJKR5GA7BS7V,ns,3,10-2,10.0,2000.0,10.0,0.0,True
AWJKR5GA7BS7V,ns,3,10-2,10.0,2000.0,10.0,11546.0,False
AWJKR5GA7BS7V,ns,3,10-2,10.0,2000.0,10.0,4833.0,False
AWJKR5GA7BS7V,ns,3,10-2,10.0,2000.0,10.0,4442.0,False
AWJKR5GA7BS7V,ns,3,10-2,10.0,2000.0,1.0,6015.0,False
AWJKR5GA7BS7V,ns,3,10-2,10.0,2000.0,10.0,5503.0,False
AWJKR5GA7BS7V,ns,3,10-2,10.0,2000.0,9.0,12987.0,False
AWJKR5GA7BS7V,ns,3,10-2,10.0,2000.0,10.0,4427.0,False
AWJKR5GA7BS7V,ns,4,10-2,10.0,2000.0,1.0,0.0,True
AWJKR5GA7BS7V,ns,4,10-2,10.0,2000.0,3.0,2303.0,False
AWJKR5GA7BS7V,ns,4,10-2,10.0,2000.0,1.0,10509.0,False
AWJKR5GA7BS7V,ns,4,10-2,10.0,2000.0,1.0,4656.0,False
AWJKR5GA7BS7V,ns,4,10-2,10.0,2000.0,2.0,3639.0,False
AWJKR5GA7BS7V,ns,4,10-2,10.0,2000.0,1.0,10215.0,False
AWJKR5GA7BS7V,ns,4,10-2,10.0,2000.0,2.0,11265.0,False
AWJKR5GA7BS7V,ns,4,10-2,10.0,2000.0,1.0,10139.0,False
AWJKR5GA7BS7V,ns,4,10-2,10.0,2000.0,1.0,5485.0,False
AWJKR5GA7BS7V,ns,4,10-2,10.0,2000.0,1.0,2108.0,False
AWJKR5GA7BS7V,ns,4,10-2,10.0,2000.0,1.0,6025.0,False
AWRY5SC68T0DC,prim,1,15-2,15.0,2000.0,1.0,0.0,True
AWRY5SC68T0DC,prim,1,15-2,15.0,2000.0,1.0,5499.0,False
AWRY5SC68T0DC,prim,1,15-2,15.0,2000.0,1.0,5030.0,False
AWRY5SC68T0DC,prim,1,15-2,15.0,2000.0,1.0,19491.0,False
AWRY5SC68T0DC,prim,1,15-2,15.0,2000.0,1.0,3205.0,False
AWRY5SC68T0DC,prim,1,15-2,15.0,2000.0,1.0,4193.0,False
AWRY5SC68T0DC,prim,1,15-2,15.0,2000.0,1.0,6861.0,False
AWRY5SC68T0DC,prim,1,15-2,15.0,2000.0,2.0,4086.0,False
AWRY5SC68T0DC,prim,1,15-2,15.0,2000.0,1.0,5656.0,False
AWRY5SC68T0DC,prim,1,15-2,15.0,2000.0,2.0,7999.0,False
AWRY5SC68T0DC,prim,2,15-2,15.0,2000.0,14.0,0.0,True
AWRY5SC68T0DC,prim,2,15-2,15.0,2000.0,2.0,5536.0,False
AWRY5SC68T0DC,prim,2,15-2,15.0,2000.0,1.0,8005.0,False
AWRY5SC68T0DC,prim,2,15-2,15.0,2000.0,1.0,11524.0,False
AWRY5SC68T0DC,prim,2,15-2,15.0,2000.0,1.0,16413.0,False
AWRY5SC68T0DC,prim,2,15-2,15.0,2000.0,1.0,7626.0,False
AWRY5SC68T0DC,prim,2,15-2,15.0,2000.0,1.0,18655.0,False
AWRY5SC68T0DC,prim,2,15-2,15.0,2000.0,2.0,8460.0,False
AWRY5SC68T0DC,prim,2,15-2,15.0,2000.0,1.0,12456.0,False
AWRY5SC68T0DC,prim,2,15-2,15.0,2000.0,1.0,9322.0,False
AWRY5SC68T0DC,prim,2,15-2,15.0,2000.0,1.0,23658.0,False
AWRY5SC68T0DC,prim,3,15-2,15.0,2000.0,1.0,0.0,True
AWRY5SC68T0DC,prim,3,15-2,15.0,2000.0,2.0,11238.0,False
AWRY5SC68T0DC,prim,3,15-2,15.0,2000.0,1.0,3401.0,False
AWRY5SC68T0DC,prim,3,15-2,15.0,2000.0,1.0,20435.0,False
AWRY5SC68T0DC,prim,3,15-2,15.0,2000.0,1.0,6719.0,False
AWRY5SC68T0DC,prim,3,15-2,15.0,2000.0,3.0,42112.0,False
AWRY5SC68T0DC,prim,3,15-2,15.0,2000.0,1.0,7572.0,False
AWRY5SC68T0DC,prim,3,15-2,15.0,2000.0,1.0,20066.0,False
AWRY5SC68T0DC,prim,3,15-2,15.0,2000.0,3.0,10394.0,False
AWRY5SC68T0DC,prim,4,15-2,15.0,2000.0,1.0,4900.0,False
AWRY5SC68T0DC,prim,4,15-2,15.0,2000.0,2.0,940.0,False
AWRY5SC68T0DC,prim,4,15-2,15.0,2000.0,1.0,2443.0,False
AWRY5SC68T0DC,prim,4,15-2,15.0,2000.0,1.0,249.0,False
AWRY5SC68T0DC,prim,4,15-2,15.0,2000.0,3.0,10216.0,False
AWRY5SC68T0DC,prim,4,15-2,15.0,2000.0,1.0,11389.0,False
AWRY5SC68T0DC,prim,4,15-2,15.0,2000.0,1.0,0.0,True
AWTCGY2CL1T68,prim,1,15-2,15.0,2000.0,3.0,0.0,True
AWTCGY2CL1T68,prim,1,15-2,15.0,2000.0,1.0,5934.0,False
AWTCGY2CL1T68,prim,1,15-2,15.0,2000.0,1.0,1787.0,False
AWTCGY2CL1T68,prim,1,15-2,15.0,2000.0,1.0,3320.0,False
AWTCGY2CL1T68,prim,1,15-2,15.0,2000.0,1.0,738.0,False
AWTCGY2CL1T68,prim,2,15-2,15.0,2000.0,1.0,0.0,True
AWTCGY2CL1T68,prim,2,15-2,15.0,2000.0,1.0,6284.0,False
AWTCGY2CL1T68,prim,2,15-2,15.0,2000.0,1.0,2022.0,False
AWTCGY2CL1T68,prim,2,15-2,15.0,2000.0,2.0,708.0,False
AWTCGY2CL1T68,prim,2,15-2,15.0,2000.0,1.0,4518.0,False
AWTCGY2CL1T68,prim,2,15-2,15.0,2000.0,1.0,1190.0,False
AWTCGY2CL1T68,prim,2,15-2,15.0,2000.0,1.0,13928.0,False
AWTCGY2CL1T68,prim,2,15-2,15.0,2000.0,2.0,1240.0,False
AWTCGY2CL1T68,prim,2,15-2,15.0,2000.0,1.0,4644.0,False
AWTCGY2CL1T68,prim,2,15-2,15.0,2000.0,1.0,2096.0,False
AWTCGY2CL1T68,prim,2,15-2,15.0,2000.0,1.0,1749.0,False
AWTCGY2CL1T68,prim,3,15-2,15.0,2000.0,1.0,0.0,True
AWTCGY2CL1T68,prim,3,15-2,15.0,2000.0,1.0,9097.0,False
AWTCGY2CL1T68,prim,3,15-2,15.0,2000.0,1.0,8277.0,False
AWTCGY2CL1T68,prim,3,15-2,15.0,2000.0,1.0,2259.0,False
AWTCGY2CL1T68,prim,3,15-2,15.0,2000.0,1.0,4197.0,False
AWTCGY2CL1T68,prim,3,15-2,15.0,2000.0,2.0,1853.0,False
AWTCGY2CL1T68,prim,3,15-2,15.0,2000.0,1.0,7130.0,False
AWTCGY2CL1T68,prim,3,15-2,15.0,2000.0,1.0,2566.0,False
AWTCGY2CL1T68,prim,4,15-2,15.0,2000.0,1.0,1172.0,False
AWTCGY2CL1T68,prim,4,15-2,15.0,2000.0,1.0,711.0,False
AWTCGY2CL1T68,prim,4,15-2,15.0,2000.0,1.0,6049.0,False
AWTCGY2CL1T68,prim,4,15-2,15.0,2000.0,1.0,6074.0,False
AWTCGY2CL1T68,prim,4,15-2,15.0,2000.0,1.0,664.0,False
AWTCGY2CL1T68,prim,4,15-2,15.0,2000.0,1.0,0.0,True
AWTCGY2CL1T68,prim,4,15-2,15.0,2000.0,1.0,4386.0,False
AWTCGY2CL1T68,prim,4,15-2,15.0,2000.0,1.0,858.0,False
AXCDKBG1R43GE,ns,1,20-2,20.0,2000.0,12.0,0.0,True
AXCDKBG1R43GE,ns,1,20-2,20.0,2000.0,7.0,10364.199999988079,False
AXCDKBG1R43GE,ns,1,20-2,20.0,2000.0,5.0,4296.5000000596065,False
AXCDKBG1R43GE,ns,1,20-2,20.0,2000.0,19.0,4986.399999976158,False
AXCDKBG1R43GE,ns,1,20-2,20.0,2000.0,16.0,17341.70000004768,False
AXCDKBG1R43GE,ns,1,20-2,20.0,2000.0,17.0,9902.400000035761,False
AXCDKBG1R43GE,ns,1,20-2,20.0,2000.0,19.0,9442.900000035761,False
AXCDKBG1R43GE,ns,1,20-2,20.0,2000.0,19.0,806.6000000238419,False
AXCDKBG1R43GE,ns,1,20-2,20.0,2000.0,15.0,2674.600000023842,False
AXCDKBG1R43GE,ns,1,20-2,20.0,2000.0,1.0,1555.5,False
AXCDKBG1R43GE,ns,1,20-2,20.0,2000.0,16.0,8332.700000047684,False
AXCDKBG1R43GE,ns,2,20-2,20.0,2000.0,20.0,0.0,True
AXCDKBG1R43GE,ns,2,20-2,20.0,2000.0,1.0,4751.200000000652,False
AXCDKBG1R43GE,ns,2,20-2,20.0,2000.0,19.0,12461.500000000466,False
AXCDKBG1R43GE,ns,2,20-2,20.0,2000.0,3.0,9260.90000000037,False
AXCDKBG1R43GE,ns,2,20-2,20.0,2000.0,19.0,3474.0,False
AXCDKBG1R43GE,ns,2,20-2,20.0,2000.0,20.0,6886.5,False
AXCDKBG1R43GE,ns,2,20-2,20.0,2000.0,20.0,7474.300000000279,False
AXCDKBG1R43GE,ns,2,20-2,20.0,2000.0,18.0,13515.30000000028,False
AXCDKBG1R43GE,ns,2,20-2,20.0,2000.0,20.0,11691.5,False
AXCDKBG1R43GE,ns,2,20-2,20.0,2000.0,3.0,5641.399999999907,False
AXCDKBG1R43GE,ns,3,20-2,20.0,2000.0,2.0,0.0,True
AXCDKBG1R43GE,ns,3,20-2,20.0,2000.0,18.0,11636.0,False
AXCDKBG1R43GE,ns,3,20-2,20.0,2000.0,10.0,2729.2000000029802,False
AXCDKBG1R43GE,ns,3,20-2,20.0,2000.0,13.0,6195.399999991059,False
AXCDKBG1R43GE,ns,3,20-2,20.0,2000.0,20.0,3616.7999999970198,False
AXCDKBG1R43GE,ns,3,20-2,20.0,2000.0,18.0,3928.2000000029793,False
AXCDKBG1R43GE,ns,3,20-2,20.0,2000.0,13.0,8097.5,False
AXCDKBG1R43GE,ns,3,20-2,20.0,2000.0,3.0,7523.0,False
AXCDKBG1R43GE,ns,3,20-2,20.0,2000.0,18.0,10518.89999999106,False
AXCDKBG1R43GE,ns,3,20-2,20.0,2000.0,3.0,3461.4000000059605,False
AXCDKBG1R43GE,ns,3,20-2,20.0,2000.0,18.0,8771.90000000596,False
AXCDKBG1R43GE,ns,4,20-2,20.0,2000.0,4.0,0.0,True
AXCDKBG1R43GE,ns,4,20-2,20.0,2000.0,3.0,5619.599999964237,False
AXCDKBG1R43GE,ns,4,20-2,20.0,2000.0,7.0,13990.599999964237,False
AXCDKBG1R43GE,ns,4,20-2,20.0,2000.0,18.0,9246.500000000002,False
AXCDKBG1R43GE,ns,4,20-2,20.0,2000.0,3.0,14333.899999916557,False
AXCDKBG1R43GE,ns,4,20-2,20.0,2000.0,17.0,20260.4999999404,False
AXCDKBG1R43GE,ns,4,20-2,20.0,2000.0,19.0,12291.599999964237,False
AXCDKBG1R43GE,ns,4,20-2,20.0,2000.0,1.0,17696.199999988075,False
AXCDKBG1R43GE,ns,4,20-2,20.0,2000.0,16.0,17738.199999928478,False
AXCDKBG1R43GE,ns,4,20-2,20.0,2000.0,11.0,38216.199999928474,False
AXFCUZ1WQC2WY,ns,1,20-1,20.0,1000.0,1.0,1645.0,False
AXFCUZ1WQC2WY,ns,1,20-1,20.0,1000.0,1.0,2552.0,False
AXFCUZ1WQC2WY,ns,1,20-1,20.0,1000.0,19.0,15968.0,False
AXFCUZ1WQC2WY,ns,1,20-1,20.0,1000.0,17.0,2832.0,False
AXFCUZ1WQC2WY,ns,1,20-1,20.0,1000.0,2.0,5786.0,False
AXFCUZ1WQC2WY,ns,1,20-1,20.0,1000.0,18.0,4493.0,False
AXFCUZ1WQC2WY,ns,1,20-1,20.0,1000.0,20.0,3042.0,False
AXFCUZ1WQC2WY,ns,1,20-1,20.0,1000.0,19.0,0.0,True
AXFCUZ1WQC2WY,ns,1,20-1,20.0,1000.0,20.0,4435.0,False
AXFCUZ1WQC2WY,ns,1,20-1,20.0,1000.0,19.0,7299.0,False
AXFCUZ1WQC2WY,ns,1,20-1,20.0,1000.0,16.0,8035.0,False
AXFCUZ1WQC2WY,ns,2,20-1,20.0,1000.0,1.0,0.0,True
AXFCUZ1WQC2WY,ns,2,20-1,20.0,1000.0,19.0,3355.0,False
AXFCUZ1WQC2WY,ns,2,20-1,20.0,1000.0,2.0,1888.0,False
AXFCUZ1WQC2WY,ns,2,20-1,20.0,1000.0,19.0,6334.0,False
AXFCUZ1WQC2WY,ns,2,20-1,20.0,1000.0,1.0,4685.0,False
AXFCUZ1WQC2WY,ns,2,20-1,20.0,1000.0,2.0,21091.0,False
AXFCUZ1WQC2WY,ns,2,20-1,20.0,1000.0,2.0,6701.0,False
AXFCUZ1WQC2WY,ns,2,20-1,20.0,1000.0,1.0,85787.0,False
AXFCUZ1WQC2WY,ns,2,20-1,20.0,1000.0,18.0,2229.0,False
AXFCUZ1WQC2WY,ns,2,20-1,20.0,1000.0,1.0,11091.0,False
AXFCUZ1WQC2WY,ns,2,20-1,20.0,1000.0,10.0,8432.0,False
AXFCUZ1WQC2WY,ns,2,20-1,20.0,1000.0,15.0,5749.0,False
AXFCUZ1WQC2WY,ns,3,20-1,20.0,1000.0,1.0,0.0,True
AXFCUZ1WQC2WY,ns,3,20-1,20.0,1000.0,2.0,1253.0,False
AXFCUZ1WQC2WY,ns,3,20-1,20.0,1000.0,2.0,1681.0,False
AXFCUZ1WQC2WY,ns,3,20-1,20.0,1000.0,2.0,5206.0,False
AXFCUZ1WQC2WY,ns,3,20-1,20.0,1000.0,1.0,6527.0,False
AXFCUZ1WQC2WY,ns,3,20-1,20.0,1000.0,1.0,3281.0,False
AXFCUZ1WQC2WY,ns,3,20-1,20.0,1000.0,1.0,4526.0,False
AXFCUZ1WQC2WY,ns,3,20-1,20.0,1000.0,1.0,2580.0,False
AXFCUZW85XUK1,ns,1,40-1,40.0,1000.0,32.0,0.0,True
AXFCUZW85XUK1,ns,1,40-1,40.0,1000.0,39.0,6541.599999964237,False
AXFCUZW85XUK1,ns,1,40-1,40.0,1000.0,1.0,5768.000000000002,False
AXFCUZW85XUK1,ns,1,40-1,40.0,1000.0,40.0,1778.300000011921,False
AXFCUZW85XUK1,ns,1,40-1,40.0,1000.0,40.0,1802.4000000357628,False
AXFCUZW85XUK1,ns,1,40-1,40.0,1000.0,2.0,2288.600000023842,False
AXFCUZW85XUK1,ns,1,40-1,40.0,1000.0,1.0,3525.399999976158,False
AXFCUZW85XUK1,ns,2,40-1,40.0,1000.0,32.0,3960.0,False
AXFCUZW85XUK1,ns,2,40-1,40.0,1000.0,37.0,947.3999999761581,False
AXFCUZW85XUK1,ns,2,40-1,40.0,1000.0,34.0,3593.600000023842,False
AXFCUZW85XUK1,ns,2,40-1,40.0,1000.0,39.0,0.0,True
AXFCUZW85XUK1,ns,2,40-1,40.0,1000.0,40.0,10894.399999976158,False
AXFCUZW85XUK1,ns,2,40-1,40.0,1000.0,39.0,1291.5999999046326,False
AXFCUZW85XUK1,ns,2,40-1,40.0,1000.0,40.0,2301.899999976158,False
AXFCUZW85XUK1,ns,2,40-1,40.0,1000.0,40.0,3557.600000023842,False
AXFCUZW85XUK1,ns,3,40-1,40.0,1000.0,36.0,1201.1000000238414,False
AXFCUZW85XUK1,ns,3,40-1,40.0,1000.0,37.0,0.0,True
AXFCUZW85XUK1,ns,3,40-1,40.0,1000.0,36.0,22297.799999952316,False
AXFCUZW85XUK1,ns,3,40-1,40.0,1000.0,30.0,30225.99999988079,False
AXFCUZW85XUK1,ns,3,40-1,40.0,1000.0,39.0,100.79999995231583,False
AXFCUZW85XUK1,ns,3,40-1,40.0,1000.0,36.0,3087.1000000238414,False
AXFCUZW85XUK1,ns,3,40-1,40.0,1000.0,39.0,2435.8999999761577,False
AXFCUZW85XUK1,ns,3,40-1,40.0,1000.0,34.0,299.99999988079026,False
AXFCUZW85XUK1,ns,3,40-1,40.0,1000.0,38.0,4198.299999952316,False
AXFCUZW85XUK1,ns,4,40-1,40.0,1000.0,40.0,0.0,True
AXFCUZW85XUK1,ns,4,40-1,40.0,1000.0,1.0,2155.89999999851,False
AXFCUZW85XUK1,ns,4,40-1,40.0,1000.0,32.0,516.3000000007451,False
AXFCUZW85XUK1,ns,4,40-1,40.0,1000.0,22.0,62549.699999999255,False
AXFCUZW85XUK1,ns,4,40-1,40.0,1000.0,3.0,22825.0,False
AXFCUZW85XUK1,ns,4,40-1,40.0,1000.0,1.0,4738.0,False
AXFCUZW85XUK1,ns,4,40-1,40.0,1000.0,2.0,48386.10000000149,False
AXFCUZW85XUK1,ns,4,40-1,40.0,1000.0,1.0,17210.5,False
AXFCUZW85XUK1,ns,4,40-1,40.0,1000.0,40.0,1487.300000000745,False
AXFCUZW85XUK1,ns,4,40-1,40.0,1000.0,1.0,67832.80000000075,False
AXFCUZW85XUK1,ns,4,40-1,40.0,1000.0,39.0,2462.60000000149,False
AXFCUZW85XUK1,ns,4,40-1,40.0,1000.0,2.0,6960.0,False
AXFH1DT8PR0K2,prim,1,30-1,30.0,1000.0,2.0,0.0,True
AXFH1DT8PR0K2,prim,1,30-1,30.0,1000.0,4.0,1250.7999992370605,False
AXFH1DT8PR0K2,prim,1,30-1,30.0,1000.0,1.0,3372.5,False
AXFH1DT8PR0K2,prim,1,30-1,30.0,1000.0,1.0,455.5,False
AXFH1DT8PR0K2,prim,1,30-1,30.0,1000.0,1.0,3106.8000001907367,False
AXFH1DT8PR0K2,prim,1,30-1,30.0,1000.0,1.0,400.6000003814697,False
AXFH1DT8PR0K2,prim,1,30-1,30.0,1000.0,1.0,35.19999980926514,False
AXFH1DT8PR0K2,prim,1,30-1,30.0,1000.0,10.0,536.3999996185303,False
AXFH1DT8PR0K2,prim,1,30-1,30.0,1000.0,2.0,39067.39999961853,False
AXFH1DT8PR0K2,prim,2,30-1,30.0,1000.0,5.0,0.0,True
AXFH1DT8PR0K2,prim,2,30-1,30.0,1000.0,1.0,3245.0,False
AXFH1DT8PR0K2,prim,2,30-1,30.0,1000.0,3.0,13019.400000572205,False
AXFH1DT8PR0K2,prim,2,30-1,30.0,1000.0,1.0,4286.599999427795,False
AXFH1DT8PR0K2,prim,2,30-1,30.0,1000.0,3.0,4803.800000190735,False
AXFH1DT8PR0K2,prim,2,30-1,30.0,1000.0,1.0,1276.2000007629395,False
AXFH1DT8PR0K2,prim,2,30-1,30.0,1000.0,4.0,3222.199999809265,False
AXFH1DT8PR0K2,prim,2,30-1,30.0,1000.0,23.0,2262.0,False
AXFH1DT8PR0K2,prim,2,30-1,30.0,1000.0,3.0,647.6000003814697,False
AXFH1DT8PR0K2,prim,2,30-1,30.0,1000.0,1.0,3018.5,False
AXFP50XOZD2NI,rec,1,30-1,30.0,1000.0,4.0,0.0,True
AXFP50XOZD2NI,rec,1,30-1,30.0,1000.0,3.0,22621.0,False
AXFP50XOZD2NI,rec,1,30-1,30.0,1000.0,3.0,7454.0,False
AXFP50XOZD2NI,rec,1,30-1,30.0,1000.0,30.0,3234.0,False
AXFP50XOZD2NI,rec,1,30-1,30.0,1000.0,27.0,1436.0,False
AXFP50XOZD2NI,rec,1,30-1,30.0,1000.0,29.0,6196.0,False
AXFP50XOZD2NI,rec,1,30-1,30.0,1000.0,3.0,14675.0,False
AXFP50XOZD2NI,rec,1,30-1,30.0,1000.0,30.0,2810.0,False
AXFP50XOZD2NI,rec,1,30-1,30.0,1000.0,30.0,2191.0,False
AXFP50XOZD2NI,rec,2,30-1,30.0,1000.0,2.0,0.0,True
AXFP50XOZD2NI,rec,2,30-1,30.0,1000.0,3.0,2795.0,False
AXFP50XOZD2NI,rec,2,30-1,30.0,1000.0,2.0,30530.0,False
AXFP50XOZD2NI,rec,2,30-1,30.0,1000.0,1.0,2501.0,False
AXFP50XOZD2NI,rec,2,30-1,30.0,1000.0,28.0,3752.0,False
AXFP50XOZD2NI,rec,2,30-1,30.0,1000.0,29.0,4429.0,False
AXFP50XOZD2NI,rec,2,30-1,30.0,1000.0,28.0,808.0,False
AXFP50XOZD2NI,rec,2,30-1,30.0,1000.0,30.0,5798.0,False
AXFP50XOZD2NI,rec,2,30-1,30.0,1000.0,29.0,735.0,False
AXFP50XOZD2NI,rec,2,30-1,30.0,1000.0,30.0,2794.0,False
AXFP50XOZD2NI,rec,2,30-1,30.0,1000.0,27.0,8594.0,False
AXFP50XOZD2NI,rec,2,30-1,30.0,1000.0,3.0,3424.0,False
AXFP50XOZD2NI,rec,3,30-1,30.0,1000.0,30.0,0.0,True
AXFP50XOZD2NI,rec,3,30-1,30.0,1000.0,25.0,2804.0,False
AXFP50XOZD2NI,rec,3,30-1,30.0,1000.0,29.0,8090.0,False
AXFP50XOZD2NI,rec,3,30-1,30.0,1000.0,30.0,3371.0,False
AXFP50XOZD2NI,rec,3,30-1,30.0,1000.0,30.0,2702.0,False
AXFP50XOZD2NI,rec,3,30-1,30.0,1000.0,29.0,6739.0,False
AXFP50XOZD2NI,rec,3,30-1,30.0,1000.0,29.0,2103.0,False
AXFP50XOZD2NI,rec,3,30-1,30.0,1000.0,28.0,3809.0,False
AXFP50XOZD2NI,rec,3,30-1,30.0,1000.0,27.0,1515.0,False
AXFP50XOZD2NI,rec,3,30-1,30.0,1000.0,27.0,2555.0,False
AXFP50XOZD2NI,rec,3,30-1,30.0,1000.0,29.0,1789.0,False
AXFP50XOZD2NI,rec,4,30-1,30.0,1000.0,27.0,0.0,True
AXFP50XOZD2NI,rec,4,30-1,30.0,1000.0,30.0,2923.0,False
AXFP50XOZD2NI,rec,4,30-1,30.0,1000.0,30.0,1859.0,False
AXFP50XOZD2NI,rec,4,30-1,30.0,1000.0,27.0,1222.0,False
AXFP50XOZD2NI,rec,4,30-1,30.0,1000.0,29.0,2815.0,False
AXFP50XOZD2NI,rec,4,30-1,30.0,1000.0,25.0,609.0,False
AXFP50XOZD2NI,rec,4,30-1,30.0,1000.0,29.0,3283.0,False
AXFP50XOZD2NI,rec,4,30-1,30.0,1000.0,27.0,6902.0,False
AXFP50XOZD2NI,rec,4,30-1,30.0,1000.0,29.0,2123.0,False
AXFP50XOZD2NI,rec,4,30-1,30.0,1000.0,26.0,4549.0,False
AXFP50XOZD2NI,rec,4,30-1,30.0,1000.0,30.0,4017.0,False
AXFP50XOZD2NI,rec,4,30-1,30.0,1000.0,30.0,1730.0,False
AXSBX0MCQNG3A,prim,1,15-2,15.0,2000.0,2.0,0.0,True
AXSBX0MCQNG3A,prim,1,15-2,15.0,2000.0,1.0,9167.0,False
AXSBX0MCQNG3A,prim,1,15-2,15.0,2000.0,3.0,6148.0,False
AXSBX0MCQNG3A,prim,1,15-2,15.0,2000.0,1.0,3587.0,False
AXSBX0MCQNG3A,prim,1,15-2,15.0,2000.0,2.0,7576.0,False
AXSBX0MCQNG3A,prim,1,15-2,15.0,2000.0,3.0,4915.0,False
AXSBX0MCQNG3A,prim,1,15-2,15.0,2000.0,4.0,4956.0,False
AXSBX0MCQNG3A,prim,1,15-2,15.0,2000.0,1.0,5606.0,False
AXSBX0MCQNG3A,prim,1,15-2,15.0,2000.0,1.0,2372.0,False
AXSBX0MCQNG3A,prim,2,15-2,15.0,2000.0,3.0,0.0,True
AXSBX0MCQNG3A,prim,2,15-2,15.0,2000.0,1.0,3876.0,False
AXSBX0MCQNG3A,prim,2,15-2,15.0,2000.0,3.0,1389.0,False
AXSBX0MCQNG3A,prim,2,15-2,15.0,2000.0,1.0,3824.0,False
AXSBX0MCQNG3A,prim,2,15-2,15.0,2000.0,1.0,4879.0,False
AXSBX0MCQNG3A,prim,2,15-2,15.0,2000.0,1.0,2093.0,False
AXSBX0MCQNG3A,prim,2,15-2,15.0,2000.0,1.0,4156.0,False
AXSBX0MCQNG3A,prim,2,15-2,15.0,2000.0,1.0,2524.0,False
AXSBX0MCQNG3A,prim,2,15-2,15.0,2000.0,2.0,1143.0,False
AXSBX0MCQNG3A,prim,3,15-2,15.0,2000.0,1.0,2199.0,False
AXSBX0MCQNG3A,prim,3,15-2,15.0,2000.0,2.0,1144.0,False
AXSBX0MCQNG3A,prim,3,15-2,15.0,2000.0,1.0,0.0,True
AXSBX0MCQNG3A,prim,3,15-2,15.0,2000.0,1.0,1444.0,False
AXSBX0MCQNG3A,prim,3,15-2,15.0,2000.0,1.0,628.0,False
AXSBX0MCQNG3A,prim,3,15-2,15.0,2000.0,1.0,1846.0,False
AXSBX0MCQNG3A,prim,3,15-2,15.0,2000.0,1.0,3711.0,False
AXSBX0MCQNG3A,prim,3,15-2,15.0,2000.0,2.0,6374.0,False
AXSBX0MCQNG3A,prim,3,15-2,15.0,2000.0,1.0,462.0,False
AXSBX0MCQNG3A,prim,4,15-2,15.0,2000.0,1.0,1205.0,False
AXSBX0MCQNG3A,prim,4,15-2,15.0,2000.0,1.0,1552.0,False
AXSBX0MCQNG3A,prim,4,15-2,15.0,2000.0,1.0,1925.0,False
AXSBX0MCQNG3A,prim,4,15-2,15.0,2000.0,1.0,12993.0,False
AXSBX0MCQNG3A,prim,4,15-2,15.0,2000.0,1.0,121.0,False
AXSBX0MCQNG3A,prim,4,15-2,15.0,2000.0,1.0,0.0,True
AY7M9MOLNXIIK,ns,1,20-1,20.0,1000.0,1.0,0.0,True
AY7M9MOLNXIIK,ns,1,20-1,20.0,1000.0,17.0,4954.100000023842,False
AY7M9MOLNXIIK,ns,1,20-1,20.0,1000.0,19.0,6616.799999952316,False
AY7M9MOLNXIIK,ns,2,20-1,20.0,1000.0,1.0,12224.0,False
AY7M9MOLNXIIK,ns,2,20-1,20.0,1000.0,1.0,9305.0,False
AY7M9MOLNXIIK,ns,2,20-1,20.0,1000.0,2.0,2582.0,False
AY7M9MOLNXIIK,ns,2,20-1,20.0,1000.0,1.0,2419.0,False
AY7M9MOLNXIIK,ns,2,20-1,20.0,1000.0,1.0,1653.0,False
AY7M9MOLNXIIK,ns,2,20-1,20.0,1000.0,1.0,0.0,True
AY7M9MOLNXIIK,ns,3,20-1,20.0,1000.0,19.0,1656.0,False
AY7M9MOLNXIIK,ns,3,20-1,20.0,1000.0,2.0,4275.0,False
AY7M9MOLNXIIK,ns,3,20-1,20.0,1000.0,6.0,2883.0,False
AY7M9MOLNXIIK,ns,3,20-1,20.0,1000.0,2.0,5511.0,False
AY7M9MOLNXIIK,ns,3,20-1,20.0,1000.0,19.0,182.0,False
AY7M9MOLNXIIK,ns,3,20-1,20.0,1000.0,20.0,3820.0,False
AY7M9MOLNXIIK,ns,3,20-1,20.0,1000.0,17.0,0.0,True
AY7M9MOLNXIIK,ns,3,20-1,20.0,1000.0,9.0,17698.0,False
AY7M9MOLNXIIK,ns,3,20-1,20.0,1000.0,19.0,1647.0,False
AY7M9MOLNXIIK,ns,3,20-1,20.0,1000.0,20.0,5748.0,False
AY7M9MOLNXIIK,ns,3,20-1,20.0,1000.0,20.0,1373.0,False
AY7M9MOLNXIIK,ns,4,20-1,20.0,1000.0,1.0,2171.0,False
AY7M9MOLNXIIK,ns,4,20-1,20.0,1000.0,1.0,0.0,True
AY7M9MOLNXIIK,ns,4,20-1,20.0,1000.0,1.0,5759.0,False
AY7M9MOLNXIIK,ns,4,20-1,20.0,1000.0,1.0,15847.0,False
AY7M9MOLNXIIK,ns,4,20-1,20.0,1000.0,1.0,16499.0,False
AY7M9MOLNXIIK,ns,4,20-1,20.0,1000.0,1.0,3594.0,False
AY7M9MOLNXIIK,ns,4,20-1,20.0,1000.0,1.0,3529.0,False
AYF9WH3AQIT86,prim,1,40-1,40.0,1000.0,2.0,0.0,True
AYF9WH3AQIT86,prim,1,40-1,40.0,1000.0,1.0,24029.5,False
AYF9WH3AQIT86,prim,1,40-1,40.0,1000.0,3.0,4255.699999809265,False
AYF9WH3AQIT86,prim,1,40-1,40.0,1000.0,1.0,5371.199999809265,False
AYF9WH3AQIT86,prim,1,40-1,40.0,1000.0,2.0,5316.599999904633,False
AYF9WH3AQIT86,prim,1,40-1,40.0,1000.0,5.0,6035.39999961853,False
AYF9WH3AQIT86,prim,1,40-1,40.0,1000.0,3.0,2656.9000000953693,False
AYF9WH3AQIT86,prim,1,40-1,40.0,1000.0,1.0,3044.299999713896,False
AYF9WH3AQIT86,prim,1,40-1,40.0,1000.0,1.0,4092.699999809265,False
AYF9WH3AQIT86,prim,1,40-1,40.0,1000.0,1.0,615.5,False
AYF9WH3AQIT86,prim,1,40-1,40.0,1000.0,2.0,1586.8999996185303,False
AYF9WH3AQIT86,prim,2,40-1,40.0,1000.0,1.0,1973.2000002861018,False
AYF9WH3AQIT86,prim,2,40-1,40.0,1000.0,1.0,5404.300000190735,False
AYF9WH3AQIT86,prim,2,40-1,40.0,1000.0,3.0,3532.599999904632,False
AYF9WH3AQIT86,prim,2,40-1,40.0,1000.0,27.0,985.5999999046321,False
AYF9WH3AQIT86,prim,2,40-1,40.0,1000.0,1.0,0.0,True
AYF9WH3AQIT86,prim,2,40-1,40.0,1000.0,4.0,2250.9999999999995,False
AYF9WH3AQIT86,prim,2,40-1,40.0,1000.0,3.0,10725.300000190735,False
AYF9WH3AQIT86,prim,2,40-1,40.0,1000.0,5.0,6244.800000190735,False
AYF9WH3AQIT86,prim,3,40-1,40.0,1000.0,2.0,0.0,True
AYF9WH3AQIT86,prim,3,40-1,40.0,1000.0,2.0,584.9999999999982,False
AYF9WH3AQIT86,prim,3,40-1,40.0,1000.0,2.0,843.100000023841,False
AYF9WH3AQIT86,prim,3,40-1,40.0,1000.0,1.0,962.6999999880782,False
AYF9WH3AQIT86,prim,3,40-1,40.0,1000.0,5.0,20431.19999998808,False
AYF9WH3AQIT86,prim,3,40-1,40.0,1000.0,2.0,9479.300000011921,False
AYF9WH3AQIT86,prim,3,40-1,40.0,1000.0,1.0,10426.199999988079,False
AYF9WH3AQIT86,prim,3,40-1,40.0,1000.0,5.0,25605.90000000596,False
AYF9WH3AQIT86,prim,3,40-1,40.0,1000.0,2.0,9760.800000011921,False
AYF9WH3AQIT86,prim,3,40-1,40.0,1000.0,2.0,3103.100000023839,False
AYF9WH3AQIT86,prim,4,40-1,40.0,1000.0,2.0,2030.8000000715256,False
AYF9WH3AQIT86,prim,4,40-1,40.0,1000.0,1.0,905.5000001192093,False
AYF9WH3AQIT86,prim,4,40-1,40.0,1000.0,1.0,1287.200000166893,False
AYF9WH3AQIT86,prim,4,40-1,40.0,1000.0,1.0,2338.3000000715256,False
AYF9WH3AQIT86,prim,4,40-1,40.0,1000.0,2.0,1387.9000000953674,False
AYF9WH3AQIT86,prim,4,40-1,40.0,1000.0,1.0,0.0,True
AYF9WH3AQIT86,prim,4,40-1,40.0,1000.0,1.0,3855.100000143051,False
AYF9WH3AQIT86,prim,4,40-1,40.0,1000.0,1.0,2895.4000000953674,False
AYF9WH3AQIT86,prim,4,40-1,40.0,1000.0,2.0,7062.000000119209,False
AZ69TBTDH7AZS,rec,1,10-2,10.0,2000.0,9.0,286.6000000238421,False
AZ69TBTDH7AZS,rec,1,10-2,10.0,2000.0,7.0,1308.0000000000007,False
AZ69TBTDH7AZS,rec,1,10-2,10.0,2000.0,10.0,1990.7000000476844,False
AZ69TBTDH7AZS,rec,1,10-2,10.0,2000.0,8.0,179.50000000000045,False
AZ69TBTDH7AZS,rec,1,10-2,10.0,2000.0,7.0,875.1000000238421,False
AZ69TBTDH7AZS,rec,1,10-2,10.0,2000.0,9.0,1952.99999988079,False
AZ69TBTDH7AZS,rec,1,10-2,10.0,2000.0,10.0,203.39999997615814,False
AZ69TBTDH7AZS,rec,1,10-2,10.0,2000.0,9.0,2070.7000000476846,False
AZ69TBTDH7AZS,rec,1,10-2,10.0,2000.0,10.0,1498.5000000000007,False
AZ69TBTDH7AZS,rec,1,10-2,10.0,2000.0,9.0,0.0,True
AZ69TBTDH7AZS,rec,1,10-2,10.0,2000.0,8.0,66.79999995231651,False
AZ69TBTDH7AZS,rec,1,10-2,10.0,2000.0,9.0,1055.7999999523165,False
AZ69TBTDH7AZS,rec,2,10-2,10.0,2000.0,9.0,1991.300000011921,False
AZ69TBTDH7AZS,rec,2,10-2,10.0,2000.0,9.0,800.2000000476842,False
AZ69TBTDH7AZS,rec,2,10-2,10.0,2000.0,8.0,591.8999999761581,False
AZ69TBTDH7AZS,rec,2,10-2,10.0,2000.0,8.0,2065.100000023842,False
AZ69TBTDH7AZS,rec,2,10-2,10.0,2000.0,10.0,1146.5999999642372,False
AZ69TBTDH7AZS,rec,2,10-2,10.0,2000.0,10.0,0.0,True
AZ69TBTDH7AZS,rec,2,10-2,10.0,2000.0,9.0,775.0,False
AZ69TBTDH7AZS,rec,2,10-2,10.0,2000.0,9.0,117.80000001192093,False
AZ69TBTDH7AZS,rec,2,10-2,10.0,2000.0,9.0,496.5,False
AZ69TBTDH7AZS,rec,2,10-2,10.0,2000.0,10.0,692.6000000238419,False
AZ69TBTDH7AZS,rec,2,10-2,10.0,2000.0,7.0,1344.5999999642372,False
AZ69TBTDH7AZS,rec,3,10-2,10.0,2000.0,8.0,1153.5,False
AZ69TBTDH7AZS,rec,3,10-2,10.0,2000.0,10.0,1833.8999999761581,False
AZ69TBTDH7AZS,rec,3,10-2,10.0,2000.0,9.0,1268.5,False
AZ69TBTDH7AZS,rec,3,10-2,10.0,2000.0,9.0,230.5,False
AZ69TBTDH7AZS,rec,3,10-2,10.0,2000.0,6.0,463.60000002384186,False
AZ69TBTDH7AZS,rec,3,10-2,10.0,2000.0,9.0,525.3000000119209,False
AZ69TBTDH7AZS,rec,3,10-2,10.0,2000.0,9.0,233.59999996423744,False
AZ69TBTDH7AZS,rec,3,10-2,10.0,2000.0,9.0,1736.9000000357628,False
AZ69TBTDH7AZS,rec,3,10-2,10.0,2000.0,9.0,0.0,True
AZ69TBTDH7AZS,rec,3,10-2,10.0,2000.0,8.0,943.3000000119209,False
AZ69TBTDH7AZS,rec,3,10-2,10.0,2000.0,9.0,614.5000000596049,False
AZ69TBTDH7AZS,rec,3,10-2,10.0,2000.0,8.0,869.7000000476837,False
AZ69TBTDH7AZS,rec,4,10-2,10.0,2000.0,9.0,393.60000002384186,False
AZ69TBTDH7AZS,rec,4,10-2,10.0,2000.0,9.0,1323.800000011921,False
AZ69TBTDH7AZS,rec,4,10-2,10.0,2000.0,9.0,2393.800000011921,False
AZ69TBTDH7AZS,rec,4,10-2,10.0,2000.0,9.0,860.0000000596051,False
AZ69TBTDH7AZS,rec,4,10-2,10.0,2000.0,9.0,207.40000003576301,False
AZ69TBTDH7AZS,rec,4,10-2,10.0,2000.0,8.0,0.0,True
AZ69TBTDH7AZS,rec,4,10-2,10.0,2000.0,9.0,402.10000002384186,False
AZ69TBTDH7AZS,rec,4,10-2,10.0,2000.0,9.0,1382.800000011921,False
AZ69TBTDH7AZS,rec,4,10-2,10.0,2000.0,8.0,224.89999997615814,False
AZ69TBTDH7AZS,rec,4,10-2,10.0,2000.0,7.0,1530.8999999761581,False
AZ69TBTDH7AZS,rec,4,10-2,10.0,2000.0,9.0,2084.899999976158,False
AZ69TBTDH7AZS,rec,4,10-2,10.0,2000.0,9.0,1108.3999999761581,False
AZ8NNCT4AODDN,prim,1,10-2,10.0,2000.0,1.0,3211.5999999046326,False
AZ8NNCT4AODDN,prim,1,10-2,10.0,2000.0,1.0,3965.100000143051,False
AZ8NNCT4AODDN,prim,1,10-2,10.0,2000.0,10.0,156.29999995231628,False
AZ8NNCT4AODDN,prim,1,10-2,10.0,2000.0,10.0,0.0,True
AZ8NNCT4AODDN,prim,1,10-2,10.0,2000.0,10.0,135.20000004768372,False
AZ8NNCT4AODDN,prim,1,10-2,10.0,2000.0,1.0,2079.100000143051,False
AZ8NNCT4AODDN,prim,1,10-2,10.0,2000.0,1.0,887.7000000476837,False
AZ8NNCT4AODDN,prim,1,10-2,10.0,2000.0,1.0,202.00000023841858,False
AZ8NNCT4AODDN,prim,2,10-2,10.0,2000.0,2.0,4535.799999952316,False
AZ8NNCT4AODDN,prim,2,10-2,10.0,2000.0,1.0,11386.299999952316,False
AZ8NNCT4AODDN,prim,2,10-2,10.0,2000.0,2.0,15231.5,False
AZ8NNCT4AODDN,prim,2,10-2,10.0,2000.0,1.0,4351.899999856949,False
AZ8NNCT4AODDN,prim,2,10-2,10.0,2000.0,1.0,367.2999999523163,False
AZ8NNCT4AODDN,prim,2,10-2,10.0,2000.0,1.0,6196.599999904633,False
AZ8NNCT4AODDN,prim,2,10-2,10.0,2000.0,1.0,0.0,True
AZZA3J049G7R5,rec,1,20-1,20.0,1000.0,9.0,1533.8999999985099,False
AZZA3J049G7R5,rec,1,20-1,20.0,1000.0,14.0,3378.699999999255,False
AZZA3J049G7R5,rec,1,20-1,20.0,1000.0,20.0,1096.5999999977648,False
AZZA3J049G7R5,rec,1,20-1,20.0,1000.0,20.0,1670.2999999988829,False
AZZA3J049G7R5,rec,1,20-1,20.0,1000.0,20.0,3292.39999999851,False
AZZA3J049G7R5,rec,1,20-1,20.0,1000.0,1.0,5681.699999999255,False
AZZA3J049G7R5,rec,1,20-1,20.0,1000.0,20.0,2171.0,False
AZZA3J049G7R5,rec,1,20-1,20.0,1000.0,20.0,2629.39999999851,False
AZZA3J049G7R5,rec,1,20-1,20.0,1000.0,1.0,3136.2999999988833,False
AZZA3J049G7R5,rec,1,20-1,20.0,1000.0,20.0,5369.0,False
AZZA3J049G7R5,rec,1,20-1,20.0,1000.0,20.0,4799.5,False
AZZA3J049G7R5,rec,1,20-1,20.0,1000.0,20.0,0.0,True
AZZA3J049G7R5,rec,2,20-1,20.0,1000.0,20.0,0.0,True
AZZA3J049G7R5,rec,2,20-1,20.0,1000.0,1.0,5697.899999999441,False
AZZA3J049G7R5,rec,2,20-1,20.0,1000.0,20.0,7664.799999999814,False
AZZA3J049G7R5,rec,2,20-1,20.0,1000.0,19.0,1101.1000000005588,False
AZZA3J049G7R5,rec,2,20-1,20.0,1000.0,20.0,1289.7000000001863,False
AZZA3J049G7R5,rec,2,20-1,20.0,1000.0,20.0,1945.3999999994412,False
AZZA3J049G7R5,rec,2,20-1,20.0,1000.0,20.0,1994.4000000003725,False
AZZA3J049G7R5,rec,2,20-1,20.0,1000.0,20.0,1417.0999999996284,False
AZZA3J049G7R5,rec,2,20-1,20.0,1000.0,1.0,3208.800000000745,False
