subject,strategy,session,condition,l_length,pres_rate,serial_position,rt,min_rt
A102WSFN62OS6I,ns,1,40-1,40.0,1000.0,1.0,0.0,True
A102WSFN62OS6I,ns,1,40-1,40.0,1000.0,1.0,5320.0,False
A102WSFN62OS6I,ns,1,40-1,40.0,1000.0,1.0,4380.0,False
A102WSFN62OS6I,ns,1,40-1,40.0,1000.0,1.0,7342.0,False
A102WSFN62OS6I,ns,1,40-1,40.0,1000.0,6.0,7962.0,False
A102WSFN62OS6I,ns,1,40-1,40.0,1000.0,1.0,4356.0,False
A102WSFN62OS6I,ns,1,40-1,40.0,1000.0,1.0,6192.0,False
A102WSFN62OS6I,ns,1,40-1,40.0,1000.0,39.0,9567.0,False
A102WSFN62OS6I,ns,1,40-1,40.0,1000.0,39.0,5924.0,False
A102WSFN62OS6I,ns,1,40-1,40.0,1000.0,1.0,4533.0,False
A102WSFN62OS6I,ns,1,40-1,40.0,1000.0,1.0,3985.0,False
A102WSFN62OS6I,ns,2,40-1,40.0,1000.0,40.0,5465.0,False
A102WSFN62OS6I,ns,2,40-1,40.0,1000.0,1.0,4194.0,False
A102WSFN62OS6I,ns,2,40-1,40.0,1000.0,1.0,17478.0,False
A102WSFN62OS6I,ns,2,40-1,40.0,1000.0,2.0,1868.0,False
A102WSFN62OS6I,ns,2,40-1,40.0,1000.0,40.0,48425.0,False
A102WSFN62OS6I,ns,2,40-1,40.0,1000.0,2.0,19603.0,False
A102WSFN62OS6I,ns,2,40-1,40.0,1000.0,40.0,559.0,False
A102WSFN62OS6I,ns,2,40-1,40.0,1000.0,1.0,1934.0,False
A102WSFN62OS6I,ns,2,40-1,40.0,1000.0,36.0,0.0,True
A102WSFN62OS6I,ns,2,40-1,40.0,1000.0,9.0,371.0,False
A102WSFN62OS6I,ns,3,40-1,40.0,1000.0,37.0,0.0,True
A102WSFN62OS6I,ns,3,40-1,40.0,1000.0,39.0,3067.0,False
A102WSFN62OS6I,ns,3,40-1,40.0,1000.0,1.0,2895.0,False
A102WSFN62OS6I,ns,3,40-1,40.0,1000.0,39.0,3605.0,False
A102WSFN62OS6I,ns,3,40-1,40.0,1000.0,38.0,2193.0,False
A102WSFN62OS6I,ns,3,40-1,40.0,1000.0,37.0,2281.0,False
A102WSFN62OS6I,ns,3,40-1,40.0,1000.0,36.0,3906.0,False
A102WSFN62OS6I,ns,3,40-1,40.0,1000.0,40.0,8230.0,False
A102WSFN62OS6I,ns,3,40-1,40.0,1000.0,40.0,3237.0,False
A102WSFN62OS6I,ns,3,40-1,40.0,1000.0,37.0,6875.0,False
A102WSFN62OS6I,ns,3,40-1,40.0,1000.0,38.0,7253.0,False
A10JXOU89D5RXR,ns,1,20-1,20.0,1000.0,1.0,0.0,True
A10JXOU89D5RXR,ns,1,20-1,20.0,1000.0,1.0,1911.3000001907349,False
A10JXOU89D5RXR,ns,1,20-1,20.0,1000.0,19.0,2109.300000190735,False
A10JXOU89D5RXR,ns,1,20-1,20.0,1000.0,17.0,2059.800000190735,False
A10JXOU89D5RXR,ns,1,20-1,20.0,1000.0,17.0,772.9000000953674,False
A10JXOU89D5RXR,ns,1,20-1,20.0,1000.0,20.0,1949.3000001907349,False
A10JXOU89D5RXR,ns,1,20-1,20.0,1000.0,20.0,1047.900000333786,False
A10JXOU89D5RXR,ns,1,20-1,20.0,1000.0,18.0,1996.9000000953674,False
A10JXOU89D5RXR,ns,1,20-1,20.0,1000.0,19.0,1762.0000002384186,False
A10JXOU89D5RXR,ns,1,20-1,20.0,1000.0,20.0,3245.300000190735,False
A10JXOU89D5RXR,ns,1,20-1,20.0,1000.0,20.0,1732.3000001907349,False
A10JXOU89D5RXR,ns,1,20-1,20.0,1000.0,20.0,2543.100000143051,False
A10JXOU89D5RXR,ns,2,20-1,20.0,1000.0,1.0,483.2000000476837,False
A10JXOU89D5RXR,ns,2,20-1,20.0,1000.0,19.0,2010.4000000953674,False
A10JXOU89D5RXR,ns,2,20-1,20.0,1000.0,1.0,201.00000023841858,False
A10JXOU89D5RXR,ns,2,20-1,20.0,1000.0,14.0,375.40000009536743,False
A10JXOU89D5RXR,ns,2,20-1,20.0,1000.0,16.0,1301.4000000953674,False
A10JXOU89D5RXR,ns,2,20-1,20.0,1000.0,16.0,2355.2000002861023,False
A10JXOU89D5RXR,ns,2,20-1,20.0,1000.0,19.0,97.59999990463257,False
A10JXOU89D5RXR,ns,2,20-1,20.0,1000.0,18.0,919.1000001430511,False
A10JXOU89D5RXR,ns,2,20-1,20.0,1000.0,15.0,231.5,False
A10JXOU89D5RXR,ns,2,20-1,20.0,1000.0,3.0,0.0,True
A10JXOU89D5RXR,ns,2,20-1,20.0,1000.0,20.0,1152.5,False
A10JXOU89D5RXR,ns,3,20-1,20.0,1000.0,1.0,841.2999999523163,False
A10JXOU89D5RXR,ns,3,20-1,20.0,1000.0,19.0,2611.5999999046326,False
A10JXOU89D5RXR,ns,3,20-1,20.0,1000.0,20.0,1397.8999998569489,False
A10JXOU89D5RXR,ns,3,20-1,20.0,1000.0,20.0,3816.9999997615814,False
A10JXOU89D5RXR,ns,3,20-1,20.0,1000.0,19.0,1032.3999998569489,False
A10JXOU89D5RXR,ns,3,20-1,20.0,1000.0,14.0,0.0,True
A10JXOU89D5RXR,ns,3,20-1,20.0,1000.0,19.0,40.5,False
A10JXOU89D5RXR,ns,3,20-1,20.0,1000.0,13.0,560.4999997615814,False
A10JXOU89D5RXR,ns,3,20-1,20.0,1000.0,17.0,400.19999980926514,False
A10JXOU89D5RXR,ns,3,20-1,20.0,1000.0,19.0,574.1999998092651,False
A10JXOU89D5RXR,ns,3,20-1,20.0,1000.0,13.0,2900.699999809265,False
A10JXOU89D5RXR,ns,3,20-1,20.0,1000.0,14.0,381.2999997138977,False
A10JXOU89D5RXR,ns,4,20-1,20.0,1000.0,17.0,0.0,True
A10JXOU89D5RXR,ns,4,20-1,20.0,1000.0,18.0,2446.5999999046326,False
A10JXOU89D5RXR,ns,4,20-1,20.0,1000.0,16.0,3228.899999856949,False
A10JXOU89D5RXR,ns,4,20-1,20.0,1000.0,18.0,2737.399999856949,False
A10JXOU89D5RXR,ns,4,20-1,20.0,1000.0,18.0,2113.899999856949,False
A10JXOU89D5RXR,ns,4,20-1,20.0,1000.0,20.0,5837.399999856949,False
A10JXOU89D5RXR,ns,4,20-1,20.0,1000.0,16.0,2253.7999997138977,False
A10JXOU89D5RXR,ns,4,20-1,20.0,1000.0,18.0,1393.2000000476837,False
A10JXOU89D5RXR,ns,4,20-1,20.0,1000.0,20.0,1063.3999998569489,False
A10JXOU89D5RXR,ns,4,20-1,20.0,1000.0,19.0,591.4999997615814,False
A10JXOU89D5RXR,ns,4,20-1,20.0,1000.0,18.0,2618.0999999046326,False
A10JXOU89D5RXR,ns,4,20-1,20.0,1000.0,18.0,3044.399999856949,False
A12LX24NC3FP2U,ns,1,20-2,20.0,2000.0,2.0,2613.9000000059605,False
A12LX24NC3FP2U,ns,1,20-2,20.0,2000.0,20.0,1333.7999999970198,False
A12LX24NC3FP2U,ns,1,20-2,20.0,2000.0,8.0,2023.3999999910593,False
A12LX24NC3FP2U,ns,1,20-2,20.0,2000.0,19.0,0.0,True
A12LX24NC3FP2U,ns,1,20-2,20.0,2000.0,1.0,1295.8999999910593,False
A12LX24NC3FP2U,ns,1,20-2,20.0,2000.0,1.0,24050.5,False
A12LX24NC3FP2U,ns,1,20-2,20.0,2000.0,1.0,8314.09999999404,False
A12LX24NC3FP2U,ns,1,20-2,20.0,2000.0,1.0,3452.2999999970198,False
A12LX24NC3FP2U,ns,1,20-2,20.0,2000.0,17.0,4251.899999991059,False
A12LX24NC3FP2U,ns,2,20-2,20.0,2000.0,15.0,248.19999998807907,False
A12LX24NC3FP2U,ns,2,20-2,20.0,2000.0,20.0,8584.499999985099,False
A12LX24NC3FP2U,ns,2,20-2,20.0,2000.0,19.0,6607.899999991059,False
A12LX24NC3FP2U,ns,2,20-2,20.0,2000.0,18.0,0.0,True
A12LX24NC3FP2U,ns,2,20-2,20.0,2000.0,20.0,5870.699999988079,False
A12LX24NC3FP2U,ns,2,20-2,20.0,2000.0,16.0,4853.0999999940395,False
A12LX24NC3FP2U,ns,2,20-2,20.0,2000.0,16.0,1734.2999999970189,False
A12LX24NC3FP2U,ns,2,20-2,20.0,2000.0,20.0,1445.3999999910593,False
A12LX24NC3FP2U,ns,2,20-2,20.0,2000.0,19.0,176.8999999910593,False
A12LX24NC3FP2U,ns,2,20-2,20.0,2000.0,3.0,7804.700000002978,False
A13THDIE8LTQ11,ns,1,15-2,15.0,2000.0,15.0,806.6999999880791,False
A13THDIE8LTQ11,ns,1,15-2,15.0,2000.0,13.0,427.5999999642372,False
A13THDIE8LTQ11,ns,1,15-2,15.0,2000.0,10.0,3963.599999964237,False
A13THDIE8LTQ11,ns,1,15-2,15.0,2000.0,13.0,0.0,True
A13THDIE8LTQ11,ns,1,15-2,15.0,2000.0,13.0,964.1999999582767,False
A13THDIE8LTQ11,ns,1,15-2,15.0,2000.0,1.0,4617.999999970198,False
A13THDIE8LTQ11,ns,2,15-2,15.0,2000.0,1.0,1946.199999988079,False
A13THDIE8LTQ11,ns,2,15-2,15.0,2000.0,11.0,2579.300000011921,False
A13THDIE8LTQ11,ns,2,15-2,15.0,2000.0,14.0,0.0,True
A13THDIE8LTQ11,ns,2,15-2,15.0,2000.0,14.0,876.3000000119209,False
A13THDIE8LTQ11,ns,2,15-2,15.0,2000.0,12.0,1983.000000000001,False
A13THDIE8LTQ11,ns,2,15-2,15.0,2000.0,14.0,533.4000000059605,False
A13THDIE8LTQ11,ns,2,15-2,15.0,2000.0,1.0,3686.699999988079,False
A13THDIE8LTQ11,ns,2,15-2,15.0,2000.0,14.0,1404.1000000238419,False
A13THDIE8LTQ11,ns,2,15-2,15.0,2000.0,14.0,2291.2000000178814,False
A13THDIE8LTQ11,ns,2,15-2,15.0,2000.0,15.0,750.8000000119209,False
A13THDIE8LTQ11,ns,3,15-2,15.0,2000.0,1.0,1051.7999999523163,False
A13THDIE8LTQ11,ns,3,15-2,15.0,2000.0,2.0,798.1999999880791,False
A13THDIE8LTQ11,ns,3,15-2,15.0,2000.0,14.0,855.1999999880791,False
A13THDIE8LTQ11,ns,3,15-2,15.0,2000.0,11.0,1235.0999999642372,False
A13THDIE8LTQ11,ns,3,15-2,15.0,2000.0,14.0,931.1999999880791,False
A13THDIE8LTQ11,ns,3,15-2,15.0,2000.0,15.0,0.0,True
A13THDIE8LTQ11,ns,3,15-2,15.0,2000.0,15.0,3197.599999964237,False
A13THDIE8LTQ11,ns,3,15-2,15.0,2000.0,13.0,2672.1999999284744,False
A13THDIE8LTQ11,ns,3,15-2,15.0,2000.0,15.0,807.5,False
A13THDIE8LTQ11,ns,4,15-2,15.0,2000.0,2.0,1025.3000000715256,False
A13THDIE8LTQ11,ns,4,15-2,15.0,2000.0,12.0,581.9000000953679,False
A13THDIE8LTQ11,ns,4,15-2,15.0,2000.0,15.0,2169.1999999284744,False
A13THDIE8LTQ11,ns,4,15-2,15.0,2000.0,1.0,14001.299999952316,False
A13THDIE8LTQ11,ns,4,15-2,15.0,2000.0,1.0,58843.39999997616,False
A13THDIE8LTQ11,ns,4,15-2,15.0,2000.0,1.0,1929.0,False
A13THDIE8LTQ11,ns,4,15-2,15.0,2000.0,15.0,11858.299999952316,False
A13THDIE8LTQ11,ns,4,15-2,15.0,2000.0,15.0,2507.0,False
A13THDIE8LTQ11,ns,4,15-2,15.0,2000.0,1.0,3190.7000000476837,False
A13THDIE8LTQ11,ns,4,15-2,15.0,2000.0,12.0,0.0,True
A13THDIE8LTQ11,ns,4,15-2,15.0,2000.0,15.0,123.69999992847443,False
A15V9BXNJXZXZX,ns,1,30-1,30.0,1000.0,24.0,2482.2999999998137,False
A15V9BXNJXZXZX,ns,1,30-1,30.0,1000.0,27.0,3769.899999999905,False
A15V9BXNJXZXZX,ns,1,30-1,30.0,1000.0,30.0,11306.799999999814,False
A15V9BXNJXZXZX,ns,1,30-1,30.0,1000.0,23.0,5844.0,False
A15V9BXNJXZXZX,ns,1,30-1,30.0,1000.0,26.0,7268.199999999722,False
A15V9BXNJXZXZX,ns,1,30-1,30.0,1000.0,3.0,4562.699999999722,False
A15V9BXNJXZXZX,ns,1,30-1,30.0,1000.0,2.0,3352.5999999996275,False
A15V9BXNJXZXZX,ns,1,30-1,30.0,1000.0,2.0,0.0,True
A15V9BXNJXZXZX,ns,1,30-1,30.0,1000.0,29.0,691.2999999998137,False
A15V9BXNJXZXZX,ns,1,30-1,30.0,1000.0,5.0,397.1999999997206,False
A15V9BXNJXZXZX,ns,1,30-1,30.0,1000.0,1.0,3782.4999999995343,False
A15V9BXNJXZXZX,ns,2,30-1,30.0,1000.0,4.0,213.29999999981374,False
A15V9BXNJXZXZX,ns,2,30-1,30.0,1000.0,29.0,4808.200000000186,False
A15V9BXNJXZXZX,ns,2,30-1,30.0,1000.0,28.0,75753.79999999981,False
A15V9BXNJXZXZX,ns,2,30-1,30.0,1000.0,30.0,0.0,True
A15V9BXNJXZXZX,ns,2,30-1,30.0,1000.0,1.0,3676.3999999994394,False
A15V9BXNJXZXZX,ns,2,30-1,30.0,1000.0,28.0,4280.600000000561,False
A15V9BXNJXZXZX,ns,2,30-1,30.0,1000.0,12.0,2430.2000000001863,False
A15V9BXNJXZXZX,ns,2,30-1,30.0,1000.0,10.0,112.0,False
A15V9BXNJXZXZX,ns,2,30-1,30.0,1000.0,1.0,6582.299999998882,False
A15V9BXNJXZXZX,ns,2,30-1,30.0,1000.0,11.0,3225.0999999996275,False
A15V9BXNJXZXZX,ns,2,30-1,30.0,1000.0,12.0,7479.699999999257,False
A15V9BXNJXZXZX,ns,2,30-1,30.0,1000.0,12.0,3643.2000000011176,False
A15V9BXNJXZXZX,ns,3,30-1,30.0,1000.0,15.0,0.0,True
A15V9BXNJXZXZX,ns,3,30-1,30.0,1000.0,3.0,8605.400000000373,False
A15V9BXNJXZXZX,ns,3,30-1,30.0,1000.0,30.0,6324.199999999255,False
A15V9BXNJXZXZX,ns,3,30-1,30.0,1000.0,28.0,12609.0,False
A15V9BXNJXZXZX,ns,3,30-1,30.0,1000.0,10.0,5038.0999999996275,False
A15V9BXNJXZXZX,ns,3,30-1,30.0,1000.0,30.0,10696.499999999998,False
A15V9BXNJXZXZX,ns,3,30-1,30.0,1000.0,28.0,7126.800000000745,False
A15V9BXNJXZXZX,ns,3,30-1,30.0,1000.0,28.0,5903.0999999996275,False
A15V9BXNJXZXZX,ns,3,30-1,30.0,1000.0,2.0,4933.0999999996275,False
A15V9BXNJXZXZX,ns,4,30-1,30.0,1000.0,1.0,529.5999999991618,False
A15V9BXNJXZXZX,ns,4,30-1,30.0,1000.0,30.0,4020.699999999255,False
A15V9BXNJXZXZX,ns,4,30-1,30.0,1000.0,1.0,10683.199999999255,False
A15V9BXNJXZXZX,ns,4,30-1,30.0,1000.0,30.0,7139.29999999935,False
A15V9BXNJXZXZX,ns,4,30-1,30.0,1000.0,25.0,3459.5999999996275,False
A15V9BXNJXZXZX,ns,4,30-1,30.0,1000.0,29.0,4242.29999999935,False
A15V9BXNJXZXZX,ns,4,30-1,30.0,1000.0,4.0,6244.699999999721,False
A15V9BXNJXZXZX,ns,4,30-1,30.0,1000.0,11.0,14795.799999999814,False
A15V9BXNJXZXZX,ns,4,30-1,30.0,1000.0,7.0,784.5999999986961,False
A15V9BXNJXZXZX,ns,4,30-1,30.0,1000.0,29.0,0.0,True
A15V9BXNJXZXZX,ns,4,30-1,30.0,1000.0,30.0,3338.199999999255,False
A15V9BXNJXZXZX,ns,4,30-1,30.0,1000.0,29.0,1974.9999999990687,False
A161VPQSXLLV8U,ns,1,20-2,20.0,2000.0,1.0,2348.1000000089407,False
A161VPQSXLLV8U,ns,1,20-2,20.0,2000.0,2.0,22065.60000000894,False
A161VPQSXLLV8U,ns,1,20-2,20.0,2000.0,2.0,9523.60000000894,False
A161VPQSXLLV8U,ns,1,20-2,20.0,2000.0,20.0,678.6000000089407,False
A161VPQSXLLV8U,ns,1,20-2,20.0,2000.0,1.0,1037.2000000029802,False
A161VPQSXLLV8U,ns,1,20-2,20.0,2000.0,1.0,240.79999999701977,False
A161VPQSXLLV8U,ns,1,20-2,20.0,2000.0,1.0,7687.4000000059605,False
A161VPQSXLLV8U,ns,1,20-2,20.0,2000.0,1.0,0.0,True
A161VPQSXLLV8U,ns,1,20-2,20.0,2000.0,20.0,2297.6000000089407,False
A161VPQSXLLV8U,ns,2,20-2,20.0,2000.0,1.0,0.0,True
A161VPQSXLLV8U,ns,2,20-2,20.0,2000.0,20.0,7740.700000017881,False
A161VPQSXLLV8U,ns,2,20-2,20.0,2000.0,20.0,6446.800000011921,False
A161VPQSXLLV8U,ns,2,20-2,20.0,2000.0,1.0,16273.09999999404,False
A161VPQSXLLV8U,ns,2,20-2,20.0,2000.0,1.0,17883.80000001192,False
A161VPQSXLLV8U,ns,2,20-2,20.0,2000.0,1.0,26612.000000029802,False
A161VPQSXLLV8U,ns,2,20-2,20.0,2000.0,1.0,8086.400000035763,False
A161VPQSXLLV8U,ns,2,20-2,20.0,2000.0,20.0,5298.200000017881,False
A161VPQSXLLV8U,ns,2,20-2,20.0,2000.0,20.0,2669.800000011921,False
A161VPQSXLLV8U,ns,2,20-2,20.0,2000.0,19.0,5681.199999988079,False
A161VPQSXLLV8U,ns,2,20-2,20.0,2000.0,20.0,3746.2000000178814,False
A161VPQSXLLV8U,ns,3,20-2,20.0,2000.0,1.0,873.1000000005588,False
A161VPQSXLLV8U,ns,3,20-2,20.0,2000.0,2.0,3414.9000000003725,False
A161VPQSXLLV8U,ns,3,20-2,20.0,2000.0,20.0,580.0999999996284,False
A161VPQSXLLV8U,ns,3,20-2,20.0,2000.0,20.0,5543.300000000743,False
A161VPQSXLLV8U,ns,3,20-2,20.0,2000.0,20.0,0.0,True
A161VPQSXLLV8U,ns,3,20-2,20.0,2000.0,20.0,923.8000000007451,False
A161VPQSXLLV8U,ns,3,20-2,20.0,2000.0,1.0,518.6999999992549,False
A161VPQSXLLV8U,ns,3,20-2,20.0,2000.0,20.0,7147.5,False
A161VPQSXLLV8U,ns,3,20-2,20.0,2000.0,1.0,4185.699999999257,False
A161VPQSXLLV8U,ns,3,20-2,20.0,2000.0,19.0,990.9000000003725,False
A161VPQSXLLV8U,ns,3,20-2,20.0,2000.0,1.0,2143.89999999851,False
A161VPQSXLLV8U,ns,3,20-2,20.0,2000.0,20.0,1187.9000000003725,False
A161VPQSXLLV8U,ns,4,20-2,20.0,2000.0,1.0,9813.500000000233,False
A161VPQSXLLV8U,ns,4,20-2,20.0,2000.0,3.0,3665.200000000421,False
A161VPQSXLLV8U,ns,4,20-2,20.0,2000.0,1.0,8735.700000000421,False
A161VPQSXLLV8U,ns,4,20-2,20.0,2000.0,5.0,3626.600000000324,False
A161VPQSXLLV8U,ns,4,20-2,20.0,2000.0,18.0,13197.100000000555,False
A161VPQSXLLV8U,ns,4,20-2,20.0,2000.0,2.0,2711.7000000001863,False
A161VPQSXLLV8U,ns,4,20-2,20.0,2000.0,1.0,1449.9000000003725,False
A161VPQSXLLV8U,ns,4,20-2,20.0,2000.0,1.0,4585.700000000186,False
A161VPQSXLLV8U,ns,4,20-2,20.0,2000.0,2.0,277.00000000046566,False
A161VPQSXLLV8U,ns,4,20-2,20.0,2000.0,2.0,0.0,True
A161VPQSXLLV8U,ns,4,20-2,20.0,2000.0,20.0,663.8000000002794,False
A169XTOCOMO1MV,ns,1,10-2,10.0,2000.0,1.0,1201.0,False
A169XTOCOMO1MV,ns,1,10-2,10.0,2000.0,10.0,2653.5999999940404,False
A169XTOCOMO1MV,ns,1,10-2,10.0,2000.0,10.0,15449.5,False
A169XTOCOMO1MV,ns,1,10-2,10.0,2000.0,10.0,0.0,True
A169XTOCOMO1MV,ns,1,10-2,10.0,2000.0,2.0,4524.9000000059605,False
A169XTOCOMO1MV,ns,1,10-2,10.0,2000.0,7.0,2423.5,False
A169XTOCOMO1MV,ns,1,10-2,10.0,2000.0,1.0,2292.9000000059605,False
A169XTOCOMO1MV,ns,1,10-2,10.0,2000.0,1.0,7607.70000001788,False
A169XTOCOMO1MV,ns,1,10-2,10.0,2000.0,10.0,108.0,False
A169XTOCOMO1MV,ns,1,10-2,10.0,2000.0,4.0,2971.0,False
A169XTOCOMO1MV,ns,2,10-2,10.0,2000.0,1.0,5036.800000011921,False
A169XTOCOMO1MV,ns,2,10-2,10.0,2000.0,10.0,6774.599999994041,False
A169XTOCOMO1MV,ns,2,10-2,10.0,2000.0,1.0,0.0,True
A169XTOCOMO1MV,ns,2,10-2,10.0,2000.0,1.0,497.00000000000045,False
A169XTOCOMO1MV,ns,2,10-2,10.0,2000.0,10.0,6007.5,False
A169XTOCOMO1MV,ns,2,10-2,10.0,2000.0,10.0,2492.300000011921,False
A169XTOCOMO1MV,ns,2,10-2,10.0,2000.0,10.0,4065.0999999940395,False
A169XTOCOMO1MV,ns,2,10-2,10.0,2000.0,1.0,3561.800000011921,False
A169XTOCOMO1MV,ns,2,10-2,10.0,2000.0,1.0,4129.100000023842,False
A169XTOCOMO1MV,ns,3,10-2,10.0,2000.0,1.0,872.5,False
A169XTOCOMO1MV,ns,3,10-2,10.0,2000.0,3.0,1961.0999999940395,False
A169XTOCOMO1MV,ns,3,10-2,10.0,2000.0,2.0,0.0,True
A169XTOCOMO1MV,ns,3,10-2,10.0,2000.0,1.0,1810.0,False
A169XTOCOMO1MV,ns,3,10-2,10.0,2000.0,8.0,1318.5,False
A169XTOCOMO1MV,ns,3,10-2,10.0,2000.0,2.0,7697.0999999940395,False
A169XTOCOMO1MV,ns,3,10-2,10.0,2000.0,1.0,3943.199999988079,False
A169XTOCOMO1MV,ns,3,10-2,10.0,2000.0,1.0,11058.499999999998,False
A169XTOCOMO1MV,ns,4,10-2,10.0,2000.0,2.0,511.2000000476837,False
A169XTOCOMO1MV,ns,4,10-2,10.0,2000.0,2.0,3176.900000035763,False
A169XTOCOMO1MV,ns,4,10-2,10.0,2000.0,5.0,8608.800000011923,False
A169XTOCOMO1MV,ns,4,10-2,10.0,2000.0,1.0,977.0000000596046,False
A169XTOCOMO1MV,ns,4,10-2,10.0,2000.0,10.0,5287.700000047684,False
A169XTOCOMO1MV,ns,4,10-2,10.0,2000.0,10.0,649.5000000596046,False
A169XTOCOMO1MV,ns,4,10-2,10.0,2000.0,10.0,0.0,True
A169XTOCOMO1MV,ns,4,10-2,10.0,2000.0,8.0,645.6000000238419,False
A16GIPTDMJAFTK,ns,1,20-1,20.0,1000.0,19.0,0.0,True
A16GIPTDMJAFTK,ns,1,20-1,20.0,1000.0,20.0,7501.0,False
A16GIPTDMJAFTK,ns,1,20-1,20.0,1000.0,1.0,6420.0,False
A16GIPTDMJAFTK,ns,1,20-1,20.0,1000.0,1.0,5118.0,False
A16GIPTDMJAFTK,ns,1,20-1,20.0,1000.0,20.0,4583.0,False
A16GIPTDMJAFTK,ns,1,20-1,20.0,1000.0,20.0,6721.0,False
A16GIPTDMJAFTK,ns,1,20-1,20.0,1000.0,20.0,4823.0,False
A16GIPTDMJAFTK,ns,1,20-1,20.0,1000.0,3.0,4166.0,False
A16GIPTDMJAFTK,ns,1,20-1,20.0,1000.0,1.0,3253.0,False
A16GIPTDMJAFTK,ns,1,20-1,20.0,1000.0,20.0,2567.0,False
A16GIPTDMJAFTK,ns,2,20-1,20.0,1000.0,2.0,0.0,True
A16GIPTDMJAFTK,ns,2,20-1,20.0,1000.0,17.0,8351.0,False
A16GIPTDMJAFTK,ns,2,20-1,20.0,1000.0,1.0,5167.0,False
A16GIPTDMJAFTK,ns,2,20-1,20.0,1000.0,1.0,2340.0,False
A16GIPTDMJAFTK,ns,2,20-1,20.0,1000.0,3.0,8533.0,False
A16GIPTDMJAFTK,ns,2,20-1,20.0,1000.0,1.0,2830.0,False
A16GIPTDMJAFTK,ns,2,20-1,20.0,1000.0,2.0,38046.0,False
A16GIPTDMJAFTK,ns,2,20-1,20.0,1000.0,18.0,2103.0,False
A16GIPTDMJAFTK,ns,2,20-1,20.0,1000.0,19.0,3790.0,False
A16GIPTDMJAFTK,ns,3,20-1,20.0,1000.0,2.0,0.0,True
A16GIPTDMJAFTK,ns,3,20-1,20.0,1000.0,2.0,2696.0,False
A16GIPTDMJAFTK,ns,3,20-1,20.0,1000.0,2.0,2283.0,False
A16GIPTDMJAFTK,ns,3,20-1,20.0,1000.0,1.0,4501.0,False
A16GIPTDMJAFTK,ns,3,20-1,20.0,1000.0,3.0,3290.0,False
A16GIPTDMJAFTK,ns,3,20-1,20.0,1000.0,2.0,3279.0,False
A16GIPTDMJAFTK,ns,3,20-1,20.0,1000.0,4.0,5885.0,False
A16GIPTDMJAFTK,ns,3,20-1,20.0,1000.0,1.0,4755.0,False
A16GIPTDMJAFTK,ns,3,20-1,20.0,1000.0,17.0,3202.0,False
A16GIPTDMJAFTK,ns,3,20-1,20.0,1000.0,20.0,3305.0,False
A16GIPTDMJAFTK,ns,3,20-1,20.0,1000.0,20.0,2059.0,False
A16GIPTDMJAFTK,ns,4,20-1,20.0,1000.0,20.0,4323.0,False
A16GIPTDMJAFTK,ns,4,20-1,20.0,1000.0,20.0,2775.0,False
A16GIPTDMJAFTK,ns,4,20-1,20.0,1000.0,20.0,2820.0,False
A16GIPTDMJAFTK,ns,4,20-1,20.0,1000.0,20.0,3226.0,False
A16GIPTDMJAFTK,ns,4,20-1,20.0,1000.0,19.0,2339.0,False
A16GIPTDMJAFTK,ns,4,20-1,20.0,1000.0,18.0,1186.0,False
A16GIPTDMJAFTK,ns,4,20-1,20.0,1000.0,19.0,0.0,True
A16GIPTDMJAFTK,ns,4,20-1,20.0,1000.0,19.0,284.0,False
A16GIPTDMJAFTK,ns,4,20-1,20.0,1000.0,20.0,841.0,False
A16GIPTDMJAFTK,ns,4,20-1,20.0,1000.0,20.0,1451.0,False
A18NXRDHQ0ZSOY,ns,1,10-2,10.0,2000.0,10.0,0.0,True
A18NXRDHQ0ZSOY,ns,1,10-2,10.0,2000.0,5.0,9054.799999952316,False
A18NXRDHQ0ZSOY,ns,1,10-2,10.0,2000.0,2.0,24.299999952316284,False
A18NXRDHQ0ZSOY,ns,1,10-2,10.0,2000.0,1.0,2444.199999809265,False
A18NXRDHQ0ZSOY,ns,1,10-2,10.0,2000.0,1.0,535.1999998092651,False
A18NXRDHQ0ZSOY,ns,1,10-2,10.0,2000.0,10.0,832.9999997615814,False
A18NXRDHQ0ZSOY,ns,1,10-2,10.0,2000.0,1.0,890.0999999046326,False
A18NXRDHQ0ZSOY,ns,2,10-2,10.0,2000.0,6.0,0.0,True
A18NXRDHQ0ZSOY,ns,2,10-2,10.0,2000.0,2.0,5190.5,False
A18NXRDHQ0ZSOY,ns,2,10-2,10.0,2000.0,2.0,5883.0,False
A18NXRDHQ0ZSOY,ns,2,10-2,10.0,2000.0,1.0,7433.5,False
A18NXRDHQ0ZSOY,ns,2,10-2,10.0,2000.0,10.0,2272.1000001430507,False
A18NXRDHQ0ZSOY,ns,2,10-2,10.0,2000.0,10.0,2892.299999952316,False
A18NXRDHQ0ZSOY,ns,2,10-2,10.0,2000.0,5.0,6159.799999952316,False
A18NXRDHQ0ZSOY,ns,3,10-2,10.0,2000.0,8.0,0.0,True
A18NXRDHQ0ZSOY,ns,3,10-2,10.0,2000.0,10.0,5147.200000047684,False
A18NXRDHQ0ZSOY,ns,3,10-2,10.0,2000.0,2.0,2202.399999856949,False
A18NXRDHQ0ZSOY,ns,3,10-2,10.0,2000.0,2.0,11379.399999856949,False
A18NXRDHQ0ZSOY,ns,3,10-2,10.0,2000.0,3.0,6740.999999761581,False
A18NXRDHQ0ZSOY,ns,3,10-2,10.0,2000.0,1.0,2653.7999999523163,False
A18NXRDHQ0ZSOY,ns,3,10-2,10.0,2000.0,10.0,2263.899999856949,False
A18NXRDHQ0ZSOY,ns,3,10-2,10.0,2000.0,1.0,9317.599999904633,False
A18NXRDHQ0ZSOY,ns,3,10-2,10.0,2000.0,4.0,2426.7000000476837,False
A18NXRDHQ0ZSOY,ns,3,10-2,10.0,2000.0,10.0,1095.5,False
A18NXRDHQ0ZSOY,ns,4,10-2,10.0,2000.0,6.0,0.0,True
A18NXRDHQ0ZSOY,ns,4,10-2,10.0,2000.0,10.0,2115.2000000476837,False
A18NXRDHQ0ZSOY,ns,4,10-2,10.0,2000.0,6.0,4153.700000047684,False
A18NXRDHQ0ZSOY,ns,4,10-2,10.0,2000.0,10.0,1553.8000001907349,False
A18NXRDHQ0ZSOY,ns,4,10-2,10.0,2000.0,10.0,3837.9000000953674,False
A18NXRDHQ0ZSOY,ns,4,10-2,10.0,2000.0,5.0,9800.400000095367,False
A18NXRDHQ0ZSOY,ns,4,10-2,10.0,2000.0,10.0,1753.2000000476837,False
A18NXRDHQ0ZSOY,ns,4,10-2,10.0,2000.0,5.0,2789.600000143051,False
A18NXRDHQ0ZSOY,ns,4,10-2,10.0,2000.0,9.0,1979.5999999046326,False
A18NXRDHQ0ZSOY,ns,4,10-2,10.0,2000.0,10.0,1456.2000000476837,False
A19X8IA9EKC3XH,ns,1,15-2,15.0,2000.0,1.0,378.60000002384186,False
A19X8IA9EKC3XH,ns,1,15-2,15.0,2000.0,1.0,2831.3000000417233,False
A19X8IA9EKC3XH,ns,1,15-2,15.0,2000.0,9.0,985.6000000238419,False
A19X8IA9EKC3XH,ns,1,15-2,15.0,2000.0,11.0,673.2000000476837,False
A19X8IA9EKC3XH,ns,1,15-2,15.0,2000.0,9.0,1803.5000000298023,False
A19X8IA9EKC3XH,ns,1,15-2,15.0,2000.0,11.0,2437.7000000476837,False
A19X8IA9EKC3XH,ns,1,15-2,15.0,2000.0,8.0,919.8000000119209,False
A19X8IA9EKC3XH,ns,1,15-2,15.0,2000.0,13.0,577.1000000238419,False
A19X8IA9EKC3XH,ns,1,15-2,15.0,2000.0,11.0,1657.800000011921,False
A19X8IA9EKC3XH,ns,1,15-2,15.0,2000.0,12.0,1825.3000000417233,False
A19X8IA9EKC3XH,ns,1,15-2,15.0,2000.0,11.0,3067.400000035763,False
A19X8IA9EKC3XH,ns,1,15-2,15.0,2000.0,15.0,0.0,True
A19X8IA9EKC3XH,ns,2,15-2,15.0,2000.0,9.0,3060.5000000000005,False
A19X8IA9EKC3XH,ns,2,15-2,15.0,2000.0,8.0,1325.0,False
A19X8IA9EKC3XH,ns,2,15-2,15.0,2000.0,12.0,1562.0,False
A19X8IA9EKC3XH,ns,2,15-2,15.0,2000.0,10.0,1908.7000000029807,False
A19X8IA9EKC3XH,ns,2,15-2,15.0,2000.0,11.0,5694.9000000059605,False
A19X8IA9EKC3XH,ns,2,15-2,15.0,2000.0,11.0,1426.0999999940404,False
A19X8IA9EKC3XH,ns,2,15-2,15.0,2000.0,12.0,4268.899999991061,False
A19X8IA9EKC3XH,ns,2,15-2,15.0,2000.0,11.0,717.1999999880804,False
A19X8IA9EKC3XH,ns,2,15-2,15.0,2000.0,10.0,0.0,True
A19X8IA9EKC3XH,ns,2,15-2,15.0,2000.0,13.0,1240.0,False
A19X8IA9EKC3XH,ns,2,15-2,15.0,2000.0,11.0,435.7999999970202,False
A19X8IA9EKC3XH,ns,3,15-2,15.0,2000.0,10.0,798.5000000298023,False
A19X8IA9EKC3XH,ns,3,15-2,15.0,2000.0,11.0,1303.5,False
A19X8IA9EKC3XH,ns,3,15-2,15.0,2000.0,11.0,5381.200000017881,False
A19X8IA9EKC3XH,ns,3,15-2,15.0,2000.0,12.0,0.0,True
A19X8IA9EKC3XH,ns,3,15-2,15.0,2000.0,11.0,5402.299999982119,False
A19X8IA9EKC3XH,ns,3,15-2,15.0,2000.0,11.0,2505.5999999940395,False
A19X8IA9EKC3XH,ns,3,15-2,15.0,2000.0,11.0,2735.800000011921,False
A19X8IA9EKC3XH,ns,3,15-2,15.0,2000.0,11.0,1022.4000000059605,False
A19X8IA9EKC3XH,ns,3,15-2,15.0,2000.0,11.0,8622.099999994041,False
A19X8IA9EKC3XH,ns,3,15-2,15.0,2000.0,11.0,2292.699999988079,False
A19X8IA9EKC3XH,ns,4,15-2,15.0,2000.0,8.0,2655.100000023842,False
A19X8IA9EKC3XH,ns,4,15-2,15.0,2000.0,11.0,1303.1000000238419,False
A19X8IA9EKC3XH,ns,4,15-2,15.0,2000.0,11.0,16338.399999976162,False
A19X8IA9EKC3XH,ns,4,15-2,15.0,2000.0,10.0,596.7000000476837,False
A19X8IA9EKC3XH,ns,4,15-2,15.0,2000.0,11.0,770.6999999880791,False
A19X8IA9EKC3XH,ns,4,15-2,15.0,2000.0,11.0,593.3000000119209,False
A19X8IA9EKC3XH,ns,4,15-2,15.0,2000.0,11.0,557.9000000357628,False
A19X8IA9EKC3XH,ns,4,15-2,15.0,2000.0,11.0,942.5,False
A19X8IA9EKC3XH,ns,4,15-2,15.0,2000.0,11.0,0.0,True
A19X8IA9EKC3XH,ns,4,15-2,15.0,2000.0,10.0,1369.6000000238419,False
A19X8IA9EKC3XH,ns,4,15-2,15.0,2000.0,11.0,567.9000000357628,False
A19X8IA9EKC3XH,ns,4,15-2,15.0,2000.0,11.0,3757.5000000596046,False
A1AKL5YH9NLD2V,ns,1,10-2,10.0,2000.0,5.0,669.5000000000002,False
A1AKL5YH9NLD2V,ns,1,10-2,10.0,2000.0,9.0,1277.5000000000002,False
A1AKL5YH9NLD2V,ns,1,10-2,10.0,2000.0,7.0,257.39999999944143,False
A1AKL5YH9NLD2V,ns,1,10-2,10.0,2000.0,6.0,754.299999999814,False
A1AKL5YH9NLD2V,ns,1,10-2,10.0,2000.0,7.0,2997.100000000559,False
A1AKL5YH9NLD2V,ns,1,10-2,10.0,2000.0,7.0,1035.799999999814,False
A1AKL5YH9NLD2V,ns,1,10-2,10.0,2000.0,8.0,1429.299999999814,False
A1AKL5YH9NLD2V,ns,1,10-2,10.0,2000.0,5.0,102.1000000005588,False
A1AKL5YH9NLD2V,ns,1,10-2,10.0,2000.0,6.0,553.3999999994414,False
A1AKL5YH9NLD2V,ns,1,10-2,10.0,2000.0,5.0,0.0,True
A1AKL5YH9NLD2V,ns,1,10-2,10.0,2000.0,5.0,1449.299999999814,False
A1AKL5YH9NLD2V,ns,1,10-2,10.0,2000.0,6.0,1095.5999999996277,False
A1AKL5YH9NLD2V,ns,2,10-2,10.0,2000.0,7.0,589.0999999996275,False
A1AKL5YH9NLD2V,ns,2,10-2,10.0,2000.0,6.0,1972.9999999981364,False
A1AKL5YH9NLD2V,ns,2,10-2,10.0,2000.0,7.0,561.1999999992549,False
A1AKL5YH9NLD2V,ns,2,10-2,10.0,2000.0,5.0,633.3999999985099,False
A1AKL5YH9NLD2V,ns,2,10-2,10.0,2000.0,7.0,166.29999999888287,False
A1AKL5YH9NLD2V,ns,2,10-2,10.0,2000.0,7.0,207.19999999925494,False
A1AKL5YH9NLD2V,ns,2,10-2,10.0,2000.0,7.0,621.7999999988824,False
A1AKL5YH9NLD2V,ns,2,10-2,10.0,2000.0,7.0,0.0,True
A1AKL5YH9NLD2V,ns,2,10-2,10.0,2000.0,7.0,574.9999999981374,False
A1AKL5YH9NLD2V,ns,2,10-2,10.0,2000.0,7.0,186.89999999850988,False
A1AKL5YH9NLD2V,ns,2,10-2,10.0,2000.0,7.0,516.0999999996275,False
A1AKL5YH9NLD2V,ns,2,10-2,10.0,2000.0,7.0,1849.699999999255,False
A1AKL5YH9NLD2V,ns,3,10-2,10.0,2000.0,4.0,1666.9000000003728,False
A1AKL5YH9NLD2V,ns,3,10-2,10.0,2000.0,4.0,985.0000000000002,False
A1AKL5YH9NLD2V,ns,3,10-2,10.0,2000.0,4.0,995.0999999996277,False
A1AKL5YH9NLD2V,ns,3,10-2,10.0,2000.0,4.0,147.0999999996277,False
A1AKL5YH9NLD2V,ns,3,10-2,10.0,2000.0,6.0,558.6999999992556,False
A1AKL5YH9NLD2V,ns,3,10-2,10.0,2000.0,4.0,835.6999999992552,False
A1AKL5YH9NLD2V,ns,3,10-2,10.0,2000.0,4.0,224.0,False
A1AKL5YH9NLD2V,ns,3,10-2,10.0,2000.0,6.0,423.5,False
A1AKL5YH9NLD2V,ns,3,10-2,10.0,2000.0,6.0,519.4999999981374,False
A1AKL5YH9NLD2V,ns,3,10-2,10.0,2000.0,6.0,0.0,True
A1AKL5YH9NLD2V,ns,3,10-2,10.0,2000.0,6.0,681.7999999988826,False
A1AKL5YH9NLD2V,ns,3,10-2,10.0,2000.0,6.0,308.0999999996277,False
A1AKL5YH9NLD2V,ns,4,10-2,10.0,2000.0,5.0,515.4000000003723,False
A1AKL5YH9NLD2V,ns,4,10-2,10.0,2000.0,5.0,1021.1000000014899,False
A1AKL5YH9NLD2V,ns,4,10-2,10.0,2000.0,5.0,281.59999999962724,False
A1AKL5YH9NLD2V,ns,4,10-2,10.0,2000.0,5.0,715.9000000003723,False
A1AKL5YH9NLD2V,ns,4,10-2,10.0,2000.0,5.0,0.0,True
A1AKL5YH9NLD2V,ns,4,10-2,10.0,2000.0,5.0,381.70000000111736,False
A1AKL5YH9NLD2V,ns,4,10-2,10.0,2000.0,5.0,301.5,False
A1AKL5YH9NLD2V,ns,4,10-2,10.0,2000.0,5.0,272.6000000014899,False
A1AKL5YH9NLD2V,ns,4,10-2,10.0,2000.0,5.0,1787.7999999988822,False
A1AKL5YH9NLD2V,ns,4,10-2,10.0,2000.0,5.0,284.3000000007446,False
A1AS1H21O9896X,ns,1,30-1,30.0,1000.0,3.0,1619.6000000238419,False
A1AS1H21O9896X,ns,1,30-1,30.0,1000.0,1.0,38118.70000001788,False
A1AS1H21O9896X,ns,1,30-1,30.0,1000.0,1.0,4325.000000000002,False
A1AS1H21O9896X,ns,1,30-1,30.0,1000.0,2.0,31986.30000001192,False
A1AS1H21O9896X,ns,1,30-1,30.0,1000.0,3.0,3084.80000001192,False
A1AS1H21O9896X,ns,1,30-1,30.0,1000.0,2.0,912.8000000119218,False
A1AS1H21O9896X,ns,1,30-1,30.0,1000.0,2.0,361.0000000298023,False
A1AS1H21O9896X,ns,1,30-1,30.0,1000.0,2.0,3162.900000035763,False
A1AS1H21O9896X,ns,1,30-1,30.0,1000.0,27.0,1236.7000000178814,False
A1AS1H21O9896X,ns,1,30-1,30.0,1000.0,4.0,3740.400000035763,False
A1AS1H21O9896X,ns,1,30-1,30.0,1000.0,13.0,7004.600000023842,False
A1AS1H21O9896X,ns,1,30-1,30.0,1000.0,29.0,0.0,True
A1AS1H21O9896X,ns,2,30-1,30.0,1000.0,1.0,0.0,True
A1AS1H21O9896X,ns,2,30-1,30.0,1000.0,1.0,3213.0999999046326,False
A1AS1H21O9896X,ns,2,30-1,30.0,1000.0,5.0,4827.699999928474,False
A1AS1H21O9896X,ns,2,30-1,30.0,1000.0,29.0,526.4000000953674,False
A1AS1H21O9896X,ns,2,30-1,30.0,1000.0,3.0,3177.2000000476837,False
A1AS1H21O9896X,ns,2,30-1,30.0,1000.0,27.0,7159.5,False
A1AS1H21O9896X,ns,2,30-1,30.0,1000.0,8.0,3871.8000000715256,False
A1AS1H21O9896X,ns,2,30-1,30.0,1000.0,3.0,8677.100000023842,False
A1AS1H21O9896X,ns,3,30-1,30.0,1000.0,3.0,0.0,True
A1AS1H21O9896X,ns,3,30-1,30.0,1000.0,2.0,5480.300000071526,False
A1AS1H21O9896X,ns,3,30-1,30.0,1000.0,26.0,9641.199999928474,False
A1AS1H21O9896X,ns,3,30-1,30.0,1000.0,1.0,9152.0,False
A1AS1H21O9896X,ns,3,30-1,30.0,1000.0,4.0,34441.60000002384,False
A1AS1H21O9896X,ns,3,30-1,30.0,1000.0,5.0,9702.099999904633,False
A1AS1H21O9896X,ns,3,30-1,30.0,1000.0,2.0,11714.0,False
A1AS1H21O9896X,ns,3,30-1,30.0,1000.0,12.0,7470.899999976158,False
A1AS1H21O9896X,ns,3,30-1,30.0,1000.0,1.0,3583.100000023842,False
A1AS1H21O9896X,ns,4,30-1,30.0,1000.0,1.0,6790.100000023842,False
A1AS1H21O9896X,ns,4,30-1,30.0,1000.0,29.0,4623.600000143051,False
A1AS1H21O9896X,ns,4,30-1,30.0,1000.0,30.0,1358.4000000953674,False
A1AS1H21O9896X,ns,4,30-1,30.0,1000.0,30.0,0.0,True
A1AS1H21O9896X,ns,4,30-1,30.0,1000.0,27.0,1788.7000000476837,False
A1AS1H21O9896X,ns,4,30-1,30.0,1000.0,3.0,1850.1000000238419,False
A1AS1H21O9896X,ns,4,30-1,30.0,1000.0,30.0,3303.4000000953674,False
A1CKIYN01NV9GJ,ns,1,20-1,20.0,1000.0,13.0,13.100000023842313,False
A1CKIYN01NV9GJ,ns,1,20-1,20.0,1000.0,4.0,2537.5999999046326,False
A1CKIYN01NV9GJ,ns,1,20-1,20.0,1000.0,20.0,1591.3999999761581,False
A1CKIYN01NV9GJ,ns,1,20-1,20.0,1000.0,19.0,1002.3999999761581,False
A1CKIYN01NV9GJ,ns,1,20-1,20.0,1000.0,16.0,729.5999999046326,False
A1CKIYN01NV9GJ,ns,1,20-1,20.0,1000.0,18.0,403.7999999523163,False
A1CKIYN01NV9GJ,ns,1,20-1,20.0,1000.0,17.0,1508.7999999523163,False
A1CKIYN01NV9GJ,ns,1,20-1,20.0,1000.0,14.0,2288.5,False
A1CKIYN01NV9GJ,ns,1,20-1,20.0,1000.0,19.0,1796.8999999761581,False
A1CKIYN01NV9GJ,ns,1,20-1,20.0,1000.0,6.0,456.6999999284744,False
A1CKIYN01NV9GJ,ns,1,20-1,20.0,1000.0,1.0,0.0,True
A1CKIYN01NV9GJ,ns,1,20-1,20.0,1000.0,13.0,275.7000000476837,False
A1CKIYN01NV9GJ,ns,2,20-1,20.0,1000.0,18.0,316.3000001907353,False
A1CKIYN01NV9GJ,ns,2,20-1,20.0,1000.0,17.0,0.0,True
A1CKIYN01NV9GJ,ns,2,20-1,20.0,1000.0,19.0,2966.2000000476837,False
A1CKIYN01NV9GJ,ns,2,20-1,20.0,1000.0,5.0,3475.5000002384186,False
A1CKIYN01NV9GJ,ns,2,20-1,20.0,1000.0,16.0,593.6000001430511,False
A1CKIYN01NV9GJ,ns,2,20-1,20.0,1000.0,12.0,1618.7000000476842,False
A1CKIYN01NV9GJ,ns,2,20-1,20.0,1000.0,14.0,3091.2000000476837,False
A1CKIYN01NV9GJ,ns,2,20-1,20.0,1000.0,17.0,868.1000001430511,False
A1CKIYN01NV9GJ,ns,2,20-1,20.0,1000.0,16.0,4525.400000333786,False
A1CKIYN01NV9GJ,ns,2,20-1,20.0,1000.0,9.0,1269.2000002861023,False
A1CKIYN01NV9GJ,ns,2,20-1,20.0,1000.0,1.0,2419.0,False
A1CKIYN01NV9GJ,ns,2,20-1,20.0,1000.0,9.0,5431.200000047684,False
A1E0K2VGY2684V,ns,1,15-2,15.0,2000.0,4.0,36811.0,False
A1E0K2VGY2684V,ns,1,15-2,15.0,2000.0,4.0,0.0,True
A1E0K2VGY2684V,ns,1,15-2,15.0,2000.0,1.0,1518.0,False
A1E0K2VGY2684V,ns,2,15-2,15.0,2000.0,2.0,2379.0,False
A1E0K2VGY2684V,ns,2,15-2,15.0,2000.0,2.0,4517.0,False
A1E0K2VGY2684V,ns,2,15-2,15.0,2000.0,1.0,4396.0,False
A1E0K2VGY2684V,ns,2,15-2,15.0,2000.0,1.0,17194.0,False
A1E0K2VGY2684V,ns,2,15-2,15.0,2000.0,15.0,5232.0,False
A1E0K2VGY2684V,ns,2,15-2,15.0,2000.0,15.0,3027.0,False
A1E0K2VGY2684V,ns,2,15-2,15.0,2000.0,1.0,2587.0,False
A1E0K2VGY2684V,ns,2,15-2,15.0,2000.0,14.0,1648.0,False
A1E0K2VGY2684V,ns,2,15-2,15.0,2000.0,1.0,0.0,True
A1E0K2VGY2684V,ns,2,15-2,15.0,2000.0,1.0,1599.0,False
A1E0K2VGY2684V,ns,3,15-2,15.0,2000.0,14.0,2372.0,False
A1E0K2VGY2684V,ns,3,15-2,15.0,2000.0,5.0,3312.0,False
A1E0K2VGY2684V,ns,3,15-2,15.0,2000.0,1.0,5416.0,False
A1E0K2VGY2684V,ns,3,15-2,15.0,2000.0,2.0,1051.0,False
A1E0K2VGY2684V,ns,3,15-2,15.0,2000.0,15.0,2249.0,False
A1E0K2VGY2684V,ns,3,15-2,15.0,2000.0,14.0,3334.0,False
A1E0K2VGY2684V,ns,3,15-2,15.0,2000.0,13.0,0.0,True
A1E0K2VGY2684V,ns,4,15-2,15.0,2000.0,4.0,7496.0,False
A1E0K2VGY2684V,ns,4,15-2,15.0,2000.0,15.0,20525.0,False
A1E0K2VGY2684V,ns,4,15-2,15.0,2000.0,15.0,0.0,True
A1E0K2VGY2684V,ns,4,15-2,15.0,2000.0,4.0,48103.0,False
A1E0K2VGY2684V,ns,4,15-2,15.0,2000.0,1.0,44209.0,False
A1E0K2VGY2684V,ns,4,15-2,15.0,2000.0,15.0,18397.0,False
A1E0K2VGY2684V,ns,4,15-2,15.0,2000.0,15.0,3335.0,False
A1E0K2VGY2684V,ns,4,15-2,15.0,2000.0,7.0,7985.0,False
A1E0K2VGY2684V,ns,4,15-2,15.0,2000.0,5.0,5163.0,False
A1E0K2VGY2684V,ns,4,15-2,15.0,2000.0,14.0,22775.0,False
A1E0K2VGY2684V,ns,4,15-2,15.0,2000.0,2.0,12139.0,False
A1F0R1MSPTXHHV,ns,1,10-2,10.0,2000.0,2.0,6060.100000143051,False
A1F0R1MSPTXHHV,ns,1,10-2,10.0,2000.0,1.0,3095.7000000476837,False
A1F0R1MSPTXHHV,ns,1,10-2,10.0,2000.0,3.0,1654.5,False
A1F0R1MSPTXHHV,ns,1,10-2,10.0,2000.0,1.0,1711.2000000476837,False
A1F0R1MSPTXHHV,ns,1,10-2,10.0,2000.0,10.0,919.4000000953674,False
A1F0R1MSPTXHHV,ns,1,10-2,10.0,2000.0,10.0,285.40000009536743,False
A1F0R1MSPTXHHV,ns,1,10-2,10.0,2000.0,8.0,0.0,True
A1F0R1MSPTXHHV,ns,1,10-2,10.0,2000.0,10.0,3750.0,False
A1F0R1MSPTXHHV,ns,2,10-2,10.0,2000.0,9.0,0.0,True
A1F0R1MSPTXHHV,ns,2,10-2,10.0,2000.0,9.0,7630.800000190735,False
A1F0R1MSPTXHHV,ns,2,10-2,10.0,2000.0,9.0,1753.9000000953674,False
A1F0R1MSPTXHHV,ns,2,10-2,10.0,2000.0,8.0,3014.7000002861023,False
A1F0R1MSPTXHHV,ns,2,10-2,10.0,2000.0,10.0,3439.000000476837,False
A1F0R1MSPTXHHV,ns,2,10-2,10.0,2000.0,6.0,2915.7000002861023,False
A1F0R1MSPTXHHV,ns,2,10-2,10.0,2000.0,9.0,3790.6000003814697,False
A1F0R1MSPTXHHV,ns,2,10-2,10.0,2000.0,10.0,2644.2000002861023,False
A1F0R1MSPTXHHV,ns,2,10-2,10.0,2000.0,1.0,3849.9000005722046,False
A1F0R1MSPTXHHV,ns,3,10-2,10.0,2000.0,3.0,23.19999998807907,False
A1F0R1MSPTXHHV,ns,3,10-2,10.0,2000.0,3.0,2810.2999999821186,False
A1F0R1MSPTXHHV,ns,3,10-2,10.0,2000.0,1.0,0.0,True
A1F0R1MSPTXHHV,ns,3,10-2,10.0,2000.0,2.0,15812.399999976158,False
A1F0R1MSPTXHHV,ns,3,10-2,10.0,2000.0,2.0,16094.199999988079,False
A1F0R1MSPTXHHV,ns,3,10-2,10.0,2000.0,2.0,16547.5,False
A1F0R1MSPTXHHV,ns,3,10-2,10.0,2000.0,1.0,19423.90000000596,False
A1F0R1MSPTXHHV,ns,3,10-2,10.0,2000.0,1.0,27728.099999964237,False
A1F0R1MSPTXHHV,ns,3,10-2,10.0,2000.0,2.0,19083.5,False
A1F0R1MSPTXHHV,ns,3,10-2,10.0,2000.0,3.0,19166.79999998212,False
A1F0R1MSPTXHHV,ns,4,10-2,10.0,2000.0,1.0,3228.399999856949,False
A1F0R1MSPTXHHV,ns,4,10-2,10.0,2000.0,2.0,0.0,True
A1F0R1MSPTXHHV,ns,4,10-2,10.0,2000.0,2.0,8187.599999904633,False
A1F0R1MSPTXHHV,ns,4,10-2,10.0,2000.0,2.0,10137.99999988079,False
A1F0R1MSPTXHHV,ns,4,10-2,10.0,2000.0,2.0,15276.299999952316,False
A1F0R1MSPTXHHV,ns,4,10-2,10.0,2000.0,3.0,1253.9999998807907,False
A1F0R1MSPTXHHV,ns,4,10-2,10.0,2000.0,5.0,4713.799999952316,False
A1F0VEHWK3IAF4,ns,1,40-1,40.0,1000.0,6.0,0.0,True
A1F0VEHWK3IAF4,ns,1,40-1,40.0,1000.0,1.0,2023.7000000476837,False
A1F0VEHWK3IAF4,ns,1,40-1,40.0,1000.0,9.0,5080.200000047684,False
A1F0VEHWK3IAF4,ns,1,40-1,40.0,1000.0,36.0,7403.299999952316,False
A1F0VEHWK3IAF4,ns,1,40-1,40.0,1000.0,1.0,3074.7000000476837,False
A1F0VEHWK3IAF4,ns,1,40-1,40.0,1000.0,32.0,11155.200000047684,False
A1F0VEHWK3IAF4,ns,1,40-1,40.0,1000.0,37.0,3461.2000000476837,False
A1F0VEHWK3IAF4,ns,1,40-1,40.0,1000.0,32.0,813.6000001430511,False
A1F0VEHWK3IAF4,ns,2,40-1,40.0,1000.0,3.0,3052.5999999046326,False
A1F0VEHWK3IAF4,ns,2,40-1,40.0,1000.0,2.0,2748.4000000953693,False
A1F0VEHWK3IAF4,ns,2,40-1,40.0,1000.0,40.0,9824.599999904633,False
A1F0VEHWK3IAF4,ns,2,40-1,40.0,1000.0,9.0,35498.59999990463,False
A1F0VEHWK3IAF4,ns,2,40-1,40.0,1000.0,17.0,4865.5,False
A1F0VEHWK3IAF4,ns,2,40-1,40.0,1000.0,15.0,788.9000000953674,False
A1F0VEHWK3IAF4,ns,2,40-1,40.0,1000.0,3.0,0.0,True
A1F0VEHWK3IAF4,ns,2,40-1,40.0,1000.0,2.0,10490.0,False
A1F0VEHWK3IAF4,ns,2,40-1,40.0,1000.0,34.0,3184.9000000953693,False
A1F0VEHWK3IAF4,ns,2,40-1,40.0,1000.0,2.0,9026.5,False
A1F0VEHWK3IAF4,ns,3,40-1,40.0,1000.0,3.0,0.0,True
A1F0VEHWK3IAF4,ns,3,40-1,40.0,1000.0,1.0,1364.000000000001,False
A1F0VEHWK3IAF4,ns,3,40-1,40.0,1000.0,1.0,3346.300000011922,False
A1F0VEHWK3IAF4,ns,3,40-1,40.0,1000.0,40.0,8082.199999988082,False
A1F0VEHWK3IAF4,ns,3,40-1,40.0,1000.0,1.0,14747.000000029799,False
A1F0VEHWK3IAF4,ns,3,40-1,40.0,1000.0,9.0,11823.0,False
A1F0VEHWK3IAF4,ns,3,40-1,40.0,1000.0,2.0,5531.000000000001,False
A1F0VEHWK3IAF4,ns,4,40-1,40.0,1000.0,14.0,1176.8000000715256,False
A1F0VEHWK3IAF4,ns,4,40-1,40.0,1000.0,1.0,2049.7000000476837,False
A1F0VEHWK3IAF4,ns,4,40-1,40.0,1000.0,38.0,0.0,True
A1F0VEHWK3IAF4,ns,4,40-1,40.0,1000.0,2.0,878.6000000238419,False
A1F0VEHWK3IAF4,ns,4,40-1,40.0,1000.0,39.0,1314.3999999761581,False
A1F0VEHWK3IAF4,ns,4,40-1,40.0,1000.0,8.0,3066.1999999284744,False
A1F0VEHWK3IAF4,ns,4,40-1,40.0,1000.0,4.0,2677.600000023842,False
A1F0VEHWK3IAF4,ns,4,40-1,40.0,1000.0,5.0,5633.200000047684,False
A1F0VEHWK3IAF4,ns,4,40-1,40.0,1000.0,9.0,4143.5,False
A1FM638CHGPC1M,ns,1,20-2,20.0,2000.0,2.0,450.19999998807907,False
A1FM638CHGPC1M,ns,1,20-2,20.0,2000.0,1.0,1558.8999999761581,False
A1FM638CHGPC1M,ns,1,20-2,20.0,2000.0,3.0,661.8999999761581,False
A1FM638CHGPC1M,ns,1,20-2,20.0,2000.0,1.0,184.0999999642372,False
A1FM638CHGPC1M,ns,1,20-2,20.0,2000.0,1.0,0.0,True
A1FM638CHGPC1M,ns,1,20-2,20.0,2000.0,1.0,3368.2999999523163,False
A1FM638CHGPC1M,ns,1,20-2,20.0,2000.0,1.0,2914.599999964237,False
A1FM638CHGPC1M,ns,2,20-2,20.0,2000.0,1.0,0.0,True
A1FM638CHGPC1M,ns,2,20-2,20.0,2000.0,20.0,1808.2000000476833,False
A1FM638CHGPC1M,ns,2,20-2,20.0,2000.0,20.0,5750.299999952316,False
A1FM638CHGPC1M,ns,2,20-2,20.0,2000.0,20.0,2068.3999999761577,False
A1FM638CHGPC1M,ns,2,20-2,20.0,2000.0,1.0,3763.599999904632,False
A1FM638CHGPC1M,ns,2,20-2,20.0,2000.0,1.0,5141.199999928474,False
A1FM638CHGPC1M,ns,2,20-2,20.0,2000.0,19.0,317.19999992847397,False
A1FM638CHGPC1M,ns,2,20-2,20.0,2000.0,20.0,4921.399999976158,False
A1FM638CHGPC1M,ns,2,20-2,20.0,2000.0,17.0,1212.4999999999995,False
A1FM638CHGPC1M,ns,3,20-2,20.0,2000.0,1.0,3597.8000000715256,False
A1FM638CHGPC1M,ns,3,20-2,20.0,2000.0,1.0,6279.900000095367,False
A1FM638CHGPC1M,ns,3,20-2,20.0,2000.0,1.0,4104.800000071526,False
A1FM638CHGPC1M,ns,3,20-2,20.0,2000.0,20.0,3010.399999976158,False
A1FM638CHGPC1M,ns,3,20-2,20.0,2000.0,19.0,867.0,False
A1FM638CHGPC1M,ns,3,20-2,20.0,2000.0,20.0,3851.100000023842,False
A1FM638CHGPC1M,ns,3,20-2,20.0,2000.0,19.0,496.39999997615814,False
A1FM638CHGPC1M,ns,3,20-2,20.0,2000.0,20.0,1682.4000000953674,False
A1FM638CHGPC1M,ns,3,20-2,20.0,2000.0,20.0,5005.100000143051,False
A1FM638CHGPC1M,ns,3,20-2,20.0,2000.0,20.0,4072.8000000715256,False
A1FM638CHGPC1M,ns,3,20-2,20.0,2000.0,20.0,0.0,True
A1FM638CHGPC1M,ns,4,20-2,20.0,2000.0,19.0,0.0,True
A1FM638CHGPC1M,ns,4,20-2,20.0,2000.0,1.0,13332.20000000298,False
A1FM638CHGPC1M,ns,4,20-2,20.0,2000.0,1.0,1655.7000000029802,False
A1FM638CHGPC1M,ns,4,20-2,20.0,2000.0,2.0,4475.400000002237,False
A1FM638CHGPC1M,ns,4,20-2,20.0,2000.0,1.0,5870.4000000059605,False
A1FM638CHGPC1M,ns,4,20-2,20.0,2000.0,1.0,27912.300000000745,False
A1FM638CHGPC1M,ns,4,20-2,20.0,2000.0,1.0,13118.0,False
A1HGWCCIWP7AO0,ns,1,40-1,40.0,1000.0,40.0,0.0,True
A1HGWCCIWP7AO0,ns,1,40-1,40.0,1000.0,1.0,65058.40000152588,False
A1HGWCCIWP7AO0,ns,1,40-1,40.0,1000.0,39.0,8253.900000572203,False
A1HGWCCIWP7AO0,ns,1,40-1,40.0,1000.0,40.0,4428.900001525879,False
A1HGWCCIWP7AO0,ns,1,40-1,40.0,1000.0,3.0,5075.000000953676,False
A1HGWCCIWP7AO0,ns,1,40-1,40.0,1000.0,38.0,4318.600001335144,False
A1HGWCCIWP7AO0,ns,1,40-1,40.0,1000.0,40.0,6749.700000762939,False
A1HGWCCIWP7AO0,ns,1,40-1,40.0,1000.0,38.0,5273.400000572203,False
A1HGWCCIWP7AO0,ns,1,40-1,40.0,1000.0,37.0,2842.5000009536743,False
A1HGWCCIWP7AO0,ns,1,40-1,40.0,1000.0,1.0,10752.30000114441,False
A1HGWCCIWP7AO0,ns,1,40-1,40.0,1000.0,38.0,11687.400000572205,False
A1HGWCCIWP7AO0,ns,2,40-1,40.0,1000.0,40.0,0.0,True
A1HGWCCIWP7AO0,ns,2,40-1,40.0,1000.0,40.0,7116.699999809267,False
A1HGWCCIWP7AO0,ns,2,40-1,40.0,1000.0,1.0,50214.39999961854,False
A1HGWCCIWP7AO0,ns,2,40-1,40.0,1000.0,1.0,17701.5,False
A1HGWCCIWP7AO0,ns,2,40-1,40.0,1000.0,1.0,6888.800000190737,False
A1HGWCCIWP7AO0,ns,2,40-1,40.0,1000.0,15.0,42303.00000000001,False
A1HGWCCIWP7AO0,ns,2,40-1,40.0,1000.0,1.0,2400.4000005722064,False
A1HGWCCIWP7AO0,ns,2,40-1,40.0,1000.0,39.0,3667.6000003814734,False
A1HGWCCIWP7AO0,ns,3,40-1,40.0,1000.0,3.0,0.0,True
A1HGWCCIWP7AO0,ns,3,40-1,40.0,1000.0,1.0,11461.60000038147,False
A1HGWCCIWP7AO0,ns,3,40-1,40.0,1000.0,3.0,4399.600000381468,False
A1HGWCCIWP7AO0,ns,3,40-1,40.0,1000.0,34.0,10124.60000038147,False
A1HGWCCIWP7AO0,ns,3,40-1,40.0,1000.0,39.0,4113.200000762941,False
A1HGWCCIWP7AO0,ns,3,40-1,40.0,1000.0,1.0,11993.200000762936,False
A1HGWCCIWP7AO0,ns,3,40-1,40.0,1000.0,11.0,28409.70000076294,False
A1HGWCCIWP7AO0,ns,3,40-1,40.0,1000.0,22.0,1204.5,False
A1HGWCCIWP7AO0,ns,3,40-1,40.0,1000.0,1.0,6737.800000190735,False
A1HGWCCIWP7AO0,ns,3,40-1,40.0,1000.0,21.0,14056.5,False
A1HGWCCIWP7AO0,ns,3,40-1,40.0,1000.0,38.0,4843.800000190735,False
A1J39RAV7TKEMF,ns,1,20-2,20.0,2000.0,3.0,1686.5999999046326,False
A1J39RAV7TKEMF,ns,1,20-2,20.0,2000.0,16.0,11680.099999904633,False
A1J39RAV7TKEMF,ns,1,20-2,20.0,2000.0,1.0,20715.799999952316,False
A1J39RAV7TKEMF,ns,1,20-2,20.0,2000.0,17.0,2187.199999809265,False
A1J39RAV7TKEMF,ns,1,20-2,20.0,2000.0,14.0,22886.5,False
A1J39RAV7TKEMF,ns,1,20-2,20.0,2000.0,20.0,1802.6999998092651,False
A1J39RAV7TKEMF,ns,1,20-2,20.0,2000.0,20.0,3053.899999856949,False
A1J39RAV7TKEMF,ns,1,20-2,20.0,2000.0,20.0,0.0,True
A1J39RAV7TKEMF,ns,1,20-2,20.0,2000.0,6.0,8487.699999809265,False
A1J39RAV7TKEMF,ns,2,20-2,20.0,2000.0,12.0,11148.5,False
A1J39RAV7TKEMF,ns,2,20-2,20.0,2000.0,20.0,2753.0,False
A1J39RAV7TKEMF,ns,2,20-2,20.0,2000.0,1.0,11200.199999809265,False
A1J39RAV7TKEMF,ns,2,20-2,20.0,2000.0,19.0,25039.0,False
A1J39RAV7TKEMF,ns,2,20-2,20.0,2000.0,11.0,34635.300000190735,False
A1J39RAV7TKEMF,ns,2,20-2,20.0,2000.0,12.0,961.9000000953674,False
A1J39RAV7TKEMF,ns,2,20-2,20.0,2000.0,20.0,3911.6999998092633,False
A1J39RAV7TKEMF,ns,2,20-2,20.0,2000.0,10.0,10534.799999952316,False
A1J39RAV7TKEMF,ns,2,20-2,20.0,2000.0,20.0,0.0,True
A1J39RAV7TKEMF,ns,2,20-2,20.0,2000.0,15.0,3899.100000143051,False
A1J39RAV7TKEMF,ns,3,20-2,20.0,2000.0,13.0,615.9000000953674,False
A1J39RAV7TKEMF,ns,3,20-2,20.0,2000.0,19.0,21469.500000000007,False
A1J39RAV7TKEMF,ns,3,20-2,20.0,2000.0,20.0,0.0,True
A1J39RAV7TKEMF,ns,3,20-2,20.0,2000.0,20.0,5129.600000143051,False
A1J39RAV7TKEMF,ns,3,20-2,20.0,2000.0,12.0,46328.70000004769,False
A1J39RAV7TKEMF,ns,3,20-2,20.0,2000.0,17.0,5491.500000238419,False
A1J39RAV7TKEMF,ns,3,20-2,20.0,2000.0,20.0,13624.600000143051,False
A1J39RAV7TKEMF,ns,3,20-2,20.0,2000.0,16.0,3838.0,False
A1J39RAV7TKEMF,ns,3,20-2,20.0,2000.0,5.0,11389.500000238419,False
A1J39RAV7TKEMF,ns,4,20-2,20.0,2000.0,1.0,8309.099999904633,False
A1J39RAV7TKEMF,ns,4,20-2,20.0,2000.0,2.0,218.09999990463257,False
A1J39RAV7TKEMF,ns,4,20-2,20.0,2000.0,3.0,2342.0999999046326,False
A1J39RAV7TKEMF,ns,4,20-2,20.0,2000.0,1.0,33517.5,False
A1J39RAV7TKEMF,ns,4,20-2,20.0,2000.0,11.0,0.0,True
A1J39RAV7TKEMF,ns,4,20-2,20.0,2000.0,2.0,1047.2000002861023,False
A1J39RAV7TKEMF,ns,4,20-2,20.0,2000.0,2.0,3203.800000190735,False
A1J39RAV7TKEMF,ns,4,20-2,20.0,2000.0,2.0,2763.7999997138977,False
A1J39RAV7TKEMF,ns,4,20-2,20.0,2000.0,1.0,3624.1000003814697,False
A1J39RAV7TKEMF,ns,4,20-2,20.0,2000.0,2.0,737.5,False
A1J39RAV7TKEMF,ns,4,20-2,20.0,2000.0,1.0,204.89999961853027,False
A1J5OW12TRQSOW,ns,1,40-1,40.0,1000.0,40.0,2030.6999998092651,False
A1J5OW12TRQSOW,ns,1,40-1,40.0,1000.0,23.0,9284.100000143053,False
A1J5OW12TRQSOW,ns,1,40-1,40.0,1000.0,40.0,937.1999998092651,False
A1J5OW12TRQSOW,ns,1,40-1,40.0,1000.0,30.0,3182.2999999523163,False
A1J5OW12TRQSOW,ns,1,40-1,40.0,1000.0,39.0,0.0,True
A1J5OW12TRQSOW,ns,1,40-1,40.0,1000.0,38.0,1721.5,False
A1J5OW12TRQSOW,ns,1,40-1,40.0,1000.0,39.0,509.0,False
A1J5OW12TRQSOW,ns,1,40-1,40.0,1000.0,27.0,1813.2000000476837,False
A1J5OW12TRQSOW,ns,1,40-1,40.0,1000.0,37.0,1604.0,False
A1J5OW12TRQSOW,ns,2,40-1,40.0,1000.0,4.0,0.0,True
A1J5OW12TRQSOW,ns,2,40-1,40.0,1000.0,32.0,4086.699999988079,False
A1J5OW12TRQSOW,ns,2,40-1,40.0,1000.0,2.0,6475.999999999998,False
A1J5OW12TRQSOW,ns,2,40-1,40.0,1000.0,22.0,5351.0999999940395,False
A1J5OW12TRQSOW,ns,2,40-1,40.0,1000.0,3.0,7679.5999999940395,False
A1J5OW12TRQSOW,ns,2,40-1,40.0,1000.0,39.0,5004.199999988079,False
A1J5OW12TRQSOW,ns,2,40-1,40.0,1000.0,1.0,3601.2999999821186,False
A1J5OW12TRQSOW,ns,2,40-1,40.0,1000.0,1.0,29244.59999999404,False
A1J5OW12TRQSOW,ns,2,40-1,40.0,1000.0,28.0,1911.699999988079,False
A1J5OW12TRQSOW,ns,2,40-1,40.0,1000.0,39.0,2834.699999988079,False
A1J5OW12TRQSOW,ns,2,40-1,40.0,1000.0,17.0,4398.9999999701995,False
A1J5OW12TRQSOW,ns,2,40-1,40.0,1000.0,1.0,16121.09999996424,False
A1JI19KPIVNL3Y,ns,1,20-1,20.0,1000.0,1.0,0.0,True
A1JI19KPIVNL3Y,ns,1,20-1,20.0,1000.0,1.0,1094.7999999821195,False
A1JI19KPIVNL3Y,ns,1,20-1,20.0,1000.0,20.0,2693.5,False
A1JI19KPIVNL3Y,ns,1,20-1,20.0,1000.0,20.0,3906.7999999821186,False
A1JI19KPIVNL3Y,ns,1,20-1,20.0,1000.0,20.0,3373.899999976158,False
A1JI19KPIVNL3Y,ns,1,20-1,20.0,1000.0,6.0,2952.0999999940386,False
A1JI19KPIVNL3Y,ns,1,20-1,20.0,1000.0,20.0,6046.9999999701995,False
A1JI19KPIVNL3Y,ns,1,20-1,20.0,1000.0,20.0,274.39999997615814,False
A1JI19KPIVNL3Y,ns,1,20-1,20.0,1000.0,4.0,2905.7999999821177,False
A1JI19KPIVNL3Y,ns,1,20-1,20.0,1000.0,20.0,3214.2999999821177,False
A1JI19KPIVNL3Y,ns,1,20-1,20.0,1000.0,20.0,3398.5,False
A1JI19KPIVNL3Y,ns,1,20-1,20.0,1000.0,20.0,315.7999999821195,False
A1JI19KPIVNL3Y,ns,2,20-1,20.0,1000.0,20.0,0.0,True
A1JI19KPIVNL3Y,ns,2,20-1,20.0,1000.0,20.0,6741.10000002384,False
A1JI19KPIVNL3Y,ns,2,20-1,20.0,1000.0,20.0,5979.500000000002,False
A1JI19KPIVNL3Y,ns,2,20-1,20.0,1000.0,1.0,10371.500000000002,False
A1JI19KPIVNL3Y,ns,2,20-1,20.0,1000.0,1.0,10921.400000035763,False
A1JI19KPIVNL3Y,ns,2,20-1,20.0,1000.0,1.0,6731.900000035763,False
A1JI19KPIVNL3Y,ns,2,20-1,20.0,1000.0,1.0,13815.699999988079,False
A1JI19KPIVNL3Y,ns,2,20-1,20.0,1000.0,1.0,8876.400000035763,False
A1JI19KPIVNL3Y,ns,2,20-1,20.0,1000.0,3.0,15993.300000011921,False
A1JI19KPIVNL3Y,ns,2,20-1,20.0,1000.0,18.0,7980.800000011921,False
A1JI19KPIVNL3Y,ns,2,20-1,20.0,1000.0,2.0,8471.800000011921,False
A1JI19KPIVNL3Y,ns,2,20-1,20.0,1000.0,1.0,7313.099999964237,False
A1JI19KPIVNL3Y,ns,3,20-1,20.0,1000.0,20.0,0.0,True
A1JI19KPIVNL3Y,ns,3,20-1,20.0,1000.0,15.0,5348.600000023842,False
A1JI19KPIVNL3Y,ns,3,20-1,20.0,1000.0,20.0,5936.299999952316,False
A1JI19KPIVNL3Y,ns,3,20-1,20.0,1000.0,20.0,2724.4000000953674,False
A1JI19KPIVNL3Y,ns,3,20-1,20.0,1000.0,20.0,5524.200000047684,False
A1JI19KPIVNL3Y,ns,3,20-1,20.0,1000.0,19.0,3091.8000000715256,False
A1JI19KPIVNL3Y,ns,3,20-1,20.0,1000.0,20.0,5386.200000047684,False
A1JI19KPIVNL3Y,ns,3,20-1,20.0,1000.0,20.0,4728.100000023842,False
A1JI19KPIVNL3Y,ns,3,20-1,20.0,1000.0,20.0,3435.399999976158,False
A1JI19KPIVNL3Y,ns,3,20-1,20.0,1000.0,20.0,2212.2000000476837,False
A1JI19KPIVNL3Y,ns,3,20-1,20.0,1000.0,20.0,2796.0000001192093,False
A1JI19KPIVNL3Y,ns,3,20-1,20.0,1000.0,20.0,3710.899999976158,False
A1JI19KPIVNL3Y,ns,4,20-1,20.0,1000.0,1.0,0.0,True
A1JI19KPIVNL3Y,ns,4,20-1,20.0,1000.0,1.0,4486.600000023842,False
A1JI19KPIVNL3Y,ns,4,20-1,20.0,1000.0,1.0,2006.700000166893,False
A1JI19KPIVNL3Y,ns,4,20-1,20.0,1000.0,1.0,5019.500000119209,False
A1JI19KPIVNL3Y,ns,4,20-1,20.0,1000.0,1.0,4339.900000095367,False
A1JI19KPIVNL3Y,ns,4,20-1,20.0,1000.0,1.0,14068.400000095367,False
A1JI19KPIVNL3Y,ns,4,20-1,20.0,1000.0,1.0,4653.900000095367,False
A1JI19KPIVNL3Y,ns,4,20-1,20.0,1000.0,1.0,5606.000000119209,False
A1JI19KPIVNL3Y,ns,4,20-1,20.0,1000.0,1.0,3676.4000000953674,False
A1JI19KPIVNL3Y,ns,4,20-1,20.0,1000.0,1.0,2377.0000001192093,False
A1JI19KPIVNL3Y,ns,4,20-1,20.0,1000.0,1.0,7130.500000119209,False
A1JI19KPIVNL3Y,ns,4,20-1,20.0,1000.0,1.0,4060.5000001192093,False
A1M1E62KXCDNL0,ns,1,30-1,30.0,1000.0,13.0,0.0,True
A1M1E62KXCDNL0,ns,1,30-1,30.0,1000.0,29.0,5960.800000190735,False
A1M1E62KXCDNL0,ns,1,30-1,30.0,1000.0,30.0,4676.600000143051,False
A1M1E62KXCDNL0,ns,1,30-1,30.0,1000.0,23.0,13559.200000047684,False
A1M1E62KXCDNL0,ns,1,30-1,30.0,1000.0,26.0,3086.1000001430507,False
A1M1E62KXCDNL0,ns,1,30-1,30.0,1000.0,20.0,8426.700000047684,False
A1M1E62KXCDNL0,ns,1,30-1,30.0,1000.0,14.0,10216.300000190735,False
A1M1E62KXCDNL0,ns,1,30-1,30.0,1000.0,2.0,2642.200000286102,False
A1M1E62KXCDNL0,ns,1,30-1,30.0,1000.0,17.0,8644.200000047684,False
A1M1E62KXCDNL0,ns,1,30-1,30.0,1000.0,30.0,10754.700000286104,False
A1M1E62KXCDNL0,ns,1,30-1,30.0,1000.0,11.0,10968.09999990463,False
A1M1E62KXCDNL0,ns,1,30-1,30.0,1000.0,27.0,4282.700000047684,False
A1M1E62KXCDNL0,ns,2,30-1,30.0,1000.0,2.0,0.0,True
A1M1E62KXCDNL0,ns,2,30-1,30.0,1000.0,30.0,25991.70000004768,False
A1M1E62KXCDNL0,ns,2,30-1,30.0,1000.0,1.0,13349.200000047684,False
A1M1E62KXCDNL0,ns,2,30-1,30.0,1000.0,30.0,5196.300000011921,False
A1M1E62KXCDNL0,ns,2,30-1,30.0,1000.0,1.0,14633.000000059605,False
A1M1E62KXCDNL0,ns,2,30-1,30.0,1000.0,29.0,22799.800000071526,False
A1M1E62KXCDNL0,ns,2,30-1,30.0,1000.0,30.0,9048.300000071526,False
A1M1E62KXCDNL0,ns,2,30-1,30.0,1000.0,30.0,6422.600000023842,False
A1M1E62KXCDNL0,ns,2,30-1,30.0,1000.0,27.0,5078.400000035763,False
A1M1E62KXCDNL0,ns,2,30-1,30.0,1000.0,2.0,8950.200000047684,False
A1M1E62KXCDNL0,ns,2,30-1,30.0,1000.0,29.0,4081.400000035763,False
A1M1E62KXCDNL0,ns,2,30-1,30.0,1000.0,30.0,10223.900000035761,False
A1M1E62KXCDNL0,ns,3,30-1,30.0,1000.0,17.0,0.0,True
A1M1E62KXCDNL0,ns,3,30-1,30.0,1000.0,27.0,11255.899999976158,False
A1M1E62KXCDNL0,ns,3,30-1,30.0,1000.0,29.0,24337.500000000004,False
A1M1E62KXCDNL0,ns,3,30-1,30.0,1000.0,25.0,16037.300000071526,False
A1M1E62KXCDNL0,ns,3,30-1,30.0,1000.0,30.0,10639.700000047684,False
A1M1E62KXCDNL0,ns,3,30-1,30.0,1000.0,27.0,14311.399999976158,False
A1M1E62KXCDNL0,ns,3,30-1,30.0,1000.0,30.0,4398.600000023842,False
A1M1E62KXCDNL0,ns,3,30-1,30.0,1000.0,24.0,8818.399999976158,False
A1M1E62KXCDNL0,ns,3,30-1,30.0,1000.0,30.0,7386.200000047684,False
A1M1E62KXCDNL0,ns,3,30-1,30.0,1000.0,30.0,6292.300000071526,False
A1M1E62KXCDNL0,ns,3,30-1,30.0,1000.0,30.0,3901.2000000476837,False
A1M1E62KXCDNL0,ns,3,30-1,30.0,1000.0,30.0,28847.600000023842,False
A1M1E62KXCDNL0,ns,4,30-1,30.0,1000.0,30.0,3505.9000000003716,False
A1M1E62KXCDNL0,ns,4,30-1,30.0,1000.0,29.0,3305.5000000018617,False
A1M1E62KXCDNL0,ns,4,30-1,30.0,1000.0,3.0,14561.800000000745,False
A1M1E62KXCDNL0,ns,4,30-1,30.0,1000.0,5.0,2003.2000000011167,False
A1M1E62KXCDNL0,ns,4,30-1,30.0,1000.0,29.0,2735.999999999999,False
A1M1E62KXCDNL0,ns,4,30-1,30.0,1000.0,26.0,0.0,True
A1M1E62KXCDNL0,ns,4,30-1,30.0,1000.0,30.0,2366.800000000744,False
A1M1E62KXCDNL0,ns,4,30-1,30.0,1000.0,30.0,2346.5,False
A1M1E62KXCDNL0,ns,4,30-1,30.0,1000.0,30.0,198.40000000037162,False
A1NQOR4RQJJDMW,ns,1,15-2,15.0,2000.0,15.0,2617.7000000476837,False
A1NQOR4RQJJDMW,ns,1,15-2,15.0,2000.0,15.0,5431.000000119209,False
A1NQOR4RQJJDMW,ns,1,15-2,15.0,2000.0,15.0,4000.0,False
A1NQOR4RQJJDMW,ns,1,15-2,15.0,2000.0,15.0,5185.300000071526,False
A1NQOR4RQJJDMW,ns,1,15-2,15.0,2000.0,15.0,1723.2000000476837,False
A1NQOR4RQJJDMW,ns,1,15-2,15.0,2000.0,15.0,3483.9000000953674,False
A1NQOR4RQJJDMW,ns,1,15-2,15.0,2000.0,14.0,584.5,False
A1NQOR4RQJJDMW,ns,1,15-2,15.0,2000.0,15.0,982.4000000953674,False
A1NQOR4RQJJDMW,ns,1,15-2,15.0,2000.0,15.0,2439.7000000476837,False
A1NQOR4RQJJDMW,ns,1,15-2,15.0,2000.0,12.0,2608.5,False
A1NQOR4RQJJDMW,ns,1,15-2,15.0,2000.0,15.0,0.0,True
A1NQOR4RQJJDMW,ns,1,15-2,15.0,2000.0,13.0,2146.0000001192093,False
A1NQOR4RQJJDMW,ns,2,15-2,15.0,2000.0,5.0,0.0,True
A1NQOR4RQJJDMW,ns,2,15-2,15.0,2000.0,1.0,3745.099999997765,False
A1NQOR4RQJJDMW,ns,2,15-2,15.0,2000.0,1.0,520.9000000003725,False
A1NQOR4RQJJDMW,ns,2,15-2,15.0,2000.0,4.0,4974.599999999626,False
A1NQOR4RQJJDMW,ns,2,15-2,15.0,2000.0,1.0,631.3999999985108,False
A1NQOR4RQJJDMW,ns,2,15-2,15.0,2000.0,1.0,2145.5999999996275,False
A1NQOR4RQJJDMW,ns,2,15-2,15.0,2000.0,1.0,887.5999999977648,False
A1NQOR4RQJJDMW,ns,2,15-2,15.0,2000.0,1.0,9756.5,False
A1NQOR4RQJJDMW,ns,2,15-2,15.0,2000.0,1.0,7038.4000000003725,False
A1NQOR4RQJJDMW,ns,2,15-2,15.0,2000.0,1.0,5392.699999999255,False
A1NQOR4RQJJDMW,ns,2,15-2,15.0,2000.0,1.0,3735.39999999851,False
A1NQOR4RQJJDMW,ns,2,15-2,15.0,2000.0,1.0,744.0999999996275,False
A1NQOR4RQJJDMW,ns,3,15-2,15.0,2000.0,1.0,1865.0999999940404,False
A1NQOR4RQJJDMW,ns,3,15-2,15.0,2000.0,1.0,781.2999999970198,False
A1NQOR4RQJJDMW,ns,3,15-2,15.0,2000.0,1.0,591.3000000119209,False
A1NQOR4RQJJDMW,ns,3,15-2,15.0,2000.0,1.0,1212.7000000029802,False
A1NQOR4RQJJDMW,ns,3,15-2,15.0,2000.0,10.0,1539.5999999940404,False
A1NQOR4RQJJDMW,ns,3,15-2,15.0,2000.0,1.0,3189.6000000089407,False
A1NQOR4RQJJDMW,ns,3,15-2,15.0,2000.0,15.0,0.0,True
A1NQOR4RQJJDMW,ns,3,15-2,15.0,2000.0,14.0,1332.2000000029802,False
A1NQOR4RQJJDMW,ns,3,15-2,15.0,2000.0,1.0,238.29999999701977,False
A1NQOR4RQJJDMW,ns,3,15-2,15.0,2000.0,1.0,1194.4000000059605,False
A1NQOR4RQJJDMW,ns,3,15-2,15.0,2000.0,15.0,2463.6000000089407,False
A1NQOR4RQJJDMW,ns,3,15-2,15.0,2000.0,9.0,1805.1000000089407,False
A1NQOR4RQJJDMW,ns,4,15-2,15.0,2000.0,1.0,450.49999994039536,False
A1NQOR4RQJJDMW,ns,4,15-2,15.0,2000.0,1.0,1265.3999999761581,False
A1NQOR4RQJJDMW,ns,4,15-2,15.0,2000.0,15.0,5861.899999976158,False
A1NQOR4RQJJDMW,ns,4,15-2,15.0,2000.0,15.0,2362.199999988079,False
A1NQOR4RQJJDMW,ns,4,15-2,15.0,2000.0,15.0,668.8000000119209,False
A1NQOR4RQJJDMW,ns,4,15-2,15.0,2000.0,15.0,4953.699999988079,False
A1NQOR4RQJJDMW,ns,4,15-2,15.0,2000.0,1.0,506.0999999642372,False
A1NQOR4RQJJDMW,ns,4,15-2,15.0,2000.0,15.0,521.0999999642372,False
A1NQOR4RQJJDMW,ns,4,15-2,15.0,2000.0,15.0,887.0,False
A1NQOR4RQJJDMW,ns,4,15-2,15.0,2000.0,1.0,1595.7999999523163,False
A1NQOR4RQJJDMW,ns,4,15-2,15.0,2000.0,15.0,0.0,True
A1NQOR4RQJJDMW,ns,4,15-2,15.0,2000.0,1.0,3255.2999999523163,False
A1O0K8V58YRL4A,ns,1,20-2,20.0,2000.0,20.0,1152.0,False
A1O0K8V58YRL4A,ns,1,20-2,20.0,2000.0,7.0,23.0,False
A1O0K8V58YRL4A,ns,1,20-2,20.0,2000.0,1.0,5617.0,False
A1O0K8V58YRL4A,ns,1,20-2,20.0,2000.0,19.0,8868.0,False
A1O0K8V58YRL4A,ns,1,20-2,20.0,2000.0,19.0,0.0,True
A1O0K8V58YRL4A,ns,1,20-2,20.0,2000.0,19.0,456.0,False
A1O0K8V58YRL4A,ns,1,20-2,20.0,2000.0,16.0,1594.0,False
A1O0K8V58YRL4A,ns,2,20-2,20.0,2000.0,5.0,2795.0,False
A1O0K8V58YRL4A,ns,2,20-2,20.0,2000.0,5.0,0.0,True
A1O0K8V58YRL4A,ns,2,20-2,20.0,2000.0,3.0,16836.0,False
A1O0K8V58YRL4A,ns,2,20-2,20.0,2000.0,20.0,4558.0,False
A1O0K8V58YRL4A,ns,2,20-2,20.0,2000.0,17.0,12835.0,False
A1O0K8V58YRL4A,ns,2,20-2,20.0,2000.0,17.0,3052.0,False
A1O0K8V58YRL4A,ns,3,20-2,20.0,2000.0,14.0,2726.0,False
A1O0K8V58YRL4A,ns,3,20-2,20.0,2000.0,20.0,9693.0,False
A1O0K8V58YRL4A,ns,3,20-2,20.0,2000.0,19.0,12370.0,False
A1O0K8V58YRL4A,ns,3,20-2,20.0,2000.0,5.0,741.0,False
A1O0K8V58YRL4A,ns,3,20-2,20.0,2000.0,3.0,0.0,True
A1O0K8V58YRL4A,ns,3,20-2,20.0,2000.0,1.0,3875.0,False
A1O0K8V58YRL4A,ns,3,20-2,20.0,2000.0,2.0,2503.0,False
A1O0K8V58YRL4A,ns,3,20-2,20.0,2000.0,1.0,5142.0,False
A1OW27AZS122X2,ns,1,20-1,20.0,1000.0,7.0,0.0,True
A1OW27AZS122X2,ns,1,20-1,20.0,1000.0,5.0,2290.8999999910593,False
A1OW27AZS122X2,ns,1,20-1,20.0,1000.0,18.0,1433.7999999970198,False
A1OW27AZS122X2,ns,1,20-1,20.0,1000.0,18.0,948.2999999970193,False
A1OW27AZS122X2,ns,1,20-1,20.0,1000.0,20.0,2322.2999999970198,False
A1OW27AZS122X2,ns,1,20-1,20.0,1000.0,19.0,1197.7000000029802,False
A1OW27AZS122X2,ns,1,20-1,20.0,1000.0,19.0,952.3999999910598,False
A1OW27AZS122X2,ns,1,20-1,20.0,1000.0,20.0,369.89999999105976,False
A1OW27AZS122X2,ns,1,20-1,20.0,1000.0,1.0,10871.09999999404,False
A1OW27AZS122X2,ns,1,20-1,20.0,1000.0,20.0,722.6999999880791,False
A1OW27AZS122X2,ns,2,20-1,20.0,1000.0,20.0,0.0,True
A1OW27AZS122X2,ns,2,20-1,20.0,1000.0,14.0,2120.2999999523163,False
A1OW27AZS122X2,ns,2,20-1,20.0,1000.0,20.0,5080.899999976158,False
A1OW27AZS122X2,ns,2,20-1,20.0,1000.0,13.0,8837.299999952316,False
A1OW27AZS122X2,ns,2,20-1,20.0,1000.0,4.0,24652.79999995232,False
A1OW27AZS122X2,ns,2,20-1,20.0,1000.0,1.0,8992.899999976158,False
A1OW27AZS122X2,ns,2,20-1,20.0,1000.0,20.0,1964.7999999523163,False
A1OW27AZS122X2,ns,2,20-1,20.0,1000.0,19.0,3109.399999976158,False
A1OW27AZS122X2,ns,2,20-1,20.0,1000.0,19.0,1133.9999999403954,False
A1OW27AZS122X2,ns,2,20-1,20.0,1000.0,11.0,4850.299999952316,False
A1OW27AZS122X2,ns,2,20-1,20.0,1000.0,20.0,386.19999992847397,False
A1OW27AZS122X2,ns,2,20-1,20.0,1000.0,1.0,6503.299999952316,False
A1OW27AZS122X2,ns,3,20-1,20.0,1000.0,13.0,0.0,True
A1OW27AZS122X2,ns,3,20-1,20.0,1000.0,5.0,690.0000001192093,False
A1OW27AZS122X2,ns,3,20-1,20.0,1000.0,18.0,4411.400000095367,False
A1OW27AZS122X2,ns,3,20-1,20.0,1000.0,2.0,16382.300000071522,False
A1OW27AZS122X2,ns,3,20-1,20.0,1000.0,20.0,1405.8000000715256,False
A1OW27AZS122X2,ns,3,20-1,20.0,1000.0,19.0,9318.100000023842,False
A1OW27AZS122X2,ns,3,20-1,20.0,1000.0,20.0,1649.4000000953674,False
A1OW27AZS122X2,ns,3,20-1,20.0,1000.0,19.0,1054.6000000238419,False
A1OW27AZS122X2,ns,3,20-1,20.0,1000.0,2.0,11303.300000071526,False
A1OW27AZS122X2,ns,3,20-1,20.0,1000.0,18.0,1284.3000000715256,False
A1OW27AZS122X2,ns,3,20-1,20.0,1000.0,1.0,1896.1000000238419,False
A1OW27AZS122X2,ns,3,20-1,20.0,1000.0,20.0,2236.9000000953674,False
A1OW27AZS122X2,ns,4,20-1,20.0,1000.0,18.0,0.0,True
A1OW27AZS122X2,ns,4,20-1,20.0,1000.0,20.0,2974.5000000149003,False
A1OW27AZS122X2,ns,4,20-1,20.0,1000.0,17.0,2452.7000000178805,False
A1OW27AZS122X2,ns,4,20-1,20.0,1000.0,20.0,2093.10000000894,False
A1OW27AZS122X2,ns,4,20-1,20.0,1000.0,19.0,2597.2000000029802,False
A1OW27AZS122X2,ns,4,20-1,20.0,1000.0,3.0,14428.40000000596,False
A1OW27AZS122X2,ns,4,20-1,20.0,1000.0,20.0,4184.90000000596,False
A1OW27AZS122X2,ns,4,20-1,20.0,1000.0,17.0,4608.000000014899,False
A1OW27AZS122X2,ns,4,20-1,20.0,1000.0,20.0,8054.10000000894,False
A1OW27AZS122X2,ns,4,20-1,20.0,1000.0,19.0,4560.499999999999,False
A1OW27AZS122X2,ns,4,20-1,20.0,1000.0,2.0,11242.800000011921,False
A1RFDB2WUV7QRO,ns,1,10-2,10.0,2000.0,3.0,0.0,True
A1RFDB2WUV7QRO,ns,1,10-2,10.0,2000.0,1.0,3380.7000000011176,False
A1RFDB2WUV7QRO,ns,1,10-2,10.0,2000.0,2.0,5515.699999999255,False
A1RFDB2WUV7QRO,ns,1,10-2,10.0,2000.0,1.0,901.5999999996284,False
A1RFDB2WUV7QRO,ns,1,10-2,10.0,2000.0,1.0,2964.0,False
A1RFDB2WUV7QRO,ns,1,10-2,10.0,2000.0,1.0,3494.4000000003725,False
A1RFDB2WUV7QRO,ns,1,10-2,10.0,2000.0,8.0,820.8999999985099,False
A1RFDB2WUV7QRO,ns,1,10-2,10.0,2000.0,8.0,1374.300000000745,False
A1RFDB2WUV7QRO,ns,1,10-2,10.0,2000.0,8.0,1490.199999999255,False
A1RFDB2WUV7QRO,ns,1,10-2,10.0,2000.0,8.0,1580.699999999255,False
A1RFDB2WUV7QRO,ns,1,10-2,10.0,2000.0,6.0,5905.0999999996275,False
A1RFDB2WUV7QRO,ns,1,10-2,10.0,2000.0,2.0,1614.5999999996284,False
A1RFDB2WUV7QRO,ns,2,10-2,10.0,2000.0,2.0,854.0999999940386,False
A1RFDB2WUV7QRO,ns,2,10-2,10.0,2000.0,1.0,208.30000001192002,False
A1RFDB2WUV7QRO,ns,2,10-2,10.0,2000.0,9.0,412.90000000595955,False
A1RFDB2WUV7QRO,ns,2,10-2,10.0,2000.0,7.0,0.0,True
A1RFDB2WUV7QRO,ns,2,10-2,10.0,2000.0,5.0,601.7000000029793,False
A1RFDB2WUV7QRO,ns,2,10-2,10.0,2000.0,10.0,2185.60000000894,False
A1RFDB2WUV7QRO,ns,2,10-2,10.0,2000.0,8.0,366.7000000029793,False
A1RFDB2WUV7QRO,ns,2,10-2,10.0,2000.0,9.0,4894.40000000596,False
A1RFDB2WUV7QRO,ns,2,10-2,10.0,2000.0,9.0,1218.5000000149003,False
A1RFDB2WUV7QRO,ns,2,10-2,10.0,2000.0,4.0,246.90000000595955,False
A1RFDB2WUV7QRO,ns,2,10-2,10.0,2000.0,5.0,342.2000000029793,False
A1RFDB2WUV7QRO,ns,2,10-2,10.0,2000.0,8.0,850.2000000029793,False
A1ROEDVMTO9Y3X,ns,1,15-2,15.0,2000.0,15.0,0.0,True
A1ROEDVMTO9Y3X,ns,1,15-2,15.0,2000.0,15.0,4175.699999988079,False
A1ROEDVMTO9Y3X,ns,1,15-2,15.0,2000.0,12.0,8912.5,False
A1ROEDVMTO9Y3X,ns,1,15-2,15.0,2000.0,13.0,10047.70000001788,False
A1ROEDVMTO9Y3X,ns,1,15-2,15.0,2000.0,15.0,4264.5999999940395,False
A1ROEDVMTO9Y3X,ns,1,15-2,15.0,2000.0,13.0,2994.2999999821186,False
A1ROEDVMTO9Y3X,ns,1,15-2,15.0,2000.0,1.0,10039.600000023842,False
A1ROEDVMTO9Y3X,ns,1,15-2,15.0,2000.0,1.0,6673.699999988081,False
A1ROEDVMTO9Y3X,ns,1,15-2,15.0,2000.0,15.0,4006.300000011921,False
A1ROEDVMTO9Y3X,ns,1,15-2,15.0,2000.0,14.0,1092.9000000059605,False
A1ROEDVMTO9Y3X,ns,1,15-2,15.0,2000.0,15.0,6289.4000000059605,False
A1ROEDVMTO9Y3X,ns,2,15-2,15.0,2000.0,2.0,0.0,True
A1ROEDVMTO9Y3X,ns,2,15-2,15.0,2000.0,1.0,9777.400000000373,False
A1ROEDVMTO9Y3X,ns,2,15-2,15.0,2000.0,1.0,9801.699999999257,False
A1ROEDVMTO9Y3X,ns,2,15-2,15.0,2000.0,1.0,14185.700000001118,False
A1ROEDVMTO9Y3X,ns,2,15-2,15.0,2000.0,1.0,7108.700000001118,False
A1ROEDVMTO9Y3X,ns,2,15-2,15.0,2000.0,15.0,7421.5,False
A1ROEDVMTO9Y3X,ns,2,15-2,15.0,2000.0,14.0,3050.0,False
A1ROEDVMTO9Y3X,ns,2,15-2,15.0,2000.0,15.0,2631.4000000003725,False
A1ROEDVMTO9Y3X,ns,2,15-2,15.0,2000.0,1.0,11246.0,False
A1ROEDVMTO9Y3X,ns,2,15-2,15.0,2000.0,13.0,6370.5,False
A1ROEDVMTO9Y3X,ns,3,15-2,15.0,2000.0,1.0,0.0,True
A1ROEDVMTO9Y3X,ns,3,15-2,15.0,2000.0,1.0,10898.20000000298,False
A1ROEDVMTO9Y3X,ns,3,15-2,15.0,2000.0,1.0,8253.20000000298,False
A1ROEDVMTO9Y3X,ns,3,15-2,15.0,2000.0,15.0,4641.10000000149,False
A1ROEDVMTO9Y3X,ns,3,15-2,15.0,2000.0,1.0,21329.0,False
A1ROEDVMTO9Y3X,ns,3,15-2,15.0,2000.0,15.0,9649.70000000298,False
A1ROEDVMTO9Y3X,ns,3,15-2,15.0,2000.0,14.0,5202.70000000298,False
A1ROEDVMTO9Y3X,ns,3,15-2,15.0,2000.0,14.0,2424.7999999970198,False
A1ROEDVMTO9Y3X,ns,3,15-2,15.0,2000.0,3.0,25533.20000000298,False
A1ROEDVMTO9Y3X,ns,3,15-2,15.0,2000.0,15.0,5283.9000000059605,False
A1ROEDVMTO9Y3X,ns,3,15-2,15.0,2000.0,15.0,2985.89999999851,False
A1ROEDVMTO9Y3X,ns,3,15-2,15.0,2000.0,15.0,4898.10000000149,False
A1ROEDVMTO9Y3X,ns,4,15-2,15.0,2000.0,1.0,0.0,True
A1ROEDVMTO9Y3X,ns,4,15-2,15.0,2000.0,15.0,5422.299999999814,False
A1ROEDVMTO9Y3X,ns,4,15-2,15.0,2000.0,1.0,22789.800000000047,False
A1ROEDVMTO9Y3X,ns,4,15-2,15.0,2000.0,1.0,6029.699999999953,False
A1ROEDVMTO9Y3X,ns,4,15-2,15.0,2000.0,3.0,12477.399999999905,False
A1ROEDVMTO9Y3X,ns,4,15-2,15.0,2000.0,1.0,6803.40000000014,False
A1ROEDVMTO9Y3X,ns,4,15-2,15.0,2000.0,1.0,7705.199999999953,False
A1ROEDVMTO9Y3X,ns,4,15-2,15.0,2000.0,1.0,12406.499999999767,False
A1ROEDVMTO9Y3X,ns,4,15-2,15.0,2000.0,1.0,9364.699999999953,False
A1ROEDVMTO9Y3X,ns,4,15-2,15.0,2000.0,15.0,8272.599999999862,False
A1ROEDVMTO9Y3X,ns,4,15-2,15.0,2000.0,15.0,8279.599999999862,False
A1ROEDVMTO9Y3X,ns,4,15-2,15.0,2000.0,13.0,11820.199999999953,False
A1S54RQW9FDK0X,ns,1,40-1,40.0,1000.0,2.0,2784.0,False
A1S54RQW9FDK0X,ns,1,40-1,40.0,1000.0,2.0,7437.0,False
A1S54RQW9FDK0X,ns,1,40-1,40.0,1000.0,1.0,5172.0,False
A1S54RQW9FDK0X,ns,1,40-1,40.0,1000.0,2.0,4822.0,False
A1S54RQW9FDK0X,ns,1,40-1,40.0,1000.0,27.0,4386.0,False
A1S54RQW9FDK0X,ns,1,40-1,40.0,1000.0,40.0,4372.0,False
A1S54RQW9FDK0X,ns,1,40-1,40.0,1000.0,1.0,19744.0,False
A1S54RQW9FDK0X,ns,1,40-1,40.0,1000.0,37.0,2697.0,False
A1S54RQW9FDK0X,ns,1,40-1,40.0,1000.0,1.0,6597.0,False
A1S54RQW9FDK0X,ns,1,40-1,40.0,1000.0,2.0,788.0,False
A1S54RQW9FDK0X,ns,1,40-1,40.0,1000.0,36.0,0.0,True
A1S54RQW9FDK0X,ns,2,40-1,40.0,1000.0,2.0,0.0,True
A1S54RQW9FDK0X,ns,2,40-1,40.0,1000.0,1.0,4227.0,False
A1S54RQW9FDK0X,ns,2,40-1,40.0,1000.0,1.0,10877.0,False
A1S54RQW9FDK0X,ns,2,40-1,40.0,1000.0,25.0,2934.0,False
A1S54RQW9FDK0X,ns,2,40-1,40.0,1000.0,34.0,4466.0,False
A1S54RQW9FDK0X,ns,2,40-1,40.0,1000.0,1.0,20769.0,False
A1S54RQW9FDK0X,ns,2,40-1,40.0,1000.0,37.0,6679.0,False
A1S54RQW9FDK0X,ns,2,40-1,40.0,1000.0,40.0,3393.0,False
A1S54RQW9FDK0X,ns,2,40-1,40.0,1000.0,39.0,10178.0,False
A1S54RQW9FDK0X,ns,2,40-1,40.0,1000.0,16.0,20226.0,False
A1S54RQW9FDK0X,ns,2,40-1,40.0,1000.0,37.0,7332.0,False
A1S54RQW9FDK0X,ns,3,40-1,40.0,1000.0,2.0,443.0,False
A1S54RQW9FDK0X,ns,3,40-1,40.0,1000.0,21.0,21836.0,False
A1S54RQW9FDK0X,ns,3,40-1,40.0,1000.0,23.0,15205.0,False
A1S54RQW9FDK0X,ns,3,40-1,40.0,1000.0,2.0,18999.0,False
A1S54RQW9FDK0X,ns,3,40-1,40.0,1000.0,25.0,6198.0,False
A1S54RQW9FDK0X,ns,3,40-1,40.0,1000.0,3.0,6246.0,False
A1S54RQW9FDK0X,ns,3,40-1,40.0,1000.0,37.0,0.0,True
A1S54RQW9FDK0X,ns,3,40-1,40.0,1000.0,2.0,11213.0,False
A1S54RQW9FDK0X,ns,3,40-1,40.0,1000.0,9.0,4515.0,False
A1S54RQW9FDK0X,ns,3,40-1,40.0,1000.0,6.0,2866.0,False
A1S54RQW9FDK0X,ns,3,40-1,40.0,1000.0,35.0,7762.0,False
A1S54RQW9FDK0X,ns,4,40-1,40.0,1000.0,40.0,0.0,True
A1S54RQW9FDK0X,ns,4,40-1,40.0,1000.0,40.0,5197.0,False
A1S54RQW9FDK0X,ns,4,40-1,40.0,1000.0,38.0,5340.0,False
A1S54RQW9FDK0X,ns,4,40-1,40.0,1000.0,40.0,2808.0,False
A1S54RQW9FDK0X,ns,4,40-1,40.0,1000.0,34.0,4962.0,False
A1S54RQW9FDK0X,ns,4,40-1,40.0,1000.0,38.0,813.0,False
A1S54RQW9FDK0X,ns,4,40-1,40.0,1000.0,37.0,4370.0,False
A1S54RQW9FDK0X,ns,4,40-1,40.0,1000.0,37.0,1442.0,False
A1S54RQW9FDK0X,ns,4,40-1,40.0,1000.0,40.0,2687.0,False
A1S54RQW9FDK0X,ns,4,40-1,40.0,1000.0,40.0,5558.0,False
A1S54RQW9FDK0X,ns,4,40-1,40.0,1000.0,40.0,968.0,False
A1SUTNVLSFPXFK,ns,1,20-1,20.0,1000.0,1.0,0.0,True
A1SUTNVLSFPXFK,ns,1,20-1,20.0,1000.0,1.0,6489.100000143051,False
A1SUTNVLSFPXFK,ns,1,20-1,20.0,1000.0,1.0,1524.4000000953674,False
A1SUTNVLSFPXFK,ns,1,20-1,20.0,1000.0,7.0,6070.100000143051,False
A1SUTNVLSFPXFK,ns,1,20-1,20.0,1000.0,1.0,4704.500000238419,False
A1SUTNVLSFPXFK,ns,1,20-1,20.0,1000.0,1.0,6826.200000047684,False
A1SUTNVLSFPXFK,ns,1,20-1,20.0,1000.0,1.0,13853.600000143051,False
A1SUTNVLSFPXFK,ns,1,20-1,20.0,1000.0,1.0,4683.200000047684,False
A1SUTNVLSFPXFK,ns,1,20-1,20.0,1000.0,1.0,10532.0,False
A1SUTNVLSFPXFK,ns,1,20-1,20.0,1000.0,1.0,3983.9000000953674,False
A1SUTNVLSFPXFK,ns,2,20-1,20.0,1000.0,2.0,8920.799999952316,False
A1SUTNVLSFPXFK,ns,2,20-1,20.0,1000.0,1.0,2569.7999999523163,False
A1SUTNVLSFPXFK,ns,2,20-1,20.0,1000.0,1.0,7136.299999952316,False
A1SUTNVLSFPXFK,ns,2,20-1,20.0,1000.0,1.0,0.0,True
A1SUTNVLSFPXFK,ns,2,20-1,20.0,1000.0,3.0,10791.899999856949,False
A1SUTNVLSFPXFK,ns,2,20-1,20.0,1000.0,1.0,4434.099999904633,False
A1SUTNVLSFPXFK,ns,3,20-1,20.0,1000.0,20.0,2927.600000143051,False
A1SUTNVLSFPXFK,ns,3,20-1,20.0,1000.0,20.0,2913.600000143051,False
A1SUTNVLSFPXFK,ns,3,20-1,20.0,1000.0,19.0,3711.4000000953674,False
A1SUTNVLSFPXFK,ns,3,20-1,20.0,1000.0,20.0,2483.9000000953674,False
A1SUTNVLSFPXFK,ns,3,20-1,20.0,1000.0,19.0,2480.2000000476837,False
A1SUTNVLSFPXFK,ns,3,20-1,20.0,1000.0,20.0,1515.1000001430511,False
A1SUTNVLSFPXFK,ns,3,20-1,20.0,1000.0,20.0,3232.5000002384186,False
A1SUTNVLSFPXFK,ns,3,20-1,20.0,1000.0,20.0,3896.9000000953674,False
A1SUTNVLSFPXFK,ns,3,20-1,20.0,1000.0,20.0,0.0,True
A1SUTNVLSFPXFK,ns,4,20-1,20.0,1000.0,20.0,3706.199999809265,False
A1SUTNVLSFPXFK,ns,4,20-1,20.0,1000.0,20.0,4288.199999809265,False
A1SUTNVLSFPXFK,ns,4,20-1,20.0,1000.0,20.0,0.0,True
A1SUTNVLSFPXFK,ns,4,20-1,20.0,1000.0,19.0,2170.5999999046326,False
A1SUTNVLSFPXFK,ns,4,20-1,20.0,1000.0,20.0,4089.300000190735,False
A1SUTNVLSFPXFK,ns,4,20-1,20.0,1000.0,19.0,3616.7999997138977,False
A1T7EB1WEDCMXV,ns,1,15-2,15.0,2000.0,1.0,1820.2300000011455,False
A1T7EB1WEDCMXV,ns,1,15-2,15.0,2000.0,1.0,3962.305000000866,False
A1T7EB1WEDCMXV,ns,1,15-2,15.0,2000.0,1.0,2621.6100000001024,False
A1T7EB1WEDCMXV,ns,1,15-2,15.0,2000.0,1.0,583.0650000006426,False
A1T7EB1WEDCMXV,ns,1,15-2,15.0,2000.0,4.0,7322.70500000054,False
A1T7EB1WEDCMXV,ns,1,15-2,15.0,2000.0,1.0,2136.6400000024587,False
A1T7EB1WEDCMXV,ns,1,15-2,15.0,2000.0,2.0,6118.18500000122,False
A1T7EB1WEDCMXV,ns,1,15-2,15.0,2000.0,15.0,0.0,True
A1T7EB1WEDCMXV,ns,1,15-2,15.0,2000.0,15.0,313.6699999999255,False
A1T7EB1WEDCMXV,ns,1,15-2,15.0,2000.0,13.0,2857.7700000004843,False
A1T7EB1WEDCMXV,ns,1,15-2,15.0,2000.0,14.0,8669.600000001024,False
A1T7EB1WEDCMXV,ns,1,15-2,15.0,2000.0,15.0,2158.3549999995157,False
A1T7EB1WEDCMXV,ns,2,15-2,15.0,2000.0,14.0,562.7700000003679,False
A1T7EB1WEDCMXV,ns,2,15-2,15.0,2000.0,13.0,4722.225000001257,False
A1T7EB1WEDCMXV,ns,2,15-2,15.0,2000.0,15.0,0.0,True
A1T7EB1WEDCMXV,ns,2,15-2,15.0,2000.0,15.0,1408.3200000004144,False
A1T7EB1WEDCMXV,ns,2,15-2,15.0,2000.0,14.0,5674.479999999516,False
A1T7EB1WEDCMXV,ns,2,15-2,15.0,2000.0,14.0,496.31000000052154,False
A1T7EB1WEDCMXV,ns,2,15-2,15.0,2000.0,13.0,4146.28499999875,False
A1T7EB1WEDCMXV,ns,2,15-2,15.0,2000.0,15.0,5796.385000001406,False
A1T7EB1WEDCMXV,ns,2,15-2,15.0,2000.0,13.0,1183.8050000004005,False
A1T7EB1WEDCMXV,ns,2,15-2,15.0,2000.0,12.0,3201.430000000866,False
A1T7EB1WEDCMXV,ns,2,15-2,15.0,2000.0,12.0,623.5850000011269,False
A1T7EB1WEDCMXV,ns,2,15-2,15.0,2000.0,12.0,1055.389999999432,False
A1T7EB1WEDCMXV,ns,3,15-2,15.0,2000.0,13.0,85.12000000016997,False
A1T7EB1WEDCMXV,ns,3,15-2,15.0,2000.0,13.0,859.2549999998882,False
A1T7EB1WEDCMXV,ns,3,15-2,15.0,2000.0,11.0,783.5699999999488,False
A1T7EB1WEDCMXV,ns,3,15-2,15.0,2000.0,14.0,2985.68499999959,False
A1T7EB1WEDCMXV,ns,3,15-2,15.0,2000.0,13.0,5720.394999999786,False
A1T7EB1WEDCMXV,ns,3,15-2,15.0,2000.0,12.0,9828.39000000013,False
A1T7EB1WEDCMXV,ns,3,15-2,15.0,2000.0,13.0,466.6899999997113,False
A1T7EB1WEDCMXV,ns,3,15-2,15.0,2000.0,14.0,2915.524999999907,False
A1T7EB1WEDCMXV,ns,3,15-2,15.0,2000.0,11.0,3287.6149999999907,False
A1T7EB1WEDCMXV,ns,3,15-2,15.0,2000.0,11.0,0.0,True
A1T7EB1WEDCMXV,ns,3,15-2,15.0,2000.0,11.0,1602.429999999702,False
A1T7EB1WEDCMXV,ns,3,15-2,15.0,2000.0,12.0,926.6099999998696,False
A1T7EB1WEDCMXV,ns,4,15-2,15.0,2000.0,10.0,996.0150000001304,False
A1T7EB1WEDCMXV,ns,4,15-2,15.0,2000.0,12.0,0.0,True
A1T7EB1WEDCMXV,ns,4,15-2,15.0,2000.0,13.0,1298.7400000002235,False
A1T7EB1WEDCMXV,ns,4,15-2,15.0,2000.0,10.0,2467.964999999851,False
A1T7EB1WEDCMXV,ns,4,15-2,15.0,2000.0,13.0,75.31500000006054,False
A1T7EB1WEDCMXV,ns,4,15-2,15.0,2000.0,11.0,1316.714999999851,False
A1T7EB1WEDCMXV,ns,4,15-2,15.0,2000.0,12.0,602.5449999996927,False
A1T7EB1WEDCMXV,ns,4,15-2,15.0,2000.0,13.0,6207.585000000196,False
A1T7EB1WEDCMXV,ns,4,15-2,15.0,2000.0,10.0,3230.6299999998882,False
A1T7EB1WEDCMXV,ns,4,15-2,15.0,2000.0,12.0,167.38500000024214,False
A1T7EB1WEDCMXV,ns,4,15-2,15.0,2000.0,11.0,2680.304999999935,False
A1T7EB1WEDCMXV,ns,4,15-2,15.0,2000.0,11.0,969.7450000008103,False
A1TR2AOKWGQ78A,ns,1,15-2,15.0,2000.0,1.0,14306.0,False
A1TR2AOKWGQ78A,ns,1,15-2,15.0,2000.0,1.0,6540.0,False
A1TR2AOKWGQ78A,ns,1,15-2,15.0,2000.0,2.0,4843.0,False
A1TR2AOKWGQ78A,ns,1,15-2,15.0,2000.0,1.0,5132.0,False
A1TR2AOKWGQ78A,ns,1,15-2,15.0,2000.0,5.0,1533.0,False
A1TR2AOKWGQ78A,ns,1,15-2,15.0,2000.0,1.0,0.0,True
A1TR2AOKWGQ78A,ns,1,15-2,15.0,2000.0,5.0,4223.0,False
A1TR2AOKWGQ78A,ns,1,15-2,15.0,2000.0,2.0,5217.0,False
A1TR2AOKWGQ78A,ns,1,15-2,15.0,2000.0,2.0,441.0,False
A1TR2AOKWGQ78A,ns,1,15-2,15.0,2000.0,1.0,2432.0,False
A1TR2AOKWGQ78A,ns,1,15-2,15.0,2000.0,5.0,7307.0,False
A1TR2AOKWGQ78A,ns,2,15-2,15.0,2000.0,1.0,2107.0,False
A1TR2AOKWGQ78A,ns,2,15-2,15.0,2000.0,6.0,7374.0,False
A1TR2AOKWGQ78A,ns,2,15-2,15.0,2000.0,2.0,4192.0,False
A1TR2AOKWGQ78A,ns,2,15-2,15.0,2000.0,14.0,800.0,False
A1TR2AOKWGQ78A,ns,2,15-2,15.0,2000.0,2.0,1491.0,False
A1TR2AOKWGQ78A,ns,2,15-2,15.0,2000.0,1.0,7678.0,False
A1TR2AOKWGQ78A,ns,2,15-2,15.0,2000.0,3.0,33573.0,False
A1TR2AOKWGQ78A,ns,2,15-2,15.0,2000.0,1.0,28549.0,False
A1TR2AOKWGQ78A,ns,2,15-2,15.0,2000.0,2.0,5605.0,False
A1TR2AOKWGQ78A,ns,2,15-2,15.0,2000.0,14.0,0.0,True
A1TR2AOKWGQ78A,ns,3,15-2,15.0,2000.0,1.0,995.0,False
A1TR2AOKWGQ78A,ns,3,15-2,15.0,2000.0,15.0,2552.0,False
A1TR2AOKWGQ78A,ns,3,15-2,15.0,2000.0,15.0,662.0,False
A1TR2AOKWGQ78A,ns,3,15-2,15.0,2000.0,13.0,766.0,False
A1TR2AOKWGQ78A,ns,3,15-2,15.0,2000.0,13.0,0.0,True
A1TR2AOKWGQ78A,ns,3,15-2,15.0,2000.0,1.0,1917.0,False
A1TR2AOKWGQ78A,ns,3,15-2,15.0,2000.0,14.0,1571.0,False
A1TR2AOKWGQ78A,ns,3,15-2,15.0,2000.0,1.0,4544.0,False
A1TR2AOKWGQ78A,ns,3,15-2,15.0,2000.0,1.0,4357.0,False
A1TR2AOKWGQ78A,ns,3,15-2,15.0,2000.0,1.0,1502.0,False
A1V2H0UF94ATWY,ns,1,10-2,10.0,2000.0,8.0,856.2000000001863,False
A1V2H0UF94ATWY,ns,1,10-2,10.0,2000.0,10.0,596.6000000005588,False
A1V2H0UF94ATWY,ns,1,10-2,10.0,2000.0,9.0,1192.5,False
A1V2H0UF94ATWY,ns,1,10-2,10.0,2000.0,10.0,679.2999999998137,False
A1V2H0UF94ATWY,ns,1,10-2,10.0,2000.0,8.0,0.0,True
A1V2H0UF94ATWY,ns,1,10-2,10.0,2000.0,8.0,2532.0,False
A1V2H0UF94ATWY,ns,1,10-2,10.0,2000.0,7.0,1036.6000000005588,False
A1V2H0UF94ATWY,ns,1,10-2,10.0,2000.0,8.0,869.7999999998137,False
A1V2H0UF94ATWY,ns,1,10-2,10.0,2000.0,9.0,185.90000000037298,False
A1V2H0UF94ATWY,ns,1,10-2,10.0,2000.0,10.0,508.5,False
A1V2H0UF94ATWY,ns,1,10-2,10.0,2000.0,7.0,809.0,False
A1V2H0UF94ATWY,ns,1,10-2,10.0,2000.0,9.0,425.0,False
A1V2H0UF94ATWY,ns,2,10-2,10.0,2000.0,10.0,0.0,True
A1V2H0UF94ATWY,ns,2,10-2,10.0,2000.0,8.0,2383.0,False
A1V2H0UF94ATWY,ns,2,10-2,10.0,2000.0,6.0,4016.899999999907,False
A1V2H0UF94ATWY,ns,2,10-2,10.0,2000.0,6.0,2753.5,False
A1V2H0UF94ATWY,ns,2,10-2,10.0,2000.0,7.0,2847.299999999349,False
A1V2H0UF94ATWY,ns,2,10-2,10.0,2000.0,8.0,2414.8000000002794,False
A1V2H0UF94ATWY,ns,2,10-2,10.0,2000.0,7.0,6425.09999999916,False
A1V2H0UF94ATWY,ns,2,10-2,10.0,2000.0,8.0,3433.6999999997206,False
A1V2H0UF94ATWY,ns,2,10-2,10.0,2000.0,7.0,4991.800000000279,False
A1V2H0UF94ATWY,ns,2,10-2,10.0,2000.0,7.0,2313.399999999907,False
A1V2H0UF94ATWY,ns,2,10-2,10.0,2000.0,7.0,7991.199999999721,False
A1V2H0UF94ATWY,ns,3,10-2,10.0,2000.0,7.0,0.0,True
A1V2H0UF94ATWY,ns,3,10-2,10.0,2000.0,10.0,2628.199999999256,False
A1V2H0UF94ATWY,ns,3,10-2,10.0,2000.0,8.0,3994.199999999256,False
A1V2H0UF94ATWY,ns,3,10-2,10.0,2000.0,8.0,2389.5,False
A1V2H0UF94ATWY,ns,3,10-2,10.0,2000.0,9.0,2301.7999999998137,False
A1V2H0UF94ATWY,ns,3,10-2,10.0,2000.0,8.0,2745.899999999441,False
A1V2H0UF94ATWY,ns,3,10-2,10.0,2000.0,8.0,3189.2999999998137,False
A1V2H0UF94ATWY,ns,3,10-2,10.0,2000.0,9.0,3123.9999999990687,False
A1V2H0UF94ATWY,ns,3,10-2,10.0,2000.0,9.0,4520.200000000186,False
A1V2H0UF94ATWY,ns,3,10-2,10.0,2000.0,8.0,2597.9999999990687,False
A1V2H0UF94ATWY,ns,3,10-2,10.0,2000.0,7.0,2780.9999999990687,False
A1V2H0UF94ATWY,ns,3,10-2,10.0,2000.0,10.0,2422.5999999996275,False
A1V2H0UF94ATWY,ns,4,10-2,10.0,2000.0,4.0,2945.799999999581,False
A1V2H0UF94ATWY,ns,4,10-2,10.0,2000.0,5.0,1011.6999999997206,False
A1V2H0UF94ATWY,ns,4,10-2,10.0,2000.0,5.0,1095.399999999674,False
A1V2H0UF94ATWY,ns,4,10-2,10.0,2000.0,7.0,334.69999999995343,False
A1V2H0UF94ATWY,ns,4,10-2,10.0,2000.0,8.0,0.0,True
A1V2H0UF94ATWY,ns,4,10-2,10.0,2000.0,9.0,4558.100000000093,False
A1V2H0UF94ATWY,ns,4,10-2,10.0,2000.0,9.0,1582.8999999999069,False
A1V2H0UF94ATWY,ns,4,10-2,10.0,2000.0,8.0,479.5,False
A1V2H0UF94ATWY,ns,4,10-2,10.0,2000.0,4.0,2892.399999999907,False
A1V2H0UF94ATWY,ns,4,10-2,10.0,2000.0,9.0,920.3999999999069,False
A1V2H0UF94ATWY,ns,4,10-2,10.0,2000.0,4.0,1377.1000000000931,False
A1V2H0UF94ATWY,ns,4,10-2,10.0,2000.0,8.0,901.5999999996275,False
A1W7T8V97ZPUH0,ns,1,10-2,10.0,2000.0,1.0,0.0,True
A1W7T8V97ZPUH0,ns,1,10-2,10.0,2000.0,1.0,3663.0,False
A1W7T8V97ZPUH0,ns,1,10-2,10.0,2000.0,2.0,11294.0,False
A1W7T8V97ZPUH0,ns,1,10-2,10.0,2000.0,3.0,9194.0,False
A1W7T8V97ZPUH0,ns,1,10-2,10.0,2000.0,5.0,10997.0,False
A1W7T8V97ZPUH0,ns,1,10-2,10.0,2000.0,4.0,14704.0,False
A1W7T8V97ZPUH0,ns,2,10-2,10.0,2000.0,2.0,4360.0,False
A1W7T8V97ZPUH0,ns,2,10-2,10.0,2000.0,1.0,4955.0,False
A1W7T8V97ZPUH0,ns,2,10-2,10.0,2000.0,1.0,11842.0,False
A1W7T8V97ZPUH0,ns,2,10-2,10.0,2000.0,10.0,482.0,False
A1W7T8V97ZPUH0,ns,2,10-2,10.0,2000.0,1.0,0.0,True
A1W7T8V97ZPUH0,ns,2,10-2,10.0,2000.0,6.0,2873.0,False
A1W7T8V97ZPUH0,ns,3,10-2,10.0,2000.0,7.0,11701.0,False
A1W7T8V97ZPUH0,ns,3,10-2,10.0,2000.0,4.0,1636.0,False
A1W7T8V97ZPUH0,ns,3,10-2,10.0,2000.0,5.0,1754.0,False
A1W7T8V97ZPUH0,ns,3,10-2,10.0,2000.0,4.0,12603.0,False
A1W7T8V97ZPUH0,ns,3,10-2,10.0,2000.0,9.0,0.0,True
A1W7T8V97ZPUH0,ns,3,10-2,10.0,2000.0,9.0,236.0,False
A1W7T8V97ZPUH0,ns,3,10-2,10.0,2000.0,9.0,1841.0,False
A1W7T8V97ZPUH0,ns,3,10-2,10.0,2000.0,2.0,2223.0,False
A1W7T8V97ZPUH0,ns,4,10-2,10.0,2000.0,1.0,0.0,True
A1W7T8V97ZPUH0,ns,4,10-2,10.0,2000.0,1.0,1813.0,False
A1W7T8V97ZPUH0,ns,4,10-2,10.0,2000.0,1.0,2039.0,False
A1W7T8V97ZPUH0,ns,4,10-2,10.0,2000.0,1.0,7820.0,False
A1W7T8V97ZPUH0,ns,4,10-2,10.0,2000.0,1.0,2226.0,False
A1W7T8V97ZPUH0,ns,4,10-2,10.0,2000.0,1.0,5017.0,False
A1W7T8V97ZPUH0,ns,4,10-2,10.0,2000.0,1.0,7642.0,False
A1W7T8V97ZPUH0,ns,4,10-2,10.0,2000.0,2.0,3286.0,False
A1WM3INNDW2776,ns,1,15-2,15.0,2000.0,1.0,23540.0,False
A1WM3INNDW2776,ns,1,15-2,15.0,2000.0,8.0,6883.0,False
A1WM3INNDW2776,ns,1,15-2,15.0,2000.0,12.0,4799.0,False
A1WM3INNDW2776,ns,1,15-2,15.0,2000.0,14.0,176.0,False
A1WM3INNDW2776,ns,1,15-2,15.0,2000.0,15.0,4947.0,False
A1WM3INNDW2776,ns,1,15-2,15.0,2000.0,15.0,1119.0,False
A1WM3INNDW2776,ns,1,15-2,15.0,2000.0,3.0,2958.0,False
A1WM3INNDW2776,ns,1,15-2,15.0,2000.0,3.0,4838.0,False
A1WM3INNDW2776,ns,1,15-2,15.0,2000.0,14.0,0.0,True
A1WM3INNDW2776,ns,2,15-2,15.0,2000.0,3.0,5327.0,False
A1WM3INNDW2776,ns,2,15-2,15.0,2000.0,15.0,2883.0,False
A1WM3INNDW2776,ns,2,15-2,15.0,2000.0,1.0,4542.0,False
A1WM3INNDW2776,ns,2,15-2,15.0,2000.0,15.0,6281.0,False
A1WM3INNDW2776,ns,2,15-2,15.0,2000.0,13.0,0.0,True
A1WM3INNDW2776,ns,2,15-2,15.0,2000.0,2.0,2046.0,False
A1WM3INNDW2776,ns,3,15-2,15.0,2000.0,1.0,5266.0,False
A1WM3INNDW2776,ns,3,15-2,15.0,2000.0,1.0,7673.0,False
A1WM3INNDW2776,ns,3,15-2,15.0,2000.0,1.0,7625.0,False
A1WM3INNDW2776,ns,3,15-2,15.0,2000.0,1.0,7032.0,False
A1WM3INNDW2776,ns,3,15-2,15.0,2000.0,2.0,8251.0,False
A1WM3INNDW2776,ns,3,15-2,15.0,2000.0,1.0,2719.0,False
A1WM3INNDW2776,ns,3,15-2,15.0,2000.0,2.0,2704.0,False
A1WM3INNDW2776,ns,3,15-2,15.0,2000.0,15.0,3438.0,False
A1WM3INNDW2776,ns,3,15-2,15.0,2000.0,1.0,2657.0,False
A1WM3INNDW2776,ns,3,15-2,15.0,2000.0,15.0,0.0,True
A1WM3INNDW2776,ns,3,15-2,15.0,2000.0,1.0,2110.0,False
A1WM3INNDW2776,ns,4,15-2,15.0,2000.0,2.0,1042.0,False
A1WM3INNDW2776,ns,4,15-2,15.0,2000.0,15.0,2937.0,False
A1WM3INNDW2776,ns,4,15-2,15.0,2000.0,15.0,6040.0,False
A1WM3INNDW2776,ns,4,15-2,15.0,2000.0,15.0,791.0,False
A1WM3INNDW2776,ns,4,15-2,15.0,2000.0,15.0,3307.0,False
A1WM3INNDW2776,ns,4,15-2,15.0,2000.0,15.0,0.0,True
A1WM3INNDW2776,ns,4,15-2,15.0,2000.0,15.0,2371.0,False
A1WM3INNDW2776,ns,4,15-2,15.0,2000.0,15.0,5767.0,False
A1WM3INNDW2776,ns,4,15-2,15.0,2000.0,12.0,4041.0,False
A1WM3INNDW2776,ns,4,15-2,15.0,2000.0,14.0,2022.0,False
A1WM3INNDW2776,ns,4,15-2,15.0,2000.0,14.0,2149.0,False
A1WM3INNDW2776,ns,4,15-2,15.0,2000.0,15.0,5473.0,False
A1WPGNK8Y65BV3,ns,1,10-2,10.0,2000.0,1.0,0.0,True
A1WPGNK8Y65BV3,ns,1,10-2,10.0,2000.0,10.0,2551.7999999523163,False
A1WPGNK8Y65BV3,ns,1,10-2,10.0,2000.0,10.0,1502.8999998569489,False
A1WPGNK8Y65BV3,ns,1,10-2,10.0,2000.0,8.0,3361.2999999523163,False
A1WPGNK8Y65BV3,ns,1,10-2,10.0,2000.0,10.0,1866.6999998092656,False
A1WPGNK8Y65BV3,ns,1,10-2,10.0,2000.0,10.0,4649.200000047684,False
A1WPGNK8Y65BV3,ns,1,10-2,10.0,2000.0,1.0,291.7999999523165,False
A1WPGNK8Y65BV3,ns,1,10-2,10.0,2000.0,1.0,432.89999985694885,False
A1WPGNK8Y65BV3,ns,1,10-2,10.0,2000.0,1.0,563.0999999046326,False
A1WPGNK8Y65BV3,ns,1,10-2,10.0,2000.0,1.0,646.2999999523167,False
A1WPGNK8Y65BV3,ns,1,10-2,10.0,2000.0,1.0,1373.3999998569489,False
A1WPGNK8Y65BV3,ns,1,10-2,10.0,2000.0,10.0,325.59999990463257,False
A1WPGNK8Y65BV3,ns,2,10-2,10.0,2000.0,1.0,1328.69999998808,False
A1WPGNK8Y65BV3,ns,2,10-2,10.0,2000.0,1.0,615.2000000178814,False
A1WPGNK8Y65BV3,ns,2,10-2,10.0,2000.0,1.0,0.0,True
A1WPGNK8Y65BV3,ns,2,10-2,10.0,2000.0,6.0,4579.299999982119,False
A1WPGNK8Y65BV3,ns,2,10-2,10.0,2000.0,10.0,2948.69999998808,False
A1WPGNK8Y65BV3,ns,2,10-2,10.0,2000.0,10.0,681.69999998808,False
A1WPGNK8Y65BV3,ns,2,10-2,10.0,2000.0,10.0,526.0999999940395,False
A1WPGNK8Y65BV3,ns,2,10-2,10.0,2000.0,10.0,1706.5999999940395,False
A1WPGNK8Y65BV3,ns,2,10-2,10.0,2000.0,10.0,6100.199999988079,False
A1WPGNK8Y65BV3,ns,2,10-2,10.0,2000.0,10.0,3988.999999999999,False
A1WPGNK8Y65BV3,ns,2,10-2,10.0,2000.0,10.0,1355.19999998808,False
A1WPGNK8Y65BV3,ns,2,10-2,10.0,2000.0,10.0,2871.9000000059605,False
A1WPGNK8Y65BV3,ns,3,10-2,10.0,2000.0,8.0,0.0,True
A1WPGNK8Y65BV3,ns,3,10-2,10.0,2000.0,10.0,5584.8999999165535,False
A1WPGNK8Y65BV3,ns,3,10-2,10.0,2000.0,10.0,1058.8999999761581,False
A1WPGNK8Y65BV3,ns,3,10-2,10.0,2000.0,10.0,2222.9999999403954,False
A1WPGNK8Y65BV3,ns,3,10-2,10.0,2000.0,9.0,1323.3999999761581,False
A1WPGNK8Y65BV3,ns,3,10-2,10.0,2000.0,10.0,1502.199999988079,False
A1WPGNK8Y65BV3,ns,3,10-2,10.0,2000.0,10.0,5148.699999988079,False
A1WPGNK8Y65BV3,ns,3,10-2,10.0,2000.0,10.0,3688.1999999284744,False
A1WPGNK8Y65BV3,ns,3,10-2,10.0,2000.0,10.0,2340.099999964237,False
A1WPGNK8Y65BV3,ns,3,10-2,10.0,2000.0,10.0,3133.599999964237,False
A1WPGNK8Y65BV3,ns,3,10-2,10.0,2000.0,10.0,2071.3999999165535,False
A1WPGNK8Y65BV3,ns,3,10-2,10.0,2000.0,10.0,2618.5,False
A1WPGNK8Y65BV3,ns,4,10-2,10.0,2000.0,9.0,1209.2000000029802,False
A1WPGNK8Y65BV3,ns,4,10-2,10.0,2000.0,10.0,2823.300000000745,False
A1WPGNK8Y65BV3,ns,4,10-2,10.0,2000.0,1.0,158.90000000223517,False
A1WPGNK8Y65BV3,ns,4,10-2,10.0,2000.0,1.0,902.0999999977648,False
A1WPGNK8Y65BV3,ns,4,10-2,10.0,2000.0,10.0,1709.9000000022352,False
A1WPGNK8Y65BV3,ns,4,10-2,10.0,2000.0,5.0,758.6999999992549,False
A1WPGNK8Y65BV3,ns,4,10-2,10.0,2000.0,1.0,1456.5,False
A1WPGNK8Y65BV3,ns,4,10-2,10.0,2000.0,10.0,0.0,True
A1WPGNK8Y65BV3,ns,4,10-2,10.0,2000.0,1.0,561.3000000007451,False
A1WPGNK8Y65BV3,ns,4,10-2,10.0,2000.0,2.0,469.5999999977648,False
A1WPGNK8Y65BV3,ns,4,10-2,10.0,2000.0,1.0,612.2000000029798,False
A1XMGLCK09Z0DW,ns,1,10-2,10.0,2000.0,1.0,1898.0,False
A1XMGLCK09Z0DW,ns,1,10-2,10.0,2000.0,8.0,13613.0,False
A1XMGLCK09Z0DW,ns,1,10-2,10.0,2000.0,10.0,2245.0,False
A1XMGLCK09Z0DW,ns,1,10-2,10.0,2000.0,7.0,17164.0,False
A1XMGLCK09Z0DW,ns,1,10-2,10.0,2000.0,1.0,10869.0,False
A1XMGLCK09Z0DW,ns,1,10-2,10.0,2000.0,1.0,3406.0,False
A1XMGLCK09Z0DW,ns,1,10-2,10.0,2000.0,1.0,56076.0,False
A1XMGLCK09Z0DW,ns,1,10-2,10.0,2000.0,1.0,0.0,True
A1XMGLCK09Z0DW,ns,2,10-2,10.0,2000.0,1.0,10549.0,False
A1XMGLCK09Z0DW,ns,2,10-2,10.0,2000.0,6.0,248.0,False
A1XMGLCK09Z0DW,ns,2,10-2,10.0,2000.0,1.0,0.0,True
A1XMGLCK09Z0DW,ns,2,10-2,10.0,2000.0,9.0,14138.0,False
A1XMGLCK09Z0DW,ns,2,10-2,10.0,2000.0,3.0,7624.0,False
A1XMGLCK09Z0DW,ns,2,10-2,10.0,2000.0,5.0,6170.0,False
A1XMGLCK09Z0DW,ns,2,10-2,10.0,2000.0,4.0,1883.0,False
A1XMGLCK09Z0DW,ns,3,10-2,10.0,2000.0,1.0,0.0,True
A1XMGLCK09Z0DW,ns,3,10-2,10.0,2000.0,1.0,10349.0,False
A1XMGLCK09Z0DW,ns,3,10-2,10.0,2000.0,9.0,3597.0,False
A1XMGLCK09Z0DW,ns,3,10-2,10.0,2000.0,6.0,7357.0,False
A1XMGLCK09Z0DW,ns,3,10-2,10.0,2000.0,7.0,9879.0,False
A1XMGLCK09Z0DW,ns,3,10-2,10.0,2000.0,3.0,3288.0,False
A1XMGLCK09Z0DW,ns,3,10-2,10.0,2000.0,1.0,1734.0,False
A1XMGLCK09Z0DW,ns,3,10-2,10.0,2000.0,5.0,1515.0,False
A1XMGLCK09Z0DW,ns,3,10-2,10.0,2000.0,8.0,6977.0,False
A1XMGLCK09Z0DW,ns,3,10-2,10.0,2000.0,4.0,5041.0,False
A1XMGLCK09Z0DW,ns,3,10-2,10.0,2000.0,6.0,813.0,False
A1XMGLCK09Z0DW,ns,4,10-2,10.0,2000.0,1.0,0.0,True
A1XMGLCK09Z0DW,ns,4,10-2,10.0,2000.0,4.0,7169.0,False
A1XMGLCK09Z0DW,ns,4,10-2,10.0,2000.0,1.0,6829.0,False
A1XMGLCK09Z0DW,ns,4,10-2,10.0,2000.0,5.0,15903.0,False
A1XMGLCK09Z0DW,ns,4,10-2,10.0,2000.0,3.0,11551.0,False
A1XMGLCK09Z0DW,ns,4,10-2,10.0,2000.0,7.0,26836.0,False
A1XMGLCK09Z0DW,ns,4,10-2,10.0,2000.0,7.0,5309.0,False
A1XMGLCK09Z0DW,ns,4,10-2,10.0,2000.0,10.0,20914.0,False
A1YFL5HXPZ7MVV,ns,1,20-1,20.0,1000.0,1.0,0.0,True
A1YFL5HXPZ7MVV,ns,1,20-1,20.0,1000.0,3.0,3834.400000035761,False
A1YFL5HXPZ7MVV,ns,1,20-1,20.0,1000.0,19.0,12448.500000029802,False
A1YFL5HXPZ7MVV,ns,1,20-1,20.0,1000.0,20.0,2398.0000000298014,False
A1YFL5HXPZ7MVV,ns,1,20-1,20.0,1000.0,18.0,5102.200000017881,False
A1YFL5HXPZ7MVV,ns,1,20-1,20.0,1000.0,1.0,2280.2000000178805,False
A1YFL5HXPZ7MVV,ns,1,20-1,20.0,1000.0,1.0,6125.600000023842,False
A1YFL5HXPZ7MVV,ns,1,20-1,20.0,1000.0,19.0,2508.100000023842,False
A1YFL5HXPZ7MVV,ns,1,20-1,20.0,1000.0,20.0,4286.600000023842,False
A1YFL5HXPZ7MVV,ns,1,20-1,20.0,1000.0,3.0,20247.100000023842,False
A1YFL5HXPZ7MVV,ns,2,20-1,20.0,1000.0,1.0,2267.0999999046326,False
A1YFL5HXPZ7MVV,ns,2,20-1,20.0,1000.0,16.0,5733.5,False
A1YFL5HXPZ7MVV,ns,2,20-1,20.0,1000.0,17.0,266.2000000476837,False
A1YFL5HXPZ7MVV,ns,2,20-1,20.0,1000.0,15.0,1898.7999999523163,False
A1YFL5HXPZ7MVV,ns,2,20-1,20.0,1000.0,20.0,5340.399999856949,False
A1YFL5HXPZ7MVV,ns,2,20-1,20.0,1000.0,19.0,1868.7999999523163,False
A1YFL5HXPZ7MVV,ns,2,20-1,20.0,1000.0,20.0,380.4999997615814,False
A1YFL5HXPZ7MVV,ns,2,20-1,20.0,1000.0,20.0,0.0,True
A1YFL5HXPZ7MVV,ns,2,20-1,20.0,1000.0,20.0,8445.099999904633,False
A1YFL5HXPZ7MVV,ns,2,20-1,20.0,1000.0,20.0,625.7999999523163,False
A1YFL5HXPZ7MVV,ns,3,20-1,20.0,1000.0,3.0,1852.7999999523158,False
A1YFL5HXPZ7MVV,ns,3,20-1,20.0,1000.0,15.0,745.8000001907344,False
A1YFL5HXPZ7MVV,ns,3,20-1,20.0,1000.0,20.0,758.7999999523158,False
A1YFL5HXPZ7MVV,ns,3,20-1,20.0,1000.0,19.0,1774.0000002384181,False
A1YFL5HXPZ7MVV,ns,3,20-1,20.0,1000.0,15.0,0.0,True
A1YFL5HXPZ7MVV,ns,3,20-1,20.0,1000.0,15.0,1664.400000095367,False
A1YFL5HXPZ7MVV,ns,3,20-1,20.0,1000.0,15.0,968.7000000476833,False
A1YFL5HXPZ7MVV,ns,3,20-1,20.0,1000.0,17.0,340.2000000476828,False
A1YFL5HXPZ7MVV,ns,3,20-1,20.0,1000.0,16.0,2681.9999999999995,False
A1YFL5HXPZ7MVV,ns,3,20-1,20.0,1000.0,19.0,1510.900000095367,False
A1YFL5HXPZ7MVV,ns,4,20-1,20.0,1000.0,20.0,2837.4000000953674,False
A1YFL5HXPZ7MVV,ns,4,20-1,20.0,1000.0,13.0,11588.099999904633,False
A1YFL5HXPZ7MVV,ns,4,20-1,20.0,1000.0,17.0,0.0,True
A1YFL5HXPZ7MVV,ns,4,20-1,20.0,1000.0,16.0,2658.7000002861023,False
A1YFL5HXPZ7MVV,ns,4,20-1,20.0,1000.0,20.0,1234.7999997138977,False
A1YFL5HXPZ7MVV,ns,4,20-1,20.0,1000.0,19.0,7926.200000286102,False
A1YFL5HXPZ7MVV,ns,4,20-1,20.0,1000.0,20.0,2702.0999999046326,False
A1YFL5HXPZ7MVV,ns,4,20-1,20.0,1000.0,18.0,830.8000001907349,False
A1YFL5HXPZ7MVV,ns,4,20-1,20.0,1000.0,19.0,585.1000003814697,False
A1Z82Y9E6YWY80,ns,1,15-2,15.0,2000.0,2.0,0.0,True
A1Z82Y9E6YWY80,ns,1,15-2,15.0,2000.0,1.0,37.39999985694885,False
A1Z82Y9E6YWY80,ns,1,15-2,15.0,2000.0,5.0,4030.100000143053,False
A1Z82Y9E6YWY80,ns,1,15-2,15.0,2000.0,15.0,482.0,False
A1Z82Y9E6YWY80,ns,1,15-2,15.0,2000.0,1.0,688.2999999523163,False
A1Z82Y9E6YWY80,ns,1,15-2,15.0,2000.0,3.0,1220.6999998092651,False
A1Z82Y9E6YWY80,ns,2,15-2,15.0,2000.0,2.0,6000.100000143051,False
A1Z82Y9E6YWY80,ns,2,15-2,15.0,2000.0,1.0,656.8000001907349,False
A1Z82Y9E6YWY80,ns,2,15-2,15.0,2000.0,15.0,4435.600000143051,False
A1Z82Y9E6YWY80,ns,2,15-2,15.0,2000.0,15.0,0.0,True
A1Z82Y9E6YWY80,ns,2,15-2,15.0,2000.0,15.0,62.60000014305115,False
A1Z82Y9E6YWY80,ns,2,15-2,15.0,2000.0,15.0,5251.600000143051,False
A1Z82Y9E6YWY80,ns,3,15-2,15.0,2000.0,15.0,15990.199999809265,False
A1Z82Y9E6YWY80,ns,3,15-2,15.0,2000.0,15.0,6123.500000000002,False
A1Z82Y9E6YWY80,ns,3,15-2,15.0,2000.0,15.0,2168.800000190735,False
A1Z82Y9E6YWY80,ns,3,15-2,15.0,2000.0,15.0,24029.999999523163,False
A1Z82Y9E6YWY80,ns,3,15-2,15.0,2000.0,14.0,2275.8999996185303,False
A1Z82Y9E6YWY80,ns,3,15-2,15.0,2000.0,1.0,6696.199999809265,False
A1Z82Y9E6YWY80,ns,3,15-2,15.0,2000.0,1.0,10692.400000095367,False
A1Z82Y9E6YWY80,ns,3,15-2,15.0,2000.0,15.0,0.0,True
A1Z82Y9E6YWY80,ns,3,15-2,15.0,2000.0,15.0,14496.199999809265,False
A1Z82Y9E6YWY80,ns,4,15-2,15.0,2000.0,15.0,4021.000000476837,False
A1Z82Y9E6YWY80,ns,4,15-2,15.0,2000.0,15.0,0.0,True
A1Z82Y9E6YWY80,ns,4,15-2,15.0,2000.0,13.0,16082.900000095375,False
A1Z82Y9E6YWY80,ns,4,15-2,15.0,2000.0,11.0,24780.900000572205,False
A1Z82Y9E6YWY80,ns,4,15-2,15.0,2000.0,14.0,13476.0,False
A1Z82Y9E6YWY80,ns,4,15-2,15.0,2000.0,10.0,5637.300000190735,False
A20GJP9C5KC2ZU,ns,1,40-1,40.0,1000.0,1.0,0.0,True
A20GJP9C5KC2ZU,ns,1,40-1,40.0,1000.0,40.0,7704.700000286104,False
A20GJP9C5KC2ZU,ns,1,40-1,40.0,1000.0,2.0,8589.59999990463,False
A20GJP9C5KC2ZU,ns,1,40-1,40.0,1000.0,2.0,5074.900000095367,False
A20GJP9C5KC2ZU,ns,1,40-1,40.0,1000.0,30.0,9222.10000038147,False
A20GJP9C5KC2ZU,ns,1,40-1,40.0,1000.0,39.0,7009.199999809265,False
A20GJP9C5KC2ZU,ns,1,40-1,40.0,1000.0,39.0,16561.599999904633,False
A20GJP9C5KC2ZU,ns,1,40-1,40.0,1000.0,5.0,4982.800000190735,False
A20GJP9C5KC2ZU,ns,1,40-1,40.0,1000.0,2.0,5434.10000038147,False
A20GJP9C5KC2ZU,ns,2,40-1,40.0,1000.0,3.0,12882.400000095377,False
A20GJP9C5KC2ZU,ns,2,40-1,40.0,1000.0,1.0,997.9000000953693,False
A20GJP9C5KC2ZU,ns,2,40-1,40.0,1000.0,5.0,7844.199999809267,False
A20GJP9C5KC2ZU,ns,2,40-1,40.0,1000.0,28.0,3529.1000003814734,False
A20GJP9C5KC2ZU,ns,2,40-1,40.0,1000.0,1.0,0.0,True
A20GJP9C5KC2ZU,ns,2,40-1,40.0,1000.0,3.0,14534.400000095377,False
A20GJP9C5KC2ZU,ns,2,40-1,40.0,1000.0,1.0,3487.500000476839,False
A20GJP9C5KC2ZU,ns,2,40-1,40.0,1000.0,2.0,5657.900000095369,False
A22GYYJXTS5KBH,ns,1,15-2,15.0,2000.0,1.0,0.0,True
A22GYYJXTS5KBH,ns,1,15-2,15.0,2000.0,2.0,2625.6999999955297,False
A22GYYJXTS5KBH,ns,1,15-2,15.0,2000.0,1.0,901.8999999985099,False
A22GYYJXTS5KBH,ns,1,15-2,15.0,2000.0,1.0,1850.3999999985099,False
A22GYYJXTS5KBH,ns,1,15-2,15.0,2000.0,15.0,789.3999999985099,False
A22GYYJXTS5KBH,ns,1,15-2,15.0,2000.0,1.0,2111.5,False
A22GYYJXTS5KBH,ns,1,15-2,15.0,2000.0,1.0,284.20000000298023,False
A22GYYJXTS5KBH,ns,1,15-2,15.0,2000.0,1.0,969.1999999955297,False
A22GYYJXTS5KBH,ns,1,15-2,15.0,2000.0,15.0,895.5,False
A22GYYJXTS5KBH,ns,1,15-2,15.0,2000.0,15.0,2644.39999999851,False
A22GYYJXTS5KBH,ns,2,15-2,15.0,2000.0,1.0,3261.400000035763,False
A22GYYJXTS5KBH,ns,2,15-2,15.0,2000.0,14.0,0.0,True
A22GYYJXTS5KBH,ns,2,15-2,15.0,2000.0,14.0,4258.600000023842,False
A22GYYJXTS5KBH,ns,2,15-2,15.0,2000.0,1.0,799.0999999642372,False
A22GYYJXTS5KBH,ns,2,15-2,15.0,2000.0,11.0,524.5999999642372,False
A22GYYJXTS5KBH,ns,2,15-2,15.0,2000.0,1.0,3315.5,False
A22GYYJXTS5KBH,ns,2,15-2,15.0,2000.0,15.0,445.5,False
A22GYYJXTS5KBH,ns,2,15-2,15.0,2000.0,1.0,643.8999999761581,False
A22GYYJXTS5KBH,ns,2,15-2,15.0,2000.0,1.0,2278.100000023842,False
A22GYYJXTS5KBH,ns,3,15-2,15.0,2000.0,1.0,352.20000000298023,False
A22GYYJXTS5KBH,ns,3,15-2,15.0,2000.0,1.0,3730.0,False
A22GYYJXTS5KBH,ns,3,15-2,15.0,2000.0,10.0,926.9000000059605,False
A22GYYJXTS5KBH,ns,3,15-2,15.0,2000.0,15.0,0.0,True
A22GYYJXTS5KBH,ns,3,15-2,15.0,2000.0,1.0,3763.0,False
A22GYYJXTS5KBH,ns,3,15-2,15.0,2000.0,1.0,4163.399999991059,False
A22GYYJXTS5KBH,ns,3,15-2,15.0,2000.0,15.0,2014.5999999940404,False
A22GYYJXTS5KBH,ns,3,15-2,15.0,2000.0,3.0,2134.5999999940404,False
A22GYYJXTS5KBH,ns,3,15-2,15.0,2000.0,1.0,132.29999999701977,False
A22Y78RVB8UFTD,ns,1,15-2,15.0,2000.0,1.0,0.0,True
A22Y78RVB8UFTD,ns,1,15-2,15.0,2000.0,1.0,1089.1000000834465,False
A22Y78RVB8UFTD,ns,1,15-2,15.0,2000.0,1.0,775.3000000119209,False
A22Y78RVB8UFTD,ns,1,15-2,15.0,2000.0,4.0,301.4000000357628,False
A22Y78RVB8UFTD,ns,1,15-2,15.0,2000.0,1.0,25.30000001192093,False
A22Y78RVB8UFTD,ns,1,15-2,15.0,2000.0,10.0,666.3000000715256,False
A22Y78RVB8UFTD,ns,1,15-2,15.0,2000.0,12.0,761.5000000596046,False
A22Y78RVB8UFTD,ns,1,15-2,15.0,2000.0,1.0,1704.7000000476837,False
A22Y78RVB8UFTD,ns,1,15-2,15.0,2000.0,15.0,2667.7000000476837,False
A22Y78RVB8UFTD,ns,1,15-2,15.0,2000.0,1.0,918.1000000238419,False
A22Y78RVB8UFTD,ns,1,15-2,15.0,2000.0,1.0,1569.199999988079,False
A22Y78RVB8UFTD,ns,2,15-2,15.0,2000.0,1.0,0.0,True
A22Y78RVB8UFTD,ns,2,15-2,15.0,2000.0,14.0,2531.399999976158,False
A22Y78RVB8UFTD,ns,2,15-2,15.0,2000.0,15.0,1583.5999999046326,False
A22Y78RVB8UFTD,ns,2,15-2,15.0,2000.0,1.0,3048.399999976158,False
A22Y78RVB8UFTD,ns,2,15-2,15.0,2000.0,13.0,2224.7999999523163,False
A22Y78RVB8UFTD,ns,2,15-2,15.0,2000.0,15.0,4745.199999928474,False
A22Y78RVB8UFTD,ns,2,15-2,15.0,2000.0,14.0,1695.0,False
A22Y78RVB8UFTD,ns,2,15-2,15.0,2000.0,1.0,2518.3000000715256,False
A22Y78RVB8UFTD,ns,2,15-2,15.0,2000.0,15.0,2332.2000000476837,False
A22Y78RVB8UFTD,ns,2,15-2,15.0,2000.0,13.0,2645.7999999523163,False
A22Y78RVB8UFTD,ns,2,15-2,15.0,2000.0,3.0,6922.399999976158,False
A248QG4DPULP46,ns,1,20-2,20.0,2000.0,1.0,0.0,True
A248QG4DPULP46,ns,1,20-2,20.0,2000.0,8.0,5241.700000047684,False
A248QG4DPULP46,ns,1,20-2,20.0,2000.0,15.0,1269.800000071526,False
A248QG4DPULP46,ns,1,20-2,20.0,2000.0,17.0,3482.800000071526,False
A248QG4DPULP46,ns,1,20-2,20.0,2000.0,7.0,1551.6000001430516,False
A248QG4DPULP46,ns,1,20-2,20.0,2000.0,18.0,3395.5000001192097,False
A248QG4DPULP46,ns,1,20-2,20.0,2000.0,14.0,3589.900000095368,False
A248QG4DPULP46,ns,1,20-2,20.0,2000.0,1.0,1641.5000000000005,False
A248QG4DPULP46,ns,1,20-2,20.0,2000.0,17.0,1399.7999999523167,False
A248QG4DPULP46,ns,1,20-2,20.0,2000.0,12.0,2664.5000001192097,False
A248QG4DPULP46,ns,1,20-2,20.0,2000.0,1.0,1547.0000000000005,False
A248QG4DPULP46,ns,1,20-2,20.0,2000.0,14.0,4985.600000023842,False
A248QG4DPULP46,ns,2,20-2,20.0,2000.0,7.0,0.0,True
A248QG4DPULP46,ns,2,20-2,20.0,2000.0,19.0,1443.0,False
A248QG4DPULP46,ns,2,20-2,20.0,2000.0,14.0,4142.0,False
A248QG4DPULP46,ns,2,20-2,20.0,2000.0,12.0,120.89999997615814,False
A248QG4DPULP46,ns,2,20-2,20.0,2000.0,16.0,301.6999999284744,False
A248QG4DPULP46,ns,2,20-2,20.0,2000.0,17.0,429.5,False
A248QG4DPULP46,ns,2,20-2,20.0,2000.0,10.0,65.10000002384186,False
A248QG4DPULP46,ns,2,20-2,20.0,2000.0,13.0,591.8000000715256,False
A248QG4DPULP46,ns,2,20-2,20.0,2000.0,18.0,2940.899999976158,False
A248QG4DPULP46,ns,2,20-2,20.0,2000.0,11.0,571.2999999523163,False
A248QG4DPULP46,ns,2,20-2,20.0,2000.0,2.0,248.09999990463257,False
A248QG4DPULP46,ns,2,20-2,20.0,2000.0,5.0,2247.4999998807907,False
A248QG4DPULP46,ns,3,20-2,20.0,2000.0,19.0,0.0,True
A248QG4DPULP46,ns,3,20-2,20.0,2000.0,19.0,2203.8000000715256,False
A248QG4DPULP46,ns,3,20-2,20.0,2000.0,19.0,1945.6000000238419,False
A248QG4DPULP46,ns,3,20-2,20.0,2000.0,19.0,1097.199999988079,False
A248QG4DPULP46,ns,3,20-2,20.0,2000.0,18.0,1828.1000000238419,False
A248QG4DPULP46,ns,3,20-2,20.0,2000.0,18.0,1684.199999988079,False
A248QG4DPULP46,ns,3,20-2,20.0,2000.0,19.0,3513.2000000476837,False
A248QG4DPULP46,ns,3,20-2,20.0,2000.0,19.0,2279.100000023842,False
A248QG4DPULP46,ns,3,20-2,20.0,2000.0,2.0,930.9000000357628,False
A248QG4DPULP46,ns,3,20-2,20.0,2000.0,19.0,1731.7000000476837,False
A248QG4DPULP46,ns,3,20-2,20.0,2000.0,19.0,1440.2000000476837,False
A248QG4DPULP46,ns,3,20-2,20.0,2000.0,13.0,749.3000000119209,False
A248QG4DPULP46,ns,4,20-2,20.0,2000.0,5.0,148.20000004768372,False
A248QG4DPULP46,ns,4,20-2,20.0,2000.0,19.0,1725.3999999761581,False
A248QG4DPULP46,ns,4,20-2,20.0,2000.0,11.0,1321.3999999761581,False
A248QG4DPULP46,ns,4,20-2,20.0,2000.0,20.0,1062.0,False
A248QG4DPULP46,ns,4,20-2,20.0,2000.0,3.0,772.3000000119209,False
A248QG4DPULP46,ns,4,20-2,20.0,2000.0,18.0,1054.3999999761581,False
A248QG4DPULP46,ns,4,20-2,20.0,2000.0,13.0,1102.6000000238419,False
A248QG4DPULP46,ns,4,20-2,20.0,2000.0,14.0,1072.3999999761581,False
A248QG4DPULP46,ns,4,20-2,20.0,2000.0,1.0,0.0,True
A248QG4DPULP46,ns,4,20-2,20.0,2000.0,10.0,2208.199999988079,False
A26MT7KJ7NJLRN,ns,1,15-2,15.0,2000.0,15.0,174.49999976158142,False
A26MT7KJ7NJLRN,ns,1,15-2,15.0,2000.0,15.0,1597.5999999046326,False
A26MT7KJ7NJLRN,ns,1,15-2,15.0,2000.0,14.0,1258.599999666214,False
A26MT7KJ7NJLRN,ns,1,15-2,15.0,2000.0,14.0,3366.4999997615814,False
A26MT7KJ7NJLRN,ns,1,15-2,15.0,2000.0,13.0,0.0,True
A26MT7KJ7NJLRN,ns,1,15-2,15.0,2000.0,15.0,1560.1999998092651,False
A26MT7KJ7NJLRN,ns,1,15-2,15.0,2000.0,15.0,419.89999985694885,False
A26MT7KJ7NJLRN,ns,1,15-2,15.0,2000.0,14.0,900.0999999046326,False
A26MT7KJ7NJLRN,ns,1,15-2,15.0,2000.0,11.0,295.19999980926514,False
A26MT7KJ7NJLRN,ns,1,15-2,15.0,2000.0,10.0,733.1999998092651,False
A26MT7KJ7NJLRN,ns,1,15-2,15.0,2000.0,4.0,753.8999998569489,False
A26MT7KJ7NJLRN,ns,1,15-2,15.0,2000.0,1.0,978.1999998092651,False
A26MT7KJ7NJLRN,ns,2,15-2,15.0,2000.0,1.0,0.0,True
A26MT7KJ7NJLRN,ns,2,15-2,15.0,2000.0,14.0,3571.7999999523163,False
A26MT7KJ7NJLRN,ns,2,15-2,15.0,2000.0,15.0,447.5,False
A26MT7KJ7NJLRN,ns,2,15-2,15.0,2000.0,15.0,1301.4000000953674,False
A26MT7KJ7NJLRN,ns,2,15-2,15.0,2000.0,9.0,1048.5,False
A26MT7KJ7NJLRN,ns,2,15-2,15.0,2000.0,9.0,744.4000000953674,False
A26MT7KJ7NJLRN,ns,2,15-2,15.0,2000.0,14.0,698.5000002384186,False
A26MT7KJ7NJLRN,ns,2,15-2,15.0,2000.0,5.0,380.5,False
A26MT7KJ7NJLRN,ns,2,15-2,15.0,2000.0,13.0,1487.4000000953674,False
A26MT7KJ7NJLRN,ns,2,15-2,15.0,2000.0,1.0,925.5,False
A26MT7KJ7NJLRN,ns,2,15-2,15.0,2000.0,2.0,500.10000014305115,False
A26MT7KJ7NJLRN,ns,2,15-2,15.0,2000.0,15.0,4876.0,False
A26MT7KJ7NJLRN,ns,3,15-2,15.0,2000.0,3.0,734.5999999046321,False
A26MT7KJ7NJLRN,ns,3,15-2,15.0,2000.0,10.0,2189.4999999999995,False
A26MT7KJ7NJLRN,ns,3,15-2,15.0,2000.0,11.0,1831.400000095367,False
A26MT7KJ7NJLRN,ns,3,15-2,15.0,2000.0,1.0,2279.299999952316,False
A26MT7KJ7NJLRN,ns,3,15-2,15.0,2000.0,1.0,2466.999999761581,False
A26MT7KJ7NJLRN,ns,3,15-2,15.0,2000.0,5.0,1827.599999904632,False
A26MT7KJ7NJLRN,ns,3,15-2,15.0,2000.0,5.0,2046.1999998092647,False
A26MT7KJ7NJLRN,ns,3,15-2,15.0,2000.0,8.0,3570.3999998569484,False
A26MT7KJ7NJLRN,ns,3,15-2,15.0,2000.0,1.0,338.49999976158097,False
A26MT7KJ7NJLRN,ns,3,15-2,15.0,2000.0,10.0,2206.900000095367,False
A26MT7KJ7NJLRN,ns,3,15-2,15.0,2000.0,15.0,288.20000004768326,False
A26MT7KJ7NJLRN,ns,3,15-2,15.0,2000.0,9.0,0.0,True
A26MT7KJ7NJLRN,ns,4,15-2,15.0,2000.0,12.0,0.0,True
A26MT7KJ7NJLRN,ns,4,15-2,15.0,2000.0,1.0,2653.9999999999995,False
A26MT7KJ7NJLRN,ns,4,15-2,15.0,2000.0,13.0,2185.900000095367,False
A26MT7KJ7NJLRN,ns,4,15-2,15.0,2000.0,1.0,2307.300000071525,False
A26MT7KJ7NJLRN,ns,4,15-2,15.0,2000.0,1.0,6084.5,False
A26MT7KJ7NJLRN,ns,4,15-2,15.0,2000.0,14.0,4145.300000190735,False
A26MT7KJ7NJLRN,ns,4,15-2,15.0,2000.0,15.0,1482.5000001192088,False
A26MT7KJ7NJLRN,ns,4,15-2,15.0,2000.0,12.0,2900.1000001430507,False
A26MT7KJ7NJLRN,ns,4,15-2,15.0,2000.0,2.0,3719.800000071525,False
A26MT7KJ7NJLRN,ns,4,15-2,15.0,2000.0,15.0,2314.500000119209,False
A282UM3NAIM0YO,ns,1,10-2,10.0,2000.0,2.0,3545.0,False
A282UM3NAIM0YO,ns,1,10-2,10.0,2000.0,1.0,1615.0,False
A282UM3NAIM0YO,ns,1,10-2,10.0,2000.0,1.0,2270.0,False
A282UM3NAIM0YO,ns,1,10-2,10.0,2000.0,3.0,2443.0,False
A282UM3NAIM0YO,ns,1,10-2,10.0,2000.0,10.0,11767.0,False
A282UM3NAIM0YO,ns,1,10-2,10.0,2000.0,2.0,313.0,False
A282UM3NAIM0YO,ns,1,10-2,10.0,2000.0,2.0,5467.0,False
A282UM3NAIM0YO,ns,1,10-2,10.0,2000.0,10.0,0.0,True
A282UM3NAIM0YO,ns,2,10-2,10.0,2000.0,1.0,955.0,False
A282UM3NAIM0YO,ns,2,10-2,10.0,2000.0,10.0,3723.0,False
A282UM3NAIM0YO,ns,2,10-2,10.0,2000.0,9.0,618.0,False
A282UM3NAIM0YO,ns,2,10-2,10.0,2000.0,2.0,1037.0,False
A282UM3NAIM0YO,ns,2,10-2,10.0,2000.0,3.0,4453.0,False
A282UM3NAIM0YO,ns,2,10-2,10.0,2000.0,10.0,2787.0,False
A282UM3NAIM0YO,ns,2,10-2,10.0,2000.0,8.0,1781.0,False
A282UM3NAIM0YO,ns,2,10-2,10.0,2000.0,7.0,5011.0,False
A282UM3NAIM0YO,ns,2,10-2,10.0,2000.0,1.0,0.0,True
A282UM3NAIM0YO,ns,2,10-2,10.0,2000.0,7.0,242.0,False
A282UM3NAIM0YO,ns,3,10-2,10.0,2000.0,10.0,1163.0,False
A282UM3NAIM0YO,ns,3,10-2,10.0,2000.0,9.0,0.0,True
A282UM3NAIM0YO,ns,3,10-2,10.0,2000.0,10.0,3594.0,False
A282UM3NAIM0YO,ns,3,10-2,10.0,2000.0,10.0,1764.0,False
A282UM3NAIM0YO,ns,3,10-2,10.0,2000.0,10.0,1609.0,False
A282UM3NAIM0YO,ns,3,10-2,10.0,2000.0,10.0,5828.0,False
A282UM3NAIM0YO,ns,3,10-2,10.0,2000.0,10.0,416.0,False
A282UM3NAIM0YO,ns,3,10-2,10.0,2000.0,10.0,860.0,False
A282UM3NAIM0YO,ns,3,10-2,10.0,2000.0,10.0,559.0,False
A282UM3NAIM0YO,ns,4,10-2,10.0,2000.0,3.0,0.0,True
A282UM3NAIM0YO,ns,4,10-2,10.0,2000.0,9.0,6190.0,False
A282UM3NAIM0YO,ns,4,10-2,10.0,2000.0,9.0,2960.0,False
A282UM3NAIM0YO,ns,4,10-2,10.0,2000.0,10.0,5578.0,False
A282UM3NAIM0YO,ns,4,10-2,10.0,2000.0,9.0,13982.0,False
A282UM3NAIM0YO,ns,4,10-2,10.0,2000.0,10.0,6166.0,False
A282UM3NAIM0YO,ns,4,10-2,10.0,2000.0,10.0,10995.0,False
A282UM3NAIM0YO,ns,4,10-2,10.0,2000.0,9.0,1324.0,False
A282UM3NAIM0YO,ns,4,10-2,10.0,2000.0,2.0,3061.0,False
A28ZPY6D5AS7GZ,ns,1,30-1,30.0,1000.0,30.0,0.0,True
A28ZPY6D5AS7GZ,ns,1,30-1,30.0,1000.0,1.0,5434.89999999851,False
A28ZPY6D5AS7GZ,ns,1,30-1,30.0,1000.0,29.0,5843.20000000298,False
A28ZPY6D5AS7GZ,ns,1,30-1,30.0,1000.0,1.0,3203.3999999985094,False
A28ZPY6D5AS7GZ,ns,1,30-1,30.0,1000.0,1.0,2556.3999999985094,False
A28ZPY6D5AS7GZ,ns,1,30-1,30.0,1000.0,23.0,2522.6000000014897,False
A28ZPY6D5AS7GZ,ns,1,30-1,30.0,1000.0,30.0,2090.50000000745,False
A28ZPY6D5AS7GZ,ns,1,30-1,30.0,1000.0,30.0,503.60000000148966,False
A28ZPY6D5AS7GZ,ns,1,30-1,30.0,1000.0,30.0,2386.20000000298,False
A28ZPY6D5AS7GZ,ns,1,30-1,30.0,1000.0,7.0,1579.9999999999995,False
A28ZPY6D5AS7GZ,ns,1,30-1,30.0,1000.0,17.0,1619.80000000447,False
A28ZPY6D5AS7GZ,ns,2,30-1,30.0,1000.0,1.0,3507.3000000119196,False
A28ZPY6D5AS7GZ,ns,2,30-1,30.0,1000.0,3.0,463.60000000894024,False
A28ZPY6D5AS7GZ,ns,2,30-1,30.0,1000.0,1.0,454.60000000894024,False
A28ZPY6D5AS7GZ,ns,2,30-1,30.0,1000.0,1.0,1509.6000000089402,False
A28ZPY6D5AS7GZ,ns,2,30-1,30.0,1000.0,30.0,209.6000000089398,False
A28ZPY6D5AS7GZ,ns,2,30-1,30.0,1000.0,30.0,0.0,True
A28ZPY6D5AS7GZ,ns,2,30-1,30.0,1000.0,30.0,105.90000000596001,False
A28ZPY6D5AS7GZ,ns,2,30-1,30.0,1000.0,2.0,1025.7000000029798,False
A28ZPY6D5AS7GZ,ns,2,30-1,30.0,1000.0,1.0,550.40000000596,False
A28ZPY6D5AS7GZ,ns,2,30-1,30.0,1000.0,1.0,383.7000000029798,False
A28ZPY6D5AS7GZ,ns,2,30-1,30.0,1000.0,29.0,1280.1000000089402,False
A28ZPY6D5AS7GZ,ns,3,30-1,30.0,1000.0,30.0,317.0999999977648,False
A28ZPY6D5AS7GZ,ns,3,30-1,30.0,1000.0,25.0,1935.5,False
A28ZPY6D5AS7GZ,ns,3,30-1,30.0,1000.0,29.0,1764.5,False
A28ZPY6D5AS7GZ,ns,3,30-1,30.0,1000.0,23.0,1938.0,False
A28ZPY6D5AS7GZ,ns,3,30-1,30.0,1000.0,30.0,0.0,True
A28ZPY6D5AS7GZ,ns,3,30-1,30.0,1000.0,26.0,497.0999999977648,False
A28ZPY6D5AS7GZ,ns,3,30-1,30.0,1000.0,29.0,410.0,False
A28ZPY6D5AS7GZ,ns,3,30-1,30.0,1000.0,2.0,2129.39999999851,False
A28ZPY6D5AS7GZ,ns,3,30-1,30.0,1000.0,30.0,2559.7000000029802,False
A28ZPY6D5AS7GZ,ns,3,30-1,30.0,1000.0,1.0,932.6000000014901,False
A28ZPY6D5AS7GZ,ns,3,30-1,30.0,1000.0,30.0,2502.699999999255,False
A28ZPY6D5AS7GZ,ns,3,30-1,30.0,1000.0,30.0,617.1999999992549,False
A29JQ7VMQ1HKYP,ns,1,40-1,40.0,1000.0,2.0,1975.6999998092651,False
A29JQ7VMQ1HKYP,ns,1,40-1,40.0,1000.0,2.0,5102.7000000476855,False
A29JQ7VMQ1HKYP,ns,1,40-1,40.0,1000.0,1.0,4212.399999856949,False
A29JQ7VMQ1HKYP,ns,1,40-1,40.0,1000.0,6.0,0.0,True
A29JQ7VMQ1HKYP,ns,1,40-1,40.0,1000.0,2.0,11645.700000047684,False
A29JQ7VMQ1HKYP,ns,1,40-1,40.0,1000.0,5.0,15707.699999809269,False
A29JQ7VMQ1HKYP,ns,1,40-1,40.0,1000.0,3.0,21204.799999713898,False
A29JQ7VMQ1HKYP,ns,1,40-1,40.0,1000.0,1.0,2636.2999997138977,False
A29JQ7VMQ1HKYP,ns,1,40-1,40.0,1000.0,1.0,1718.3999998569489,False
A29JQ7VMQ1HKYP,ns,1,40-1,40.0,1000.0,5.0,11113.399999856949,False
A29JQ7VMQ1HKYP,ns,1,40-1,40.0,1000.0,2.0,13495.499999761589,False
A29JQ7VMQ1HKYP,ns,1,40-1,40.0,1000.0,1.0,2684.0999999046326,False
A29JQ7VMQ1HKYP,ns,2,40-1,40.0,1000.0,1.0,0.0,True
A29JQ7VMQ1HKYP,ns,2,40-1,40.0,1000.0,32.0,20937.900000095367,False
A29JQ7VMQ1HKYP,ns,2,40-1,40.0,1000.0,40.0,3731.5999999046326,False
A29JQ7VMQ1HKYP,ns,2,40-1,40.0,1000.0,3.0,3792.7999997138977,False
A29JQ7VMQ1HKYP,ns,2,40-1,40.0,1000.0,28.0,5479.0,False
A29JQ7VMQ1HKYP,ns,2,40-1,40.0,1000.0,40.0,770.7000002861023,False
A29JQ7VMQ1HKYP,ns,2,40-1,40.0,1000.0,39.0,547.7000002861023,False
A29JQ7VMQ1HKYP,ns,2,40-1,40.0,1000.0,2.0,4110.799999713898,False
A29JQ7VMQ1HKYP,ns,2,40-1,40.0,1000.0,5.0,5722.0,False
A29JQ7VMQ1HKYP,ns,2,40-1,40.0,1000.0,3.0,4485.400000095367,False
A29JQ7VMQ1HKYP,ns,3,40-1,40.0,1000.0,37.0,596.5999999940404,False
A29JQ7VMQ1HKYP,ns,3,40-1,40.0,1000.0,34.0,1100.699999988079,False
A29JQ7VMQ1HKYP,ns,3,40-1,40.0,1000.0,14.0,2046.300000011921,False
A29JQ7VMQ1HKYP,ns,3,40-1,40.0,1000.0,39.0,0.0,True
A29JQ7VMQ1HKYP,ns,3,40-1,40.0,1000.0,39.0,1697.4000000059596,False
A29JQ7VMQ1HKYP,ns,3,40-1,40.0,1000.0,3.0,3284.5999999940395,False
A29JQ7VMQ1HKYP,ns,3,40-1,40.0,1000.0,26.0,2322.300000011921,False
A29JQ7VMQ1HKYP,ns,3,40-1,40.0,1000.0,37.0,1883.3999999761581,False
A29JQ7VMQ1HKYP,ns,3,40-1,40.0,1000.0,31.0,6249.5,False
A29JQ7VMQ1HKYP,ns,3,40-1,40.0,1000.0,2.0,1683.800000011921,False
A29JQ7VMQ1HKYP,ns,3,40-1,40.0,1000.0,1.0,22256.69999998808,False
A29JQ7VMQ1HKYP,ns,4,40-1,40.0,1000.0,29.0,3172.6999999284744,False
A29JQ7VMQ1HKYP,ns,4,40-1,40.0,1000.0,40.0,184.19999992847443,False
A29JQ7VMQ1HKYP,ns,4,40-1,40.0,1000.0,38.0,1205.3999999761581,False
A29JQ7VMQ1HKYP,ns,4,40-1,40.0,1000.0,24.0,16463.80000007153,False
A29JQ7VMQ1HKYP,ns,4,40-1,40.0,1000.0,4.0,14232.80000007153,False
A29JQ7VMQ1HKYP,ns,4,40-1,40.0,1000.0,1.0,11052.900000095367,False
A29JQ7VMQ1HKYP,ns,4,40-1,40.0,1000.0,40.0,0.0,True
A29JQ7VMQ1HKYP,ns,4,40-1,40.0,1000.0,1.0,9989.0,False
A2BUHMLNE3LUU0,ns,1,30-1,30.0,1000.0,13.0,0.0,True
A2BUHMLNE3LUU0,ns,1,30-1,30.0,1000.0,10.0,4298.099999997765,False
A2BUHMLNE3LUU0,ns,1,30-1,30.0,1000.0,18.0,5998.099999997765,False
A2BUHMLNE3LUU0,ns,1,30-1,30.0,1000.0,12.0,1840.699999999255,False
A2BUHMLNE3LUU0,ns,1,30-1,30.0,1000.0,11.0,1700.800000000745,False
A2BUHMLNE3LUU0,ns,1,30-1,30.0,1000.0,18.0,2205.5,False
A2BUHMLNE3LUU0,ns,1,30-1,30.0,1000.0,8.0,1353.699999999255,False
A2BUHMLNE3LUU0,ns,1,30-1,30.0,1000.0,13.0,2013.7999999970198,False
A2BUHMLNE3LUU0,ns,1,30-1,30.0,1000.0,14.0,2730.2999999970198,False
A2BUHMLNE3LUU0,ns,1,30-1,30.0,1000.0,30.0,4594.70000000298,False
A2BUHMLNE3LUU0,ns,1,30-1,30.0,1000.0,30.0,4634.70000000298,False
A2BUHMLNE3LUU0,ns,2,30-1,30.0,1000.0,30.0,0.0,True
A2BUHMLNE3LUU0,ns,2,30-1,30.0,1000.0,22.0,9933.0,False
A2BUHMLNE3LUU0,ns,2,30-1,30.0,1000.0,13.0,9828.90000000596,False
A2BUHMLNE3LUU0,ns,2,30-1,30.0,1000.0,18.0,9643.60000000149,False
A2BUHMLNE3LUU0,ns,2,30-1,30.0,1000.0,4.0,10739.40000000596,False
A2BUHMLNE3LUU0,ns,2,30-1,30.0,1000.0,16.0,5364.4000000059605,False
A2BUHMLNE3LUU0,ns,2,30-1,30.0,1000.0,30.0,7411.89999999851,False
A2BUHMLNE3LUU0,ns,2,30-1,30.0,1000.0,28.0,14174.90000000596,False
A2BUHMLNE3LUU0,ns,3,30-1,30.0,1000.0,30.0,0.0,True
A2BUHMLNE3LUU0,ns,3,30-1,30.0,1000.0,22.0,2477.8000000044703,False
A2BUHMLNE3LUU0,ns,3,30-1,30.0,1000.0,19.0,855.3000000044703,False
A2BUHMLNE3LUU0,ns,3,30-1,30.0,1000.0,22.0,5446.0,False
A2BUHMLNE3LUU0,ns,3,30-1,30.0,1000.0,20.0,4574.60000000149,False
A2BUHMLNE3LUU0,ns,3,30-1,30.0,1000.0,29.0,1918.9000000059605,False
A2BUHMLNE3LUU0,ns,3,30-1,30.0,1000.0,30.0,6513.70000000298,False
A2BUHMLNE3LUU0,ns,3,30-1,30.0,1000.0,25.0,2524.2000000029802,False
A2BUHMLNE3LUU0,ns,3,30-1,30.0,1000.0,29.0,5860.30000000447,False
A2BUHMLNE3LUU0,ns,3,30-1,30.0,1000.0,26.0,10124.40000000596,False
A2BUHMLNE3LUU0,ns,4,30-1,30.0,1000.0,27.0,0.0,True
A2BUHMLNE3LUU0,ns,4,30-1,30.0,1000.0,23.0,7487.9000000059605,False
A2BUHMLNE3LUU0,ns,4,30-1,30.0,1000.0,23.0,5300.29999999702,False
A2BUHMLNE3LUU0,ns,4,30-1,30.0,1000.0,21.0,6166.60000000149,False
A2BUHMLNE3LUU0,ns,4,30-1,30.0,1000.0,29.0,9073.90000000596,False
A2BUHMLNE3LUU0,ns,4,30-1,30.0,1000.0,28.0,9120.10000000149,False
A2BUHMLNE3LUU0,ns,4,30-1,30.0,1000.0,27.0,2251.39999999851,False
A2BUHMLNE3LUU0,ns,4,30-1,30.0,1000.0,29.0,1491.8000000044703,False
A2BUHMLNE3LUU0,ns,4,30-1,30.0,1000.0,25.0,2512.5,False
A2BUHMLNE3LUU0,ns,4,30-1,30.0,1000.0,29.0,3517.7999999970198,False
A2E5PV1BHNG67N,ns,1,20-1,20.0,1000.0,2.0,711.0999999046326,False
A2E5PV1BHNG67N,ns,1,20-1,20.0,1000.0,1.0,21008.599999904633,False
A2E5PV1BHNG67N,ns,1,20-1,20.0,1000.0,19.0,2559.699999809265,False
A2E5PV1BHNG67N,ns,1,20-1,20.0,1000.0,1.0,29540.39999961853,False
A2E5PV1BHNG67N,ns,1,20-1,20.0,1000.0,18.0,1425.2999997138977,False
A2E5PV1BHNG67N,ns,1,20-1,20.0,1000.0,18.0,2951.0,False
A2E5PV1BHNG67N,ns,1,20-1,20.0,1000.0,20.0,2680.2999997138977,False
A2E5PV1BHNG67N,ns,1,20-1,20.0,1000.0,19.0,1085.0,False
A2E5PV1BHNG67N,ns,1,20-1,20.0,1000.0,20.0,1838.7999997138977,False
A2E5PV1BHNG67N,ns,1,20-1,20.0,1000.0,18.0,0.0,True
A2E5PV1BHNG67N,ns,2,20-1,20.0,1000.0,2.0,1409.1000003814697,False
A2E5PV1BHNG67N,ns,2,20-1,20.0,1000.0,18.0,0.0,True
A2E5PV1BHNG67N,ns,2,20-1,20.0,1000.0,1.0,4435.800000190733,False
A2E5PV1BHNG67N,ns,2,20-1,20.0,1000.0,18.0,3823.0,False
A2E5PV1BHNG67N,ns,2,20-1,20.0,1000.0,3.0,7603.200000762939,False
A2E5PV1BHNG67N,ns,2,20-1,20.0,1000.0,1.0,4313.800001144409,False
A2E5PV1BHNG67N,ns,2,20-1,20.0,1000.0,4.0,38686.60000038147,False
A2GM1ZIBRBHBK7,ns,1,20-1,20.0,1000.0,3.0,161.50000023841903,False
A2GM1ZIBRBHBK7,ns,1,20-1,20.0,1000.0,2.0,3129.800000190735,False
A2GM1ZIBRBHBK7,ns,1,20-1,20.0,1000.0,2.0,1027.2000002861023,False
A2GM1ZIBRBHBK7,ns,1,20-1,20.0,1000.0,3.0,0.0,True
A2GM1ZIBRBHBK7,ns,1,20-1,20.0,1000.0,2.0,1764.1000001430511,False
A2GM1ZIBRBHBK7,ns,1,20-1,20.0,1000.0,5.0,1193.1000001430511,False
A2GM1ZIBRBHBK7,ns,1,20-1,20.0,1000.0,1.0,1208.1000001430511,False
A2GM1ZIBRBHBK7,ns,1,20-1,20.0,1000.0,20.0,1092.5000002384186,False
A2GM1ZIBRBHBK7,ns,1,20-1,20.0,1000.0,2.0,4140.100000143051,False
A2GM1ZIBRBHBK7,ns,1,20-1,20.0,1000.0,1.0,662.400000333786,False
A2GM1ZIBRBHBK7,ns,1,20-1,20.0,1000.0,4.0,471.40000009536743,False
A2GM1ZIBRBHBK7,ns,2,20-1,20.0,1000.0,15.0,0.0,True
A2GM1ZIBRBHBK7,ns,2,20-1,20.0,1000.0,18.0,1765.0,False
A2GM1ZIBRBHBK7,ns,2,20-1,20.0,1000.0,14.0,1839.0000002384186,False
A2GM1ZIBRBHBK7,ns,2,20-1,20.0,1000.0,1.0,2863.2999999523163,False
A2GM1ZIBRBHBK7,ns,2,20-1,20.0,1000.0,3.0,1338.6000001430511,False
A2GM1ZIBRBHBK7,ns,2,20-1,20.0,1000.0,1.0,7821.900000095367,False
A2GM1ZIBRBHBK7,ns,2,20-1,20.0,1000.0,16.0,3793.7000000476837,False
A2GM1ZIBRBHBK7,ns,2,20-1,20.0,1000.0,2.0,7556.200000286102,False
A2GM1ZIBRBHBK7,ns,2,20-1,20.0,1000.0,1.0,1041.9000000953674,False
A2GM1ZIBRBHBK7,ns,3,20-1,20.0,1000.0,10.0,2492.7999999523163,False
A2GM1ZIBRBHBK7,ns,3,20-1,20.0,1000.0,1.0,10106.400000095367,False
A2GM1ZIBRBHBK7,ns,3,20-1,20.0,1000.0,6.0,5472.600000143051,False
A2GM1ZIBRBHBK7,ns,3,20-1,20.0,1000.0,1.0,1211.3999998569489,False
A2GM1ZIBRBHBK7,ns,3,20-1,20.0,1000.0,5.0,0.0,True
A2GM1ZIBRBHBK7,ns,3,20-1,20.0,1000.0,6.0,602.5,False
A2GM1ZIBRBHBK7,ns,3,20-1,20.0,1000.0,20.0,1729.0,False
A2GM1ZIBRBHBK7,ns,3,20-1,20.0,1000.0,3.0,389.7999999523163,False
A2GM1ZIBRBHBK7,ns,3,20-1,20.0,1000.0,1.0,27571.699999809265,False
A2GM1ZIBRBHBK7,ns,3,20-1,20.0,1000.0,1.0,2838.7000000476837,False
A2GM1ZIBRBHBK7,ns,4,20-1,20.0,1000.0,1.0,1535.7000000476833,False
A2GM1ZIBRBHBK7,ns,4,20-1,20.0,1000.0,2.0,2489.6999998092647,False
A2GM1ZIBRBHBK7,ns,4,20-1,20.0,1000.0,2.0,3534.4999999999995,False
A2GM1ZIBRBHBK7,ns,4,20-1,20.0,1000.0,1.0,1950.6999998092647,False
A2GM1ZIBRBHBK7,ns,4,20-1,20.0,1000.0,5.0,1054.2000000476833,False
A2GM1ZIBRBHBK7,ns,4,20-1,20.0,1000.0,20.0,796.499999761581,False
A2GM1ZIBRBHBK7,ns,4,20-1,20.0,1000.0,4.0,3267.3999998569484,False
A2GM1ZIBRBHBK7,ns,4,20-1,20.0,1000.0,15.0,22224.700000047684,False
A2GM1ZIBRBHBK7,ns,4,20-1,20.0,1000.0,2.0,0.0,True
A2GM1ZIBRBHBK7,ns,4,20-1,20.0,1000.0,19.0,957.999999761581,False
A2GM1ZIBRBHBK7,ns,4,20-1,20.0,1000.0,4.0,5089.5,False
A2H8PEGI28NKZD,ns,1,10-2,10.0,2000.0,3.0,0.0,True
A2H8PEGI28NKZD,ns,1,10-2,10.0,2000.0,9.0,2055.400000002235,False
A2H8PEGI28NKZD,ns,1,10-2,10.0,2000.0,9.0,638.4000000022352,False
A2H8PEGI28NKZD,ns,1,10-2,10.0,2000.0,1.0,488.9000000022352,False
A2H8PEGI28NKZD,ns,1,10-2,10.0,2000.0,1.0,3419.10000000149,False
A2H8PEGI28NKZD,ns,1,10-2,10.0,2000.0,3.0,2008.3000000026077,False
A2H8PEGI28NKZD,ns,1,10-2,10.0,2000.0,3.0,2052.10000000149,False
A2H8PEGI28NKZD,ns,1,10-2,10.0,2000.0,1.0,2157.8000000026077,False
A2H8PEGI28NKZD,ns,1,10-2,10.0,2000.0,1.0,147.00000000186265,False
A2H8PEGI28NKZD,ns,1,10-2,10.0,2000.0,1.0,3608.2000000011185,False
A2H8PEGI28NKZD,ns,1,10-2,10.0,2000.0,1.0,3225.800000000745,False
A2H8PEGI28NKZD,ns,1,10-2,10.0,2000.0,1.0,1102.7000000029802,False
A2H8PEGI28NKZD,ns,2,10-2,10.0,2000.0,1.0,2840.800000000745,False
A2H8PEGI28NKZD,ns,2,10-2,10.0,2000.0,9.0,3018.600000000559,False
A2H8PEGI28NKZD,ns,2,10-2,10.0,2000.0,9.0,3319.800000000745,False
A2H8PEGI28NKZD,ns,2,10-2,10.0,2000.0,9.0,2682.600000000559,False
A2H8PEGI28NKZD,ns,2,10-2,10.0,2000.0,9.0,2819.2000000011176,False
A2H8PEGI28NKZD,ns,2,10-2,10.0,2000.0,8.0,2424.3000000007446,False
A2H8PEGI28NKZD,ns,2,10-2,10.0,2000.0,9.0,2149.0,False
A2H8PEGI28NKZD,ns,2,10-2,10.0,2000.0,9.0,0.0,True
A2H8PEGI28NKZD,ns,2,10-2,10.0,2000.0,9.0,2346.100000000559,False
A2H8PEGI28NKZD,ns,2,10-2,10.0,2000.0,8.0,5807.5,False
A2H8PEGI28NKZD,ns,2,10-2,10.0,2000.0,9.0,2716.300000000745,False
A2H8PEGI28NKZD,ns,2,10-2,10.0,2000.0,9.0,349.9000000003721,False
A2H8PEGI28NKZD,ns,3,10-2,10.0,2000.0,7.0,871.5999999998601,False
A2H8PEGI28NKZD,ns,3,10-2,10.0,2000.0,7.0,1708.4999999998251,False
A2H8PEGI28NKZD,ns,3,10-2,10.0,2000.0,1.0,1509.9999999998843,False
A2H8PEGI28NKZD,ns,3,10-2,10.0,2000.0,1.0,1036.09999999986,False
A2H8PEGI28NKZD,ns,3,10-2,10.0,2000.0,1.0,845.299999999813,False
A2H8PEGI28NKZD,ns,3,10-2,10.0,2000.0,3.0,2439.199999999837,False
A2H8PEGI28NKZD,ns,3,10-2,10.0,2000.0,3.0,4010.3000000000466,False
A2H8PEGI28NKZD,ns,3,10-2,10.0,2000.0,1.0,0.0,True
A2H8PEGI28NKZD,ns,3,10-2,10.0,2000.0,1.0,793.3999999996738,False
A2H8PEGI28NKZD,ns,3,10-2,10.0,2000.0,1.0,1425.1999999997204,False
A2H8PEGI28NKZD,ns,3,10-2,10.0,2000.0,1.0,2132.2999999998137,False
A2H8PEGI28NKZD,ns,4,10-2,10.0,2000.0,1.0,723.6000000005588,False
A2H8PEGI28NKZD,ns,4,10-2,10.0,2000.0,1.0,834.6000000005588,False
A2H8PEGI28NKZD,ns,4,10-2,10.0,2000.0,1.0,660.0,False
A2H8PEGI28NKZD,ns,4,10-2,10.0,2000.0,3.0,1365.2000000001863,False
A2H8PEGI28NKZD,ns,4,10-2,10.0,2000.0,7.0,2371.100000000559,False
A2H8PEGI28NKZD,ns,4,10-2,10.0,2000.0,5.0,5191.5,False
A2H8PEGI28NKZD,ns,4,10-2,10.0,2000.0,9.0,1509.000000000001,False
A2H8PEGI28NKZD,ns,4,10-2,10.0,2000.0,7.0,866.5,False
A2H8PEGI28NKZD,ns,4,10-2,10.0,2000.0,1.0,1488.0000000009313,False
A2H8PEGI28NKZD,ns,4,10-2,10.0,2000.0,2.0,1581.300000000745,False
A2H8PEGI28NKZD,ns,4,10-2,10.0,2000.0,5.0,0.0,True
A2H8PEGI28NKZD,ns,4,10-2,10.0,2000.0,10.0,3143.800000000745,False
A2IV3SSVTU90BN,ns,1,15-2,15.0,2000.0,7.0,0.0,True
A2IV3SSVTU90BN,ns,1,15-2,15.0,2000.0,2.0,6146.699999809263,False
A2IV3SSVTU90BN,ns,1,15-2,15.0,2000.0,1.0,3484.1000003814697,False
A2IV3SSVTU90BN,ns,1,15-2,15.0,2000.0,3.0,8851.300000190737,False
A2IV3SSVTU90BN,ns,1,15-2,15.0,2000.0,1.0,6744.900000095367,False
A2IV3SSVTU90BN,ns,1,15-2,15.0,2000.0,1.0,4566.099999904633,False
A2IV3SSVTU90BN,ns,1,15-2,15.0,2000.0,1.0,3121.4000000953674,False
A2IV3SSVTU90BN,ns,1,15-2,15.0,2000.0,1.0,3491.5,False
A2IV3SSVTU90BN,ns,1,15-2,15.0,2000.0,1.0,7602.5,False
A2IV3SSVTU90BN,ns,1,15-2,15.0,2000.0,2.0,7163.699999809263,False
A2IV3SSVTU90BN,ns,2,15-2,15.0,2000.0,15.0,5666.399999976158,False
A2IV3SSVTU90BN,ns,2,15-2,15.0,2000.0,3.0,15416.000000000004,False
A2IV3SSVTU90BN,ns,2,15-2,15.0,2000.0,2.0,3824.5,False
A2IV3SSVTU90BN,ns,2,15-2,15.0,2000.0,10.0,4778.999999880791,False
A2IV3SSVTU90BN,ns,2,15-2,15.0,2000.0,15.0,4874.699999928474,False
A2IV3SSVTU90BN,ns,2,15-2,15.0,2000.0,15.0,0.0,True
A2IV3SSVTU90BN,ns,2,15-2,15.0,2000.0,4.0,2292.0999999046326,False
A2IV3SSVTU90BN,ns,2,15-2,15.0,2000.0,8.0,1666.0999999046326,False
A2IV3SSVTU90BN,ns,2,15-2,15.0,2000.0,14.0,285.7999999523163,False
A2IV3SSVTU90BN,ns,2,15-2,15.0,2000.0,14.0,1444.9999998807907,False
A2IV3SSVTU90BN,ns,3,15-2,15.0,2000.0,1.0,795.0,False
A2IV3SSVTU90BN,ns,3,15-2,15.0,2000.0,4.0,5251.800000190735,False
A2IV3SSVTU90BN,ns,3,15-2,15.0,2000.0,7.0,4154.400000095367,False
A2IV3SSVTU90BN,ns,3,15-2,15.0,2000.0,6.0,3797.4000000953674,False
A2IV3SSVTU90BN,ns,3,15-2,15.0,2000.0,14.0,1732.0,False
A2IV3SSVTU90BN,ns,3,15-2,15.0,2000.0,10.0,3746.600000143051,False
A2IV3SSVTU90BN,ns,3,15-2,15.0,2000.0,12.0,0.0,True
A2IV3SSVTU90BN,ns,3,15-2,15.0,2000.0,3.0,4166.099999904633,False
A2IV3SSVTU90BN,ns,3,15-2,15.0,2000.0,1.0,5724.200000047684,False
A2IV3SSVTU90BN,ns,3,15-2,15.0,2000.0,2.0,1940.2000000476837,False
A2IV3SSVTU90BN,ns,3,15-2,15.0,2000.0,12.0,5118.0,False
A2IV3SSVTU90BN,ns,3,15-2,15.0,2000.0,9.0,4402.599999904633,False
A2IV3SSVTU90BN,ns,4,15-2,15.0,2000.0,3.0,0.0,True
A2IV3SSVTU90BN,ns,4,15-2,15.0,2000.0,15.0,10048.799999952316,False
A2IV3SSVTU90BN,ns,4,15-2,15.0,2000.0,15.0,7302.100000143051,False
A2IV3SSVTU90BN,ns,4,15-2,15.0,2000.0,13.0,6172.100000143051,False
A2IV3SSVTU90BN,ns,4,15-2,15.0,2000.0,15.0,7556.700000047684,False
A2IV3SSVTU90BN,ns,4,15-2,15.0,2000.0,15.0,3695.7999999523163,False
A2IV3SSVTU90BN,ns,4,15-2,15.0,2000.0,15.0,7563.200000286104,False
A2IV3SSVTU90BN,ns,4,15-2,15.0,2000.0,15.0,5622.800000190735,False
A2IV3SSVTU90BN,ns,4,15-2,15.0,2000.0,14.0,3034.7000000476837,False
A2IV3SSVTU90BN,ns,4,15-2,15.0,2000.0,13.0,4108.300000190735,False
A2IV3SSVTU90BN,ns,4,15-2,15.0,2000.0,14.0,9582.5,False
A2IV3SSVTU90BN,ns,4,15-2,15.0,2000.0,15.0,7729.000000238419,False
A2K5AXCSY703CU,ns,1,30-1,30.0,1000.0,2.0,8325.0,False
A2K5AXCSY703CU,ns,1,30-1,30.0,1000.0,2.0,6918.0,False
A2K5AXCSY703CU,ns,1,30-1,30.0,1000.0,4.0,8038.0,False
A2K5AXCSY703CU,ns,1,30-1,30.0,1000.0,1.0,10301.0,False
A2K5AXCSY703CU,ns,1,30-1,30.0,1000.0,30.0,7146.0,False
A2K5AXCSY703CU,ns,1,30-1,30.0,1000.0,30.0,2846.0,False
A2K5AXCSY703CU,ns,1,30-1,30.0,1000.0,1.0,9549.0,False
A2K5AXCSY703CU,ns,1,30-1,30.0,1000.0,5.0,0.0,True
A2K5AXCSY703CU,ns,1,30-1,30.0,1000.0,25.0,6112.0,False
A2K5AXCSY703CU,ns,2,30-1,30.0,1000.0,30.0,7316.0,False
A2K5AXCSY703CU,ns,2,30-1,30.0,1000.0,29.0,2511.0,False
A2K5AXCSY703CU,ns,2,30-1,30.0,1000.0,2.0,4034.0,False
A2K5AXCSY703CU,ns,2,30-1,30.0,1000.0,30.0,1509.0,False
A2K5AXCSY703CU,ns,2,30-1,30.0,1000.0,30.0,2344.0,False
A2K5AXCSY703CU,ns,2,30-1,30.0,1000.0,30.0,0.0,True
A2K5AXCSY703CU,ns,2,30-1,30.0,1000.0,1.0,1495.0,False
A2K5AXCSY703CU,ns,2,30-1,30.0,1000.0,26.0,1543.0,False
A2K5AXCSY703CU,ns,2,30-1,30.0,1000.0,1.0,1478.0,False
A2K5AXCSY703CU,ns,3,30-1,30.0,1000.0,2.0,4783.0,False
A2K5AXCSY703CU,ns,3,30-1,30.0,1000.0,2.0,1644.0,False
A2K5AXCSY703CU,ns,3,30-1,30.0,1000.0,1.0,1255.0,False
A2K5AXCSY703CU,ns,3,30-1,30.0,1000.0,30.0,2296.0,False
A2K5AXCSY703CU,ns,3,30-1,30.0,1000.0,27.0,4540.0,False
A2K5AXCSY703CU,ns,3,30-1,30.0,1000.0,28.0,2056.0,False
A2K5AXCSY703CU,ns,3,30-1,30.0,1000.0,29.0,0.0,True
A2K5AXCSY703CU,ns,3,30-1,30.0,1000.0,25.0,3257.0,False
A2K5AXCSY703CU,ns,3,30-1,30.0,1000.0,30.0,2161.0,False
A2K5AXCSY703CU,ns,3,30-1,30.0,1000.0,4.0,2247.0,False
A2K5AXCSY703CU,ns,3,30-1,30.0,1000.0,1.0,4561.0,False
A2K5AXCSY703CU,ns,3,30-1,30.0,1000.0,3.0,7076.0,False
A2L7RTYO4UMYDH,ns,1,40-1,40.0,1000.0,1.0,0.0,True
A2L7RTYO4UMYDH,ns,1,40-1,40.0,1000.0,2.0,4837.0,False
A2L7RTYO4UMYDH,ns,1,40-1,40.0,1000.0,39.0,1984.0,False
A2L7RTYO4UMYDH,ns,1,40-1,40.0,1000.0,37.0,3982.0,False
A2L7RTYO4UMYDH,ns,1,40-1,40.0,1000.0,37.0,4605.0,False
A2L7RTYO4UMYDH,ns,1,40-1,40.0,1000.0,1.0,977.0,False
A2L7RTYO4UMYDH,ns,1,40-1,40.0,1000.0,28.0,36786.0,False
A2L7RTYO4UMYDH,ns,1,40-1,40.0,1000.0,40.0,2945.0,False
A2L7RTYO4UMYDH,ns,1,40-1,40.0,1000.0,38.0,927.0,False
A2L7RTYO4UMYDH,ns,1,40-1,40.0,1000.0,40.0,788.0,False
A2L7RTYO4UMYDH,ns,1,40-1,40.0,1000.0,2.0,24508.0,False
A2L7RTYO4UMYDH,ns,2,40-1,40.0,1000.0,1.0,6096.0,False
A2L7RTYO4UMYDH,ns,2,40-1,40.0,1000.0,2.0,200.0,False
A2L7RTYO4UMYDH,ns,2,40-1,40.0,1000.0,6.0,20037.0,False
A2L7RTYO4UMYDH,ns,2,40-1,40.0,1000.0,40.0,907.0,False
A2L7RTYO4UMYDH,ns,2,40-1,40.0,1000.0,1.0,15313.0,False
A2L7RTYO4UMYDH,ns,2,40-1,40.0,1000.0,35.0,25450.0,False
A2L7RTYO4UMYDH,ns,2,40-1,40.0,1000.0,1.0,8863.0,False
A2L7RTYO4UMYDH,ns,2,40-1,40.0,1000.0,39.0,793.0,False
A2L7RTYO4UMYDH,ns,2,40-1,40.0,1000.0,38.0,0.0,True
A2L7RTYO4UMYDH,ns,2,40-1,40.0,1000.0,39.0,6112.0,False
A2LJ1FRUYGW469,ns,1,10-2,10.0,2000.0,1.0,0.0,True
A2LJ1FRUYGW469,ns,1,10-2,10.0,2000.0,10.0,10299.699999809265,False
A2LJ1FRUYGW469,ns,1,10-2,10.0,2000.0,10.0,5879.000000000002,False
A2LJ1FRUYGW469,ns,1,10-2,10.0,2000.0,10.0,4969.800000190735,False
A2LJ1FRUYGW469,ns,1,10-2,10.0,2000.0,10.0,14788.099999427795,False
A2LJ1FRUYGW469,ns,1,10-2,10.0,2000.0,8.0,28402.79999923706,False
A2LJ1FRUYGW469,ns,1,10-2,10.0,2000.0,10.0,4733.89999961853,False
A2LJ1FRUYGW469,ns,1,10-2,10.0,2000.0,9.0,12239.300000190735,False
A2LJ1FRUYGW469,ns,1,10-2,10.0,2000.0,1.0,8431.999999046326,False
A2LJ1FRUYGW469,ns,1,10-2,10.0,2000.0,10.0,8882.300000190735,False
A2LJ1FRUYGW469,ns,2,10-2,10.0,2000.0,1.0,0.0,True
A2LJ1FRUYGW469,ns,2,10-2,10.0,2000.0,8.0,10851.400000572205,False
A2LJ1FRUYGW469,ns,2,10-2,10.0,2000.0,10.0,9311.30000114441,False
A2LJ1FRUYGW469,ns,2,10-2,10.0,2000.0,10.0,6897.400000572206,False
A2LJ1FRUYGW469,ns,2,10-2,10.0,2000.0,10.0,5525.10000038147,False
A2LJ1FRUYGW469,ns,2,10-2,10.0,2000.0,1.0,4833.10000038147,False
A2LJ1FRUYGW469,ns,2,10-2,10.0,2000.0,10.0,2935.5,False
A2LJ1FRUYGW469,ns,2,10-2,10.0,2000.0,10.0,7015.89999961853,False
A2LJ1FRUYGW469,ns,2,10-2,10.0,2000.0,10.0,4628.700000762939,False
A2LJ1FRUYGW469,ns,2,10-2,10.0,2000.0,10.0,3029.300000190735,False
A2LJ1FRUYGW469,ns,2,10-2,10.0,2000.0,1.0,2974.0,False
A2LJ1FRUYGW469,ns,3,10-2,10.0,2000.0,1.0,0.0,True
A2LJ1FRUYGW469,ns,3,10-2,10.0,2000.0,1.0,10717.999999046324,False
A2LJ1FRUYGW469,ns,3,10-2,10.0,2000.0,10.0,4938.599999427797,False
A2LJ1FRUYGW469,ns,3,10-2,10.0,2000.0,10.0,11260.599998474121,False
A2LJ1FRUYGW469,ns,3,10-2,10.0,2000.0,10.0,9242.499999046324,False
A2LJ1FRUYGW469,ns,3,10-2,10.0,2000.0,9.0,2822.4999990463257,False
A2LJ1FRUYGW469,ns,3,10-2,10.0,2000.0,10.0,6598.599999427797,False
A2LJ1FRUYGW469,ns,3,10-2,10.0,2000.0,10.0,8559.099999427797,False
A2LJ1FRUYGW469,ns,3,10-2,10.0,2000.0,10.0,4321.39999961853,False
A2LJ1FRUYGW469,ns,3,10-2,10.0,2000.0,10.0,4325.39999961853,False
A2LJ1FRUYGW469,ns,4,10-2,10.0,2000.0,1.0,0.0,True
A2LJ1FRUYGW469,ns,4,10-2,10.0,2000.0,1.0,7071.300000000745,False
A2LJ1FRUYGW469,ns,4,10-2,10.0,2000.0,1.0,6037.4000000003725,False
A2LJ1FRUYGW469,ns,4,10-2,10.0,2000.0,1.0,32106.300000000745,False
A2LJ1FRUYGW469,ns,4,10-2,10.0,2000.0,1.0,21476.900000000373,False
A2LJ1FRUYGW469,ns,4,10-2,10.0,2000.0,1.0,11108.500000000002,False
A2LJ1FRUYGW469,ns,4,10-2,10.0,2000.0,2.0,7551.500000001863,False
A2LJ1FRUYGW469,ns,4,10-2,10.0,2000.0,2.0,4947.200000001118,False
A2LJ1FRUYGW469,ns,4,10-2,10.0,2000.0,3.0,20644.200000001118,False
A2LJ1FRUYGW469,ns,4,10-2,10.0,2000.0,1.0,9816.900000000373,False
A2LJ1FRUYGW469,ns,4,10-2,10.0,2000.0,1.0,5311.700000001118,False
A2MUOD1JHWJ735,ns,1,10-2,10.0,2000.0,9.0,0.0,True
A2MUOD1JHWJ735,ns,1,10-2,10.0,2000.0,7.0,2204.4000000953674,False
A2MUOD1JHWJ735,ns,1,10-2,10.0,2000.0,7.0,1927.7000000476842,False
A2MUOD1JHWJ735,ns,1,10-2,10.0,2000.0,8.0,2649.099999904633,False
A2MUOD1JHWJ735,ns,1,10-2,10.0,2000.0,5.0,1992.9000000953674,False
A2MUOD1JHWJ735,ns,1,10-2,10.0,2000.0,5.0,1740.8000001907349,False
A2MUOD1JHWJ735,ns,1,10-2,10.0,2000.0,7.0,1619.7000000476842,False
A2MUOD1JHWJ735,ns,1,10-2,10.0,2000.0,6.0,1217.1000001430511,False
A2MUOD1JHWJ735,ns,1,10-2,10.0,2000.0,5.0,2645.600000143051,False
A2MUOD1JHWJ735,ns,1,10-2,10.0,2000.0,7.0,1627.5,False
A2MUOD1JHWJ735,ns,1,10-2,10.0,2000.0,10.0,1482.6000001430511,False
A2MUOD1JHWJ735,ns,1,10-2,10.0,2000.0,9.0,2540.799999952316,False
A2MUOD1JHWJ735,ns,2,10-2,10.0,2000.0,7.0,0.0,True
A2MUOD1JHWJ735,ns,2,10-2,10.0,2000.0,7.0,3742.7999999523163,False
A2MUOD1JHWJ735,ns,2,10-2,10.0,2000.0,9.0,2166.9999999403954,False
A2MUOD1JHWJ735,ns,2,10-2,10.0,2000.0,9.0,1518.9999999403954,False
A2MUOD1JHWJ735,ns,2,10-2,10.0,2000.0,5.0,1051.5,False
A2MUOD1JHWJ735,ns,2,10-2,10.0,2000.0,7.0,1099.0999999642372,False
A2MUOD1JHWJ735,ns,2,10-2,10.0,2000.0,8.0,2621.5,False
A2MUOD1JHWJ735,ns,2,10-2,10.0,2000.0,6.0,2313.2999999523163,False
A2MUOD1JHWJ735,ns,2,10-2,10.0,2000.0,7.0,966.8999999761581,False
A2MUOD1JHWJ735,ns,2,10-2,10.0,2000.0,6.0,1598.3999999761581,False
A2MUOD1JHWJ735,ns,2,10-2,10.0,2000.0,5.0,1089.800000011921,False
A2MUOD1JHWJ735,ns,2,10-2,10.0,2000.0,8.0,1939.7999999523163,False
A2MUOD1JHWJ735,ns,3,10-2,10.0,2000.0,1.0,0.0,True
A2MUOD1JHWJ735,ns,3,10-2,10.0,2000.0,8.0,2890.800000190735,False
A2MUOD1JHWJ735,ns,3,10-2,10.0,2000.0,6.0,1122.2999997138977,False
A2MUOD1JHWJ735,ns,3,10-2,10.0,2000.0,9.0,1670.599999904633,False
A2MUOD1JHWJ735,ns,3,10-2,10.0,2000.0,6.0,2728.5,False
A2MUOD1JHWJ735,ns,3,10-2,10.0,2000.0,5.0,1288.599999904633,False
A2MUOD1JHWJ735,ns,3,10-2,10.0,2000.0,6.0,1695.7999997138977,False
A2MUOD1JHWJ735,ns,3,10-2,10.0,2000.0,6.0,904.099999904633,False
A2MUOD1JHWJ735,ns,3,10-2,10.0,2000.0,7.0,1641.3000001907349,False
A2MUOD1JHWJ735,ns,3,10-2,10.0,2000.0,6.0,1930.7999997138977,False
A2MUOD1JHWJ735,ns,3,10-2,10.0,2000.0,8.0,786.099999904633,False
A2MUOD1JHWJ735,ns,3,10-2,10.0,2000.0,7.0,1506.900000095368,False
A2MUOD1JHWJ735,ns,4,10-2,10.0,2000.0,6.0,1336.3000000119218,False
A2MUOD1JHWJ735,ns,4,10-2,10.0,2000.0,6.0,1160.5000000298023,False
A2MUOD1JHWJ735,ns,4,10-2,10.0,2000.0,6.0,158.90000000596046,False
A2MUOD1JHWJ735,ns,4,10-2,10.0,2000.0,6.0,479.8000000119214,False
A2MUOD1JHWJ735,ns,4,10-2,10.0,2000.0,6.0,626.8000000119214,False
A2MUOD1JHWJ735,ns,4,10-2,10.0,2000.0,6.0,1505.6000000238419,False
A2MUOD1JHWJ735,ns,4,10-2,10.0,2000.0,6.0,0.0,True
A2MUOD1JHWJ735,ns,4,10-2,10.0,2000.0,6.0,604.4000000059605,False
A2MUOD1JHWJ735,ns,4,10-2,10.0,2000.0,7.0,50.20000001788139,False
A2MUOD1JHWJ735,ns,4,10-2,10.0,2000.0,6.0,980.0,False
A2MUOD1JHWJ735,ns,4,10-2,10.0,2000.0,5.0,819.1000000238423,False
A2NXMRPHG86N2T,ns,1,10-2,10.0,2000.0,1.0,1130.6999999992559,False
A2NXMRPHG86N2T,ns,1,10-2,10.0,2000.0,1.0,3999.7999999988842,False
A2NXMRPHG86N2T,ns,1,10-2,10.0,2000.0,1.0,3164.5999999996275,False
A2NXMRPHG86N2T,ns,1,10-2,10.0,2000.0,5.0,8663.099999999627,False
A2NXMRPHG86N2T,ns,1,10-2,10.0,2000.0,6.0,2082.9000000003725,False
A2NXMRPHG86N2T,ns,1,10-2,10.0,2000.0,7.0,0.0,True
A2NXMRPHG86N2T,ns,1,10-2,10.0,2000.0,9.0,652.4000000003725,False
A2NXMRPHG86N2T,ns,1,10-2,10.0,2000.0,8.0,4706.400000000371,False
A2NXMRPHG86N2T,ns,1,10-2,10.0,2000.0,6.0,1941.5000000018626,False
A2NXMRPHG86N2T,ns,1,10-2,10.0,2000.0,9.0,1297.9000000003725,False
A2NXMRPHG86N2T,ns,1,10-2,10.0,2000.0,3.0,1673.2999999988824,False
A2NXMRPHG86N2T,ns,1,10-2,10.0,2000.0,9.0,365.49999999813735,False
A2NXMRPHG86N2T,ns,2,10-2,10.0,2000.0,1.0,658.1000000014901,False
A2NXMRPHG86N2T,ns,2,10-2,10.0,2000.0,1.0,3264.5,False
A2NXMRPHG86N2T,ns,2,10-2,10.0,2000.0,10.0,3544.10000000149,False
A2NXMRPHG86N2T,ns,2,10-2,10.0,2000.0,6.0,4299.299999998882,False
A2NXMRPHG86N2T,ns,2,10-2,10.0,2000.0,5.0,2254.89999999851,False
A2NXMRPHG86N2T,ns,2,10-2,10.0,2000.0,8.0,2935.9000000003725,False
A2NXMRPHG86N2T,ns,2,10-2,10.0,2000.0,5.0,3111.0,False
A2NXMRPHG86N2T,ns,2,10-2,10.0,2000.0,5.0,2447.2000000011176,False
A2NXMRPHG86N2T,ns,2,10-2,10.0,2000.0,1.0,0.0,True
A2NXMRPHG86N2T,ns,2,10-2,10.0,2000.0,1.0,2710.0999999996284,False
A2NXMRPHG86N2T,ns,2,10-2,10.0,2000.0,8.0,1363.5,False
A2NXMRPHG86N2T,ns,2,10-2,10.0,2000.0,8.0,1844.7000000011176,False
A2NXMRPHG86N2T,ns,3,10-2,10.0,2000.0,1.0,267.4000000022352,False
A2NXMRPHG86N2T,ns,3,10-2,10.0,2000.0,10.0,1205.5999999977648,False
A2NXMRPHG86N2T,ns,3,10-2,10.0,2000.0,6.0,2059.800000000745,False
A2NXMRPHG86N2T,ns,3,10-2,10.0,2000.0,7.0,1348.6000000014901,False
A2NXMRPHG86N2T,ns,3,10-2,10.0,2000.0,6.0,0.0,True
A2NXMRPHG86N2T,ns,3,10-2,10.0,2000.0,8.0,46.899999998509884,False
A2NXMRPHG86N2T,ns,3,10-2,10.0,2000.0,6.0,993.1000000014901,False
A2NXMRPHG86N2T,ns,3,10-2,10.0,2000.0,8.0,3018.5,False
A2NXMRPHG86N2T,ns,3,10-2,10.0,2000.0,8.0,318.4000000022352,False
A2NXMRPHG86N2T,ns,3,10-2,10.0,2000.0,1.0,1517.0,False
A2NXMRPHG86N2T,ns,3,10-2,10.0,2000.0,8.0,1469.300000000745,False
A2NXMRPHG86N2T,ns,3,10-2,10.0,2000.0,6.0,2289.2000000029802,False
A2NXMRPHG86N2T,ns,4,10-2,10.0,2000.0,8.0,0.0,True
A2NXMRPHG86N2T,ns,4,10-2,10.0,2000.0,10.0,3492.4000000059605,False
A2NXMRPHG86N2T,ns,4,10-2,10.0,2000.0,10.0,744.7000000029802,False
A2NXMRPHG86N2T,ns,4,10-2,10.0,2000.0,10.0,2162.0,False
A2NXMRPHG86N2T,ns,4,10-2,10.0,2000.0,10.0,3261.699999988079,False
A2NXMRPHG86N2T,ns,4,10-2,10.0,2000.0,10.0,3251.0,False
A2NXMRPHG86N2T,ns,4,10-2,10.0,2000.0,9.0,1323.4000000059605,False
A2NXMRPHG86N2T,ns,4,10-2,10.0,2000.0,6.0,3857.8999999910593,False
A2NXMRPHG86N2T,ns,4,10-2,10.0,2000.0,3.0,1657.7999999970198,False
A2NXMRPHG86N2T,ns,4,10-2,10.0,2000.0,6.0,3181.8999999910593,False
A2NXMRPHG86N2T,ns,4,10-2,10.0,2000.0,9.0,1982.5999999940404,False
A2NXMRPHG86N2T,ns,4,10-2,10.0,2000.0,8.0,5039.79999999702,False
A2OFVEA8BEJDZN,ns,1,30-1,30.0,1000.0,5.0,36165.500000953674,False
A2OFVEA8BEJDZN,ns,1,30-1,30.0,1000.0,5.0,1704.6000003814734,False
A2OFVEA8BEJDZN,ns,1,30-1,30.0,1000.0,1.0,27257.699999809265,False
A2OFVEA8BEJDZN,ns,1,30-1,30.0,1000.0,7.0,3660.9000005722064,False
A2OFVEA8BEJDZN,ns,1,30-1,30.0,1000.0,3.0,5217.500000000002,False
A2OFVEA8BEJDZN,ns,1,30-1,30.0,1000.0,1.0,10751.600000381468,False
A2OFVEA8BEJDZN,ns,1,30-1,30.0,1000.0,1.0,315.00000095367614,False
A2OFVEA8BEJDZN,ns,1,30-1,30.0,1000.0,5.0,0.0,True
A2OFVEA8BEJDZN,ns,2,30-1,30.0,1000.0,16.0,1432.0,False
A2OFVEA8BEJDZN,ns,2,30-1,30.0,1000.0,3.0,9309.5,False
A2OFVEA8BEJDZN,ns,2,30-1,30.0,1000.0,2.0,3352.5,False
A2OFVEA8BEJDZN,ns,2,30-1,30.0,1000.0,2.0,13031.39999961853,False
A2OFVEA8BEJDZN,ns,2,30-1,30.0,1000.0,1.0,3281.0999994277954,False
A2OFVEA8BEJDZN,ns,2,30-1,30.0,1000.0,2.0,0.0,True
A2OFVEA8BEJDZN,ns,2,30-1,30.0,1000.0,15.0,10448.89999961853,False
A2OFVEA8BEJDZN,ns,2,30-1,30.0,1000.0,1.0,9056.5,False
A2OFVEA8BEJDZN,ns,2,30-1,30.0,1000.0,2.0,9726.300000190735,False
A2OFVEA8BEJDZN,ns,3,30-1,30.0,1000.0,2.0,0.0,True
A2OFVEA8BEJDZN,ns,3,30-1,30.0,1000.0,30.0,10322.099999427795,False
A2OFVEA8BEJDZN,ns,3,30-1,30.0,1000.0,1.0,17056.499999046326,False
A2OFVEA8BEJDZN,ns,3,30-1,30.0,1000.0,2.0,21985.099999427795,False
A2OFVEA8BEJDZN,ns,3,30-1,30.0,1000.0,3.0,11958.099999427795,False
A2OFVEA8BEJDZN,ns,3,30-1,30.0,1000.0,3.0,5884.299999237061,False
A2OFVEA8BEJDZN,ns,3,30-1,30.0,1000.0,2.0,12809.699999809261,False
A2OFVEA8BEJDZN,ns,3,30-1,30.0,1000.0,2.0,6978.599999427794,False
A2OFVEA8BEJDZN,ns,3,30-1,30.0,1000.0,5.0,9495.0,False
A2OFVEA8BEJDZN,ns,3,30-1,30.0,1000.0,8.0,37083.5,False
A2OFVEA8BEJDZN,ns,3,30-1,30.0,1000.0,1.0,5475.800000190735,False
A2OFVEA8BEJDZN,ns,3,30-1,30.0,1000.0,3.0,9874.5,False
A2OFVEA8BEJDZN,ns,4,30-1,30.0,1000.0,29.0,7300.5,False
A2OFVEA8BEJDZN,ns,4,30-1,30.0,1000.0,25.0,1487.6999998092651,False
A2OFVEA8BEJDZN,ns,4,30-1,30.0,1000.0,30.0,2137.0,False
A2OFVEA8BEJDZN,ns,4,30-1,30.0,1000.0,24.0,1272.1999998092651,False
A2OFVEA8BEJDZN,ns,4,30-1,30.0,1000.0,25.0,0.0,True
A2OFVEA8BEJDZN,ns,4,30-1,30.0,1000.0,23.0,2303.800000190735,False
A2OFVEA8BEJDZN,ns,4,30-1,30.0,1000.0,1.0,21293.30000019073,False
A2OFVEA8BEJDZN,ns,4,30-1,30.0,1000.0,1.0,7540.699999809263,False
A2OFVEA8BEJDZN,ns,4,30-1,30.0,1000.0,27.0,9099.89999961853,False
A2OOS7IXSKJFFI,ns,1,20-2,20.0,2000.0,3.0,3384.6999998092647,False
A2OOS7IXSKJFFI,ns,1,20-2,20.0,2000.0,3.0,14619.999999523163,False
A2OOS7IXSKJFFI,ns,1,20-2,20.0,2000.0,1.0,5203.099999904633,False
A2OOS7IXSKJFFI,ns,1,20-2,20.0,2000.0,19.0,4084.7999997138973,False
A2OOS7IXSKJFFI,ns,1,20-2,20.0,2000.0,5.0,1576.7999997138973,False
A2OOS7IXSKJFFI,ns,1,20-2,20.0,2000.0,18.0,0.0,True
A2OOS7IXSKJFFI,ns,2,20-2,20.0,2000.0,10.0,13750.0,False
A2OOS7IXSKJFFI,ns,2,20-2,20.0,2000.0,1.0,5247.39999961853,False
A2OOS7IXSKJFFI,ns,2,20-2,20.0,2000.0,7.0,3177.300000190735,False
A2OOS7IXSKJFFI,ns,2,20-2,20.0,2000.0,1.0,123.30000019073486,False
A2OOS7IXSKJFFI,ns,2,20-2,20.0,2000.0,2.0,2641.2999992370605,False
A2OOS7IXSKJFFI,ns,2,20-2,20.0,2000.0,3.0,409.5999994277954,False
A2OOS7IXSKJFFI,ns,2,20-2,20.0,2000.0,2.0,0.0,True
A2OOS7IXSKJFFI,ns,2,20-2,20.0,2000.0,1.0,2355.3999996185303,False
A2OOS7IXSKJFFI,ns,2,20-2,20.0,2000.0,1.0,2909.3999996185303,False
A2P83PY6P7ECM5,ns,1,30-1,30.0,1000.0,1.0,9111.900000095367,False
A2P83PY6P7ECM5,ns,1,30-1,30.0,1000.0,1.0,3908.5000002384204,False
A2P83PY6P7ECM5,ns,1,30-1,30.0,1000.0,1.0,188.5,False
A2P83PY6P7ECM5,ns,1,30-1,30.0,1000.0,2.0,4535.099999904633,False
A2P83PY6P7ECM5,ns,1,30-1,30.0,1000.0,11.0,5970.300000190735,False
A2P83PY6P7ECM5,ns,1,30-1,30.0,1000.0,1.0,0.0,True
A2P83PY6P7ECM5,ns,1,30-1,30.0,1000.0,1.0,581.5,False
A2P83PY6P7ECM5,ns,2,30-1,30.0,1000.0,1.0,13477.100000143051,False
A2P83PY6P7ECM5,ns,2,30-1,30.0,1000.0,24.0,0.0,True
A2P83PY6P7ECM5,ns,2,30-1,30.0,1000.0,30.0,650.5,False
A2P83PY6P7ECM5,ns,2,30-1,30.0,1000.0,2.0,6670.50000023842,False
A2P83PY6P7ECM5,ns,2,30-1,30.0,1000.0,30.0,5502.600000143051,False
A2P83PY6P7ECM5,ns,2,30-1,30.0,1000.0,30.0,517.5,False
A2P83PY6P7ECM5,ns,2,30-1,30.0,1000.0,30.0,55.0,False
A2P83PY6P7ECM5,ns,3,30-1,30.0,1000.0,2.0,12549.399999976158,False
A2P83PY6P7ECM5,ns,3,30-1,30.0,1000.0,6.0,0.0,True
A2P83PY6P7ECM5,ns,3,30-1,30.0,1000.0,29.0,1187.7999999821186,False
A2P83PY6P7ECM5,ns,3,30-1,30.0,1000.0,1.0,21960.0,False
A2PTABUVOUYAH5,ns,1,15-2,15.0,2000.0,14.0,0.0,True
A2PTABUVOUYAH5,ns,1,15-2,15.0,2000.0,9.0,3251.8000000715256,False
A2PTABUVOUYAH5,ns,1,15-2,15.0,2000.0,10.0,2444.5,False
A2PTABUVOUYAH5,ns,1,15-2,15.0,2000.0,1.0,4781.700000047684,False
A2PTABUVOUYAH5,ns,1,15-2,15.0,2000.0,15.0,6543.600000143051,False
A2PTABUVOUYAH5,ns,1,15-2,15.0,2000.0,13.0,5368.600000023842,False
A2PTABUVOUYAH5,ns,1,15-2,15.0,2000.0,12.0,2901.4000000953674,False
A2PTABUVOUYAH5,ns,1,15-2,15.0,2000.0,10.0,3827.899999976158,False
A2PTABUVOUYAH5,ns,1,15-2,15.0,2000.0,15.0,5706.600000023842,False
A2PTABUVOUYAH5,ns,1,15-2,15.0,2000.0,14.0,5043.400000095367,False
A2PTABUVOUYAH5,ns,1,15-2,15.0,2000.0,10.0,2931.0,False
A2PTABUVOUYAH5,ns,2,15-2,15.0,2000.0,5.0,0.0,True
A2PTABUVOUYAH5,ns,2,15-2,15.0,2000.0,12.0,2491.200000166893,False
A2PTABUVOUYAH5,ns,2,15-2,15.0,2000.0,15.0,1568.6000001430511,False
A2PTABUVOUYAH5,ns,2,15-2,15.0,2000.0,10.0,2381.100000143051,False
A2PTABUVOUYAH5,ns,2,15-2,15.0,2000.0,1.0,1643.8000000715256,False
A2PTABUVOUYAH5,ns,2,15-2,15.0,2000.0,1.0,1754.4000000953674,False
A2PTABUVOUYAH5,ns,2,15-2,15.0,2000.0,1.0,2008.7000000476837,False
A2PTABUVOUYAH5,ns,2,15-2,15.0,2000.0,1.0,2200.100000023842,False
A2PTABUVOUYAH5,ns,2,15-2,15.0,2000.0,14.0,382.2000000476837,False
A2PTABUVOUYAH5,ns,2,15-2,15.0,2000.0,15.0,1481.4000000953674,False
A2PTABUVOUYAH5,ns,2,15-2,15.0,2000.0,9.0,1774.8000000715256,False
A2PTABUVOUYAH5,ns,2,15-2,15.0,2000.0,14.0,773.6000001430511,False
A2PTABUVOUYAH5,ns,3,15-2,15.0,2000.0,1.0,0.0,True
A2PTABUVOUYAH5,ns,3,15-2,15.0,2000.0,13.0,4002.2000000178814,False
A2PTABUVOUYAH5,ns,3,15-2,15.0,2000.0,14.0,2773.5,False
A2PTABUVOUYAH5,ns,3,15-2,15.0,2000.0,13.0,3633.600000023842,False
A2PTABUVOUYAH5,ns,3,15-2,15.0,2000.0,15.0,3134.2000000178814,False
A2PTABUVOUYAH5,ns,3,15-2,15.0,2000.0,14.0,5296.500000029802,False
A2PTABUVOUYAH5,ns,3,15-2,15.0,2000.0,14.0,1767.6000000238419,False
A2PTABUVOUYAH5,ns,3,15-2,15.0,2000.0,14.0,1542.8000000119214,False
A2PTABUVOUYAH5,ns,3,15-2,15.0,2000.0,13.0,1241.4000000059605,False
A2PTABUVOUYAH5,ns,3,15-2,15.0,2000.0,12.0,297.30000001192093,False
A2PTABUVOUYAH5,ns,3,15-2,15.0,2000.0,15.0,2666.100000023842,False
A2PTABUVOUYAH5,ns,3,15-2,15.0,2000.0,15.0,297.30000004172325,False
A2PTABUVOUYAH5,ns,4,15-2,15.0,2000.0,13.0,1455.5999999642374,False
A2PTABUVOUYAH5,ns,4,15-2,15.0,2000.0,10.0,3378.699999988079,False
A2PTABUVOUYAH5,ns,4,15-2,15.0,2000.0,14.0,2635.599999964237,False
A2PTABUVOUYAH5,ns,4,15-2,15.0,2000.0,1.0,1177.8999999761584,False
A2PTABUVOUYAH5,ns,4,15-2,15.0,2000.0,13.0,1494.1999999880793,False
A2PTABUVOUYAH5,ns,4,15-2,15.0,2000.0,12.0,305.09999996423744,False
A2PTABUVOUYAH5,ns,4,15-2,15.0,2000.0,14.0,551.0000000000002,False
A2PTABUVOUYAH5,ns,4,15-2,15.0,2000.0,14.0,7313.399999976158,False
A2PTABUVOUYAH5,ns,4,15-2,15.0,2000.0,11.0,3113.599999964237,False
A2PTABUVOUYAH5,ns,4,15-2,15.0,2000.0,13.0,0.0,True
A2PTABUVOUYAH5,ns,4,15-2,15.0,2000.0,14.0,28.1999999880793,False
A2PTABUVOUYAH5,ns,4,15-2,15.0,2000.0,14.0,3771.6999999284744,False
A2QRJKXTK4JDD8,ns,1,10-2,10.0,2000.0,9.0,1656.0,False
A2QRJKXTK4JDD8,ns,1,10-2,10.0,2000.0,9.0,5695.0,False
A2QRJKXTK4JDD8,ns,1,10-2,10.0,2000.0,10.0,882.0,False
A2QRJKXTK4JDD8,ns,1,10-2,10.0,2000.0,10.0,2876.0,False
A2QRJKXTK4JDD8,ns,1,10-2,10.0,2000.0,8.0,3044.0,False
A2QRJKXTK4JDD8,ns,1,10-2,10.0,2000.0,10.0,625.0,False
A2QRJKXTK4JDD8,ns,1,10-2,10.0,2000.0,9.0,639.0,False
A2QRJKXTK4JDD8,ns,1,10-2,10.0,2000.0,1.0,0.0,True
A2QRJKXTK4JDD8,ns,2,10-2,10.0,2000.0,10.0,0.0,True
A2QRJKXTK4JDD8,ns,2,10-2,10.0,2000.0,10.0,4008.0,False
A2QRJKXTK4JDD8,ns,2,10-2,10.0,2000.0,9.0,15650.0,False
A2QRJKXTK4JDD8,ns,2,10-2,10.0,2000.0,1.0,6039.0,False
A2QRJKXTK4JDD8,ns,2,10-2,10.0,2000.0,8.0,8726.0,False
A2QRJKXTK4JDD8,ns,2,10-2,10.0,2000.0,10.0,5817.0,False
A2QRJKXTK4JDD8,ns,2,10-2,10.0,2000.0,1.0,3953.0,False
A2QRJKXTK4JDD8,ns,2,10-2,10.0,2000.0,10.0,3714.0,False
A2QRJKXTK4JDD8,ns,3,10-2,10.0,2000.0,10.0,0.0,True
A2QRJKXTK4JDD8,ns,3,10-2,10.0,2000.0,1.0,8981.0,False
A2QRJKXTK4JDD8,ns,3,10-2,10.0,2000.0,10.0,13168.0,False
A2QRJKXTK4JDD8,ns,3,10-2,10.0,2000.0,10.0,2625.0,False
A2QRJKXTK4JDD8,ns,3,10-2,10.0,2000.0,9.0,5595.0,False
A2QRJKXTK4JDD8,ns,3,10-2,10.0,2000.0,1.0,51537.0,False
A2QRJKXTK4JDD8,ns,3,10-2,10.0,2000.0,10.0,13163.0,False
A2QRJKXTK4JDD8,ns,3,10-2,10.0,2000.0,10.0,2683.0,False
A2QRJKXTK4JDD8,ns,3,10-2,10.0,2000.0,10.0,7678.0,False
A2QRJKXTK4JDD8,ns,3,10-2,10.0,2000.0,10.0,1930.0,False
A2QRJKXTK4JDD8,ns,4,10-2,10.0,2000.0,1.0,599.0,False
A2QRJKXTK4JDD8,ns,4,10-2,10.0,2000.0,1.0,8909.0,False
A2QRJKXTK4JDD8,ns,4,10-2,10.0,2000.0,1.0,1408.0,False
A2QRJKXTK4JDD8,ns,4,10-2,10.0,2000.0,1.0,13167.0,False
A2QRJKXTK4JDD8,ns,4,10-2,10.0,2000.0,1.0,128.0,False
A2QRJKXTK4JDD8,ns,4,10-2,10.0,2000.0,1.0,1835.0,False
A2QRJKXTK4JDD8,ns,4,10-2,10.0,2000.0,1.0,0.0,True
A2QUSCZS3RXGXE,ns,1,40-1,40.0,1000.0,2.0,3297.0000009536743,False
A2QUSCZS3RXGXE,ns,1,40-1,40.0,1000.0,1.0,2168.1000003814697,False
A2QUSCZS3RXGXE,ns,1,40-1,40.0,1000.0,38.0,1469.3000001907349,False
A2QUSCZS3RXGXE,ns,1,40-1,40.0,1000.0,30.0,0.0,True
A2QUSCZS3RXGXE,ns,1,40-1,40.0,1000.0,1.0,2219.1000003814697,False
A2QUSCZS3RXGXE,ns,1,40-1,40.0,1000.0,1.0,517.2000007629395,False
A2QUSCZS3RXGXE,ns,1,40-1,40.0,1000.0,2.0,1051.6000003814697,False
A2QUSCZS3RXGXE,ns,1,40-1,40.0,1000.0,2.0,2743.2000007629395,False
A2QUSCZS3RXGXE,ns,1,40-1,40.0,1000.0,1.0,2203.800001144409,False
A2QUSCZS3RXGXE,ns,1,40-1,40.0,1000.0,1.0,804.9000005722046,False
A2QUSCZS3RXGXE,ns,1,40-1,40.0,1000.0,28.0,2428.699999809265,False
A2QUSCZS3RXGXE,ns,2,40-1,40.0,1000.0,2.0,1090.0,False
A2QUSCZS3RXGXE,ns,2,40-1,40.0,1000.0,37.0,0.0,True
A2QUSCZS3RXGXE,ns,2,40-1,40.0,1000.0,1.0,44.69999885559082,False
A2QUSCZS3RXGXE,ns,2,40-1,40.0,1000.0,1.0,9581.599999427794,False
A2QUSCZS3RXGXE,ns,2,40-1,40.0,1000.0,1.0,1940.6999998092651,False
A2QUSCZS3RXGXE,ns,2,40-1,40.0,1000.0,1.0,992.8999996185303,False
A2QUSCZS3RXGXE,ns,2,40-1,40.0,1000.0,2.0,1214.0999994277954,False
A2QUSCZS3RXGXE,ns,2,40-1,40.0,1000.0,1.0,1713.3000001907349,False
A2QUSCZS3RXGXE,ns,2,40-1,40.0,1000.0,4.0,3127.8999996185303,False
A2QUSCZS3RXGXE,ns,2,40-1,40.0,1000.0,40.0,1392.8999996185303,False
A2QUSCZS3RXGXE,ns,2,40-1,40.0,1000.0,1.0,1015.8999996185303,False
A2QUSCZS3RXGXE,ns,2,40-1,40.0,1000.0,1.0,4177.099999427795,False
A2QUSCZS3RXGXE,ns,3,40-1,40.0,1000.0,39.0,2914.800000190734,False
A2QUSCZS3RXGXE,ns,3,40-1,40.0,1000.0,40.0,4460.400000572204,False
A2QUSCZS3RXGXE,ns,3,40-1,40.0,1000.0,39.0,2298.3000011444083,False
A2QUSCZS3RXGXE,ns,3,40-1,40.0,1000.0,33.0,148.4000005722039,False
A2QUSCZS3RXGXE,ns,3,40-1,40.0,1000.0,32.0,746.600000381469,False
A2QUSCZS3RXGXE,ns,3,40-1,40.0,1000.0,39.0,1211.3000001907342,False
A2QUSCZS3RXGXE,ns,3,40-1,40.0,1000.0,3.0,3093.199999809264,False
A2QUSCZS3RXGXE,ns,3,40-1,40.0,1000.0,1.0,5589.7000007629385,False
A2QUSCZS3RXGXE,ns,3,40-1,40.0,1000.0,31.0,649.0000009536736,False
A2QUSCZS3RXGXE,ns,3,40-1,40.0,1000.0,33.0,0.0,True
A2QUSCZS3RXGXE,ns,4,40-1,40.0,1000.0,4.0,3827.0,False
A2QUSCZS3RXGXE,ns,4,40-1,40.0,1000.0,40.0,974.0999994277954,False
A2QUSCZS3RXGXE,ns,4,40-1,40.0,1000.0,1.0,2676.3999996185303,False
A2QUSCZS3RXGXE,ns,4,40-1,40.0,1000.0,1.0,2380.5999994277954,False
A2QUSCZS3RXGXE,ns,4,40-1,40.0,1000.0,34.0,324.69999980926514,False
A2QUSCZS3RXGXE,ns,4,40-1,40.0,1000.0,2.0,4548.599999427795,False
A2QUSCZS3RXGXE,ns,4,40-1,40.0,1000.0,38.0,0.0,True
A2QUSCZS3RXGXE,ns,4,40-1,40.0,1000.0,35.0,1442.8999996185303,False
A2QUSCZS3RXGXE,ns,4,40-1,40.0,1000.0,39.0,1999.8999996185303,False
A2QUSCZS3RXGXE,ns,4,40-1,40.0,1000.0,40.0,1049.0999994277954,False
A2QUSCZS3RXGXE,ns,4,40-1,40.0,1000.0,36.0,434.0,False
A2QUSCZS3RXGXE,ns,4,40-1,40.0,1000.0,36.0,1227.8999996185303,False
A2QY653X9531JP,ns,1,20-1,20.0,1000.0,3.0,6459.89999961853,False
A2QY653X9531JP,ns,1,20-1,20.0,1000.0,1.0,4278.800000190737,False
A2QY653X9531JP,ns,1,20-1,20.0,1000.0,1.0,5124.599999904633,False
A2QY653X9531JP,ns,1,20-1,20.0,1000.0,20.0,1238.5999999046326,False
A2QY653X9531JP,ns,1,20-1,20.0,1000.0,18.0,521.5999999046326,False
A2QY653X9531JP,ns,1,20-1,20.0,1000.0,18.0,3449.9000000953674,False
A2QY653X9531JP,ns,1,20-1,20.0,1000.0,5.0,2182.0999999046326,False
A2QY653X9531JP,ns,1,20-1,20.0,1000.0,19.0,0.0,True
A2QY653X9531JP,ns,1,20-1,20.0,1000.0,17.0,621.5,False
A2QY653X9531JP,ns,2,20-1,20.0,1000.0,4.0,0.0,True
A2QY653X9531JP,ns,2,20-1,20.0,1000.0,17.0,2612.2000002861023,False
A2QY653X9531JP,ns,2,20-1,20.0,1000.0,19.0,2389.7000002861023,False
A2QY653X9531JP,ns,2,20-1,20.0,1000.0,19.0,481.80000019073486,False
A2QY653X9531JP,ns,2,20-1,20.0,1000.0,1.0,5170.599999904633,False
A2QY653X9531JP,ns,2,20-1,20.0,1000.0,16.0,2952.5,False
A2QY653X9531JP,ns,2,20-1,20.0,1000.0,14.0,1031.6999998092651,False
A2QY653X9531JP,ns,2,20-1,20.0,1000.0,13.0,3781.3000001907367,False
A2QY653X9531JP,ns,2,20-1,20.0,1000.0,20.0,4793.800000190737,False
A2QY653X9531JP,ns,2,20-1,20.0,1000.0,20.0,4406.799999713898,False
A2QY653X9531JP,ns,3,20-1,20.0,1000.0,6.0,0.0,True
A2QY653X9531JP,ns,3,20-1,20.0,1000.0,20.0,10374.400000095367,False
A2QY653X9531JP,ns,3,20-1,20.0,1000.0,17.0,2925.3999996185303,False
A2QY653X9531JP,ns,3,20-1,20.0,1000.0,14.0,2663.0,False
A2QY653X9531JP,ns,3,20-1,20.0,1000.0,15.0,5073.700000286102,False
A2QY653X9531JP,ns,3,20-1,20.0,1000.0,18.0,5336.599999904633,False
A2QY653X9531JP,ns,3,20-1,20.0,1000.0,20.0,7999.5,False
A2QY653X9531JP,ns,3,20-1,20.0,1000.0,19.0,4663.599999904633,False
A2QY653X9531JP,ns,3,20-1,20.0,1000.0,19.0,5368.5,False
A2QY653X9531JP,ns,3,20-1,20.0,1000.0,18.0,11495.799999713898,False
A2QY653X9531JP,ns,4,20-1,20.0,1000.0,7.0,490.3999996185303,False
A2QY653X9531JP,ns,4,20-1,20.0,1000.0,19.0,0.0,True
A2QY653X9531JP,ns,4,20-1,20.0,1000.0,5.0,8352.699999809265,False
A2QY653X9531JP,ns,4,20-1,20.0,1000.0,20.0,5619.300000190735,False
A2QY653X9531JP,ns,4,20-1,20.0,1000.0,20.0,7513.399999618528,False
A2QY653X9531JP,ns,4,20-1,20.0,1000.0,3.0,1441.0,False
A2QY653X9531JP,ns,4,20-1,20.0,1000.0,20.0,3062.2999992370605,False
A2QY653X9531JP,ns,4,20-1,20.0,1000.0,18.0,8762.000000000002,False
A2ROI30AQITC3V,ns,1,30-1,30.0,1000.0,6.0,1944.0999999046326,False
A2ROI30AQITC3V,ns,1,30-1,30.0,1000.0,13.0,5547.599999904633,False
A2ROI30AQITC3V,ns,1,30-1,30.0,1000.0,29.0,1518.7999992370605,False
A2ROI30AQITC3V,ns,1,30-1,30.0,1000.0,23.0,0.0,True
A2ROI30AQITC3V,ns,1,30-1,30.0,1000.0,25.0,3418.8999996185303,False
A2ROI30AQITC3V,ns,1,30-1,30.0,1000.0,24.0,4362.099999427794,False
A2ROI30AQITC3V,ns,1,30-1,30.0,1000.0,26.0,5180.39999961853,False
A2ROI30AQITC3V,ns,1,30-1,30.0,1000.0,22.0,3937.999999523163,False
A2ROI30AQITC3V,ns,1,30-1,30.0,1000.0,28.0,2048.999999523163,False
A2ROI30AQITC3V,ns,1,30-1,30.0,1000.0,26.0,738.8999996185303,False
A2ROI30AQITC3V,ns,1,30-1,30.0,1000.0,7.0,1098.2999997138977,False
A2ROI30AQITC3V,ns,2,30-1,30.0,1000.0,3.0,38244.299999713905,False
A2ROI30AQITC3V,ns,2,30-1,30.0,1000.0,4.0,4475.5,False
A2ROI30AQITC3V,ns,2,30-1,30.0,1000.0,20.0,7273.699999809265,False
A2ROI30AQITC3V,ns,2,30-1,30.0,1000.0,28.0,0.0,True
A2ROI30AQITC3V,ns,2,30-1,30.0,1000.0,4.0,1859.7999997138977,False
A2ROI30AQITC3V,ns,2,30-1,30.0,1000.0,3.0,1672.7999997138977,False
A2ROI30AQITC3V,ns,2,30-1,30.0,1000.0,22.0,4547.900000095369,False
A2ROI30AQITC3V,ns,2,30-1,30.0,1000.0,23.0,612.4000000953674,False
A2ROI30AQITC3V,ns,2,30-1,30.0,1000.0,13.0,6213.5,False
A2ROI30AQITC3V,ns,3,30-1,30.0,1000.0,11.0,0.0,True
A2ROI30AQITC3V,ns,3,30-1,30.0,1000.0,28.0,6685.299999713896,False
A2ROI30AQITC3V,ns,3,30-1,30.0,1000.0,29.0,827.4999999999995,False
A2ROI30AQITC3V,ns,3,30-1,30.0,1000.0,3.0,1982.599999904632,False
A2ROI30AQITC3V,ns,3,30-1,30.0,1000.0,7.0,6904.800000190735,False
A2ROI30AQITC3V,ns,3,30-1,30.0,1000.0,13.0,6975.89999961853,False
A2ROI30AQITC3V,ns,3,30-1,30.0,1000.0,7.0,3527.1999998092647,False
A2ROI30AQITC3V,ns,3,30-1,30.0,1000.0,28.0,19305.099999904633,False
A2ROI30AQITC3V,ns,3,30-1,30.0,1000.0,29.0,11706.699999809265,False
A2ROI30AQITC3V,ns,4,30-1,30.0,1000.0,30.0,0.0,True
A2ROI30AQITC3V,ns,4,30-1,30.0,1000.0,28.0,4435.0,False
A2ROI30AQITC3V,ns,4,30-1,30.0,1000.0,30.0,4860.700000047684,False
A2ROI30AQITC3V,ns,4,30-1,30.0,1000.0,28.0,3688.2999999523163,False
A2ROI30AQITC3V,ns,4,30-1,30.0,1000.0,13.0,3910.600000023842,False
A2ROI30AQITC3V,ns,4,30-1,30.0,1000.0,29.0,1069.6000000238419,False
A2ROI30AQITC3V,ns,4,30-1,30.0,1000.0,1.0,6149.0,False
A2ROI30AQITC3V,ns,4,30-1,30.0,1000.0,3.0,2531.0,False
A2ROI30AQITC3V,ns,4,30-1,30.0,1000.0,30.0,5126.200000047684,False
A2SQTRNQWDLU4F,ns,1,20-1,20.0,1000.0,17.0,467.0,False
A2SQTRNQWDLU4F,ns,1,20-1,20.0,1000.0,19.0,1313.0,False
A2SQTRNQWDLU4F,ns,1,20-1,20.0,1000.0,1.0,1254.0,False
A2SQTRNQWDLU4F,ns,1,20-1,20.0,1000.0,5.0,1210.0,False
A2SQTRNQWDLU4F,ns,1,20-1,20.0,1000.0,5.0,2055.0,False
A2SQTRNQWDLU4F,ns,1,20-1,20.0,1000.0,2.0,4457.0,False
A2SQTRNQWDLU4F,ns,1,20-1,20.0,1000.0,1.0,2815.0,False
A2SQTRNQWDLU4F,ns,1,20-1,20.0,1000.0,4.0,73.0,False
A2SQTRNQWDLU4F,ns,1,20-1,20.0,1000.0,1.0,0.0,True
A2SQTRNQWDLU4F,ns,1,20-1,20.0,1000.0,2.0,730.0,False
A2SQTRNQWDLU4F,ns,2,20-1,20.0,1000.0,2.0,0.0,True
A2SQTRNQWDLU4F,ns,2,20-1,20.0,1000.0,2.0,4646.0,False
A2SQTRNQWDLU4F,ns,2,20-1,20.0,1000.0,5.0,6373.0,False
A2SQTRNQWDLU4F,ns,2,20-1,20.0,1000.0,6.0,8585.0,False
A2SQTRNQWDLU4F,ns,2,20-1,20.0,1000.0,1.0,467.0,False
A2SQTRNQWDLU4F,ns,2,20-1,20.0,1000.0,4.0,4353.0,False
A2SQTRNQWDLU4F,ns,2,20-1,20.0,1000.0,4.0,7410.0,False
A2SQTRNQWDLU4F,ns,2,20-1,20.0,1000.0,5.0,11900.0,False
A2SQTRNQWDLU4F,ns,2,20-1,20.0,1000.0,2.0,4662.0,False
A2SQTRNQWDLU4F,ns,2,20-1,20.0,1000.0,6.0,4947.0,False
A2UEVNT8VQD1SA,ns,1,40-1,40.0,1000.0,1.0,11953.60000000149,False
A2UEVNT8VQD1SA,ns,1,40-1,40.0,1000.0,1.0,5715.500000003725,False
A2UEVNT8VQD1SA,ns,1,40-1,40.0,1000.0,2.0,6102.600000001488,False
A2UEVNT8VQD1SA,ns,1,40-1,40.0,1000.0,3.0,10199.10000000149,False
A2UEVNT8VQD1SA,ns,1,40-1,40.0,1000.0,1.0,6018.699999999255,False
A2UEVNT8VQD1SA,ns,1,40-1,40.0,1000.0,1.0,5229.000000000002,False
A2UEVNT8VQD1SA,ns,1,40-1,40.0,1000.0,39.0,0.0,True
A2UEVNT8VQD1SA,ns,1,40-1,40.0,1000.0,1.0,10562.800000000745,False
A2UEVNT8VQD1SA,ns,1,40-1,40.0,1000.0,38.0,162.60000000149012,False
A2UEVNT8VQD1SA,ns,1,40-1,40.0,1000.0,1.0,5973.20000000298,False
A2UEVNT8VQD1SA,ns,2,40-1,40.0,1000.0,1.0,3533.300000011919,False
A2UEVNT8VQD1SA,ns,2,40-1,40.0,1000.0,1.0,9014.59999999404,False
A2UEVNT8VQD1SA,ns,2,40-1,40.0,1000.0,40.0,10130.39999999106,False
A2UEVNT8VQD1SA,ns,2,40-1,40.0,1000.0,1.0,5081.5,False
A2UEVNT8VQD1SA,ns,2,40-1,40.0,1000.0,7.0,9145.5,False
A2UEVNT8VQD1SA,ns,2,40-1,40.0,1000.0,40.0,3287.2999999970198,False
A2UEVNT8VQD1SA,ns,2,40-1,40.0,1000.0,40.0,7805.20000000298,False
A2UEVNT8VQD1SA,ns,2,40-1,40.0,1000.0,34.0,2655.7000000029802,False
A2UEVNT8VQD1SA,ns,2,40-1,40.0,1000.0,34.0,3270.2999999970198,False
A2UEVNT8VQD1SA,ns,2,40-1,40.0,1000.0,40.0,0.0,True
A2UEVNT8VQD1SA,ns,2,40-1,40.0,1000.0,40.0,820.0,False
A2UEVNT8VQD1SA,ns,3,40-1,40.0,1000.0,32.0,2092.999999999999,False
A2UEVNT8VQD1SA,ns,3,40-1,40.0,1000.0,37.0,2484.2999999821186,False
A2UEVNT8VQD1SA,ns,3,40-1,40.0,1000.0,40.0,2788.2999999821186,False
A2UEVNT8VQD1SA,ns,3,40-1,40.0,1000.0,40.0,0.0,True
A2UEVNT8VQD1SA,ns,3,40-1,40.0,1000.0,40.0,3050.0999999940395,False
A2UEVNT8VQD1SA,ns,3,40-1,40.0,1000.0,1.0,2632.800000011921,False
A2UEVNT8VQD1SA,ns,3,40-1,40.0,1000.0,39.0,2519.5999999940395,False
A2UEVNT8VQD1SA,ns,3,40-1,40.0,1000.0,36.0,6976.5,False
A2UEVNT8VQD1SA,ns,3,40-1,40.0,1000.0,40.0,3421.7999999821186,False
A2UEVNT8VQD1SA,ns,3,40-1,40.0,1000.0,34.0,2787.4000000059605,False
A2UEVNT8VQD1SA,ns,3,40-1,40.0,1000.0,39.0,2038.499999999999,False
A2UEVNT8VQD1SA,ns,3,40-1,40.0,1000.0,39.0,3892.4999999701977,False
A2UEVNT8VQD1SA,ns,4,40-1,40.0,1000.0,5.0,3713.4000000059586,False
A2UEVNT8VQD1SA,ns,4,40-1,40.0,1000.0,37.0,3127.699999988079,False
A2UEVNT8VQD1SA,ns,4,40-1,40.0,1000.0,30.0,0.0,True
A2UEVNT8VQD1SA,ns,4,40-1,40.0,1000.0,32.0,2990.599999964237,False
A2UEVNT8VQD1SA,ns,4,40-1,40.0,1000.0,34.0,3377.199999988079,False
A2UEVNT8VQD1SA,ns,4,40-1,40.0,1000.0,40.0,5411.400000005959,False
A2UEVNT8VQD1SA,ns,4,40-1,40.0,1000.0,35.0,1554.8999999761581,False
A2UEVNT8VQD1SA,ns,4,40-1,40.0,1000.0,34.0,2785.5999999940386,False
A2UEVNT8VQD1SA,ns,4,40-1,40.0,1000.0,40.0,13038.0,False
A2UEVNT8VQD1SA,ns,4,40-1,40.0,1000.0,38.0,1145.0,False
A2UEVNT8VQD1SA,ns,4,40-1,40.0,1000.0,40.0,264.40000000596046,False
A2VIKZ73Y5ABHM,ns,1,10-2,10.0,2000.0,10.0,1316.0,False
A2VIKZ73Y5ABHM,ns,1,10-2,10.0,2000.0,8.0,3126.0,False
A2VIKZ73Y5ABHM,ns,1,10-2,10.0,2000.0,5.0,6281.0,False
A2VIKZ73Y5ABHM,ns,1,10-2,10.0,2000.0,10.0,598.0,False
A2VIKZ73Y5ABHM,ns,1,10-2,10.0,2000.0,4.0,356.0,False
A2VIKZ73Y5ABHM,ns,1,10-2,10.0,2000.0,3.0,1042.0,False
A2VIKZ73Y5ABHM,ns,1,10-2,10.0,2000.0,10.0,0.0,True
A2VIKZ73Y5ABHM,ns,1,10-2,10.0,2000.0,10.0,1302.0,False
A2VIKZ73Y5ABHM,ns,1,10-2,10.0,2000.0,3.0,2006.0,False
A2VIKZ73Y5ABHM,ns,1,10-2,10.0,2000.0,1.0,5392.0,False
A2VIKZ73Y5ABHM,ns,2,10-2,10.0,2000.0,10.0,2075.0,False
A2VIKZ73Y5ABHM,ns,2,10-2,10.0,2000.0,1.0,1569.0,False
A2VIKZ73Y5ABHM,ns,2,10-2,10.0,2000.0,1.0,2003.0,False
A2VIKZ73Y5ABHM,ns,2,10-2,10.0,2000.0,9.0,0.0,True
A2VIKZ73Y5ABHM,ns,2,10-2,10.0,2000.0,9.0,3393.0,False
A2VIKZ73Y5ABHM,ns,2,10-2,10.0,2000.0,1.0,1435.0,False
A2VIKZ73Y5ABHM,ns,2,10-2,10.0,2000.0,1.0,4965.0,False
A2VIKZ73Y5ABHM,ns,2,10-2,10.0,2000.0,10.0,1079.0,False
A2VIKZ73Y5ABHM,ns,2,10-2,10.0,2000.0,1.0,6396.0,False
A2VIKZ73Y5ABHM,ns,2,10-2,10.0,2000.0,1.0,2737.0,False
A2VIKZ73Y5ABHM,ns,3,10-2,10.0,2000.0,1.0,0.0,True
A2VIKZ73Y5ABHM,ns,3,10-2,10.0,2000.0,7.0,2549.0,False
A2VIKZ73Y5ABHM,ns,3,10-2,10.0,2000.0,2.0,2401.0,False
A2VIKZ73Y5ABHM,ns,3,10-2,10.0,2000.0,1.0,1501.0,False
A2VIKZ73Y5ABHM,ns,3,10-2,10.0,2000.0,6.0,969.0,False
A2VIKZ73Y5ABHM,ns,3,10-2,10.0,2000.0,10.0,1199.0,False
A2VIKZ73Y5ABHM,ns,3,10-2,10.0,2000.0,1.0,3461.0,False
A2VIKZ73Y5ABHM,ns,3,10-2,10.0,2000.0,10.0,1584.0,False
A2VIKZ73Y5ABHM,ns,3,10-2,10.0,2000.0,9.0,1428.0,False
A2VIKZ73Y5ABHM,ns,3,10-2,10.0,2000.0,10.0,2032.0,False
A2VIKZ73Y5ABHM,ns,4,10-2,10.0,2000.0,1.0,283.0,False
A2VIKZ73Y5ABHM,ns,4,10-2,10.0,2000.0,1.0,3941.0,False
A2VIKZ73Y5ABHM,ns,4,10-2,10.0,2000.0,9.0,4165.0,False
A2VIKZ73Y5ABHM,ns,4,10-2,10.0,2000.0,10.0,412.0,False
A2VIKZ73Y5ABHM,ns,4,10-2,10.0,2000.0,10.0,2460.0,False
A2VIKZ73Y5ABHM,ns,4,10-2,10.0,2000.0,10.0,0.0,True
A2VIKZ73Y5ABHM,ns,4,10-2,10.0,2000.0,10.0,3593.0,False
A2VIKZ73Y5ABHM,ns,4,10-2,10.0,2000.0,10.0,4141.0,False
A2VIKZ73Y5ABHM,ns,4,10-2,10.0,2000.0,10.0,3467.0,False
A2VIKZ73Y5ABHM,ns,4,10-2,10.0,2000.0,10.0,2117.0,False
A2VIKZ73Y5ABHM,ns,4,10-2,10.0,2000.0,1.0,3176.0,False
A2XGHLVP2C1FVA,ns,1,20-2,20.0,2000.0,1.0,0.0,True
A2XGHLVP2C1FVA,ns,1,20-2,20.0,2000.0,20.0,4428.999999880791,False
A2XGHLVP2C1FVA,ns,1,20-2,20.0,2000.0,20.0,3523.6999999284744,False
A2XGHLVP2C1FVA,ns,1,20-2,20.0,2000.0,17.0,3906.5,False
A2XGHLVP2C1FVA,ns,1,20-2,20.0,2000.0,20.0,6174.899999976158,False
A2XGHLVP2C1FVA,ns,1,20-2,20.0,2000.0,15.0,10199.299999952316,False
A2XGHLVP2C1FVA,ns,1,20-2,20.0,2000.0,20.0,882.0999999046326,False
A2XGHLVP2C1FVA,ns,1,20-2,20.0,2000.0,20.0,4676.0,False
A2XGHLVP2C1FVA,ns,1,20-2,20.0,2000.0,19.0,4227.099999904633,False
A2XGHLVP2C1FVA,ns,1,20-2,20.0,2000.0,20.0,3802.6999999284744,False
A2XGHLVP2C1FVA,ns,1,20-2,20.0,2000.0,19.0,7391.199999928474,False
A2XGHLVP2C1FVA,ns,1,20-2,20.0,2000.0,20.0,4920.899999976158,False
A2XGHLVP2C1FVA,ns,2,20-2,20.0,2000.0,1.0,0.0,True
A2XGHLVP2C1FVA,ns,2,20-2,20.0,2000.0,1.0,10285.0,False
A2XGHLVP2C1FVA,ns,2,20-2,20.0,2000.0,4.0,5508.999999970198,False
A2XGHLVP2C1FVA,ns,2,20-2,20.0,2000.0,1.0,4969.700000017881,False
A2XGHLVP2C1FVA,ns,2,20-2,20.0,2000.0,1.0,9366.200000017881,False
A2XGHLVP2C1FVA,ns,2,20-2,20.0,2000.0,1.0,8918.79999998212,False
A2XGHLVP2C1FVA,ns,2,20-2,20.0,2000.0,1.0,32044.90000000596,False
A2XGHLVP2C1FVA,ns,2,20-2,20.0,2000.0,1.0,9120.900000005959,False
A2XGHLVP2C1FVA,ns,2,20-2,20.0,2000.0,1.0,5344.0999999940395,False
A2XGHLVP2C1FVA,ns,2,20-2,20.0,2000.0,1.0,5790.0999999940395,False
A2XGHLVP2C1FVA,ns,3,20-2,20.0,2000.0,13.0,0.0,True
A2XGHLVP2C1FVA,ns,3,20-2,20.0,2000.0,20.0,363.60000002384186,False
A2XGHLVP2C1FVA,ns,3,20-2,20.0,2000.0,5.0,5069.7000000476855,False
A2XGHLVP2C1FVA,ns,3,20-2,20.0,2000.0,20.0,8103.500000000002,False
A2XGHLVP2C1FVA,ns,3,20-2,20.0,2000.0,11.0,6958.800000011921,False
A2XGHLVP2C1FVA,ns,3,20-2,20.0,2000.0,19.0,343.89999997615814,False
A2XGHLVP2C1FVA,ns,3,20-2,20.0,2000.0,15.0,2506.399999976158,False
A2XGHLVP2C1FVA,ns,3,20-2,20.0,2000.0,8.0,1463.1000000238419,False
A2XGHLVP2C1FVA,ns,3,20-2,20.0,2000.0,19.0,9471.300000011921,False
A2XGHLVP2C1FVA,ns,3,20-2,20.0,2000.0,15.0,11733.800000011921,False
A2XGHLVP2C1FVA,ns,3,20-2,20.0,2000.0,11.0,2794.100000023842,False
A2XGHLVP2C1FVA,ns,4,20-2,20.0,2000.0,2.0,0.0,True
A2XGHLVP2C1FVA,ns,4,20-2,20.0,2000.0,3.0,4452.199999809265,False
A2XGHLVP2C1FVA,ns,4,20-2,20.0,2000.0,1.0,14457.0,False
A2XGHLVP2C1FVA,ns,4,20-2,20.0,2000.0,1.0,9985.799999952316,False
A2XGHLVP2C1FVA,ns,4,20-2,20.0,2000.0,20.0,2534.0999999046326,False
A2XGHLVP2C1FVA,ns,4,20-2,20.0,2000.0,1.0,3892.5,False
A2XGHLVP2C1FVA,ns,4,20-2,20.0,2000.0,1.0,5184.399999976158,False
A2XGHLVP2C1FVA,ns,4,20-2,20.0,2000.0,1.0,735.7999999523163,False
A2XGHLVP2C1FVA,ns,4,20-2,20.0,2000.0,20.0,5013.999999880791,False
A2XGHLVP2C1FVA,ns,4,20-2,20.0,2000.0,2.0,12099.299999833107,False
A2XGHLVP2C1FVA,ns,4,20-2,20.0,2000.0,2.0,4783.299999952316,False
A2XMRJKCNKLL4E,ns,1,30-1,30.0,1000.0,15.0,3590.5999999046326,False
A2XMRJKCNKLL4E,ns,1,30-1,30.0,1000.0,6.0,0.0,True
A2XMRJKCNKLL4E,ns,1,30-1,30.0,1000.0,3.0,1924.0,False
A2XMRJKCNKLL4E,ns,1,30-1,30.0,1000.0,5.0,3722.5999999046326,False
A2XMRJKCNKLL4E,ns,1,30-1,30.0,1000.0,27.0,4986.099999904633,False
A2XMRJKCNKLL4E,ns,1,30-1,30.0,1000.0,1.0,26854.599999904633,False
A2XMRJKCNKLL4E,ns,1,30-1,30.0,1000.0,29.0,35000.09999990463,False
A2XMRJKCNKLL4E,ns,1,30-1,30.0,1000.0,24.0,5067.900000095369,False
A2XMRJKCNKLL4E,ns,1,30-1,30.0,1000.0,2.0,1800.6999998092651,False
A2XMRJKCNKLL4E,ns,1,30-1,30.0,1000.0,2.0,53567.90000009537,False
A2XMRJKCNKLL4E,ns,2,30-1,30.0,1000.0,30.0,0.0,True
A2XMRJKCNKLL4E,ns,2,30-1,30.0,1000.0,18.0,3120.3999996185303,False
A2XMRJKCNKLL4E,ns,2,30-1,30.0,1000.0,27.0,4380.199999809265,False
A2XMRJKCNKLL4E,ns,2,30-1,30.0,1000.0,20.0,2731.2999997138977,False
A2XMRJKCNKLL4E,ns,2,30-1,30.0,1000.0,30.0,3704.5999999046326,False
A2XMRJKCNKLL4E,ns,2,30-1,30.0,1000.0,25.0,2623.7999997138977,False
A2XMRJKCNKLL4E,ns,2,30-1,30.0,1000.0,1.0,1012.5999994277954,False
A2XMRJKCNKLL4E,ns,2,30-1,30.0,1000.0,24.0,3418.7999997138977,False
A2XMRJKCNKLL4E,ns,2,30-1,30.0,1000.0,29.0,2117.0,False
A2XMRJKCNKLL4E,ns,2,30-1,30.0,1000.0,11.0,724.5,False
A2XMRJKCNKLL4E,ns,3,30-1,30.0,1000.0,3.0,2191.9000000059605,False
A2XMRJKCNKLL4E,ns,3,30-1,30.0,1000.0,14.0,8785.20000001788,False
A2XMRJKCNKLL4E,ns,3,30-1,30.0,1000.0,4.0,1929.5999999940404,False
A2XMRJKCNKLL4E,ns,3,30-1,30.0,1000.0,4.0,2535.0,False
A2XMRJKCNKLL4E,ns,3,30-1,30.0,1000.0,8.0,1491.9000000059605,False
A2XMRJKCNKLL4E,ns,3,30-1,30.0,1000.0,2.0,949.1999999880791,False
A2XMRJKCNKLL4E,ns,3,30-1,30.0,1000.0,30.0,790.2999999821191,False
A2XMRJKCNKLL4E,ns,3,30-1,30.0,1000.0,1.0,2636.5,False
A2XMRJKCNKLL4E,ns,3,30-1,30.0,1000.0,1.0,0.0,True
A2XMRJKCNKLL4E,ns,4,30-1,30.0,1000.0,14.0,0.0,True
A2XMRJKCNKLL4E,ns,4,30-1,30.0,1000.0,15.0,3163.899999976158,False
A2XMRJKCNKLL4E,ns,4,30-1,30.0,1000.0,12.0,5087.0,False
A2XMRJKCNKLL4E,ns,4,30-1,30.0,1000.0,24.0,17488.60000002384,False
A2XMRJKCNKLL4E,ns,4,30-1,30.0,1000.0,29.0,992.0,False
A2XMRJKCNKLL4E,ns,4,30-1,30.0,1000.0,2.0,7032.399999976158,False
A2XMRJKCNKLL4E,ns,4,30-1,30.0,1000.0,5.0,2995.600000023842,False
A2XMRJKCNKLL4E,ns,4,30-1,30.0,1000.0,19.0,30782.400000095367,False
A2XMRJKCNKLL4E,ns,4,30-1,30.0,1000.0,1.0,820.5,False
A2Y0VM8BAF0RMT,ns,1,30-1,30.0,1000.0,30.0,1575.0,False
A2Y0VM8BAF0RMT,ns,1,30-1,30.0,1000.0,1.0,14689.0,False
A2Y0VM8BAF0RMT,ns,1,30-1,30.0,1000.0,2.0,4095.0,False
A2Y0VM8BAF0RMT,ns,1,30-1,30.0,1000.0,28.0,6184.0,False
A2Y0VM8BAF0RMT,ns,1,30-1,30.0,1000.0,25.0,0.0,True
A2Y0VM8BAF0RMT,ns,1,30-1,30.0,1000.0,1.0,7376.0,False
A2Y0VM8BAF0RMT,ns,1,30-1,30.0,1000.0,2.0,7303.0,False
A2Y0VM8BAF0RMT,ns,1,30-1,30.0,1000.0,1.0,3194.0,False
A2Y0VM8BAF0RMT,ns,1,30-1,30.0,1000.0,30.0,5341.0,False
A2Y0VM8BAF0RMT,ns,1,30-1,30.0,1000.0,28.0,2493.0,False
A2Y0VM8BAF0RMT,ns,1,30-1,30.0,1000.0,1.0,6704.0,False
A2Y0VM8BAF0RMT,ns,1,30-1,30.0,1000.0,3.0,5295.0,False
A2Y0VM8BAF0RMT,ns,2,30-1,30.0,1000.0,29.0,819.0,False
A2Y0VM8BAF0RMT,ns,2,30-1,30.0,1000.0,29.0,1500.0,False
A2Y0VM8BAF0RMT,ns,2,30-1,30.0,1000.0,1.0,14377.0,False
A2Y0VM8BAF0RMT,ns,2,30-1,30.0,1000.0,25.0,745.0,False
A2Y0VM8BAF0RMT,ns,2,30-1,30.0,1000.0,29.0,3650.0,False
A2Y0VM8BAF0RMT,ns,2,30-1,30.0,1000.0,4.0,4149.0,False
A2Y0VM8BAF0RMT,ns,2,30-1,30.0,1000.0,28.0,0.0,True
A2Y0VM8BAF0RMT,ns,2,30-1,30.0,1000.0,2.0,2330.0,False
A2Y0VM8BAF0RMT,ns,2,30-1,30.0,1000.0,1.0,3184.0,False
A2Y0VM8BAF0RMT,ns,2,30-1,30.0,1000.0,29.0,13.0,False
A2Y0VM8BAF0RMT,ns,2,30-1,30.0,1000.0,27.0,3122.0,False
A30NL5N71G2YAU,ns,1,15-2,15.0,2000.0,4.0,768.2999997138977,False
A30NL5N71G2YAU,ns,1,15-2,15.0,2000.0,15.0,0.0,True
A30NL5N71G2YAU,ns,1,15-2,15.0,2000.0,15.0,1866.7000002861023,False
A30NL5N71G2YAU,ns,1,15-2,15.0,2000.0,1.0,7752.199999809265,False
A30NL5N71G2YAU,ns,1,15-2,15.0,2000.0,1.0,10178.599999904633,False
A30NL5N71G2YAU,ns,1,15-2,15.0,2000.0,15.0,5806.699999809265,False
A30NL5N71G2YAU,ns,2,15-2,15.0,2000.0,6.0,2140.1000003814697,False
A30NL5N71G2YAU,ns,2,15-2,15.0,2000.0,1.0,38268.60000038148,False
A30NL5N71G2YAU,ns,2,15-2,15.0,2000.0,15.0,2863.800000190735,False
A30NL5N71G2YAU,ns,2,15-2,15.0,2000.0,15.0,487.10000133514404,False
A30NL5N71G2YAU,ns,2,15-2,15.0,2000.0,14.0,819.100001335144,False
A30NL5N71G2YAU,ns,2,15-2,15.0,2000.0,1.0,999.3000001907349,False
A30NL5N71G2YAU,ns,2,15-2,15.0,2000.0,1.0,18477.200000762936,False
A30NL5N71G2YAU,ns,2,15-2,15.0,2000.0,15.0,552.0,False
A30NL5N71G2YAU,ns,2,15-2,15.0,2000.0,15.0,0.0,True
A30NL5N71G2YAU,ns,3,15-2,15.0,2000.0,2.0,2035.8999996185303,False
A30NL5N71G2YAU,ns,3,15-2,15.0,2000.0,15.0,0.0,True
A30NL5N71G2YAU,ns,3,15-2,15.0,2000.0,14.0,130.30000019073486,False
A30NL5N71G2YAU,ns,3,15-2,15.0,2000.0,15.0,636.8999996185303,False
A30NL5N71G2YAU,ns,3,15-2,15.0,2000.0,1.0,170.4000005722046,False
A30NL5N71G2YAU,ns,3,15-2,15.0,2000.0,15.0,898.0999994277954,False
A30NL5N71G2YAU,ns,3,15-2,15.0,2000.0,2.0,1229.0,False
A30NL5N71G2YAU,ns,3,15-2,15.0,2000.0,15.0,3125.300000190735,False
A30NL5N71G2YAU,ns,3,15-2,15.0,2000.0,14.0,646.9000005722046,False
A30NL5N71G2YAU,ns,4,15-2,15.0,2000.0,2.0,542.1000003814697,False
A30NL5N71G2YAU,ns,4,15-2,15.0,2000.0,15.0,142.10000038146973,False
A30NL5N71G2YAU,ns,4,15-2,15.0,2000.0,15.0,0.0,True
A30NL5N71G2YAU,ns,4,15-2,15.0,2000.0,15.0,1116.3000001907349,False
A30NL5N71G2YAU,ns,4,15-2,15.0,2000.0,15.0,4446.199999809265,False
A30NL5N71G2YAU,ns,4,15-2,15.0,2000.0,15.0,689.8000001907349,False
A30NL5N71G2YAU,ns,4,15-2,15.0,2000.0,15.0,512.8000001907349,False
A30NL5N71G2YAU,ns,4,15-2,15.0,2000.0,15.0,1035.0,False
A31P78W9ZCQXCS,ns,1,15-2,15.0,2000.0,1.0,1012.0,False
A31P78W9ZCQXCS,ns,1,15-2,15.0,2000.0,4.0,1520.0,False
A31P78W9ZCQXCS,ns,1,15-2,15.0,2000.0,1.0,1721.0,False
A31P78W9ZCQXCS,ns,1,15-2,15.0,2000.0,1.0,1484.0,False
A31P78W9ZCQXCS,ns,1,15-2,15.0,2000.0,3.0,4327.0,False
A31P78W9ZCQXCS,ns,1,15-2,15.0,2000.0,1.0,2197.0,False
A31P78W9ZCQXCS,ns,1,15-2,15.0,2000.0,3.0,13366.0,False
A31P78W9ZCQXCS,ns,1,15-2,15.0,2000.0,13.0,0.0,True
A31P78W9ZCQXCS,ns,1,15-2,15.0,2000.0,14.0,1398.0,False
A31P78W9ZCQXCS,ns,2,15-2,15.0,2000.0,2.0,2064.0,False
A31P78W9ZCQXCS,ns,2,15-2,15.0,2000.0,2.0,75911.0,False
A31P78W9ZCQXCS,ns,2,15-2,15.0,2000.0,1.0,4881.0,False
A31P78W9ZCQXCS,ns,2,15-2,15.0,2000.0,4.0,7738.0,False
A31P78W9ZCQXCS,ns,2,15-2,15.0,2000.0,1.0,1646.0,False
A31P78W9ZCQXCS,ns,2,15-2,15.0,2000.0,1.0,6696.0,False
A31P78W9ZCQXCS,ns,2,15-2,15.0,2000.0,1.0,657.0,False
A31P78W9ZCQXCS,ns,2,15-2,15.0,2000.0,1.0,1319.0,False
A31P78W9ZCQXCS,ns,2,15-2,15.0,2000.0,13.0,0.0,True
A31P78W9ZCQXCS,ns,3,15-2,15.0,2000.0,1.0,9841.0,False
A31P78W9ZCQXCS,ns,3,15-2,15.0,2000.0,1.0,0.0,True
A31P78W9ZCQXCS,ns,3,15-2,15.0,2000.0,3.0,11373.0,False
A31P78W9ZCQXCS,ns,3,15-2,15.0,2000.0,9.0,21565.0,False
A31P78W9ZCQXCS,ns,3,15-2,15.0,2000.0,1.0,10916.0,False
A31P78W9ZCQXCS,ns,3,15-2,15.0,2000.0,2.0,2467.0,False
A31P78W9ZCQXCS,ns,3,15-2,15.0,2000.0,1.0,847.0,False
A31P78W9ZCQXCS,ns,3,15-2,15.0,2000.0,1.0,1544.0,False
A31P78W9ZCQXCS,ns,3,15-2,15.0,2000.0,1.0,4266.0,False
A31P78W9ZCQXCS,ns,4,15-2,15.0,2000.0,14.0,233.0,False
A31P78W9ZCQXCS,ns,4,15-2,15.0,2000.0,10.0,5682.0,False
A31P78W9ZCQXCS,ns,4,15-2,15.0,2000.0,11.0,4692.0,False
A31P78W9ZCQXCS,ns,4,15-2,15.0,2000.0,15.0,739.0,False
A31P78W9ZCQXCS,ns,4,15-2,15.0,2000.0,12.0,2618.0,False
A31P78W9ZCQXCS,ns,4,15-2,15.0,2000.0,13.0,3515.0,False
A31P78W9ZCQXCS,ns,4,15-2,15.0,2000.0,8.0,607.0,False
A31P78W9ZCQXCS,ns,4,15-2,15.0,2000.0,13.0,4468.0,False
A31P78W9ZCQXCS,ns,4,15-2,15.0,2000.0,14.0,0.0,True
A31P78W9ZCQXCS,ns,4,15-2,15.0,2000.0,15.0,4460.0,False
A31SZFE8M7YK0S,ns,1,30-1,30.0,1000.0,11.0,2190.0,False
A31SZFE8M7YK0S,ns,1,30-1,30.0,1000.0,3.0,7552.0,False
A31SZFE8M7YK0S,ns,1,30-1,30.0,1000.0,1.0,3595.0,False
A31SZFE8M7YK0S,ns,1,30-1,30.0,1000.0,4.0,4998.0,False
A31SZFE8M7YK0S,ns,1,30-1,30.0,1000.0,4.0,7331.0,False
A31SZFE8M7YK0S,ns,1,30-1,30.0,1000.0,30.0,2645.0,False
A31SZFE8M7YK0S,ns,1,30-1,30.0,1000.0,2.0,26007.0,False
A31SZFE8M7YK0S,ns,1,30-1,30.0,1000.0,2.0,0.0,True
A31SZFE8M7YK0S,ns,1,30-1,30.0,1000.0,1.0,2806.0,False
A31SZFE8M7YK0S,ns,1,30-1,30.0,1000.0,5.0,6791.0,False
A31SZFE8M7YK0S,ns,2,30-1,30.0,1000.0,6.0,7482.0,False
A31SZFE8M7YK0S,ns,2,30-1,30.0,1000.0,2.0,5002.0,False
A31SZFE8M7YK0S,ns,2,30-1,30.0,1000.0,30.0,9151.0,False
A31SZFE8M7YK0S,ns,2,30-1,30.0,1000.0,27.0,2387.0,False
A31SZFE8M7YK0S,ns,2,30-1,30.0,1000.0,29.0,6394.0,False
A31SZFE8M7YK0S,ns,2,30-1,30.0,1000.0,30.0,4983.0,False
A31SZFE8M7YK0S,ns,2,30-1,30.0,1000.0,30.0,3529.0,False
A31SZFE8M7YK0S,ns,2,30-1,30.0,1000.0,23.0,0.0,True
A31SZFE8M7YK0S,ns,2,30-1,30.0,1000.0,30.0,2252.0,False
A31SZFE8M7YK0S,ns,3,30-1,30.0,1000.0,27.0,0.0,True
A31SZFE8M7YK0S,ns,3,30-1,30.0,1000.0,28.0,3554.0,False
A31SZFE8M7YK0S,ns,3,30-1,30.0,1000.0,25.0,904.0,False
A31SZFE8M7YK0S,ns,3,30-1,30.0,1000.0,29.0,7045.0,False
A31SZFE8M7YK0S,ns,3,30-1,30.0,1000.0,30.0,10230.0,False
A31SZFE8M7YK0S,ns,3,30-1,30.0,1000.0,1.0,21538.0,False
A31SZFE8M7YK0S,ns,3,30-1,30.0,1000.0,30.0,3245.0,False
A31SZFE8M7YK0S,ns,3,30-1,30.0,1000.0,26.0,32203.0,False
A31SZFE8M7YK0S,ns,3,30-1,30.0,1000.0,30.0,677.0,False
A31SZFE8M7YK0S,ns,3,30-1,30.0,1000.0,27.0,3496.0,False
A33GZS6SU4O20M,ns,1,40-1,40.0,1000.0,5.0,2440.0,False
A33GZS6SU4O20M,ns,1,40-1,40.0,1000.0,12.0,2693.0,False
A33GZS6SU4O20M,ns,1,40-1,40.0,1000.0,40.0,3187.0,False
A33GZS6SU4O20M,ns,1,40-1,40.0,1000.0,40.0,1540.0,False
A33GZS6SU4O20M,ns,1,40-1,40.0,1000.0,40.0,3666.0,False
A33GZS6SU4O20M,ns,1,40-1,40.0,1000.0,38.0,682.0,False
A33GZS6SU4O20M,ns,1,40-1,40.0,1000.0,38.0,2240.0,False
A33GZS6SU4O20M,ns,1,40-1,40.0,1000.0,36.0,384.0,False
A33GZS6SU4O20M,ns,1,40-1,40.0,1000.0,39.0,0.0,True
A33GZS6SU4O20M,ns,2,40-1,40.0,1000.0,20.0,0.0,True
A33GZS6SU4O20M,ns,2,40-1,40.0,1000.0,5.0,10086.0,False
A33GZS6SU4O20M,ns,2,40-1,40.0,1000.0,38.0,12581.0,False
A33GZS6SU4O20M,ns,2,40-1,40.0,1000.0,40.0,6324.0,False
A33GZS6SU4O20M,ns,2,40-1,40.0,1000.0,39.0,4857.0,False
A33GZS6SU4O20M,ns,3,40-1,40.0,1000.0,40.0,5735.0,False
A33GZS6SU4O20M,ns,3,40-1,40.0,1000.0,28.0,1201.0,False
A33GZS6SU4O20M,ns,3,40-1,40.0,1000.0,40.0,204.0,False
A33GZS6SU4O20M,ns,3,40-1,40.0,1000.0,39.0,0.0,True
A33GZS6SU4O20M,ns,3,40-1,40.0,1000.0,39.0,1126.0,False
A33GZS6SU4O20M,ns,3,40-1,40.0,1000.0,1.0,727.0,False
A33GZS6SU4O20M,ns,3,40-1,40.0,1000.0,40.0,539.0,False
A33GZS6SU4O20M,ns,3,40-1,40.0,1000.0,22.0,1418.0,False
A33GZS6SU4O20M,ns,4,40-1,40.0,1000.0,40.0,4360.0,False
A33GZS6SU4O20M,ns,4,40-1,40.0,1000.0,40.0,1497.0,False
A33GZS6SU4O20M,ns,4,40-1,40.0,1000.0,36.0,0.0,True
A33GZS6SU4O20M,ns,4,40-1,40.0,1000.0,36.0,3854.0,False
A33GZS6SU4O20M,ns,4,40-1,40.0,1000.0,2.0,3437.0,False
A33GZS6SU4O20M,ns,4,40-1,40.0,1000.0,4.0,372.0,False
A33GZS6SU4O20M,ns,4,40-1,40.0,1000.0,4.0,1081.0,False
A33GZS6SU4O20M,ns,4,40-1,40.0,1000.0,24.0,1239.0,False
A349BBTU7L597J,ns,1,10-2,10.0,2000.0,3.0,6327.700000047684,False
A349BBTU7L597J,ns,1,10-2,10.0,2000.0,1.0,0.0,True
A349BBTU7L597J,ns,1,10-2,10.0,2000.0,1.0,2691.2000000476837,False
A349BBTU7L597J,ns,1,10-2,10.0,2000.0,2.0,8874.200000047684,False
A349BBTU7L597J,ns,1,10-2,10.0,2000.0,1.0,2061.5000002384186,False
A349BBTU7L597J,ns,2,10-2,10.0,2000.0,2.0,3478.0999999046326,False
A349BBTU7L597J,ns,2,10-2,10.0,2000.0,1.0,4445.199999809265,False
A349BBTU7L597J,ns,2,10-2,10.0,2000.0,9.0,4060.199999809265,False
A349BBTU7L597J,ns,2,10-2,10.0,2000.0,10.0,1900.4000000953674,False
A349BBTU7L597J,ns,2,10-2,10.0,2000.0,10.0,7263.199999809265,False
A349BBTU7L597J,ns,2,10-2,10.0,2000.0,10.0,4342.099999904633,False
A349BBTU7L597J,ns,2,10-2,10.0,2000.0,1.0,0.0,True
A349BBTU7L597J,ns,2,10-2,10.0,2000.0,1.0,739.0,False
A349BBTU7L597J,ns,3,10-2,10.0,2000.0,6.0,0.0,True
A349BBTU7L597J,ns,3,10-2,10.0,2000.0,9.0,2202.0,False
A349BBTU7L597J,ns,3,10-2,10.0,2000.0,4.0,3129.2999999821195,False
A349BBTU7L597J,ns,3,10-2,10.0,2000.0,1.0,4439.299999982118,False
A349BBTU7L597J,ns,3,10-2,10.0,2000.0,8.0,2859.699999988079,False
A349BBTU7L597J,ns,3,10-2,10.0,2000.0,2.0,3036.5,False
A349BBTU7L597J,ns,3,10-2,10.0,2000.0,1.0,6186.199999988079,False
A349BBTU7L597J,ns,3,10-2,10.0,2000.0,2.0,13980.300000011921,False
A349BBTU7L597J,ns,4,10-2,10.0,2000.0,4.0,3099.9999998807907,False
A349BBTU7L597J,ns,4,10-2,10.0,2000.0,1.0,2807.7999999523163,False
A349BBTU7L597J,ns,4,10-2,10.0,2000.0,10.0,3232.399999976158,False
A349BBTU7L597J,ns,4,10-2,10.0,2000.0,8.0,5431.899999976158,False
A349BBTU7L597J,ns,4,10-2,10.0,2000.0,2.0,1899.5999999046326,False
A349BBTU7L597J,ns,4,10-2,10.0,2000.0,3.0,0.0,True
A349BBTU7L597J,ns,4,10-2,10.0,2000.0,9.0,3003.7999999523163,False
A349BBTU7L597J,ns,4,10-2,10.0,2000.0,2.0,1109.3999999761581,False
A34HQHGLIW1FYS,ns,1,15-2,15.0,2000.0,1.0,1952.2000000178805,False
A34HQHGLIW1FYS,ns,1,15-2,15.0,2000.0,3.0,1695.7000000178805,False
A34HQHGLIW1FYS,ns,1,15-2,15.0,2000.0,1.0,939.0999999940386,False
A34HQHGLIW1FYS,ns,1,15-2,15.0,2000.0,1.0,2398.9000000059596,False
A34HQHGLIW1FYS,ns,1,15-2,15.0,2000.0,1.0,288.90000000595955,False
A34HQHGLIW1FYS,ns,1,15-2,15.0,2000.0,1.0,2806.5999999940386,False
A34HQHGLIW1FYS,ns,1,15-2,15.0,2000.0,1.0,10069.0,False
A34HQHGLIW1FYS,ns,1,15-2,15.0,2000.0,1.0,0.0,True
A34HQHGLIW1FYS,ns,2,15-2,15.0,2000.0,2.0,1881.2000000476837,False
A34HQHGLIW1FYS,ns,2,15-2,15.0,2000.0,4.0,43430.69999998808,False
A34HQHGLIW1FYS,ns,2,15-2,15.0,2000.0,15.0,2529.300000011919,False
A34HQHGLIW1FYS,ns,2,15-2,15.0,2000.0,5.0,9440.80000001192,False
A34HQHGLIW1FYS,ns,2,15-2,15.0,2000.0,6.0,6375.699999988077,False
A34HQHGLIW1FYS,ns,2,15-2,15.0,2000.0,1.0,5933.800000011919,False
A34HQHGLIW1FYS,ns,2,15-2,15.0,2000.0,14.0,352.0000000596028,False
A34HQHGLIW1FYS,ns,2,15-2,15.0,2000.0,5.0,1415.6999999880773,False
A34HQHGLIW1FYS,ns,2,15-2,15.0,2000.0,2.0,0.0,True
A34HQHGLIW1FYS,ns,3,15-2,15.0,2000.0,15.0,0.0,True
A34HQHGLIW1FYS,ns,3,15-2,15.0,2000.0,15.0,5769.300000071526,False
A34HQHGLIW1FYS,ns,3,15-2,15.0,2000.0,14.0,8944.5,False
A34HQHGLIW1FYS,ns,3,15-2,15.0,2000.0,13.0,5471.800000071526,False
A34HQHGLIW1FYS,ns,3,15-2,15.0,2000.0,15.0,2558.899999976158,False
A34HQHGLIW1FYS,ns,3,15-2,15.0,2000.0,15.0,14475.600000023842,False
A34HQHGLIW1FYS,ns,3,15-2,15.0,2000.0,14.0,1720.7000000476837,False
A34HQHGLIW1FYS,ns,3,15-2,15.0,2000.0,14.0,4024.399999976158,False
A34HQHGLIW1FYS,ns,3,15-2,15.0,2000.0,15.0,5417.399999976158,False
A34HQHGLIW1FYS,ns,4,15-2,15.0,2000.0,1.0,1476.3000000715256,False
A34HQHGLIW1FYS,ns,4,15-2,15.0,2000.0,14.0,26092.600000023845,False
A34HQHGLIW1FYS,ns,4,15-2,15.0,2000.0,15.0,15436.399999976158,False
A34HQHGLIW1FYS,ns,4,15-2,15.0,2000.0,12.0,4334.100000023842,False
A34HQHGLIW1FYS,ns,4,15-2,15.0,2000.0,15.0,16853.700000047684,False
A34HQHGLIW1FYS,ns,4,15-2,15.0,2000.0,15.0,10095.800000071526,False
A34HQHGLIW1FYS,ns,4,15-2,15.0,2000.0,14.0,1002.7000000476837,False
A34HQHGLIW1FYS,ns,4,15-2,15.0,2000.0,15.0,2143.5000001192093,False
A34HQHGLIW1FYS,ns,4,15-2,15.0,2000.0,15.0,13589.600000023845,False
A34HQHGLIW1FYS,ns,4,15-2,15.0,2000.0,15.0,0.0,True
A34YNEN8UUI3CD,ns,1,15-2,15.0,2000.0,1.0,0.0,True
A34YNEN8UUI3CD,ns,1,15-2,15.0,2000.0,3.0,4144.60000000149,False
A34YNEN8UUI3CD,ns,1,15-2,15.0,2000.0,1.0,1169.8999999985099,False
A34YNEN8UUI3CD,ns,1,15-2,15.0,2000.0,12.0,1539.9999999925494,False
A34YNEN8UUI3CD,ns,1,15-2,15.0,2000.0,9.0,5125.19999999553,False
A34YNEN8UUI3CD,ns,1,15-2,15.0,2000.0,3.0,2007.6999999955297,False
A34YNEN8UUI3CD,ns,1,15-2,15.0,2000.0,9.0,2528.39999999851,False
A34YNEN8UUI3CD,ns,1,15-2,15.0,2000.0,13.0,1643.9999999925494,False
A34YNEN8UUI3CD,ns,1,15-2,15.0,2000.0,13.0,2719.7999999970198,False
A34YNEN8UUI3CD,ns,1,15-2,15.0,2000.0,14.0,2323.1999999955297,False
A34YNEN8UUI3CD,ns,1,15-2,15.0,2000.0,7.0,1585.9999999999995,False
A34YNEN8UUI3CD,ns,1,15-2,15.0,2000.0,9.0,1138.9999999925494,False
A34YNEN8UUI3CD,ns,2,15-2,15.0,2000.0,11.0,277.0000000298023,False
A34YNEN8UUI3CD,ns,2,15-2,15.0,2000.0,14.0,663.4000000059605,False
A34YNEN8UUI3CD,ns,2,15-2,15.0,2000.0,8.0,269.60000002384186,False
A34YNEN8UUI3CD,ns,2,15-2,15.0,2000.0,14.0,3094.9000000059605,False
A34YNEN8UUI3CD,ns,2,15-2,15.0,2000.0,14.0,6526.600000023842,False
A34YNEN8UUI3CD,ns,2,15-2,15.0,2000.0,1.0,0.0,True
A34YNEN8UUI3CD,ns,2,15-2,15.0,2000.0,6.0,1045.800000011921,False
A34YNEN8UUI3CD,ns,2,15-2,15.0,2000.0,1.0,1111.5000000298023,False
A34YNEN8UUI3CD,ns,2,15-2,15.0,2000.0,1.0,1614.1000000238423,False
A34YNEN8UUI3CD,ns,2,15-2,15.0,2000.0,2.0,1549.8000000119214,False
A34YNEN8UUI3CD,ns,2,15-2,15.0,2000.0,14.0,1844.0000000298023,False
A34YNEN8UUI3CD,ns,3,15-2,15.0,2000.0,11.0,0.0,True
A34YNEN8UUI3CD,ns,3,15-2,15.0,2000.0,9.0,1408.1000000238419,False
A34YNEN8UUI3CD,ns,3,15-2,15.0,2000.0,12.0,1099.5,False
A34YNEN8UUI3CD,ns,3,15-2,15.0,2000.0,10.0,3074.7000000476837,False
A34YNEN8UUI3CD,ns,3,15-2,15.0,2000.0,3.0,2306.900000035763,False
A34YNEN8UUI3CD,ns,3,15-2,15.0,2000.0,1.0,683.1999999880791,False
A34YNEN8UUI3CD,ns,3,15-2,15.0,2000.0,9.0,298.80000001192093,False
A34YNEN8UUI3CD,ns,3,15-2,15.0,2000.0,11.0,2098.7000000476837,False
A34YNEN8UUI3CD,ns,3,15-2,15.0,2000.0,12.0,1096.2000000476837,False
A34YNEN8UUI3CD,ns,3,15-2,15.0,2000.0,15.0,520.5,False
A34YNEN8UUI3CD,ns,3,15-2,15.0,2000.0,14.0,1426.1000000238419,False
A34YNEN8UUI3CD,ns,3,15-2,15.0,2000.0,13.0,684.1000000238419,False
A34YNEN8UUI3CD,ns,4,15-2,15.0,2000.0,13.0,0.0,True
A34YNEN8UUI3CD,ns,4,15-2,15.0,2000.0,15.0,971.2999999970202,False
A34YNEN8UUI3CD,ns,4,15-2,15.0,2000.0,10.0,921.2999999970202,False
A34YNEN8UUI3CD,ns,4,15-2,15.0,2000.0,10.0,1617.0000000000005,False
A34YNEN8UUI3CD,ns,4,15-2,15.0,2000.0,15.0,564.7999999970202,False
A34YNEN8UUI3CD,ns,4,15-2,15.0,2000.0,10.0,1038.2000000029807,False
A34YNEN8UUI3CD,ns,4,15-2,15.0,2000.0,12.0,2465.7000000029807,False
A34YNEN8UUI3CD,ns,4,15-2,15.0,2000.0,3.0,641.0999999940404,False
A34YNEN8UUI3CD,ns,4,15-2,15.0,2000.0,13.0,3948.29999999702,False
A34YNEN8UUI3CD,ns,4,15-2,15.0,2000.0,1.0,2869.79999999702,False
A34YNEN8UUI3CD,ns,4,15-2,15.0,2000.0,11.0,338.4999999850993,False
A34YNEN8UUI3CD,ns,4,15-2,15.0,2000.0,15.0,1021.6999999880804,False
A35S8HPY0V445,ns,1,20-2,20.0,2000.0,19.0,5437.299999952316,False
A35S8HPY0V445,ns,1,20-2,20.0,2000.0,18.0,221.70000004768372,False
A35S8HPY0V445,ns,1,20-2,20.0,2000.0,20.0,8052.200000047684,False
A35S8HPY0V445,ns,1,20-2,20.0,2000.0,4.0,278.59999990463257,False
A35S8HPY0V445,ns,1,20-2,20.0,2000.0,3.0,0.0,True
A35S8HPY0V445,ns,1,20-2,20.0,2000.0,1.0,4556.600000143051,False
A35S8HPY0V445,ns,2,20-2,20.0,2000.0,2.0,2009.0,False
A35S8HPY0V445,ns,2,20-2,20.0,2000.0,20.0,6892.599999904633,False
A35S8HPY0V445,ns,2,20-2,20.0,2000.0,12.0,22905.09999990464,False
A35S8HPY0V445,ns,2,20-2,20.0,2000.0,1.0,7639.39999961853,False
A35S8HPY0V445,ns,2,20-2,20.0,2000.0,20.0,0.0,True
A35S8HPY0V445,ns,2,20-2,20.0,2000.0,20.0,1335.9000000953674,False
A35S8HPY0V445,ns,2,20-2,20.0,2000.0,18.0,709.8999996185303,False
A35S8HPY0V445,ns,2,20-2,20.0,2000.0,19.0,2756.0999999046326,False
A35S8HPY0V445,ns,2,20-2,20.0,2000.0,15.0,5688.5,False
A35S8HPY0V445,ns,2,20-2,20.0,2000.0,20.0,14538.900000095367,False
A35S8HPY0V445,ns,2,20-2,20.0,2000.0,20.0,1964.8000001907349,False
A35S8HPY0V445,ns,3,20-2,20.0,2000.0,1.0,0.0,True
A35S8HPY0V445,ns,3,20-2,20.0,2000.0,1.0,3121.499999999998,False
A35S8HPY0V445,ns,3,20-2,20.0,2000.0,1.0,1931.2999999821186,False
A35S8HPY0V445,ns,3,20-2,20.0,2000.0,1.0,8230.699999988079,False
A35S8HPY0V445,ns,3,20-2,20.0,2000.0,2.0,1407.4999999701995,False
A35S8HPY0V445,ns,3,20-2,20.0,2000.0,4.0,992.4999999701977,False
A35S8HPY0V445,ns,3,20-2,20.0,2000.0,1.0,1530.199999988079,False
A35S8HPY0V445,ns,3,20-2,20.0,2000.0,1.0,6632.39999997616,False
A35S8HPY0V445,ns,4,20-2,20.0,2000.0,11.0,14072.100000023845,False
A35S8HPY0V445,ns,4,20-2,20.0,2000.0,20.0,7927.299999952316,False
A35S8HPY0V445,ns,4,20-2,20.0,2000.0,14.0,943.5,False
A35S8HPY0V445,ns,4,20-2,20.0,2000.0,17.0,6070.599999904633,False
A35S8HPY0V445,ns,4,20-2,20.0,2000.0,16.0,7747.699999928474,False
A35S8HPY0V445,ns,4,20-2,20.0,2000.0,20.0,498.7999999523163,False
A35S8HPY0V445,ns,4,20-2,20.0,2000.0,2.0,31308.59999990464,False
A35S8HPY0V445,ns,4,20-2,20.0,2000.0,2.0,10108.199999928478,False
A35S8HPY0V445,ns,4,20-2,20.0,2000.0,1.0,920.2999999523163,False
A35S8HPY0V445,ns,4,20-2,20.0,2000.0,5.0,5118.699999928474,False
A35S8HPY0V445,ns,4,20-2,20.0,2000.0,16.0,0.0,True
A37GOI3N77WX21,ns,1,20-2,20.0,2000.0,1.0,370.50000001490116,False
A37GOI3N77WX21,ns,1,20-2,20.0,2000.0,14.0,5031.200000017881,False
A37GOI3N77WX21,ns,1,20-2,20.0,2000.0,20.0,3213.5,False
A37GOI3N77WX21,ns,1,20-2,20.0,2000.0,18.0,0.0,True
A37GOI3N77WX21,ns,1,20-2,20.0,2000.0,1.0,4780.600000008941,False
A37GOI3N77WX21,ns,1,20-2,20.0,2000.0,19.0,653.8000000119209,False
A37GOI3N77WX21,ns,1,20-2,20.0,2000.0,19.0,1157.4000000059605,False
A37GOI3N77WX21,ns,1,20-2,20.0,2000.0,19.0,409.30000001192093,False
A37GOI3N77WX21,ns,1,20-2,20.0,2000.0,17.0,756.1000000089407,False
A37GOI3N77WX21,ns,1,20-2,20.0,2000.0,20.0,5324.9000000059605,False
A37GOI3N77WX21,ns,1,20-2,20.0,2000.0,2.0,10760.90000002086,False
A37GOI3N77WX21,ns,1,20-2,20.0,2000.0,20.0,1952.800000011921,False
A37GOI3N77WX21,ns,2,20-2,20.0,2000.0,17.0,0.0,True
A37GOI3N77WX21,ns,2,20-2,20.0,2000.0,20.0,10396.0,False
A37GOI3N77WX21,ns,2,20-2,20.0,2000.0,18.0,4832.299999999814,False
A37GOI3N77WX21,ns,2,20-2,20.0,2000.0,18.0,5758.5,False
A37GOI3N77WX21,ns,2,20-2,20.0,2000.0,20.0,15018.599999999627,False
A37GOI3N77WX21,ns,2,20-2,20.0,2000.0,16.0,5224.799999999814,False
A37GOI3N77WX21,ns,2,20-2,20.0,2000.0,9.0,4182.5,False
A37GOI3N77WX21,ns,2,20-2,20.0,2000.0,20.0,7708.200000000186,False
A37GOI3N77WX21,ns,2,20-2,20.0,2000.0,20.0,7266.0999999996275,False
A37GOI3N77WX21,ns,2,20-2,20.0,2000.0,17.0,4966.899999999441,False
A37GOI3N77WX21,ns,2,20-2,20.0,2000.0,19.0,7715.399999999441,False
A37GOI3N77WX21,ns,2,20-2,20.0,2000.0,18.0,2761.899999999442,False
A37GOI3N77WX21,ns,3,20-2,20.0,2000.0,17.0,1500.9999999999995,False
A37GOI3N77WX21,ns,3,20-2,20.0,2000.0,7.0,3777.1000000014897,False
A37GOI3N77WX21,ns,3,20-2,20.0,2000.0,13.0,3007.6000000014897,False
A37GOI3N77WX21,ns,3,20-2,20.0,2000.0,19.0,11100.5,False
A37GOI3N77WX21,ns,3,20-2,20.0,2000.0,12.0,5241.70000000298,False
A37GOI3N77WX21,ns,3,20-2,20.0,2000.0,1.0,4838.5999999940395,False
A37GOI3N77WX21,ns,3,20-2,20.0,2000.0,19.0,0.0,True
A37GOI3N77WX21,ns,3,20-2,20.0,2000.0,17.0,8932.59999999404,False
A37GOI3N77WX21,ns,3,20-2,20.0,2000.0,17.0,6221.399999991061,False
A37GOI3N77WX21,ns,3,20-2,20.0,2000.0,20.0,4992.5,False
A37GOI3N77WX21,ns,3,20-2,20.0,2000.0,19.0,10843.59999999404,False
A37GOI3N77WX21,ns,3,20-2,20.0,2000.0,1.0,10743.10000000894,False
A37GOI3N77WX21,ns,4,20-2,20.0,2000.0,20.0,0.0,True
A37GOI3N77WX21,ns,4,20-2,20.0,2000.0,11.0,2689.2999999821186,False
A37GOI3N77WX21,ns,4,20-2,20.0,2000.0,13.0,11339.0,False
A37GOI3N77WX21,ns,4,20-2,20.0,2000.0,14.0,3268.699999988079,False
A37GOI3N77WX21,ns,4,20-2,20.0,2000.0,17.0,4857.5,False
A37GOI3N77WX21,ns,4,20-2,20.0,2000.0,18.0,7987.5999999940395,False
A37GOI3N77WX21,ns,4,20-2,20.0,2000.0,9.0,6550.20000001788,False
A37GOI3N77WX21,ns,4,20-2,20.0,2000.0,19.0,18640.70000001788,False
A37GOI3N77WX21,ns,4,20-2,20.0,2000.0,20.0,4298.200000017881,False
A37GOI3N77WX21,ns,4,20-2,20.0,2000.0,18.0,3061.9000000059605,False
A37GOI3N77WX21,ns,4,20-2,20.0,2000.0,11.0,2421.7999999821186,False
A37GOI3N77WX21,ns,4,20-2,20.0,2000.0,17.0,8573.5,False
A384KX8MUIJSTJ,ns,1,15-2,15.0,2000.0,1.0,1900.2999997138959,False
A384KX8MUIJSTJ,ns,1,15-2,15.0,2000.0,2.0,2132.199999809265,False
A384KX8MUIJSTJ,ns,1,15-2,15.0,2000.0,1.0,12535.099999904633,False
A384KX8MUIJSTJ,ns,1,15-2,15.0,2000.0,2.0,529.9000000953693,False
A384KX8MUIJSTJ,ns,1,15-2,15.0,2000.0,1.0,3627.800000190735,False
A384KX8MUIJSTJ,ns,1,15-2,15.0,2000.0,1.0,5016.699999809265,False
A384KX8MUIJSTJ,ns,1,15-2,15.0,2000.0,15.0,0.0,True
A384KX8MUIJSTJ,ns,2,15-2,15.0,2000.0,8.0,0.0,True
A384KX8MUIJSTJ,ns,2,15-2,15.0,2000.0,6.0,34457.10000038147,False
A384KX8MUIJSTJ,ns,2,15-2,15.0,2000.0,1.0,2925.8000001907367,False
A384KX8MUIJSTJ,ns,2,15-2,15.0,2000.0,2.0,6357.800000190731,False
A384KX8MUIJSTJ,ns,2,15-2,15.0,2000.0,5.0,7106.300000190731,False
A384KX8MUIJSTJ,ns,2,15-2,15.0,2000.0,10.0,3697.300000190735,False
A384KX8MUIJSTJ,ns,2,15-2,15.0,2000.0,2.0,4218.599999904633,False
A384KX8MUIJSTJ,ns,2,15-2,15.0,2000.0,9.0,7790.299999713898,False
A384KX8MUIJSTJ,ns,2,15-2,15.0,2000.0,2.0,13779.400000095367,False
A384KX8MUIJSTJ,ns,3,15-2,15.0,2000.0,13.0,21014.400000095367,False
A384KX8MUIJSTJ,ns,3,15-2,15.0,2000.0,14.0,360.7000002861023,False
A384KX8MUIJSTJ,ns,3,15-2,15.0,2000.0,15.0,2797.4000000953674,False
A384KX8MUIJSTJ,ns,3,15-2,15.0,2000.0,9.0,10477.5,False
A384KX8MUIJSTJ,ns,3,15-2,15.0,2000.0,15.0,441.2000002861023,False
A384KX8MUIJSTJ,ns,3,15-2,15.0,2000.0,12.0,8110.099999904631,False
A384KX8MUIJSTJ,ns,3,15-2,15.0,2000.0,15.0,323.00000047683716,False
A384KX8MUIJSTJ,ns,3,15-2,15.0,2000.0,15.0,0.0,True
A384KX8MUIJSTJ,ns,3,15-2,15.0,2000.0,12.0,6171.400000095367,False
A384KX8MUIJSTJ,ns,4,15-2,15.0,2000.0,3.0,7529.599999427797,False
A384KX8MUIJSTJ,ns,4,15-2,15.0,2000.0,3.0,3609.899998664856,False
A384KX8MUIJSTJ,ns,4,15-2,15.0,2000.0,1.0,16956.39999961853,False
A384KX8MUIJSTJ,ns,4,15-2,15.0,2000.0,1.0,3484.699999809265,False
A384KX8MUIJSTJ,ns,4,15-2,15.0,2000.0,1.0,2907.5999994277954,False
A384KX8MUIJSTJ,ns,4,15-2,15.0,2000.0,2.0,5080.099999427797,False
A384KX8MUIJSTJ,ns,4,15-2,15.0,2000.0,2.0,6032.799999237061,False
A384KX8MUIJSTJ,ns,4,15-2,15.0,2000.0,1.0,8377.19999885559,False
A384KX8MUIJSTJ,ns,4,15-2,15.0,2000.0,1.0,1535.9999990463257,False
A384KX8MUIJSTJ,ns,4,15-2,15.0,2000.0,1.0,2943.5999994277954,False
A384KX8MUIJSTJ,ns,4,15-2,15.0,2000.0,1.0,0.0,True
A389Y151TAJ4XG,ns,1,30-1,30.0,1000.0,13.0,0.0,True
A389Y151TAJ4XG,ns,1,30-1,30.0,1000.0,7.0,3995.2000000476837,False
A389Y151TAJ4XG,ns,1,30-1,30.0,1000.0,12.0,18772.10000014305,False
A389Y151TAJ4XG,ns,1,30-1,30.0,1000.0,9.0,4523.900000095367,False
A389Y151TAJ4XG,ns,1,30-1,30.0,1000.0,1.0,3205.100000143051,False
A389Y151TAJ4XG,ns,1,30-1,30.0,1000.0,3.0,9143.100000143051,False
A389Y151TAJ4XG,ns,1,30-1,30.0,1000.0,9.0,6329.900000095367,False
A389Y151TAJ4XG,ns,1,30-1,30.0,1000.0,18.0,3953.600000143051,False
A389Y151TAJ4XG,ns,2,30-1,30.0,1000.0,11.0,0.0,True
A389Y151TAJ4XG,ns,2,30-1,30.0,1000.0,13.0,3237.699999809265,False
A389Y151TAJ4XG,ns,2,30-1,30.0,1000.0,4.0,1379.2999997138977,False
A389Y151TAJ4XG,ns,2,30-1,30.0,1000.0,9.0,3019.5999999046326,False
A389Y151TAJ4XG,ns,2,30-1,30.0,1000.0,7.0,5477.399999856949,False
A389Y151TAJ4XG,ns,2,30-1,30.0,1000.0,30.0,199.29999995231628,False
A389Y151TAJ4XG,ns,2,30-1,30.0,1000.0,28.0,2602.699999809265,False
A389Y151TAJ4XG,ns,2,30-1,30.0,1000.0,14.0,3536.9999997615814,False
A389Y151TAJ4XG,ns,3,30-1,30.0,1000.0,7.0,0.0,True
A389Y151TAJ4XG,ns,3,30-1,30.0,1000.0,21.0,9336.5,False
A389Y151TAJ4XG,ns,3,30-1,30.0,1000.0,10.0,6556.199999809265,False
A389Y151TAJ4XG,ns,3,30-1,30.0,1000.0,29.0,3381.2000000476833,False
A389Y151TAJ4XG,ns,3,30-1,30.0,1000.0,12.0,2691.999999761581,False
A389Y151TAJ4XG,ns,3,30-1,30.0,1000.0,27.0,6582.099999904633,False
A389Y151TAJ4XG,ns,3,30-1,30.0,1000.0,15.0,4959.799999952316,False
A389Y151TAJ4XG,ns,3,30-1,30.0,1000.0,5.0,4226.099999904633,False
A389Y151TAJ4XG,ns,3,30-1,30.0,1000.0,9.0,6233.399999856949,False
A389Y151TAJ4XG,ns,4,30-1,30.0,1000.0,5.0,0.0,True
A389Y151TAJ4XG,ns,4,30-1,30.0,1000.0,23.0,67263.90000009537,False
A389Y151TAJ4XG,ns,4,30-1,30.0,1000.0,18.0,3969.5,False
A389Y151TAJ4XG,ns,4,30-1,30.0,1000.0,25.0,1579.6000001430511,False
A39R5EBK7W916X,ns,1,20-1,20.0,1000.0,13.0,0.0,True
A39R5EBK7W916X,ns,1,20-1,20.0,1000.0,16.0,17580.999999999996,False
A39R5EBK7W916X,ns,1,20-1,20.0,1000.0,2.0,8391.600000023842,False
A39R5EBK7W916X,ns,1,20-1,20.0,1000.0,20.0,7097.200000047684,False
A39R5EBK7W916X,ns,1,20-1,20.0,1000.0,3.0,7177.300000071526,False
A39R5EBK7W916X,ns,1,20-1,20.0,1000.0,2.0,8316.699999928474,False
A39R5EBK7W916X,ns,1,20-1,20.0,1000.0,2.0,5391.200000047684,False
A39R5EBK7W916X,ns,1,20-1,20.0,1000.0,2.0,30899.99999988079,False
A39R5EBK7W916X,ns,2,20-1,20.0,1000.0,8.0,0.0,True
A39R5EBK7W916X,ns,2,20-1,20.0,1000.0,1.0,2498.0,False
A39R5EBK7W916X,ns,2,20-1,20.0,1000.0,2.0,8341.200000047684,False
A39R5EBK7W916X,ns,2,20-1,20.0,1000.0,2.0,8333.5,False
A39R5EBK7W916X,ns,2,20-1,20.0,1000.0,17.0,10616.700000047684,False
A39R5EBK7W916X,ns,2,20-1,20.0,1000.0,1.0,5333.799999952316,False
A3AWQ3AACIPXM2,ns,1,15-2,15.0,2000.0,3.0,0.0,True
A3AWQ3AACIPXM2,ns,1,15-2,15.0,2000.0,13.0,4646.0,False
A3AWQ3AACIPXM2,ns,1,15-2,15.0,2000.0,10.0,7355.0,False
A3AWQ3AACIPXM2,ns,2,15-2,15.0,2000.0,4.0,0.0,True
A3AWQ3AACIPXM2,ns,2,15-2,15.0,2000.0,15.0,2684.0,False
A3AWQ3AACIPXM2,ns,2,15-2,15.0,2000.0,15.0,1734.0,False
A3AWQ3AACIPXM2,ns,2,15-2,15.0,2000.0,14.0,3675.0,False
A3AWQ3AACIPXM2,ns,2,15-2,15.0,2000.0,14.0,9631.0,False
A3AWQ3AACIPXM2,ns,2,15-2,15.0,2000.0,15.0,990.0,False
A3BA2WMGN6KHUU,ns,1,15-2,15.0,2000.0,1.0,0.0,True
A3BA2WMGN6KHUU,ns,1,15-2,15.0,2000.0,11.0,5342.999999761581,False
A3BA2WMGN6KHUU,ns,1,15-2,15.0,2000.0,11.0,13408.099999904633,False
A3BA2WMGN6KHUU,ns,1,15-2,15.0,2000.0,1.0,27669.299999713898,False
A3BA2WMGN6KHUU,ns,1,15-2,15.0,2000.0,8.0,6715.699999809265,False
A3BA2WMGN6KHUU,ns,1,15-2,15.0,2000.0,14.0,2795.4999997615814,False
A3BA2WMGN6KHUU,ns,1,15-2,15.0,2000.0,1.0,7190.5,False
A3BA2WMGN6KHUU,ns,1,15-2,15.0,2000.0,1.0,10821.099999904633,False
A3BA2WMGN6KHUU,ns,2,15-2,15.0,2000.0,15.0,0.0,True
A3BA2WMGN6KHUU,ns,2,15-2,15.0,2000.0,12.0,12159.700000047684,False
A3BA2WMGN6KHUU,ns,2,15-2,15.0,2000.0,14.0,16751.399999856956,False
A3BA2WMGN6KHUU,ns,2,15-2,15.0,2000.0,2.0,15098.799999952316,False
A3BA2WMGN6KHUU,ns,2,15-2,15.0,2000.0,2.0,23134.599999904636,False
A3BA2WMGN6KHUU,ns,2,15-2,15.0,2000.0,12.0,5107.299999952316,False
A3BA2WMGN6KHUU,ns,2,15-2,15.0,2000.0,13.0,15197.299999952316,False
A3BA2WMGN6KHUU,ns,2,15-2,15.0,2000.0,9.0,7054.299999952316,False
A3BA2WMGN6KHUU,ns,3,15-2,15.0,2000.0,15.0,0.0,True
A3BA2WMGN6KHUU,ns,3,15-2,15.0,2000.0,1.0,5158.900000002233,False
A3BA2WMGN6KHUU,ns,3,15-2,15.0,2000.0,2.0,3187.39999999851,False
A3BA2WMGN6KHUU,ns,3,15-2,15.0,2000.0,5.0,7762.400000002233,False
A3BA2WMGN6KHUU,ns,3,15-2,15.0,2000.0,3.0,12376.400000002235,False
A3BA2WMGN6KHUU,ns,3,15-2,15.0,2000.0,1.0,7904.10000000149,False
A3BA2WMGN6KHUU,ns,3,15-2,15.0,2000.0,1.0,1392.0000000037253,False
A3BA2WMGN6KHUU,ns,3,15-2,15.0,2000.0,3.0,20400.5,False
A3BA2WMGN6KHUU,ns,3,15-2,15.0,2000.0,1.0,29235.30000000447,False
A3BA2WMGN6KHUU,ns,3,15-2,15.0,2000.0,1.0,10994.5,False
A3BA2WMGN6KHUU,ns,4,15-2,15.0,2000.0,1.0,4648.200000017881,False
A3BA2WMGN6KHUU,ns,4,15-2,15.0,2000.0,1.0,2044.7000000178814,False
A3BA2WMGN6KHUU,ns,4,15-2,15.0,2000.0,2.0,2596.300000011921,False
A3BA2WMGN6KHUU,ns,4,15-2,15.0,2000.0,13.0,3106.300000011921,False
A3BA2WMGN6KHUU,ns,4,15-2,15.0,2000.0,1.0,1598.9000000059605,False
A3BA2WMGN6KHUU,ns,4,15-2,15.0,2000.0,1.0,930.8000000119209,False
A3BA2WMGN6KHUU,ns,4,15-2,15.0,2000.0,1.0,8040.100000008941,False
A3BA2WMGN6KHUU,ns,4,15-2,15.0,2000.0,2.0,11892.800000011921,False
A3BA2WMGN6KHUU,ns,4,15-2,15.0,2000.0,1.0,5246.100000008941,False
A3BA2WMGN6KHUU,ns,4,15-2,15.0,2000.0,1.0,5098.600000008941,False
A3BA2WMGN6KHUU,ns,4,15-2,15.0,2000.0,2.0,0.0,True
A3BN69Q9D7RQGR,ns,1,15-2,15.0,2000.0,1.0,3926.0,False
A3BN69Q9D7RQGR,ns,1,15-2,15.0,2000.0,1.0,0.0,True
A3BN69Q9D7RQGR,ns,1,15-2,15.0,2000.0,7.0,1903.0,False
A3BN69Q9D7RQGR,ns,1,15-2,15.0,2000.0,14.0,4677.0,False
A3BN69Q9D7RQGR,ns,1,15-2,15.0,2000.0,12.0,5677.0,False
A3BN69Q9D7RQGR,ns,1,15-2,15.0,2000.0,7.0,4608.0,False
A3BN69Q9D7RQGR,ns,1,15-2,15.0,2000.0,2.0,3605.0,False
A3BN69Q9D7RQGR,ns,1,15-2,15.0,2000.0,4.0,3080.0,False
A3BN69Q9D7RQGR,ns,2,15-2,15.0,2000.0,15.0,2204.0,False
A3BN69Q9D7RQGR,ns,2,15-2,15.0,2000.0,5.0,1676.0,False
A3BN69Q9D7RQGR,ns,2,15-2,15.0,2000.0,15.0,0.0,True
A3BN69Q9D7RQGR,ns,2,15-2,15.0,2000.0,14.0,13202.0,False
A3BN69Q9D7RQGR,ns,3,15-2,15.0,2000.0,1.0,0.0,True
A3BN69Q9D7RQGR,ns,3,15-2,15.0,2000.0,15.0,2808.0,False
A3BN69Q9D7RQGR,ns,4,15-2,15.0,2000.0,15.0,0.0,True
A3BN69Q9D7RQGR,ns,4,15-2,15.0,2000.0,15.0,1755.0,False
A3BN69Q9D7RQGR,ns,4,15-2,15.0,2000.0,15.0,1511.0,False
A3BN69Q9D7RQGR,ns,4,15-2,15.0,2000.0,15.0,2779.0,False
A3BZH91MITQA5X,ns,1,40-1,40.0,1000.0,35.0,8301.5,False
A3BZH91MITQA5X,ns,1,40-1,40.0,1000.0,24.0,6927.100000023844,False
A3BZH91MITQA5X,ns,1,40-1,40.0,1000.0,34.0,6079.1000000834465,False
A3BZH91MITQA5X,ns,1,40-1,40.0,1000.0,39.0,6120.600000023844,False
A3BZH91MITQA5X,ns,1,40-1,40.0,1000.0,24.0,3827.5000000596046,False
A3BZH91MITQA5X,ns,1,40-1,40.0,1000.0,33.0,3268.699999988079,False
A3BZH91MITQA5X,ns,1,40-1,40.0,1000.0,21.0,2472.5000000596046,False
A3BZH91MITQA5X,ns,1,40-1,40.0,1000.0,27.0,0.0,True
A3BZH91MITQA5X,ns,1,40-1,40.0,1000.0,37.0,5809.6000000834465,False
A3BZH91MITQA5X,ns,1,40-1,40.0,1000.0,39.0,4554.100000023844,False
A3BZH91MITQA5X,ns,2,40-1,40.0,1000.0,2.0,0.0,True
A3BZH91MITQA5X,ns,2,40-1,40.0,1000.0,1.0,2231.0,False
A3BZH91MITQA5X,ns,2,40-1,40.0,1000.0,1.0,4034.899999976158,False
A3BZH91MITQA5X,ns,2,40-1,40.0,1000.0,5.0,11330.899999976155,False
A3BZH91MITQA5X,ns,2,40-1,40.0,1000.0,1.0,7249.399999976158,False
A3BZH91MITQA5X,ns,2,40-1,40.0,1000.0,5.0,13631.599999904636,False
A3BZH91MITQA5X,ns,2,40-1,40.0,1000.0,3.0,4223.499999880791,False
A3BZH91MITQA5X,ns,2,40-1,40.0,1000.0,1.0,5219.700000047684,False
A3BZH91MITQA5X,ns,2,40-1,40.0,1000.0,4.0,12761.699999928478,False
A3BZH91MITQA5X,ns,2,40-1,40.0,1000.0,4.0,15376.699999928478,False
A3BZH91MITQA5X,ns,2,40-1,40.0,1000.0,40.0,1015.8999999761581,False
A3BZH91MITQA5X,ns,3,40-1,40.0,1000.0,1.0,1206.7999999523163,False
A3BZH91MITQA5X,ns,3,40-1,40.0,1000.0,2.0,17102.599999904636,False
A3BZH91MITQA5X,ns,3,40-1,40.0,1000.0,1.0,12655.499999761581,False
A3BZH91MITQA5X,ns,3,40-1,40.0,1000.0,35.0,1494.7999999523163,False
A3BZH91MITQA5X,ns,3,40-1,40.0,1000.0,38.0,8992.299999952316,False
A3BZH91MITQA5X,ns,3,40-1,40.0,1000.0,33.0,872.5,False
A3BZH91MITQA5X,ns,3,40-1,40.0,1000.0,38.0,2112.699999809265,False
A3BZH91MITQA5X,ns,3,40-1,40.0,1000.0,40.0,1073.8999998569489,False
A3BZH91MITQA5X,ns,3,40-1,40.0,1000.0,39.0,7668.399999856949,False
A3BZH91MITQA5X,ns,3,40-1,40.0,1000.0,4.0,15004.699999809265,False
A3BZH91MITQA5X,ns,3,40-1,40.0,1000.0,35.0,0.0,True
A3BZH91MITQA5X,ns,3,40-1,40.0,1000.0,32.0,2291.199999809265,False
A3C4WGE4SOGM1,ns,1,20-2,20.0,2000.0,15.0,0.0,True
A3C4WGE4SOGM1,ns,1,20-2,20.0,2000.0,3.0,662.4000000953679,False
A3C4WGE4SOGM1,ns,1,20-2,20.0,2000.0,2.0,338.4000000953679,False
A3C4WGE4SOGM1,ns,1,20-2,20.0,2000.0,2.0,1969.3000001907349,False
A3C4WGE4SOGM1,ns,1,20-2,20.0,2000.0,1.0,255.5,False
A3C4WGE4SOGM1,ns,1,20-2,20.0,2000.0,1.0,132.7999997138977,False
A3C4WGE4SOGM1,ns,1,20-2,20.0,2000.0,1.0,3429.699999809265,False
A3C4WGE4SOGM1,ns,1,20-2,20.0,2000.0,18.0,468.4000000953679,False
A3C4WGE4SOGM1,ns,1,20-2,20.0,2000.0,1.0,32.80000019073486,False
A3C4WGE4SOGM1,ns,2,20-2,20.0,2000.0,15.0,0.0,True
A3C4WGE4SOGM1,ns,2,20-2,20.0,2000.0,2.0,1474.3999996185303,False
A3C4WGE4SOGM1,ns,2,20-2,20.0,2000.0,1.0,1072.3999996185303,False
A3C4WGE4SOGM1,ns,2,20-2,20.0,2000.0,1.0,2136.699999809265,False
A3C4WGE4SOGM1,ns,2,20-2,20.0,2000.0,16.0,6467.800000190735,False
A3C4WGE4SOGM1,ns,2,20-2,20.0,2000.0,1.0,5821.099999904633,False
A3C4WGE4SOGM1,ns,2,20-2,20.0,2000.0,20.0,4706.199999809265,False
A3C4WGE4SOGM1,ns,2,20-2,20.0,2000.0,1.0,7332.299999713896,False
A3C4WGE4SOGM1,ns,2,20-2,20.0,2000.0,1.0,2927.699999809265,False
A3C4WGE4SOGM1,ns,2,20-2,20.0,2000.0,20.0,3446.699999809265,False
A3C4WGE4SOGM1,ns,2,20-2,20.0,2000.0,2.0,5475.5,False
A3C4WGE4SOGM1,ns,3,20-2,20.0,2000.0,1.0,5965.199999809265,False
A3C4WGE4SOGM1,ns,3,20-2,20.0,2000.0,14.0,49115.59999990463,False
A3C4WGE4SOGM1,ns,3,20-2,20.0,2000.0,2.0,12470.699999809272,False
A3C4WGE4SOGM1,ns,3,20-2,20.0,2000.0,1.0,0.0,True
A3C4WGE4SOGM1,ns,3,20-2,20.0,2000.0,9.0,4181.299999713896,False
A3C4WGE4SOGM1,ns,3,20-2,20.0,2000.0,13.0,21094.400000095364,False
A3C4WGE4SOGM1,ns,3,20-2,20.0,2000.0,3.0,2064.699999809265,False
A3C4WGE4SOGM1,ns,4,20-2,20.0,2000.0,12.0,1543.1999998092651,False
A3C4WGE4SOGM1,ns,4,20-2,20.0,2000.0,15.0,5873.299999713898,False
A3C4WGE4SOGM1,ns,4,20-2,20.0,2000.0,7.0,4659.299999713898,False
A3C4WGE4SOGM1,ns,4,20-2,20.0,2000.0,15.0,7266.599999427795,False
A3C4WGE4SOGM1,ns,4,20-2,20.0,2000.0,20.0,879.2999997138977,False
A3C4WGE4SOGM1,ns,4,20-2,20.0,2000.0,10.0,7112.699999809265,False
A3C4WGE4SOGM1,ns,4,20-2,20.0,2000.0,17.0,0.0,True
A3CE7DTHIB76UK,ns,1,10-2,10.0,2000.0,1.0,4507.100000008941,False
A3CE7DTHIB76UK,ns,1,10-2,10.0,2000.0,1.0,5564.29999999702,False
A3CE7DTHIB76UK,ns,1,10-2,10.0,2000.0,1.0,11564.79999999702,False
A3CE7DTHIB76UK,ns,1,10-2,10.0,2000.0,2.0,0.0,True
A3CE7DTHIB76UK,ns,1,10-2,10.0,2000.0,1.0,570.1000000089407,False
A3CE7DTHIB76UK,ns,1,10-2,10.0,2000.0,1.0,12049.20000000298,False
A3CE7DTHIB76UK,ns,1,10-2,10.0,2000.0,2.0,5703.5,False
A3CE7DTHIB76UK,ns,1,10-2,10.0,2000.0,10.0,7893.100000008941,False
A3CE7DTHIB76UK,ns,1,10-2,10.0,2000.0,4.0,5967.000000014899,False
A3CE7DTHIB76UK,ns,1,10-2,10.0,2000.0,1.0,5197.600000008941,False
A3CE7DTHIB76UK,ns,2,10-2,10.0,2000.0,7.0,0.0,True
A3CE7DTHIB76UK,ns,2,10-2,10.0,2000.0,9.0,7441.999999999998,False
A3CE7DTHIB76UK,ns,2,10-2,10.0,2000.0,1.0,29810.099999964237,False
A3CE7DTHIB76UK,ns,2,10-2,10.0,2000.0,4.0,14015.899999976158,False
A3CE7DTHIB76UK,ns,2,10-2,10.0,2000.0,3.0,16633.300000011917,False
A3CE7DTHIB76UK,ns,2,10-2,10.0,2000.0,5.0,7032.599999964237,False
A3CE7DTHIB76UK,ns,2,10-2,10.0,2000.0,2.0,7440.999999999998,False
A3CE7DTHIB76UK,ns,2,10-2,10.0,2000.0,1.0,14919.100000023842,False
A3CE7DTHIB76UK,ns,2,10-2,10.0,2000.0,6.0,3650.300000011921,False
A3CE7DTHIB76UK,ns,2,10-2,10.0,2000.0,1.0,14557.59999996424,False
A3CE7DTHIB76UK,ns,2,10-2,10.0,2000.0,6.0,13439.09999996424,False
A3CE7DTHIB76UK,ns,2,10-2,10.0,2000.0,1.0,2267.5,False
A3CE7DTHIB76UK,ns,3,10-2,10.0,2000.0,2.0,0.0,True
A3CE7DTHIB76UK,ns,3,10-2,10.0,2000.0,1.0,2367.6000000238437,False
A3CE7DTHIB76UK,ns,3,10-2,10.0,2000.0,1.0,3489.300000011921,False
A3CE7DTHIB76UK,ns,3,10-2,10.0,2000.0,8.0,2053.599999964237,False
A3CE7DTHIB76UK,ns,3,10-2,10.0,2000.0,1.0,12963.199999988079,False
A3CE7DTHIB76UK,ns,3,10-2,10.0,2000.0,2.0,7142.89999997616,False
A3CE7DTHIB76UK,ns,3,10-2,10.0,2000.0,1.0,12549.399999976158,False
A3CE7DTHIB76UK,ns,3,10-2,10.0,2000.0,10.0,1423.8999999761581,False
A3CE7DTHIB76UK,ns,3,10-2,10.0,2000.0,3.0,3837.199999988079,False
A3CE7DTHIB76UK,ns,3,10-2,10.0,2000.0,2.0,3950.300000011921,False
A3CE7DTHIB76UK,ns,3,10-2,10.0,2000.0,1.0,9628.399999976158,False
A3CE7DTHIB76UK,ns,3,10-2,10.0,2000.0,1.0,4218.199999988079,False
A3CE7DTHIB76UK,ns,4,10-2,10.0,2000.0,9.0,1750.9999998807903,False
A3CE7DTHIB76UK,ns,4,10-2,10.0,2000.0,10.0,13315.49999988079,False
A3CE7DTHIB76UK,ns,4,10-2,10.0,2000.0,6.0,4366.199999928474,False
A3CE7DTHIB76UK,ns,4,10-2,10.0,2000.0,10.0,0.0,True
A3CE7DTHIB76UK,ns,4,10-2,10.0,2000.0,10.0,4224.200000047684,False
A3CE7DTHIB76UK,ns,4,10-2,10.0,2000.0,10.0,10265.99999988079,False
A3CE7DTHIB76UK,ns,4,10-2,10.0,2000.0,1.0,6317.899999856949,False
A3D9PJ37U7LCHE,ns,1,20-1,20.0,1000.0,1.0,0.0,True
A3D9PJ37U7LCHE,ns,1,20-1,20.0,1000.0,1.0,3817.2000000476837,False
A3D9PJ37U7LCHE,ns,1,20-1,20.0,1000.0,1.0,2841.2000000476837,False
A3D9PJ37U7LCHE,ns,1,20-1,20.0,1000.0,5.0,3002.5999999046326,False
A3D9PJ37U7LCHE,ns,1,20-1,20.0,1000.0,1.0,2963.399999856949,False
A3D9PJ37U7LCHE,ns,1,20-1,20.0,1000.0,20.0,3668.5999999046326,False
A3D9PJ37U7LCHE,ns,1,20-1,20.0,1000.0,1.0,4355.199999809265,False
A3D9PJ37U7LCHE,ns,1,20-1,20.0,1000.0,2.0,3767.0,False
A3D9PJ37U7LCHE,ns,1,20-1,20.0,1000.0,1.0,10599.0,False
A3D9PJ37U7LCHE,ns,2,20-1,20.0,1000.0,1.0,0.0,True
A3D9PJ37U7LCHE,ns,2,20-1,20.0,1000.0,1.0,1443.2000000476833,False
A3D9PJ37U7LCHE,ns,2,20-1,20.0,1000.0,1.0,3766.1999998092647,False
A3D9PJ37U7LCHE,ns,2,20-1,20.0,1000.0,2.0,2955.4999999999995,False
A3D9PJ37U7LCHE,ns,2,20-1,20.0,1000.0,12.0,6062.0,False
A3D9PJ37U7LCHE,ns,2,20-1,20.0,1000.0,1.0,2679.900000095367,False
A3D9PJ37U7LCHE,ns,2,20-1,20.0,1000.0,19.0,1075.2000000476837,False
A3D9PJ37U7LCHE,ns,2,20-1,20.0,1000.0,3.0,3797.7000000476833,False
A3D9PJ37U7LCHE,ns,2,20-1,20.0,1000.0,1.0,1856.3999998569484,False
A3D9PJ37U7LCHE,ns,3,20-1,20.0,1000.0,1.0,9723.200000047684,False
A3D9PJ37U7LCHE,ns,3,20-1,20.0,1000.0,18.0,8223.0,False
A3D9PJ37U7LCHE,ns,3,20-1,20.0,1000.0,18.0,3169.7999999523163,False
A3D9PJ37U7LCHE,ns,3,20-1,20.0,1000.0,18.0,13339.599999904636,False
A3D9PJ37U7LCHE,ns,3,20-1,20.0,1000.0,7.0,1324.5,False
A3D9PJ37U7LCHE,ns,3,20-1,20.0,1000.0,17.0,3645.0999999046326,False
A3D9PJ37U7LCHE,ns,3,20-1,20.0,1000.0,2.0,8075.699999809265,False
A3D9PJ37U7LCHE,ns,3,20-1,20.0,1000.0,14.0,0.0,True
A3D9PJ37U7LCHE,ns,4,20-1,20.0,1000.0,14.0,0.0,True
A3D9PJ37U7LCHE,ns,4,20-1,20.0,1000.0,1.0,5468.699999809265,False
A3D9PJ37U7LCHE,ns,4,20-1,20.0,1000.0,12.0,60576.09999990463,False
A3D9PJ37U7LCHE,ns,4,20-1,20.0,1000.0,12.0,9289.299999952316,False
A3D9PJ37U7LCHE,ns,4,20-1,20.0,1000.0,18.0,2667.0,False
A3D9PJ37U7LCHE,ns,4,20-1,20.0,1000.0,1.0,2942.9999997615814,False
A3D9PJ37U7LCHE,ns,4,20-1,20.0,1000.0,15.0,7404.899999856949,False
A3D9PJ37U7LCHE,ns,4,20-1,20.0,1000.0,12.0,3685.9999997615814,False
A3D9PJ37U7LCHE,ns,4,20-1,20.0,1000.0,1.0,26661.099999904633,False
A3D9PJ37U7LCHE,ns,4,20-1,20.0,1000.0,1.0,10075.599999904633,False
A3D9PJ37U7LCHE,ns,4,20-1,20.0,1000.0,1.0,15571.399999856952,False
A3FOKP72T5I4FR,ns,1,15-2,15.0,2000.0,1.0,0.0,True
A3FOKP72T5I4FR,ns,1,15-2,15.0,2000.0,14.0,2626.800000190735,False
A3FOKP72T5I4FR,ns,1,15-2,15.0,2000.0,10.0,1602.3000001907353,False
A3FOKP72T5I4FR,ns,1,15-2,15.0,2000.0,8.0,1040.2000000476842,False
A3FOKP72T5I4FR,ns,1,15-2,15.0,2000.0,14.0,2409.7000002861023,False
A3FOKP72T5I4FR,ns,1,15-2,15.0,2000.0,1.0,3854.100000143051,False
A3FOKP72T5I4FR,ns,1,15-2,15.0,2000.0,14.0,912.3000001907353,False
A3FOKP72T5I4FR,ns,1,15-2,15.0,2000.0,1.0,1321.5000002384186,False
A3FOKP72T5I4FR,ns,1,15-2,15.0,2000.0,14.0,463.60000014305115,False
A3FOKP72T5I4FR,ns,1,15-2,15.0,2000.0,4.0,1307.9000000953674,False
A3FOKP72T5I4FR,ns,1,15-2,15.0,2000.0,13.0,2472.5,False
A3FOKP72T5I4FR,ns,2,15-2,15.0,2000.0,12.0,1060.7999999523167,False
A3FOKP72T5I4FR,ns,2,15-2,15.0,2000.0,13.0,873.7999999523167,False
A3FOKP72T5I4FR,ns,2,15-2,15.0,2000.0,1.0,629.4000000953679,False
A3FOKP72T5I4FR,ns,2,15-2,15.0,2000.0,15.0,106.39999985694885,False
A3FOKP72T5I4FR,ns,2,15-2,15.0,2000.0,5.0,0.0,True
A3FOKP72T5I4FR,ns,2,15-2,15.0,2000.0,7.0,678.9000000953679,False
A3FOKP72T5I4FR,ns,2,15-2,15.0,2000.0,13.0,6056.0,False
A3FOKP72T5I4FR,ns,2,15-2,15.0,2000.0,13.0,11042.600000143051,False
A3FOKP72T5I4FR,ns,2,15-2,15.0,2000.0,4.0,1580.7999999523167,False
A3FOKP72T5I4FR,ns,2,15-2,15.0,2000.0,1.0,1404.7000000476837,False
A3FOKP72T5I4FR,ns,2,15-2,15.0,2000.0,5.0,705.2000000476837,False
A3FOKP72T5I4FR,ns,2,15-2,15.0,2000.0,8.0,1030.7999999523167,False
A3G55RJTW3BSGM,ns,1,10-2,10.0,2000.0,7.0,0.0,True
A3G55RJTW3BSGM,ns,1,10-2,10.0,2000.0,8.0,2384.399999856949,False
A3G55RJTW3BSGM,ns,1,10-2,10.0,2000.0,9.0,2256.0,False
A3G55RJTW3BSGM,ns,1,10-2,10.0,2000.0,3.0,2674.0,False
A3G55RJTW3BSGM,ns,1,10-2,10.0,2000.0,9.0,2506.299999952316,False
A3G55RJTW3BSGM,ns,1,10-2,10.0,2000.0,6.0,1340.2000000476842,False
A3G55RJTW3BSGM,ns,1,10-2,10.0,2000.0,10.0,1804.0,False
A3G55RJTW3BSGM,ns,1,10-2,10.0,2000.0,8.0,2807.2999999523163,False
A3G55RJTW3BSGM,ns,1,10-2,10.0,2000.0,6.0,1608.2999999523163,False
A3G55RJTW3BSGM,ns,1,10-2,10.0,2000.0,8.0,1743.9000000953674,False
A3G55RJTW3BSGM,ns,1,10-2,10.0,2000.0,7.0,1539.2000000476842,False
A3G55RJTW3BSGM,ns,1,10-2,10.0,2000.0,9.0,2010.2000000476842,False
A3G55RJTW3BSGM,ns,2,10-2,10.0,2000.0,8.0,0.0,True
A3G55RJTW3BSGM,ns,2,10-2,10.0,2000.0,9.0,2042.5,False
A3G55RJTW3BSGM,ns,2,10-2,10.0,2000.0,8.0,1511.900000095368,False
A3G55RJTW3BSGM,ns,2,10-2,10.0,2000.0,9.0,1702.6000001430511,False
A3G55RJTW3BSGM,ns,2,10-2,10.0,2000.0,7.0,1154.2000000476842,False
A3G55RJTW3BSGM,ns,2,10-2,10.0,2000.0,9.0,1259.6999998092651,False
A3G55RJTW3BSGM,ns,2,10-2,10.0,2000.0,8.0,1273.1999998092651,False
A3G55RJTW3BSGM,ns,2,10-2,10.0,2000.0,9.0,869.5,False
A3G55RJTW3BSGM,ns,2,10-2,10.0,2000.0,5.0,3722.7999999523163,False
A3G55RJTW3BSGM,ns,2,10-2,10.0,2000.0,9.0,456.599999904633,False
A3G55RJTW3BSGM,ns,2,10-2,10.0,2000.0,2.0,2859.2000000476837,False
A3G55RJTW3BSGM,ns,2,10-2,10.0,2000.0,6.0,2680.300000190735,False
A3G55RJTW3BSGM,ns,3,10-2,10.0,2000.0,9.0,0.0,True
A3G55RJTW3BSGM,ns,3,10-2,10.0,2000.0,10.0,1969.8999996185303,False
A3G55RJTW3BSGM,ns,3,10-2,10.0,2000.0,9.0,1609.5,False
A3G55RJTW3BSGM,ns,3,10-2,10.0,2000.0,10.0,1652.4000000953674,False
A3G55RJTW3BSGM,ns,3,10-2,10.0,2000.0,10.0,4481.0,False
A3G55RJTW3BSGM,ns,3,10-2,10.0,2000.0,7.0,1549.5,False
A3G55RJTW3BSGM,ns,3,10-2,10.0,2000.0,4.0,1754.7999997138977,False
A3G55RJTW3BSGM,ns,3,10-2,10.0,2000.0,4.0,2168.4999995231624,False
A3G55RJTW3BSGM,ns,3,10-2,10.0,2000.0,5.0,1491.1999998092656,False
A3G55RJTW3BSGM,ns,3,10-2,10.0,2000.0,5.0,4455.299999713898,False
A3G55RJTW3BSGM,ns,3,10-2,10.0,2000.0,3.0,1849.5999999046326,False
A3G55RJTW3BSGM,ns,4,10-2,10.0,2000.0,8.0,0.0,True
A3G55RJTW3BSGM,ns,4,10-2,10.0,2000.0,4.0,4635.900000095367,False
A3G55RJTW3BSGM,ns,4,10-2,10.0,2000.0,10.0,2388.800000190735,False
A3G55RJTW3BSGM,ns,4,10-2,10.0,2000.0,1.0,1788.5,False
A3G55RJTW3BSGM,ns,4,10-2,10.0,2000.0,5.0,2202.9000000953674,False
A3G55RJTW3BSGM,ns,4,10-2,10.0,2000.0,9.0,2392.4000000953674,False
A3G55RJTW3BSGM,ns,4,10-2,10.0,2000.0,7.0,2359.9000000953674,False
A3G55RJTW3BSGM,ns,4,10-2,10.0,2000.0,7.0,3261.5999999046326,False
A3G55RJTW3BSGM,ns,4,10-2,10.0,2000.0,9.0,1696.9000000953674,False
A3G55RJTW3BSGM,ns,4,10-2,10.0,2000.0,2.0,2432.0,False
A3G55RJTW3BSGM,ns,4,10-2,10.0,2000.0,1.0,2275.2999997138977,False
A3G55RJTW3BSGM,ns,4,10-2,10.0,2000.0,1.0,2108.0,False
A3GIUDSA1IGTFV,ns,1,20-1,20.0,1000.0,2.0,1538.0999999046326,False
A3GIUDSA1IGTFV,ns,1,20-1,20.0,1000.0,1.0,2960.399999856949,False
A3GIUDSA1IGTFV,ns,1,20-1,20.0,1000.0,1.0,0.0,True
A3GIUDSA1IGTFV,ns,1,20-1,20.0,1000.0,1.0,607.6999998092651,False
A3GIUDSA1IGTFV,ns,1,20-1,20.0,1000.0,1.0,1257.0999999046326,False
A3GIUDSA1IGTFV,ns,1,20-1,20.0,1000.0,1.0,417.19999980926514,False
A3GIUDSA1IGTFV,ns,1,20-1,20.0,1000.0,1.0,255.09999990463257,False
A3GIUDSA1IGTFV,ns,1,20-1,20.0,1000.0,20.0,1581.2000000476837,False
A3GIUDSA1IGTFV,ns,1,20-1,20.0,1000.0,1.0,10.099999904632568,False
A3GIUDSA1IGTFV,ns,2,20-1,20.0,1000.0,4.0,7373.399999856949,False
A3GIUDSA1IGTFV,ns,2,20-1,20.0,1000.0,4.0,0.0,True
A3GIUDSA1IGTFV,ns,2,20-1,20.0,1000.0,1.0,6190.899999856949,False
A3GIUDSA1IGTFV,ns,2,20-1,20.0,1000.0,16.0,9527.299999713898,False
A3GIUDSA1IGTFV,ns,2,20-1,20.0,1000.0,20.0,1792.6999998092651,False
A3GIUDSA1IGTFV,ns,2,20-1,20.0,1000.0,19.0,13480.799999952316,False
A3GIUDSA1IGTFV,ns,2,20-1,20.0,1000.0,1.0,53735.799999952316,False
A3GIUDSA1IGTFV,ns,2,20-1,20.0,1000.0,20.0,1680.599999666214,False
A3GIUDSA1IGTFV,ns,2,20-1,20.0,1000.0,2.0,31969.799999952316,False
A3GIUDSA1IGTFV,ns,2,20-1,20.0,1000.0,20.0,8602.199999809265,False
A3GIUDSA1IGTFV,ns,3,20-1,20.0,1000.0,3.0,0.0,True
A3GIUDSA1IGTFV,ns,3,20-1,20.0,1000.0,20.0,9087.600000143051,False
A3GIUDSA1IGTFV,ns,3,20-1,20.0,1000.0,19.0,14543.700000047684,False
A3GIUDSA1IGTFV,ns,3,20-1,20.0,1000.0,20.0,6083.299999952316,False
A3GIUDSA1IGTFV,ns,3,20-1,20.0,1000.0,20.0,3246.7000000476837,False
A3GIUDSA1IGTFV,ns,3,20-1,20.0,1000.0,17.0,7000.0,False
A3GIUDSA1IGTFV,ns,3,20-1,20.0,1000.0,12.0,10963.400000095367,False
A3GIUDSA1IGTFV,ns,3,20-1,20.0,1000.0,20.0,3596.4000000953674,False
A3GIUDSA1IGTFV,ns,3,20-1,20.0,1000.0,19.0,4741.900000095367,False
A3HBB9JT9WVZS4,ns,1,15-2,15.0,2000.0,3.0,0.0,True
A3HBB9JT9WVZS4,ns,1,15-2,15.0,2000.0,1.0,7216.599999904633,False
A3HBB9JT9WVZS4,ns,1,15-2,15.0,2000.0,7.0,6230.599999904633,False
A3HBB9JT9WVZS4,ns,1,15-2,15.0,2000.0,1.0,4053.199999809265,False
A3HBB9JT9WVZS4,ns,1,15-2,15.0,2000.0,6.0,20818.799999952316,False
A3HBB9JT9WVZS4,ns,1,15-2,15.0,2000.0,2.0,7021.0,False
A3HBB9JT9WVZS4,ns,1,15-2,15.0,2000.0,12.0,9838.799999952316,False
A3HBB9JT9WVZS4,ns,1,15-2,15.0,2000.0,2.0,4276.899999856949,False
A3HBB9JT9WVZS4,ns,1,15-2,15.0,2000.0,2.0,2659.5999999046326,False
A3HBB9JT9WVZS4,ns,2,15-2,15.0,2000.0,2.0,0.0,True
A3HBB9JT9WVZS4,ns,2,15-2,15.0,2000.0,8.0,5981.700000047684,False
A3HBB9JT9WVZS4,ns,2,15-2,15.0,2000.0,1.0,2331.2000000476837,False
A3HBB9JT9WVZS4,ns,2,15-2,15.0,2000.0,15.0,3369.4000000953674,False
A3HBB9JT9WVZS4,ns,2,15-2,15.0,2000.0,15.0,1745.1000001430511,False
A3HBB9JT9WVZS4,ns,2,15-2,15.0,2000.0,12.0,9733.799999952316,False
A3HBB9JT9WVZS4,ns,2,15-2,15.0,2000.0,14.0,51274.199999809265,False
A3HBB9JT9WVZS4,ns,2,15-2,15.0,2000.0,15.0,2159.899999856949,False
A3HBB9JT9WVZS4,ns,2,15-2,15.0,2000.0,15.0,999.9000000953674,False
A3HBB9JT9WVZS4,ns,2,15-2,15.0,2000.0,3.0,1466.5,False
A3HBB9JT9WVZS4,ns,3,15-2,15.0,2000.0,4.0,0.0,True
A3HBB9JT9WVZS4,ns,3,15-2,15.0,2000.0,3.0,1685.7999999523167,False
A3HBB9JT9WVZS4,ns,3,15-2,15.0,2000.0,13.0,5797.100000143051,False
A3HBB9JT9WVZS4,ns,3,15-2,15.0,2000.0,14.0,4543.5,False
A3HBB9JT9WVZS4,ns,3,15-2,15.0,2000.0,7.0,11235.100000143051,False
A3HBB9JT9WVZS4,ns,3,15-2,15.0,2000.0,2.0,3175.900000095368,False
A3HBB9JT9WVZS4,ns,3,15-2,15.0,2000.0,3.0,7330.799999952316,False
A3HBB9JT9WVZS4,ns,3,15-2,15.0,2000.0,6.0,1107.599999904633,False
A3HBB9JT9WVZS4,ns,3,15-2,15.0,2000.0,14.0,307.5,False
A3HBB9JT9WVZS4,ns,4,15-2,15.0,2000.0,12.0,0.0,True
A3HBB9JT9WVZS4,ns,4,15-2,15.0,2000.0,15.0,2141.5,False
A3HBB9JT9WVZS4,ns,4,15-2,15.0,2000.0,15.0,1050.3000001907349,False
A3HBB9JT9WVZS4,ns,4,15-2,15.0,2000.0,8.0,990.9000000953674,False
A3HBB9JT9WVZS4,ns,4,15-2,15.0,2000.0,7.0,2728.100000143051,False
A3HBB9JT9WVZS4,ns,4,15-2,15.0,2000.0,3.0,3685.600000143051,False
A3HBB9JT9WVZS4,ns,4,15-2,15.0,2000.0,15.0,4129.799999952316,False
A3HBB9JT9WVZS4,ns,4,15-2,15.0,2000.0,15.0,1740.5,False
A3I1SGVY37KR4A,ns,1,20-2,20.0,2000.0,2.0,0.0,True
A3I1SGVY37KR4A,ns,1,20-2,20.0,2000.0,2.0,9766.0,False
A3I1SGVY37KR4A,ns,1,20-2,20.0,2000.0,2.0,12055.0,False
A3I1SGVY37KR4A,ns,1,20-2,20.0,2000.0,20.0,3474.0,False
A3I1SGVY37KR4A,ns,1,20-2,20.0,2000.0,15.0,7983.0,False
A3I1SGVY37KR4A,ns,1,20-2,20.0,2000.0,20.0,7328.0,False
A3I1SGVY37KR4A,ns,1,20-2,20.0,2000.0,6.0,12230.0,False
A3I1SGVY37KR4A,ns,1,20-2,20.0,2000.0,20.0,7867.0,False
A3I1SGVY37KR4A,ns,1,20-2,20.0,2000.0,1.0,14571.0,False
A3I1SGVY37KR4A,ns,1,20-2,20.0,2000.0,1.0,6398.0,False
A3I1SGVY37KR4A,ns,1,20-2,20.0,2000.0,18.0,5104.0,False
A3I1SGVY37KR4A,ns,2,20-2,20.0,2000.0,2.0,53000.0,False
A3I1SGVY37KR4A,ns,2,20-2,20.0,2000.0,1.0,23695.0,False
A3I1SGVY37KR4A,ns,2,20-2,20.0,2000.0,1.0,17911.0,False
A3I1SGVY37KR4A,ns,2,20-2,20.0,2000.0,4.0,1769.0,False
A3I1SGVY37KR4A,ns,2,20-2,20.0,2000.0,20.0,2881.0,False
A3I1SGVY37KR4A,ns,2,20-2,20.0,2000.0,1.0,4392.0,False
A3I1SGVY37KR4A,ns,2,20-2,20.0,2000.0,1.0,2130.0,False
A3I1SGVY37KR4A,ns,2,20-2,20.0,2000.0,2.0,30421.0,False
A3I1SGVY37KR4A,ns,2,20-2,20.0,2000.0,18.0,0.0,True
A3I1SGVY37KR4A,ns,3,20-2,20.0,2000.0,4.0,2744.0,False
A3I1SGVY37KR4A,ns,3,20-2,20.0,2000.0,3.0,7379.0,False
A3I1SGVY37KR4A,ns,3,20-2,20.0,2000.0,4.0,5994.0,False
A3I1SGVY37KR4A,ns,3,20-2,20.0,2000.0,7.0,2640.0,False
A3I1SGVY37KR4A,ns,3,20-2,20.0,2000.0,20.0,3506.0,False
A3I1SGVY37KR4A,ns,3,20-2,20.0,2000.0,1.0,3689.0,False
A3I1SGVY37KR4A,ns,3,20-2,20.0,2000.0,1.0,4657.0,False
A3I1SGVY37KR4A,ns,3,20-2,20.0,2000.0,2.0,4586.0,False
A3I1SGVY37KR4A,ns,3,20-2,20.0,2000.0,3.0,30885.0,False
A3I1SGVY37KR4A,ns,3,20-2,20.0,2000.0,6.0,19602.0,False
A3I1SGVY37KR4A,ns,3,20-2,20.0,2000.0,16.0,0.0,True
A3J55BJGV95JKH,ns,1,10-2,10.0,2000.0,5.0,0.0,True
A3J55BJGV95JKH,ns,1,10-2,10.0,2000.0,10.0,2751.299999952316,False
A3J55BJGV95JKH,ns,1,10-2,10.0,2000.0,10.0,3414.799999952316,False
A3J55BJGV95JKH,ns,1,10-2,10.0,2000.0,10.0,5197.5,False
A3J55BJGV95JKH,ns,1,10-2,10.0,2000.0,10.0,2818.900000095367,False
A3J55BJGV95JKH,ns,1,10-2,10.0,2000.0,10.0,3355.8999998569484,False
A3J55BJGV95JKH,ns,1,10-2,10.0,2000.0,10.0,4192.700000047684,False
A3J55BJGV95JKH,ns,1,10-2,10.0,2000.0,10.0,3812.599999904632,False
A3J55BJGV95JKH,ns,1,10-2,10.0,2000.0,10.0,4533.199999809265,False
A3J55BJGV95JKH,ns,1,10-2,10.0,2000.0,10.0,5223.5,False
A3J55BJGV95JKH,ns,1,10-2,10.0,2000.0,10.0,3927.1999998092647,False
A3J55BJGV95JKH,ns,2,10-2,10.0,2000.0,7.0,640.8000000715256,False
A3J55BJGV95JKH,ns,2,10-2,10.0,2000.0,6.0,2854.600000023842,False
A3J55BJGV95JKH,ns,2,10-2,10.0,2000.0,10.0,630.1000000238419,False
A3J55BJGV95JKH,ns,2,10-2,10.0,2000.0,5.0,1379.9000000953674,False
A3J55BJGV95JKH,ns,2,10-2,10.0,2000.0,5.0,0.0,True
A3J55BJGV95JKH,ns,2,10-2,10.0,2000.0,10.0,101.20000004768372,False
A3J55BJGV95JKH,ns,2,10-2,10.0,2000.0,5.0,835.8999999761581,False
A3J55BJGV95JKH,ns,2,10-2,10.0,2000.0,5.0,6286.300000071526,False
A3J55BJGV95JKH,ns,2,10-2,10.0,2000.0,5.0,4791.000000119209,False
A3J55BJGV95JKH,ns,2,10-2,10.0,2000.0,5.0,2317.4000000953674,False
A3J55BJGV95JKH,ns,3,10-2,10.0,2000.0,4.0,0.0,True
A3J55BJGV95JKH,ns,3,10-2,10.0,2000.0,10.0,6325.0,False
A3J55BJGV95JKH,ns,3,10-2,10.0,2000.0,10.0,2721.100000023842,False
A3J55BJGV95JKH,ns,3,10-2,10.0,2000.0,5.0,2822.8000000715256,False
A3J55BJGV95JKH,ns,3,10-2,10.0,2000.0,5.0,1807.3999999761581,False
A3J55BJGV95JKH,ns,3,10-2,10.0,2000.0,5.0,2282.899999976158,False
A3J55BJGV95JKH,ns,3,10-2,10.0,2000.0,5.0,4459.899999976158,False
A3J55BJGV95JKH,ns,3,10-2,10.0,2000.0,5.0,1943.7000000476837,False
A3J55BJGV95JKH,ns,3,10-2,10.0,2000.0,5.0,15153.800000071526,False
A3J55BJGV95JKH,ns,3,10-2,10.0,2000.0,5.0,2572.600000023842,False
A3J55BJGV95JKH,ns,3,10-2,10.0,2000.0,5.0,2821.899999976158,False
A3J55BJGV95JKH,ns,4,10-2,10.0,2000.0,5.0,0.0,True
A3J55BJGV95JKH,ns,4,10-2,10.0,2000.0,5.0,4641.100000023842,False
A3J55BJGV95JKH,ns,4,10-2,10.0,2000.0,5.0,3883.2999999523163,False
A3J55BJGV95JKH,ns,4,10-2,10.0,2000.0,5.0,3421.7999999523163,False
A3J55BJGV95JKH,ns,4,10-2,10.0,2000.0,5.0,4140.699999928474,False
A3J55BJGV95JKH,ns,4,10-2,10.0,2000.0,1.0,1130.6999999284744,False
A3J55BJGV95JKH,ns,4,10-2,10.0,2000.0,6.0,1035.7999999523163,False
A3J55BJGV95JKH,ns,4,10-2,10.0,2000.0,4.0,4284.999999880791,False
A3J55BJGV95JKH,ns,4,10-2,10.0,2000.0,4.0,1091.3999998569489,False
A3J55BJGV95JKH,ns,4,10-2,10.0,2000.0,3.0,1996.7000000476837,False
A3J55BJGV95JKH,ns,4,10-2,10.0,2000.0,3.0,1594.6000000238419,False
A3J55BJGV95JKH,ns,4,10-2,10.0,2000.0,5.0,4375.499999880791,False
A3J5HRXH4F64SP,ns,1,20-2,20.0,2000.0,3.0,0.0,True
A3J5HRXH4F64SP,ns,1,20-2,20.0,2000.0,2.0,480.0,False
A3J5HRXH4F64SP,ns,1,20-2,20.0,2000.0,19.0,2288.0,False
A3J5HRXH4F64SP,ns,1,20-2,20.0,2000.0,20.0,826.0,False
A3J5HRXH4F64SP,ns,1,20-2,20.0,2000.0,20.0,1189.0,False
A3J5HRXH4F64SP,ns,1,20-2,20.0,2000.0,20.0,928.0,False
A3J5HRXH4F64SP,ns,1,20-2,20.0,2000.0,8.0,11298.0,False
A3J5HRXH4F64SP,ns,1,20-2,20.0,2000.0,1.0,7150.0,False
A3J5HRXH4F64SP,ns,1,20-2,20.0,2000.0,18.0,2912.0,False
A3J5HRXH4F64SP,ns,1,20-2,20.0,2000.0,18.0,1112.0,False
A3J5HRXH4F64SP,ns,1,20-2,20.0,2000.0,8.0,6278.0,False
A3J5HRXH4F64SP,ns,2,20-2,20.0,2000.0,4.0,450.0,False
A3J5HRXH4F64SP,ns,2,20-2,20.0,2000.0,19.0,9712.0,False
A3J5HRXH4F64SP,ns,2,20-2,20.0,2000.0,15.0,6267.0,False
A3J5HRXH4F64SP,ns,2,20-2,20.0,2000.0,11.0,1001.0,False
A3J5HRXH4F64SP,ns,2,20-2,20.0,2000.0,20.0,9135.0,False
A3J5HRXH4F64SP,ns,2,20-2,20.0,2000.0,14.0,1194.0,False
A3J5HRXH4F64SP,ns,2,20-2,20.0,2000.0,15.0,0.0,True
A3J5HRXH4F64SP,ns,2,20-2,20.0,2000.0,9.0,2273.0,False
A3J5HRXH4F64SP,ns,2,20-2,20.0,2000.0,16.0,1663.0,False
A3J5HRXH4F64SP,ns,2,20-2,20.0,2000.0,7.0,10612.0,False
A3J5HRXH4F64SP,ns,2,20-2,20.0,2000.0,17.0,3610.0,False
A3J5HRXH4F64SP,ns,2,20-2,20.0,2000.0,15.0,6968.0,False
A3LXARU55PR281,ns,1,20-2,20.0,2000.0,1.0,289.0,False
A3LXARU55PR281,ns,1,20-2,20.0,2000.0,1.0,2909.0,False
A3LXARU55PR281,ns,1,20-2,20.0,2000.0,1.0,2416.0,False
A3LXARU55PR281,ns,1,20-2,20.0,2000.0,3.0,3880.0,False
A3LXARU55PR281,ns,1,20-2,20.0,2000.0,1.0,1962.0,False
A3LXARU55PR281,ns,1,20-2,20.0,2000.0,1.0,3300.0,False
A3LXARU55PR281,ns,1,20-2,20.0,2000.0,1.0,3020.0,False
A3LXARU55PR281,ns,1,20-2,20.0,2000.0,2.0,2696.0,False
A3LXARU55PR281,ns,1,20-2,20.0,2000.0,1.0,0.0,True
A3LXARU55PR281,ns,1,20-2,20.0,2000.0,1.0,1143.0,False
A3LXARU55PR281,ns,2,20-2,20.0,2000.0,1.0,1491.0,False
A3LXARU55PR281,ns,2,20-2,20.0,2000.0,1.0,0.0,True
A3LXARU55PR281,ns,2,20-2,20.0,2000.0,2.0,2654.0,False
A3LXARU55PR281,ns,2,20-2,20.0,2000.0,1.0,735.0,False
A3LXARU55PR281,ns,2,20-2,20.0,2000.0,1.0,410.0,False
A3LXARU55PR281,ns,2,20-2,20.0,2000.0,1.0,381.0,False
A3LXARU55PR281,ns,2,20-2,20.0,2000.0,1.0,1037.0,False
A3LXARU55PR281,ns,2,20-2,20.0,2000.0,1.0,60724.0,False
A3LXARU55PR281,ns,2,20-2,20.0,2000.0,1.0,2154.0,False
A3LXARU55PR281,ns,3,20-2,20.0,2000.0,2.0,6321.0,False
A3LXARU55PR281,ns,3,20-2,20.0,2000.0,19.0,2925.0,False
A3LXARU55PR281,ns,3,20-2,20.0,2000.0,20.0,4793.0,False
A3LXARU55PR281,ns,3,20-2,20.0,2000.0,3.0,9531.0,False
A3LXARU55PR281,ns,3,20-2,20.0,2000.0,17.0,0.0,True
A3LXARU55PR281,ns,3,20-2,20.0,2000.0,20.0,3647.0,False
A3LXARU55PR281,ns,3,20-2,20.0,2000.0,20.0,2634.0,False
A3LXARU55PR281,ns,3,20-2,20.0,2000.0,20.0,2991.0,False
A3LXARU55PR281,ns,3,20-2,20.0,2000.0,20.0,1017.0,False
A3LXARU55PR281,ns,3,20-2,20.0,2000.0,20.0,2199.0,False
A3LXARU55PR281,ns,4,20-2,20.0,2000.0,20.0,1064.0,False
A3LXARU55PR281,ns,4,20-2,20.0,2000.0,18.0,394.0,False
A3LXARU55PR281,ns,4,20-2,20.0,2000.0,13.0,21306.0,False
A3LXARU55PR281,ns,4,20-2,20.0,2000.0,13.0,2057.0,False
A3LXARU55PR281,ns,4,20-2,20.0,2000.0,11.0,1241.0,False
A3LXARU55PR281,ns,4,20-2,20.0,2000.0,14.0,1560.0,False
A3LXARU55PR281,ns,4,20-2,20.0,2000.0,17.0,0.0,True
A3MOL1L9V4BUGH,ns,1,10-2,10.0,2000.0,3.0,41.700000047683716,False
A3MOL1L9V4BUGH,ns,1,10-2,10.0,2000.0,10.0,1198.6000000238419,False
A3MOL1L9V4BUGH,ns,1,10-2,10.0,2000.0,9.0,759.1000000238419,False
A3MOL1L9V4BUGH,ns,1,10-2,10.0,2000.0,10.0,1777.3999999761581,False
A3MOL1L9V4BUGH,ns,1,10-2,10.0,2000.0,7.0,5106.200000047684,False
A3MOL1L9V4BUGH,ns,1,10-2,10.0,2000.0,10.0,0.0,True
A3MOL1L9V4BUGH,ns,1,10-2,10.0,2000.0,9.0,726.1000000238419,False
A3MOL1L9V4BUGH,ns,1,10-2,10.0,2000.0,10.0,128.60000002384186,False
A3MOL1L9V4BUGH,ns,2,10-2,10.0,2000.0,3.0,0.0,True
A3MOL1L9V4BUGH,ns,2,10-2,10.0,2000.0,1.0,32123.199999809265,False
A3MOL1L9V4BUGH,ns,2,10-2,10.0,2000.0,1.0,7302.200000047684,False
A3MOL1L9V4BUGH,ns,2,10-2,10.0,2000.0,1.0,8762.200000047684,False
A3MOL1L9V4BUGH,ns,2,10-2,10.0,2000.0,1.0,6248.599999904633,False
A3MOL1L9V4BUGH,ns,2,10-2,10.0,2000.0,1.0,4426.099999904633,False
A3MOL1L9V4BUGH,ns,3,10-2,10.0,2000.0,1.0,0.0,True
A3MOL1L9V4BUGH,ns,3,10-2,10.0,2000.0,10.0,236.69999980926514,False
A3MOL1L9V4BUGH,ns,3,10-2,10.0,2000.0,9.0,4779.699999809265,False
A3MOL1L9V4BUGH,ns,3,10-2,10.0,2000.0,5.0,4575.199999809265,False
A3MOL1L9V4BUGH,ns,3,10-2,10.0,2000.0,10.0,3514.099999666214,False
A3MOL1L9V4BUGH,ns,3,10-2,10.0,2000.0,1.0,2021.3999996185303,False
A3MOL1L9V4BUGH,ns,3,10-2,10.0,2000.0,9.0,1537.9999997615814,False
A3MOL1L9V4BUGH,ns,3,10-2,10.0,2000.0,10.0,3766.699999809265,False
A3MOL1L9V4BUGH,ns,3,10-2,10.0,2000.0,1.0,2042.7999999523163,False
A3MOL1L9V4BUGH,ns,3,10-2,10.0,2000.0,3.0,18166.599999666214,False
A3MOL1L9V4BUGH,ns,4,10-2,10.0,2000.0,9.0,0.0,True
A3MOL1L9V4BUGH,ns,4,10-2,10.0,2000.0,7.0,8328.20000000298,False
A3MOL1L9V4BUGH,ns,4,10-2,10.0,2000.0,9.0,4701.0,False
A3MOL1L9V4BUGH,ns,4,10-2,10.0,2000.0,8.0,9464.70000000298,False
A3MOL1L9V4BUGH,ns,4,10-2,10.0,2000.0,9.0,5408.9000000059605,False
A3MOL1L9V4BUGH,ns,4,10-2,10.0,2000.0,10.0,9657.80000000447,False
A3MOL1L9V4BUGH,ns,4,10-2,10.0,2000.0,9.0,6541.500000007451,False
A3MOL1L9V4BUGH,ns,4,10-2,10.0,2000.0,8.0,4232.9000000059605,False
A3MOL1L9V4BUGH,ns,4,10-2,10.0,2000.0,7.0,7981.39999999851,False
A3MOL1L9V4BUGH,ns,4,10-2,10.0,2000.0,9.0,4517.9000000059605,False
A3MOL1L9V4BUGH,ns,4,10-2,10.0,2000.0,9.0,3923.30000000447,False
A3MOL1L9V4BUGH,ns,4,10-2,10.0,2000.0,10.0,3503.40000000596,False
A3NAONPCTVT6P1,ns,1,10-2,10.0,2000.0,1.0,6042.799999952316,False
A3NAONPCTVT6P1,ns,1,10-2,10.0,2000.0,7.0,9545.80000007153,False
A3NAONPCTVT6P1,ns,1,10-2,10.0,2000.0,1.0,45413.39999997616,False
A3NAONPCTVT6P1,ns,1,10-2,10.0,2000.0,8.0,5224.700000047684,False
A3NAONPCTVT6P1,ns,1,10-2,10.0,2000.0,1.0,10030.0,False
A3NAONPCTVT6P1,ns,1,10-2,10.0,2000.0,1.0,479.7999999523163,False
A3NAONPCTVT6P1,ns,1,10-2,10.0,2000.0,1.0,6221.399999976158,False
A3NAONPCTVT6P1,ns,1,10-2,10.0,2000.0,2.0,4364.099999904633,False
A3NAONPCTVT6P1,ns,1,10-2,10.0,2000.0,10.0,0.0,True
A3NAONPCTVT6P1,ns,1,10-2,10.0,2000.0,10.0,37036.69999992848,False
A3NAONPCTVT6P1,ns,2,10-2,10.0,2000.0,2.0,1243.9000000059605,False
A3NAONPCTVT6P1,ns,2,10-2,10.0,2000.0,2.0,7654.600000023842,False
A3NAONPCTVT6P1,ns,2,10-2,10.0,2000.0,1.0,11301.59999999404,False
A3NAONPCTVT6P1,ns,2,10-2,10.0,2000.0,8.0,125.40000000596046,False
A3NAONPCTVT6P1,ns,2,10-2,10.0,2000.0,9.0,0.0,True
A3NAONPCTVT6P1,ns,2,10-2,10.0,2000.0,10.0,16188.699999988079,False
A3NAONPCTVT6P1,ns,2,10-2,10.0,2000.0,10.0,4061.699999988081,False
A3NAONPCTVT6P1,ns,2,10-2,10.0,2000.0,10.0,3072.300000011921,False
A3NAONPCTVT6P1,ns,2,10-2,10.0,2000.0,5.0,4363.5,False
A3NAONPCTVT6P1,ns,2,10-2,10.0,2000.0,8.0,4318.300000011921,False
A3NAONPCTVT6P1,ns,3,10-2,10.0,2000.0,9.0,5563.899999976158,False
A3NAONPCTVT6P1,ns,3,10-2,10.0,2000.0,9.0,40876.79999995232,False
A3NAONPCTVT6P1,ns,3,10-2,10.0,2000.0,9.0,4000.100000023842,False
A3NAONPCTVT6P1,ns,3,10-2,10.0,2000.0,10.0,0.0,True
A3NAONPCTVT6P1,ns,3,10-2,10.0,2000.0,10.0,17264.69999998808,False
A3NAONPCTVT6P1,ns,3,10-2,10.0,2000.0,6.0,25123.5,False
A3NAONPCTVT6P1,ns,3,10-2,10.0,2000.0,9.0,12139.700000047684,False
A3NAONPCTVT6P1,ns,3,10-2,10.0,2000.0,10.0,5075.899999976158,False
A3NAONPCTVT6P1,ns,3,10-2,10.0,2000.0,9.0,6504.5,False
A3NAONPCTVT6P1,ns,4,10-2,10.0,2000.0,9.0,0.0,True
A3NAONPCTVT6P1,ns,4,10-2,10.0,2000.0,10.0,9873.200000166893,False
A3NAONPCTVT6P1,ns,4,10-2,10.0,2000.0,10.0,27394.800000071526,False
A3NAONPCTVT6P1,ns,4,10-2,10.0,2000.0,10.0,22674.300000071526,False
A3NAONPCTVT6P1,ns,4,10-2,10.0,2000.0,10.0,8752.600000143051,False
A3NAONPCTVT6P1,ns,4,10-2,10.0,2000.0,2.0,2408.700000166893,False
A3NAONPCTVT6P1,ns,4,10-2,10.0,2000.0,10.0,1354.0,False
A3NAONPCTVT6P1,ns,4,10-2,10.0,2000.0,8.0,13712.800000071526,False
A3NAONPCTVT6P1,ns,4,10-2,10.0,2000.0,1.0,8943.700000047684,False
A3NAONPCTVT6P1,ns,4,10-2,10.0,2000.0,10.0,4617.300000071526,False
A3P52W1SBJUT5N,ns,1,15-2,15.0,2000.0,15.0,0.0,True
A3P52W1SBJUT5N,ns,1,15-2,15.0,2000.0,15.0,3393.0,False
A3P52W1SBJUT5N,ns,1,15-2,15.0,2000.0,1.0,3120.0,False
A3P52W1SBJUT5N,ns,1,15-2,15.0,2000.0,3.0,14734.0,False
A3P52W1SBJUT5N,ns,1,15-2,15.0,2000.0,3.0,9957.0,False
A3P52W1SBJUT5N,ns,1,15-2,15.0,2000.0,7.0,8350.0,False
A3P52W1SBJUT5N,ns,1,15-2,15.0,2000.0,14.0,627.0,False
A3P52W1SBJUT5N,ns,1,15-2,15.0,2000.0,13.0,3914.0,False
A3P52W1SBJUT5N,ns,1,15-2,15.0,2000.0,15.0,1320.0,False
A3P52W1SBJUT5N,ns,1,15-2,15.0,2000.0,1.0,6935.0,False
A3P52W1SBJUT5N,ns,1,15-2,15.0,2000.0,15.0,6705.0,False
A3P52W1SBJUT5N,ns,1,15-2,15.0,2000.0,1.0,6927.0,False
A3P52W1SBJUT5N,ns,2,15-2,15.0,2000.0,4.0,0.0,True
A3P52W1SBJUT5N,ns,2,15-2,15.0,2000.0,14.0,286.0,False
A3P52W1SBJUT5N,ns,2,15-2,15.0,2000.0,13.0,13284.0,False
A3P52W1SBJUT5N,ns,2,15-2,15.0,2000.0,15.0,12528.0,False
A3P52W1SBJUT5N,ns,2,15-2,15.0,2000.0,15.0,1076.0,False
A3P52W1SBJUT5N,ns,2,15-2,15.0,2000.0,12.0,933.0,False
A3P52W1SBJUT5N,ns,2,15-2,15.0,2000.0,14.0,9970.0,False
A3P52W1SBJUT5N,ns,2,15-2,15.0,2000.0,6.0,4094.0,False
A3P52W1SBJUT5N,ns,2,15-2,15.0,2000.0,14.0,1598.0,False
A3P52W1SBJUT5N,ns,3,15-2,15.0,2000.0,15.0,1159.0,False
A3P52W1SBJUT5N,ns,3,15-2,15.0,2000.0,3.0,14167.0,False
A3P52W1SBJUT5N,ns,3,15-2,15.0,2000.0,1.0,2869.0,False
A3P52W1SBJUT5N,ns,3,15-2,15.0,2000.0,3.0,7498.0,False
A3P52W1SBJUT5N,ns,3,15-2,15.0,2000.0,1.0,0.0,True
A3P52W1SBJUT5N,ns,3,15-2,15.0,2000.0,10.0,1317.0,False
A3P52W1SBJUT5N,ns,3,15-2,15.0,2000.0,14.0,524.0,False
A3P52W1SBJUT5N,ns,3,15-2,15.0,2000.0,1.0,4707.0,False
A3P52W1SBJUT5N,ns,4,15-2,15.0,2000.0,14.0,171.0,False
A3P52W1SBJUT5N,ns,4,15-2,15.0,2000.0,1.0,4101.0,False
A3P52W1SBJUT5N,ns,4,15-2,15.0,2000.0,1.0,1549.0,False
A3P52W1SBJUT5N,ns,4,15-2,15.0,2000.0,3.0,1684.0,False
A3P52W1SBJUT5N,ns,4,15-2,15.0,2000.0,1.0,1891.0,False
A3P52W1SBJUT5N,ns,4,15-2,15.0,2000.0,3.0,8744.0,False
A3P52W1SBJUT5N,ns,4,15-2,15.0,2000.0,9.0,17290.0,False
A3P52W1SBJUT5N,ns,4,15-2,15.0,2000.0,14.0,0.0,True
A3P52W1SBJUT5N,ns,4,15-2,15.0,2000.0,13.0,3105.0,False
A3PEV3KN6F7JRG,ns,1,20-1,20.0,1000.0,7.0,8230.700000286104,False
A3PEV3KN6F7JRG,ns,1,20-1,20.0,1000.0,1.0,11813.600000143051,False
A3PEV3KN6F7JRG,ns,1,20-1,20.0,1000.0,2.0,30352.799999952316,False
A3PEV3KN6F7JRG,ns,1,20-1,20.0,1000.0,16.0,0.0,True
A3PEV3KN6F7JRG,ns,1,20-1,20.0,1000.0,13.0,10579.100000143051,False
A3PEV3KN6F7JRG,ns,1,20-1,20.0,1000.0,19.0,1039.5000002384186,False
A3PEV3KN6F7JRG,ns,1,20-1,20.0,1000.0,17.0,1228.7999999523163,False
A3PEV3KN6F7JRG,ns,1,20-1,20.0,1000.0,17.0,5277.400000095367,False
A3PEV3KN6F7JRG,ns,1,20-1,20.0,1000.0,20.0,2059.300000190735,False
A3PEV3KN6F7JRG,ns,2,20-1,20.0,1000.0,5.0,16698.300000000745,False
A3PEV3KN6F7JRG,ns,2,20-1,20.0,1000.0,7.0,37810.59999999963,False
A3PEV3KN6F7JRG,ns,2,20-1,20.0,1000.0,5.0,8970.699999999255,False
A3PEV3KN6F7JRG,ns,2,20-1,20.0,1000.0,1.0,17715.0,False
A3PEV3KN6F7JRG,ns,2,20-1,20.0,1000.0,18.0,0.0,True
A3PEV3KN6F7JRG,ns,2,20-1,20.0,1000.0,1.0,6679.699999999257,False
A3PEV3KN6F7JRG,ns,2,20-1,20.0,1000.0,2.0,13613.199999999251,False
A3PEV3KN6F7JRG,ns,2,20-1,20.0,1000.0,1.0,8810.800000000745,False
A3PEV3KN6F7JRG,ns,2,20-1,20.0,1000.0,2.0,10870.799999998879,False
A3PEV3KN6F7JRG,ns,2,20-1,20.0,1000.0,1.0,11905.0,False
A3PEV3KN6F7JRG,ns,2,20-1,20.0,1000.0,1.0,16642.10000000149,False
A3PJY7THMUIR4M,ns,1,10-2,10.0,2000.0,1.0,1355.0,False
A3PJY7THMUIR4M,ns,1,10-2,10.0,2000.0,1.0,3159.0,False
A3PJY7THMUIR4M,ns,1,10-2,10.0,2000.0,1.0,2821.0,False
A3PJY7THMUIR4M,ns,1,10-2,10.0,2000.0,1.0,1118.0,False
A3PJY7THMUIR4M,ns,1,10-2,10.0,2000.0,1.0,1719.0,False
A3PJY7THMUIR4M,ns,1,10-2,10.0,2000.0,1.0,1260.0,False
A3PJY7THMUIR4M,ns,1,10-2,10.0,2000.0,4.0,634.0,False
A3PJY7THMUIR4M,ns,1,10-2,10.0,2000.0,8.0,0.0,True
A3PJY7THMUIR4M,ns,1,10-2,10.0,2000.0,9.0,1307.0,False
A3PJY7THMUIR4M,ns,2,10-2,10.0,2000.0,10.0,6889.0,False
A3PJY7THMUIR4M,ns,2,10-2,10.0,2000.0,10.0,4462.0,False
A3PJY7THMUIR4M,ns,2,10-2,10.0,2000.0,2.0,8996.0,False
A3PJY7THMUIR4M,ns,2,10-2,10.0,2000.0,10.0,5911.0,False
A3PJY7THMUIR4M,ns,2,10-2,10.0,2000.0,9.0,4356.0,False
A3PJY7THMUIR4M,ns,2,10-2,10.0,2000.0,10.0,2632.0,False
A3PJY7THMUIR4M,ns,2,10-2,10.0,2000.0,10.0,2623.0,False
A3PJY7THMUIR4M,ns,2,10-2,10.0,2000.0,2.0,4111.0,False
A3PJY7THMUIR4M,ns,2,10-2,10.0,2000.0,10.0,6402.0,False
A3PJY7THMUIR4M,ns,2,10-2,10.0,2000.0,8.0,8044.0,False
A3PJY7THMUIR4M,ns,2,10-2,10.0,2000.0,1.0,0.0,True
A3PJY7THMUIR4M,ns,3,10-2,10.0,2000.0,10.0,168.0,False
A3PJY7THMUIR4M,ns,3,10-2,10.0,2000.0,10.0,3961.0,False
A3PJY7THMUIR4M,ns,3,10-2,10.0,2000.0,6.0,349.0,False
A3PJY7THMUIR4M,ns,3,10-2,10.0,2000.0,10.0,1787.0,False
A3PJY7THMUIR4M,ns,3,10-2,10.0,2000.0,9.0,3255.0,False
A3PJY7THMUIR4M,ns,3,10-2,10.0,2000.0,10.0,416.0,False
A3PJY7THMUIR4M,ns,3,10-2,10.0,2000.0,10.0,595.0,False
A3PJY7THMUIR4M,ns,3,10-2,10.0,2000.0,10.0,0.0,True
A3PJY7THMUIR4M,ns,3,10-2,10.0,2000.0,2.0,33717.0,False
A3PJY7THMUIR4M,ns,3,10-2,10.0,2000.0,7.0,8768.0,False
A3PJY7THMUIR4M,ns,3,10-2,10.0,2000.0,9.0,1326.0,False
A3RVHUY67SVXQV,ns,1,30-1,30.0,1000.0,1.0,0.0,True
A3RVHUY67SVXQV,ns,1,30-1,30.0,1000.0,1.0,5755.0,False
A3RVHUY67SVXQV,ns,1,30-1,30.0,1000.0,1.0,4001.0,False
A3RVHUY67SVXQV,ns,1,30-1,30.0,1000.0,1.0,7425.0,False
A3RVHUY67SVXQV,ns,1,30-1,30.0,1000.0,1.0,3770.0,False
A3RVHUY67SVXQV,ns,1,30-1,30.0,1000.0,2.0,3454.0,False
A3RVHUY67SVXQV,ns,1,30-1,30.0,1000.0,1.0,766.0,False
A3RVHUY67SVXQV,ns,1,30-1,30.0,1000.0,1.0,1477.0,False
A3RVHUY67SVXQV,ns,1,30-1,30.0,1000.0,1.0,2577.0,False
A3RVHUY67SVXQV,ns,1,30-1,30.0,1000.0,1.0,6027.0,False
A3RVHUY67SVXQV,ns,1,30-1,30.0,1000.0,1.0,2881.0,False
A3RVHUY67SVXQV,ns,2,30-1,30.0,1000.0,1.0,0.0,True
A3RVHUY67SVXQV,ns,2,30-1,30.0,1000.0,1.0,6692.900000035761,False
A3RVHUY67SVXQV,ns,2,30-1,30.0,1000.0,30.0,1142.699999988079,False
A3RVHUY67SVXQV,ns,2,30-1,30.0,1000.0,1.0,11071.800000011923,False
A3RVHUY67SVXQV,ns,2,30-1,30.0,1000.0,1.0,3217.5,False
A3RVHUY67SVXQV,ns,2,30-1,30.0,1000.0,27.0,6749.0000000596065,False
A3RVHUY67SVXQV,ns,2,30-1,30.0,1000.0,1.0,4020.300000011921,False
A3RVHUY67SVXQV,ns,2,30-1,30.0,1000.0,23.0,4007.5,False
A3RVHUY67SVXQV,ns,2,30-1,30.0,1000.0,1.0,5942.700000047684,False
A3RVHUY67SVXQV,ns,2,30-1,30.0,1000.0,1.0,2551.5000000596046,False
A3RVHUY67SVXQV,ns,2,30-1,30.0,1000.0,1.0,10783.199999988077,False
A3RVHUY67SVXQV,ns,2,30-1,30.0,1000.0,1.0,8749.0,False
A3RVHUY67SVXQV,ns,3,30-1,30.0,1000.0,1.0,0.0,True
A3RVHUY67SVXQV,ns,3,30-1,30.0,1000.0,1.0,8858.200000047684,False
A3RVHUY67SVXQV,ns,3,30-1,30.0,1000.0,2.0,4764.599999904633,False
A3RVHUY67SVXQV,ns,3,30-1,30.0,1000.0,3.0,4846.299999952316,False
A3RVHUY67SVXQV,ns,3,30-1,30.0,1000.0,30.0,5023.899999856949,False
A3RVHUY67SVXQV,ns,3,30-1,30.0,1000.0,27.0,8310.699999928474,False
A3RVHUY67SVXQV,ns,3,30-1,30.0,1000.0,1.0,3588.599999904632,False
A3RVHUY67SVXQV,ns,3,30-1,30.0,1000.0,1.0,1978.4999999999995,False
A3RVHUY67SVXQV,ns,3,30-1,30.0,1000.0,1.0,2299.3999998569484,False
A3RVHUY67SVXQV,ns,3,30-1,30.0,1000.0,30.0,4911.099999904633,False
A3RVHUY67SVXQV,ns,3,30-1,30.0,1000.0,29.0,1139.199999928474,False
A3RVHUY67SVXQV,ns,3,30-1,30.0,1000.0,26.0,5765.899999976158,False
A3RVHUY67SVXQV,ns,4,30-1,30.0,1000.0,1.0,0.0,True
A3RVHUY67SVXQV,ns,4,30-1,30.0,1000.0,30.0,2631.000000238418,False
A3RVHUY67SVXQV,ns,4,30-1,30.0,1000.0,1.0,1863.2000000476833,False
A3RVHUY67SVXQV,ns,4,30-1,30.0,1000.0,30.0,3255.7000000476833,False
A3RVHUY67SVXQV,ns,4,30-1,30.0,1000.0,1.0,2568.500000238418,False
A3RVHUY67SVXQV,ns,4,30-1,30.0,1000.0,28.0,3000.400000095367,False
A3RVHUY67SVXQV,ns,4,30-1,30.0,1000.0,29.0,1689.900000095367,False
A3RVHUY67SVXQV,ns,4,30-1,30.0,1000.0,28.0,1027.7999999523158,False
A3RVHUY67SVXQV,ns,4,30-1,30.0,1000.0,30.0,1610.1000001430507,False
A3RVHUY67SVXQV,ns,4,30-1,30.0,1000.0,29.0,900.0,False
A3RVHUY67SVXQV,ns,4,30-1,30.0,1000.0,30.0,4098.300000190735,False
A3RVHUY67SVXQV,ns,4,30-1,30.0,1000.0,29.0,1466.7000002861018,False
A3TNSJSXI464IT,ns,1,40-1,40.0,1000.0,40.0,0.0,True
A3TNSJSXI464IT,ns,1,40-1,40.0,1000.0,25.0,5794.300000011919,False
A3TNSJSXI464IT,ns,1,40-1,40.0,1000.0,1.0,1632.0,False
A3TNSJSXI464IT,ns,1,40-1,40.0,1000.0,36.0,8830.900000035765,False
A3TNSJSXI464IT,ns,1,40-1,40.0,1000.0,38.0,1138.2999999523163,False
A3TNSJSXI464IT,ns,1,40-1,40.0,1000.0,39.0,4519.5,False
A3TNSJSXI464IT,ns,1,40-1,40.0,1000.0,39.0,8859.0,False
A3TNSJSXI464IT,ns,1,40-1,40.0,1000.0,39.0,1127.5,False
A3TNSJSXI464IT,ns,1,40-1,40.0,1000.0,37.0,4875.700000047684,False
A3TNSJSXI464IT,ns,2,40-1,40.0,1000.0,1.0,2029.0000000596046,False
A3TNSJSXI464IT,ns,2,40-1,40.0,1000.0,39.0,1912.3999999761581,False
A3TNSJSXI464IT,ns,2,40-1,40.0,1000.0,39.0,1464.800000011921,False
A3TNSJSXI464IT,ns,2,40-1,40.0,1000.0,36.0,4094.000000000002,False
A3TNSJSXI464IT,ns,2,40-1,40.0,1000.0,38.0,0.0,True
A3TNSJSXI464IT,ns,2,40-1,40.0,1000.0,3.0,1151.0,False
A3TNSJSXI464IT,ns,2,40-1,40.0,1000.0,36.0,2474.699999988079,False
A3TNSJSXI464IT,ns,2,40-1,40.0,1000.0,40.0,4723.899999976156,False
A3TNSJSXI464IT,ns,2,40-1,40.0,1000.0,31.0,5657.7000000476855,False
A3TNSJSXI464IT,ns,3,40-1,40.0,1000.0,39.0,1459.5,False
A3TNSJSXI464IT,ns,3,40-1,40.0,1000.0,3.0,1692.9000000953674,False
A3TNSJSXI464IT,ns,3,40-1,40.0,1000.0,36.0,2521.5,False
A3TNSJSXI464IT,ns,3,40-1,40.0,1000.0,1.0,4572.100000023842,False
A3TNSJSXI464IT,ns,3,40-1,40.0,1000.0,40.0,1850.8999999761581,False
A3TNSJSXI464IT,ns,3,40-1,40.0,1000.0,40.0,232.60000002384186,False
A3TNSJSXI464IT,ns,3,40-1,40.0,1000.0,36.0,1039.8999999761581,False
A3TNSJSXI464IT,ns,3,40-1,40.0,1000.0,39.0,770.7999999523163,False
A3TNSJSXI464IT,ns,3,40-1,40.0,1000.0,37.0,0.0,True
A3TNSJSXI464IT,ns,3,40-1,40.0,1000.0,15.0,2111.2000000476837,False
A3TNSJSXI464IT,ns,4,40-1,40.0,1000.0,39.0,0.0,True
A3TNSJSXI464IT,ns,4,40-1,40.0,1000.0,39.0,7648.100000001489,False
A3TNSJSXI464IT,ns,4,40-1,40.0,1000.0,40.0,2178.199999999254,False
A3TNSJSXI464IT,ns,4,40-1,40.0,1000.0,36.0,3300.499999999999,False
A3TNSJSXI464IT,ns,4,40-1,40.0,1000.0,40.0,1796.0,False
A3TNSJSXI464IT,ns,4,40-1,40.0,1000.0,36.0,1908.7999999988815,False
A3TNSJSXI464IT,ns,4,40-1,40.0,1000.0,40.0,11886.599999999627,False
A3TNSJSXI464IT,ns,4,40-1,40.0,1000.0,40.0,8037.999999999999,False
A3TNSJSXI464IT,ns,4,40-1,40.0,1000.0,38.0,6193.2999999988815,False
A3TNSJSXI464IT,ns,4,40-1,40.0,1000.0,23.0,8628.099999999627,False
A3UCN8EJI08X2P,ns,1,30-1,30.0,1000.0,28.0,3538.0,False
A3UCN8EJI08X2P,ns,1,30-1,30.0,1000.0,24.0,4228.0,False
A3UCN8EJI08X2P,ns,1,30-1,30.0,1000.0,1.0,45314.0,False
A3UCN8EJI08X2P,ns,1,30-1,30.0,1000.0,1.0,2411.0,False
A3UCN8EJI08X2P,ns,1,30-1,30.0,1000.0,22.0,2282.0,False
A3UCN8EJI08X2P,ns,1,30-1,30.0,1000.0,13.0,2453.0,False
A3UCN8EJI08X2P,ns,1,30-1,30.0,1000.0,1.0,2326.0,False
A3UCN8EJI08X2P,ns,1,30-1,30.0,1000.0,30.0,2751.0,False
A3UCN8EJI08X2P,ns,1,30-1,30.0,1000.0,24.0,3100.0,False
A3UCN8EJI08X2P,ns,1,30-1,30.0,1000.0,17.0,31557.0,False
A3UCN8EJI08X2P,ns,1,30-1,30.0,1000.0,30.0,0.0,True
A3UCN8EJI08X2P,ns,1,30-1,30.0,1000.0,29.0,1429.0,False
A3UCN8EJI08X2P,ns,2,30-1,30.0,1000.0,1.0,0.0,True
A3UCN8EJI08X2P,ns,2,30-1,30.0,1000.0,1.0,2313.0,False
A3UCN8EJI08X2P,ns,2,30-1,30.0,1000.0,28.0,4492.0,False
A3UCN8EJI08X2P,ns,2,30-1,30.0,1000.0,24.0,6748.0,False
A3UCN8EJI08X2P,ns,2,30-1,30.0,1000.0,1.0,1292.0,False
A3UCN8EJI08X2P,ns,2,30-1,30.0,1000.0,30.0,4005.0,False
A3UCN8EJI08X2P,ns,2,30-1,30.0,1000.0,26.0,2016.0,False
A3UCN8EJI08X2P,ns,2,30-1,30.0,1000.0,24.0,902.0,False
A3UCN8EJI08X2P,ns,2,30-1,30.0,1000.0,29.0,5192.0,False
A3UCN8EJI08X2P,ns,2,30-1,30.0,1000.0,21.0,4040.0,False
A3UCN8EJI08X2P,ns,2,30-1,30.0,1000.0,30.0,6819.0,False
A3UCN8EJI08X2P,ns,2,30-1,30.0,1000.0,29.0,21347.0,False
A3UCN8EJI08X2P,ns,3,30-1,30.0,1000.0,7.0,0.0,True
A3UCN8EJI08X2P,ns,3,30-1,30.0,1000.0,25.0,8774.0,False
A3UCN8EJI08X2P,ns,3,30-1,30.0,1000.0,25.0,7760.0,False
A3UCN8EJI08X2P,ns,3,30-1,30.0,1000.0,1.0,7344.0,False
A3UCN8EJI08X2P,ns,3,30-1,30.0,1000.0,27.0,4804.0,False
A3UCN8EJI08X2P,ns,3,30-1,30.0,1000.0,24.0,4485.0,False
A3UCN8EJI08X2P,ns,3,30-1,30.0,1000.0,27.0,5044.0,False
A3UCN8EJI08X2P,ns,3,30-1,30.0,1000.0,24.0,2587.0,False
A3UCN8EJI08X2P,ns,3,30-1,30.0,1000.0,1.0,7719.0,False
A3UCN8EJI08X2P,ns,4,30-1,30.0,1000.0,14.0,7404.0,False
A3UCN8EJI08X2P,ns,4,30-1,30.0,1000.0,16.0,2242.0,False
A3UCN8EJI08X2P,ns,4,30-1,30.0,1000.0,21.0,0.0,True
A3UCN8EJI08X2P,ns,4,30-1,30.0,1000.0,4.0,4238.0,False
A3UCN8EJI08X2P,ns,4,30-1,30.0,1000.0,1.0,1883.0,False
A3UCN8EJI08X2P,ns,4,30-1,30.0,1000.0,19.0,4665.0,False
A3UCN8EJI08X2P,ns,4,30-1,30.0,1000.0,23.0,1889.0,False
A3UCN8EJI08X2P,ns,4,30-1,30.0,1000.0,18.0,2826.0,False
A3UCN8EJI08X2P,ns,4,30-1,30.0,1000.0,1.0,14363.0,False
A3UCN8EJI08X2P,ns,4,30-1,30.0,1000.0,2.0,1250.0,False
A3UE8ANAIM7F15,ns,1,15-2,15.0,2000.0,14.0,0.0,True
A3UE8ANAIM7F15,ns,1,15-2,15.0,2000.0,15.0,5324.600000143051,False
A3UE8ANAIM7F15,ns,1,15-2,15.0,2000.0,4.0,9382.900000095367,False
A3UE8ANAIM7F15,ns,1,15-2,15.0,2000.0,6.0,9280.800000190735,False
A3UE8ANAIM7F15,ns,1,15-2,15.0,2000.0,11.0,4073.9000000953674,False
A3UE8ANAIM7F15,ns,1,15-2,15.0,2000.0,2.0,6095.700000047684,False
A3UE8ANAIM7F15,ns,1,15-2,15.0,2000.0,1.0,4478.200000047684,False
A3UE8ANAIM7F15,ns,1,15-2,15.0,2000.0,4.0,4429.899999856947,False
A3UE8ANAIM7F15,ns,1,15-2,15.0,2000.0,15.0,1746.2000000476837,False
A3UE8ANAIM7F15,ns,2,15-2,15.0,2000.0,1.0,0.0,True
A3UE8ANAIM7F15,ns,2,15-2,15.0,2000.0,1.0,5414.099999904633,False
A3UE8ANAIM7F15,ns,2,15-2,15.0,2000.0,3.0,5053.399999856949,False
A3UE8ANAIM7F15,ns,2,15-2,15.0,2000.0,14.0,11064.999999761581,False
A3UE8ANAIM7F15,ns,2,15-2,15.0,2000.0,2.0,6324.599999904633,False
A3UE8ANAIM7F15,ns,2,15-2,15.0,2000.0,1.0,4490.699999809265,False
A3UE8ANAIM7F15,ns,2,15-2,15.0,2000.0,1.0,14813.0,False
A3UE8ANAIM7F15,ns,2,15-2,15.0,2000.0,7.0,4876.399999856949,False
A3UE8ANAIM7F15,ns,2,15-2,15.0,2000.0,1.0,6492.899999856949,False
A3UE8ANAIM7F15,ns,3,15-2,15.0,2000.0,2.0,0.0,True
A3UE8ANAIM7F15,ns,3,15-2,15.0,2000.0,15.0,4447.200000047684,False
A3UE8ANAIM7F15,ns,3,15-2,15.0,2000.0,2.0,1385.7999999523163,False
A3UE8ANAIM7F15,ns,3,15-2,15.0,2000.0,1.0,9963.0,False
A3UE8ANAIM7F15,ns,3,15-2,15.0,2000.0,2.0,3728.0,False
A3UE8ANAIM7F15,ns,3,15-2,15.0,2000.0,14.0,9067.899999856947,False
A3UE8ANAIM7F15,ns,3,15-2,15.0,2000.0,1.0,5816.799999952316,False
A3UE8ANAIM7F15,ns,3,15-2,15.0,2000.0,12.0,4953.400000095367,False
A3UE8ANAIM7F15,ns,4,15-2,15.0,2000.0,2.0,0.0,True
A3UE8ANAIM7F15,ns,4,15-2,15.0,2000.0,5.0,4791.299999952316,False
A3UE8ANAIM7F15,ns,4,15-2,15.0,2000.0,15.0,563.6999998092651,False
A3UE8ANAIM7F15,ns,4,15-2,15.0,2000.0,1.0,11558.499999761585,False
A3UE8ANAIM7F15,ns,4,15-2,15.0,2000.0,2.0,5187.299999713898,False
A3UE8ANAIM7F15,ns,4,15-2,15.0,2000.0,1.0,5935.799999713898,False
A3UE8ANAIM7F15,ns,4,15-2,15.0,2000.0,8.0,2366.899999856949,False
A3UE8ANAIM7F15,ns,4,15-2,15.0,2000.0,1.0,3157.500000000002,False
A3UE8ANAIM7F15,ns,4,15-2,15.0,2000.0,4.0,4421.799999713898,False
A3VW5PI9ZX9DOD,ns,1,20-2,20.0,2000.0,19.0,7438.300000190735,False
A3VW5PI9ZX9DOD,ns,1,20-2,20.0,2000.0,19.0,23663.900000572205,False
A3VW5PI9ZX9DOD,ns,1,20-2,20.0,2000.0,20.0,2357.6000003814697,False
A3VW5PI9ZX9DOD,ns,1,20-2,20.0,2000.0,19.0,3497.300000190735,False
A3VW5PI9ZX9DOD,ns,1,20-2,20.0,2000.0,8.0,13593.0,False
A3VW5PI9ZX9DOD,ns,1,20-2,20.0,2000.0,3.0,7247.700000286102,False
A3VW5PI9ZX9DOD,ns,1,20-2,20.0,2000.0,20.0,3300.000000476839,False
A3VW5PI9ZX9DOD,ns,1,20-2,20.0,2000.0,15.0,1752.0,False
A3VW5PI9ZX9DOD,ns,1,20-2,20.0,2000.0,18.0,0.0,True
A3VW5PI9ZX9DOD,ns,1,20-2,20.0,2000.0,18.0,6337.200000286102,False
A3VW5PI9ZX9DOD,ns,2,20-2,20.0,2000.0,20.0,0.0,True
A3VW5PI9ZX9DOD,ns,3,20-2,20.0,2000.0,1.0,5101.099999904633,False
A3VW5PI9ZX9DOD,ns,3,20-2,20.0,2000.0,1.0,32717.800000190735,False
A3VW5PI9ZX9DOD,ns,3,20-2,20.0,2000.0,2.0,6026.799999713898,False
A3VW5PI9ZX9DOD,ns,3,20-2,20.0,2000.0,1.0,0.0,True
A4HWADFPGP45G,ns,1,20-2,20.0,2000.0,1.0,0.0,True
A4HWADFPGP45G,ns,1,20-2,20.0,2000.0,19.0,12310.099999904633,False
A4HWADFPGP45G,ns,1,20-2,20.0,2000.0,19.0,6458.0,False
A4HWADFPGP45G,ns,1,20-2,20.0,2000.0,19.0,225.59999990463257,False
A4HWADFPGP45G,ns,1,20-2,20.0,2000.0,17.0,6937.0,False
A4HWADFPGP45G,ns,1,20-2,20.0,2000.0,4.0,25222.49999976158,False
A4HWADFPGP45G,ns,1,20-2,20.0,2000.0,20.0,9914.400000095367,False
A4HWADFPGP45G,ns,1,20-2,20.0,2000.0,20.0,3995.5999999046326,False
A4HWADFPGP45G,ns,1,20-2,20.0,2000.0,20.0,15536.899999856956,False
A4HWADFPGP45G,ns,1,20-2,20.0,2000.0,19.0,4000.5,False
A4HWADFPGP45G,ns,2,20-2,20.0,2000.0,18.0,2018.5999999046326,False
A4HWADFPGP45G,ns,2,20-2,20.0,2000.0,18.0,3925.199999809265,False
A4HWADFPGP45G,ns,2,20-2,20.0,2000.0,20.0,0.0,True
A4HWADFPGP45G,ns,2,20-2,20.0,2000.0,20.0,5671.399999856949,False
A4HWADFPGP45G,ns,2,20-2,20.0,2000.0,19.0,2777.2999999523163,False
A4HWADFPGP45G,ns,2,20-2,20.0,2000.0,20.0,2554.0999999046326,False
A4HWADFPGP45G,ns,2,20-2,20.0,2000.0,20.0,931.2999997138959,False
A4HWADFPGP45G,ns,2,20-2,20.0,2000.0,20.0,19199.099999904633,False
A4HWADFPGP45G,ns,2,20-2,20.0,2000.0,20.0,2465.0999999046326,False
A4HWADFPGP45G,ns,2,20-2,20.0,2000.0,20.0,8359.5,False
A4HWADFPGP45G,ns,2,20-2,20.0,2000.0,20.0,4257.599999904633,False
A4HWADFPGP45G,ns,3,20-2,20.0,2000.0,1.0,277.80000019073486,False
A4HWADFPGP45G,ns,3,20-2,20.0,2000.0,1.0,1261.3999998569489,False
A4HWADFPGP45G,ns,3,20-2,20.0,2000.0,1.0,0.0,True
A4HWADFPGP45G,ns,3,20-2,20.0,2000.0,1.0,1143.2999999523163,False
A4HWADFPGP45G,ns,3,20-2,20.0,2000.0,1.0,1625.1000001430511,False
A4HWADFPGP45G,ns,3,20-2,20.0,2000.0,1.0,1997.2000000476837,False
A4HWADFPGP45G,ns,3,20-2,20.0,2000.0,1.0,10296.799999952316,False
A4HWADFPGP45G,ns,4,20-2,20.0,2000.0,1.0,0.0,True
A4HWADFPGP45G,ns,4,20-2,20.0,2000.0,1.0,4769.700000047684,False
A4HWADFPGP45G,ns,4,20-2,20.0,2000.0,1.0,2236.099999904632,False
A4HWADFPGP45G,ns,4,20-2,20.0,2000.0,1.0,2732.099999904632,False
A4HWADFPGP45G,ns,4,20-2,20.0,2000.0,1.0,7442.800000190735,False
A4HWADFPGP45G,ns,4,20-2,20.0,2000.0,1.0,2129.1000001430507,False
A4HWADFPGP45G,ns,4,20-2,20.0,2000.0,1.0,1987.2999999523158,False
A50UY1556VDIA,ns,1,20-1,20.0,1000.0,2.0,0.0,True
A50UY1556VDIA,ns,1,20-1,20.0,1000.0,1.0,4623.0,False
A50UY1556VDIA,ns,1,20-1,20.0,1000.0,2.0,1397.0,False
A50UY1556VDIA,ns,1,20-1,20.0,1000.0,3.0,4184.0,False
A50UY1556VDIA,ns,1,20-1,20.0,1000.0,5.0,2737.0,False
A50UY1556VDIA,ns,1,20-1,20.0,1000.0,3.0,2800.0,False
A50UY1556VDIA,ns,1,20-1,20.0,1000.0,5.0,968.0,False
A50UY1556VDIA,ns,1,20-1,20.0,1000.0,2.0,4540.0,False
A50UY1556VDIA,ns,1,20-1,20.0,1000.0,9.0,1538.0,False
A50UY1556VDIA,ns,1,20-1,20.0,1000.0,1.0,2044.0,False
A50UY1556VDIA,ns,1,20-1,20.0,1000.0,1.0,1559.0,False
A50UY1556VDIA,ns,2,20-1,20.0,1000.0,2.0,1263.0,False
A50UY1556VDIA,ns,2,20-1,20.0,1000.0,2.0,447.0,False
A50UY1556VDIA,ns,2,20-1,20.0,1000.0,3.0,1007.0,False
A50UY1556VDIA,ns,2,20-1,20.0,1000.0,2.0,4656.0,False
A50UY1556VDIA,ns,2,20-1,20.0,1000.0,2.0,3199.0,False
A50UY1556VDIA,ns,2,20-1,20.0,1000.0,4.0,0.0,True
A50UY1556VDIA,ns,2,20-1,20.0,1000.0,8.0,2393.0,False
A50UY1556VDIA,ns,2,20-1,20.0,1000.0,20.0,2895.0,False
A50UY1556VDIA,ns,2,20-1,20.0,1000.0,1.0,1638.0,False
A50UY1556VDIA,ns,3,20-1,20.0,1000.0,3.0,10618.0,False
A50UY1556VDIA,ns,3,20-1,20.0,1000.0,19.0,3897.0,False
A50UY1556VDIA,ns,3,20-1,20.0,1000.0,17.0,5899.0,False
A50UY1556VDIA,ns,3,20-1,20.0,1000.0,18.0,24394.0,False
A50UY1556VDIA,ns,3,20-1,20.0,1000.0,3.0,11500.0,False
A50UY1556VDIA,ns,3,20-1,20.0,1000.0,16.0,0.0,True
A50UY1556VDIA,ns,4,20-1,20.0,1000.0,16.0,1424.0,False
A50UY1556VDIA,ns,4,20-1,20.0,1000.0,1.0,10428.0,False
A50UY1556VDIA,ns,4,20-1,20.0,1000.0,20.0,9419.0,False
A50UY1556VDIA,ns,4,20-1,20.0,1000.0,19.0,10980.0,False
A50UY1556VDIA,ns,4,20-1,20.0,1000.0,19.0,2720.0,False
A50UY1556VDIA,ns,4,20-1,20.0,1000.0,16.0,0.0,True
A50UY1556VDIA,ns,4,20-1,20.0,1000.0,18.0,3465.0,False
A50UY1556VDIA,ns,4,20-1,20.0,1000.0,20.0,11242.0,False
A5P12YJP805RG,ns,1,10-2,10.0,2000.0,9.0,1494.0999999642372,False
A5P12YJP805RG,ns,1,10-2,10.0,2000.0,7.0,2914.300000011921,False
A5P12YJP805RG,ns,1,10-2,10.0,2000.0,1.0,2167.100000023842,False
A5P12YJP805RG,ns,1,10-2,10.0,2000.0,10.0,4024.0,False
A5P12YJP805RG,ns,1,10-2,10.0,2000.0,8.0,753.6000000238419,False
A5P12YJP805RG,ns,1,10-2,10.0,2000.0,3.0,1728.800000011921,False
A5P12YJP805RG,ns,1,10-2,10.0,2000.0,7.0,2238.800000011921,False
A5P12YJP805RG,ns,1,10-2,10.0,2000.0,10.0,767.1999999880791,False
A5P12YJP805RG,ns,1,10-2,10.0,2000.0,10.0,449.39999997615814,False
A5P12YJP805RG,ns,1,10-2,10.0,2000.0,10.0,1080.1000000238419,False
A5P12YJP805RG,ns,1,10-2,10.0,2000.0,9.0,0.0,True
A5P12YJP805RG,ns,2,10-2,10.0,2000.0,5.0,1989.6000001430511,False
A5P12YJP805RG,ns,2,10-2,10.0,2000.0,1.0,1501.0,False
A5P12YJP805RG,ns,2,10-2,10.0,2000.0,9.0,3342.0999999046326,False
A5P12YJP805RG,ns,2,10-2,10.0,2000.0,8.0,254.70000004768417,False
A5P12YJP805RG,ns,2,10-2,10.0,2000.0,3.0,0.0,True
A5P12YJP805RG,ns,2,10-2,10.0,2000.0,8.0,963.9000000953679,False
A5P12YJP805RG,ns,2,10-2,10.0,2000.0,9.0,824.2999999523158,False
A5P12YJP805RG,ns,2,10-2,10.0,2000.0,5.0,850.9000000953679,False
A5P12YJP805RG,ns,2,10-2,10.0,2000.0,6.0,343.2999999523163,False
A5P12YJP805RG,ns,2,10-2,10.0,2000.0,7.0,566.3000001907349,False
A5P12YJP805RG,ns,2,10-2,10.0,2000.0,8.0,1355.0999999046326,False
A5P12YJP805RG,ns,2,10-2,10.0,2000.0,10.0,325.90000009536743,False
A5P12YJP805RG,ns,3,10-2,10.0,2000.0,8.0,1954.6000001430511,False
A5P12YJP805RG,ns,3,10-2,10.0,2000.0,8.0,371.39999985694885,False
A5P12YJP805RG,ns,3,10-2,10.0,2000.0,7.0,628.0,False
A5P12YJP805RG,ns,3,10-2,10.0,2000.0,7.0,488.7000000476837,False
A5P12YJP805RG,ns,3,10-2,10.0,2000.0,6.0,529.7000000476837,False
A5P12YJP805RG,ns,3,10-2,10.0,2000.0,9.0,652.5999999046326,False
A5P12YJP805RG,ns,3,10-2,10.0,2000.0,8.0,154.59999990463257,False
A5P12YJP805RG,ns,3,10-2,10.0,2000.0,2.0,202.20000004768372,False
A5P12YJP805RG,ns,3,10-2,10.0,2000.0,4.0,403.2000000476837,False
A5P12YJP805RG,ns,3,10-2,10.0,2000.0,7.0,0.0,True
A5P12YJP805RG,ns,3,10-2,10.0,2000.0,6.0,322.9000000953679,False
A5P12YJP805RG,ns,3,10-2,10.0,2000.0,5.0,878.6000001430516,False
A5P12YJP805RG,ns,4,10-2,10.0,2000.0,8.0,781.9000000953674,False
A5P12YJP805RG,ns,4,10-2,10.0,2000.0,8.0,523.7999997138982,False
A5P12YJP805RG,ns,4,10-2,10.0,2000.0,8.0,1207.2999997138977,False
A5P12YJP805RG,ns,4,10-2,10.0,2000.0,8.0,1246.1999998092651,False
A5P12YJP805RG,ns,4,10-2,10.0,2000.0,7.0,104.09999990463257,False
A5P12YJP805RG,ns,4,10-2,10.0,2000.0,7.0,748.0,False
A5P12YJP805RG,ns,4,10-2,10.0,2000.0,9.0,256.80000019073486,False
A5P12YJP805RG,ns,4,10-2,10.0,2000.0,5.0,0.0,True
A5P12YJP805RG,ns,4,10-2,10.0,2000.0,7.0,998.7999997138982,False
A5P12YJP805RG,ns,4,10-2,10.0,2000.0,7.0,834.6999998092651,False
A5P12YJP805RG,ns,4,10-2,10.0,2000.0,9.0,908.099999904633,False
A63UHNWYOV5LE,ns,1,10-2,10.0,2000.0,1.0,0.0,True
A63UHNWYOV5LE,ns,1,10-2,10.0,2000.0,10.0,8975.0,False
A63UHNWYOV5LE,ns,1,10-2,10.0,2000.0,7.0,3069.0,False
A63UHNWYOV5LE,ns,1,10-2,10.0,2000.0,1.0,4562.0,False
A63UHNWYOV5LE,ns,1,10-2,10.0,2000.0,5.0,54497.0,False
A63UHNWYOV5LE,ns,1,10-2,10.0,2000.0,10.0,13560.0,False
A63UHNWYOV5LE,ns,1,10-2,10.0,2000.0,3.0,3619.0,False
A63UHNWYOV5LE,ns,1,10-2,10.0,2000.0,9.0,3298.0,False
A63UHNWYOV5LE,ns,1,10-2,10.0,2000.0,1.0,1958.0,False
A63UHNWYOV5LE,ns,1,10-2,10.0,2000.0,1.0,1387.0,False
A63UHNWYOV5LE,ns,1,10-2,10.0,2000.0,2.0,9433.0,False
A63UHNWYOV5LE,ns,2,10-2,10.0,2000.0,7.0,0.0,True
A63UHNWYOV5LE,ns,2,10-2,10.0,2000.0,1.0,59.0,False
A63UHNWYOV5LE,ns,2,10-2,10.0,2000.0,5.0,1394.0,False
A63UHNWYOV5LE,ns,2,10-2,10.0,2000.0,1.0,2384.0,False
A63UHNWYOV5LE,ns,2,10-2,10.0,2000.0,10.0,548.0,False
A63UHNWYOV5LE,ns,2,10-2,10.0,2000.0,1.0,25978.0,False
A63UHNWYOV5LE,ns,2,10-2,10.0,2000.0,2.0,198.0,False
A63UHNWYOV5LE,ns,2,10-2,10.0,2000.0,2.0,4599.0,False
A63UHNWYOV5LE,ns,2,10-2,10.0,2000.0,4.0,6145.0,False
A63UHNWYOV5LE,ns,2,10-2,10.0,2000.0,1.0,1960.0,False
A63UHNWYOV5LE,ns,2,10-2,10.0,2000.0,6.0,10710.0,False
A63UHNWYOV5LE,ns,3,10-2,10.0,2000.0,1.0,4336.0,False
A63UHNWYOV5LE,ns,3,10-2,10.0,2000.0,10.0,3349.0,False
A63UHNWYOV5LE,ns,3,10-2,10.0,2000.0,8.0,2553.0,False
A63UHNWYOV5LE,ns,3,10-2,10.0,2000.0,1.0,4152.0,False
A63UHNWYOV5LE,ns,3,10-2,10.0,2000.0,2.0,20565.0,False
A63UHNWYOV5LE,ns,3,10-2,10.0,2000.0,2.0,1360.0,False
A63UHNWYOV5LE,ns,3,10-2,10.0,2000.0,5.0,0.0,True
A7USTT4KU1ZBO,ns,1,30-1,30.0,1000.0,2.0,7026.5,False
A7USTT4KU1ZBO,ns,1,30-1,30.0,1000.0,8.0,3532.2000000476837,False
A7USTT4KU1ZBO,ns,1,30-1,30.0,1000.0,2.0,7355.299999952316,False
A7USTT4KU1ZBO,ns,1,30-1,30.0,1000.0,1.0,3180.5,False
A7USTT4KU1ZBO,ns,1,30-1,30.0,1000.0,1.0,3598.2000000476837,False
A7USTT4KU1ZBO,ns,1,30-1,30.0,1000.0,16.0,3128.399999856949,False
A7USTT4KU1ZBO,ns,1,30-1,30.0,1000.0,7.0,1650.3999998569489,False
A7USTT4KU1ZBO,ns,1,30-1,30.0,1000.0,28.0,0.0,True
A7USTT4KU1ZBO,ns,1,30-1,30.0,1000.0,1.0,1869.5,False
A7USTT4KU1ZBO,ns,1,30-1,30.0,1000.0,2.0,5890.5,False
A7USTT4KU1ZBO,ns,2,30-1,30.0,1000.0,3.0,0.0,True
A7USTT4KU1ZBO,ns,2,30-1,30.0,1000.0,4.0,1345.1999999284744,False
A7USTT4KU1ZBO,ns,2,30-1,30.0,1000.0,3.0,3457.2999999523163,False
A7USTT4KU1ZBO,ns,2,30-1,30.0,1000.0,5.0,13987.80000007153,False
A7USTT4KU1ZBO,ns,2,30-1,30.0,1000.0,1.0,11945.79999995232,False
A7USTT4KU1ZBO,ns,2,30-1,30.0,1000.0,1.0,17995.10000002384,False
A7USTT4KU1ZBO,ns,2,30-1,30.0,1000.0,11.0,5713.100000023842,False
A7USTT4KU1ZBO,ns,2,30-1,30.0,1000.0,7.0,4790.200000047684,False
A7USTT4KU1ZBO,ns,2,30-1,30.0,1000.0,5.0,6323.800000071526,False
A7USTT4KU1ZBO,ns,3,30-1,30.0,1000.0,13.0,0.0,True
A7USTT4KU1ZBO,ns,3,30-1,30.0,1000.0,29.0,10536.90000000596,False
A7USTT4KU1ZBO,ns,3,30-1,30.0,1000.0,4.0,5994.399999976158,False
A7USTT4KU1ZBO,ns,3,30-1,30.0,1000.0,30.0,12005.40000000596,False
A7USTT4KU1ZBO,ns,3,30-1,30.0,1000.0,30.0,7599.5,False
A7USTT4KU1ZBO,ns,3,30-1,30.0,1000.0,1.0,5212.300000011921,False
A7USTT4KU1ZBO,ns,3,30-1,30.0,1000.0,29.0,7591.0999999940395,False
A7USTT4KU1ZBO,ns,3,30-1,30.0,1000.0,18.0,10213.5,False
A7USTT4KU1ZBO,ns,4,30-1,30.0,1000.0,30.0,5117.799999952316,False
A7USTT4KU1ZBO,ns,4,30-1,30.0,1000.0,27.0,9702.700000047684,False
A7USTT4KU1ZBO,ns,4,30-1,30.0,1000.0,2.0,1332.1000000238419,False
A7USTT4KU1ZBO,ns,4,30-1,30.0,1000.0,30.0,1501.2999999523163,False
A7USTT4KU1ZBO,ns,4,30-1,30.0,1000.0,1.0,8305.599999904633,False
A7USTT4KU1ZBO,ns,4,30-1,30.0,1000.0,26.0,2396.0999999046326,False
A7USTT4KU1ZBO,ns,4,30-1,30.0,1000.0,26.0,0.0,True
A7USTT4KU1ZBO,ns,4,30-1,30.0,1000.0,27.0,821.3999999761581,False
A7USTT4KU1ZBO,ns,4,30-1,30.0,1000.0,3.0,4156.899999976158,False
A7USTT4KU1ZBO,ns,4,30-1,30.0,1000.0,1.0,7603.200000047684,False
A7USTT4KU1ZBO,ns,4,30-1,30.0,1000.0,4.0,512.7999999523163,False
AAVFHZA708CSP,ns,1,40-1,40.0,1000.0,28.0,0.0,True
AAVFHZA708CSP,ns,1,40-1,40.0,1000.0,18.0,4285.0,False
AAVFHZA708CSP,ns,1,40-1,40.0,1000.0,39.0,5961.0,False
AAVFHZA708CSP,ns,1,40-1,40.0,1000.0,39.0,4644.0,False
AAVFHZA708CSP,ns,1,40-1,40.0,1000.0,38.0,2860.0,False
AAVFHZA708CSP,ns,1,40-1,40.0,1000.0,38.0,5233.0,False
AAVFHZA708CSP,ns,1,40-1,40.0,1000.0,37.0,4115.0,False
AAVFHZA708CSP,ns,1,40-1,40.0,1000.0,39.0,3810.0,False
AAVFHZA708CSP,ns,2,40-1,40.0,1000.0,1.0,462.0,False
AAVFHZA708CSP,ns,2,40-1,40.0,1000.0,1.0,3583.0,False
AAVFHZA708CSP,ns,2,40-1,40.0,1000.0,1.0,1984.0,False
AAVFHZA708CSP,ns,2,40-1,40.0,1000.0,1.0,1623.0,False
AAVFHZA708CSP,ns,2,40-1,40.0,1000.0,1.0,6406.0,False
AAVFHZA708CSP,ns,2,40-1,40.0,1000.0,1.0,1894.0,False
AAVFHZA708CSP,ns,2,40-1,40.0,1000.0,25.0,3492.0,False
AAVFHZA708CSP,ns,2,40-1,40.0,1000.0,1.0,0.0,True
AAVFHZA708CSP,ns,2,40-1,40.0,1000.0,2.0,5638.0,False
AAVFHZA708CSP,ns,2,40-1,40.0,1000.0,1.0,1495.0,False
AAVFHZA708CSP,ns,3,40-1,40.0,1000.0,1.0,6269.0,False
AAVFHZA708CSP,ns,3,40-1,40.0,1000.0,39.0,5290.0,False
AAVFHZA708CSP,ns,3,40-1,40.0,1000.0,39.0,4272.0,False
AAVFHZA708CSP,ns,3,40-1,40.0,1000.0,40.0,11939.0,False
AAVFHZA708CSP,ns,3,40-1,40.0,1000.0,39.0,2944.0,False
AAVFHZA708CSP,ns,3,40-1,40.0,1000.0,40.0,0.0,True
AAVFHZA708CSP,ns,3,40-1,40.0,1000.0,39.0,6522.0,False
AAVFHZA708CSP,ns,3,40-1,40.0,1000.0,40.0,5921.0,False
AAVFHZA708CSP,ns,3,40-1,40.0,1000.0,39.0,1576.0,False
AAVFHZA708CSP,ns,4,40-1,40.0,1000.0,1.0,11340.0,False
AAVFHZA708CSP,ns,4,40-1,40.0,1000.0,18.0,3726.0,False
AAVFHZA708CSP,ns,4,40-1,40.0,1000.0,3.0,2792.0,False
AAVFHZA708CSP,ns,4,40-1,40.0,1000.0,1.0,0.0,True
AAVFHZA708CSP,ns,4,40-1,40.0,1000.0,1.0,5299.0,False
AAVFHZA708CSP,ns,4,40-1,40.0,1000.0,1.0,2029.0,False
AAVFHZA708CSP,ns,4,40-1,40.0,1000.0,1.0,3218.0,False
AAVFHZA708CSP,ns,4,40-1,40.0,1000.0,1.0,4375.0,False
AB5WBMZGLX57B,ns,1,30-1,30.0,1000.0,1.0,0.0,True
AB5WBMZGLX57B,ns,1,30-1,30.0,1000.0,29.0,4939.0,False
AB5WBMZGLX57B,ns,1,30-1,30.0,1000.0,30.0,5012.0,False
AB5WBMZGLX57B,ns,1,30-1,30.0,1000.0,30.0,4202.0,False
AB5WBMZGLX57B,ns,1,30-1,30.0,1000.0,30.0,6600.0,False
AB5WBMZGLX57B,ns,1,30-1,30.0,1000.0,30.0,4808.0,False
AB5WBMZGLX57B,ns,1,30-1,30.0,1000.0,30.0,2562.0,False
AB5WBMZGLX57B,ns,1,30-1,30.0,1000.0,30.0,5140.0,False
AB5WBMZGLX57B,ns,1,30-1,30.0,1000.0,26.0,5066.0,False
AB5WBMZGLX57B,ns,1,30-1,30.0,1000.0,29.0,2460.0,False
AB5WBMZGLX57B,ns,2,30-1,30.0,1000.0,1.0,231.0,False
AB5WBMZGLX57B,ns,2,30-1,30.0,1000.0,28.0,17212.0,False
AB5WBMZGLX57B,ns,2,30-1,30.0,1000.0,29.0,0.0,True
AB5WBMZGLX57B,ns,2,30-1,30.0,1000.0,29.0,2290.0,False
AB5WBMZGLX57B,ns,3,30-1,30.0,1000.0,1.0,0.0,True
AB5WBMZGLX57B,ns,3,30-1,30.0,1000.0,28.0,9792.0,False
AB5WBMZGLX57B,ns,3,30-1,30.0,1000.0,25.0,12533.0,False
AB5WBMZGLX57B,ns,3,30-1,30.0,1000.0,21.0,7243.0,False
AB5WBMZGLX57B,ns,3,30-1,30.0,1000.0,1.0,11301.0,False
AB5WBMZGLX57B,ns,3,30-1,30.0,1000.0,1.0,9160.0,False
AB5WBMZGLX57B,ns,4,30-1,30.0,1000.0,29.0,0.0,True
AB5WBMZGLX57B,ns,4,30-1,30.0,1000.0,29.0,4342.0,False
AB5WBMZGLX57B,ns,4,30-1,30.0,1000.0,30.0,2724.0,False
AB5WBMZGLX57B,ns,4,30-1,30.0,1000.0,29.0,2790.0,False
AB5WBMZGLX57B,ns,4,30-1,30.0,1000.0,30.0,6248.0,False
AB5WBMZGLX57B,ns,4,30-1,30.0,1000.0,15.0,6670.0,False
AB5WBMZGLX57B,ns,4,30-1,30.0,1000.0,29.0,3419.0,False
AB5WBMZGLX57B,ns,4,30-1,30.0,1000.0,29.0,3273.0,False
AB5WBMZGLX57B,ns,4,30-1,30.0,1000.0,30.0,6092.0,False
ADL9KYXZGHUFO,ns,1,40-1,40.0,1000.0,5.0,0.0,True
ADL9KYXZGHUFO,ns,1,40-1,40.0,1000.0,27.0,20377.0,False
ADL9KYXZGHUFO,ns,1,40-1,40.0,1000.0,6.0,34299.0,False
ADL9KYXZGHUFO,ns,1,40-1,40.0,1000.0,39.0,22.0,False
ADL9KYXZGHUFO,ns,1,40-1,40.0,1000.0,1.0,17706.0,False
ADL9KYXZGHUFO,ns,1,40-1,40.0,1000.0,2.0,20207.0,False
ADL9KYXZGHUFO,ns,1,40-1,40.0,1000.0,39.0,10375.0,False
ADL9KYXZGHUFO,ns,1,40-1,40.0,1000.0,38.0,15430.0,False
ADL9KYXZGHUFO,ns,1,40-1,40.0,1000.0,2.0,17996.0,False
ADL9KYXZGHUFO,ns,1,40-1,40.0,1000.0,1.0,13537.0,False
ADL9KYXZGHUFO,ns,2,40-1,40.0,1000.0,8.0,42029.0,False
ADL9KYXZGHUFO,ns,2,40-1,40.0,1000.0,3.0,7146.0,False
ADL9KYXZGHUFO,ns,2,40-1,40.0,1000.0,40.0,893.0,False
ADL9KYXZGHUFO,ns,2,40-1,40.0,1000.0,3.0,3862.0,False
ADL9KYXZGHUFO,ns,2,40-1,40.0,1000.0,40.0,2040.0,False
ADL9KYXZGHUFO,ns,2,40-1,40.0,1000.0,3.0,7134.0,False
ADL9KYXZGHUFO,ns,2,40-1,40.0,1000.0,2.0,1721.0,False
ADL9KYXZGHUFO,ns,2,40-1,40.0,1000.0,28.0,1329.0,False
ADL9KYXZGHUFO,ns,2,40-1,40.0,1000.0,2.0,0.0,True
AESZJEZTZEW01,ns,1,15-2,15.0,2000.0,1.0,2037.0999999046326,False
AESZJEZTZEW01,ns,1,15-2,15.0,2000.0,1.0,5094.899999856949,False
AESZJEZTZEW01,ns,1,15-2,15.0,2000.0,1.0,4283.099999904633,False
AESZJEZTZEW01,ns,1,15-2,15.0,2000.0,1.0,2082.600000143051,False
AESZJEZTZEW01,ns,1,15-2,15.0,2000.0,1.0,4079.2999999523163,False
AESZJEZTZEW01,ns,1,15-2,15.0,2000.0,3.0,0.0,True
AESZJEZTZEW01,ns,1,15-2,15.0,2000.0,15.0,2211.399999856949,False
AESZJEZTZEW01,ns,1,15-2,15.0,2000.0,1.0,1669.2999999523163,False
AESZJEZTZEW01,ns,1,15-2,15.0,2000.0,4.0,3781.0,False
AESZJEZTZEW01,ns,1,15-2,15.0,2000.0,1.0,3737.5999999046326,False
AESZJEZTZEW01,ns,2,15-2,15.0,2000.0,15.0,0.0,True
AESZJEZTZEW01,ns,2,15-2,15.0,2000.0,15.0,6306.100000143051,False
AESZJEZTZEW01,ns,2,15-2,15.0,2000.0,1.0,21452.5,False
AESZJEZTZEW01,ns,2,15-2,15.0,2000.0,15.0,2833.0,False
AESZJEZTZEW01,ns,2,15-2,15.0,2000.0,14.0,7588.0,False
AESZJEZTZEW01,ns,2,15-2,15.0,2000.0,15.0,10589.29999995232,False
AESZJEZTZEW01,ns,2,15-2,15.0,2000.0,15.0,1556.7999999523163,False
AESZJEZTZEW01,ns,2,15-2,15.0,2000.0,13.0,5580.5,False
AFLRBB974KS6D,ns,1,40-1,40.0,1000.0,1.0,5284.099999427795,False
AFLRBB974KS6D,ns,1,40-1,40.0,1000.0,2.0,10920.199999809265,False
AFLRBB974KS6D,ns,1,40-1,40.0,1000.0,1.0,2516.199999809265,False
AFLRBB974KS6D,ns,1,40-1,40.0,1000.0,1.0,409.8999996185303,False
AFLRBB974KS6D,ns,1,40-1,40.0,1000.0,14.0,0.0,True
AFLRBB974KS6D,ns,1,40-1,40.0,1000.0,2.0,1717.399998664856,False
AFLRBB974KS6D,ns,1,40-1,40.0,1000.0,1.0,1851.9999990463257,False
AFLRBB974KS6D,ns,1,40-1,40.0,1000.0,1.0,598.3000001907349,False
AFLRBB974KS6D,ns,2,40-1,40.0,1000.0,1.0,0.0,True
AFLRBB974KS6D,ns,2,40-1,40.0,1000.0,1.0,6455.39999961853,False
AFLRBB974KS6D,ns,2,40-1,40.0,1000.0,1.0,5814.400000572205,False
AFLRBB974KS6D,ns,2,40-1,40.0,1000.0,1.0,5897.400000572205,False
AFLRBB974KS6D,ns,2,40-1,40.0,1000.0,1.0,2175.699999809265,False
AFLRBB974KS6D,ns,2,40-1,40.0,1000.0,1.0,6378.100000381472,False
AFLRBB974KS6D,ns,2,40-1,40.0,1000.0,2.0,2515.6000003814697,False
AFLRBB974KS6D,ns,2,40-1,40.0,1000.0,1.0,3120.0000009536743,False
AFLRBB974KS6D,ns,2,40-1,40.0,1000.0,1.0,1884.5000009536743,False
AFLRBB974KS6D,ns,2,40-1,40.0,1000.0,2.0,2294.8999996185303,False
AFLRBB974KS6D,ns,3,40-1,40.0,1000.0,1.0,1976.5000009536743,False
AFLRBB974KS6D,ns,3,40-1,40.0,1000.0,2.0,4249.5,False
AFLRBB974KS6D,ns,3,40-1,40.0,1000.0,3.0,397.6000003814697,False
AFLRBB974KS6D,ns,3,40-1,40.0,1000.0,1.0,3731.600000381468,False
AFLRBB974KS6D,ns,3,40-1,40.0,1000.0,40.0,1931.9000005722046,False
AFLRBB974KS6D,ns,3,40-1,40.0,1000.0,1.0,3020.0,False
AFLRBB974KS6D,ns,3,40-1,40.0,1000.0,1.0,0.0,True
AFLRBB974KS6D,ns,3,40-1,40.0,1000.0,1.0,467.70000076293945,False
AFLRBB974KS6D,ns,3,40-1,40.0,1000.0,2.0,2420.5,False
AFLRBB974KS6D,ns,3,40-1,40.0,1000.0,38.0,1705.0,False
AFLRBB974KS6D,ns,3,40-1,40.0,1000.0,31.0,2381.5000009536743,False
AFLRBB974KS6D,ns,4,40-1,40.0,1000.0,38.0,2139.4000005722046,False
AFLRBB974KS6D,ns,4,40-1,40.0,1000.0,40.0,237.60000038146973,False
AFLRBB974KS6D,ns,4,40-1,40.0,1000.0,40.0,2276.699999809265,False
AFLRBB974KS6D,ns,4,40-1,40.0,1000.0,37.0,1913.0,False
AFLRBB974KS6D,ns,4,40-1,40.0,1000.0,34.0,724.6999998092651,False
AFLRBB974KS6D,ns,4,40-1,40.0,1000.0,40.0,2210.800000190735,False
AFLRBB974KS6D,ns,4,40-1,40.0,1000.0,38.0,117.39999961853027,False
AFLRBB974KS6D,ns,4,40-1,40.0,1000.0,26.0,1554.3000001907349,False
AFLRBB974KS6D,ns,4,40-1,40.0,1000.0,39.0,0.0,True
AFLRBB974KS6D,ns,4,40-1,40.0,1000.0,37.0,5989.800000190733,False
AFZGUWYLC0NG0,ns,1,15-2,15.0,2000.0,2.0,0.0,True
AFZGUWYLC0NG0,ns,1,15-2,15.0,2000.0,2.0,18137.699999809265,False
AFZGUWYLC0NG0,ns,1,15-2,15.0,2000.0,1.0,5861.899999856949,False
AFZGUWYLC0NG0,ns,1,15-2,15.0,2000.0,14.0,378.3999996185303,False
AFZGUWYLC0NG0,ns,1,15-2,15.0,2000.0,7.0,27662.599999904633,False
AFZGUWYLC0NG0,ns,1,15-2,15.0,2000.0,3.0,10841.299999713905,False
AFZGUWYLC0NG0,ns,1,15-2,15.0,2000.0,5.0,42631.59999990463,False
AFZGUWYLC0NG0,ns,2,15-2,15.0,2000.0,10.0,4346.300000190735,False
AFZGUWYLC0NG0,ns,2,15-2,15.0,2000.0,1.0,11013.099999904633,False
AFZGUWYLC0NG0,ns,2,15-2,15.0,2000.0,2.0,3101.0,False
AFZGUWYLC0NG0,ns,2,15-2,15.0,2000.0,1.0,2362.0999999046326,False
AFZGUWYLC0NG0,ns,2,15-2,15.0,2000.0,15.0,0.0,True
AFZGUWYLC0NG0,ns,2,15-2,15.0,2000.0,11.0,4404.300000190735,False
AFZGUWYLC0NG0,ns,2,15-2,15.0,2000.0,15.0,4314.099999904633,False
AFZGUWYLC0NG0,ns,2,15-2,15.0,2000.0,8.0,2897.4000000953674,False
AFZGUWYLC0NG0,ns,2,15-2,15.0,2000.0,12.0,7217.800000190737,False
AFZGUWYLC0NG0,ns,2,15-2,15.0,2000.0,14.0,4311.39999961853,False
AFZGUWYLC0NG0,ns,2,15-2,15.0,2000.0,10.0,2170.2999997138977,False
AFZGUWYLC0NG0,ns,3,15-2,15.0,2000.0,2.0,0.0,True
AFZGUWYLC0NG0,ns,3,15-2,15.0,2000.0,14.0,1140.2000002861023,False
AFZGUWYLC0NG0,ns,3,15-2,15.0,2000.0,1.0,8846.000000476839,False
AFZGUWYLC0NG0,ns,3,15-2,15.0,2000.0,3.0,5943.700000286102,False
AFZGUWYLC0NG0,ns,3,15-2,15.0,2000.0,2.0,356.6000003814697,False
AFZGUWYLC0NG0,ns,3,15-2,15.0,2000.0,1.0,1199.3000001907353,False
AFZGUWYLC0NG0,ns,3,15-2,15.0,2000.0,2.0,1427.4000005722046,False
AFZGUWYLC0NG0,ns,3,15-2,15.0,2000.0,1.0,1131.0000004768372,False
AFZGUWYLC0NG0,ns,3,15-2,15.0,2000.0,8.0,1822.7000002861023,False
AFZGUWYLC0NG0,ns,4,15-2,15.0,2000.0,1.0,25381.5,False
AFZGUWYLC0NG0,ns,4,15-2,15.0,2000.0,4.0,1796.2999997138977,False
AFZGUWYLC0NG0,ns,4,15-2,15.0,2000.0,1.0,258.80000019073486,False
AFZGUWYLC0NG0,ns,4,15-2,15.0,2000.0,3.0,1420.3000001907349,False
AFZGUWYLC0NG0,ns,4,15-2,15.0,2000.0,15.0,533.6999998092651,False
AFZGUWYLC0NG0,ns,4,15-2,15.0,2000.0,1.0,0.0,True
AFZGUWYLC0NG0,ns,4,15-2,15.0,2000.0,3.0,3504.199999809265,False
AFZGUWYLC0NG0,ns,4,15-2,15.0,2000.0,15.0,2388.4000000953674,False
AFZGUWYLC0NG0,ns,4,15-2,15.0,2000.0,5.0,15823.5,False
AGB6853RIDWJ8,ns,1,40-1,40.0,1000.0,39.0,550.7000002861023,False
AGB6853RIDWJ8,ns,1,40-1,40.0,1000.0,40.0,3371.100000143051,False
AGB6853RIDWJ8,ns,1,40-1,40.0,1000.0,40.0,2316.0000002384186,False
AGB6853RIDWJ8,ns,1,40-1,40.0,1000.0,37.0,256.80000019073486,False
AGB6853RIDWJ8,ns,1,40-1,40.0,1000.0,39.0,3532.5000002384186,False
AGB6853RIDWJ8,ns,1,40-1,40.0,1000.0,40.0,2046.2000000476837,False
AGB6853RIDWJ8,ns,1,40-1,40.0,1000.0,40.0,1055.8000001907349,False
AGB6853RIDWJ8,ns,1,40-1,40.0,1000.0,40.0,10.300000190734863,False
AGB6853RIDWJ8,ns,1,40-1,40.0,1000.0,38.0,0.0,True
AGB6853RIDWJ8,ns,2,40-1,40.0,1000.0,24.0,2297.6000003814697,False
AGB6853RIDWJ8,ns,2,40-1,40.0,1000.0,17.0,8709.200000286102,False
AGB6853RIDWJ8,ns,2,40-1,40.0,1000.0,2.0,24505.300000190742,False
AGB6853RIDWJ8,ns,2,40-1,40.0,1000.0,2.0,5454.300000190735,False
AGB6853RIDWJ8,ns,2,40-1,40.0,1000.0,22.0,6403.400000095366,False
AGB6853RIDWJ8,ns,2,40-1,40.0,1000.0,1.0,799.0000004768372,False
AGB6853RIDWJ8,ns,2,40-1,40.0,1000.0,1.0,0.0,True
AGB6853RIDWJ8,ns,2,40-1,40.0,1000.0,18.0,669.7000002861023,False
AGB6853RIDWJ8,ns,2,40-1,40.0,1000.0,37.0,1318.2000002861023,False
AGB6853RIDWJ8,ns,2,40-1,40.0,1000.0,4.0,2551.7000002861023,False
AGB6853RIDWJ8,ns,2,40-1,40.0,1000.0,25.0,3209.0,False
AGB6853RIDWJ8,ns,3,40-1,40.0,1000.0,34.0,0.0,True
AGB6853RIDWJ8,ns,3,40-1,40.0,1000.0,35.0,5952.200000017881,False
AGB6853RIDWJ8,ns,3,40-1,40.0,1000.0,40.0,6968.5999999940395,False
AGB6853RIDWJ8,ns,3,40-1,40.0,1000.0,27.0,8025.400000005959,False
AGB6853RIDWJ8,ns,3,40-1,40.0,1000.0,33.0,4188.400000005959,False
AGB6853RIDWJ8,ns,3,40-1,40.0,1000.0,14.0,3771.199999988079,False
AGB6853RIDWJ8,ns,3,40-1,40.0,1000.0,2.0,2436.899999976158,False
AGB6853RIDWJ8,ns,3,40-1,40.0,1000.0,30.0,3554.300000011919,False
AGB6853RIDWJ8,ns,3,40-1,40.0,1000.0,8.0,16465.0,False
AGB6853RIDWJ8,ns,3,40-1,40.0,1000.0,40.0,4495.400000005959,False
AGB6853RIDWJ8,ns,4,40-1,40.0,1000.0,25.0,0.0,True
AGB6853RIDWJ8,ns,4,40-1,40.0,1000.0,1.0,5917.899999976158,False
AGB6853RIDWJ8,ns,4,40-1,40.0,1000.0,40.0,10578.600000023842,False
AGB6853RIDWJ8,ns,4,40-1,40.0,1000.0,2.0,9130.0,False
AGB6853RIDWJ8,ns,4,40-1,40.0,1000.0,2.0,4883.5,False
AGB6853RIDWJ8,ns,4,40-1,40.0,1000.0,2.0,4425.100000023842,False
AGB6853RIDWJ8,ns,4,40-1,40.0,1000.0,39.0,4169.300000071526,False
AGB6853RIDWJ8,ns,4,40-1,40.0,1000.0,40.0,3351.1999999284744,False
AGILQEFEPEK7N,ns,1,30-1,30.0,1000.0,1.0,0.0,True
AGILQEFEPEK7N,ns,1,30-1,30.0,1000.0,1.0,5752.399999976156,False
AGILQEFEPEK7N,ns,1,30-1,30.0,1000.0,30.0,2170.899999976158,False
AGILQEFEPEK7N,ns,1,30-1,30.0,1000.0,28.0,1159.3999999761581,False
AGILQEFEPEK7N,ns,1,30-1,30.0,1000.0,1.0,1662.3999999761581,False
AGILQEFEPEK7N,ns,1,30-1,30.0,1000.0,29.0,6858.300000011921,False
AGILQEFEPEK7N,ns,1,30-1,30.0,1000.0,29.0,1743.2999999523163,False
AGILQEFEPEK7N,ns,1,30-1,30.0,1000.0,16.0,1016.1999999284744,False
AGILQEFEPEK7N,ns,1,30-1,30.0,1000.0,27.0,4446.399999976158,False
AGILQEFEPEK7N,ns,1,30-1,30.0,1000.0,25.0,4053.399999976158,False
AGILQEFEPEK7N,ns,1,30-1,30.0,1000.0,30.0,5462.0,False
AGILQEFEPEK7N,ns,2,30-1,30.0,1000.0,2.0,1626.099999994039,False
AGILQEFEPEK7N,ns,2,30-1,30.0,1000.0,1.0,3206.499999970197,False
AGILQEFEPEK7N,ns,2,30-1,30.0,1000.0,29.0,1832.6999999880795,False
AGILQEFEPEK7N,ns,2,30-1,30.0,1000.0,1.0,2935.4999999999995,False
AGILQEFEPEK7N,ns,2,30-1,30.0,1000.0,28.0,1335.599999994039,False
AGILQEFEPEK7N,ns,2,30-1,30.0,1000.0,1.0,3469.40000000596,False
AGILQEFEPEK7N,ns,2,30-1,30.0,1000.0,1.0,1706.40000000596,False
AGILQEFEPEK7N,ns,2,30-1,30.0,1000.0,29.0,2431.599999994039,False
AGILQEFEPEK7N,ns,2,30-1,30.0,1000.0,29.0,4729.700000017881,False
AGILQEFEPEK7N,ns,2,30-1,30.0,1000.0,28.0,0.0,True
AGILQEFEPEK7N,ns,2,30-1,30.0,1000.0,29.0,1365.599999994039,False
AGILQEFEPEK7N,ns,2,30-1,30.0,1000.0,29.0,2992.799999982118,False
AGILQEFEPEK7N,ns,3,30-1,30.0,1000.0,28.0,272.80000001192093,False
AGILQEFEPEK7N,ns,3,30-1,30.0,1000.0,24.0,344.10000002384186,False
AGILQEFEPEK7N,ns,3,30-1,30.0,1000.0,25.0,0.0,True
AGILQEFEPEK7N,ns,3,30-1,30.0,1000.0,30.0,396.89999997615814,False
AGILQEFEPEK7N,ns,3,30-1,30.0,1000.0,29.0,639.2999999523163,False
AGILQEFEPEK7N,ns,3,30-1,30.0,1000.0,1.0,910.8999999761581,False
AGILQEFEPEK7N,ns,3,30-1,30.0,1000.0,30.0,1113.0999999642372,False
AGILQEFEPEK7N,ns,3,30-1,30.0,1000.0,1.0,429.89999997615814,False
AGILQEFEPEK7N,ns,3,30-1,30.0,1000.0,30.0,1003.0999999642372,False
AGILQEFEPEK7N,ns,3,30-1,30.0,1000.0,1.0,10386.199999988077,False
AGILQEFEPEK7N,ns,3,30-1,30.0,1000.0,29.0,875.0999999642372,False
AGILQEFEPEK7N,ns,4,30-1,30.0,1000.0,27.0,510.5,False
AGILQEFEPEK7N,ns,4,30-1,30.0,1000.0,30.0,3321.399999976158,False
AGILQEFEPEK7N,ns,4,30-1,30.0,1000.0,1.0,3205.0999999046326,False
AGILQEFEPEK7N,ns,4,30-1,30.0,1000.0,30.0,2777.0999999046326,False
AGILQEFEPEK7N,ns,4,30-1,30.0,1000.0,30.0,4930.399999976158,False
AGILQEFEPEK7N,ns,4,30-1,30.0,1000.0,29.0,2452.4999998807907,False
AGILQEFEPEK7N,ns,4,30-1,30.0,1000.0,30.0,906.3999999761581,False
AGILQEFEPEK7N,ns,4,30-1,30.0,1000.0,30.0,1454.8999999761581,False
AGILQEFEPEK7N,ns,4,30-1,30.0,1000.0,28.0,1317.0,False
AGILQEFEPEK7N,ns,4,30-1,30.0,1000.0,29.0,6809.899999976158,False
AGILQEFEPEK7N,ns,4,30-1,30.0,1000.0,28.0,0.0,True
AGILQEFEPEK7N,ns,4,30-1,30.0,1000.0,30.0,404.7999999523163,False
AH7HACNNRSIPO,ns,1,30-1,30.0,1000.0,3.0,887.0999999046326,False
AH7HACNNRSIPO,ns,1,30-1,30.0,1000.0,1.0,1761.5999999046326,False
AH7HACNNRSIPO,ns,1,30-1,30.0,1000.0,15.0,2142.4000000953674,False
AH7HACNNRSIPO,ns,1,30-1,30.0,1000.0,1.0,8139.099999904633,False
AH7HACNNRSIPO,ns,1,30-1,30.0,1000.0,2.0,0.0,True
AH7HACNNRSIPO,ns,1,30-1,30.0,1000.0,2.0,663.4000000953674,False
AH7HACNNRSIPO,ns,1,30-1,30.0,1000.0,25.0,1748.0,False
AH7HACNNRSIPO,ns,1,30-1,30.0,1000.0,6.0,4123.700000286102,False
AH7HACNNRSIPO,ns,1,30-1,30.0,1000.0,2.0,875.7000002861023,False
AH7HACNNRSIPO,ns,1,30-1,30.0,1000.0,2.0,4602.300000190735,False
AH7HACNNRSIPO,ns,1,30-1,30.0,1000.0,27.0,1189.0,False
AH7HACNNRSIPO,ns,2,30-1,30.0,1000.0,7.0,5432.199999809265,False
AH7HACNNRSIPO,ns,2,30-1,30.0,1000.0,3.0,4574.699999809265,False
AH7HACNNRSIPO,ns,2,30-1,30.0,1000.0,13.0,842.8999996185303,False
AH7HACNNRSIPO,ns,2,30-1,30.0,1000.0,21.0,1927.1999998092651,False
AH7HACNNRSIPO,ns,2,30-1,30.0,1000.0,29.0,1279.6999998092651,False
AH7HACNNRSIPO,ns,2,30-1,30.0,1000.0,5.0,10734.5,False
AH7HACNNRSIPO,ns,2,30-1,30.0,1000.0,30.0,1806.3000001907349,False
AH7HACNNRSIPO,ns,2,30-1,30.0,1000.0,25.0,0.0,True
AH7HACNNRSIPO,ns,2,30-1,30.0,1000.0,27.0,1524.6999998092651,False
AH7HACNNRSIPO,ns,2,30-1,30.0,1000.0,17.0,2064.3999996185303,False
AH7HACNNRSIPO,ns,2,30-1,30.0,1000.0,28.0,2045.3999996185303,False
AH7HACNNRSIPO,ns,2,30-1,30.0,1000.0,28.0,843.6000003814697,False
AH7HACNNRSIPO,ns,3,30-1,30.0,1000.0,5.0,0.0,True
AH7HACNNRSIPO,ns,3,30-1,30.0,1000.0,1.0,1189.399999976159,False
AH7HACNNRSIPO,ns,3,30-1,30.0,1000.0,5.0,1279.9999999701977,False
AH7HACNNRSIPO,ns,3,30-1,30.0,1000.0,1.0,1100.5999999940395,False
AH7HACNNRSIPO,ns,3,30-1,30.0,1000.0,10.0,902.9999999701977,False
AH7HACNNRSIPO,ns,3,30-1,30.0,1000.0,4.0,15931.599999964237,False
AH7HACNNRSIPO,ns,3,30-1,30.0,1000.0,3.0,1557.9999999701977,False
AH7HACNNRSIPO,ns,3,30-1,30.0,1000.0,2.0,1724.4000000059605,False
AH7HACNNRSIPO,ns,3,30-1,30.0,1000.0,8.0,18221.19999998808,False
AH7HACNNRSIPO,ns,3,30-1,30.0,1000.0,2.0,59.699999988079526,False
AH7HACNNRSIPO,ns,3,30-1,30.0,1000.0,3.0,596.399999976159,False
AH7HACNNRSIPO,ns,4,30-1,30.0,1000.0,17.0,1520.7999999523163,False
AH7HACNNRSIPO,ns,4,30-1,30.0,1000.0,29.0,1013.7000000476837,False
AH7HACNNRSIPO,ns,4,30-1,30.0,1000.0,4.0,2118.7999999523163,False
AH7HACNNRSIPO,ns,4,30-1,30.0,1000.0,1.0,1715.6000000238419,False
AH7HACNNRSIPO,ns,4,30-1,30.0,1000.0,2.0,2932.0,False
AH7HACNNRSIPO,ns,4,30-1,30.0,1000.0,5.0,7914.5,False
AH7HACNNRSIPO,ns,4,30-1,30.0,1000.0,2.0,2997.4999998807907,False
AH7HACNNRSIPO,ns,4,30-1,30.0,1000.0,3.0,2022.8999999761581,False
AH7HACNNRSIPO,ns,4,30-1,30.0,1000.0,2.0,208.79999995231628,False
AH7HACNNRSIPO,ns,4,30-1,30.0,1000.0,2.0,2094.0999999046326,False
AH7HACNNRSIPO,ns,4,30-1,30.0,1000.0,1.0,0.0,True
AHZCC2V399WUN,ns,1,20-2,20.0,2000.0,11.0,0.0,True
AHZCC2V399WUN,ns,1,20-2,20.0,2000.0,9.0,4151.000000238419,False
AHZCC2V399WUN,ns,1,20-2,20.0,2000.0,12.0,5628.900000095367,False
AHZCC2V399WUN,ns,1,20-2,20.0,2000.0,11.0,33540.900000095375,False
AHZCC2V399WUN,ns,1,20-2,20.0,2000.0,10.0,2949.100000143051,False
AHZCC2V399WUN,ns,1,20-2,20.0,2000.0,1.0,13164.400000095367,False
AHZCC2V399WUN,ns,1,20-2,20.0,2000.0,10.0,2991.5,False
AHZCC2V399WUN,ns,1,20-2,20.0,2000.0,12.0,2120.5,False
AHZCC2V399WUN,ns,1,20-2,20.0,2000.0,1.0,1614.2000000476837,False
AHZCC2V399WUN,ns,1,20-2,20.0,2000.0,14.0,1559.3000001907349,False
AHZCC2V399WUN,ns,1,20-2,20.0,2000.0,14.0,1654.6000001430511,False
AHZCC2V399WUN,ns,2,20-2,20.0,2000.0,11.0,997.4999997615814,False
AHZCC2V399WUN,ns,2,20-2,20.0,2000.0,10.0,15930.399999856952,False
AHZCC2V399WUN,ns,2,20-2,20.0,2000.0,19.0,1541.0999999046326,False
AHZCC2V399WUN,ns,2,20-2,20.0,2000.0,20.0,0.0,True
AHZCC2V399WUN,ns,2,20-2,20.0,2000.0,1.0,2050.899999856949,False
AHZCC2V399WUN,ns,2,20-2,20.0,2000.0,2.0,1197.0999999046326,False
AHZCC2V399WUN,ns,2,20-2,20.0,2000.0,1.0,2877.2999999523163,False
AHZCC2V399WUN,ns,2,20-2,20.0,2000.0,3.0,1140.0000000000005,False
AHZCC2V399WUN,ns,2,20-2,20.0,2000.0,1.0,411.39999985694885,False
AHZCC2V399WUN,ns,2,20-2,20.0,2000.0,1.0,1918.0999999046326,False
AHZCC2V399WUN,ns,3,20-2,20.0,2000.0,1.0,6012.600000143051,False
AHZCC2V399WUN,ns,3,20-2,20.0,2000.0,4.0,2895.200000047684,False
AHZCC2V399WUN,ns,3,20-2,20.0,2000.0,2.0,3867.2999999523167,False
AHZCC2V399WUN,ns,3,20-2,20.0,2000.0,1.0,3427.1000001430516,False
AHZCC2V399WUN,ns,3,20-2,20.0,2000.0,3.0,6062.0,False
AHZCC2V399WUN,ns,3,20-2,20.0,2000.0,1.0,6450.400000095367,False
AHZCC2V399WUN,ns,3,20-2,20.0,2000.0,20.0,1506.8000001907353,False
AHZCC2V399WUN,ns,3,20-2,20.0,2000.0,12.0,0.0,True
AHZCC2V399WUN,ns,3,20-2,20.0,2000.0,1.0,3383.8999998569493,False
AHZCC2V399WUN,ns,3,20-2,20.0,2000.0,13.0,2161.400000095368,False
AHZCC2V399WUN,ns,3,20-2,20.0,2000.0,8.0,3393.6000001430516,False
AHZCC2V399WUN,ns,3,20-2,20.0,2000.0,1.0,239.7999999523172,False
AHZCC2V399WUN,ns,4,20-2,20.0,2000.0,4.0,0.0,True
AHZCC2V399WUN,ns,4,20-2,20.0,2000.0,13.0,264.59999990463257,False
AHZCC2V399WUN,ns,4,20-2,20.0,2000.0,2.0,2539.800000190735,False
AHZCC2V399WUN,ns,4,20-2,20.0,2000.0,2.0,2312.9000000953674,False
AHZCC2V399WUN,ns,4,20-2,20.0,2000.0,1.0,2656.7000002861023,False
AHZCC2V399WUN,ns,4,20-2,20.0,2000.0,1.0,4858.200000286102,False
AHZCC2V399WUN,ns,4,20-2,20.0,2000.0,4.0,20367.000000476834,False
AHZCC2V399WUN,ns,4,20-2,20.0,2000.0,8.0,8487.200000286102,False
AHZCC2V399WUN,ns,4,20-2,20.0,2000.0,2.0,5699.900000095366,False
AHZCC2V399WUN,ns,4,20-2,20.0,2000.0,4.0,10396.900000095366,False
AHZCC2V399WUN,ns,4,20-2,20.0,2000.0,16.0,4771.800000190735,False
AIDU49N2KO05N,ns,1,30-1,30.0,1000.0,8.0,0.0,True
AIDU49N2KO05N,ns,1,30-1,30.0,1000.0,2.0,7107.5,False
AIDU49N2KO05N,ns,1,30-1,30.0,1000.0,10.0,7247.199999809265,False
AIDU49N2KO05N,ns,1,30-1,30.0,1000.0,2.0,13510.299999952316,False
AIDU49N2KO05N,ns,1,30-1,30.0,1000.0,7.0,3305.0999999046326,False
AIDU49N2KO05N,ns,1,30-1,30.0,1000.0,19.0,10005.699999809265,False
AIDU49N2KO05N,ns,1,30-1,30.0,1000.0,11.0,1264.1999998092651,False
AIDU49N2KO05N,ns,1,30-1,30.0,1000.0,1.0,3024.9999997615814,False
AIDU49N2KO05N,ns,1,30-1,30.0,1000.0,1.0,2325.399999856949,False
AIDU49N2KO05N,ns,1,30-1,30.0,1000.0,10.0,9228.200000047686,False
AIDU49N2KO05N,ns,1,30-1,30.0,1000.0,6.0,2581.5999999046326,False
AIDU49N2KO05N,ns,2,30-1,30.0,1000.0,17.0,0.0,True
AIDU49N2KO05N,ns,2,30-1,30.0,1000.0,19.0,3905.9999999403935,False
AIDU49N2KO05N,ns,2,30-1,30.0,1000.0,12.0,9180.599999964239,False
AIDU49N2KO05N,ns,2,30-1,30.0,1000.0,9.0,3818.9999999403935,False
AIDU49N2KO05N,ns,2,30-1,30.0,1000.0,1.0,6470.399999976158,False
AIDU49N2KO05N,ns,2,30-1,30.0,1000.0,9.0,3943.9999999403935,False
AIDU49N2KO05N,ns,2,30-1,30.0,1000.0,10.0,6219.299999952316,False
AIDU49N2KO05N,ns,2,30-1,30.0,1000.0,4.0,1420.9999999403954,False
AIDU49N2KO05N,ns,3,30-1,30.0,1000.0,1.0,0.0,True
AIDU49N2KO05N,ns,3,30-1,30.0,1000.0,20.0,6071.899999976158,False
AIDU49N2KO05N,ns,3,30-1,30.0,1000.0,8.0,8622.0,False
AIDU49N2KO05N,ns,3,30-1,30.0,1000.0,2.0,18245.89999997616,False
AIDU49N2KO05N,ns,3,30-1,30.0,1000.0,25.0,3811.7000000476837,False
AIDU49N2KO05N,ns,3,30-1,30.0,1000.0,23.0,9677.69999998808,False
AIDU49N2KO05N,ns,3,30-1,30.0,1000.0,17.0,1687.9000000357628,False
AIDU49N2KO05N,ns,3,30-1,30.0,1000.0,15.0,11281.5,False
AIDU49N2KO05N,ns,3,30-1,30.0,1000.0,11.0,4196.199999988079,False
AIDU49N2KO05N,ns,3,30-1,30.0,1000.0,2.0,6491.600000023842,False
AIDU49N2KO05N,ns,3,30-1,30.0,1000.0,29.0,966.4000000357628,False
AIDU49N2KO05N,ns,3,30-1,30.0,1000.0,1.0,13995.100000023842,False
AIDU49N2KO05N,ns,4,30-1,30.0,1000.0,7.0,0.0,True
AIDU49N2KO05N,ns,4,30-1,30.0,1000.0,22.0,7509.899999976158,False
AIDU49N2KO05N,ns,4,30-1,30.0,1000.0,30.0,5138.199999928474,False
AIDU49N2KO05N,ns,4,30-1,30.0,1000.0,30.0,4417.799999952316,False
AIDU49N2KO05N,ns,4,30-1,30.0,1000.0,29.0,4846.0,False
AIDU49N2KO05N,ns,4,30-1,30.0,1000.0,16.0,6409.299999952316,False
AJD90361AJO80,ns,1,20-1,20.0,1000.0,1.0,2324.0,False
AJD90361AJO80,ns,1,20-1,20.0,1000.0,20.0,20921.0,False
AJD90361AJO80,ns,1,20-1,20.0,1000.0,20.0,0.0,True
AJD90361AJO80,ns,1,20-1,20.0,1000.0,18.0,2988.0,False
AJD90361AJO80,ns,1,20-1,20.0,1000.0,2.0,13764.0,False
AJD90361AJO80,ns,1,20-1,20.0,1000.0,1.0,10756.0,False
AJD90361AJO80,ns,1,20-1,20.0,1000.0,2.0,10749.0,False
AJD90361AJO80,ns,1,20-1,20.0,1000.0,4.0,24043.0,False
AJD90361AJO80,ns,1,20-1,20.0,1000.0,12.0,30850.0,False
AJD90361AJO80,ns,2,20-1,20.0,1000.0,20.0,1455.0,False
AJD90361AJO80,ns,2,20-1,20.0,1000.0,19.0,12747.0,False
AJD90361AJO80,ns,2,20-1,20.0,1000.0,20.0,5399.0,False
AJD90361AJO80,ns,2,20-1,20.0,1000.0,12.0,14146.0,False
AJD90361AJO80,ns,2,20-1,20.0,1000.0,20.0,0.0,True
AJD90361AJO80,ns,2,20-1,20.0,1000.0,2.0,15657.0,False
AJD90361AJO80,ns,2,20-1,20.0,1000.0,14.0,3472.0,False
AJD90361AJO80,ns,2,20-1,20.0,1000.0,20.0,12421.0,False
AJD90361AJO80,ns,2,20-1,20.0,1000.0,19.0,4990.0,False
AJD90361AJO80,ns,2,20-1,20.0,1000.0,20.0,3145.0,False
AJD90361AJO80,ns,2,20-1,20.0,1000.0,20.0,2039.0,False
AJD90361AJO80,ns,3,20-1,20.0,1000.0,12.0,3185.0,False
AJD90361AJO80,ns,3,20-1,20.0,1000.0,19.0,1977.0,False
AJD90361AJO80,ns,3,20-1,20.0,1000.0,2.0,774.0,False
AJD90361AJO80,ns,3,20-1,20.0,1000.0,1.0,4209.0,False
AJD90361AJO80,ns,3,20-1,20.0,1000.0,20.0,3522.0,False
AJD90361AJO80,ns,3,20-1,20.0,1000.0,19.0,22175.0,False
AJD90361AJO80,ns,3,20-1,20.0,1000.0,20.0,0.0,True
AJD90361AJO80,ns,3,20-1,20.0,1000.0,19.0,2502.0,False
AJD90361AJO80,ns,3,20-1,20.0,1000.0,20.0,465.0,False
AJD90361AJO80,ns,3,20-1,20.0,1000.0,20.0,2159.0,False
AJD90361AJO80,ns,4,20-1,20.0,1000.0,6.0,2344.0,False
AJD90361AJO80,ns,4,20-1,20.0,1000.0,12.0,5792.0,False
AJD90361AJO80,ns,4,20-1,20.0,1000.0,19.0,6251.0,False
AJD90361AJO80,ns,4,20-1,20.0,1000.0,20.0,8578.0,False
AJD90361AJO80,ns,4,20-1,20.0,1000.0,20.0,2842.0,False
AJD90361AJO80,ns,4,20-1,20.0,1000.0,1.0,11955.0,False
AJD90361AJO80,ns,4,20-1,20.0,1000.0,2.0,21726.0,False
AJD90361AJO80,ns,4,20-1,20.0,1000.0,19.0,3380.0,False
AJD90361AJO80,ns,4,20-1,20.0,1000.0,20.0,3685.0,False
AJD90361AJO80,ns,4,20-1,20.0,1000.0,19.0,0.0,True
AK52RXEJKR81A,ns,1,20-1,20.0,1000.0,2.0,0.0,True
AK52RXEJKR81A,ns,1,20-1,20.0,1000.0,1.0,7832.300001144409,False
AK52RXEJKR81A,ns,1,20-1,20.0,1000.0,1.0,11010.30000114441,False
AK52RXEJKR81A,ns,1,20-1,20.0,1000.0,2.0,2430.0,False
AK52RXEJKR81A,ns,1,20-1,20.0,1000.0,7.0,3838.1000003814697,False
AK52RXEJKR81A,ns,1,20-1,20.0,1000.0,1.0,3118.9000005722046,False
AK52RXEJKR81A,ns,1,20-1,20.0,1000.0,1.0,6421.199999809265,False
AK52RXEJKR81A,ns,1,20-1,20.0,1000.0,20.0,3958.0,False
AK52RXEJKR81A,ns,1,20-1,20.0,1000.0,20.0,3512.2000007629395,False
AK52RXEJKR81A,ns,1,20-1,20.0,1000.0,19.0,3220.1000003814697,False
AK52RXEJKR81A,ns,1,20-1,20.0,1000.0,20.0,2503.5,False
AK52RXEJKR81A,ns,1,20-1,20.0,1000.0,1.0,4677.699999809265,False
AK52RXEJKR81A,ns,2,20-1,20.0,1000.0,2.0,0.0,True
AK52RXEJKR81A,ns,2,20-1,20.0,1000.0,4.0,3932.0,False
AK52RXEJKR81A,ns,2,20-1,20.0,1000.0,20.0,6854.5,False
AK52RXEJKR81A,ns,2,20-1,20.0,1000.0,2.0,5061.800000190735,False
AK52RXEJKR81A,ns,2,20-1,20.0,1000.0,1.0,4705.300000190735,False
AK52RXEJKR81A,ns,2,20-1,20.0,1000.0,20.0,2758.300000190735,False
AK52RXEJKR81A,ns,2,20-1,20.0,1000.0,20.0,4004.0,False
AK52RXEJKR81A,ns,2,20-1,20.0,1000.0,1.0,2553.7999992370605,False
AK52RXEJKR81A,ns,2,20-1,20.0,1000.0,19.0,7163.39999961853,False
AK52RXEJKR81A,ns,2,20-1,20.0,1000.0,19.0,3427.9000005722046,False
AK52RXEJKR81A,ns,2,20-1,20.0,1000.0,17.0,4124.800000190735,False
AK52RXEJKR81A,ns,3,20-1,20.0,1000.0,1.0,0.0,True
AK52RXEJKR81A,ns,3,20-1,20.0,1000.0,6.0,4542.0,False
AK52RXEJKR81A,ns,3,20-1,20.0,1000.0,3.0,3693.300000190735,False
AK52RXEJKR81A,ns,3,20-1,20.0,1000.0,1.0,10316.70000076294,False
AK52RXEJKR81A,ns,3,20-1,20.0,1000.0,1.0,8407.0,False
AK52RXEJKR81A,ns,3,20-1,20.0,1000.0,20.0,5779.900000572206,False
AK52RXEJKR81A,ns,3,20-1,20.0,1000.0,20.0,10529.500000953674,False
AK52RXEJKR81A,ns,3,20-1,20.0,1000.0,1.0,7235.89999961853,False
AK52RXEJKR81A,ns,3,20-1,20.0,1000.0,20.0,6165.200000762939,False
AK52RXEJKR81A,ns,3,20-1,20.0,1000.0,20.0,5623.0,False
AK52RXEJKR81A,ns,3,20-1,20.0,1000.0,20.0,4260.400000572205,False
AK52RXEJKR81A,ns,3,20-1,20.0,1000.0,20.0,4704.10000038147,False
AM65LGXJBTJ0I,ns,1,15-2,15.0,2000.0,1.0,1647.7000002861023,False
AM65LGXJBTJ0I,ns,1,15-2,15.0,2000.0,15.0,2441.2999999523163,False
AM65LGXJBTJ0I,ns,1,15-2,15.0,2000.0,15.0,2066.2000000476837,False
AM65LGXJBTJ0I,ns,1,15-2,15.0,2000.0,14.0,2059.0,False
AM65LGXJBTJ0I,ns,1,15-2,15.0,2000.0,15.0,2246.2000000476837,False
AM65LGXJBTJ0I,ns,1,15-2,15.0,2000.0,15.0,515.0000002384186,False
AM65LGXJBTJ0I,ns,1,15-2,15.0,2000.0,15.0,748.3000001907353,False
AM65LGXJBTJ0I,ns,1,15-2,15.0,2000.0,15.0,1488.5,False
AM65LGXJBTJ0I,ns,1,15-2,15.0,2000.0,15.0,708.4000000953674,False
AM65LGXJBTJ0I,ns,1,15-2,15.0,2000.0,15.0,817.6000001430511,False
AM65LGXJBTJ0I,ns,1,15-2,15.0,2000.0,14.0,98.50000023841858,False
AM65LGXJBTJ0I,ns,1,15-2,15.0,2000.0,13.0,0.0,True
AM65LGXJBTJ0I,ns,2,15-2,15.0,2000.0,1.0,908.0,False
AM65LGXJBTJ0I,ns,2,15-2,15.0,2000.0,14.0,801.2999999523158,False
AM65LGXJBTJ0I,ns,2,15-2,15.0,2000.0,1.0,1053.400000095367,False
AM65LGXJBTJ0I,ns,2,15-2,15.0,2000.0,15.0,487.10000014305115,False
AM65LGXJBTJ0I,ns,2,15-2,15.0,2000.0,1.0,1080.7000000476833,False
AM65LGXJBTJ0I,ns,2,15-2,15.0,2000.0,1.0,1339.900000095367,False
AM65LGXJBTJ0I,ns,2,15-2,15.0,2000.0,1.0,1487.2999999523158,False
AM65LGXJBTJ0I,ns,2,15-2,15.0,2000.0,1.0,678.2999999523158,False
AM65LGXJBTJ0I,ns,2,15-2,15.0,2000.0,1.0,0.0,True
AM65LGXJBTJ0I,ns,2,15-2,15.0,2000.0,1.0,104.90000009536698,False
AM65LGXJBTJ0I,ns,2,15-2,15.0,2000.0,1.0,1350.900000095367,False
AM65LGXJBTJ0I,ns,3,15-2,15.0,2000.0,15.0,0.0,True
AM65LGXJBTJ0I,ns,3,15-2,15.0,2000.0,9.0,80.39999961853027,False
AM65LGXJBTJ0I,ns,3,15-2,15.0,2000.0,6.0,1807.5,False
AM65LGXJBTJ0I,ns,3,15-2,15.0,2000.0,13.0,10.800000190734863,False
AM65LGXJBTJ0I,ns,3,15-2,15.0,2000.0,1.0,4754.699999809265,False
AM65LGXJBTJ0I,ns,3,15-2,15.0,2000.0,1.0,945.5999999046326,False
AM65LGXJBTJ0I,ns,3,15-2,15.0,2000.0,1.0,1284.3000001907349,False
AM65LGXJBTJ0I,ns,3,15-2,15.0,2000.0,1.0,242.7999997138977,False
AM65LGXJBTJ0I,ns,3,15-2,15.0,2000.0,11.0,2416.7999997138977,False
AM65LGXJBTJ0I,ns,3,15-2,15.0,2000.0,1.0,1261.9000000953674,False
AM65LGXJBTJ0I,ns,3,15-2,15.0,2000.0,1.0,1572.6999998092651,False
AM65LGXJBTJ0I,ns,3,15-2,15.0,2000.0,1.0,781.3000001907349,False
AM65LGXJBTJ0I,ns,4,15-2,15.0,2000.0,1.0,0.0,True
AM65LGXJBTJ0I,ns,4,15-2,15.0,2000.0,1.0,2560.1999998092656,False
AM65LGXJBTJ0I,ns,4,15-2,15.0,2000.0,1.0,1982.1999998092656,False
AM65LGXJBTJ0I,ns,4,15-2,15.0,2000.0,1.0,4230.599999904633,False
AM65LGXJBTJ0I,ns,4,15-2,15.0,2000.0,1.0,3125.7999997138977,False
AM65LGXJBTJ0I,ns,4,15-2,15.0,2000.0,1.0,2478.0000000000005,False
AM65LGXJBTJ0I,ns,4,15-2,15.0,2000.0,10.0,3434.699999809265,False
AM65LGXJBTJ0I,ns,4,15-2,15.0,2000.0,1.0,4054.8999996185303,False
AM65LGXJBTJ0I,ns,4,15-2,15.0,2000.0,1.0,2351.800000190735,False
AM65LGXJBTJ0I,ns,4,15-2,15.0,2000.0,1.0,3957.5,False
AM65LGXJBTJ0I,ns,4,15-2,15.0,2000.0,1.0,2210.5000000000005,False
AM65LGXJBTJ0I,ns,4,15-2,15.0,2000.0,1.0,3687.999999523163,False
ANCTZADQC3D75,ns,1,40-1,40.0,1000.0,1.0,0.0,True
ANCTZADQC3D75,ns,1,40-1,40.0,1000.0,1.0,12678.0,False
ANCTZADQC3D75,ns,1,40-1,40.0,1000.0,38.0,3767.0,False
ANCTZADQC3D75,ns,1,40-1,40.0,1000.0,38.0,2727.0,False
ANCTZADQC3D75,ns,1,40-1,40.0,1000.0,38.0,2702.0,False
ANCTZADQC3D75,ns,1,40-1,40.0,1000.0,37.0,2807.0,False
ANCTZADQC3D75,ns,1,40-1,40.0,1000.0,38.0,3581.0,False
ANCTZADQC3D75,ns,1,40-1,40.0,1000.0,38.0,3661.0,False
ANCTZADQC3D75,ns,2,40-1,40.0,1000.0,2.0,10341.0,False
ANCTZADQC3D75,ns,2,40-1,40.0,1000.0,1.0,6528.0,False
ANCTZADQC3D75,ns,2,40-1,40.0,1000.0,1.0,10725.0,False
ANCTZADQC3D75,ns,2,40-1,40.0,1000.0,1.0,3430.0,False
ANCTZADQC3D75,ns,2,40-1,40.0,1000.0,4.0,5588.0,False
ANCTZADQC3D75,ns,2,40-1,40.0,1000.0,37.0,0.0,True
ANCTZADQC3D75,ns,3,40-1,40.0,1000.0,39.0,4234.0,False
ANCTZADQC3D75,ns,3,40-1,40.0,1000.0,38.0,6641.0,False
ANCTZADQC3D75,ns,3,40-1,40.0,1000.0,40.0,2393.0,False
ANCTZADQC3D75,ns,3,40-1,40.0,1000.0,38.0,3894.0,False
ANCTZADQC3D75,ns,3,40-1,40.0,1000.0,4.0,3142.0,False
ANCTZADQC3D75,ns,3,40-1,40.0,1000.0,39.0,0.0,True
ANCTZADQC3D75,ns,3,40-1,40.0,1000.0,38.0,1065.0,False
ANCTZADQC3D75,ns,3,40-1,40.0,1000.0,37.0,4565.0,False
ANCTZADQC3D75,ns,4,40-1,40.0,1000.0,3.0,2236.0,False
ANCTZADQC3D75,ns,4,40-1,40.0,1000.0,2.0,10292.0,False
ANCTZADQC3D75,ns,4,40-1,40.0,1000.0,38.0,6038.0,False
ANCTZADQC3D75,ns,4,40-1,40.0,1000.0,39.0,532.0,False
ANCTZADQC3D75,ns,4,40-1,40.0,1000.0,40.0,4151.0,False
ANCTZADQC3D75,ns,4,40-1,40.0,1000.0,1.0,3713.0,False
ANCTZADQC3D75,ns,4,40-1,40.0,1000.0,40.0,4670.0,False
ANCTZADQC3D75,ns,4,40-1,40.0,1000.0,37.0,1350.0,False
ANCTZADQC3D75,ns,4,40-1,40.0,1000.0,40.0,1833.0,False
ANCTZADQC3D75,ns,4,40-1,40.0,1000.0,37.0,0.0,True
AP4B1GJIT3HYF,ns,1,30-1,30.0,1000.0,7.0,696.0,False
AP4B1GJIT3HYF,ns,1,30-1,30.0,1000.0,1.0,10824.0,False
AP4B1GJIT3HYF,ns,1,30-1,30.0,1000.0,21.0,2099.0,False
AP4B1GJIT3HYF,ns,1,30-1,30.0,1000.0,27.0,1584.0,False
AP4B1GJIT3HYF,ns,1,30-1,30.0,1000.0,29.0,0.0,True
AP4B1GJIT3HYF,ns,1,30-1,30.0,1000.0,4.0,30891.0,False
AP4B1GJIT3HYF,ns,1,30-1,30.0,1000.0,2.0,707.0,False
AP4B1GJIT3HYF,ns,1,30-1,30.0,1000.0,1.0,4828.0,False
AP4B1GJIT3HYF,ns,1,30-1,30.0,1000.0,26.0,23954.0,False
AP4B1GJIT3HYF,ns,1,30-1,30.0,1000.0,2.0,6590.0,False
AP4B1GJIT3HYF,ns,2,30-1,30.0,1000.0,1.0,0.0,True
AP4B1GJIT3HYF,ns,2,30-1,30.0,1000.0,4.0,14779.0,False
AP4B1GJIT3HYF,ns,2,30-1,30.0,1000.0,30.0,15008.0,False
AP4B1GJIT3HYF,ns,2,30-1,30.0,1000.0,30.0,9515.0,False
AP4B1GJIT3HYF,ns,2,30-1,30.0,1000.0,26.0,2539.0,False
AP4B1GJIT3HYF,ns,2,30-1,30.0,1000.0,28.0,23075.0,False
AP4B1GJIT3HYF,ns,2,30-1,30.0,1000.0,1.0,7349.0,False
AP4B1GJIT3HYF,ns,2,30-1,30.0,1000.0,23.0,5696.0,False
AP4B1GJIT3HYF,ns,2,30-1,30.0,1000.0,7.0,10440.0,False
AP4B1GJIT3HYF,ns,2,30-1,30.0,1000.0,30.0,4145.0,False
AP4B1GJIT3HYF,ns,3,30-1,30.0,1000.0,4.0,1373.0,False
AP4B1GJIT3HYF,ns,3,30-1,30.0,1000.0,2.0,7127.0,False
AP4B1GJIT3HYF,ns,3,30-1,30.0,1000.0,3.0,290.0,False
AP4B1GJIT3HYF,ns,3,30-1,30.0,1000.0,1.0,5606.0,False
AP4B1GJIT3HYF,ns,3,30-1,30.0,1000.0,3.0,7256.0,False
AP4B1GJIT3HYF,ns,3,30-1,30.0,1000.0,1.0,3821.0,False
AP4B1GJIT3HYF,ns,3,30-1,30.0,1000.0,30.0,1907.0,False
AP4B1GJIT3HYF,ns,3,30-1,30.0,1000.0,29.0,179.0,False
AP4B1GJIT3HYF,ns,3,30-1,30.0,1000.0,28.0,0.0,True
AP4B1GJIT3HYF,ns,3,30-1,30.0,1000.0,30.0,5975.0,False
AP4B1GJIT3HYF,ns,3,30-1,30.0,1000.0,29.0,3314.0,False
AP4B1GJIT3HYF,ns,4,30-1,30.0,1000.0,15.0,193.0,False
AP4B1GJIT3HYF,ns,4,30-1,30.0,1000.0,27.0,176.0,False
AP4B1GJIT3HYF,ns,4,30-1,30.0,1000.0,29.0,3727.0,False
AP4B1GJIT3HYF,ns,4,30-1,30.0,1000.0,28.0,1618.0,False
AP4B1GJIT3HYF,ns,4,30-1,30.0,1000.0,4.0,0.0,True
AP4B1GJIT3HYF,ns,4,30-1,30.0,1000.0,30.0,2298.0,False
AP4B1GJIT3HYF,ns,4,30-1,30.0,1000.0,24.0,6017.0,False
AP4B1GJIT3HYF,ns,4,30-1,30.0,1000.0,29.0,947.0,False
AP4B1GJIT3HYF,ns,4,30-1,30.0,1000.0,15.0,9916.0,False
AW2UVK63OLFW,ns,1,15-2,15.0,2000.0,2.0,0.0,True
AW2UVK63OLFW,ns,1,15-2,15.0,2000.0,11.0,22228.099999904633,False
AW2UVK63OLFW,ns,1,15-2,15.0,2000.0,6.0,5371.600000143051,False
AW2UVK63OLFW,ns,1,15-2,15.0,2000.0,15.0,4873.00000023842,False
AW2UVK63OLFW,ns,1,15-2,15.0,2000.0,11.0,1796.2000000476837,False
AW2UVK63OLFW,ns,1,15-2,15.0,2000.0,15.0,19109.700000047684,False
AW2UVK63OLFW,ns,1,15-2,15.0,2000.0,4.0,1760.0000002384186,False
AW2UVK63OLFW,ns,1,15-2,15.0,2000.0,14.0,2779.800000190735,False
AW2UVK63OLFW,ns,1,15-2,15.0,2000.0,15.0,1277.6000001430511,False
AW2UVK63OLFW,ns,1,15-2,15.0,2000.0,15.0,1693.4000000953674,False
AW2UVK63OLFW,ns,2,15-2,15.0,2000.0,1.0,4790.599999904634,False
AW2UVK63OLFW,ns,2,15-2,15.0,2000.0,15.0,4833.200000286104,False
AW2UVK63OLFW,ns,2,15-2,15.0,2000.0,1.0,11758.800000190737,False
AW2UVK63OLFW,ns,2,15-2,15.0,2000.0,15.0,5057.300000190737,False
AW2UVK63OLFW,ns,2,15-2,15.0,2000.0,6.0,21608.700000286102,False
AW2UVK63OLFW,ns,2,15-2,15.0,2000.0,15.0,7788.500000476839,False
AW2UVK63OLFW,ns,2,15-2,15.0,2000.0,15.0,4162.100000381473,False
AW2UVK63OLFW,ns,2,15-2,15.0,2000.0,15.0,3434.9000000953693,False
AW2UVK63OLFW,ns,2,15-2,15.0,2000.0,15.0,7347.400000095369,False
AW2UVK63OLFW,ns,2,15-2,15.0,2000.0,15.0,0.0,True
AW2UVK63OLFW,ns,2,15-2,15.0,2000.0,15.0,1022.3000001907367,False
AW2UVK63OLFW,ns,3,15-2,15.0,2000.0,11.0,0.0,True
AW2UVK63OLFW,ns,3,15-2,15.0,2000.0,14.0,27624.5,False
AW2UVK63OLFW,ns,3,15-2,15.0,2000.0,14.0,6524.199999809263,False
AW2UVK63OLFW,ns,3,15-2,15.0,2000.0,1.0,5826.799999713898,False
AW2UVK63OLFW,ns,3,15-2,15.0,2000.0,1.0,4208.5,False
AW2UVK63OLFW,ns,3,15-2,15.0,2000.0,15.0,2760.5,False
AW2UVK63OLFW,ns,3,15-2,15.0,2000.0,2.0,3925.8000001907367,False
AW2UVK63OLFW,ns,3,15-2,15.0,2000.0,15.0,2747.5,False
AW2UVK63OLFW,ns,3,15-2,15.0,2000.0,1.0,8447.699999809263,False
AW2UVK63OLFW,ns,3,15-2,15.0,2000.0,15.0,3769.9000000953674,False
AW2UVK63OLFW,ns,4,15-2,15.0,2000.0,13.0,0.0,True
AW2UVK63OLFW,ns,4,15-2,15.0,2000.0,15.0,5068.099999427795,False
AW2UVK63OLFW,ns,4,15-2,15.0,2000.0,1.0,7021.699999809265,False
AW2UVK63OLFW,ns,4,15-2,15.0,2000.0,1.0,5953.699999809265,False
AW2UVK63OLFW,ns,4,15-2,15.0,2000.0,1.0,4962.699999809265,False
AW2UVK63OLFW,ns,4,15-2,15.0,2000.0,1.0,3703.300000190735,False
AW2UVK63OLFW,ns,4,15-2,15.0,2000.0,5.0,6804.099999904633,False
AW2UVK63OLFW,ns,4,15-2,15.0,2000.0,15.0,3230.3999996185303,False
AW2UVK63OLFW,ns,4,15-2,15.0,2000.0,1.0,6926.899999618528,False
AWJKR5GA7BS7V,ns,1,10-2,10.0,2000.0,2.0,0.0,True
AWJKR5GA7BS7V,ns,1,10-2,10.0,2000.0,1.0,5157.0,False
AWJKR5GA7BS7V,ns,1,10-2,10.0,2000.0,1.0,3671.0,False
AWJKR5GA7BS7V,ns,1,10-2,10.0,2000.0,1.0,6575.0,False
AWJKR5GA7BS7V,ns,1,10-2,10.0,2000.0,1.0,2098.0,False
AWJKR5GA7BS7V,ns,1,10-2,10.0,2000.0,1.0,6972.0,False
AWJKR5GA7BS7V,ns,2,10-2,10.0,2000.0,10.0,2759.0,False
AWJKR5GA7BS7V,ns,2,10-2,10.0,2000.0,9.0,4406.0,False
AWJKR5GA7BS7V,ns,2,10-2,10.0,2000.0,10.0,4801.0,False
AWJKR5GA7BS7V,ns,2,10-2,10.0,2000.0,9.0,3539.0,False
AWJKR5GA7BS7V,ns,2,10-2,10.0,2000.0,10.0,3266.0,False
AWJKR5GA7BS7V,ns,2,10-2,10.0,2000.0,9.0,4204.0,False
AWJKR5GA7BS7V,ns,2,10-2,10.0,2000.0,10.0,4085.0,False
AWJKR5GA7BS7V,ns,2,10-2,10.0,2000.0,10.0,7702.0,False
AWJKR5GA7BS7V,ns,2,10-2,10.0,2000.0,9.0,0.0,True
AWJKR5GA7BS7V,ns,3,10-2,10.0,2000.0,10.0,0.0,True
AWJKR5GA7BS7V,ns,3,10-2,10.0,2000.0,10.0,11546.0,False
AWJKR5GA7BS7V,ns,3,10-2,10.0,2000.0,10.0,4833.0,False
AWJKR5GA7BS7V,ns,3,10-2,10.0,2000.0,10.0,4442.0,False
AWJKR5GA7BS7V,ns,3,10-2,10.0,2000.0,1.0,6015.0,False
AWJKR5GA7BS7V,ns,3,10-2,10.0,2000.0,10.0,5503.0,False
AWJKR5GA7BS7V,ns,3,10-2,10.0,2000.0,9.0,12987.0,False
AWJKR5GA7BS7V,ns,3,10-2,10.0,2000.0,10.0,4427.0,False
AWJKR5GA7BS7V,ns,4,10-2,10.0,2000.0,1.0,0.0,True
AWJKR5GA7BS7V,ns,4,10-2,10.0,2000.0,3.0,2303.0,False
AWJKR5GA7BS7V,ns,4,10-2,10.0,2000.0,1.0,10509.0,False
AWJKR5GA7BS7V,ns,4,10-2,10.0,2000.0,1.0,4656.0,False
AWJKR5GA7BS7V,ns,4,10-2,10.0,2000.0,2.0,3639.0,False
AWJKR5GA7BS7V,ns,4,10-2,10.0,2000.0,1.0,10215.0,False
AWJKR5GA7BS7V,ns,4,10-2,10.0,2000.0,2.0,11265.0,False
AWJKR5GA7BS7V,ns,4,10-2,10.0,2000.0,1.0,10139.0,False
AWJKR5GA7BS7V,ns,4,10-2,10.0,2000.0,1.0,5485.0,False
AWJKR5GA7BS7V,ns,4,10-2,10.0,2000.0,1.0,2108.0,False
AWJKR5GA7BS7V,ns,4,10-2,10.0,2000.0,1.0,6025.0,False
AXCDKBG1R43GE,ns,1,20-2,20.0,2000.0,12.0,0.0,True
AXCDKBG1R43GE,ns,1,20-2,20.0,2000.0,7.0,10364.199999988079,False
AXCDKBG1R43GE,ns,1,20-2,20.0,2000.0,5.0,4296.5000000596065,False
AXCDKBG1R43GE,ns,1,20-2,20.0,2000.0,19.0,4986.399999976158,False
AXCDKBG1R43GE,ns,1,20-2,20.0,2000.0,16.0,17341.70000004768,False
AXCDKBG1R43GE,ns,1,20-2,20.0,2000.0,17.0,9902.400000035761,False
AXCDKBG1R43GE,ns,1,20-2,20.0,2000.0,19.0,9442.900000035761,False
AXCDKBG1R43GE,ns,1,20-2,20.0,2000.0,19.0,806.6000000238419,False
AXCDKBG1R43GE,ns,1,20-2,20.0,2000.0,15.0,2674.600000023842,False
AXCDKBG1R43GE,ns,1,20-2,20.0,2000.0,1.0,1555.5,False
AXCDKBG1R43GE,ns,1,20-2,20.0,2000.0,16.0,8332.700000047684,False
AXCDKBG1R43GE,ns,2,20-2,20.0,2000.0,20.0,0.0,True
AXCDKBG1R43GE,ns,2,20-2,20.0,2000.0,1.0,4751.200000000652,False
AXCDKBG1R43GE,ns,2,20-2,20.0,2000.0,19.0,12461.500000000466,False
AXCDKBG1R43GE,ns,2,20-2,20.0,2000.0,3.0,9260.90000000037,False
AXCDKBG1R43GE,ns,2,20-2,20.0,2000.0,19.0,3474.0,False
AXCDKBG1R43GE,ns,2,20-2,20.0,2000.0,20.0,6886.5,False
AXCDKBG1R43GE,ns,2,20-2,20.0,2000.0,20.0,7474.300000000279,False
AXCDKBG1R43GE,ns,2,20-2,20.0,2000.0,18.0,13515.30000000028,False
AXCDKBG1R43GE,ns,2,20-2,20.0,2000.0,20.0,11691.5,False
AXCDKBG1R43GE,ns,2,20-2,20.0,2000.0,3.0,5641.399999999907,False
AXCDKBG1R43GE,ns,3,20-2,20.0,2000.0,2.0,0.0,True
AXCDKBG1R43GE,ns,3,20-2,20.0,2000.0,18.0,11636.0,False
AXCDKBG1R43GE,ns,3,20-2,20.0,2000.0,10.0,2729.2000000029802,False
AXCDKBG1R43GE,ns,3,20-2,20.0,2000.0,13.0,6195.399999991059,False
AXCDKBG1R43GE,ns,3,20-2,20.0,2000.0,20.0,3616.7999999970198,False
AXCDKBG1R43GE,ns,3,20-2,20.0,2000.0,18.0,3928.2000000029793,False
AXCDKBG1R43GE,ns,3,20-2,20.0,2000.0,13.0,8097.5,False
AXCDKBG1R43GE,ns,3,20-2,20.0,2000.0,3.0,7523.0,False
AXCDKBG1R43GE,ns,3,20-2,20.0,2000.0,18.0,10518.89999999106,False
AXCDKBG1R43GE,ns,3,20-2,20.0,2000.0,3.0,3461.4000000059605,False
AXCDKBG1R43GE,ns,3,20-2,20.0,2000.0,18.0,8771.90000000596,False
AXCDKBG1R43GE,ns,4,20-2,20.0,2000.0,4.0,0.0,True
AXCDKBG1R43GE,ns,4,20-2,20.0,2000.0,3.0,5619.599999964237,False
AXCDKBG1R43GE,ns,4,20-2,20.0,2000.0,7.0,13990.599999964237,False
AXCDKBG1R43GE,ns,4,20-2,20.0,2000.0,18.0,9246.500000000002,False
AXCDKBG1R43GE,ns,4,20-2,20.0,2000.0,3.0,14333.899999916557,False
AXCDKBG1R43GE,ns,4,20-2,20.0,2000.0,17.0,20260.4999999404,False
AXCDKBG1R43GE,ns,4,20-2,20.0,2000.0,19.0,12291.599999964237,False
AXCDKBG1R43GE,ns,4,20-2,20.0,2000.0,1.0,17696.199999988075,False
AXCDKBG1R43GE,ns,4,20-2,20.0,2000.0,16.0,17738.199999928478,False
AXCDKBG1R43GE,ns,4,20-2,20.0,2000.0,11.0,38216.199999928474,False
AXFCUZ1WQC2WY,ns,1,20-1,20.0,1000.0,1.0,1645.0,False
AXFCUZ1WQC2WY,ns,1,20-1,20.0,1000.0,1.0,2552.0,False
AXFCUZ1WQC2WY,ns,1,20-1,20.0,1000.0,19.0,15968.0,False
AXFCUZ1WQC2WY,ns,1,20-1,20.0,1000.0,17.0,2832.0,False
AXFCUZ1WQC2WY,ns,1,20-1,20.0,1000.0,2.0,5786.0,False
AXFCUZ1WQC2WY,ns,1,20-1,20.0,1000.0,18.0,4493.0,False
AXFCUZ1WQC2WY,ns,1,20-1,20.0,1000.0,20.0,3042.0,False
AXFCUZ1WQC2WY,ns,1,20-1,20.0,1000.0,19.0,0.0,True
AXFCUZ1WQC2WY,ns,1,20-1,20.0,1000.0,20.0,4435.0,False
AXFCUZ1WQC2WY,ns,1,20-1,20.0,1000.0,19.0,7299.0,False
AXFCUZ1WQC2WY,ns,1,20-1,20.0,1000.0,16.0,8035.0,False
AXFCUZ1WQC2WY,ns,2,20-1,20.0,1000.0,1.0,0.0,True
AXFCUZ1WQC2WY,ns,2,20-1,20.0,1000.0,19.0,3355.0,False
AXFCUZ1WQC2WY,ns,2,20-1,20.0,1000.0,2.0,1888.0,False
AXFCUZ1WQC2WY,ns,2,20-1,20.0,1000.0,19.0,6334.0,False
AXFCUZ1WQC2WY,ns,2,20-1,20.0,1000.0,1.0,4685.0,False
AXFCUZ1WQC2WY,ns,2,20-1,20.0,1000.0,2.0,21091.0,False
AXFCUZ1WQC2WY,ns,2,20-1,20.0,1000.0,2.0,6701.0,False
AXFCUZ1WQC2WY,ns,2,20-1,20.0,1000.0,1.0,85787.0,False
AXFCUZ1WQC2WY,ns,2,20-1,20.0,1000.0,18.0,2229.0,False
AXFCUZ1WQC2WY,ns,2,20-1,20.0,1000.0,1.0,11091.0,False
AXFCUZ1WQC2WY,ns,2,20-1,20.0,1000.0,10.0,8432.0,False
AXFCUZ1WQC2WY,ns,2,20-1,20.0,1000.0,15.0,5749.0,False
AXFCUZ1WQC2WY,ns,3,20-1,20.0,1000.0,1.0,0.0,True
AXFCUZ1WQC2WY,ns,3,20-1,20.0,1000.0,2.0,1253.0,False
AXFCUZ1WQC2WY,ns,3,20-1,20.0,1000.0,2.0,1681.0,False
AXFCUZ1WQC2WY,ns,3,20-1,20.0,1000.0,2.0,5206.0,False
AXFCUZ1WQC2WY,ns,3,20-1,20.0,1000.0,1.0,6527.0,False
AXFCUZ1WQC2WY,ns,3,20-1,20.0,1000.0,1.0,3281.0,False
AXFCUZ1WQC2WY,ns,3,20-1,20.0,1000.0,1.0,4526.0,False
AXFCUZ1WQC2WY,ns,3,20-1,20.0,1000.0,1.0,2580.0,False
AXFCUZW85XUK1,ns,1,40-1,40.0,1000.0,32.0,0.0,True
AXFCUZW85XUK1,ns,1,40-1,40.0,1000.0,39.0,6541.599999964237,False
AXFCUZW85XUK1,ns,1,40-1,40.0,1000.0,1.0,5768.000000000002,False
AXFCUZW85XUK1,ns,1,40-1,40.0,1000.0,40.0,1778.300000011921,False
AXFCUZW85XUK1,ns,1,40-1,40.0,1000.0,40.0,1802.4000000357628,False
AXFCUZW85XUK1,ns,1,40-1,40.0,1000.0,2.0,2288.600000023842,False
AXFCUZW85XUK1,ns,1,40-1,40.0,1000.0,1.0,3525.399999976158,False
AXFCUZW85XUK1,ns,2,40-1,40.0,1000.0,32.0,3960.0,False
AXFCUZW85XUK1,ns,2,40-1,40.0,1000.0,37.0,947.3999999761581,False
AXFCUZW85XUK1,ns,2,40-1,40.0,1000.0,34.0,3593.600000023842,False
AXFCUZW85XUK1,ns,2,40-1,40.0,1000.0,39.0,0.0,True
AXFCUZW85XUK1,ns,2,40-1,40.0,1000.0,40.0,10894.399999976158,False
AXFCUZW85XUK1,ns,2,40-1,40.0,1000.0,39.0,1291.5999999046326,False
AXFCUZW85XUK1,ns,2,40-1,40.0,1000.0,40.0,2301.899999976158,False
AXFCUZW85XUK1,ns,2,40-1,40.0,1000.0,40.0,3557.600000023842,False
AXFCUZW85XUK1,ns,3,40-1,40.0,1000.0,36.0,1201.1000000238414,False
AXFCUZW85XUK1,ns,3,40-1,40.0,1000.0,37.0,0.0,True
AXFCUZW85XUK1,ns,3,40-1,40.0,1000.0,36.0,22297.799999952316,False
AXFCUZW85XUK1,ns,3,40-1,40.0,1000.0,30.0,30225.99999988079,False
AXFCUZW85XUK1,ns,3,40-1,40.0,1000.0,39.0,100.79999995231583,False
AXFCUZW85XUK1,ns,3,40-1,40.0,1000.0,36.0,3087.1000000238414,False
AXFCUZW85XUK1,ns,3,40-1,40.0,1000.0,39.0,2435.8999999761577,False
AXFCUZW85XUK1,ns,3,40-1,40.0,1000.0,34.0,299.99999988079026,False
AXFCUZW85XUK1,ns,3,40-1,40.0,1000.0,38.0,4198.299999952316,False
AXFCUZW85XUK1,ns,4,40-1,40.0,1000.0,40.0,0.0,True
AXFCUZW85XUK1,ns,4,40-1,40.0,1000.0,1.0,2155.89999999851,False
AXFCUZW85XUK1,ns,4,40-1,40.0,1000.0,32.0,516.3000000007451,False
AXFCUZW85XUK1,ns,4,40-1,40.0,1000.0,22.0,62549.699999999255,False
AXFCUZW85XUK1,ns,4,40-1,40.0,1000.0,3.0,22825.0,False
AXFCUZW85XUK1,ns,4,40-1,40.0,1000.0,1.0,4738.0,False
AXFCUZW85XUK1,ns,4,40-1,40.0,1000.0,2.0,48386.10000000149,False
AXFCUZW85XUK1,ns,4,40-1,40.0,1000.0,1.0,17210.5,False
AXFCUZW85XUK1,ns,4,40-1,40.0,1000.0,40.0,1487.300000000745,False
AXFCUZW85XUK1,ns,4,40-1,40.0,1000.0,1.0,67832.80000000075,False
AXFCUZW85XUK1,ns,4,40-1,40.0,1000.0,39.0,2462.60000000149,False
AXFCUZW85XUK1,ns,4,40-1,40.0,1000.0,2.0,6960.0,False
AY7M9MOLNXIIK,ns,1,20-1,20.0,1000.0,1.0,0.0,True
AY7M9MOLNXIIK,ns,1,20-1,20.0,1000.0,17.0,4954.100000023842,False
AY7M9MOLNXIIK,ns,1,20-1,20.0,1000.0,19.0,6616.799999952316,False
AY7M9MOLNXIIK,ns,2,20-1,20.0,1000.0,1.0,12224.0,False
AY7M9MOLNXIIK,ns,2,20-1,20.0,1000.0,1.0,9305.0,False
AY7M9MOLNXIIK,ns,2,20-1,20.0,1000.0,2.0,2582.0,False
AY7M9MOLNXIIK,ns,2,20-1,20.0,1000.0,1.0,2419.0,False
AY7M9MOLNXIIK,ns,2,20-1,20.0,1000.0,1.0,1653.0,False
AY7M9MOLNXIIK,ns,2,20-1,20.0,1000.0,1.0,0.0,True
AY7M9MOLNXIIK,ns,3,20-1,20.0,1000.0,19.0,1656.0,False
AY7M9MOLNXIIK,ns,3,20-1,20.0,1000.0,2.0,4275.0,False
AY7M9MOLNXIIK,ns,3,20-1,20.0,1000.0,6.0,2883.0,False
AY7M9MOLNXIIK,ns,3,20-1,20.0,1000.0,2.0,5511.0,False
AY7M9MOLNXIIK,ns,3,20-1,20.0,1000.0,19.0,182.0,False
AY7M9MOLNXIIK,ns,3,20-1,20.0,1000.0,20.0,3820.0,False
AY7M9MOLNXIIK,ns,3,20-1,20.0,1000.0,17.0,0.0,True
AY7M9MOLNXIIK,ns,3,20-1,20.0,1000.0,9.0,17698.0,False
AY7M9MOLNXIIK,ns,3,20-1,20.0,1000.0,19.0,1647.0,False
AY7M9MOLNXIIK,ns,3,20-1,20.0,1000.0,20.0,5748.0,False
AY7M9MOLNXIIK,ns,3,20-1,20.0,1000.0,20.0,1373.0,False
AY7M9MOLNXIIK,ns,4,20-1,20.0,1000.0,1.0,2171.0,False
AY7M9MOLNXIIK,ns,4,20-1,20.0,1000.0,1.0,0.0,True
AY7M9MOLNXIIK,ns,4,20-1,20.0,1000.0,1.0,5759.0,False
AY7M9MOLNXIIK,ns,4,20-1,20.0,1000.0,1.0,15847.0,False
AY7M9MOLNXIIK,ns,4,20-1,20.0,1000.0,1.0,16499.0,False
AY7M9MOLNXIIK,ns,4,20-1,20.0,1000.0,1.0,3594.0,False
AY7M9MOLNXIIK,ns,4,20-1,20.0,1000.0,1.0,3529.0,False
